Code INSEE région;Région;Nature;Consommation (MW);Thermique (MW);Nucléaire (MW);Solaire (MW);Hydraulique (MW);Pompage (MW);Bioénergies (MW);Ech. physiques (MW);Stockage batterie;Déstockage batterie;Eolien terrestre;Eolien offshore;TCO Thermique (%);TCH Thermique (%);TCO Nucléaire (%);TCH Nucléaire (%);TCO Eolien (%);TCH Eolien (%);TCO Solaire (%);TCH Solaire (%);TCO Hydraulique (%);TCH Hydraulique (%);TCO Bioénergies (%);TCH Bioénergies (%);Column 30;Date;Heure
11;Île-de-France;Données définitives;9046.5;337.5;0.0;0.0;4.0;0.0;149.5;8454.0;0.0;0.0;100.5;0.0;3.73;15.66;0.0;;1.115;69.31;0.0;0.0;0.04;21.05;1.65;46.285;;2024-01-29;00:00
11;Île-de-France;Données définitives;8418.5;337.0;0.0;0.0;4.0;0.0;145.0;7852.5;0.0;0.0;80.5;0.0;4.005;15.64;0.0;;0.9550000000000001;55.515;0.0;0.0;0.05;21.05;1.72;44.89;;2024-01-29;01:00
11;Île-de-France;Données définitives;7989.5;338.0;0.0;0.0;4.0;0.0;143.5;7454.0;0.0;0.0;51.5;0.0;4.23;15.68;0.0;;0.64;35.515;0.0;0.0;0.05;21.05;1.795;44.425;;2024-01-29;02:00
11;Île-de-France;Données définitives;7752.5;342.0;0.0;0.0;4.0;0.0;142.5;7224.0;0.0;0.0;40.0;0.0;4.415;15.87;0.0;;0.515;27.59;0.0;0.0;0.05;21.05;1.84;44.114999999999995;;2024-01-29;03:00
11;Île-de-France;Données définitives;7659.5;341.0;0.0;0.0;4.0;0.0;144.5;7130.5;0.0;0.0;40.0;0.0;4.45;15.82;0.0;;0.52;27.59;0.0;0.0;0.05;21.05;1.89;44.735;;2024-01-29;04:00
11;Île-de-France;Données définitives;7894.0;339.5;0.0;0.0;4.0;0.0;142.5;7363.0;0.0;0.0;45.5;0.0;4.305;15.754999999999999;0.0;;0.575;31.375;0.0;0.0;0.05;21.05;1.8050000000000002;44.114999999999995;;2024-01-29;05:00
11;Île-de-France;Données définitives;8573.5;340.0;0.0;0.0;4.0;0.0;142.0;8031.0;0.0;0.0;54.5;0.0;3.965;15.78;0.0;;0.635;37.584999999999994;0.0;0.0;0.05;21.05;1.6600000000000001;43.96;;2024-01-29;06:00
11;Île-de-France;Données définitives;9669.0;340.0;0.0;0.0;4.0;0.0;140.0;9127.5;0.0;0.0;55.5;0.0;3.52;15.78;0.0;;0.575;38.275000000000006;0.0;0.0;0.04;21.05;1.4449999999999998;43.34;;2024-01-29;07:00
11;Île-de-France;Données définitives;10584.0;339.0;0.0;0.0;5.0;0.0;138.0;10063.5;0.0;0.0;40.0;0.0;3.2;15.73;0.0;;0.38;27.59;0.0;0.0;0.05;26.32;1.3050000000000002;42.725;;2024-01-29;08:00
11;Île-de-France;Données définitives;10808.0;337.5;0.0;11.0;5.0;0.0;132.0;10287.0;0.0;0.0;38.0;0.0;3.125;15.66;0.0;;0.35;26.21;0.10500000000000001;3.415;0.05;26.32;1.22;40.870000000000005;;2024-01-29;09:00
11;Île-de-France;Données définitives;10745.5;337.5;0.0;40.0;5.0;0.0;132.0;10196.5;0.0;0.0;38.5;0.0;3.1399999999999997;15.66;0.0;;0.36;26.555;0.375;12.425;0.05;26.32;1.225;40.870000000000005;;2024-01-29;10:00
11;Île-de-France;Données définitives;10596.5;337.0;0.0;72.0;6.0;0.0;133.0;10025.0;0.0;0.0;27.5;0.0;3.18;15.64;0.0;;0.26;18.965;0.6799999999999999;22.36;0.06;31.58;1.255;41.18;;2024-01-29;11:00
11;Île-de-France;Données définitives;10448.0;337.5;0.0;98.0;6.0;0.0;134.0;9856.5;0.0;0.0;16.0;0.0;3.2300000000000004;15.66;0.0;;0.15000000000000002;11.035;0.94;30.435000000000002;0.06;31.58;1.2850000000000001;41.489999999999995;;2024-01-29;12:00
11;Île-de-France;Données définitives;10079.0;336.5;0.0;114.5;6.0;0.0;132.5;9467.5;0.0;0.0;21.0;0.0;3.34;15.615;0.0;;0.21000000000000002;14.48;1.14;35.56;0.06;31.58;1.315;41.025;;2024-01-29;13:00
11;Île-de-France;Données définitives;9649.5;335.5;0.0;104.0;6.0;0.0;135.0;9048.0;0.0;0.0;20.5;0.0;3.4749999999999996;15.565;0.0;;0.21500000000000002;14.135;1.075;32.295;0.06;31.58;1.4;41.8;;2024-01-29;14:00
11;Île-de-France;Données définitives;9301.5;340.5;0.0;76.5;6.0;0.0;135.5;8721.5;0.0;0.0;22.0;0.0;3.66;15.8;0.0;;0.24;15.169999999999998;0.8200000000000001;23.759999999999998;0.065;31.58;1.455;41.95;;2024-01-29;15:00
11;Île-de-France;Données définitives;9117.0;340.0;0.0;43.5;6.0;0.0;136.0;8578.0;0.0;0.0;14.0;0.0;3.7300000000000004;15.78;0.0;;0.15000000000000002;9.655000000000001;0.475;13.510000000000002;0.07;31.58;1.495;42.105000000000004;;2024-01-29;16:00
11;Île-de-France;Données définitives;9289.5;337.5;0.0;11.0;6.0;0.0;136.5;8783.5;0.0;0.0;15.5;0.0;3.635;15.66;0.0;;0.165;10.690000000000001;0.11499999999999999;3.415;0.065;31.58;1.47;42.26;;2024-01-29;17:00
11;Île-de-France;Données définitives;9891.5;334.5;0.0;0.0;6.5;0.0;135.5;9386.0;0.0;0.0;30.0;0.0;3.38;15.524999999999999;0.0;;0.305;20.689999999999998;0.0;0.0;0.065;34.21;1.37;41.955;;2024-01-29;18:00
11;Île-de-France;Données définitives;10428.0;342.0;0.0;0.0;7.0;0.0;137.0;9899.0;0.0;0.0;43.5;0.0;3.28;15.870000000000001;0.0;;0.42;30.0;0.0;0.0;0.07;36.84;1.315;42.415;;2024-01-29;19:00
11;Île-de-France;Données définitives;10229.0;343.0;0.0;0.0;7.0;0.0;140.0;9687.0;0.0;0.0;53.0;0.0;3.355;15.92;0.0;;0.52;36.55;0.0;0.0;0.07;36.84;1.37;43.34;;2024-01-29;20:00
11;Île-de-France;Données définitives;9566.0;343.0;0.0;0.0;7.0;0.0;141.5;9023.0;0.0;0.0;52.5;0.0;3.59;15.92;0.0;;0.55;36.205;0.0;0.0;0.07;36.84;1.48;43.80500000000001;;2024-01-29;21:00
11;Île-de-France;Données définitives;8912.5;344.0;0.0;0.0;7.0;0.0;140.5;8363.5;0.0;0.0;60.0;0.0;3.86;15.96;0.0;;0.6699999999999999;41.379999999999995;0.0;0.0;0.08;36.84;1.5750000000000002;43.495000000000005;;2024-01-29;22:00
11;Île-de-France;Données définitives;8895.0;343.0;0.0;0.0;7.0;0.0;139.0;8337.0;0.0;0.0;69.5;0.0;3.855;15.92;0.0;;0.78;47.935;0.0;0.0;0.08;36.84;1.56;43.03;;2024-01-29;23:00
11;Île-de-France;Données définitives;8251.5;332.5;0.0;0.0;3.0;0.0;136.5;7707.0;0.0;0.0;75.0;0.0;4.03;15.43;0.0;;0.91;51.72;0.0;0.0;0.04;15.79;1.6549999999999998;42.26;;2024-02-14;00:00
11;Île-de-France;Données définitives;7496.5;334.0;0.0;0.0;3.0;0.0;135.5;6939.0;0.0;0.0;88.0;0.0;4.46;15.5;0.0;;1.1749999999999998;60.69;0.0;0.0;0.04;15.79;1.81;41.955;;2024-02-14;01:00
11;Île-de-France;Données définitives;7048.5;334.0;0.0;0.0;3.0;0.0;131.0;6507.0;0.0;0.0;71.5;0.0;4.74;15.5;0.0;;1.01;49.31;0.0;0.0;0.04;15.79;1.855;40.56;;2024-02-14;02:00
11;Île-de-France;Données définitives;6759.0;333.5;0.0;0.0;3.0;0.0;132.0;6241.5;0.0;0.0;49.0;0.0;4.9350000000000005;15.475;0.0;;0.7250000000000001;33.79;0.0;0.0;0.04;15.79;1.9549999999999998;40.870000000000005;;2024-02-14;03:00
11;Île-de-France;Données définitives;6606.0;334.0;0.0;0.0;3.0;0.0;139.5;6083.5;0.0;0.0;47.5;0.0;5.055;15.5;0.0;;0.72;32.754999999999995;0.0;0.0;0.05;15.79;2.11;43.185;;2024-02-14;04:00
11;Île-de-France;Données définitives;6782.0;334.0;0.0;0.0;3.0;0.0;132.0;6267.0;0.0;0.0;46.0;0.0;4.925;15.5;0.0;;0.675;31.725;0.0;0.0;0.04;15.79;1.9449999999999998;40.870000000000005;;2024-02-14;05:00
11;Île-de-France;Données définitives;7365.5;329.5;0.0;0.0;3.0;0.0;131.0;6842.5;0.0;0.0;58.5;0.0;4.48;15.29;0.0;;0.795;40.345;0.0;0.0;0.04;15.79;1.78;40.56;;2024-02-14;06:00
11;Île-de-France;Données définitives;8185.0;331.5;0.0;0.0;3.0;0.0;135.0;7646.0;0.0;0.0;69.5;0.0;4.055;15.379999999999999;0.0;;0.8500000000000001;47.93;0.0;0.0;0.04;15.79;1.65;41.795;;2024-02-14;07:00
11;Île-de-France;Données définitives;8819.0;332.5;0.0;0.0;3.0;0.0;135.0;8268.5;0.0;0.0;79.5;0.0;3.77;15.43;0.0;;0.905;54.825;0.0;0.0;0.03;15.79;1.53;41.8;;2024-02-14;08:00
11;Île-de-France;Données définitives;9167.5;325.0;0.0;4.5;3.0;0.0;135.0;8626.5;0.0;0.0;76.5;0.0;3.545;15.08;0.0;;0.835;52.754999999999995;0.05;1.395;0.03;15.79;1.47;41.795;;2024-02-14;09:00
11;Île-de-France;Données définitives;9241.0;317.5;0.0;15.5;3.0;0.0;132.5;8702.0;0.0;0.0;73.5;0.0;3.435;14.735;0.0;;0.795;50.69;0.16999999999999998;4.815;0.03;15.79;1.435;41.025;;2024-02-14;10:00
11;Île-de-France;Données définitives;9254.5;322.0;0.0;27.5;3.0;0.0;131.5;8699.5;0.0;0.0;71.0;0.0;3.4800000000000004;14.94;0.0;;0.77;48.965;0.29500000000000004;8.54;0.03;15.79;1.42;40.715;;2024-02-14;11:00
11;Île-de-France;Données définitives;9406.0;331.0;0.0;29.5;3.0;0.0;133.5;8817.0;0.0;0.0;89.0;0.0;3.52;15.36;0.0;;0.9450000000000001;61.379999999999995;0.315;9.165;0.03;15.79;1.42;41.334999999999994;;2024-02-14;12:00
11;Île-de-France;Données définitives;9253.0;330.5;0.0;43.0;3.0;0.0;138.5;8660.5;0.0;0.0;81.0;0.0;3.575;15.335;0.0;;0.875;55.86;0.465;13.355;0.03;15.79;1.495;42.875;;2024-02-14;13:00
11;Île-de-France;Données définitives;8993.5;328.5;0.0;63.0;3.0;0.0;140.0;8390.5;0.0;0.0;67.0;0.0;3.6550000000000002;15.245000000000001;0.0;;0.745;46.21;0.7;19.564999999999998;0.03;15.79;1.5550000000000002;43.34;;2024-02-14;14:00
11;Île-de-France;Données définitives;8682.0;328.0;0.0;61.0;3.0;0.0;140.0;8088.0;0.0;0.0;59.0;0.0;3.7750000000000004;15.219999999999999;0.0;;0.6799999999999999;40.69;0.7050000000000001;18.945;0.03;15.79;1.615;43.34;;2024-02-14;15:00
11;Île-de-France;Données définitives;8416.0;329.0;0.0;35.0;3.0;0.0;147.0;7862.5;0.0;0.0;39.5;0.0;3.91;15.27;0.0;;0.465;27.240000000000002;0.41500000000000004;10.87;0.04;15.79;1.75;45.510000000000005;;2024-02-14;16:00
11;Île-de-France;Données définitives;8464.5;328.0;0.0;14.5;3.0;0.0;144.5;7947.5;0.0;0.0;28.0;0.0;3.875;15.219999999999999;0.0;;0.33;19.31;0.175;4.505;0.04;15.79;1.705;44.735;;2024-02-14;17:00
11;Île-de-France;Données définitives;8766.0;329.0;0.0;1.5;3.0;0.0;139.5;8257.5;0.0;0.0;36.5;0.0;3.755;15.27;0.0;;0.415;25.174999999999997;0.015;0.465;0.03;15.79;1.595;43.185;;2024-02-14;18:00
11;Île-de-France;Données définitives;9232.0;329.5;0.0;0.0;3.0;0.0;140.5;8711.5;0.0;0.0;47.0;0.0;3.5700000000000003;15.29;0.0;;0.51;32.415;0.0;0.0;0.03;15.79;1.525;43.495000000000005;;2024-02-14;19:00
11;Île-de-France;Données définitives;9123.5;330.0;0.0;0.0;3.0;0.0;141.0;8589.0;0.0;0.0;61.0;0.0;3.615;15.31;0.0;;0.6699999999999999;42.07;0.0;0.0;0.03;15.79;1.545;43.650000000000006;;2024-02-14;20:00
11;Île-de-France;Données définitives;8465.0;331.0;0.0;0.0;3.0;0.0;142.5;7912.0;0.0;0.0;75.0;0.0;3.91;15.36;0.0;;0.885;51.725;0.0;0.0;0.035;15.79;1.685;44.114999999999995;;2024-02-14;21:00
11;Île-de-France;Données définitives;8032.5;330.5;0.0;0.0;3.0;0.0;141.5;7478.0;0.0;0.0;79.5;0.0;4.115;15.335;0.0;;0.99;54.825;0.0;0.0;0.04;15.79;1.76;43.805;;2024-02-14;22:00
11;Île-de-France;Données définitives;8054.5;331.0;0.0;0.0;3.0;0.0;143.0;7507.5;0.0;0.0;72.0;0.0;4.109999999999999;15.36;0.0;;0.895;49.655;0.0;0.0;0.04;15.79;1.775;44.269999999999996;;2024-02-14;23:00
11;Île-de-France;Données définitives;7895.5;295.0;0.0;0.0;0.0;0.0;129.0;7450.5;0.0;0.0;20.5;0.0;3.74;13.690000000000001;0.0;;0.26;14.135;0.0;0.0;0.0;0.0;1.635;39.94;;2024-03-14;00:00
11;Île-de-France;Données définitives;7273.0;285.0;0.0;0.0;0.0;0.0;129.0;6842.5;0.0;0.0;15.0;0.0;3.92;13.23;0.0;;0.21000000000000002;10.344999999999999;0.0;0.0;0.0;0.0;1.775;39.94;;2024-03-14;01:00
11;Île-de-France;Données définitives;6862.0;286.0;0.0;0.0;0.0;0.0;128.5;6435.5;0.0;0.0;11.5;0.0;4.165;13.27;0.0;;0.165;7.935;0.0;0.0;0.0;0.0;1.875;39.785;;2024-03-14;02:00
11;Île-de-France;Données définitives;6597.5;286.0;0.0;0.0;0.0;0.0;127.0;6172.5;0.0;0.0;7.0;0.0;4.335;13.27;0.0;;0.11000000000000001;4.83;0.0;0.0;0.0;0.0;1.9249999999999998;39.32;;2024-03-14;03:00
11;Île-de-France;Données définitives;6536.5;286.0;0.0;0.0;0.0;0.0;127.5;6115.0;0.0;0.0;5.0;0.0;4.38;13.27;0.0;;0.08;3.45;0.0;0.0;0.0;0.0;1.95;39.475;;2024-03-14;04:00
11;Île-de-France;Données définitives;6821.0;286.0;0.0;0.0;0.0;0.0;121.5;6409.5;0.0;0.0;7.5;0.0;4.195;13.27;0.0;;0.10500000000000001;5.175;0.0;0.0;0.0;0.0;1.78;37.614999999999995;;2024-03-14;05:00
11;Île-de-France;Données définitives;7457.5;285.5;0.0;0.0;0.0;0.0;126.5;7035.5;0.0;0.0;15.0;0.0;3.835;13.25;0.0;;0.2;10.345;0.0;0.0;0.0;0.0;1.7000000000000002;39.165000000000006;;2024-03-14;06:00
11;Île-de-France;Données définitives;8359.5;422.5;0.0;0.5;0.0;0.0;124.0;7794.0;0.0;0.0;22.5;0.0;5.015000000000001;19.61;0.0;;0.27;15.514999999999999;0.005;0.155;0.0;0.0;1.4849999999999999;38.39;;2024-03-14;07:00
11;Île-de-France;Données définitives;9088.0;1186.5;0.0;24.0;0.0;0.0;125.5;7729.5;0.0;0.0;28.5;0.0;13.04;55.06;0.0;;0.315;19.655;0.26;7.455;0.0;0.0;1.38;38.855000000000004;;2024-03-14;08:00
11;Île-de-France;Données définitives;9126.0;1215.5;0.0;84.5;0.0;0.0;126.0;7683.0;0.0;0.0;23.5;0.0;13.315;56.405;0.0;;0.26;16.205;0.925;26.244999999999997;0.0;0.0;1.385;39.010000000000005;;2024-03-14;09:00
11;Île-de-France;Données définitives;8823.5;345.0;0.0;144.5;0.0;0.0;128.5;8196.5;0.0;0.0;7.5;0.0;3.9000000000000004;16.01;0.0;;0.08499999999999999;5.175;1.6400000000000001;44.875;0.0;0.0;1.455;39.785;;2024-03-14;10:00
11;Île-de-France;Données définitives;8517.5;278.0;0.0;185.0;0.0;0.0;127.0;7918.5;0.0;0.0;4.0;0.0;3.2649999999999997;12.899999999999999;0.0;;0.05;2.76;2.17;57.455;0.0;0.0;1.49;39.32;;2024-03-14;11:00
11;Île-de-France;Données définitives;8449.5;277.5;0.0;198.5;0.0;0.0;132.5;7834.5;0.0;0.0;6.0;0.0;3.285;12.879999999999999;0.0;;0.07;4.140000000000001;2.3499999999999996;61.644999999999996;0.0;0.0;1.565;41.025;;2024-03-14;12:00
11;Île-de-France;Données définitives;8218.0;276.5;0.0;195.5;0.0;0.0;128.5;7602.0;0.0;0.0;14.5;0.0;3.365;12.83;0.0;;0.18;10.0;2.38;60.715;0.0;0.0;1.565;39.785;;2024-03-14;13:00
11;Île-de-France;Données définitives;7919.5;273.5;0.0;171.0;0.0;0.0;134.5;7326.5;0.0;0.0;17.0;0.0;3.455;12.695;0.0;;0.21500000000000002;11.719999999999999;2.16;53.105000000000004;0.0;0.0;1.7;41.644999999999996;;2024-03-14;14:00
11;Île-de-France;Données définitives;7619.5;278.0;0.0;137.0;0.0;0.0;132.5;7059.5;0.0;0.0;18.5;0.0;3.645;12.899999999999999;0.0;;0.245;12.754999999999999;1.7999999999999998;42.545;0.0;0.0;1.74;41.025;;2024-03-14;15:00
11;Île-de-France;Données définitives;7427.0;236.5;0.0;104.5;0.0;0.0;132.0;6924.5;0.0;0.0;25.5;0.0;3.18;10.975000000000001;0.0;;0.345;17.585;1.405;32.455;0.0;0.0;1.78;40.870000000000005;;2024-03-14;16:00
11;Île-de-France;Données définitives;7485.0;177.0;0.0;54.0;0.0;0.0;130.0;7101.5;0.0;0.0;19.5;0.0;2.365;8.215;0.0;;0.26;13.445;0.72;16.77;0.0;0.0;1.7349999999999999;40.25;;2024-03-14;17:00
11;Île-de-France;Données définitives;7871.0;179.5;0.0;26.0;0.0;0.0;128.5;7509.5;0.0;0.0;26.5;0.0;2.2800000000000002;8.33;0.0;;0.33499999999999996;18.275;0.335;8.075;0.0;0.0;1.63;39.785;;2024-03-14;18:00
11;Île-de-France;Données définitives;8604.5;181.0;0.0;2.0;0.0;0.0;128.5;8248.0;0.0;0.0;44.5;0.0;2.105;8.4;0.0;;0.52;30.689999999999998;0.025;0.62;0.0;0.0;1.49;39.785;;2024-03-14;19:00
11;Île-de-France;Données définitives;8357.0;182.0;0.0;0.0;0.0;0.0;128.0;7974.0;0.0;0.0;76.0;0.0;2.18;8.45;0.0;;0.9099999999999999;52.415;0.0;0.0;0.0;0.0;1.53;39.629999999999995;;2024-03-14;20:00
11;Île-de-France;Données définitives;7738.5;187.0;0.0;0.0;0.0;0.0;118.5;7360.0;0.0;0.0;77.0;0.0;2.42;8.68;0.0;;0.995;53.1;0.0;0.0;0.0;0.0;1.5350000000000001;36.685;;2024-03-14;21:00
11;Île-de-France;Données définitives;7320.5;188.0;0.0;0.0;0.0;0.0;119.0;6936.0;0.0;0.0;78.5;0.0;2.565;8.72;0.0;;1.0750000000000002;54.135;0.0;0.0;0.0;0.0;1.625;36.84;;2024-03-14;22:00
11;Île-de-France;Données définitives;7333.0;186.5;0.0;0.0;0.0;0.0;126.0;6926.0;0.0;0.0;96.5;0.0;2.545;8.65;0.0;;1.32;66.555;0.0;0.0;0.0;0.0;1.7149999999999999;39.01;;2024-03-14;23:00
11;Île-de-France;Données définitives;7129.0;0.0;0.0;0.0;1.0;0.0;118.0;6971.0;0.0;0.0;41.0;0.0;0.0;0.0;0.0;;0.575;28.28;0.0;0.0;0.01;5.26;1.6549999999999998;36.53;;2024-04-17;00:00
11;Île-de-France;Données définitives;6460.5;0.0;0.0;0.0;1.0;0.0;118.5;6291.0;0.0;0.0;54.0;0.0;0.0;0.0;0.0;;0.835;37.24;0.0;0.0;0.02;5.26;1.835;36.685;;2024-04-17;01:00
11;Île-de-France;Données définitives;6061.5;0.0;0.0;0.0;1.0;0.0;120.5;5891.0;0.0;0.0;54.0;0.0;0.0;0.0;0.0;;0.89;37.239999999999995;0.0;0.0;0.02;5.26;1.9849999999999999;37.305;;2024-04-17;02:00
11;Île-de-France;Données définitives;5814.0;0.0;0.0;0.0;1.0;0.0;121.5;5640.0;0.0;0.0;56.0;0.0;0.0;0.0;0.0;;0.965;38.620000000000005;0.0;0.0;0.02;5.26;2.09;37.615;;2024-04-17;03:00
11;Île-de-France;Données définitives;5784.5;0.0;0.0;0.0;1.0;0.0;122.5;5623.0;0.0;0.0;42.5;0.0;0.0;0.0;0.0;;0.735;29.310000000000002;0.0;0.0;0.02;5.26;2.12;37.925;;2024-04-17;04:00
11;Île-de-France;Données définitives;5976.0;0.0;0.0;0.0;1.0;0.0;117.5;5821.5;0.0;0.0;42.0;0.0;0.0;0.0;0.0;;0.705;28.97;0.0;0.0;0.02;5.26;1.9649999999999999;36.375;;2024-04-17;05:00
11;Île-de-France;Données définitives;6537.0;0.0;0.0;0.0;1.0;0.0;116.5;6379.5;0.0;0.0;47.0;0.0;0.0;0.0;0.0;;0.72;32.41;0.0;0.0;0.015;5.26;1.7850000000000001;36.065;;2024-04-17;06:00
11;Île-de-France;Données définitives;7201.5;0.0;0.0;1.0;1.0;0.0;115.5;7047.5;0.0;0.0;39.5;0.0;0.0;0.0;0.0;;0.55;27.244999999999997;0.015;0.31;0.01;5.26;1.605;35.754999999999995;;2024-04-17;07:00
11;Île-de-France;Données définitives;7904.0;0.0;0.0;19.0;1.0;0.0;113.5;7737.5;0.0;0.0;36.0;0.0;0.0;0.0;0.0;;0.45499999999999996;24.83;0.24000000000000002;5.905;0.01;5.26;1.435;35.135;;2024-04-17;08:00
11;Île-de-France;Données définitives;8199.5;0.0;0.0;53.5;1.0;0.0;117.5;8014.0;0.0;0.0;18.5;0.0;0.0;0.0;0.0;;0.22499999999999998;12.754999999999999;0.655;16.615000000000002;0.01;5.26;1.435;36.375;;2024-04-17;09:00
11;Île-de-France;Données définitives;8157.0;0.0;0.0;113.0;1.0;0.0;110.5;7909.0;0.0;0.0;26.0;0.0;0.0;0.0;0.0;;0.32;17.93;1.385;35.095;0.01;5.26;1.355;34.21;;2024-04-17;10:00
11;Île-de-France;Données définitives;8096.5;0.0;0.0;183.5;1.0;0.0;106.5;7780.0;0.0;0.0;31.0;0.0;0.0;0.0;0.0;;0.38;21.38;2.2649999999999997;56.985;0.01;5.26;1.315;32.974999999999994;;2024-04-17;11:00
11;Île-de-France;Données définitives;8153.0;0.0;0.0;208.5;1.0;0.0;108.0;7813.0;0.0;0.0;28.0;0.0;0.0;0.0;0.0;;0.33999999999999997;19.31;2.56;64.75;0.01;5.26;1.3250000000000002;33.44;;2024-04-17;12:00
11;Île-de-France;Données définitives;8169.0;0.0;0.0;164.0;1.0;0.0;113.5;7868.0;0.0;0.0;27.5;0.0;0.0;0.0;0.0;;0.335;18.965;2.005;50.935;0.01;5.26;1.3900000000000001;35.14;;2024-04-17;13:00
11;Île-de-France;Données définitives;7964.5;0.0;0.0;133.5;1.0;0.0;121.5;7660.5;0.0;0.0;52.0;0.0;0.0;0.0;0.0;;0.655;35.864999999999995;1.6749999999999998;41.455;0.01;5.26;1.525;37.614999999999995;;2024-04-17;14:00
11;Île-de-France;Données définitives;7830.5;0.0;0.0;109.0;1.0;0.0;121.0;7523.0;0.0;0.0;79.0;0.0;0.0;0.0;0.0;;1.01;54.480000000000004;1.3900000000000001;33.849999999999994;0.01;5.26;1.545;37.46;;2024-04-17;15:00
11;Île-de-France;Données définitives;7699.5;0.0;0.0;99.5;1.0;0.0;121.5;7401.0;0.0;0.0;81.5;0.0;0.0;0.0;0.0;;1.06;56.205;1.29;30.9;0.01;5.26;1.58;37.615;;2024-04-17;16:00
11;Île-de-France;Données définitives;7761.5;0.0;0.0;76.0;1.0;0.0;125.5;7496.0;0.0;0.0;66.0;0.0;0.0;0.0;0.0;;0.855;45.519999999999996;0.98;23.6;0.01;5.26;1.62;38.855000000000004;;2024-04-17;17:00
11;Île-de-France;Données définitives;7880.0;0.0;0.0;49.0;1.0;0.0;129.0;7634.5;0.0;0.0;69.5;0.0;0.0;0.0;0.0;;0.885;47.93;0.62;15.215;0.01;5.26;1.635;39.94;;2024-04-17;18:00
11;Île-de-France;Données définitives;8102.0;218.0;0.0;23.5;1.0;0.0;131.5;7677.0;0.0;0.0;54.0;0.0;2.7;10.115;0.0;;0.665;37.245000000000005;0.29000000000000004;7.3;0.01;5.26;1.625;40.715;;2024-04-17;19:00
11;Île-de-France;Données définitives;8306.5;867.5;0.0;9.0;1.0;0.0;131.5;7244.5;0.0;0.0;56.5;0.0;10.44;40.254999999999995;0.0;;0.6799999999999999;38.965;0.11;2.795;0.01;5.26;1.58;40.715;;2024-04-17;20:00
11;Île-de-France;Données définitives;8198.5;887.0;0.0;0.0;1.0;0.0;132.0;7143.0;0.0;0.0;37.5;0.0;10.82;41.16;0.0;;0.45999999999999996;25.865000000000002;0.0;0.0;0.01;5.26;1.61;40.870000000000005;;2024-04-17;21:00
11;Île-de-France;Données définitives;7939.0;595.5;0.0;0.0;1.0;0.0;134.0;7168.0;0.0;0.0;39.5;0.0;7.5;27.634999999999998;0.0;;0.5;27.245;0.0;0.0;0.01;5.26;1.69;41.489999999999995;;2024-04-17;22:00
11;Île-de-France;Données définitives;8007.0;560.0;0.0;0.0;1.0;0.0;133.5;7268.0;0.0;0.0;45.5;0.0;6.995;25.985;0.0;;0.5700000000000001;31.38;0.0;0.0;0.01;5.26;1.67;41.335;;2024-04-17;23:00
11;Île-de-France;Données définitives;5654.0;0.0;0.0;0.0;5.0;0.0;108.0;5501.5;0.0;0.0;43.5;0.0;0.0;0.0;0.0;;0.77;30.0;0.0;0.0;0.09;26.32;1.91;33.44;;2024-05-13;00:00
11;Île-de-France;Données définitives;5084.5;0.0;0.0;0.0;5.0;0.0;110.0;4935.0;0.0;0.0;38.5;0.0;0.0;0.0;0.0;;0.76;26.555;0.0;0.0;0.1;26.32;2.165;34.06;;2024-05-13;01:00
11;Île-de-France;Données définitives;4674.0;0.0;0.0;0.0;5.0;0.0;112.5;4524.0;0.0;0.0;37.0;0.0;0.0;0.0;0.0;;0.79;25.52;0.0;0.0;0.11;26.32;2.41;34.825;;2024-05-13;02:00
11;Île-de-France;Données définitives;4370.0;0.0;0.0;0.0;5.0;0.0;113.0;4225.5;0.0;0.0;31.5;0.0;0.0;0.0;0.0;;0.72;21.725;0.0;0.0;0.11;26.32;2.585;34.980000000000004;;2024-05-13;03:00
11;Île-de-France;Données définitives;4239.5;0.0;0.0;0.0;5.0;0.0;113.0;4102.0;0.0;0.0;24.5;0.0;0.0;0.0;0.0;;0.58;16.895;0.0;0.0;0.12;26.32;2.665;34.980000000000004;;2024-05-13;04:00
11;Île-de-France;Données définitives;4367.5;0.0;0.0;0.0;5.0;0.0;115.5;4225.5;0.0;0.0;27.0;0.0;0.0;0.0;0.0;;0.62;18.619999999999997;0.0;0.0;0.11499999999999999;26.32;2.65;35.754999999999995;;2024-05-13;05:00
11;Île-de-France;Données définitives;4832.5;0.0;0.0;0.0;5.0;0.0;109.0;4704.5;0.0;0.0;17.5;0.0;0.0;0.0;0.0;;0.37;12.07;0.0;0.0;0.10500000000000001;26.32;2.26;33.75;;2024-05-13;06:00
11;Île-de-France;Données définitives;5787.5;0.0;0.0;4.5;5.0;0.0;108.0;5655.5;0.0;0.0;18.0;0.0;0.0;0.0;0.0;;0.31;12.41;0.08;1.395;0.08499999999999999;26.32;1.87;33.44;;2024-05-13;07:00
11;Île-de-France;Données définitives;6579.0;0.0;0.0;19.0;5.0;0.0;104.5;6446.0;0.0;0.0;12.5;0.0;0.0;0.0;0.0;;0.19;8.620000000000001;0.29;5.9;0.07500000000000001;26.32;1.5899999999999999;32.355000000000004;;2024-05-13;08:00
11;Île-de-France;Données définitives;6880.5;0.0;0.0;46.5;5.0;0.0;98.5;6725.0;0.0;0.0;11.0;0.0;0.0;0.0;0.0;;0.16;7.59;0.675;14.440000000000001;0.07;26.32;1.435;30.495;;2024-05-13;09:00
11;Île-de-France;Données définitives;6961.5;0.0;0.0;87.0;5.5;0.0;94.5;6765.0;0.0;0.0;15.5;0.0;0.0;0.0;0.0;;0.225;10.684999999999999;1.25;27.02;0.08;28.95;1.355;29.255000000000003;;2024-05-13;10:00
11;Île-de-France;Données définitives;6983.0;0.0;0.0;137.0;6.0;0.0;95.5;6732.0;0.0;0.0;18.5;0.0;0.0;0.0;0.0;;0.265;12.754999999999999;1.9649999999999999;42.545;0.09;31.58;1.37;29.564999999999998;;2024-05-13;11:00
11;Île-de-France;Données définitives;7167.0;0.0;0.0;94.5;5.5;0.0;99.5;6953.0;0.0;0.0;15.5;0.0;0.0;0.0;0.0;;0.215;10.690000000000001;1.32;29.345000000000002;0.07500000000000001;28.95;1.39;30.805;;2024-05-13;12:00
11;Île-de-France;Données définitives;7158.0;0.0;0.0;64.0;5.5;0.0;111.5;6969.0;0.0;0.0;10.5;0.0;0.0;0.0;0.0;;0.14500000000000002;7.245;0.895;19.875;0.07500000000000001;28.95;1.56;34.519999999999996;;2024-05-13;13:00
11;Île-de-France;Données définitives;6950.5;0.0;0.0;66.5;6.0;0.0;114.5;6761.0;0.0;0.0;6.5;0.0;0.0;0.0;0.0;;0.09;4.484999999999999;0.96;20.65;0.09;31.58;1.645;35.445;;2024-05-13;14:00
11;Île-de-France;Données définitives;6744.0;0.0;0.0;112.0;6.0;0.0;116.5;6504.5;0.0;0.0;8.0;0.0;0.0;0.0;0.0;;0.115;5.52;1.665;34.78;0.09;31.58;1.73;36.065;;2024-05-13;15:00
11;Île-de-France;Données définitives;6579.0;0.0;0.0;174.0;6.0;0.0;124.5;6262.5;0.0;0.0;16.0;0.0;0.0;0.0;0.0;;0.24;11.035;2.645;54.04;0.09;31.58;1.8900000000000001;38.545;;2024-05-13;16:00
11;Île-de-France;Données définitives;6612.0;0.0;0.0;158.0;6.5;0.0;117.5;6312.0;0.0;0.0;19.0;0.0;0.0;0.0;0.0;;0.29;13.1;2.3899999999999997;49.065;0.1;34.21;1.775;36.375;;2024-05-13;17:00
11;Île-de-France;Données définitives;6642.0;0.0;0.0;129.5;7.0;0.0;120.5;6367.0;0.0;0.0;21.5;0.0;0.0;0.0;0.0;;0.325;14.825;1.95;40.215;0.11;36.84;1.815;37.305;;2024-05-13;18:00
11;Île-de-France;Données définitives;6921.5;0.0;0.0;77.0;7.0;0.0;116.5;6705.5;0.0;0.0;18.5;0.0;0.0;0.0;0.0;;0.27;12.754999999999999;1.115;23.915;0.1;36.84;1.685;36.065;;2024-05-13;19:00
11;Île-de-France;Données définitives;6952.0;0.0;0.0;26.5;7.0;0.0;115.5;6789.5;0.0;0.0;17.5;0.0;0.0;0.0;0.0;;0.255;12.065000000000001;0.38;8.23;0.1;36.84;1.665;35.754999999999995;;2024-05-13;20:00
11;Île-de-France;Données définitives;6559.5;0.0;0.0;3.0;7.0;0.0;118.5;6414.0;0.0;0.0;24.0;0.0;0.0;0.0;0.0;;0.365;16.55;0.05;0.93;0.11;36.84;1.8050000000000002;36.685;;2024-05-13;21:00
11;Île-de-France;Données définitives;6420.0;0.0;0.0;0.0;7.0;0.0;115.0;6290.0;0.0;0.0;18.0;0.0;0.0;0.0;0.0;;0.28;12.41;0.0;0.0;0.11;36.84;1.795;35.599999999999994;;2024-05-13;22:00
11;Île-de-France;Données définitives;6435.5;0.0;0.0;0.0;7.0;0.0;116.5;6306.5;0.0;0.0;10.5;0.0;0.0;0.0;0.0;;0.165;7.245;0.0;0.0;0.11;36.84;1.81;36.065;;2024-05-13;23:00
11;Île-de-France;Données définitives;5786.5;0.0;0.0;0.0;13.0;0.0;105.5;5648.0;0.0;0.0;22.5;0.0;0.0;0.0;0.0;;0.385;15.514999999999999;0.0;0.0;0.225;68.42;1.8250000000000002;32.665;;2024-06-11;00:00
11;Île-de-France;Données définitives;5081.5;0.0;0.0;0.0;13.0;0.0;104.0;4954.0;0.0;0.0;16.5;0.0;0.0;0.0;0.0;;0.32499999999999996;11.375;0.0;0.0;0.255;68.42;2.05;32.2;;2024-06-11;01:00
11;Île-de-France;Données définitives;4643.0;0.0;0.0;0.0;13.0;0.0;104.0;4505.0;0.0;0.0;22.5;0.0;0.0;0.0;0.0;;0.485;15.515;0.0;0.0;0.28;68.42;2.24;32.2;;2024-06-11;02:00
11;Île-de-France;Données définitives;4434.5;0.0;0.0;0.0;13.0;0.0;101.5;4295.5;0.0;0.0;25.5;0.0;0.0;0.0;0.0;;0.575;17.585;0.0;0.0;0.295;68.42;2.29;31.424999999999997;;2024-06-11;03:00
11;Île-de-France;Données définitives;4346.0;0.0;0.0;0.0;13.0;0.0;105.5;4209.5;0.0;0.0;20.5;0.0;0.0;0.0;0.0;;0.47;14.135;0.0;0.0;0.3;68.42;2.43;32.665;;2024-06-11;04:00
11;Île-de-France;Données définitives;4509.5;0.0;0.0;0.0;13.0;0.0;106.5;4377.0;0.0;0.0;15.0;0.0;0.0;0.0;0.0;;0.33499999999999996;10.344999999999999;0.0;0.0;0.28500000000000003;68.42;2.365;32.975;;2024-06-11;05:00
11;Île-de-France;Données définitives;4961.5;0.0;0.0;2.0;13.0;0.0;108.0;4826.0;0.0;0.0;14.5;0.0;0.0;0.0;0.0;;0.29500000000000004;10.0;0.04;0.62;0.26;68.42;2.1799999999999997;33.44;;2024-06-11;06:00
11;Île-de-France;Données définitives;5816.5;75.5;0.0;19.0;12.5;0.0;106.0;5594.0;0.0;0.0;10.0;0.0;1.2599999999999998;3.505;0.0;;0.175;6.9;0.32;5.9;0.22;65.78999999999999;1.825;32.82;;2024-06-11;07:00
11;Île-de-France;Données définitives;6617.5;165.0;0.0;58.0;12.0;0.0;109.5;6269.0;0.0;0.0;4.0;0.0;2.475;7.655;0.0;;0.06;2.76;0.87;18.015;0.185;63.16;1.655;33.905;;2024-06-11;08:00
11;Île-de-France;Données définitives;6855.0;180.0;0.0;103.0;13.0;0.0;108.0;6451.0;0.0;0.0;0.0;0.0;2.625;8.355;0.0;;0.0;0.0;1.5;31.985;0.19;68.42;1.5750000000000002;33.44;;2024-06-11;09:00
11;Île-de-France;Données définitives;6988.0;182.5;0.0;153.5;13.0;0.0;104.0;6537.0;0.0;0.0;0.0;0.0;2.61;8.469999999999999;0.0;;0.0;0.0;2.2;47.67;0.19;68.42;1.4849999999999999;32.2;;2024-06-11;10:00
11;Île-de-France;Données définitives;6995.0;184.5;0.0;157.5;13.0;0.0;109.0;6528.5;0.0;0.0;0.0;0.0;2.635;8.559999999999999;0.0;;0.0;0.0;2.25;48.91;0.19;68.42;1.5550000000000002;33.75;;2024-06-11;11:00
11;Île-de-France;Données définitives;7131.0;185.5;0.0;182.0;13.0;0.0;99.0;6653.0;0.0;0.0;0.5;0.0;2.5999999999999996;8.605;0.0;;0.005;0.345;2.5549999999999997;56.519999999999996;0.18;68.42;1.39;30.65;;2024-06-11;12:00
11;Île-de-France;Données définitives;7148.0;185.0;0.0;182.0;13.0;0.0;97.5;6669.5;0.0;0.0;2.5;0.0;2.585;8.58;0.0;;0.034999999999999996;1.7249999999999999;2.55;56.525;0.18;68.42;1.365;30.185;;2024-06-11;13:00
11;Île-de-France;Données définitives;6933.0;176.5;0.0;141.5;13.0;0.0;87.5;6495.5;0.0;0.0;20.0;0.0;2.545;8.190000000000001;0.0;;0.29000000000000004;13.795;2.04;43.945;0.19;68.42;1.2650000000000001;27.085;;2024-06-11;14:00
11;Île-de-France;Données définitives;6696.0;132.0;0.0;166.5;13.0;0.0;97.5;6271.0;0.0;0.0;16.5;0.0;1.97;6.125;0.0;;0.245;11.379999999999999;2.49;51.705;0.195;68.42;1.455;30.185000000000002;;2024-06-11;15:00
11;Île-de-France;Données définitives;6554.5;128.5;0.0;142.0;13.0;0.0;109.0;6126.5;0.0;0.0;36.0;0.0;1.96;5.965;0.0;;0.545;24.83;2.165;44.1;0.2;68.42;1.6600000000000001;33.745000000000005;;2024-06-11;16:00
11;Île-de-France;Données définitives;6557.5;73.5;0.0;89.5;13.0;0.0;111.0;6259.0;0.0;0.0;11.5;0.0;1.125;3.41;0.0;;0.175;7.935;1.365;27.795;0.2;68.42;1.6949999999999998;34.37;;2024-06-11;17:00
11;Île-de-France;Données définitives;6662.0;65.0;0.0;82.0;13.0;0.0;112.0;6365.5;0.0;0.0;26.0;0.0;0.97;3.015;0.0;;0.39;17.93;1.23;25.465;0.195;68.42;1.685;34.67;;2024-06-11;18:00
11;Île-de-France;Données définitives;6911.5;39.0;0.0;69.0;12.0;0.0;109.5;6664.5;0.0;0.0;19.0;0.0;0.57;1.81;0.0;;0.275;13.1;1.0;21.425;0.17;63.16;1.585;33.905;;2024-06-11;19:00
11;Île-de-France;Données définitives;6811.0;0.0;0.0;41.5;12.5;0.0;113.0;6617.0;0.0;0.0;32.0;0.0;0.0;0.0;0.0;;0.47;22.07;0.605;12.89;0.18;65.78999999999999;1.6600000000000001;34.980000000000004;;2024-06-11;20:00
11;Île-de-France;Données définitives;6357.0;0.0;0.0;11.5;13.0;0.0;113.5;6213.5;0.0;0.0;11.0;0.0;0.0;0.0;0.0;;0.17;7.585000000000001;0.18;3.5700000000000003;0.20500000000000002;68.42;1.7850000000000001;35.135;;2024-06-11;21:00
11;Île-de-France;Données définitives;6139.5;0.0;0.0;0.5;13.0;0.0;112.5;6011.5;0.0;0.0;1.0;0.0;0.0;0.0;0.0;;0.015;0.69;0.01;0.155;0.21;68.42;1.83;34.83;;2024-06-11;22:00
11;Île-de-France;Données définitives;6374.0;0.0;0.0;0.0;13.0;0.0;114.0;6246.5;0.0;0.0;0.0;0.0;0.0;0.0;0.0;;0.0;0.0;0.0;0.0;0.20500000000000002;68.42;1.79;35.29;;2024-06-11;23:00
11;Île-de-France;Données définitives;5989.0;0.0;0.0;0.0;8.0;0.0;113.0;5860.0;0.0;0.0;9.5;0.0;0.0;0.0;0.0;;0.16;6.555;0.0;0.0;0.135;42.11;1.8900000000000001;34.98;;2024-07-10;00:00
11;Île-de-France;Données définitives;5284.5;0.0;0.0;0.0;8.0;0.0;115.5;5158.0;0.0;0.0;10.5;0.0;0.0;0.0;0.0;;0.2;7.244999999999999;0.0;0.0;0.155;42.11;2.19;35.76;;2024-07-10;01:00
11;Île-de-France;Données définitives;4851.0;0.0;0.0;0.0;8.0;0.0;139.0;4710.0;0.0;0.0;3.5;0.0;0.0;0.0;0.0;;0.07;2.415;0.0;0.0;0.165;42.11;2.87;43.03;;2024-07-10;02:00
11;Île-de-France;Données définitives;4603.0;0.0;0.0;0.0;8.0;0.0;142.0;4447.5;0.0;0.0;10.0;0.0;0.0;0.0;0.0;;0.21500000000000002;6.9;0.0;0.0;0.17;42.11;3.085;43.96;;2024-07-10;03:00
11;Île-de-France;Données définitives;4529.0;0.0;0.0;0.0;8.0;0.0;142.0;4355.5;0.0;0.0;26.0;0.0;0.0;0.0;0.0;;0.575;17.93;0.0;0.0;0.18;42.11;3.135;43.96;;2024-07-10;04:00
11;Île-de-France;Données définitives;4619.5;0.0;0.0;0.0;8.0;0.0;142.0;4451.5;0.0;0.0;20.0;0.0;0.0;0.0;0.0;;0.435;13.79;0.0;0.0;0.175;42.11;3.075;43.96;;2024-07-10;05:00
11;Île-de-France;Données définitives;4913.5;0.0;0.0;0.5;8.0;0.0;140.0;4757.5;0.0;0.0;18.0;0.0;0.0;0.0;0.0;;0.37;12.41;0.01;0.155;0.165;42.11;2.8499999999999996;43.34;;2024-07-10;06:00
11;Île-de-France;Données définitives;5525.0;105.0;0.0;8.5;8.0;0.0;137.5;5254.0;0.0;0.0;18.5;0.0;1.845;4.87;0.0;;0.335;12.754999999999999;0.15;2.64;0.14500000000000002;42.11;2.495;42.57;;2024-07-10;07:00
11;Île-de-France;Données définitives;6324.5;556.5;0.0;35.0;8.0;0.0;124.0;5583.5;0.0;0.0;15.0;0.0;8.805;25.82;0.0;;0.235;10.345;0.55;10.870000000000001;0.125;42.11;1.9649999999999999;38.39;;2024-07-10;08:00
11;Île-de-France;Données définitives;6643.5;637.5;0.0;83.0;8.5;0.0;115.5;5775.0;0.0;0.0;17.5;0.0;9.585;29.585;0.0;;0.265;12.065000000000001;1.25;25.775;0.125;44.739999999999995;1.74;35.76;;2024-07-10;09:00
11;Île-de-France;Données définitives;6795.5;726.0;0.0;103.5;9.0;0.0;111.5;5828.0;0.0;0.0;14.0;0.0;10.684999999999999;33.69;0.0;;0.21;9.655;1.525;32.144999999999996;0.13;47.37;1.645;34.519999999999996;;2024-07-10;10:00
11;Île-de-France;Données définitives;6929.5;661.5;0.0;131.5;8.0;0.0;110.0;6008.0;0.0;0.0;17.0;0.0;9.545;30.695;0.0;;0.245;11.719999999999999;1.9;40.835;0.12;42.11;1.59;34.06;;2024-07-10;11:00
11;Île-de-France;Données définitives;7067.0;353.5;0.0;165.5;8.5;0.0;110.5;6411.0;0.0;0.0;23.0;0.0;5.005;16.405;0.0;;0.325;15.86;2.34;51.4;0.12;44.739999999999995;1.565;34.215;;2024-07-10;12:00
11;Île-de-France;Données définitives;7149.0;101.5;0.0;188.0;9.0;0.0;113.0;6703.0;0.0;0.0;32.0;0.0;1.4;4.71;0.0;;0.44499999999999995;22.07;2.63;58.385000000000005;0.125;47.37;1.58;34.985;;2024-07-10;13:00
11;Île-de-France;Données définitives;6982.0;0.0;0.0;214.5;9.0;0.0;119.0;6605.0;0.0;0.0;34.0;0.0;0.0;0.0;0.0;;0.49;23.45;3.075;66.615;0.13;47.37;1.705;36.84;;2024-07-10;14:00
11;Île-de-France;Données définitives;6865.5;0.0;0.0;210.5;9.0;0.0;126.0;6483.5;0.0;0.0;38.0;0.0;0.0;0.0;0.0;;0.55;26.21;3.065;65.375;0.13;47.37;1.835;39.010000000000005;;2024-07-10;15:00
11;Île-de-France;Données définitives;6784.5;0.0;0.0;209.0;9.0;0.0;129.0;6402.5;0.0;0.0;36.5;0.0;0.0;0.0;0.0;;0.535;25.175;3.08;64.905;0.13;47.37;1.9;39.94;;2024-07-10;16:00
11;Île-de-France;Données définitives;6947.5;0.0;0.0;178.5;9.0;0.0;130.5;6602.0;0.0;0.0;30.0;0.0;0.0;0.0;0.0;;0.43;20.689999999999998;2.565;55.435;0.13;47.37;1.88;40.405;;2024-07-10;17:00
11;Île-de-France;Données définitives;7025.0;0.0;0.0;122.0;9.0;0.0;131.5;6741.5;0.0;0.0;29.0;0.0;0.0;0.0;0.0;;0.41;20.0;1.7349999999999999;37.89;0.13;47.37;1.87;40.715;;2024-07-10;18:00
11;Île-de-France;Données définitives;7074.5;0.0;0.0;83.5;9.0;0.0;132.0;6825.5;0.0;0.0;30.5;0.0;0.0;0.0;0.0;;0.43;21.035;1.185;25.93;0.13;47.37;1.8650000000000002;40.87;;2024-07-10;19:00
11;Île-de-France;Données définitives;6875.0;0.0;0.0;45.5;9.0;0.0;127.0;6665.0;0.0;0.0;27.5;0.0;0.0;0.0;0.0;;0.4;18.965;0.655;14.129999999999999;0.13;47.37;1.8450000000000002;39.32;;2024-07-10;20:00
11;Île-de-France;Données définitives;6486.0;0.0;0.0;10.5;9.0;0.0;125.5;6324.5;0.0;0.0;15.5;0.0;0.0;0.0;0.0;;0.24;10.690000000000001;0.16;3.26;0.14;47.37;1.935;38.855000000000004;;2024-07-10;21:00
11;Île-de-France;Données définitives;6259.5;0.0;0.0;0.5;9.0;0.0;131.0;6111.5;0.0;0.0;11.5;0.0;0.0;0.0;0.0;;0.185;7.93;0.01;0.155;0.14;47.37;2.09;40.56;;2024-07-10;22:00
11;Île-de-France;Données définitives;6507.5;0.0;0.0;0.0;9.0;0.0;132.0;6348.5;0.0;0.0;21.0;0.0;0.0;0.0;0.0;;0.32;14.48;0.0;0.0;0.14;47.37;2.0300000000000002;40.870000000000005;;2024-07-10;23:00
11;Île-de-France;Données définitives;5259.5;0.0;0.0;0.0;10.0;0.0;138.0;5110.5;0.0;0.0;0.5;0.0;0.0;0.0;0.0;;0.01;0.345;0.0;0.0;0.19;52.63;2.625;42.72;;2024-08-20;00:00
11;Île-de-France;Données définitives;4686.5;0.0;0.0;0.0;10.0;0.0;138.5;4538.5;0.0;0.0;1.5;0.0;0.0;0.0;0.0;;0.03;1.035;0.0;0.0;0.215;52.63;2.955;42.875;;2024-08-20;01:00
11;Île-de-France;Données définitives;4366.0;0.0;0.0;0.0;10.0;0.0;141.0;4209.5;0.0;0.0;2.0;0.0;0.0;0.0;0.0;;0.05;1.38;0.0;0.0;0.23;52.63;3.23;43.650000000000006;;2024-08-20;02:00
11;Île-de-France;Données définitives;4212.5;0.0;0.0;0.0;10.0;0.0;138.5;4057.5;0.0;0.0;3.0;0.0;0.0;0.0;0.0;;0.07;2.07;0.0;0.0;0.24;52.63;3.29;42.875;;2024-08-20;03:00
11;Île-de-France;Données définitives;4150.5;0.0;0.0;0.0;10.0;0.0;141.0;3997.0;0.0;0.0;6.0;0.0;0.0;0.0;0.0;;0.14500000000000002;4.140000000000001;0.0;0.0;0.24;52.63;3.4;43.650000000000006;;2024-08-20;04:00
11;Île-de-France;Données définitives;4268.0;0.0;0.0;0.0;10.0;0.0;140.0;4113.5;0.0;0.0;11.0;0.0;0.0;0.0;0.0;;0.255;7.59;0.0;0.0;0.235;52.63;3.285;43.34;;2024-08-20;05:00
11;Île-de-France;Données définitives;4627.5;0.0;0.0;0.0;10.0;0.0;137.5;4477.5;0.0;0.0;9.5;0.0;0.0;0.0;0.0;;0.20500000000000002;6.555;0.0;0.0;0.215;52.63;2.9749999999999996;42.565;;2024-08-20;06:00
11;Île-de-France;Données définitives;5029.0;0.0;0.0;2.0;10.0;0.0;132.0;4878.0;0.0;0.0;6.5;0.0;0.0;0.0;0.0;;0.13;4.484999999999999;0.04;0.62;0.195;52.63;2.625;40.870000000000005;;2024-08-20;07:00
11;Île-de-France;Données définitives;5439.0;0.0;0.0;23.5;10.0;0.0;130.0;5269.0;0.0;0.0;6.0;0.0;0.0;0.0;0.0;;0.11;4.14;0.425;7.3;0.185;52.63;2.39;40.25;;2024-08-20;08:00
11;Île-de-France;Données définitives;5780.5;0.0;0.0;64.5;10.0;0.0;138.5;5563.5;0.0;0.0;6.0;0.0;0.0;0.0;0.0;;0.1;4.14;1.115;20.03;0.17;52.63;2.395;42.875;;2024-08-20;09:00
11;Île-de-France;Données définitives;5991.5;0.0;0.0;121.5;10.0;0.0;135.0;5724.5;0.0;0.0;3.0;0.0;0.0;0.0;0.0;;0.05;2.07;2.025;37.735;0.17;52.63;2.255;41.8;;2024-08-20;10:00
11;Île-de-France;Données définitives;6143.5;0.0;0.0;183.0;10.0;0.0;128.5;5820.0;0.0;0.0;7.0;0.0;0.0;0.0;0.0;;0.11499999999999999;4.83;2.98;56.835;0.16;52.63;2.0949999999999998;39.785;;2024-08-20;11:00
11;Île-de-France;Données définitives;6344.5;0.0;0.0;215.5;10.0;0.0;127.0;5978.0;0.0;0.0;16.0;0.0;0.0;0.0;0.0;;0.255;11.035;3.4000000000000004;66.92500000000001;0.16;52.63;2.005;39.32;;2024-08-20;12:00
11;Île-de-France;Données définitives;6470.0;0.0;0.0;225.0;10.0;0.0;135.5;6079.5;0.0;0.0;23.0;0.0;0.0;0.0;0.0;;0.355;15.86;3.48;69.88;0.15;52.63;2.0949999999999998;41.95;;2024-08-20;13:00
11;Île-de-France;Données définitives;6365.5;0.0;0.0;207.5;10.0;0.0;132.0;5989.0;0.0;0.0;30.5;0.0;0.0;0.0;0.0;;0.475;21.035;3.26;64.44;0.16;52.63;2.075;40.87;;2024-08-20;14:00
11;Île-de-France;Données définitives;6249.0;0.0;0.0;158.0;10.0;0.0;132.5;5913.5;0.0;0.0;37.5;0.0;0.0;0.0;0.0;;0.6;25.865;2.5250000000000004;49.065;0.16;52.63;2.12;41.025;;2024-08-20;15:00
11;Île-de-France;Données définitives;6157.5;0.0;0.0;99.5;10.0;0.0;143.5;5869.5;0.0;0.0;39.0;0.0;0.0;0.0;0.0;;0.63;26.9;1.615;30.9;0.16;52.63;2.33;44.425;;2024-08-20;16:00
11;Île-de-France;Données définitives;6121.5;0.0;0.0;48.5;10.0;0.0;152.5;5882.0;0.0;0.0;32.5;0.0;0.0;0.0;0.0;;0.53;22.415;0.79;15.06;0.16;52.63;2.495;47.215;;2024-08-20;17:00
11;Île-de-France;Données définitives;6217.5;0.0;0.0;19.0;10.0;0.0;151.5;5994.5;0.0;0.0;44.0;0.0;0.0;0.0;0.0;;0.7050000000000001;30.345;0.30500000000000005;5.9;0.16;52.63;2.435;46.905;;2024-08-20;18:00
11;Île-de-France;Données définitives;6297.5;0.0;0.0;12.0;10.0;0.0;141.5;6092.0;0.0;0.0;41.0;0.0;0.0;0.0;0.0;;0.655;28.275;0.19;3.73;0.16;52.63;2.25;43.805;;2024-08-20;19:00
11;Île-de-France;Données définitives;6054.0;0.0;0.0;8.0;10.0;0.0;143.5;5854.0;0.0;0.0;38.0;0.0;0.0;0.0;0.0;;0.63;26.21;0.135;2.485;0.165;52.63;2.375;44.425;;2024-08-20;20:00
11;Île-de-France;Données définitives;5806.0;0.0;0.0;0.5;10.0;0.0;143.5;5625.5;0.0;0.0;32.0;0.0;0.0;0.0;0.0;;0.55;22.07;0.01;0.155;0.17;52.63;2.4699999999999998;44.425;;2024-08-20;21:00
11;Île-de-France;Données définitives;5577.5;0.0;0.0;0.0;10.0;0.0;140.0;5384.0;0.0;0.0;48.5;0.0;0.0;0.0;0.0;;0.87;33.45;0.0;0.0;0.18;52.63;2.51;43.34;;2024-08-20;22:00
11;Île-de-France;Données définitives;5641.5;0.0;0.0;0.0;10.0;0.0;147.5;5441.5;0.0;0.0;43.5;0.0;0.0;0.0;0.0;;0.77;30.0;0.0;0.0;0.175;52.63;2.615;45.665000000000006;;2024-08-20;23:00
11;Île-de-France;Données définitives;5924.5;0.0;0.0;0.0;10.0;0.0;173.0;5720.0;0.0;0.0;22.0;0.0;0.0;0.0;0.0;;0.375;15.17;0.0;0.0;0.17;52.63;2.92;53.56;;2024-09-12;00:00
11;Île-de-France;Données définitives;5266.0;0.0;0.0;0.0;10.0;0.0;174.0;5056.5;0.0;0.0;27.0;0.0;0.0;0.0;0.0;;0.515;18.62;0.0;0.0;0.19;52.63;3.3049999999999997;53.870000000000005;;2024-09-12;01:00
11;Île-de-France;Données définitives;4817.0;0.0;0.0;0.0;10.5;0.0;179.5;4605.5;0.0;0.0;24.5;0.0;0.0;0.0;0.0;;0.51;16.895;0.0;0.0;0.21500000000000002;55.260000000000005;3.73;55.575;;2024-09-12;02:00
11;Île-de-France;Données définitives;4587.0;0.0;0.0;0.0;11.0;0.0;186.0;4365.0;0.0;0.0;28.0;0.0;0.0;0.0;0.0;;0.61;19.310000000000002;0.0;0.0;0.24;57.89;4.055;57.585;;2024-09-12;03:00
11;Île-de-France;Données définitives;4464.0;0.0;0.0;0.0;11.0;0.0;186.5;4239.0;0.0;0.0;30.0;0.0;0.0;0.0;0.0;;0.6699999999999999;20.689999999999998;0.0;0.0;0.245;57.89;4.175;57.74;;2024-09-12;04:00
11;Île-de-France;Données définitives;4598.0;0.0;0.0;0.0;11.0;0.0;188.0;4378.5;0.0;0.0;27.5;0.0;0.0;0.0;0.0;;0.6;18.965;0.0;0.0;0.235;57.89;4.09;58.2;;2024-09-12;05:00
11;Île-de-France;Données définitives;5185.5;0.0;0.0;0.0;11.0;0.0;185.5;4967.5;0.0;0.0;23.5;0.0;0.0;0.0;0.0;;0.45499999999999996;16.205;0.0;0.0;0.21000000000000002;57.89;3.585;57.435;;2024-09-12;06:00
11;Île-de-France;Données définitives;6197.0;0.0;0.0;0.0;11.0;0.0;175.0;5994.0;0.0;0.0;17.0;0.0;0.0;0.0;0.0;;0.275;11.72;0.0;0.0;0.18;57.89;2.835;54.18;;2024-09-12;07:00
11;Île-de-France;Données définitives;6924.0;0.0;0.0;12.5;11.0;0.0;167.0;6714.0;0.0;0.0;20.5;0.0;0.0;0.0;0.0;;0.295;14.135;0.17500000000000002;3.88;0.16;57.89;2.41;51.7;;2024-09-12;08:00
11;Île-de-France;Données définitives;7242.0;0.0;0.0;66.5;11.0;0.0;158.5;6995.0;0.0;0.0;14.0;0.0;0.0;0.0;0.0;;0.195;9.655000000000001;0.9199999999999999;20.655;0.15;57.89;2.185;49.075;;2024-09-12;09:00
11;Île-de-France;Données définitives;7310.0;0.0;0.0;150.0;11.0;0.0;150.5;6999.5;0.0;0.0;5.5;0.0;0.0;0.0;0.0;;0.07500000000000001;3.795;2.05;46.585;0.15;57.89;2.0549999999999997;46.595;;2024-09-12;10:00
11;Île-de-France;Données définitives;7273.0;0.0;0.0;212.5;11.0;0.0;157.0;6890.0;0.0;0.0;8.5;0.0;0.0;0.0;0.0;;0.11499999999999999;5.865;2.92;65.995;0.15;57.89;2.16;48.61;;2024-09-12;11:00
11;Île-de-France;Données définitives;7393.5;0.0;0.0;204.5;11.0;0.0;160.5;6996.0;0.0;0.0;15.5;0.0;0.0;0.0;0.0;;0.20500000000000002;10.684999999999999;2.77;63.51;0.15;57.89;2.17;49.695;;2024-09-12;12:00
11;Île-de-France;Données définitives;7413.5;0.0;0.0;202.0;11.0;0.0;158.5;7024.0;0.0;0.0;18.5;0.0;0.0;0.0;0.0;;0.25;12.754999999999999;2.7199999999999998;62.730000000000004;0.15;57.89;2.1399999999999997;49.07;;2024-09-12;13:00
11;Île-de-France;Données définitives;7226.5;0.0;0.0;198.0;11.0;0.0;162.0;6842.5;0.0;0.0;24.5;0.0;0.0;0.0;0.0;;0.335;16.895;2.74;61.489999999999995;0.15;57.89;2.24;50.155;;2024-09-12;14:00
11;Île-de-France;Données définitives;7021.0;0.0;0.0;210.0;11.0;0.0;159.0;6614.0;0.0;0.0;29.5;0.0;0.0;0.0;0.0;;0.42000000000000004;20.345;2.99;65.22;0.16;57.89;2.265;49.23;;2024-09-12;15:00
11;Île-de-France;Données définitives;6815.0;0.0;0.0;175.0;11.0;0.0;168.0;6418.5;0.0;0.0;45.5;0.0;0.0;0.0;0.0;;0.665;31.38;2.5700000000000003;54.35;0.16;57.89;2.465;52.01;;2024-09-12;16:00
11;Île-de-France;Données définitives;6794.5;0.0;0.0;124.0;11.0;0.0;175.0;6469.5;0.0;0.0;13.5;0.0;0.0;0.0;0.0;;0.2;9.315000000000001;1.83;38.510000000000005;0.16;57.89;2.575;54.18;;2024-09-12;17:00
11;Île-de-France;Données définitives;6946.5;0.0;0.0;59.5;11.0;0.0;182.5;6661.5;0.0;0.0;30.5;0.0;0.0;0.0;0.0;;0.435;21.03;0.86;18.48;0.16;57.89;2.625;56.504999999999995;;2024-09-12;18:00
11;Île-de-France;Données définitives;7315.5;0.0;0.0;25.5;11.0;0.0;191.5;7082.0;0.0;0.0;6.0;0.0;0.0;0.0;0.0;;0.08;4.140000000000001;0.35;7.92;0.15;57.89;2.615;59.285;;2024-09-12;19:00
11;Île-de-France;Données définitives;7287.0;0.0;0.0;2.0;11.0;0.0;180.0;7081.5;0.0;0.0;15.0;0.0;0.0;0.0;0.0;;0.205;10.345;0.025;0.62;0.15;57.89;2.4699999999999998;55.730000000000004;;2024-09-12;20:00
11;Île-de-France;Données définitives;7003.0;0.0;0.0;0.0;10.5;0.0;174.5;6819.0;0.0;0.0;1.5;0.0;0.0;0.0;0.0;;0.02;1.035;0.0;0.0;0.15;55.260000000000005;2.49;54.025000000000006;;2024-09-12;21:00
11;Île-de-France;Données définitives;6527.0;0.0;0.0;0.0;10.0;0.0;167.0;6346.5;0.0;0.0;7.5;0.0;0.0;0.0;0.0;;0.115;5.175;0.0;0.0;0.15;52.63;2.5549999999999997;51.7;;2024-09-12;22:00
11;Île-de-France;Données définitives;6502.5;0.0;0.0;0.0;10.0;0.0;167.5;6308.5;0.0;0.0;17.5;0.0;0.0;0.0;0.0;;0.27;12.07;0.0;0.0;0.155;52.63;2.575;51.855000000000004;;2024-09-12;23:00
11;Île-de-France;Données définitives;6398.0;0.0;0.0;0.0;9.0;0.0;126.5;6237.5;0.0;0.0;29.5;0.0;0.0;0.0;0.0;;0.45999999999999996;20.345;0.0;0.0;0.14;47.37;1.98;39.165;;2024-10-02;00:00
11;Île-de-France;Données définitives;5683.0;0.0;0.0;0.0;9.0;0.0;130.5;5504.5;0.0;0.0;41.5;0.0;0.0;0.0;0.0;;0.7350000000000001;28.619999999999997;0.0;0.0;0.155;47.37;2.3;40.405;;2024-10-02;01:00
11;Île-de-France;Données définitives;5043.0;0.0;0.0;0.0;9.0;0.0;129.0;4841.5;0.0;0.0;63.5;0.0;0.0;0.0;0.0;;1.26;43.795;0.0;0.0;0.18;47.37;2.5599999999999996;39.94;;2024-10-02;02:00
11;Île-de-France;Données définitives;4781.5;0.0;0.0;0.0;9.0;0.0;130.0;4575.5;0.0;0.0;66.5;0.0;0.0;0.0;0.0;;1.3900000000000001;45.865;0.0;0.0;0.19;47.37;2.715;40.25;;2024-10-02;03:00
11;Île-de-France;Données définitives;4659.5;0.0;0.0;0.0;9.0;0.0;132.5;4461.0;0.0;0.0;63.0;0.0;0.0;0.0;0.0;;1.355;43.45;0.0;0.0;0.19;47.37;2.8449999999999998;41.025;;2024-10-02;04:00
11;Île-de-France;Données définitives;4813.5;0.0;0.0;0.0;9.0;0.0;131.0;4613.5;0.0;0.0;60.0;0.0;0.0;0.0;0.0;;1.25;41.38;0.0;0.0;0.185;47.37;2.7199999999999998;40.56;;2024-10-02;05:00
11;Île-de-France;Données définitives;5410.5;0.0;0.0;0.0;9.0;0.0;132.5;5215.5;0.0;0.0;53.5;0.0;0.0;0.0;0.0;;0.99;36.894999999999996;0.0;0.0;0.16999999999999998;47.37;2.455;41.025000000000006;;2024-10-02;06:00
11;Île-de-France;Données définitives;6481.0;0.0;0.0;0.0;9.0;0.0;129.0;6292.0;0.0;0.0;50.5;0.0;0.0;0.0;0.0;;0.78;34.825;0.0;0.0;0.14;47.37;1.9949999999999999;39.94;;2024-10-02;07:00
11;Île-de-France;Données définitives;7281.5;0.0;0.0;0.5;9.0;0.0;128.5;7098.0;0.0;0.0;46.0;0.0;0.0;0.0;0.0;;0.635;31.725;0.005;0.155;0.125;47.37;1.7650000000000001;39.785;;2024-10-02;08:00
11;Île-de-France;Données définitives;7688.0;0.0;0.0;9.0;9.0;0.0;129.5;7494.5;0.0;0.0;46.5;0.0;0.0;0.0;0.0;;0.605;32.065;0.11499999999999999;2.795;0.12;47.37;1.685;40.095;;2024-10-02;09:00
11;Île-de-France;Données définitives;7872.0;0.0;0.0;21.0;9.0;0.0;128.0;7679.5;0.0;0.0;35.0;0.0;0.0;0.0;0.0;;0.445;24.14;0.265;6.52;0.11;47.37;1.625;39.63;;2024-10-02;10:00
11;Île-de-France;Données définitives;7953.0;0.0;0.0;32.0;9.0;0.0;126.0;7746.0;0.0;0.0;43.5;0.0;0.0;0.0;0.0;;0.5449999999999999;30.0;0.4;9.940000000000001;0.11;47.37;1.585;39.010000000000005;;2024-10-02;11:00
11;Île-de-France;Données définitives;8111.5;0.0;0.0;37.5;10.0;0.0;127.5;7903.5;0.0;0.0;32.5;0.0;0.0;0.0;0.0;;0.405;22.415;0.45999999999999996;11.645;0.12;52.63;1.57;39.475;;2024-10-02;12:00
11;Île-de-France;Données définitives;8146.0;1.0;0.0;51.0;10.0;0.0;128.5;7928.5;0.0;0.0;26.5;0.0;0.01;0.05;0.0;;0.325;18.275;0.63;15.84;0.12;52.63;1.58;39.785;;2024-10-02;13:00
11;Île-de-France;Données définitives;7929.5;0.0;0.0;53.0;10.0;0.0;129.5;7713.0;0.0;0.0;25.5;0.0;0.0;0.0;0.0;;0.32;17.585;0.67;16.46;0.13;52.63;1.635;40.095;;2024-10-02;14:00
11;Île-de-France;Données définitives;7698.0;0.0;0.0;53.0;10.0;0.0;123.0;7491.5;0.0;0.0;21.5;0.0;0.0;0.0;0.0;;0.28;14.825;0.685;16.46;0.13;52.63;1.6;38.08;;2024-10-02;15:00
11;Île-de-France;Données définitives;7507.5;0.0;0.0;53.0;10.0;0.0;130.0;7298.5;0.0;0.0;20.0;0.0;0.0;0.0;0.0;;0.265;13.79;0.7050000000000001;16.46;0.13;52.63;1.7349999999999999;40.25;;2024-10-02;16:00
11;Île-de-France;Données définitives;7407.5;0.0;0.0;49.5;10.0;0.0;130.0;7203.5;0.0;0.0;18.5;0.0;0.0;0.0;0.0;;0.25;12.76;0.67;15.375;0.135;52.63;1.755;40.25;;2024-10-02;17:00
11;Île-de-France;Données définitives;7550.5;0.0;0.0;45.5;9.0;0.0;130.0;7332.5;0.0;0.0;34.5;0.0;0.0;0.0;0.0;;0.45999999999999996;23.795;0.6;14.129999999999999;0.12;47.37;1.72;40.25;;2024-10-02;18:00
11;Île-de-France;Données définitives;7921.0;205.5;0.0;8.0;9.0;0.0;130.0;7546.5;0.0;0.0;21.0;0.0;2.575;9.535;0.0;;0.27;14.48;0.105;2.485;0.11;47.37;1.64;40.25;;2024-10-02;19:00
11;Île-de-France;Données définitives;8243.0;399.0;0.0;0.0;9.0;0.0;137.5;7672.5;0.0;0.0;24.5;0.0;4.84;18.515;0.0;;0.30000000000000004;16.895;0.0;0.0;0.11;47.37;1.67;42.57;;2024-10-02;20:00
11;Île-de-France;Données définitives;7683.5;1.0;0.0;0.0;9.0;0.0;137.5;7490.0;0.0;0.0;47.0;0.0;0.015;0.045;0.0;;0.615;32.415;0.0;0.0;0.11499999999999999;47.37;1.79;42.57;;2024-10-02;21:00
11;Île-de-France;Données définitives;7189.0;0.0;0.0;0.0;9.0;0.0;135.0;6991.0;0.0;0.0;56.5;0.0;0.0;0.0;0.0;;0.785;38.965;0.0;0.0;0.125;47.37;1.875;41.8;;2024-10-02;22:00
11;Île-de-France;Données définitives;7118.5;0.0;0.0;0.0;9.0;0.0;136.0;6922.0;0.0;0.0;54.0;0.0;0.0;0.0;0.0;;0.76;37.239999999999995;0.0;0.0;0.125;47.37;1.915;42.105;;2024-10-02;23:00
11;Île-de-France;Données définitives;7581.5;275.0;0.0;0.0;11.0;0.0;139.5;7139.0;0.0;0.0;16.0;0.0;3.63;12.76;0.0;;0.21;11.03;0.0;0.0;0.14500000000000002;57.89;1.8399999999999999;43.185;;2024-11-08;00:00
11;Île-de-France;Données définitives;6928.5;273.0;0.0;0.0;11.0;0.0;139.5;6494.0;0.0;0.0;13.0;0.0;3.94;12.665;0.0;;0.185;8.97;0.0;0.0;0.16;57.89;2.0149999999999997;43.185;;2024-11-08;01:00
11;Île-de-France;Données définitives;6472.0;272.0;0.0;0.0;12.0;0.0;138.5;6034.0;0.0;0.0;14.5;0.0;4.205;12.62;0.0;;0.225;10.0;0.0;0.0;0.185;63.16;2.14;42.879999999999995;;2024-11-08;02:00
11;Île-de-France;Données définitives;6259.5;264.0;0.0;0.0;11.5;0.0;137.5;5828.0;0.0;0.0;17.5;0.0;4.220000000000001;12.25;0.0;;0.28;12.065000000000001;0.0;0.0;0.185;60.525;2.1950000000000003;42.57;;2024-11-08;03:00
11;Île-de-France;Données définitives;6147.0;252.5;0.0;0.0;12.0;0.0;136.0;5733.0;0.0;0.0;15.0;0.0;4.109999999999999;11.715;0.0;;0.245;10.344999999999999;0.0;0.0;0.2;63.16;2.215;42.105;;2024-11-08;04:00
11;Île-de-France;Données définitives;6379.5;253.0;0.0;0.0;11.0;0.0;132.0;5970.5;0.0;0.0;12.5;0.0;3.965;11.74;0.0;;0.195;8.625;0.0;0.0;0.175;57.89;2.0700000000000003;40.870000000000005;;2024-11-08;05:00
11;Île-de-France;Données définitives;7000.0;267.0;0.0;0.0;11.0;0.0;132.5;6577.0;0.0;0.0;13.0;0.0;3.8099999999999996;12.39;0.0;;0.185;8.97;0.0;0.0;0.155;57.89;1.895;41.025;;2024-11-08;06:00
11;Île-de-France;Données définitives;7969.5;279.0;0.0;0.0;11.0;0.0;132.5;7538.0;0.0;0.0;9.0;0.0;3.505;12.95;0.0;;0.11000000000000001;6.21;0.0;0.0;0.135;57.89;1.665;41.025;;2024-11-08;07:00
11;Île-de-France;Données définitives;8781.5;279.5;0.0;0.5;11.0;0.0;132.5;8354.5;0.0;0.0;2.5;0.0;3.185;12.969999999999999;0.0;;0.030000000000000002;1.7249999999999999;0.005;0.155;0.125;57.89;1.505;41.025;;2024-11-08;08:00
11;Île-de-France;Données définitives;9308.5;281.0;0.0;6.0;11.0;0.0;132.0;8878.0;0.0;0.0;0.0;0.0;3.02;13.04;0.0;;0.0;0.0;0.065;1.8599999999999999;0.12;57.89;1.42;40.87;;2024-11-08;09:00
11;Île-de-France;Données définitives;9424.0;280.0;0.0;14.0;11.0;0.0;129.5;8989.5;0.0;0.0;1.5;0.0;2.97;12.99;0.0;;0.015;1.035;0.15000000000000002;4.35;0.12;57.89;1.375;40.095;;2024-11-08;10:00
11;Île-de-France;Données définitives;9466.0;277.5;0.0;21.0;11.0;0.0;127.5;9027.0;0.0;0.0;2.0;0.0;2.935;12.875;0.0;;0.02;1.38;0.22;6.52;0.12;57.89;1.3450000000000002;39.474999999999994;;2024-11-08;11:00
11;Île-de-France;Données définitives;9637.5;272.5;0.0;22.0;11.0;0.0;130.0;9199.5;0.0;0.0;2.0;0.0;2.825;12.645;0.0;;0.02;1.38;0.23;6.83;0.11;57.89;1.35;40.25;;2024-11-08;12:00
11;Île-de-France;Données définitives;9622.5;269.0;0.0;21.5;11.0;0.0;127.5;9190.0;0.0;0.0;3.0;0.0;2.795;12.48;0.0;;0.03;2.07;0.225;6.675;0.11;57.89;1.3250000000000002;39.475;;2024-11-08;13:00
11;Île-de-France;Données définitives;9372.5;268.5;0.0;18.0;11.5;0.0;128.5;8944.0;0.0;0.0;2.5;0.0;2.865;12.46;0.0;;0.025;1.7249999999999999;0.19;5.59;0.125;60.525;1.37;39.785;;2024-11-08;14:00
11;Île-de-France;Données définitives;9137.0;268.0;0.0;11.5;12.0;0.0;123.5;8719.5;0.0;0.0;3.5;0.0;2.9299999999999997;12.44;0.0;;0.035;2.415;0.125;3.575;0.13;63.16;1.35;38.235;;2024-11-08;15:00
11;Île-de-France;Données définitives;9033.5;268.0;0.0;5.5;12.0;0.0;128.0;8620.0;0.0;0.0;0.5;0.0;2.965;12.44;0.0;;0.005;0.345;0.06;1.705;0.13;63.16;1.42;39.63;;2024-11-08;16:00
11;Île-de-France;Données définitives;9088.5;271.5;0.0;0.5;12.0;0.0;130.0;8673.0;0.0;0.0;2.0;0.0;2.99;12.595;0.0;;0.02;1.38;0.005;0.155;0.13;63.16;1.43;40.25;;2024-11-08;17:00
11;Île-de-France;Données définitives;9462.0;274.0;0.0;0.0;12.0;0.0;134.0;9039.5;0.0;0.0;2.5;0.0;2.895;12.71;0.0;;0.025;1.7249999999999999;0.0;0.0;0.13;63.16;1.42;41.489999999999995;;2024-11-08;18:00
11;Île-de-France;Données définitives;9610.0;278.0;0.0;0.0;12.0;0.0;135.5;9180.0;0.0;0.0;5.0;0.0;2.895;12.899999999999999;0.0;;0.05;3.4499999999999997;0.0;0.0;0.125;63.16;1.41;41.955;;2024-11-08;19:00
11;Île-de-France;Données définitives;9263.0;280.5;0.0;0.0;12.0;0.0;134.5;8833.0;0.0;0.0;3.5;0.0;3.0300000000000002;13.015;0.0;;0.035;2.415;0.0;0.0;0.13;63.16;1.45;41.644999999999996;;2024-11-08;20:00
11;Île-de-France;Données définitives;8610.5;279.0;0.0;0.0;12.0;0.0;134.0;8184.5;0.0;0.0;1.0;0.0;3.24;12.95;0.0;;0.01;0.69;0.0;0.0;0.14;63.16;1.5550000000000002;41.489999999999995;;2024-11-08;21:00
11;Île-de-France;Données définitives;8175.5;276.5;0.0;0.0;12.0;0.0;138.0;7748.5;0.0;0.0;0.5;0.0;3.38;12.83;0.0;;0.005;0.345;0.0;0.0;0.15;63.16;1.69;42.72;;2024-11-08;22:00
11;Île-de-France;Données définitives;8146.0;273.5;0.0;0.0;12.0;0.0;138.0;7723.0;0.0;0.0;0.0;0.0;3.36;12.690000000000001;0.0;;0.0;0.0;0.0;0.0;0.15;63.16;1.6949999999999998;42.72;;2024-11-08;23:00
11;Île-de-France;Données définitives;9145.5;166.0;0.0;0.0;4.0;0.0;151.5;8765.0;0.0;0.0;54.5;0.0;1.815;7.72;0.0;;0.6;37.585;0.0;0.0;0.04;21.05;1.6549999999999998;44.04;;2024-12-20;00:00
11;Île-de-France;Données définitives;8491.5;165.5;0.0;0.0;4.0;0.0;147.5;8127.5;0.0;0.0;44.5;0.0;1.9449999999999998;7.699999999999999;0.0;;0.525;30.689999999999998;0.0;0.0;0.05;21.05;1.74;42.875;;2024-12-20;01:00
11;Île-de-France;Données définitives;8038.5;163.0;0.0;0.0;4.0;0.0;149.5;7674.5;0.0;0.0;50.0;0.0;2.025;7.58;0.0;;0.62;34.48;0.0;0.0;0.05;21.05;1.86;43.455;;2024-12-20;02:00
11;Île-de-France;Données définitives;7799.0;163.0;0.0;0.0;4.0;0.0;150.5;7430.0;0.0;0.0;54.5;0.0;2.09;7.58;0.0;;0.6950000000000001;37.584999999999994;0.0;0.0;0.05;21.05;1.93;43.75;;2024-12-20;03:00
11;Île-de-France;Données définitives;7727.5;163.0;0.0;0.0;4.0;0.0;154.5;7357.5;0.0;0.0;49.0;0.0;2.1100000000000003;7.58;0.0;;0.63;33.79;0.0;0.0;0.05;21.05;2.0;44.915;;2024-12-20;04:00
11;Île-de-France;Données définitives;8036.5;163.0;0.0;0.0;4.0;0.0;153.0;7672.5;0.0;0.0;42.5;0.0;2.0300000000000002;7.58;0.0;;0.525;29.314999999999998;0.0;0.0;0.05;21.05;1.9;44.48;;2024-12-20;05:00
11;Île-de-France;Données définitives;8706.5;163.5;0.0;0.0;4.0;0.0;153.5;8339.0;0.0;0.0;45.5;0.0;1.88;7.605;0.0;;0.525;31.375;0.0;0.0;0.045;21.05;1.7650000000000001;44.625;;2024-12-20;06:00
11;Île-de-France;Données définitives;9807.5;163.5;0.0;0.0;4.0;0.0;151.0;9436.0;0.0;0.0;51.5;0.0;1.67;7.605;0.0;;0.525;35.515;0.0;0.0;0.04;21.05;1.54;43.894999999999996;;2024-12-20;07:00
11;Île-de-France;Données définitives;10846.0;163.5;0.0;0.0;4.0;0.0;144.0;10483.0;0.0;0.0;47.0;0.0;1.505;7.605;0.0;;0.435;32.41;0.0;0.0;0.04;21.05;1.33;41.86;;2024-12-20;08:00
11;Île-de-France;Données définitives;11208.0;695.5;0.0;6.5;4.5;0.0;140.5;10325.5;0.0;0.0;37.0;0.0;6.205;32.365;0.0;;0.32999999999999996;25.52;0.060000000000000005;1.56;0.04;23.685000000000002;1.25;40.845;;2024-12-20;09:00
11;Île-de-France;Données définitives;11258.0;604.5;0.0;43.5;5.0;0.0;143.0;10442.5;0.0;0.0;29.5;0.0;5.369999999999999;28.130000000000003;0.0;;0.26;20.345;0.385;10.43;0.04;26.32;1.27;41.57;;2024-12-20;10:00
11;Île-de-France;Données définitives;11041.0;175.5;0.0;86.5;5.0;0.0;138.0;10612.5;0.0;0.0;26.5;0.0;1.585;8.165;0.0;;0.24;18.275;0.78;20.744999999999997;0.05;26.32;1.25;40.115;;2024-12-20;11:00
11;Île-de-France;Données définitives;10913.0;162.0;0.0;112.5;5.0;0.0;140.0;10471.0;0.0;0.0;26.0;0.0;1.48;7.54;0.0;;0.24;17.93;1.03;26.98;0.05;26.32;1.2850000000000001;40.695;;2024-12-20;12:00
11;Île-de-France;Données définitives;10729.0;162.0;0.0;122.0;5.0;0.0;149.5;10262.5;0.0;0.0;27.5;0.0;1.51;7.54;0.0;;0.255;18.965;1.135;29.259999999999998;0.05;26.32;1.395;43.455;;2024-12-20;13:00
11;Île-de-France;Données définitives;10387.5;161.0;0.0;90.0;5.0;0.0;149.0;9953.0;0.0;0.0;31.0;0.0;1.55;7.49;0.0;;0.30000000000000004;21.380000000000003;0.865;21.58;0.05;26.32;1.435;43.31;;2024-12-20;14:00
11;Île-de-France;Données définitives;10178.5;158.5;0.0;44.5;5.0;0.0;149.0;9784.0;0.0;0.0;35.5;0.0;1.56;7.375;0.0;;0.35;24.485;0.44000000000000006;10.67;0.05;26.32;1.4649999999999999;43.31;;2024-12-20;15:00
11;Île-de-France;Données définitives;10143.0;163.0;0.0;11.5;5.0;0.0;153.0;9769.0;0.0;0.0;39.0;0.0;1.605;7.58;0.0;;0.385;26.9;0.115;2.76;0.05;26.32;1.51;44.48;;2024-12-20;16:00
11;Île-de-France;Données définitives;10454.5;162.5;0.0;0.5;5.0;0.0;151.5;10077.0;0.0;0.0;58.0;0.0;1.5550000000000002;7.5600000000000005;0.0;;0.55;40.0;0.005;0.12;0.05;26.32;1.45;44.04;;2024-12-20;17:00
11;Île-de-France;Données définitives;10756.5;163.0;0.0;0.0;5.0;0.0;155.0;10359.0;0.0;0.0;74.5;0.0;1.5150000000000001;7.58;0.0;;0.69;51.379999999999995;0.0;0.0;0.05;26.32;1.44;45.06;;2024-12-20;18:00
11;Île-de-France;Données définitives;10832.0;163.0;0.0;0.0;5.0;0.0;154.5;10414.5;0.0;0.0;95.0;0.0;1.505;7.58;0.0;;0.875;65.515;0.0;0.0;0.05;26.32;1.4249999999999998;44.915000000000006;;2024-12-20;19:00
11;Île-de-France;Données définitives;10508.0;159.0;0.0;0.0;5.0;0.0;156.0;10082.5;0.0;0.0;108.0;0.0;1.5150000000000001;7.4;0.0;;1.025;74.48;0.0;0.0;0.05;26.32;1.4849999999999999;45.35;;2024-12-20;20:00
11;Île-de-France;Données définitives;9883.0;151.5;0.0;0.0;5.0;0.0;156.0;9462.5;0.0;0.0;110.5;0.0;1.53;7.050000000000001;0.0;;1.1150000000000002;76.205;0.0;0.0;0.05;26.32;1.58;45.35;;2024-12-20;21:00
11;Île-de-France;Données définitives;9446.5;152.5;0.0;0.0;5.0;0.0;147.0;9035.5;0.0;0.0;107.5;0.0;1.615;7.095000000000001;0.0;;1.135;74.13499999999999;0.0;0.0;0.05;26.32;1.5550000000000002;42.73;;2024-12-20;22:00
11;Île-de-France;Données définitives;9460.0;153.0;0.0;0.0;5.0;0.0;148.0;9061.0;0.0;0.0;91.0;0.0;1.615;7.12;0.0;;0.96;62.760000000000005;0.0;0.0;0.05;26.32;1.565;43.02;;2024-12-20;23:00
24;Centre-Val de Loire;Données définitives;2403.5;77.0;7041.0;0.0;8.0;0.0;61.0;-5371.0;0.0;0.0;588.5;0.0;3.205;33.33;292.985;60.54;24.485;35.795;0.0;0.0;0.335;8.7;2.54;67.78;;2024-01-29;00:00
24;Centre-Val de Loire;Données définitives;2314.0;78.0;7027.5;0.0;8.0;0.0;61.0;-5397.5;0.0;0.0;538.0;0.0;3.375;33.77;303.745;60.43000000000001;23.27;32.725;0.0;0.0;0.345;8.7;2.635;67.78;;2024-01-29;01:00
24;Centre-Val de Loire;Données définitives;2322.0;78.0;7026.5;0.0;7.5;0.0;61.5;-5290.0;0.0;0.0;438.5;0.0;3.3600000000000003;33.77;302.61;60.415;18.884999999999998;26.67;0.0;0.0;0.32;8.155;2.6500000000000004;68.33500000000001;;2024-01-29;02:00
24;Centre-Val de Loire;Données définitives;2208.0;78.0;7059.0;0.0;7.0;0.0;61.5;-5339.0;0.0;0.0;341.5;0.0;3.535;33.77;319.75;60.7;15.455;20.775;0.0;0.0;0.315;7.61;2.79;68.33500000000001;;2024-01-29;03:00
24;Centre-Val de Loire;Données définitives;2138.0;78.0;7030.0;0.0;7.0;0.0;63.0;-5343.0;0.0;0.0;301.5;0.0;3.65;33.77;328.83;60.45;14.105;18.34;0.0;0.0;0.33;7.61;2.9450000000000003;70.0;;2024-01-29;04:00
24;Centre-Val de Loire;Données définitives;2212.0;78.0;6989.5;0.0;7.0;0.0;62.0;-5233.0;0.0;0.0;308.0;0.0;3.5300000000000002;33.77;316.21500000000003;60.095;13.925;18.735;0.0;0.0;0.315;7.61;2.8049999999999997;68.89;;2024-01-29;05:00
24;Centre-Val de Loire;Données définitives;2450.5;78.0;7020.0;0.0;21.0;0.0;61.0;-5111.5;0.0;0.0;382.0;0.0;3.185;33.77;286.695;60.36;15.57;23.235;0.0;0.0;0.8500000000000001;22.825000000000003;2.49;67.78;;2024-01-29;06:00
24;Centre-Val de Loire;Données définitives;2764.0;78.0;7095.0;0.0;32.5;0.0;60.5;-4977.5;0.0;0.0;475.0;0.0;2.8200000000000003;33.77;256.805;61.004999999999995;17.18;28.895;0.0;0.0;1.18;35.325;2.19;67.225;;2024-01-29;07:00
24;Centre-Val de Loire;Données définitives;2933.5;77.5;7091.5;0.5;33.0;0.0;62.0;-4768.0;0.0;0.0;437.0;0.0;2.64;33.55;241.74;60.980000000000004;14.895;26.58;0.015;0.05;1.125;35.87;2.115;68.89;;2024-01-29;08:00
24;Centre-Val de Loire;Données définitives;2915.0;77.5;7103.5;53.5;33.0;0.0;61.5;-4783.5;0.0;0.0;369.5;0.0;2.6550000000000002;33.55;243.73;61.08;12.67;22.475;1.845;5.505;1.13;35.87;2.11;68.33500000000001;;2024-01-29;09:00
24;Centre-Val de Loire;Données définitives;2805.0;78.0;7161.5;204.0;32.0;0.0;61.5;-5059.0;0.0;0.0;326.5;0.0;2.78;33.77;255.32500000000002;61.575;11.64;19.86;7.285;20.985;1.14;34.78;2.19;68.33500000000001;;2024-01-29;10:00
24;Centre-Val de Loire;Données définitives;2720.5;78.0;7149.0;348.5;18.5;0.0;59.5;-5186.5;0.0;0.0;254.0;0.0;2.865;33.77;262.8;61.47;9.325;15.45;12.82;35.85;0.6799999999999999;20.11;2.185;66.11500000000001;;2024-01-29;11:00
24;Centre-Val de Loire;Données définitives;2569.0;77.5;7042.0;431.5;21.0;0.0;60.0;-5245.0;0.0;0.0;182.5;0.0;3.02;33.55;274.19;60.55;7.11;11.100000000000001;16.810000000000002;44.39;0.815;22.83;2.335;66.67;;2024-01-29;12:00
24;Centre-Val de Loire;Données définitives;2511.5;77.0;7022.5;466.5;24.0;0.0;60.5;-5342.0;0.0;0.0;202.5;0.0;3.065;33.33;279.66999999999996;60.385000000000005;8.07;12.32;18.575;47.995000000000005;0.9550000000000001;26.09;2.41;67.225;;2024-01-29;13:00
24;Centre-Val de Loire;Données définitives;2406.0;77.0;7054.5;426.0;29.0;0.0;59.0;-5430.5;0.0;0.0;191.0;0.0;3.2;33.33;293.385;60.66;7.930000000000001;11.620000000000001;17.695;43.83;1.205;31.52;2.455;65.56;;2024-01-29;14:00
24;Centre-Val de Loire;Données définitives;2401.0;74.0;7100.0;308.0;28.5;0.0;59.0;-5299.0;0.0;0.0;130.5;0.0;3.08;32.035;295.775;61.05;5.43;7.9399999999999995;12.805;31.689999999999998;1.185;30.975;2.455;65.56;;2024-01-29;15:00
24;Centre-Val de Loire;Données définitives;2301.5;70.0;7098.0;147.0;28.0;0.0;59.0;-5210.0;0.0;0.0;109.0;0.0;3.04;30.3;308.53499999999997;61.03;4.74;6.630000000000001;6.359999999999999;15.12;1.2149999999999999;30.43;2.565;65.56;;2024-01-29;16:00
24;Centre-Val de Loire;Données définitives;2298.5;71.0;7104.0;41.0;28.5;0.0;58.0;-5140.5;0.0;0.0;136.5;0.0;3.09;30.74;309.12;61.08;5.935;8.305;1.795;4.215;1.24;30.975;2.5250000000000004;64.44;;2024-01-29;17:00
24;Centre-Val de Loire;Données définitives;2496.5;73.0;7068.5;1.0;32.0;0.0;58.5;-4933.5;0.0;0.0;197.0;0.0;2.925;31.604999999999997;283.185;60.78;7.875;11.985;0.04;0.105;1.2799999999999998;34.78;2.34;65.0;;2024-01-29;18:00
24;Centre-Val de Loire;Données définitives;2600.0;77.0;7068.5;0.0;58.0;0.0;59.5;-4980.0;0.0;0.0;317.0;0.0;2.96;33.33;271.865;60.78;12.195;19.285;0.0;0.0;2.23;63.045;2.29;66.11500000000001;;2024-01-29;19:00
24;Centre-Val de Loire;Données définitives;2447.0;77.0;7079.5;0.0;56.0;0.0;60.0;-5244.5;0.0;0.0;419.0;0.0;3.1500000000000004;33.33;289.53499999999997;60.87;17.155;25.485;0.0;0.0;2.285;60.870000000000005;2.455;66.67;;2024-01-29;20:00
24;Centre-Val de Loire;Données définitives;2300.0;77.0;7547.5;0.0;30.0;0.0;59.0;-5922.0;0.0;0.0;507.5;0.0;3.35;33.33;328.22;64.9;22.049999999999997;30.87;0.0;0.0;1.32;32.61;2.565;65.56;;2024-01-29;21:00
24;Centre-Val de Loire;Données définitives;2282.5;78.0;7603.0;0.0;8.0;0.0;59.0;-6075.0;0.0;0.0;610.5;0.0;3.415;33.77;333.12;65.37;26.75;37.135000000000005;0.0;0.0;0.35;8.7;2.585;65.56;;2024-01-29;22:00
24;Centre-Val de Loire;Données définitives;2226.0;78.0;7607.5;0.0;6.5;0.0;60.0;-6107.0;0.0;0.0;581.5;0.0;3.505;33.77;341.765;65.415;26.125;35.370000000000005;0.0;0.0;0.29500000000000004;7.0649999999999995;2.6950000000000003;66.67;;2024-01-29;23:00
24;Centre-Val de Loire;Données définitives;2310.0;68.0;6425.0;0.0;24.5;0.0;63.0;-5007.0;0.0;0.0;736.5;0.0;2.9450000000000003;29.44;278.19;55.245000000000005;31.880000000000003;44.8;0.0;0.0;1.055;26.63;2.7300000000000004;70.0;;2024-02-14;00:00
24;Centre-Val de Loire;Données définitives;2190.5;68.0;6439.5;0.0;13.5;0.0;63.0;-5117.5;0.0;0.0;723.5;0.0;3.105;29.44;293.975;55.370000000000005;33.025;44.010000000000005;0.0;0.0;0.62;14.675;2.875;70.0;;2024-02-14;01:00
24;Centre-Val de Loire;Données définitives;2099.5;68.0;6459.0;0.0;12.0;0.0;63.5;-5153.5;0.0;0.0;651.0;0.0;3.24;29.44;307.765;55.535;30.979999999999997;39.595;0.0;0.0;0.5700000000000001;13.04;3.0250000000000004;70.555;;2024-02-14;02:00
24;Centre-Val de Loire;Données définitives;1950.0;68.0;6478.0;0.0;10.0;0.0;62.0;-5227.0;0.0;0.0;558.0;0.0;3.49;29.44;332.35;55.705;28.62;33.94;0.0;0.0;0.51;10.870000000000001;3.185;68.89;;2024-02-14;03:00
24;Centre-Val de Loire;Données définitives;1892.5;68.0;6497.0;0.0;8.0;0.0;63.0;-5281.5;0.0;0.0;537.5;0.0;3.5949999999999998;29.44;343.305;55.865;28.405;32.69499999999999;0.0;0.0;0.42;8.7;3.33;70.0;;2024-02-14;04:00
24;Centre-Val de Loire;Données définitives;1922.5;68.0;6520.0;0.0;7.0;0.0;63.5;-5231.5;0.0;0.0;495.5;0.0;3.535;29.44;339.28499999999997;56.06;25.8;30.14;0.0;0.0;0.365;7.61;3.3049999999999997;70.555;;2024-02-14;05:00
24;Centre-Val de Loire;Données définitives;2100.0;68.0;6537.5;0.0;7.0;0.0;62.0;-5100.5;0.0;0.0;525.5;0.0;3.245;29.44;311.635;56.21;25.064999999999998;31.965;0.0;0.0;0.33;7.61;2.955;68.89;;2024-02-14;06:00
24;Centre-Val de Loire;Données définitives;2316.0;68.0;6557.0;0.0;21.0;0.0;62.5;-4962.5;0.0;0.0;571.0;0.0;2.94;29.44;283.33;56.379999999999995;24.630000000000003;34.730000000000004;0.0;0.0;0.8999999999999999;22.825000000000003;2.7;69.445;;2024-02-14;07:00
24;Centre-Val de Loire;Données définitives;2420.5;68.0;6581.5;1.5;32.0;0.0;62.5;-4970.0;0.0;0.0;645.0;0.0;2.81;29.44;271.96000000000004;56.59;26.65;39.235;0.06;0.155;1.32;34.78;2.585;69.445;;2024-02-14;08:00
24;Centre-Val de Loire;Données définitives;2468.0;68.0;6601.5;28.5;32.0;0.0;63.5;-4980.0;0.0;0.0;654.5;0.0;2.755;29.44;267.48;56.765;26.52;39.81;1.155;2.9349999999999996;1.3;34.78;2.57;70.555;;2024-02-14;09:00
24;Centre-Val de Loire;Données définitives;2460.5;67.0;6623.5;103.0;28.5;0.0;63.5;-5051.5;0.0;0.0;627.5;0.0;2.725;29.005000000000003;269.195;56.95;25.505000000000003;38.17;4.185;10.594999999999999;1.155;30.975;2.585;70.555;;2024-02-14;10:00
24;Centre-Val de Loire;Données définitives;2445.0;66.0;6641.0;219.5;17.0;0.0;64.0;-5219.0;0.0;0.0;656.0;0.0;2.7;28.57;271.615;57.105000000000004;26.83;39.900000000000006;8.969999999999999;22.585;0.695;18.48;2.62;71.11;;2024-02-14;11:00
24;Centre-Val de Loire;Données définitives;2407.0;65.5;6653.0;368.5;12.5;0.0;62.5;-5391.0;0.0;0.0;636.0;0.0;2.725;28.355;276.485;57.205;26.405;38.685;15.34;37.915;0.515;13.59;2.595;69.445;;2024-02-14;12:00
24;Centre-Val de Loire;Données définitives;2336.0;65.0;6659.5;449.0;8.0;0.0;65.5;-5425.0;0.0;0.0;514.0;0.0;2.785;28.14;285.2;57.265;21.985;31.265;19.229999999999997;46.195;0.345;8.7;2.8049999999999997;72.775;;2024-02-14;13:00
24;Centre-Val de Loire;Données définitives;2224.0;65.0;6668.5;469.0;8.0;0.0;64.0;-5488.5;0.0;0.0;438.0;0.0;2.925;28.14;299.885;57.34;19.700000000000003;26.645;21.085;48.25;0.36;8.7;2.88;71.11;;2024-02-14;14:00
24;Centre-Val de Loire;Données définitives;2178.5;66.0;6680.5;400.5;8.0;0.0;63.5;-5424.0;0.0;0.0;384.0;0.0;3.0300000000000002;28.57;306.76;57.44;17.615;23.36;18.365000000000002;41.2;0.365;8.7;2.92;70.555;;2024-02-14;15:00
24;Centre-Val de Loire;Données définitives;2100.0;67.0;6706.0;288.0;8.0;0.0;63.5;-5307.0;0.0;0.0;275.5;0.0;3.19;29.0;319.385;57.66;13.11;16.76;13.695;29.63;0.385;8.7;3.025;70.555;;2024-02-14;16:00
24;Centre-Val de Loire;Données définitives;2038.0;67.0;6726.0;125.0;11.5;0.0;59.0;-5202.0;0.0;0.0;251.5;0.0;3.29;29.0;330.03999999999996;57.835;12.34;15.3;6.12;12.86;0.565;12.5;2.895;65.555;;2024-02-14;17:00
24;Centre-Val de Loire;Données définitives;2147.5;67.0;6743.0;13.5;42.0;0.0;59.5;-5052.0;0.0;0.0;274.5;0.0;3.125;29.0;314.385;57.980000000000004;12.785;16.695;0.65;1.385;1.94;45.655;2.775;66.11500000000001;;2024-02-14;18:00
24;Centre-Val de Loire;Données définitives;2359.5;68.0;6744.0;0.0;56.0;0.0;59.5;-4948.5;0.0;0.0;381.0;0.0;2.88;29.44;285.82;57.99;16.15;23.175;0.0;0.0;2.37;60.87;2.52;66.11500000000001;;2024-02-14;19:00
24;Centre-Val de Loire;Données définitives;2258.0;68.0;6744.0;0.0;55.5;0.0;56.5;-5164.0;0.0;0.0;497.5;0.0;3.015;29.44;298.80999999999995;57.989999999999995;22.075;30.259999999999998;0.0;0.0;2.46;60.325;2.505;62.775;;2024-02-14;20:00
24;Centre-Val de Loire;Données définitives;2124.5;68.0;6748.0;0.0;37.0;0.0;59.5;-5375.5;0.0;0.0;587.5;0.0;3.2;29.44;317.635;58.025;27.655;35.735;0.0;0.0;1.74;40.22;2.8049999999999997;66.11500000000001;;2024-02-14;21:00
24;Centre-Val de Loire;Données définitives;2109.0;68.0;6746.0;0.0;17.0;0.0;59.5;-5361.5;0.0;0.0;579.5;0.0;3.225;29.44;319.87;58.01;27.48;35.25;0.0;0.0;0.81;18.48;2.82;66.11500000000001;;2024-02-14;22:00
24;Centre-Val de Loire;Données définitives;2062.5;68.0;6750.5;0.0;12.5;0.0;60.5;-5413.0;0.0;0.0;584.5;0.0;3.3;29.44;327.35;58.045;28.335;35.55;0.0;0.0;0.605;13.59;2.935;67.225;;2024-02-14;23:00
24;Centre-Val de Loire;Données définitives;2214.5;54.0;7858.5;0.0;60.5;0.0;54.5;-6190.0;0.0;0.0;377.0;0.0;2.435;23.38;354.875;67.57499999999999;17.025;22.93;0.0;0.0;2.73;65.75999999999999;2.46;60.555;;2024-03-14;00:00
24;Centre-Val de Loire;Données définitives;2093.5;54.0;7857.5;0.0;29.0;0.0;54.0;-6238.0;0.0;0.0;337.0;0.0;2.575;23.38;375.33000000000004;67.565;16.1;20.494999999999997;0.0;0.0;1.3849999999999998;31.52;2.575;60.0;;2024-03-14;01:00
24;Centre-Val de Loire;Données définitives;2096.0;54.0;7719.0;0.0;21.0;0.0;54.5;-6031.0;0.0;0.0;278.5;0.0;2.58;23.38;368.8;66.37;13.33;16.94;0.0;0.0;1.0;22.83;2.605;60.555;;2024-03-14;02:00
24;Centre-Val de Loire;Données définitives;1952.5;54.0;6888.0;0.0;12.0;0.0;54.0;-5290.5;0.0;0.0;234.5;0.0;2.765;23.38;352.80499999999995;59.224999999999994;12.010000000000002;14.265;0.0;0.0;0.615;13.04;2.765;60.0;;2024-03-14;03:00
24;Centre-Val de Loire;Données définitives;1887.0;54.0;6838.0;0.0;12.0;0.0;55.0;-5298.5;0.0;0.0;227.0;0.0;2.865;23.38;362.37;58.795;12.03;13.809999999999999;0.0;0.0;0.635;13.04;2.915;61.11;;2024-03-14;04:00
24;Centre-Val de Loire;Données définitives;1959.0;54.0;6580.0;0.0;11.5;0.0;55.5;-4993.0;0.0;0.0;251.0;0.0;2.755;23.38;336.01;56.575;12.805;15.27;0.0;0.0;0.585;12.5;2.83;61.665;;2024-03-14;05:00
24;Centre-Val de Loire;Données définitives;2168.5;54.5;6543.5;0.0;32.0;0.0;55.0;-4786.0;0.0;0.0;269.0;0.0;2.5149999999999997;23.595;302.17499999999995;56.265;12.434999999999999;16.365000000000002;0.0;0.0;1.455;34.78;2.54;61.11;;2024-03-14;06:00
24;Centre-Val de Loire;Données définitives;2427.5;54.5;6539.5;3.0;59.5;0.0;55.5;-4531.5;0.0;0.0;247.0;0.0;2.245;23.595;269.495;56.230000000000004;10.175;15.025;0.12;0.31;2.45;64.675;2.285;61.665;;2024-03-14;07:00
24;Centre-Val de Loire;Données définitives;2505.5;54.5;6535.0;106.5;69.5;0.0;54.5;-4592.0;0.0;0.0;277.5;0.0;2.175;23.595;260.865;56.19;11.07;16.88;4.225;10.955;2.7750000000000004;75.53999999999999;2.175;60.555;;2024-03-14;08:00
24;Centre-Val de Loire;Données définitives;2524.5;54.0;6529.0;322.5;53.5;0.0;53.5;-4757.0;0.0;0.0;268.5;0.0;2.1399999999999997;23.38;258.63;56.14;10.629999999999999;16.33;12.785;33.18;2.12;58.155;2.12;59.445;;2024-03-14;09:00
24;Centre-Val de Loire;Données définitives;2439.5;56.0;6512.0;531.5;38.0;0.0;52.5;-4864.0;0.0;0.0;113.5;0.0;2.3;24.244999999999997;266.95;55.995000000000005;4.6450000000000005;6.9;21.805;54.68;1.5550000000000002;41.305;2.1550000000000002;58.335;;2024-03-14;10:00
24;Centre-Val de Loire;Données définitives;2377.0;58.0;6491.0;679.5;15.0;0.0;49.0;-5047.0;0.0;0.0;132.0;0.0;2.44;25.11;273.07500000000005;55.81;5.555;8.03;28.585;69.91;0.63;16.3;2.06;54.44;;2024-03-14;11:00
24;Centre-Val de Loire;Données définitives;2317.5;57.5;6471.5;727.0;6.0;0.0;49.5;-5149.0;0.0;0.0;155.0;0.0;2.4800000000000004;24.895;279.28499999999997;55.64;6.6850000000000005;9.43;31.375;74.795;0.26;6.52;2.1399999999999997;55.0;;2024-03-14;12:00
24;Centre-Val de Loire;Données définitives;2305.0;56.5;6459.0;726.0;5.5;0.0;50.5;-5148.0;0.0;0.0;155.0;0.0;2.45;24.46;280.24;55.535;6.725;9.425;31.494999999999997;74.69;0.24;5.975;2.19;56.115;;2024-03-14;13:00
24;Centre-Val de Loire;Données définitives;2154.5;56.5;6451.0;657.5;5.5;0.0;47.5;-5236.5;0.0;0.0;173.0;0.0;2.625;24.46;299.47;55.47;8.04;10.52;30.505;67.64500000000001;0.255;5.975;2.205;52.775;;2024-03-14;14:00
24;Centre-Val de Loire;Données définitives;2138.0;57.0;6442.5;502.5;6.0;0.0;46.0;-5194.5;0.0;0.0;278.5;0.0;2.665;24.68;301.335;55.394999999999996;13.030000000000001;16.939999999999998;23.5;51.695;0.28;6.52;2.1550000000000002;51.11;;2024-03-14;15:00
24;Centre-Val de Loire;Données définitives;2065.5;56.5;6437.5;361.0;6.0;0.0;48.5;-5159.5;0.0;0.0;315.0;0.0;2.7350000000000003;24.46;311.71500000000003;55.355000000000004;15.25;19.16;17.47;37.14;0.29;6.52;2.3449999999999998;53.885;;2024-03-14;16:00
24;Centre-Val de Loire;Données définitives;2019.5;57.0;6437.0;256.0;6.0;0.0;49.0;-5140.0;0.0;0.0;354.0;0.0;2.825;24.68;318.745;55.35;17.53;21.53;12.68;26.34;0.3;6.52;2.425;54.44;;2024-03-14;17:00
24;Centre-Val de Loire;Données définitives;2084.5;53.0;6439.0;112.0;14.5;0.0;48.5;-5013.5;0.0;0.0;431.0;0.0;2.545;22.945;308.90999999999997;55.365;20.67;26.215;5.390000000000001;11.52;0.6950000000000001;15.760000000000002;2.33;53.885;;2024-03-14;18:00
24;Centre-Val de Loire;Données définitives;2249.5;53.0;6447.0;7.5;52.0;0.0;48.0;-5018.5;0.0;0.0;661.0;0.0;2.355;22.94;286.805;55.435;29.284999999999997;40.205;0.345;0.77;2.31;56.519999999999996;2.135;53.33;;2024-03-14;19:00
24;Centre-Val de Loire;Données définitives;2277.0;51.5;6442.5;0.0;54.0;0.0;51.0;-5268.0;0.0;0.0;945.5;0.0;2.2649999999999997;22.295;282.98;55.394999999999996;41.55;57.51;0.0;0.0;2.37;58.7;2.24;56.67;;2024-03-14;20:00
24;Centre-Val de Loire;Données définitives;2187.0;51.0;6450.5;0.0;50.5;0.0;52.0;-5415.0;0.0;0.0;998.0;0.0;2.335;22.08;294.955;55.465;45.635000000000005;60.705;0.0;0.0;2.3150000000000004;54.895;2.375;57.78;;2024-03-14;21:00
24;Centre-Val de Loire;Données définitives;2143.5;52.5;6451.5;0.0;26.5;0.0;53.5;-5452.5;0.0;0.0;1011.5;0.0;2.45;22.725;300.995;55.475;47.18;61.53;0.0;0.0;1.24;28.805;2.495;59.445;;2024-03-14;22:00
24;Centre-Val de Loire;Données définitives;2162.5;53.0;6455.5;0.0;6.5;0.0;55.0;-5481.5;0.0;0.0;1073.0;0.0;2.455;22.94;298.525;55.510000000000005;49.614999999999995;65.27;0.0;0.0;0.30000000000000004;7.0649999999999995;2.545;61.11;;2024-03-14;23:00
24;Centre-Val de Loire;Données définitives;2064.5;0.0;7595.5;0.0;34.5;0.0;56.5;-5995.5;0.0;0.0;372.5;0.0;0.0;0.0;367.90999999999997;65.31;18.045;22.66;0.0;0.0;1.67;37.5;2.735;62.775;;2024-04-17;00:00
24;Centre-Val de Loire;Données définitives;1942.5;0.0;7428.5;0.0;12.5;0.0;54.5;-6066.0;0.0;0.0;512.5;0.0;0.0;0.0;382.485;63.875;26.395;31.174999999999997;0.0;0.0;0.645;13.59;2.8049999999999997;60.555;;2024-04-17;01:00
24;Centre-Val de Loire;Données définitives;1864.5;0.0;7498.0;0.0;8.0;0.0;53.5;-6216.0;0.0;0.0;521.0;0.0;0.0;0.0;402.15;64.47;27.945;31.689999999999998;0.0;0.0;0.43;8.7;2.87;59.445;;2024-04-17;02:00
24;Centre-Val de Loire;Données définitives;1798.5;0.0;7436.5;0.0;8.0;0.0;56.0;-6209.5;0.0;0.0;507.5;0.0;0.0;0.0;413.49;63.94500000000001;28.215;30.87;0.0;0.0;0.445;8.7;3.115;62.22;;2024-04-17;03:00
24;Centre-Val de Loire;Données définitives;1752.0;0.0;7440.5;0.0;8.0;0.0;55.5;-6198.0;0.0;0.0;445.5;0.0;0.0;0.0;424.69;63.980000000000004;25.425;27.1;0.0;0.0;0.46;8.7;3.17;61.665;;2024-04-17;04:00
24;Centre-Val de Loire;Données définitives;1737.0;0.0;7525.5;0.0;8.0;0.0;56.5;-6246.0;0.0;0.0;392.5;0.0;0.0;0.0;433.235;64.71000000000001;22.595;23.875;0.0;0.0;0.46;8.7;3.25;62.775;;2024-04-17;05:00
24;Centre-Val de Loire;Données définitives;1953.5;0.0;7710.0;0.0;11.5;0.0;55.5;-6227.0;0.0;0.0;403.0;0.0;0.0;0.0;395.495;66.28999999999999;20.725;24.509999999999998;0.0;0.0;0.585;12.5;2.8449999999999998;61.665;;2024-04-17;06:00
24;Centre-Val de Loire;Données définitives;2176.0;0.0;7798.5;2.5;24.5;0.0;55.0;-5982.5;0.0;0.0;277.5;0.0;0.0;0.0;358.73;67.055;12.809999999999999;16.88;0.11;0.255;1.125;26.630000000000003;2.5300000000000002;61.11;;2024-04-17;07:00
24;Centre-Val de Loire;Données définitives;2336.5;0.0;7938.5;53.5;29.5;0.0;54.0;-5973.0;0.0;0.0;234.0;0.0;0.0;0.0;339.775;68.25999999999999;10.015;14.23;2.2800000000000002;5.5;1.26;32.065;2.31;60.0;;2024-04-17;08:00
24;Centre-Val de Loire;Données définitives;2364.5;0.0;7942.5;170.5;34.5;0.0;54.5;-6002.5;0.0;0.0;164.5;0.0;0.0;0.0;335.92;68.28999999999999;6.949999999999999;10.004999999999999;7.225;17.54;1.46;37.5;2.3049999999999997;60.555;;2024-04-17;09:00
24;Centre-Val de Loire;Données définitives;2314.5;0.0;8006.0;325.5;36.0;0.0;54.5;-6292.5;0.0;0.0;185.0;0.0;0.0;0.0;345.905;68.84;7.995;11.254999999999999;14.065000000000001;33.49;1.56;39.13;2.355;60.555;;2024-04-17;10:00
24;Centre-Val de Loire;Données définitives;2261.0;0.0;8356.0;463.0;36.0;0.0;55.5;-6849.5;0.0;0.0;200.0;0.0;0.0;0.0;369.57000000000005;71.845;8.844999999999999;12.165;20.48;47.629999999999995;1.59;39.13;2.455;61.665;;2024-04-17;11:00
24;Centre-Val de Loire;Données définitives;2270.0;0.0;8485.0;531.5;36.0;0.0;55.0;-7097.5;0.0;0.0;259.5;0.0;0.0;0.0;373.865;72.955;11.43;15.785;23.41;54.68;1.585;39.13;2.425;61.11;;2024-04-17;12:00
24;Centre-Val de Loire;Données définitives;2335.5;0.0;8440.0;541.0;27.5;0.0;56.5;-7105.0;0.0;0.0;375.5;0.0;0.0;0.0;361.38;72.57;16.085;22.84;23.165;55.66;1.18;29.89;2.42;62.775;;2024-04-17;13:00
24;Centre-Val de Loire;Données définitives;2278.5;0.0;7632.0;523.5;18.0;0.0;56.5;-6365.0;0.0;0.0;413.0;0.0;0.0;0.0;335.025;65.62;18.255000000000003;25.119999999999997;22.975;53.86;0.79;19.57;2.485;62.775;;2024-04-17;14:00
24;Centre-Val de Loire;Données définitives;2119.5;0.0;7243.5;469.5;18.0;0.0;57.0;-6355.0;0.0;0.0;687.0;0.0;0.0;0.0;341.755;62.28;32.41;41.785;22.15;48.305;0.85;19.57;2.69;63.33;;2024-04-17;15:00
24;Centre-Val de Loire;Données définitives;2116.5;0.0;7133.5;437.0;18.0;0.0;55.5;-6285.5;0.0;0.0;757.0;0.0;0.0;0.0;337.185;61.335;35.72;46.045;20.65;44.955;0.85;19.57;2.625;61.665;;2024-04-17;16:00
24;Centre-Val de Loire;Données définitives;2055.5;0.0;7208.5;296.5;18.0;0.0;54.0;-6106.5;0.0;0.0;584.5;0.0;0.0;0.0;350.7;61.985;28.435000000000002;35.555;14.41;30.505;0.875;19.57;2.63;60.0;;2024-04-17;17:00
24;Centre-Val de Loire;Données définitives;2033.5;0.0;7948.5;166.0;18.0;0.0;56.5;-6769.5;0.0;0.0;613.0;0.0;0.0;0.0;391.005;68.345;30.165;37.285;8.185;17.08;0.885;19.57;2.785;62.775;;2024-04-17;18:00
24;Centre-Val de Loire;Données définitives;2294.0;0.0;8432.0;78.5;18.0;0.0;56.5;-6954.5;0.0;0.0;663.5;0.0;0.0;0.0;367.71500000000003;72.505;28.95;40.36;3.435;8.075;0.785;19.57;2.465;62.775;;2024-04-17;19:00
24;Centre-Val de Loire;Données définitives;2244.0;0.0;8431.0;27.0;18.0;0.0;56.5;-6923.5;0.0;0.0;634.0;0.0;0.0;0.0;375.725;72.495;28.235;38.565;1.2;2.775;0.805;19.57;2.5199999999999996;62.775;;2024-04-17;20:00
24;Centre-Val de Loire;Données définitives;2177.5;0.0;8593.5;0.5;18.0;0.0;56.5;-6866.5;0.0;0.0;374.5;0.0;0.0;0.0;394.655;73.89;17.21;22.78;0.025;0.05;0.825;19.57;2.5949999999999998;62.775;;2024-04-17;21:00
24;Centre-Val de Loire;Données définitives;2169.5;0.0;8606.0;0.0;25.5;0.0;56.5;-6823.0;0.0;0.0;304.5;0.0;0.0;0.0;396.67999999999995;73.995;14.04;18.52;0.0;0.0;1.175;27.72;2.5999999999999996;62.775;;2024-04-17;22:00
24;Centre-Val de Loire;Données définitives;2173.5;0.0;8632.5;0.0;36.0;0.0;56.0;-6842.0;0.0;0.0;291.0;0.0;0.0;0.0;397.16999999999996;74.225;13.39;17.700000000000003;0.0;0.0;1.6549999999999998;39.13;2.575;62.22;;2024-04-17;23:00
24;Centre-Val de Loire;Données définitives;1737.0;0.0;6764.0;0.0;47.0;0.0;59.0;-5506.0;0.0;0.0;373.0;0.0;0.0;0.0;389.66999999999996;58.16;21.505;22.689999999999998;0.0;0.0;2.71;51.09;3.4;65.56;;2024-05-13;00:00
24;Centre-Val de Loire;Données définitives;1618.5;0.0;6573.0;0.0;47.0;0.0;59.0;-5411.0;0.0;0.0;350.0;0.0;0.0;0.0;406.14;56.515;21.625;21.29;0.0;0.0;2.9050000000000002;51.09;3.645;65.56;;2024-05-13;01:00
24;Centre-Val de Loire;Données définitives;1478.0;0.0;6515.5;0.0;39.0;0.0;59.0;-5429.0;0.0;0.0;293.5;0.0;0.0;0.0;440.83500000000004;56.025000000000006;19.865000000000002;17.855;0.0;0.0;2.6399999999999997;42.395;3.995;65.56;;2024-05-13;02:00
24;Centre-Val de Loire;Données définitives;1417.0;0.0;6493.5;0.0;30.0;0.0;58.5;-5428.5;0.0;0.0;263.5;0.0;0.0;0.0;458.315;55.83;18.6;16.03;0.0;0.0;2.12;32.61;4.13;65.0;;2024-05-13;03:00
24;Centre-Val de Loire;Données définitives;1382.5;0.0;6420.5;0.0;30.0;0.0;59.0;-5361.5;0.0;0.0;234.0;0.0;0.0;0.0;464.41999999999996;55.21;16.924999999999997;14.235;0.0;0.0;2.17;32.61;4.265000000000001;65.56;;2024-05-13;04:00
24;Centre-Val de Loire;Données définitives;1384.5;0.0;6455.5;0.0;30.0;0.0;59.0;-5310.0;0.0;0.0;150.5;0.0;0.0;0.0;466.28;55.505;10.885;9.155000000000001;0.0;0.0;2.17;32.61;4.26;65.56;;2024-05-13;05:00
24;Centre-Val de Loire;Données définitives;1521.0;0.0;6565.5;0.0;41.5;0.0;59.0;-5281.5;0.0;0.0;136.5;0.0;0.0;0.0;431.94;56.45;8.98;8.3;0.0;0.0;2.7199999999999998;45.105;3.88;65.56;;2024-05-13;06:00
24;Centre-Val de Loire;Données définitives;1507.0;0.0;7125.5;17.0;47.5;0.0;58.5;-5841.5;0.0;0.0;100.5;0.0;0.0;0.0;473.495;61.269999999999996;6.76;6.115;1.095;1.75;3.165;51.63;3.8899999999999997;65.0;;2024-05-13;07:00
24;Centre-Val de Loire;Données définitives;1769.0;0.0;7466.0;99.0;47.0;0.0;58.5;-5953.0;0.0;0.0;52.0;0.0;0.0;0.0;422.315;64.195;2.95;3.165;5.555;10.184999999999999;2.66;51.09;3.31;65.0;;2024-05-13;08:00
24;Centre-Val de Loire;Données définitives;1854.0;0.0;7480.0;249.5;49.5;0.0;58.0;-6044.5;0.0;0.0;61.5;0.0;0.0;0.0;403.485;64.315;3.315;3.745;13.434999999999999;25.67;2.67;53.805;3.13;64.44;;2024-05-13;09:00
24;Centre-Val de Loire;Données définitives;1953.0;0.0;6873.0;400.5;53.0;0.0;58.0;-5545.5;0.0;0.0;114.5;0.0;0.0;0.0;352.125;59.1;5.925;6.965;20.665;41.205;2.7249999999999996;57.61;2.98;64.44;;2024-05-13;10:00
24;Centre-Val de Loire;Données définitives;1845.0;0.0;6417.5;472.5;11.0;0.0;56.0;-5298.5;0.0;0.0;186.5;0.0;0.0;0.0;347.85;55.185;10.1;11.344999999999999;25.6;48.61;0.6000000000000001;11.954999999999998;3.035;62.22;;2024-05-13;11:00
24;Centre-Val de Loire;Données définitives;1822.5;0.0;6388.0;422.5;10.0;0.0;59.5;-5205.5;0.0;0.0;147.5;0.0;0.0;0.0;350.62;54.925;8.055;8.975;23.125;43.47;0.55;10.87;3.265;66.11500000000001;;2024-05-13;12:00
24;Centre-Val de Loire;Données définitives;1882.0;0.0;6078.5;385.0;10.0;0.0;59.5;-4745.0;0.0;0.0;93.5;0.0;0.0;0.0;323.72;52.265;4.98;5.685;20.450000000000003;39.61;0.535;10.87;3.165;66.11500000000001;;2024-05-13;13:00
24;Centre-Val de Loire;Données définitives;1699.5;0.0;5324.0;439.0;10.0;0.0;58.0;-4217.5;0.0;0.0;85.0;0.0;0.0;0.0;313.27;45.78;5.0;5.17;25.83;45.165000000000006;0.59;10.87;3.415;64.445;;2024-05-13;14:00
24;Centre-Val de Loire;Données définitives;1704.0;0.0;5334.0;582.5;10.0;0.0;57.0;-4392.0;0.0;0.0;112.5;0.0;0.0;0.0;313.03;45.865;6.605;6.845;34.185;59.93000000000001;0.59;10.87;3.3449999999999998;63.33;;2024-05-13;15:00
24;Centre-Val de Loire;Données définitives;1695.0;0.0;5339.0;741.5;10.0;0.0;57.5;-4622.0;0.0;0.0;170.5;0.0;0.0;0.0;315.0;45.905;10.055;10.375;43.76;76.285;0.59;10.87;3.395;63.885;;2024-05-13;16:00
24;Centre-Val de Loire;Données définitives;1665.5;0.0;5422.0;613.0;13.5;0.0;56.5;-4597.5;0.0;0.0;158.0;0.0;0.0;0.0;325.56;46.62;9.49;9.61;36.81;63.065;0.81;14.675;3.395;62.775;;2024-05-13;17:00
24;Centre-Val de Loire;Données définitives;1722.0;0.0;5367.5;411.0;28.0;0.0;56.5;-4280.5;0.0;0.0;138.0;0.0;0.0;0.0;311.685;46.15;8.01;8.395;23.835;42.285;1.635;30.435;3.2800000000000002;62.775;;2024-05-13;18:00
24;Centre-Val de Loire;Données définitives;1734.5;0.0;6017.0;195.5;48.5;0.0;58.0;-4685.5;0.0;0.0;101.0;0.0;0.0;0.0;346.97;51.739999999999995;5.82;6.145;11.265;20.115000000000002;2.8;52.72;3.34;64.44;;2024-05-13;19:00
24;Centre-Val de Loire;Données définitives;1788.5;0.0;6694.0;60.5;54.5;0.0;58.0;-5143.5;0.0;0.0;64.0;0.0;0.0;0.0;374.40999999999997;57.56;3.5700000000000003;3.895;3.365;6.225;3.05;59.24;3.245;64.44;;2024-05-13;20:00
24;Centre-Val de Loire;Données définitives;1672.0;0.0;6719.0;6.5;45.5;0.0;57.5;-5203.5;0.0;0.0;46.5;0.0;0.0;0.0;401.985;57.775;2.7800000000000002;2.83;0.385;0.665;2.7199999999999998;49.455;3.44;63.885;;2024-05-13;21:00
24;Centre-Val de Loire;Données définitives;1647.5;0.0;6736.5;0.0;55.0;0.0;58.0;-5239.5;0.0;0.0;36.5;0.0;0.0;0.0;408.98;57.925;2.21;2.22;0.0;0.0;3.34;59.78;3.52;64.44;;2024-05-13;22:00
24;Centre-Val de Loire;Données définitives;1678.5;0.0;7095.0;0.0;55.0;0.0;58.5;-5543.0;0.0;0.0;13.0;0.0;0.0;0.0;422.865;61.005;0.78;0.79;0.0;0.0;3.2800000000000002;59.78;3.4850000000000003;65.0;;2024-05-13;23:00
24;Centre-Val de Loire;Données définitives;1888.5;0.0;9551.5;0.0;23.0;0.0;60.0;-7883.5;0.0;0.0;137.5;0.0;0.0;0.0;505.94000000000005;82.13;7.275;8.365;0.0;0.0;1.22;25.0;3.18;66.67;;2024-06-11;00:00
24;Centre-Val de Loire;Données définitives;1748.0;0.0;9437.5;0.0;22.0;0.0;59.5;-7924.0;0.0;0.0;153.0;0.0;0.0;0.0;539.935;81.15;8.754999999999999;9.305;0.0;0.0;1.26;23.91;3.4000000000000004;66.11500000000001;;2024-06-11;01:00
24;Centre-Val de Loire;Données définitives;1658.0;0.0;9446.0;0.0;13.5;0.0;59.0;-8038.0;0.0;0.0;178.0;0.0;0.0;0.0;569.745;81.225;10.735;10.83;0.0;0.0;0.81;14.67;3.56;65.56;;2024-06-11;02:00
24;Centre-Val de Loire;Données définitives;1579.0;0.0;9506.0;0.0;4.0;0.0;60.0;-8172.0;0.0;0.0;181.0;0.0;0.0;0.0;602.15;81.74000000000001;11.465;11.01;0.0;0.0;0.255;4.35;3.8;66.67;;2024-06-11;03:00
24;Centre-Val de Loire;Données définitives;1481.0;0.0;9864.0;0.0;4.0;0.0;59.5;-8599.5;0.0;0.0;153.5;0.0;0.0;0.0;666.065;84.815;10.36;9.34;0.0;0.0;0.27;4.35;4.015000000000001;66.11500000000001;;2024-06-11;04:00
24;Centre-Val de Loire;Données définitives;1515.0;0.0;10096.5;0.0;4.0;0.0;59.5;-8785.0;0.0;0.0;140.0;0.0;0.0;0.0;666.44;86.815;9.24;8.515;0.0;0.0;0.265;4.35;3.9299999999999997;66.11500000000001;;2024-06-11;05:00
24;Centre-Val de Loire;Données définitives;1651.0;0.0;10245.0;4.0;8.0;0.0;60.0;-8827.5;0.0;0.0;162.0;0.0;0.0;0.0;621.2049999999999;88.09;9.805;9.855;0.235;0.41;0.475;8.695;3.6399999999999997;66.67;;2024-06-11;06:00
24;Centre-Val de Loire;Données définitives;1831.0;0.0;10310.0;47.5;17.0;0.0;59.0;-8777.0;0.0;0.0;175.5;0.0;0.0;0.0;563.7950000000001;88.65;9.605;10.675;2.56;4.885;0.925;18.48;3.2249999999999996;65.56;;2024-06-11;07:00
24;Centre-Val de Loire;Données définitives;1976.0;0.0;10311.0;181.5;22.0;0.0;59.0;-8716.0;0.0;0.0;118.5;0.0;0.0;0.0;521.81;88.655;6.0;7.205;9.18;18.674999999999997;1.1150000000000002;23.91;2.9850000000000003;65.56;;2024-06-11;08:00
24;Centre-Val de Loire;Données définitives;2033.5;0.0;10446.5;392.0;22.0;0.0;58.5;-8956.5;0.0;0.0;71.5;0.0;0.0;0.0;513.735;89.825;3.52;4.345000000000001;19.265;40.33;1.085;23.91;2.88;65.0;;2024-06-11;09:00
24;Centre-Val de Loire;Données définitives;2095.0;0.0;10298.5;593.5;21.5;0.0;58.5;-8933.5;0.0;0.0;56.0;0.0;0.0;0.0;491.695;88.555;2.6799999999999997;3.405;28.310000000000002;61.06;1.025;23.369999999999997;2.795;65.0;;2024-06-11;10:00
24;Centre-Val de Loire;Données définitives;2103.5;0.0;9417.0;659.5;13.5;0.0;59.0;-8075.5;0.0;0.0;30.5;0.0;0.0;0.0;447.68;80.975;1.4500000000000002;1.855;31.355;67.85;0.64;14.67;2.8049999999999997;65.56;;2024-06-11;11:00
24;Centre-Val de Loire;Données définitives;2076.5;0.0;9184.5;710.5;4.0;0.0;58.0;-7936.0;0.0;0.0;55.5;0.0;0.0;0.0;442.31;78.97;2.675;3.375;34.215;73.095;0.19;4.35;2.795;64.44;;2024-06-11;12:00
24;Centre-Val de Loire;Données définitives;2133.0;0.0;9183.5;749.5;4.0;0.0;58.5;-7926.0;0.0;0.0;64.0;0.0;0.0;0.0;430.54499999999996;78.965;3.0;3.8950000000000005;35.14;77.11;0.19;4.35;2.745;65.0;;2024-06-11;13:00
24;Centre-Val de Loire;Données définitives;2038.5;0.0;9174.0;698.0;4.0;0.0;57.5;-7973.0;0.0;0.0;78.0;0.0;0.0;0.0;450.145;78.885;3.835;4.745;34.245;71.81;0.195;4.35;2.82;63.885;;2024-06-11;14:00
24;Centre-Val de Loire;Données définitives;1983.5;0.0;9168.5;699.0;4.0;0.0;58.0;-8012.0;0.0;0.0;66.0;0.0;0.0;0.0;462.32500000000005;78.835;3.34;4.01;35.245;71.915;0.2;4.35;2.925;64.44;;2024-06-11;15:00
24;Centre-Val de Loire;Données définitives;1942.0;0.0;9156.0;610.5;4.0;0.0;57.5;-7998.5;0.0;0.0;111.5;0.0;0.0;0.0;471.475;78.725;5.74;6.78;31.435000000000002;62.81;0.21;4.35;2.96;63.885;;2024-06-11;16:00
24;Centre-Val de Loire;Données définitives;1846.0;0.0;9244.5;530.0;4.0;0.0;57.5;-8075.0;0.0;0.0;84.0;0.0;0.0;0.0;501.13;79.49000000000001;4.535;5.109999999999999;28.7;54.525;0.215;4.35;3.115;63.885;;2024-06-11;17:00
24;Centre-Val de Loire;Données définitives;1891.0;0.0;9624.5;430.0;12.5;0.0;58.0;-8326.5;0.0;0.0;92.0;0.0;0.0;0.0;509.305;82.755;4.885;5.595000000000001;22.73;44.24;0.6599999999999999;13.585;3.07;64.44;;2024-06-11;18:00
24;Centre-Val de Loire;Données définitives;2012.5;0.0;10198.0;287.0;21.5;0.0;58.0;-8764.0;0.0;0.0;211.0;0.0;0.0;0.0;506.775;87.685;10.469999999999999;12.835;14.280000000000001;29.525;1.065;23.369999999999997;2.885;64.44;;2024-06-11;19:00
24;Centre-Val de Loire;Données définitives;1918.5;0.0;10276.0;126.5;22.0;0.0;58.0;-8825.0;0.0;0.0;260.5;0.0;0.0;0.0;535.825;88.36;13.58;15.844999999999999;6.5649999999999995;13.015;1.15;23.91;3.0250000000000004;64.44;;2024-06-11;20:00
24;Centre-Val de Loire;Données définitives;1835.5;0.0;10309.0;32.5;22.0;0.0;58.0;-8798.0;0.0;0.0;211.5;0.0;0.0;0.0;561.7;88.645;11.53;12.865;1.775;3.3400000000000003;1.2;23.91;3.165;64.44;;2024-06-11;21:00
24;Centre-Val de Loire;Données définitives;1841.5;0.0;10347.0;1.5;22.0;0.0;58.0;-8728.5;0.0;0.0;140.5;0.0;0.0;0.0;561.905;88.97;7.635;8.545;0.08;0.155;1.1949999999999998;23.91;3.15;64.44;;2024-06-11;22:00
24;Centre-Val de Loire;Données définitives;1874.0;0.0;10362.0;0.0;22.0;0.0;58.0;-8707.5;0.0;0.0;139.5;0.0;0.0;0.0;552.98;89.095;7.4350000000000005;8.485;0.0;0.0;1.1749999999999998;23.91;3.0999999999999996;64.44;;2024-06-11;23:00
24;Centre-Val de Loire;Données définitives;1819.5;0.0;9791.5;0.0;26.0;0.0;61.0;-8229.5;0.0;0.0;171.0;0.0;0.0;0.0;538.74;84.19;9.365;10.4;0.0;0.0;1.425;28.259999999999998;3.3550000000000004;67.78;;2024-07-10;00:00
24;Centre-Val de Loire;Données définitives;1623.0;0.0;9669.0;0.0;22.0;0.0;60.5;-8250.5;0.0;0.0;121.5;0.0;0.0;0.0;596.135;83.13999999999999;7.465;7.395;0.0;0.0;1.355;23.91;3.725;67.225;;2024-07-10;01:00
24;Centre-Val de Loire;Données définitives;1431.5;0.0;9598.5;0.0;4.5;0.0;60.5;-8408.0;0.0;0.0;176.0;0.0;0.0;0.0;670.475;82.535;12.285;10.71;0.0;0.0;0.315;4.89;4.225;67.225;;2024-07-10;02:00
24;Centre-Val de Loire;Données définitives;1356.0;0.0;9802.0;0.0;4.0;0.0;61.5;-8711.0;0.0;0.0;199.5;0.0;0.0;0.0;724.0;84.285;14.785;12.135;0.0;0.0;0.29500000000000004;4.35;4.54;68.33500000000001;;2024-07-10;03:00
24;Centre-Val de Loire;Données définitives;1295.5;0.0;9820.5;0.0;4.0;0.0;61.5;-8848.0;0.0;0.0;257.0;0.0;0.0;0.0;758.105;84.44;19.845;15.629999999999999;0.0;0.0;0.31;4.35;4.745;68.33500000000001;;2024-07-10;04:00
24;Centre-Val de Loire;Données définitives;1312.0;0.0;9842.0;0.0;4.0;0.0;62.0;-8799.0;0.0;0.0;202.5;0.0;0.0;0.0;750.4449999999999;84.625;15.469999999999999;12.315000000000001;0.0;0.0;0.305;4.35;4.725;68.89;;2024-07-10;05:00
24;Centre-Val de Loire;Données définitives;1408.0;0.0;9838.5;1.0;4.0;0.0;62.5;-8743.0;0.0;0.0;245.0;0.0;0.0;0.0;698.885;84.595;17.375;14.905000000000001;0.07;0.105;0.28500000000000003;4.35;4.4399999999999995;69.445;;2024-07-10;06:00
24;Centre-Val de Loire;Données définitives;1558.0;0.0;9829.0;36.0;4.0;0.0;62.0;-8618.5;0.0;0.0;245.5;0.0;0.0;0.0;631.84;84.51;15.825;14.934999999999999;2.27;3.7;0.26;4.35;3.985;68.89;;2024-07-10;07:00
24;Centre-Val de Loire;Données définitives;1701.0;0.0;9831.0;119.0;15.0;0.0;63.0;-8499.5;0.0;0.0;174.0;0.0;0.0;0.0;578.16;84.53;10.235;10.58;6.97;12.245000000000001;0.8800000000000001;16.305;3.705;70.0;;2024-07-10;08:00
24;Centre-Val de Loire;Données définitives;1905.5;0.0;9835.0;231.5;21.5;0.0;61.0;-8383.5;0.0;0.0;140.0;0.0;0.0;0.0;516.155;84.565;7.35;8.515;12.14;23.815;1.13;23.369999999999997;3.2;67.78;;2024-07-10;09:00
24;Centre-Val de Loire;Données définitives;1930.5;0.0;9835.5;343.0;22.0;0.0;59.5;-8487.0;0.0;0.0;157.0;0.0;0.0;0.0;509.48;84.57;8.129999999999999;9.55;17.765;35.285000000000004;1.14;23.91;3.08;66.11500000000001;;2024-07-10;10:00
24;Centre-Val de Loire;Données définitives;1980.5;0.0;9831.0;504.0;21.5;0.0;60.5;-8637.5;0.0;0.0;201.0;0.0;0.0;0.0;496.4;84.535;10.15;12.23;25.455;51.855000000000004;1.085;23.369999999999997;3.0549999999999997;67.225;;2024-07-10;11:00
24;Centre-Val de Loire;Données définitives;1973.5;0.0;9823.0;619.5;13.0;0.0;60.0;-8792.5;0.0;0.0;250.5;0.0;0.0;0.0;497.745;84.46000000000001;12.690000000000001;15.235;31.39;63.735;0.655;14.129999999999999;3.04;66.67;;2024-07-10;12:00
24;Centre-Val de Loire;Données définitives;2074.5;0.0;9751.0;681.5;4.0;0.0;60.5;-8697.5;0.0;0.0;274.0;0.0;0.0;0.0;470.045;83.845;13.205;16.665;32.849999999999994;70.115;0.19;4.35;2.915;67.225;;2024-07-10;13:00
24;Centre-Val de Loire;Données définitives;2011.5;0.0;9710.0;645.5;4.0;0.0;59.5;-8687.5;0.0;0.0;280.0;0.0;0.0;0.0;482.77;83.49;13.925;17.03;32.09;66.41;0.2;4.35;2.96;66.11500000000001;;2024-07-10;14:00
24;Centre-Val de Loire;Données définitives;2000.0;0.0;9753.0;588.0;4.0;0.0;59.5;-8712.0;0.0;0.0;307.5;0.0;0.0;0.0;487.775;83.86500000000001;15.379999999999999;18.705;29.4;60.489999999999995;0.2;4.35;2.975;66.11500000000001;;2024-07-10;15:00
24;Centre-Val de Loire;Données définitives;1896.0;0.0;9758.5;533.0;4.0;0.0;59.5;-8752.0;0.0;0.0;292.5;0.0;0.0;0.0;515.105;83.905;15.42;17.79;28.105;54.835;0.215;4.35;3.14;66.11500000000001;;2024-07-10;16:00
24;Centre-Val de Loire;Données définitives;1691.5;0.0;9764.5;437.0;4.0;0.0;59.0;-8843.5;0.0;0.0;270.5;0.0;0.0;0.0;577.27;83.96000000000001;15.989999999999998;16.455;25.84;44.96;0.24;4.35;3.4850000000000003;65.56;;2024-07-10;17:00
24;Centre-Val de Loire;Données définitives;1660.5;0.0;9779.0;294.0;4.0;0.0;60.0;-8725.0;0.0;0.0;248.0;0.0;0.0;0.0;588.915;84.08500000000001;14.935;15.085;17.705;30.25;0.24;4.35;3.61;66.67;;2024-07-10;18:00
24;Centre-Val de Loire;Données définitives;1774.5;0.0;9795.5;174.5;4.0;0.0;59.5;-8506.5;0.0;0.0;247.0;0.0;0.0;0.0;552.0150000000001;84.225;13.92;15.02;9.835;17.955;0.23;4.35;3.355;66.11500000000001;;2024-07-10;19:00
24;Centre-Val de Loire;Données définitives;1739.5;0.0;9792.5;78.5;15.0;0.0;60.0;-8407.0;0.0;0.0;200.5;0.0;0.0;0.0;562.965;84.2;11.515;12.195;4.505;8.075;0.865;16.305;3.45;66.67;;2024-07-10;20:00
24;Centre-Val de Loire;Données définitives;1707.5;0.0;9744.0;15.0;22.0;0.0;61.0;-8257.0;0.0;0.0;123.0;0.0;0.0;0.0;570.6700000000001;83.78;7.21;7.484999999999999;0.88;1.545;1.2850000000000001;23.91;3.57;67.78;;2024-07-10;21:00
24;Centre-Val de Loire;Données définitives;1682.0;0.0;9783.0;0.5;21.5;0.0;61.5;-8301.0;0.0;0.0;116.5;0.0;0.0;0.0;581.88;84.12;6.92;7.085;0.03;0.05;1.28;23.369999999999997;3.66;68.33500000000001;;2024-07-10;22:00
24;Centre-Val de Loire;Données définitives;1738.0;0.0;9818.0;0.0;21.5;0.0;62.0;-8317.5;0.0;0.0;153.5;0.0;0.0;0.0;564.905;84.42;8.83;9.335;0.0;0.0;1.2349999999999999;23.369999999999997;3.565;68.89;;2024-07-10;23:00
24;Centre-Val de Loire;Données définitives;1495.5;0.0;7905.0;0.0;1.0;0.0;62.0;-6483.0;0.0;0.0;10.5;0.0;0.0;0.0;528.97;67.975;0.7050000000000001;0.64;0.0;0.0;0.065;1.09;4.15;68.89;;2024-08-20;00:00
24;Centre-Val de Loire;Données définitives;1324.5;0.0;7830.0;0.0;2.0;0.0;61.0;-6582.5;0.0;0.0;14.5;0.0;0.0;0.0;591.175;67.325;1.095;0.88;0.0;0.0;0.15;2.17;4.605;67.78;;2024-08-20;01:00
24;Centre-Val de Loire;Données définitives;1245.0;0.0;7881.5;0.0;2.0;0.0;61.5;-6726.5;0.0;0.0;26.5;0.0;0.0;0.0;633.0699999999999;67.77;2.13;1.6149999999999998;0.0;0.0;0.16;2.17;4.9399999999999995;68.33500000000001;;2024-08-20;02:00
24;Centre-Val de Loire;Données définitives;1169.5;0.0;7918.5;0.0;2.0;0.0;62.0;-6856.0;0.0;0.0;43.0;0.0;0.0;0.0;677.165;68.09;3.6799999999999997;2.615;0.0;0.0;0.17;2.17;5.3;68.89;;2024-08-20;03:00
24;Centre-Val de Loire;Données définitives;1141.0;0.0;7849.5;0.0;2.0;0.0;63.0;-6854.0;0.0;0.0;81.0;0.0;0.0;0.0;687.95;67.49000000000001;7.1;4.93;0.0;0.0;0.18;2.17;5.525;70.0;;2024-08-20;04:00
24;Centre-Val de Loire;Données définitives;1158.5;0.0;7825.5;0.0;2.0;0.0;63.0;-6815.0;0.0;0.0;83.0;0.0;0.0;0.0;675.585;67.285;7.175000000000001;5.045;0.0;0.0;0.17;2.17;5.4399999999999995;70.0;;2024-08-20;05:00
24;Centre-Val de Loire;Données définitives;1215.0;0.0;7954.5;0.0;2.0;0.0;61.5;-6840.0;0.0;0.0;36.5;0.0;0.0;0.0;655.3599999999999;68.39500000000001;3.04;2.2199999999999998;0.0;0.0;0.165;2.17;5.07;68.33500000000001;;2024-08-20;06:00
24;Centre-Val de Loire;Données définitives;1303.0;0.0;7997.5;5.5;5.5;0.0;63.0;-6793.5;0.0;0.0;25.0;0.0;0.0;0.0;613.97;68.765;1.915;1.52;0.415;0.565;0.42000000000000004;5.975;4.84;70.0;;2024-08-20;07:00
24;Centre-Val de Loire;Données définitives;1394.0;0.0;8022.0;79.5;10.0;0.0;63.0;-6824.5;0.0;0.0;44.5;0.0;0.0;0.0;575.585;68.97999999999999;3.185;2.705;5.67;8.18;0.72;10.87;4.52;70.0;;2024-08-20;08:00
24;Centre-Val de Loire;Données définitives;1482.0;0.0;8038.0;252.0;10.0;0.0;61.5;-6932.5;0.0;0.0;52.5;0.0;0.0;0.0;542.45;69.11500000000001;3.55;3.1950000000000003;16.965;25.925;0.675;10.87;4.15;68.33500000000001;;2024-08-20;09:00
24;Centre-Val de Loire;Données définitives;1538.5;0.0;8012.5;466.5;10.5;0.0;62.5;-7044.5;0.0;0.0;31.5;0.0;0.0;0.0;520.8050000000001;68.895;2.05;1.915;30.33;47.995000000000005;0.685;11.415;4.0649999999999995;69.445;;2024-08-20;10:00
24;Centre-Val de Loire;Données définitives;1595.5;0.0;7989.0;651.5;2.0;0.0;62.0;-7177.5;0.0;0.0;68.5;0.0;0.0;0.0;500.79;68.695;4.285;4.17;40.81;67.025;0.125;2.17;3.885;68.89;;2024-08-20;11:00
24;Centre-Val de Loire;Données définitives;1606.5;0.0;7969.0;775.0;2.0;0.0;60.5;-7342.5;0.0;0.0;143.0;0.0;0.0;0.0;496.13;68.525;8.885;8.7;48.230000000000004;79.735;0.125;2.17;3.77;67.225;;2024-08-20;12:00
24;Centre-Val de Loire;Données définitives;1683.0;0.0;7927.5;830.0;2.0;0.0;59.0;-7354.0;0.0;0.0;219.0;0.0;0.0;0.0;471.06;68.16499999999999;13.025;13.325;49.325;85.395;0.12;2.17;3.505;65.555;;2024-08-20;13:00
24;Centre-Val de Loire;Données définitives;1622.0;0.0;7871.0;820.0;2.0;0.0;60.5;-7443.0;0.0;0.0;312.5;0.0;0.0;0.0;485.275;67.67500000000001;19.275;19.009999999999998;50.555;84.36;0.12;2.17;3.7300000000000004;67.225;;2024-08-20;14:00
24;Centre-Val de Loire;Données définitives;1651.0;0.0;7874.5;733.0;2.0;0.0;59.5;-7419.5;0.0;0.0;401.5;0.0;0.0;0.0;477.19500000000005;67.71000000000001;24.36;24.42;44.375;75.41499999999999;0.12;2.17;3.605;66.11500000000001;;2024-08-20;15:00
24;Centre-Val de Loire;Données définitives;1593.5;0.0;7862.0;595.5;2.0;0.0;61.0;-7369.0;0.0;0.0;442.5;0.0;0.0;0.0;493.405;67.6;27.77;26.915;37.349999999999994;61.265;0.125;2.17;3.83;67.78;;2024-08-20;16:00
24;Centre-Val de Loire;Données définitives;1551.5;0.0;7819.5;427.5;2.0;0.0;62.0;-7245.0;0.0;0.0;487.0;0.0;0.0;0.0;503.995;67.235;31.395000000000003;29.619999999999997;27.545;43.980000000000004;0.13;2.17;3.995;68.89;;2024-08-20;17:00
24;Centre-Val de Loire;Données définitives;1507.5;0.0;7789.5;241.0;2.0;0.0;62.0;-7077.5;0.0;0.0;491.0;0.0;0.0;0.0;516.8299999999999;66.975;32.615;29.865000000000002;15.940000000000001;24.795;0.13;2.17;4.115;68.89;;2024-08-20;18:00
24;Centre-Val de Loire;Données définitives;1597.5;0.0;7869.5;111.5;5.5;0.0;62.0;-7060.5;0.0;0.0;609.5;0.0;0.0;0.0;492.625;67.66499999999999;38.16;37.075;6.970000000000001;11.469999999999999;0.345;5.975;3.88;68.89;;2024-08-20;19:00
24;Centre-Val de Loire;Données définitives;1562.5;0.0;7889.5;35.0;10.5;0.0;62.0;-6947.0;0.0;0.0;512.0;0.0;0.0;0.0;505.12;67.83500000000001;32.66;31.145000000000003;2.2249999999999996;3.6;0.6699999999999999;11.415;3.9699999999999998;68.89;;2024-08-20;20:00
24;Centre-Val de Loire;Données définitives;1495.0;0.0;7894.5;2.0;10.5;0.0;63.0;-6777.5;0.0;0.0;302.0;0.0;0.0;0.0;528.265;67.88;20.225;18.37;0.135;0.205;0.7;11.415;4.215;70.0;;2024-08-20;21:00
24;Centre-Val de Loire;Données définitives;1482.5;0.0;7866.5;0.0;10.5;0.0;62.0;-6909.0;0.0;0.0;452.5;0.0;0.0;0.0;530.635;67.64;30.515;27.525;0.0;0.0;0.71;11.415;4.1850000000000005;68.89;;2024-08-20;22:00
24;Centre-Val de Loire;Données définitives;1471.5;0.0;7912.5;0.0;2.0;0.0;63.0;-6857.0;0.0;0.0;351.0;0.0;0.0;0.0;537.72;68.035;23.86;21.35;0.0;0.0;0.14;2.17;4.285;70.0;;2024-08-20;23:00
24;Centre-Val de Loire;Données définitives;1664.0;0.0;7673.0;0.0;30.0;0.0;62.0;-6467.5;0.0;0.0;366.0;0.0;0.0;0.0;461.45500000000004;65.975;22.060000000000002;22.265;0.0;0.0;1.8050000000000002;32.61;3.725;68.89;;2024-09-12;00:00
24;Centre-Val de Loire;Données définitives;1507.5;0.0;7610.5;0.0;4.0;0.0;61.5;-6600.5;0.0;0.0;431.5;0.0;0.0;0.0;504.855;65.435;28.625;26.244999999999997;0.0;0.0;0.265;4.35;4.08;68.33500000000001;;2024-09-12;01:00
24;Centre-Val de Loire;Données définitives;1508.0;0.0;7518.5;0.0;4.0;0.0;61.5;-6459.0;0.0;0.0;382.5;0.0;0.0;0.0;498.58;64.65;25.365000000000002;23.265;0.0;0.0;0.265;4.35;4.08;68.33500000000001;;2024-09-12;02:00
24;Centre-Val de Loire;Données définitives;1432.0;0.0;7537.0;0.0;4.0;0.0;62.0;-6497.0;0.0;0.0;326.0;0.0;0.0;0.0;526.79;64.805;22.735;19.83;0.0;0.0;0.28;4.35;4.335;68.89;;2024-09-12;03:00
24;Centre-Val de Loire;Données définitives;1356.0;0.0;7505.5;0.0;4.0;0.0;62.5;-6537.0;0.0;0.0;321.0;0.0;0.0;0.0;553.505;64.535;23.675;19.525;0.0;0.0;0.295;4.35;4.609999999999999;69.445;;2024-09-12;04:00
24;Centre-Val de Loire;Données définitives;1387.0;0.0;7582.5;0.0;4.0;0.0;62.0;-6550.0;0.0;0.0;288.5;0.0;0.0;0.0;546.705;65.195;20.795;17.545;0.0;0.0;0.29;4.35;4.470000000000001;68.89;;2024-09-12;05:00
24;Centre-Val de Loire;Données définitives;1533.0;0.0;7605.5;0.0;4.0;0.0;61.5;-6397.5;0.0;0.0;259.5;0.0;0.0;0.0;496.65;65.39500000000001;16.950000000000003;15.785;0.0;0.0;0.26;4.35;4.02;68.33500000000001;;2024-09-12;06:00
24;Centre-Val de Loire;Données définitives;1707.5;0.0;7758.5;0.0;18.0;0.0;61.0;-6395.0;0.0;0.0;264.0;0.0;0.0;0.0;454.51;66.71000000000001;15.46;16.060000000000002;0.0;0.0;1.05;19.565;3.575;67.78;;2024-09-12;07:00
24;Centre-Val de Loire;Données définitives;1777.0;0.0;7782.5;45.0;30.0;0.0;59.5;-6414.0;0.0;0.0;273.0;0.0;0.0;0.0;438.0;66.91499999999999;15.37;16.605;2.52;4.63;1.685;32.61;3.35;66.11500000000001;;2024-09-12;08:00
24;Centre-Val de Loire;Données définitives;1804.5;0.0;7752.5;239.5;21.5;0.0;58.5;-6432.0;0.0;0.0;164.0;0.0;0.0;0.0;429.625;66.66;9.100000000000001;9.975;13.26;24.64;1.1949999999999998;23.37;3.245;65.0;;2024-09-12;09:00
24;Centre-Val de Loire;Données définitives;1809.0;0.0;7655.0;498.5;13.0;0.0;58.0;-6490.5;0.0;0.0;75.5;0.0;0.0;0.0;423.185;65.825;4.17;4.595;27.6;51.285;0.72;14.13;3.205;64.445;;2024-09-12;10:00
24;Centre-Val de Loire;Données définitives;1921.5;0.5;7279.5;714.0;4.0;0.0;57.5;-6218.5;0.0;0.0;84.5;0.0;0.025;0.215;380.75;62.595;4.3549999999999995;5.140000000000001;37.16;73.455;0.21000000000000002;4.35;3.0;63.885;;2024-09-12;11:00
24;Centre-Val de Loire;Données définitives;1857.0;0.5;6222.0;724.0;4.0;0.0;57.0;-5328.0;0.0;0.0;176.5;0.0;0.025;0.215;335.055;53.5;9.51;10.735;38.985;74.485;0.215;4.35;3.0700000000000003;63.33;;2024-09-12;12:00
24;Centre-Val de Loire;Données définitives;1901.0;1.0;6149.5;715.5;4.0;0.0;57.0;-5262.0;0.0;0.0;235.5;0.0;0.05;0.435;323.49;52.875;12.395;14.325;37.644999999999996;73.61;0.21;4.35;2.995;63.33;;2024-09-12;13:00
24;Centre-Val de Loire;Données définitives;1796.0;0.0;6107.0;755.5;4.0;0.0;58.0;-5443.0;0.0;0.0;314.0;0.0;0.0;0.0;340.07000000000005;52.51;17.47;19.1;42.06;77.725;0.22;4.35;3.23;64.44;;2024-09-12;14:00
24;Centre-Val de Loire;Données définitives;1742.5;0.5;6047.0;724.0;4.0;0.0;57.0;-5493.5;0.0;0.0;403.5;0.0;0.03;0.215;347.07;51.995000000000005;23.145000000000003;24.545;41.575;74.485;0.23;4.35;3.27;63.33;;2024-09-12;15:00
24;Centre-Val de Loire;Données définitives;1675.5;1.0;6028.5;676.5;4.0;0.0;56.5;-5574.5;0.0;0.0;484.0;0.0;0.06;0.43;359.8;51.835;28.894999999999996;29.44;40.37;69.6;0.24;4.35;3.37;62.775;;2024-09-12;16:00
24;Centre-Val de Loire;Données définitives;1667.5;0.5;6147.0;482.0;4.0;0.0;57.0;-5421.0;0.0;0.0;398.0;0.0;0.03;0.215;368.66499999999996;52.855;23.825000000000003;24.205;28.895000000000003;49.59;0.24;4.35;3.42;63.33;;2024-09-12;17:00
24;Centre-Val de Loire;Données définitives;1602.5;0.5;6890.5;290.5;4.0;0.0;58.5;-5910.0;0.0;0.0;268.5;0.0;0.03;0.215;429.765;59.25;16.755;16.335;18.23;29.885;0.25;4.35;3.6550000000000002;65.0;;2024-09-12;18:00
24;Centre-Val de Loire;Données définitives;1780.0;3.0;7704.0;101.0;12.0;0.0;60.0;-6268.0;0.0;0.0;169.0;0.0;0.17;1.3;432.83000000000004;66.245;9.48;10.280000000000001;5.66;10.39;0.6699999999999999;13.045000000000002;3.37;66.67;;2024-09-12;19:00
24;Centre-Val de Loire;Données définitives;1722.5;3.0;7771.0;8.5;23.0;0.0;61.5;-6292.5;0.0;0.0;148.0;0.0;0.17;1.3;451.145;66.82;8.59;9.0;0.495;0.875;1.335;25.0;3.5700000000000003;68.33500000000001;;2024-09-12;20:00
24;Centre-Val de Loire;Données définitives;1689.5;3.0;7885.0;0.0;38.0;0.0;61.0;-6432.5;0.0;0.0;135.0;0.0;0.18;1.3;466.71000000000004;67.79499999999999;8.0;8.21;0.0;0.0;2.25;41.3;3.6100000000000003;67.78;;2024-09-12;21:00
24;Centre-Val de Loire;Données définitives;1611.5;3.0;7897.5;0.0;34.0;0.0;61.0;-6670.0;0.0;0.0;285.5;0.0;0.19;1.3;490.075;67.91;17.72;17.365;0.0;0.0;2.11;36.955;3.785;67.78;;2024-09-12;22:00
24;Centre-Val de Loire;Données définitives;1739.5;3.0;7908.5;0.0;30.0;0.0;60.0;-6642.0;0.0;0.0;379.0;0.0;0.17;1.3;454.65;68.005;21.805;23.055;0.0;0.0;1.725;32.61;3.45;66.67;;2024-09-12;23:00
24;Centre-Val de Loire;Données définitives;1872.5;0.0;7582.5;0.0;14.0;0.0;59.5;-6118.0;0.0;0.0;334.0;0.0;0.0;0.0;405.845;65.19999999999999;17.775;20.314999999999998;0.0;0.0;0.745;15.22;3.1799999999999997;66.11500000000001;;2024-10-02;00:00
24;Centre-Val de Loire;Données définitives;1704.5;0.0;6581.5;0.0;14.0;0.0;58.0;-5393.0;0.0;0.0;443.5;0.0;0.0;0.0;386.33000000000004;56.59;26.07;26.975;0.0;0.0;0.825;15.22;3.4050000000000002;64.445;;2024-10-02;01:00
24;Centre-Val de Loire;Données définitives;1834.0;0.0;6413.0;0.0;14.0;0.0;58.0;-5142.5;0.0;0.0;491.5;0.0;0.0;0.0;351.08;55.14;26.884999999999998;29.9;0.0;0.0;0.765;15.22;3.175;64.44;;2024-10-02;02:00
24;Centre-Val de Loire;Données définitives;1656.0;0.0;6233.0;0.0;14.0;0.0;56.0;-5107.5;0.0;0.0;461.0;0.0;0.0;0.0;376.31;53.595;27.845;28.04;0.0;0.0;0.845;15.22;3.38;62.22;;2024-10-02;03:00
24;Centre-Val de Loire;Données définitives;1668.5;0.0;6346.5;0.0;14.0;0.0;56.0;-5211.5;0.0;0.0;463.5;0.0;0.0;0.0;380.41499999999996;54.57;27.78;28.195;0.0;0.0;0.84;15.22;3.3600000000000003;62.22;;2024-10-02;04:00
24;Centre-Val de Loire;Données définitives;1687.0;0.0;6370.0;0.0;14.0;0.0;57.0;-5207.5;0.0;0.0;454.0;0.0;0.0;0.0;377.62;54.769999999999996;26.915;27.615000000000002;0.0;0.0;0.83;15.22;3.38;63.33;;2024-10-02;05:00
24;Centre-Val de Loire;Données définitives;1792.0;1.0;6376.5;0.0;13.5;0.0;56.5;-5072.5;0.0;0.0;417.5;0.0;0.055;0.435;355.83000000000004;54.83;23.299999999999997;25.395;0.0;0.0;0.755;14.675;3.1550000000000002;62.775;;2024-10-02;06:00
24;Centre-Val de Loire;Données définitives;1861.5;3.0;6453.0;0.0;28.0;0.0;56.0;-5052.0;0.0;0.0;374.0;0.0;0.165;1.3;347.145;55.485;20.11;22.75;0.0;0.0;1.48;30.435000000000002;3.0149999999999997;62.22;;2024-10-02;07:00
24;Centre-Val de Loire;Données définitives;2005.0;3.0;6444.5;3.5;48.0;0.0;57.5;-4913.5;0.0;0.0;363.0;0.0;0.15;1.3;321.425;55.415;18.105;22.08;0.175;0.36;2.39;52.17;2.865;63.885;;2024-10-02;08:00
24;Centre-Val de Loire;Données définitives;2057.0;3.0;6446.5;43.0;47.5;0.0;56.5;-4861.0;0.0;0.0;322.0;0.0;0.15;1.3;313.395;55.43;15.655000000000001;19.590000000000003;2.09;4.42;2.3049999999999997;51.63;2.745;62.775;;2024-10-02;09:00
24;Centre-Val de Loire;Données définitives;2059.5;3.0;6438.5;113.5;39.0;0.0;56.5;-4886.5;0.0;0.0;296.0;0.0;0.15;1.3;312.625;55.36;14.370000000000001;18.005000000000003;5.51;11.68;1.895;42.395;2.74;62.775;;2024-10-02;10:00
24;Centre-Val de Loire;Données définitives;2087.0;3.0;6423.5;174.0;31.0;0.0;56.5;-4883.0;0.0;0.0;282.5;0.0;0.14;1.3;307.78999999999996;55.230000000000004;13.535;17.185000000000002;8.344999999999999;17.9;1.4849999999999999;33.7;2.705;62.775;;2024-10-02;11:00
24;Centre-Val de Loire;Données définitives;2104.0;3.0;6409.5;258.5;31.0;0.0;57.5;-4919.0;0.0;0.0;264.0;0.0;0.14;1.3;304.635;55.11;12.545;16.060000000000002;12.285;26.595;1.475;33.7;2.73;63.885;;2024-10-02;12:00
24;Centre-Val de Loire;Données définitives;2195.5;3.0;6374.5;306.0;31.0;0.0;58.0;-4842.5;0.0;0.0;266.5;0.0;0.14;1.3;290.365;54.81;12.14;16.215;13.945;31.485;1.415;33.7;2.645;64.44;;2024-10-02;13:00
24;Centre-Val de Loire;Données définitives;2051.0;3.0;6359.5;327.5;31.0;0.0;56.5;-4955.5;0.0;0.0;229.0;0.0;0.14500000000000002;1.3;310.15;54.68000000000001;11.155000000000001;13.93;15.97;33.69;1.51;33.7;2.755;62.775;;2024-10-02;14:00
24;Centre-Val de Loire;Données définitives;2007.5;2.5;6376.5;305.5;31.0;0.0;57.0;-4998.5;0.0;0.0;234.0;0.0;0.125;1.085;317.855;54.83;11.665;14.23;15.21;31.43;1.545;33.7;2.84;63.33;;2024-10-02;15:00
24;Centre-Val de Loire;Données définitives;1945.0;3.0;6326.5;264.0;31.0;0.0;57.5;-4956.5;0.0;0.0;219.5;0.0;0.155;1.3;325.415;54.4;11.285;13.355;13.57;27.16;1.595;33.7;2.96;63.885;;2024-10-02;16:00
24;Centre-Val de Loire;Données définitives;1885.5;4.0;6316.0;190.5;31.0;0.0;58.0;-4938.5;0.0;0.0;224.0;0.0;0.21;1.73;334.985;54.305;11.879999999999999;13.625;10.1;19.6;1.645;33.7;3.075;64.44;;2024-10-02;17:00
24;Centre-Val de Loire;Données définitives;1905.0;4.0;6329.5;96.5;38.0;0.0;58.5;-4864.5;0.0;0.0;242.5;0.0;0.21000000000000002;1.73;332.55;54.425;12.715;14.75;5.1;9.925;1.9849999999999999;41.305;3.075;65.0;;2024-10-02;18:00
24;Centre-Val de Loire;Données définitives;2086.0;4.0;6358.0;21.5;48.5;0.0;59.0;-4616.0;0.0;0.0;211.5;0.0;0.19;1.73;304.805;54.67;10.145;12.865;1.03;2.21;2.325;52.715;2.825;65.56;;2024-10-02;19:00
24;Centre-Val de Loire;Données définitives;2026.5;4.0;6361.5;0.0;48.0;0.0;58.0;-4654.5;0.0;0.0;209.5;0.0;0.195;1.73;314.015;54.7;10.36;12.745000000000001;0.0;0.0;2.37;52.17;2.865;64.44;;2024-10-02;20:00
24;Centre-Val de Loire;Données définitives;1893.5;4.0;6402.0;0.0;48.0;0.0;59.5;-4919.0;0.0;0.0;299.5;0.0;0.21;1.73;338.12;55.045;15.825;18.215;0.0;0.0;2.535;52.17;3.145;66.11;;2024-10-02;21:00
24;Centre-Val de Loire;Données définitives;1807.0;4.0;6386.5;0.0;48.0;0.0;61.5;-5033.5;0.0;0.0;340.5;0.0;0.22;1.73;353.45000000000005;54.915000000000006;18.845;20.71;0.0;0.0;2.66;52.17;3.4050000000000002;68.33500000000001;;2024-10-02;22:00
24;Centre-Val de Loire;Données définitives;1766.0;4.0;6375.0;0.0;48.0;0.0;62.0;-5096.5;0.0;0.0;373.5;0.0;0.225;1.73;361.115;54.815;21.14;22.72;0.0;0.0;2.7199999999999998;52.17;3.515;68.89;;2024-10-02;23:00
24;Centre-Val de Loire;Données définitives;2075.5;29.0;8665.0;0.0;6.0;0.0;63.0;-6850.5;0.0;0.0;162.0;0.0;1.395;12.55;417.615;74.505;7.8100000000000005;9.85;0.0;0.0;0.29000000000000004;6.52;3.035;70.0;;2024-11-08;00:00
24;Centre-Val de Loire;Données définitives;1902.0;29.0;8390.5;0.0;6.0;0.0;61.5;-6725.0;0.0;0.0;141.0;0.0;1.525;12.55;441.14;72.15;7.415;8.575;0.0;0.0;0.315;6.52;3.2350000000000003;68.33500000000001;;2024-11-08;01:00
24;Centre-Val de Loire;Données définitives;1763.0;29.0;8279.5;0.0;6.0;0.0;62.5;-6766.5;0.0;0.0;153.5;0.0;1.645;12.55;469.87;71.19;8.719999999999999;9.335;0.0;0.0;0.33999999999999997;6.52;3.55;69.445;;2024-11-08;02:00
24;Centre-Val de Loire;Données définitives;1692.0;29.0;8343.5;0.0;6.0;0.0;61.5;-6926.5;0.0;0.0;179.0;0.0;1.7149999999999999;12.55;493.155;71.74000000000001;10.58;10.89;0.0;0.0;0.355;6.52;3.635;68.33500000000001;;2024-11-08;03:00
24;Centre-Val de Loire;Données définitives;1641.0;29.0;8371.0;0.0;6.0;0.0;62.0;-6970.0;0.0;0.0;143.0;0.0;1.7650000000000001;12.55;510.115;71.975;8.715;8.695;0.0;0.0;0.365;6.52;3.7800000000000002;68.89;;2024-11-08;04:00
24;Centre-Val de Loire;Données définitives;1675.0;29.0;8394.5;0.0;6.0;0.0;61.5;-6959.0;0.0;0.0;143.5;0.0;1.73;12.55;501.565;72.18;8.565000000000001;8.725;0.0;0.0;0.36;6.52;3.675;68.33500000000001;;2024-11-08;05:00
24;Centre-Val de Loire;Données définitives;1854.5;29.0;8394.0;0.0;6.0;0.0;61.0;-6762.0;0.0;0.0;125.5;0.0;1.565;12.55;453.625;72.17500000000001;6.8100000000000005;7.630000000000001;0.0;0.0;0.325;6.52;3.295;67.78;;2024-11-08;06:00
24;Centre-Val de Loire;Données définitives;2133.5;29.0;8324.5;0.0;9.5;0.0;60.0;-6368.5;0.0;0.0;78.0;0.0;1.3599999999999999;12.55;390.78;71.575;3.6799999999999997;4.744999999999999;0.0;0.0;0.43999999999999995;10.325;2.8200000000000003;66.67;;2024-11-08;07:00
24;Centre-Val de Loire;Données définitives;2280.0;29.0;8357.0;3.5;22.0;0.0;60.0;-6223.5;0.0;0.0;31.5;0.0;1.27;12.55;366.57;71.86;1.385;1.915;0.15;0.36;0.96;23.91;2.635;66.67;;2024-11-08;08:00
24;Centre-Val de Loire;Données définitives;2347.0;29.0;8380.0;40.5;32.0;0.0;59.0;-6219.5;0.0;0.0;25.5;0.0;1.2349999999999999;12.55;357.055;72.055;1.085;1.5499999999999998;1.72;4.17;1.3650000000000002;34.78;2.5149999999999997;65.56;;2024-11-08;09:00
24;Centre-Val de Loire;Données définitives;2392.5;29.0;8396.5;105.0;28.0;0.0;59.0;-6244.5;0.0;0.0;20.5;0.0;1.2149999999999999;12.55;350.95500000000004;72.195;0.86;1.245;4.390000000000001;10.8;1.17;30.435000000000002;2.465;65.56;;2024-11-08;10:00
24;Centre-Val de Loire;Données définitives;2384.0;29.0;8401.5;177.5;10.0;0.0;59.0;-6315.5;0.0;0.0;23.0;0.0;1.2149999999999999;12.55;352.41499999999996;72.24;0.965;1.395;7.445;18.265;0.42;10.870000000000001;2.475;65.56;;2024-11-08;11:00
24;Centre-Val de Loire;Données définitives;2375.5;29.0;8399.5;273.5;6.0;0.0;60.0;-6435.5;0.0;0.0;43.0;0.0;1.225;12.55;353.595;72.225;1.81;2.615;11.52;28.14;0.25;6.52;2.525;66.67;;2024-11-08;12:00
24;Centre-Val de Loire;Données définitives;2399.5;29.0;8394.5;360.0;6.0;0.0;60.5;-6482.0;0.0;0.0;32.5;0.0;1.205;12.55;349.995;72.18;1.3599999999999999;1.975;15.02;37.04;0.25;6.52;2.52;67.225;;2024-11-08;13:00
24;Centre-Val de Loire;Données définitives;2267.0;29.0;8382.0;356.5;6.0;0.0;60.0;-6613.0;0.0;0.0;46.5;0.0;1.28;12.55;369.755;72.075;2.05;2.83;15.725000000000001;36.675;0.265;6.52;2.645;66.67;;2024-11-08;14:00
24;Centre-Val de Loire;Données définitives;2240.0;28.0;8362.0;280.5;6.0;0.0;60.0;-6519.0;0.0;0.0;21.5;0.0;1.25;12.12;373.33500000000004;71.9;0.955;1.305;12.51;28.86;0.27;6.52;2.675;66.67;;2024-11-08;15:00
24;Centre-Val de Loire;Données définitives;2148.0;28.0;8355.0;132.5;9.5;0.0;60.0;-6470.0;0.0;0.0;32.5;0.0;1.3050000000000002;12.120000000000001;389.02;71.84;1.52;1.975;6.15;13.629999999999999;0.445;10.325;2.795;66.67;;2024-11-08;16:00
24;Centre-Val de Loire;Données définitives;2208.5;29.0;8386.0;16.5;37.0;0.0;60.5;-6381.5;0.0;0.0;62.0;0.0;1.31;12.55;379.90999999999997;72.105;2.8049999999999997;3.7699999999999996;0.76;1.695;1.665;40.22;2.74;67.225;;2024-11-08;17:00
24;Centre-Val de Loire;Données définitives;2324.0;29.0;8401.5;0.0;49.0;0.0;61.0;-6305.0;0.0;0.0;87.5;0.0;1.25;12.55;361.55;72.24000000000001;3.7699999999999996;5.32;0.0;0.0;2.11;53.26;2.625;67.78;;2024-11-08;18:00
24;Centre-Val de Loire;Données définitives;2388.5;29.0;8401.0;0.0;49.0;0.0;61.0;-6278.5;0.0;0.0;126.5;0.0;1.2149999999999999;12.55;351.725;72.24;5.295;7.695;0.0;0.0;2.05;53.26;2.5549999999999997;67.78;;2024-11-08;19:00
24;Centre-Val de Loire;Données définitives;2227.5;29.0;8406.0;0.0;37.0;0.0;60.5;-6423.5;0.0;0.0;119.0;0.0;1.3050000000000002;12.55;377.5;72.28;5.345000000000001;7.24;0.0;0.0;1.65;40.215;2.715;67.225;;2024-11-08;20:00
24;Centre-Val de Loire;Données définitives;2125.0;29.0;8408.5;0.0;6.5;0.0;59.5;-6474.0;0.0;0.0;96.0;0.0;1.3650000000000002;12.55;395.7;72.3;4.515000000000001;5.84;0.0;0.0;0.30500000000000005;7.0649999999999995;2.8;66.11500000000001;;2024-11-08;21:00
24;Centre-Val de Loire;Données définitives;2049.0;29.0;8412.0;0.0;6.0;0.0;59.5;-6519.0;0.0;0.0;61.0;0.0;1.415;12.55;410.56500000000005;72.33;2.98;3.71;0.0;0.0;0.295;6.52;2.9050000000000002;66.11500000000001;;2024-11-08;22:00
24;Centre-Val de Loire;Données définitives;2038.0;29.0;8416.0;0.0;6.0;0.0;61.5;-6537.5;0.0;0.0;63.0;0.0;1.42;12.55;412.97;72.365;3.09;3.83;0.0;0.0;0.295;6.52;3.0149999999999997;68.33500000000001;;2024-11-08;23:00
24;Centre-Val de Loire;Données définitives;2607.5;35.0;10485.0;0.0;16.0;0.0;62.0;-8795.0;0.0;0.0;805.0;0.0;1.34;16.75;402.115;90.155;30.869999999999997;46.64;0.0;0.0;0.615;17.205000000000002;2.375;68.89;;2024-12-20;00:00
24;Centre-Val de Loire;Données définitives;2474.5;35.0;10174.0;0.0;12.0;0.0;62.0;-8565.5;0.0;0.0;757.5;0.0;1.41;16.75;411.16499999999996;87.48;30.619999999999997;43.89;0.0;0.0;0.485;12.9;2.505;68.89;;2024-12-20;01:00
24;Centre-Val de Loire;Données définitives;2400.5;35.0;10108.0;0.0;12.0;0.0;62.0;-8534.0;0.0;0.0;718.0;0.0;1.46;16.75;421.07500000000005;86.91499999999999;29.91;41.6;0.0;0.0;0.5;12.9;2.585;68.89;;2024-12-20;02:00
24;Centre-Val de Loire;Données définitives;2325.5;34.0;10223.0;0.0;12.0;0.0;61.5;-8771.0;0.0;0.0;766.0;0.0;1.4649999999999999;16.27;439.65999999999997;87.9;32.935;44.38;0.0;0.0;0.515;12.9;2.645;68.33500000000001;;2024-12-20;03:00
24;Centre-Val de Loire;Données définitives;2282.0;34.0;10449.5;0.0;11.5;0.0;61.5;-8970.5;0.0;0.0;696.0;0.0;1.49;16.27;457.925;89.85;30.5;40.325;0.0;0.0;0.5;12.365;2.6950000000000003;68.33500000000001;;2024-12-20;04:00
24;Centre-Val de Loire;Données définitives;2319.0;35.0;10543.0;0.0;11.0;0.0;62.0;-8911.5;0.0;0.0;579.0;0.0;1.51;16.75;454.65;90.65;24.975;33.545;0.0;0.0;0.475;11.83;2.675;68.89;;2024-12-20;05:00
24;Centre-Val de Loire;Données définitives;2533.5;35.0;10541.0;0.0;22.5;0.0;63.0;-8669.0;0.0;0.0;541.5;0.0;1.38;16.75;416.26;90.64;21.4;31.375;0.0;0.0;0.885;24.19;2.49;70.0;;2024-12-20;06:00
24;Centre-Val de Loire;Données définitives;2806.5;35.0;10625.5;0.0;41.5;0.0;63.0;-8466.5;0.0;0.0;509.0;0.0;1.245;16.75;378.86;91.36500000000001;18.14;29.490000000000002;0.0;0.0;1.47;44.62;2.25;70.0;;2024-12-20;07:00
24;Centre-Val de Loire;Données définitives;3025.0;35.0;10664.0;0.0;53.5;0.0;63.0;-8272.0;0.0;0.0;481.0;0.0;1.1549999999999998;16.75;352.605;91.69;15.91;27.865000000000002;0.0;0.0;1.77;57.525000000000006;2.08;70.0;;2024-12-20;08:00
24;Centre-Val de Loire;Données définitives;3050.0;35.0;10641.5;31.0;53.0;0.0;62.5;-8174.0;0.0;0.0;400.5;0.0;1.145;16.75;348.905;91.5;13.129999999999999;23.205;1.02;2.345;1.74;56.99;2.05;69.445;;2024-12-20;09:00
24;Centre-Val de Loire;Données définitives;2971.0;35.0;10604.5;186.0;53.0;0.0;63.0;-8379.5;0.0;0.0;409.0;0.0;1.18;16.75;356.96500000000003;91.185;13.77;23.695;6.275;14.07;1.7850000000000001;56.99;2.12;70.0;;2024-12-20;10:00
24;Centre-Val de Loire;Données définitives;2897.5;35.0;10595.0;355.0;53.0;0.0;61.5;-8511.5;0.0;0.0;308.5;0.0;1.205;16.75;365.66499999999996;91.1;10.64;17.869999999999997;12.26;26.85;1.83;56.99;2.125;68.33500000000001;;2024-12-20;11:00
24;Centre-Val de Loire;Données définitives;2772.0;35.0;10587.5;454.5;53.5;0.0;61.0;-8670.5;0.0;0.0;251.5;0.0;1.2650000000000001;16.75;381.95500000000004;91.035;9.07;14.57;16.4;34.379999999999995;1.93;57.525000000000006;2.2;67.78;;2024-12-20;12:00
24;Centre-Val de Loire;Données définitives;2774.0;35.0;10587.5;488.0;47.0;0.0;59.0;-8667.5;0.0;0.0;225.0;0.0;1.2650000000000001;16.75;381.73;91.035;8.115;13.035;17.6;36.915;1.6949999999999998;50.54;2.125;65.56;;2024-12-20;13:00
24;Centre-Val de Loire;Données définitives;2679.5;35.0;10097.0;408.5;44.5;0.0;58.5;-8268.0;0.0;0.0;305.5;0.0;1.3050000000000002;16.75;376.71500000000003;86.82;11.42;17.7;15.219999999999999;30.9;1.66;47.85;2.185;65.0;;2024-12-20;14:00
24;Centre-Val de Loire;Données définitives;2564.0;35.0;9731.0;264.0;47.0;0.0;57.0;-7913.0;0.0;0.0;343.0;0.0;1.3650000000000002;16.75;379.54;83.67;13.375;19.869999999999997;10.285;19.97;1.835;50.54;2.225;63.33;;2024-12-20;15:00
24;Centre-Val de Loire;Données définitives;2509.5;35.0;9736.5;99.5;47.5;0.0;56.0;-7898.5;0.0;0.0;433.5;0.0;1.395;16.75;388.03;83.715;17.29;25.115000000000002;3.955;7.525;1.89;51.075;2.23;62.22;;2024-12-20;16:00
24;Centre-Val de Loire;Données définitives;2461.0;35.0;10304.0;10.5;50.5;0.0;54.0;-8589.5;0.0;0.0;596.5;0.0;1.4249999999999998;16.75;418.74;88.595;24.185000000000002;34.56;0.44;0.795;2.05;54.3;2.195;60.0;;2024-12-20;17:00
24;Centre-Val de Loire;Données définitives;2663.5;35.0;10603.5;0.0;54.0;0.0;56.0;-8926.0;0.0;0.0;841.0;0.0;1.315;16.75;398.15;91.17500000000001;31.565;48.725;0.0;0.0;2.03;58.06;2.105;62.22;;2024-12-20;18:00
24;Centre-Val de Loire;Données définitives;2747.5;35.0;10604.0;0.0;54.0;0.0;58.5;-8990.5;0.0;0.0;987.0;0.0;1.275;16.75;386.01;91.18;35.915;57.185;0.0;0.0;1.9649999999999999;58.06;2.13;65.0;;2024-12-20;19:00
24;Centre-Val de Loire;Données définitives;2679.0;35.0;10608.0;0.0;54.0;0.0;63.0;-9178.0;0.0;0.0;1097.0;0.0;1.31;16.75;396.07;91.215;40.975;63.56;0.0;0.0;2.0149999999999997;58.06;2.35;70.0;;2024-12-20;20:00
24;Centre-Val de Loire;Données définitives;2540.5;35.0;10605.5;0.0;40.5;0.0;63.0;-9336.0;0.0;0.0;1133.0;0.0;1.38;16.75;417.455;91.19;44.595;65.64500000000001;0.0;0.0;1.5950000000000002;43.55;2.48;70.0;;2024-12-20;21:00
24;Centre-Val de Loire;Données définitives;2470.5;35.0;10604.5;0.0;33.5;0.0;62.0;-9392.5;0.0;0.0;1127.5;0.0;1.415;16.75;429.255;91.185;45.635000000000005;65.325;0.0;0.0;1.355;36.019999999999996;2.51;68.89;;2024-12-20;22:00
24;Centre-Val de Loire;Données définitives;2466.5;35.0;10546.5;0.0;34.0;0.0;62.0;-9227.0;0.0;0.0;1016.5;0.0;1.415;16.75;427.6;90.68;41.22;58.89;0.0;0.0;1.375;36.56;2.5149999999999997;68.89;;2024-12-20;23:00
27;Bourgogne-Franche-Comté;Données définitives;2441.0;148.0;0.0;0.0;104.0;0.0;51.0;1562.5;0.0;0.0;574.5;0.0;6.0649999999999995;39.26;0.0;;23.535;50.085;0.0;0.0;4.26;20.16;2.09;64.56;;2024-01-29;00:00
27;Bourgogne-Franche-Comté;Données définitives;2367.5;148.5;0.0;0.0;103.5;0.0;51.0;1516.5;0.0;0.0;548.0;0.0;6.275;39.39;0.0;;23.15;47.78;0.0;0.0;4.37;20.060000000000002;2.1550000000000002;64.56;;2024-01-29;01:00
27;Bourgogne-Franche-Comté;Données définitives;2453.5;149.5;0.0;0.0;103.0;0.0;51.5;1672.5;0.0;0.0;477.0;0.0;6.09;39.655;0.0;;19.450000000000003;41.585;0.0;0.0;4.2;19.96;2.1;65.19;;2024-01-29;02:00
27;Bourgogne-Franche-Comté;Données définitives;2456.5;149.5;0.0;0.0;103.0;0.0;51.0;1733.0;0.0;0.0;420.0;0.0;6.09;39.655;0.0;;17.105;36.615;0.0;0.0;4.195;19.96;2.075;64.56;;2024-01-29;03:00
27;Bourgogne-Franche-Comté;Données définitives;2409.5;150.0;0.0;0.0;103.5;0.0;51.0;1758.0;0.0;0.0;347.0;0.0;6.225;39.79;0.0;;14.4;30.25;0.0;0.0;4.295;20.060000000000002;2.12;64.56;;2024-01-29;04:00
27;Bourgogne-Franche-Comté;Données définitives;2480.5;149.5;0.0;0.0;106.0;0.0;50.0;1868.5;0.0;0.0;306.5;0.0;6.035;39.655;0.0;;12.370000000000001;26.72;0.0;0.0;4.275;20.545;2.0149999999999997;63.29;;2024-01-29;05:00
27;Bourgogne-Franche-Comté;Données définitives;2711.0;148.0;0.0;0.0;146.0;0.0;49.5;2079.5;0.0;0.0;289.5;0.0;5.465;39.26;0.0;;10.695;25.235;0.0;0.0;5.359999999999999;28.29;1.83;62.66;;2024-01-29;06:00
27;Bourgogne-Franche-Comté;Données définitives;3002.5;148.0;0.0;0.0;232.0;0.0;49.5;2267.5;0.0;0.0;304.5;0.0;4.935;39.26;0.0;;10.15;26.55;0.0;0.0;7.73;44.96;1.65;62.66;;2024-01-29;07:00
27;Bourgogne-Franche-Comté;Données définitives;3248.5;146.0;0.0;1.5;352.5;0.0;49.5;2415.5;0.0;0.0;284.5;0.0;4.495;38.730000000000004;0.0;;8.76;24.8;0.045;0.185;10.845;68.315;1.525;62.66;;2024-01-29;08:00
27;Bourgogne-Franche-Comté;Données définitives;3221.5;142.0;0.0;56.5;346.5;0.0;49.0;2360.5;0.0;0.0;267.5;0.0;4.41;37.67;0.0;;8.3;23.325000000000003;1.7650000000000001;7.055;10.754999999999999;67.155;1.52;62.03;;2024-01-29;09:00
27;Bourgogne-Franche-Comté;Données définitives;3162.5;142.0;0.0;204.5;303.5;0.0;45.5;2242.0;0.0;0.0;225.5;0.0;4.49;37.67;0.0;;7.13;19.659999999999997;6.47;25.53;9.595;58.82;1.435;57.595;;2024-01-29;10:00
27;Bourgogne-Franche-Comté;Données définitives;3043.0;142.0;0.0;329.0;239.5;0.0;45.5;2090.5;0.0;0.0;195.5;0.0;4.665;37.67;0.0;;6.42;17.045;10.815000000000001;41.075;7.865;46.41;1.495;57.595;;2024-01-29;11:00
27;Bourgogne-Franche-Comté;Données définitives;2921.0;142.0;0.0;412.5;214.5;0.0;47.0;1966.5;0.0;0.0;137.5;0.0;4.859999999999999;37.67;0.0;;4.7;11.985;14.135;51.5;7.355;41.56999999999999;1.6099999999999999;59.49;;2024-01-29;12:00
27;Bourgogne-Franche-Comté;Données définitives;2766.5;142.0;0.0;432.0;228.0;0.0;47.5;1808.0;0.0;0.0;108.5;0.0;5.13;37.67;0.0;;3.92;9.46;15.615;53.93;8.24;44.185;1.7149999999999999;60.125;;2024-01-29;13:00
27;Bourgogne-Franche-Comté;Données définitives;2727.5;142.0;0.0;386.5;232.0;0.0;48.0;1820.0;0.0;0.0;100.0;0.0;5.205;37.67;0.0;;3.67;8.715;14.184999999999999;48.25;8.504999999999999;44.96;1.76;60.76;;2024-01-29;14:00
27;Bourgogne-Franche-Comté;Données définitives;2699.0;142.0;0.0;297.5;224.0;0.0;47.5;1906.0;0.0;0.0;83.0;0.0;5.265000000000001;37.67;0.0;;3.075;7.234999999999999;11.01;37.14;8.3;43.41;1.76;60.125;;2024-01-29;15:00
27;Bourgogne-Franche-Comté;Données définitives;2589.5;142.0;0.0;152.0;229.5;0.0;48.0;1932.5;0.0;0.0;85.0;0.0;5.48;37.67;0.0;;3.2800000000000002;7.415;5.865;18.98;8.86;44.475;1.855;60.76;;2024-01-29;16:00
27;Bourgogne-Franche-Comté;Données définitives;2581.5;143.0;0.0;32.5;230.0;0.0;49.5;2018.5;0.0;0.0;108.5;0.0;5.54;37.93;0.0;;4.2;9.46;1.26;4.055;8.91;44.575;1.915;62.66;;2024-01-29;17:00
27;Bourgogne-Franche-Comté;Données définitives;2866.0;145.5;0.0;0.5;327.5;0.0;48.5;2185.0;0.0;0.0;160.0;0.0;5.075;38.595;0.0;;5.58;13.95;0.02;0.06;11.43;63.465;1.6949999999999998;61.394999999999996;;2024-01-29;18:00
27;Bourgogne-Franche-Comté;Données définitives;3029.0;146.0;0.0;0.0;369.0;0.0;48.5;2235.5;0.0;0.0;229.0;0.0;4.82;38.73;0.0;;7.5600000000000005;19.965;0.0;0.0;12.18;71.51;1.6;61.394999999999996;;2024-01-29;19:00
27;Bourgogne-Franche-Comté;Données définitives;2879.0;146.0;0.0;0.0;321.0;0.0;47.5;2045.0;0.0;0.0;319.5;0.0;5.07;38.73;0.0;;11.11;27.854999999999997;0.0;0.0;11.155000000000001;62.205;1.65;60.125;;2024-01-29;20:00
27;Bourgogne-Franche-Comté;Données définitives;2814.5;146.0;0.0;0.0;301.5;0.0;47.5;1951.0;0.0;0.0;369.0;0.0;5.1899999999999995;38.73;0.0;;13.11;32.175;0.0;0.0;10.715;58.43;1.685;60.125;;2024-01-29;21:00
27;Bourgogne-Franche-Comté;Données définitives;2755.5;146.5;0.0;0.0;261.0;0.0;48.0;1929.5;0.0;0.0;371.0;0.0;5.3149999999999995;38.86;0.0;;13.46;32.345;0.0;0.0;9.475;50.585;1.74;60.76;;2024-01-29;22:00
27;Bourgogne-Franche-Comté;Données définitives;2706.0;146.0;0.0;0.0;279.5;0.0;46.5;1842.5;0.0;0.0;391.0;0.0;5.395;38.73;0.0;;14.46;34.09;0.0;0.0;10.33;54.17;1.72;58.86;;2024-01-29;23:00
27;Bourgogne-Franche-Comté;Données définitives;2470.0;148.0;0.0;0.0;197.0;0.0;50.0;1533.0;0.0;0.0;541.5;0.0;5.995;39.26;0.0;;21.925;47.21;0.0;0.0;7.97;38.18;2.025;63.29;;2024-02-14;00:00
27;Bourgogne-Franche-Comté;Données définitives;2386.5;149.0;0.0;0.0;166.0;0.0;50.0;1468.5;0.0;0.0;552.5;0.0;6.24;39.52;0.0;;23.15;48.17;0.0;0.0;6.955;32.17;2.0949999999999998;63.29;;2024-02-14;01:00
27;Bourgogne-Franche-Comté;Données définitives;2448.0;149.0;0.0;0.0;141.5;0.0;50.0;1552.5;0.0;0.0;555.0;0.0;6.085;39.52;0.0;;22.675;48.385000000000005;0.0;0.0;5.79;27.425;2.045;63.29;;2024-02-14;02:00
27;Bourgogne-Franche-Comté;Données définitives;2409.0;149.0;0.0;0.0;116.0;0.0;51.0;1555.5;0.0;0.0;538.0;0.0;6.1850000000000005;39.52;0.0;;22.335;46.905;0.0;0.0;4.8149999999999995;22.48;2.12;64.56;;2024-02-14;03:00
27;Bourgogne-Franche-Comté;Données définitives;2311.5;149.0;0.0;0.0;140.0;0.0;50.0;1455.0;0.0;0.0;517.0;0.0;6.45;39.52;0.0;;22.365000000000002;45.075;0.0;0.0;6.06;27.134999999999998;2.165;63.29;;2024-02-14;04:00
27;Bourgogne-Franche-Comté;Données définitives;2339.5;149.0;0.0;0.0;165.0;0.0;50.0;1488.0;0.0;0.0;487.0;0.0;6.37;39.52;0.0;;20.83;42.455;0.0;0.0;7.055;31.98;2.135;63.29;;2024-02-14;05:00
27;Bourgogne-Franche-Comté;Données définitives;2499.5;149.0;0.0;0.0;170.5;0.0;49.0;1679.5;0.0;0.0;450.5;0.0;5.965;39.52;0.0;;18.03;39.275;0.0;0.0;6.82;33.045;1.96;62.03;;2024-02-14;06:00
27;Bourgogne-Franche-Comté;Données définitives;2774.5;148.5;0.0;0.0;243.0;0.0;50.0;1847.5;0.0;0.0;485.5;0.0;5.355;39.39;0.0;;17.494999999999997;42.33;0.0;0.0;8.76;47.095;1.8050000000000002;63.29;;2024-02-14;07:00
27;Bourgogne-Franche-Comté;Données définitives;2872.5;146.5;0.0;3.5;289.0;0.0;49.5;1933.0;0.0;0.0;451.0;0.0;5.1;38.86;0.0;;15.709999999999999;39.32;0.12;0.435;10.05;56.004999999999995;1.72;62.66;;2024-02-14;08:00
27;Bourgogne-Franche-Comté;Données définitives;2945.5;146.5;0.0;35.0;313.5;0.0;49.0;1971.5;0.0;0.0;430.0;0.0;4.97;38.86;0.0;;14.594999999999999;37.489999999999995;1.19;4.37;10.645;60.754999999999995;1.665;62.03;;2024-02-14;09:00
27;Bourgogne-Franche-Comté;Données définitives;2927.5;147.5;0.0;80.0;250.0;0.0;49.0;2011.0;0.0;0.0;390.5;0.0;5.04;39.125;0.0;;13.34;34.045;2.73;9.99;8.54;48.45;1.67;62.03;;2024-02-14;10:00
27;Bourgogne-Franche-Comté;Données définitives;2897.0;148.5;0.0;150.0;189.0;0.0;49.5;2005.5;0.0;0.0;354.5;0.0;5.125;39.39;0.0;;12.24;30.909999999999997;5.175000000000001;18.725;6.525;36.63;1.71;62.66;;2024-02-14;11:00
27;Bourgogne-Franche-Comté;Données définitives;2856.0;147.0;0.0;208.5;156.0;0.0;49.5;1990.0;0.0;0.0;306.0;0.0;5.15;38.99;0.0;;10.705;26.675;7.3149999999999995;26.03;5.46;30.23;1.7349999999999999;62.66;;2024-02-14;12:00
27;Bourgogne-Franche-Comté;Données définitives;2731.0;147.0;0.0;263.5;123.0;0.0;49.5;1883.0;0.0;0.0;266.0;0.0;5.38;38.99;0.0;;9.74;23.19;9.65;32.9;4.5;23.84;1.81;62.66;;2024-02-14;13:00
27;Bourgogne-Franche-Comté;Données définitives;2758.0;143.5;0.0;279.0;99.5;0.0;49.0;1934.5;0.0;0.0;252.0;0.0;5.205;38.065;0.0;;9.14;21.97;10.129999999999999;34.83;3.61;19.285;1.78;62.03;;2024-02-14;14:00
27;Bourgogne-Franche-Comté;Données définitives;2662.0;136.0;0.0;230.0;100.5;0.0;49.0;1927.0;0.0;0.0;219.5;0.0;5.11;36.075;0.0;;8.24;19.134999999999998;8.64;28.715;3.775;19.48;1.84;62.03;;2024-02-14;15:00
27;Bourgogne-Franche-Comté;Données définitives;2561.5;139.5;0.0;175.5;106.0;0.0;49.5;1944.0;0.0;0.0;147.5;0.0;5.449999999999999;37.0;0.0;;5.755000000000001;12.86;6.85;21.91;4.140000000000001;20.54;1.935;62.66;;2024-02-14;16:00
27;Bourgogne-Franche-Comté;Données définitives;2492.0;144.5;0.0;79.5;188.0;0.0;49.5;1922.5;0.0;0.0;107.0;0.0;5.8;38.33;0.0;;4.295;9.33;3.195;9.925;7.535;36.435;1.9849999999999999;62.66;;2024-02-14;17:00
27;Bourgogne-Franche-Comté;Données définitives;2642.0;144.0;0.0;7.0;320.5;0.0;48.5;1993.5;0.0;0.0;128.0;0.0;5.46;38.2;0.0;;4.835;11.16;0.275;0.875;12.094999999999999;62.11;1.8399999999999999;61.394999999999996;;2024-02-14;18:00
27;Bourgogne-Franche-Comté;Données définitives;2815.0;144.0;0.0;0.0;356.5;0.0;49.5;2075.0;0.0;0.0;190.0;0.0;5.115;38.2;0.0;;6.755;16.564999999999998;0.0;0.0;12.665;69.09;1.76;62.66;;2024-02-14;19:00
27;Bourgogne-Franche-Comté;Données définitives;2717.0;144.0;0.0;0.0;330.5;0.0;49.5;1918.5;0.0;0.0;274.5;0.0;5.3;38.2;0.0;;10.11;23.93;0.0;0.0;12.155;64.05;1.82;62.66;;2024-02-14;20:00
27;Bourgogne-Franche-Comté;Données définitives;2657.0;144.0;0.0;0.0;280.5;0.0;49.0;1848.0;0.0;0.0;335.5;0.0;5.42;38.2;0.0;;12.625;29.25;0.0;0.0;10.555;54.36;1.84;62.03;;2024-02-14;21:00
27;Bourgogne-Franche-Comté;Données définitives;2594.0;144.5;0.0;0.0;216.5;0.0;48.5;1825.0;0.0;0.0;358.5;0.0;5.574999999999999;38.33;0.0;;13.825;31.255000000000003;0.0;0.0;8.315;41.955;1.87;61.394999999999996;;2024-02-14;22:00
27;Bourgogne-Franche-Comté;Données définitives;2513.5;145.0;0.0;0.0;131.5;0.0;48.0;1878.5;0.0;0.0;310.5;0.0;5.77;38.46;0.0;;12.35;27.07;0.0;0.0;5.215;25.485;1.9100000000000001;60.76;;2024-02-14;23:00
27;Bourgogne-Franche-Comté;Données définitives;2285.5;122.0;0.0;0.0;115.0;0.0;46.5;1850.0;0.0;0.0;152.0;0.0;5.34;32.36;0.0;;6.65;13.254999999999999;0.0;0.0;5.035;22.285;2.035;58.86;;2024-03-14;00:00
27;Bourgogne-Franche-Comté;Données définitives;2224.5;122.0;0.0;0.0;74.5;0.0;48.0;1825.0;0.0;0.0;155.0;0.0;5.49;32.36;0.0;;6.97;13.51;0.0;0.0;3.3499999999999996;14.434999999999999;2.16;60.76;;2024-03-14;01:00
27;Bourgogne-Franche-Comté;Données définitives;2278.0;122.5;0.0;0.0;151.5;0.0;47.5;1813.5;0.0;0.0;143.0;0.0;5.38;32.495000000000005;0.0;;6.28;12.465;0.0;0.0;6.59;29.36;2.09;60.125;;2024-03-14;02:00
27;Bourgogne-Franche-Comté;Données définitives;2270.0;123.0;0.0;0.0;98.0;0.0;47.0;1859.5;0.0;0.0;142.5;0.0;5.42;32.63;0.0;;6.279999999999999;12.42;0.0;0.0;4.32;18.99;2.07;59.49;;2024-03-14;03:00
27;Bourgogne-Franche-Comté;Données définitives;2218.0;123.5;0.0;0.0;66.0;0.0;46.5;1842.5;0.0;0.0;139.5;0.0;5.57;32.760000000000005;0.0;;6.29;12.16;0.0;0.0;2.975;12.79;2.0949999999999998;58.86;;2024-03-14;04:00
27;Bourgogne-Franche-Comté;Données définitives;2266.5;124.0;0.0;0.0;78.5;0.0;47.0;1868.5;0.0;0.0;149.0;0.0;5.475;32.89;0.0;;6.57;12.99;0.0;0.0;3.465;15.215;2.075;59.495;;2024-03-14;05:00
27;Bourgogne-Franche-Comté;Données définitives;2443.0;123.5;0.0;0.0;156.0;0.0;47.0;1926.5;0.0;0.0;190.5;0.0;5.0600000000000005;32.760000000000005;0.0;;7.789999999999999;16.61;0.0;0.0;6.3149999999999995;30.235;1.9249999999999998;59.495;;2024-03-14;06:00
27;Bourgogne-Franche-Comté;Données définitives;2706.0;123.5;0.0;5.0;331.5;0.0;46.5;1948.0;0.0;0.0;251.5;0.0;4.57;32.760000000000005;0.0;;9.29;21.925;0.18;0.625;12.26;64.24000000000001;1.72;58.86;;2024-03-14;07:00
27;Bourgogne-Franche-Comté;Données définitives;2833.5;120.5;0.0;80.0;293.0;0.0;47.0;1975.5;0.0;0.0;318.5;0.0;4.255;31.96;0.0;;11.25;27.765;2.835;9.99;10.325;56.785000000000004;1.66;59.49;;2024-03-14;08:00
27;Bourgogne-Franche-Comté;Données définitives;2768.0;118.0;0.0;223.0;246.5;0.0;47.0;1825.5;0.0;0.0;307.5;0.0;4.265000000000001;31.3;0.0;;11.105;26.810000000000002;8.065000000000001;27.84;8.905000000000001;47.769999999999996;1.6949999999999998;59.49;;2024-03-14;09:00
27;Bourgogne-Franche-Comté;Données définitives;2684.0;114.0;0.0;376.5;85.5;0.0;48.5;1851.5;0.0;0.0;208.5;0.0;4.245;30.235;0.0;;7.765000000000001;18.18;14.030000000000001;47.005;3.1900000000000004;16.57;1.8050000000000002;61.394999999999996;;2024-03-14;10:00
27;Bourgogne-Franche-Comté;Données définitives;2640.0;114.0;0.0;493.5;71.0;0.0;47.0;1758.5;0.0;0.0;156.5;0.0;4.3149999999999995;30.24;0.0;;5.93;13.645;18.689999999999998;61.61;2.6900000000000004;13.76;1.78;59.49;;2024-03-14;11:00
27;Bourgogne-Franche-Comté;Données définitives;2580.5;115.5;0.0;571.5;68.0;0.0;47.0;1642.5;0.0;0.0;136.5;0.0;4.475;30.634999999999998;0.0;;5.285;11.899999999999999;22.155;71.345;2.635;13.175;1.82;59.49;;2024-03-14;12:00
27;Bourgogne-Franche-Comté;Données définitives;2467.0;119.5;0.0;610.0;69.0;0.0;47.0;1453.5;0.0;0.0;168.5;0.0;4.845;31.695;0.0;;6.84;14.69;24.73;76.155;2.795;13.37;1.9049999999999998;59.49;;2024-03-14;13:00
27;Bourgogne-Franche-Comté;Données définitives;2420.5;118.0;0.0;579.5;64.0;0.0;47.0;1412.0;0.0;0.0;201.0;0.0;4.875;31.295;0.0;;8.3;17.525;23.950000000000003;72.345;2.645;12.405;1.94;59.49;;2024-03-14;14:00
27;Bourgogne-Franche-Comté;Données définitives;2355.0;120.5;0.0;457.5;66.0;0.0;47.0;1414.5;0.0;0.0;250.5;0.0;5.115;31.96;0.0;;10.629999999999999;21.84;19.435;57.114999999999995;2.8;12.79;2.0;59.49;;2024-03-14;15:00
27;Bourgogne-Franche-Comté;Données définitives;2278.0;127.0;0.0;304.5;68.0;0.0;48.0;1459.5;0.0;0.0;271.5;0.0;5.574999999999999;33.69;0.0;;11.92;23.67;13.39;38.015;2.99;13.18;2.11;60.76;;2024-03-14;16:00
27;Bourgogne-Franche-Comté;Données définitives;2226.0;127.5;0.0;142.0;69.0;0.0;47.0;1603.5;0.0;0.0;237.5;0.0;5.73;33.82;0.0;;10.67;20.705;6.375;17.73;3.0999999999999996;13.370000000000001;2.11;59.495;;2024-03-14;17:00
27;Bourgogne-Franche-Comté;Données définitives;2341.5;128.5;0.0;37.0;77.5;0.0;47.5;1835.0;0.0;0.0;216.5;0.0;5.49;34.085;0.0;;9.25;18.875;1.6;4.62;3.305;15.02;2.0300000000000002;60.125;;2024-03-14;18:00
27;Bourgogne-Franche-Comté;Données définitives;2519.5;129.5;0.0;1.5;262.5;0.0;48.5;1782.5;0.0;0.0;295.5;0.0;5.14;34.349999999999994;0.0;;11.715;25.759999999999998;0.06;0.185;10.415;50.87;1.9249999999999998;61.394999999999996;;2024-03-14;19:00
27;Bourgogne-Franche-Comté;Données définitives;2474.5;130.5;0.0;0.0;294.0;0.0;48.5;1603.0;0.0;0.0;398.0;0.0;5.275;34.614999999999995;0.0;;16.08;34.7;0.0;0.0;11.875;56.980000000000004;1.96;61.394999999999996;;2024-03-14;20:00
27;Bourgogne-Franche-Comté;Données définitives;2359.0;131.5;0.0;0.0;125.0;0.0;49.0;1598.5;0.0;0.0;455.5;0.0;5.574999999999999;34.879999999999995;0.0;;19.310000000000002;39.715;0.0;0.0;5.29;24.225;2.075;62.03;;2024-03-14;21:00
27;Bourgogne-Franche-Comté;Données définitives;2309.0;132.0;0.0;0.0;77.5;0.0;47.5;1544.0;0.0;0.0;508.0;0.0;5.715;35.01;0.0;;22.005;44.29;0.0;0.0;3.355;15.02;2.0549999999999997;60.125;;2024-03-14;22:00
27;Bourgogne-Franche-Comté;Données définitives;2256.0;133.0;0.0;0.0;72.0;0.0;47.5;1504.5;0.0;0.0;500.5;0.0;5.9;35.28;0.0;;22.195;43.635000000000005;0.0;0.0;3.19;13.954999999999998;2.1100000000000003;60.125;;2024-03-14;23:00
27;Bourgogne-Franche-Comté;Données définitives;2096.0;24.0;0.0;0.0;70.0;0.0;45.0;1832.0;0.0;0.0;126.0;0.0;1.145;6.37;0.0;;6.01;10.985;0.0;0.0;3.34;13.565;2.15;56.96;;2024-04-17;00:00
27;Bourgogne-Franche-Comté;Données définitives;1956.5;23.5;0.0;0.0;61.0;0.0;45.5;1668.5;0.0;0.0;158.0;0.0;1.2;6.234999999999999;0.0;;8.084999999999999;13.775;0.0;0.0;3.115;11.82;2.33;57.595;;2024-04-17;01:00
27;Bourgogne-Franche-Comté;Données définitives;1977.5;24.0;0.0;0.0;57.0;0.0;46.0;1624.5;0.0;0.0;227.5;0.0;1.2149999999999999;6.37;0.0;;11.5;19.835;0.0;0.0;2.88;11.05;2.33;58.23;;2024-04-17;02:00
27;Bourgogne-Franche-Comté;Données définitives;1974.5;24.0;0.0;0.0;57.0;0.0;45.0;1583.5;0.0;0.0;265.5;0.0;1.2149999999999999;6.37;0.0;;13.440000000000001;23.145;0.0;0.0;2.885;11.05;2.2800000000000002;56.96;;2024-04-17;03:00
27;Bourgogne-Franche-Comté;Données définitives;1912.0;24.0;0.0;0.0;55.5;0.0;45.5;1486.0;0.0;0.0;301.5;0.0;1.255;6.37;0.0;;15.77;26.285;0.0;0.0;2.9050000000000002;10.760000000000002;2.38;57.595;;2024-04-17;04:00
27;Bourgogne-Franche-Comté;Données définitives;1935.5;24.0;0.0;0.0;55.0;0.0;45.0;1502.5;0.0;0.0;310.0;0.0;1.24;6.37;0.0;;16.035;27.03;0.0;0.0;2.84;10.66;2.325;56.96;;2024-04-17;05:00
27;Bourgogne-Franche-Comté;Données définitives;2114.0;24.0;0.0;0.0;55.5;0.0;43.5;1719.5;0.0;0.0;271.5;0.0;1.135;6.37;0.0;;12.875;23.67;0.0;0.0;2.625;10.760000000000002;2.06;55.06;;2024-04-17;06:00
27;Bourgogne-Franche-Comté;Données définitives;2333.5;23.5;0.0;4.0;63.0;0.0;41.5;1965.0;0.0;0.0;237.0;0.0;1.01;6.234999999999999;0.0;;10.175;20.66;0.165;0.5;2.6950000000000003;12.205;1.78;52.53;;2024-04-17;07:00
27;Bourgogne-Franche-Comté;Données définitives;2496.5;23.5;0.0;46.5;75.0;0.0;42.0;2111.5;0.0;0.0;198.0;0.0;0.945;6.234999999999999;0.0;;7.945;17.259999999999998;1.85;5.8100000000000005;3.005;14.535;1.685;53.16;;2024-04-17;08:00
27;Bourgogne-Franche-Comté;Données définitives;2591.0;24.0;0.0;108.5;79.0;0.0;44.5;2183.0;0.0;0.0;153.0;0.0;0.925;6.37;0.0;;5.91;13.34;4.18;13.55;3.05;15.31;1.72;56.33;;2024-04-17;09:00
27;Bourgogne-Franche-Comté;Données définitives;2626.5;23.0;0.0;189.5;75.5;0.0;43.0;2152.5;0.0;0.0;143.5;0.0;0.875;6.1;0.0;;5.46;12.510000000000002;7.21;23.66;2.875;14.629999999999999;1.6400000000000001;54.43;;2024-04-17;10:00
27;Bourgogne-Franche-Comté;Données définitives;2629.0;23.0;0.0;279.0;73.0;0.0;44.0;2078.0;0.0;0.0;132.5;0.0;0.875;6.1;0.0;;5.04;11.55;10.62;34.835;2.775;14.145;1.675;55.695;;2024-04-17;11:00
27;Bourgogne-Franche-Comté;Données définitives;2595.5;23.0;0.0;393.0;71.0;0.0;45.0;1923.0;0.0;0.0;140.5;0.0;0.885;6.1;0.0;;5.41;12.25;15.145;49.065;2.7350000000000003;13.76;1.7349999999999999;56.965;;2024-04-17;12:00
27;Bourgogne-Franche-Comté;Données définitives;2554.0;23.5;0.0;428.5;72.0;0.0;44.5;1760.5;0.0;0.0;225.5;0.0;0.9199999999999999;6.234999999999999;0.0;;8.83;19.66;16.78;53.5;2.8200000000000003;13.95;1.745;56.33;;2024-04-17;13:00
27;Bourgogne-Franche-Comté;Données définitives;2517.0;23.5;0.0;464.5;71.5;0.0;44.5;1675.0;0.0;0.0;237.5;0.0;0.935;6.234999999999999;0.0;;9.440000000000001;20.705;18.450000000000003;57.989999999999995;2.84;13.855;1.7650000000000001;56.33;;2024-04-17;14:00
27;Bourgogne-Franche-Comté;Données définitives;2475.0;23.5;0.0;417.5;71.0;0.0;44.5;1688.0;0.0;0.0;230.5;0.0;0.95;6.234999999999999;0.0;;9.315000000000001;20.095;16.865000000000002;52.125;2.87;13.76;1.795;56.33;;2024-04-17;15:00
27;Bourgogne-Franche-Comté;Données définitives;2405.0;24.0;0.0;337.5;69.5;0.0;45.5;1663.5;0.0;0.0;266.0;0.0;0.995;6.37;0.0;;11.065;23.19;14.024999999999999;42.135;2.89;13.469999999999999;1.895;57.595;;2024-04-17;16:00
27;Bourgogne-Franche-Comté;Données définitives;2330.0;23.0;0.0;279.5;73.0;0.0;45.0;1653.0;0.0;0.0;257.0;0.0;0.985;6.1;0.0;;11.030000000000001;22.41;11.985;34.89;3.135;14.145;1.93;56.965;;2024-04-17;17:00
27;Bourgogne-Franche-Comté;Données définitives;2428.5;23.0;0.0;195.5;82.0;0.0;46.0;1862.0;0.0;0.0;220.5;0.0;0.95;6.1;0.0;;9.120000000000001;19.22;8.075;24.41;3.375;15.89;1.895;58.23;;2024-04-17;18:00
27;Bourgogne-Franche-Comté;Données définitives;2486.0;23.0;0.0;90.0;86.0;0.0;45.0;2096.0;0.0;0.0;146.0;0.0;0.925;6.1;0.0;;5.87;12.73;3.62;11.235;3.46;16.67;1.81;56.96;;2024-04-17;19:00
27;Bourgogne-Franche-Comté;Données définitives;2482.0;23.0;0.0;14.0;87.5;0.0;45.0;2195.0;0.0;0.0;117.0;0.0;0.925;6.1;0.0;;4.715;10.2;0.5549999999999999;1.75;3.525;16.955;1.815;56.96;;2024-04-17;20:00
27;Bourgogne-Franche-Comté;Données définitives;2472.5;23.0;0.0;0.0;89.0;0.0;44.0;2198.0;0.0;0.0;119.0;0.0;0.9299999999999999;6.1;0.0;;4.8149999999999995;10.375;0.0;0.0;3.6;17.25;1.78;55.7;;2024-04-17;21:00
27;Bourgogne-Franche-Comté;Données définitives;2365.0;23.0;0.0;0.0;88.5;0.0;43.5;2094.5;0.0;0.0;115.5;0.0;0.97;6.1;0.0;;4.885;10.07;0.0;0.0;3.74;17.15;1.84;55.065;;2024-04-17;22:00
27;Bourgogne-Franche-Comté;Données définitives;2334.5;23.5;0.0;0.0;146.5;0.0;44.0;1987.5;0.0;0.0;133.5;0.0;1.005;6.234999999999999;0.0;;5.73;11.635000000000002;0.0;0.0;6.28;28.395;1.885;55.7;;2024-04-17;23:00
27;Bourgogne-Franche-Comté;Données définitives;1542.0;19.5;0.0;0.0;179.5;0.0;45.0;1187.5;0.0;0.0;111.0;0.0;1.27;5.175;0.0;;7.1899999999999995;9.68;0.0;0.0;11.649999999999999;34.785;2.92;56.96;;2024-05-13;00:00
27;Bourgogne-Franche-Comté;Données définitives;1445.5;19.0;0.0;0.0;178.5;0.0;44.5;1098.5;0.0;0.0;104.5;0.0;1.315;5.04;0.0;;7.23;9.115;0.0;0.0;12.35;34.59;3.08;56.33;;2024-05-13;01:00
27;Bourgogne-Franche-Comté;Données définitives;1468.5;19.5;0.0;0.0;64.5;0.0;45.0;1215.5;0.0;0.0;125.5;0.0;1.33;5.175;0.0;;8.55;10.94;0.0;0.0;4.390000000000001;12.5;3.065;56.96;;2024-05-13;02:00
27;Bourgogne-Franche-Comté;Données définitives;1432.5;19.0;0.0;0.0;65.0;0.0;45.0;1160.5;0.0;0.0;143.0;0.0;1.3250000000000002;5.04;0.0;;9.985;12.465;0.0;0.0;4.539999999999999;12.6;3.1399999999999997;56.96;;2024-05-13;03:00
27;Bourgogne-Franche-Comté;Données définitives;1399.0;19.0;0.0;0.0;66.0;0.0;45.5;1144.5;0.0;0.0;124.0;0.0;1.355;5.04;0.0;;8.870000000000001;10.809999999999999;0.0;0.0;4.720000000000001;12.79;3.255;57.595;;2024-05-13;04:00
27;Bourgogne-Franche-Comté;Données définitives;1452.0;19.5;0.0;0.0;66.0;0.0;45.0;1225.0;0.0;0.0;97.0;0.0;1.34;5.175;0.0;;6.7;8.46;0.0;0.0;4.550000000000001;12.79;3.105;56.96;;2024-05-13;05:00
27;Bourgogne-Franche-Comté;Données définitives;1597.5;20.5;0.0;1.0;121.5;0.0;44.0;1325.0;0.0;0.0;85.5;0.0;1.2850000000000001;5.4399999999999995;0.0;;5.359999999999999;7.455;0.06;0.125;7.495;23.544999999999998;2.76;55.7;;2024-05-13;06:00
27;Bourgogne-Franche-Comté;Données définitives;1901.5;20.0;0.0;20.5;188.0;0.0;44.0;1554.5;0.0;0.0;74.5;0.0;1.0550000000000002;5.31;0.0;;3.955;6.495;1.06;2.56;9.895;36.435;2.3200000000000003;55.7;;2024-05-13;07:00
27;Bourgogne-Franche-Comté;Données définitives;2110.5;20.0;0.0;80.0;184.0;0.0;44.5;1745.0;0.0;0.0;38.0;0.0;0.95;5.31;0.0;;1.8050000000000002;3.3149999999999995;3.785;9.985;8.73;35.660000000000004;2.105;56.33;;2024-05-13;08:00
27;Bourgogne-Franche-Comté;Données définitives;2145.0;20.5;0.0;178.0;152.0;0.0;44.0;1731.0;0.0;0.0;19.5;0.0;0.9550000000000001;5.4399999999999995;0.0;;0.905;1.7;8.32;22.225;7.085000000000001;29.46;2.05;55.7;;2024-05-13;09:00
27;Bourgogne-Franche-Comté;Données définitives;2129.0;20.5;0.0;303.5;148.5;0.0;44.5;1603.0;0.0;0.0;9.0;0.0;0.965;5.4399999999999995;0.0;;0.42;0.78;14.26;37.89;6.98;28.775;2.09;56.33;;2024-05-13;10:00
27;Bourgogne-Franche-Comté;Données définitives;2184.0;21.5;0.0;428.5;118.5;0.0;46.0;1556.5;0.0;0.0;14.0;0.0;0.985;5.705;0.0;;0.64;1.22;19.615000000000002;53.495000000000005;5.43;22.965;2.105;58.23;;2024-05-13;11:00
27;Bourgogne-Franche-Comté;Données définitives;2164.5;21.0;0.0;424.0;75.0;0.0;44.5;1582.5;0.0;0.0;18.0;0.0;0.97;5.57;0.0;;0.8300000000000001;1.5699999999999998;19.6;52.93;3.465;14.535;2.06;56.33;;2024-05-13;12:00
27;Bourgogne-Franche-Comté;Données définitives;2143.0;21.0;0.0;410.0;121.5;0.0;43.5;1524.0;0.0;0.0;23.0;0.0;0.98;5.57;0.0;;1.07;2.005;19.130000000000003;51.19;5.67;23.545;2.0300000000000002;55.065;;2024-05-13;13:00
27;Bourgogne-Franche-Comté;Données définitives;2108.5;21.0;0.0;428.0;70.0;0.0;44.5;1506.0;0.0;0.0;38.5;0.0;0.995;5.57;0.0;;1.8199999999999998;3.355;20.3;53.435;3.3200000000000003;13.565;2.1100000000000003;56.33;;2024-05-13;14:00
27;Bourgogne-Franche-Comté;Données définitives;2083.5;21.0;0.0;499.0;65.0;0.0;43.5;1393.5;0.0;0.0;62.5;0.0;1.01;5.57;0.0;;3.0;5.45;23.96;62.295;3.12;12.6;2.09;55.065;;2024-05-13;15:00
27;Bourgogne-Franche-Comté;Données définitives;2026.5;21.0;0.0;576.0;65.5;0.0;43.5;1231.0;0.0;0.0;89.0;0.0;1.0350000000000001;5.57;0.0;;4.390000000000001;7.76;28.43;71.91;3.23;12.695;2.15;55.065;;2024-05-13;16:00
27;Bourgogne-Franche-Comté;Données définitives;1977.0;21.0;0.0;478.5;65.5;0.0;45.5;1275.0;0.0;0.0;91.5;0.0;1.065;5.57;0.0;;4.63;7.975;24.189999999999998;59.739999999999995;3.3150000000000004;12.695;2.3;57.595;;2024-05-13;17:00
27;Bourgogne-Franche-Comté;Données définitives;1973.0;21.0;0.0;354.5;128.5;0.0;45.0;1308.5;0.0;0.0;115.0;0.0;1.065;5.57;0.0;;5.82;10.030000000000001;18.035;44.255;6.445;24.900000000000002;2.2800000000000002;56.96;;2024-05-13;18:00
27;Bourgogne-Franche-Comté;Données définitives;2114.0;21.5;0.0;189.5;209.0;0.0;45.0;1513.5;0.0;0.0;135.5;0.0;1.0150000000000001;5.705;0.0;;6.42;11.815000000000001;8.934999999999999;23.655;9.89;40.504999999999995;2.13;56.96;;2024-05-13;19:00
27;Bourgogne-Franche-Comté;Données définitives;2056.0;21.0;0.0;55.5;211.0;0.0;45.5;1584.0;0.0;0.0;139.5;0.0;1.02;5.57;0.0;;6.775;12.16;2.665;6.93;10.280000000000001;40.89;2.215;57.595;;2024-05-13;20:00
27;Bourgogne-Franche-Comté;Données définitives;2001.0;21.0;0.0;4.5;192.0;0.0;45.5;1551.0;0.0;0.0;187.0;0.0;1.05;5.57;0.0;;9.345;16.3;0.225;0.56;9.594999999999999;37.209999999999994;2.2699999999999996;57.595;;2024-05-13;21:00
27;Bourgogne-Franche-Comté;Données définitives;1987.0;21.0;0.0;0.0;182.5;0.0;45.0;1443.5;0.0;0.0;294.5;0.0;1.0550000000000002;5.57;0.0;;14.844999999999999;25.68;0.0;0.0;9.18;35.365;2.265;56.96;;2024-05-13;22:00
27;Bourgogne-Franche-Comté;Données définitives;1940.0;21.0;0.0;0.0;181.0;0.0;46.0;1311.0;0.0;0.0;381.0;0.0;1.085;5.57;0.0;;19.655;33.215;0.0;0.0;9.345;35.08;2.375;58.23;;2024-05-13;23:00
27;Bourgogne-Franche-Comté;Données définitives;1821.5;54.0;0.0;0.0;196.0;0.0;45.0;1426.5;0.0;0.0;100.5;0.0;2.965;14.32;0.0;;5.52;8.76;0.0;0.0;10.754999999999999;37.985;2.4749999999999996;56.96;;2024-06-11;00:00
27;Bourgogne-Franche-Comté;Données définitives;1722.5;54.0;0.0;0.0;131.0;0.0;45.0;1371.0;0.0;0.0;122.0;0.0;3.135;14.32;0.0;;7.085;10.64;0.0;0.0;7.6;25.39;2.61;56.96;;2024-06-11;01:00
27;Bourgogne-Franche-Comté;Données définitives;1749.0;54.0;0.0;0.0;67.5;0.0;45.0;1477.0;0.0;0.0;106.0;0.0;3.09;14.32;0.0;;6.06;9.24;0.0;0.0;3.8600000000000003;13.08;2.57;56.96;;2024-06-11;02:00
27;Bourgogne-Franche-Comté;Données définitives;1661.0;54.0;0.0;0.0;67.5;-66.0;45.5;1447.5;0.0;0.0;112.5;0.0;3.25;14.32;0.0;;6.77;9.805;0.0;0.0;4.0600000000000005;13.08;2.74;57.595;;2024-06-11;03:00
27;Bourgogne-Franche-Comté;Données définitives;1585.0;53.5;0.0;0.0;66.0;-65.0;47.5;1387.0;0.0;0.0;96.0;0.0;3.375;14.190000000000001;0.0;;6.055;8.37;0.0;0.0;4.165;12.79;2.995;60.125;;2024-06-11;04:00
27;Bourgogne-Franche-Comté;Données définitives;1618.5;53.0;0.0;0.0;65.5;0.0;48.0;1360.0;0.0;0.0;91.5;0.0;3.2800000000000002;14.06;0.0;;5.655;7.9799999999999995;0.0;0.0;4.05;12.695;2.9699999999999998;60.76;;2024-06-11;05:00
27;Bourgogne-Franche-Comté;Données définitives;1749.5;53.5;0.0;5.5;66.5;0.0;47.5;1486.5;0.0;0.0;91.0;0.0;3.06;14.190000000000001;0.0;;5.21;7.935;0.31000000000000005;0.685;3.8;12.89;2.715;60.125;;2024-06-11;06:00
27;Bourgogne-Franche-Comté;Données définitives;1993.0;53.0;0.0;49.5;95.5;0.0;47.0;1661.5;0.0;0.0;87.0;0.0;2.66;14.06;0.0;;4.38;7.584999999999999;2.46;6.18;4.76;18.509999999999998;2.3600000000000003;59.49;;2024-06-11;07:00
27;Bourgogne-Franche-Comté;Données définitives;2171.5;53.0;0.0;155.0;121.5;0.0;47.0;1749.5;0.0;0.0;45.5;0.0;2.4400000000000004;14.06;0.0;;2.0949999999999998;3.9699999999999998;7.13;19.355;5.595000000000001;23.545;2.165;59.49;;2024-06-11;08:00
27;Bourgogne-Franche-Comté;Données définitives;2180.0;53.0;0.0;305.5;96.0;0.0;47.5;1644.5;0.0;0.0;33.0;0.0;2.43;14.06;0.0;;1.5150000000000001;2.88;14.01;38.14;4.404999999999999;18.605;2.18;60.125;;2024-06-11;09:00
27;Bourgogne-Franche-Comté;Données définitives;2199.0;53.0;0.0;437.5;67.0;0.0;47.0;1565.0;0.0;0.0;30.0;0.0;2.41;14.06;0.0;;1.3650000000000002;2.62;19.895;54.62;3.05;12.98;2.1399999999999997;59.49;;2024-06-11;10:00
27;Bourgogne-Franche-Comté;Données définitives;2265.0;53.0;0.0;517.0;65.5;0.0;46.5;1546.0;0.0;0.0;36.5;0.0;2.34;14.06;0.0;;1.6099999999999999;3.185;22.825;64.545;2.895;12.695;2.0549999999999997;58.86;;2024-06-11;11:00
27;Bourgogne-Franche-Comté;Données définitives;2292.0;53.0;0.0;537.0;66.0;0.0;46.0;1552.5;0.0;0.0;37.0;0.0;2.31;14.06;0.0;;1.615;3.225;23.43;67.045;2.88;12.79;2.01;58.23;;2024-06-11;12:00
27;Bourgogne-Franche-Comté;Données définitives;2241.0;53.0;0.0;556.5;65.5;0.0;47.0;1485.0;0.0;0.0;34.0;0.0;2.365;14.06;0.0;;1.5150000000000001;2.965;24.835;69.475;2.925;12.695;2.0949999999999998;59.49;;2024-06-11;13:00
27;Bourgogne-Franche-Comté;Données définitives;2216.5;53.5;0.0;559.5;64.5;0.0;47.0;1460.5;0.0;0.0;32.5;0.0;2.41;14.190000000000001;0.0;;1.4700000000000002;2.835;25.244999999999997;69.85;2.91;12.5;2.12;59.49;;2024-06-11;14:00
27;Bourgogne-Franche-Comté;Données définitives;2196.5;53.0;0.0;519.5;65.0;0.0;46.0;1481.0;0.0;0.0;33.0;0.0;2.41;14.055;0.0;;1.5;2.88;23.65;64.855;2.96;12.6;2.0949999999999998;58.23;;2024-06-11;15:00
27;Bourgogne-Franche-Comté;Données définitives;2116.5;54.0;0.0;482.0;64.0;0.0;46.5;1435.0;0.0;0.0;35.0;0.0;2.55;14.32;0.0;;1.655;3.05;22.759999999999998;60.175;3.0250000000000004;12.4;2.2;58.86;;2024-06-11;16:00
27;Bourgogne-Franche-Comté;Données définitives;2035.5;53.5;0.0;385.5;65.0;-33.0;47.0;1453.5;0.0;0.0;65.5;0.0;2.63;14.190000000000001;0.0;;3.23;5.71;18.925;48.129999999999995;3.1950000000000003;12.6;2.31;59.49;;2024-06-11;17:00
27;Bourgogne-Franche-Comté;Données définitives;2102.0;53.5;0.0;285.0;66.5;-65.5;47.0;1610.5;0.0;0.0;105.5;0.0;2.545;14.190000000000001;0.0;;5.02;9.2;13.565;35.58;3.165;12.89;2.2350000000000003;59.49;;2024-06-11;18:00
27;Bourgogne-Franche-Comté;Données définitives;2158.5;53.5;0.0;203.0;145.0;0.0;46.0;1585.0;0.0;0.0;126.0;0.0;2.48;14.190000000000001;0.0;;5.835;10.985;9.415;25.345;6.705;28.1;2.13;58.225;;2024-06-11;19:00
27;Bourgogne-Franche-Comté;Données définitives;2029.5;53.0;0.0;96.5;204.0;0.0;46.0;1516.5;0.0;0.0;113.0;0.0;2.615;14.06;0.0;;5.57;9.85;4.715;12.05;10.059999999999999;39.53;2.27;58.23;;2024-06-11;20:00
27;Bourgogne-Franche-Comté;Données définitives;2013.5;54.0;0.0;19.5;206.0;0.0;46.5;1575.5;0.0;0.0;113.0;0.0;2.685;14.32;0.0;;5.609999999999999;9.855;0.975;2.435;10.23;39.925;2.31;58.86;;2024-06-11;21:00
27;Bourgogne-Franche-Comté;Données définitives;1988.0;53.0;0.0;0.5;202.5;0.0;46.5;1553.5;0.0;0.0;132.5;0.0;2.67;14.055;0.0;;6.665;11.555;0.025;0.06;10.19;39.245000000000005;2.34;58.86;;2024-06-11;22:00
27;Bourgogne-Franche-Comté;Données définitives;1951.5;52.0;0.0;0.0;203.0;0.0;47.0;1509.0;0.0;0.0;141.0;0.0;2.67;13.79;0.0;;7.225;12.295;0.0;0.0;10.41;39.34;2.4050000000000002;59.49;;2024-06-11;23:00
27;Bourgogne-Franche-Comté;Données définitives;1790.0;20.5;0.0;0.0;102.0;0.0;44.0;1400.5;0.0;0.0;222.5;0.0;1.145;5.4399999999999995;0.0;;12.45;19.4;0.0;0.0;5.715;19.77;2.455;55.7;;2024-07-10;00:00
27;Bourgogne-Franche-Comté;Données définitives;1715.0;21.0;0.0;0.0;98.0;0.0;44.0;1261.5;0.0;0.0;291.0;0.0;1.22;5.57;0.0;;16.950000000000003;25.37;0.0;0.0;5.7;18.99;2.565;55.7;;2024-07-10;01:00
27;Bourgogne-Franche-Comté;Données définitives;1720.0;20.5;0.0;0.0;67.0;0.0;43.5;1299.0;0.0;0.0;290.0;0.0;1.1949999999999998;5.4399999999999995;0.0;;16.86;25.28;0.0;0.0;3.8949999999999996;12.985;2.5300000000000002;55.065;;2024-07-10;02:00
27;Bourgogne-Franche-Comté;Données définitives;1656.0;21.0;0.0;0.0;55.5;0.0;44.0;1355.0;0.0;0.0;182.5;0.0;1.2650000000000001;5.57;0.0;;11.015;15.915;0.0;0.0;3.35;10.754999999999999;2.66;55.7;;2024-07-10;03:00
27;Bourgogne-Franche-Comté;Données définitives;1576.5;21.0;0.0;0.0;56.5;0.0;44.0;1334.0;0.0;0.0;122.5;0.0;1.33;5.57;0.0;;7.765000000000001;10.68;0.0;0.0;3.585;10.95;2.795;55.7;;2024-07-10;04:00
27;Bourgogne-Franche-Comté;Données définitives;1591.5;21.0;0.0;0.0;63.5;0.0;43.0;1360.5;0.0;0.0;104.0;0.0;1.32;5.57;0.0;;6.535;9.07;0.0;0.0;3.99;12.305;2.7;54.43;;2024-07-10;05:00
27;Bourgogne-Franche-Comté;Données définitives;1697.5;21.0;0.0;1.0;64.5;0.0;43.5;1460.0;0.0;0.0;109.0;0.0;1.2349999999999999;5.57;0.0;;6.42;9.504999999999999;0.06;0.125;3.805;12.5;2.565;55.065;;2024-07-10;06:00
27;Bourgogne-Franche-Comté;Données définitives;1900.5;21.0;0.0;17.5;66.0;0.0;43.5;1673.0;0.0;0.0;79.5;0.0;1.105;5.57;0.0;;4.195;6.93;0.9099999999999999;2.185;3.475;12.79;2.29;55.065;;2024-07-10;07:00
27;Bourgogne-Franche-Comté;Données définitives;2090.5;21.0;0.0;61.5;70.5;0.0;44.5;1795.0;0.0;0.0;97.0;0.0;1.005;5.57;0.0;;4.640000000000001;8.46;2.925;7.675;3.37;13.665;2.13;56.33;;2024-07-10;08:00
27;Bourgogne-Franche-Comté;Données définitives;2170.5;21.0;0.0;148.0;71.5;0.0;44.5;1818.0;0.0;0.0;66.0;0.0;0.965;5.57;0.0;;3.04;5.755;6.825;18.475;3.295;13.855;2.05;56.33;;2024-07-10;09:00
27;Bourgogne-Franche-Comté;Données définitives;2224.5;21.0;0.0;302.5;73.5;0.0;44.5;1747.5;0.0;0.0;34.5;0.0;0.945;5.57;0.0;;1.55;3.005;13.59;37.765;3.3049999999999997;14.245000000000001;2.0;56.33;;2024-07-10;10:00
27;Bourgogne-Franche-Comté;Données définitives;2278.5;21.0;0.0;402.0;71.5;0.0;46.0;1701.0;0.0;0.0;38.5;0.0;0.925;5.57;0.0;;1.69;3.355;17.645;50.185;3.1399999999999997;13.855;2.0199999999999996;58.23;;2024-07-10;11:00
27;Bourgogne-Franche-Comté;Données définitives;2314.0;21.0;0.0;452.0;67.0;0.0;45.0;1671.0;0.0;0.0;60.0;0.0;0.905;5.57;0.0;;2.59;5.23;19.53;56.43;2.895;12.98;1.9449999999999998;56.965;;2024-07-10;12:00
27;Bourgogne-Franche-Comté;Données définitives;2314.0;21.0;0.0;475.5;66.5;0.0;46.0;1631.5;0.0;0.0;73.0;0.0;0.91;5.57;0.0;;3.1550000000000002;6.365;20.55;59.36;2.875;12.885;1.9849999999999999;58.23;;2024-07-10;13:00
27;Bourgogne-Franche-Comté;Données définitives;2289.5;21.0;0.0;447.0;64.5;0.0;45.0;1642.0;0.0;0.0;69.5;0.0;0.92;5.57;0.0;;3.04;6.0600000000000005;19.525;55.805;2.82;12.5;1.9649999999999999;56.965;;2024-07-10;14:00
27;Bourgogne-Franche-Comté;Données définitives;2276.5;21.0;0.0;366.5;62.5;0.0;46.0;1689.0;0.0;0.0;90.0;0.0;0.925;5.57;0.0;;3.955;7.845;16.095;45.754999999999995;2.745;12.115;2.0199999999999996;58.23;;2024-07-10;15:00
27;Bourgogne-Franche-Comté;Données définitives;2217.5;21.5;0.0;279.0;63.5;0.0;46.5;1690.0;0.0;0.0;118.0;0.0;0.97;5.705;0.0;;5.325;10.29;12.575;34.83;2.865;12.309999999999999;2.0949999999999998;58.86;;2024-07-10;16:00
27;Bourgogne-Franche-Comté;Données définitives;2130.0;21.0;0.0;290.0;128.0;0.0;46.5;1508.0;0.0;0.0;136.0;0.0;0.985;5.57;0.0;;6.38;11.86;13.615;36.205;6.015000000000001;24.805;2.185;58.86;;2024-07-10;17:00
27;Bourgogne-Franche-Comté;Données définitives;2130.0;21.0;0.0;252.0;137.0;0.0;45.0;1561.5;0.0;0.0;113.5;0.0;0.985;5.57;0.0;;5.33;9.895;11.83;31.46;6.43;26.549999999999997;2.115;56.96;;2024-07-10;18:00
27;Bourgogne-Franche-Comté;Données définitives;2193.5;21.0;0.0;159.5;150.0;0.0;45.0;1743.5;0.0;0.0;75.0;0.0;0.955;5.57;0.0;;3.42;6.54;7.265000000000001;19.91;6.84;29.07;2.05;56.96;;2024-07-10;19:00
27;Bourgogne-Franche-Comté;Données définitives;2091.5;21.0;0.0;70.5;212.0;0.0;45.0;1690.0;0.0;0.0;53.0;0.0;1.005;5.57;0.0;;2.535;4.62;3.3449999999999998;8.8;10.145;41.09;2.1550000000000002;56.96;;2024-07-10;20:00
27;Bourgogne-Franche-Comté;Données définitives;2034.5;21.0;0.0;14.0;213.0;0.0;46.0;1702.5;0.0;0.0;38.0;0.0;1.03;5.57;0.0;;1.8699999999999999;3.31;0.69;1.745;10.469999999999999;41.28;2.2649999999999997;58.23;;2024-07-10;21:00
27;Bourgogne-Franche-Comté;Données définitives;2007.0;21.0;0.0;0.0;212.5;0.0;45.5;1690.5;0.0;0.0;37.5;0.0;1.045;5.57;0.0;;1.8649999999999998;3.2649999999999997;0.0;0.0;10.59;41.18;2.2649999999999997;57.595;;2024-07-10;22:00
27;Bourgogne-Franche-Comté;Données définitives;1965.5;21.5;0.0;0.0;214.0;0.0;45.5;1643.5;0.0;0.0;41.5;0.0;1.0950000000000002;5.705;0.0;;2.115;3.62;0.0;0.0;10.895;41.47;2.3200000000000003;57.595;;2024-07-10;23:00
27;Bourgogne-Franche-Comté;Données définitives;1618.0;23.0;0.0;0.0;27.5;0.0;46.5;1433.5;0.0;0.0;87.0;0.0;1.4249999999999998;6.1;0.0;;5.37;7.584999999999999;0.0;0.0;1.6949999999999998;5.33;2.875;58.86;;2024-08-20;00:00
27;Bourgogne-Franche-Comté;Données définitives;1524.5;23.0;0.0;0.0;26.0;0.0;44.0;1372.5;0.0;0.0;58.5;0.0;1.51;6.1;0.0;;3.84;5.1;0.0;0.0;1.705;5.04;2.885;55.69499999999999;;2024-08-20;01:00
27;Bourgogne-Franche-Comté;Données définitives;1548.5;23.0;0.0;0.0;25.5;0.0;42.0;1410.5;0.0;0.0;45.5;0.0;1.4849999999999999;6.1;0.0;;2.94;3.965;0.0;0.0;1.645;4.9399999999999995;2.71;53.16;;2024-08-20;02:00
27;Bourgogne-Franche-Comté;Données définitives;1469.5;23.0;0.0;0.0;24.5;0.0;43.0;1337.0;0.0;0.0;40.5;0.0;1.565;6.1;0.0;;2.76;3.535;0.0;0.0;1.665;4.745;2.925;54.43;;2024-08-20;03:00
27;Bourgogne-Franche-Comté;Données définitives;1414.0;23.0;0.0;0.0;24.0;0.0;42.0;1292.5;0.0;0.0;33.5;0.0;1.625;6.1;0.0;;2.37;2.92;0.0;0.0;1.6949999999999998;4.65;2.97;53.16;;2024-08-20;04:00
27;Bourgogne-Franche-Comté;Données définitives;1445.5;23.5;0.0;0.0;25.0;0.0;43.0;1338.5;0.0;0.0;19.0;0.0;1.625;6.234999999999999;0.0;;1.32;1.6549999999999998;0.0;0.0;1.73;4.845000000000001;2.9749999999999996;54.43;;2024-08-20;05:00
27;Bourgogne-Franche-Comté;Données définitives;1539.5;23.0;0.0;0.0;28.0;0.0;42.0;1420.5;0.0;0.0;26.0;0.0;1.495;6.1;0.0;;1.69;2.265;0.0;0.0;1.82;5.43;2.73;53.16;;2024-08-20;06:00
27;Bourgogne-Franche-Comté;Données définitives;1649.0;23.0;0.0;10.5;29.0;0.0;42.0;1516.5;0.0;0.0;26.0;0.0;1.395;6.1;0.0;;1.585;2.27;0.625;1.31;1.76;5.619999999999999;2.55;53.16;;2024-08-20;07:00
27;Bourgogne-Franche-Comté;Données définitives;1774.5;23.0;0.0;90.0;30.0;0.0;42.0;1574.0;0.0;0.0;15.5;0.0;1.295;6.1;0.0;;0.88;1.35;5.050000000000001;11.24;1.69;5.81;2.37;53.16;;2024-08-20;08:00
27;Bourgogne-Franche-Comté;Données définitives;1857.5;20.0;0.0;247.0;31.0;0.0;42.0;1513.0;0.0;0.0;4.5;0.0;1.08;5.31;0.0;;0.24;0.395;13.275;30.835;1.67;6.01;2.26;53.16;;2024-08-20;09:00
27;Bourgogne-Franche-Comté;Données définitives;1952.0;20.5;0.0;440.5;30.5;0.0;41.5;1418.0;0.0;0.0;1.5;0.0;1.05;5.4399999999999995;0.0;;0.07500000000000001;0.13;22.55;54.99;1.565;5.91;2.13;52.53;;2024-08-20;10:00
27;Bourgogne-Franche-Comté;Données définitives;2002.0;21.0;0.0;606.0;26.0;0.0;41.5;1306.5;0.0;0.0;2.0;0.0;1.05;5.57;0.0;;0.1;0.17;30.259999999999998;75.655;1.2999999999999998;5.04;2.0700000000000003;52.53;;2024-08-20;11:00
27;Bourgogne-Franche-Comté;Données définitives;2090.5;21.0;0.0;704.5;22.0;0.0;42.0;1296.5;0.0;0.0;5.5;0.0;1.005;5.57;0.0;;0.26;0.48;33.695;87.955;1.055;4.265000000000001;2.01;53.16;;2024-08-20;12:00
27;Bourgogne-Franche-Comté;Données définitives;2079.5;24.0;0.0;731.5;18.5;0.0;41.0;1252.5;0.0;0.0;11.5;0.0;1.155;6.37;0.0;;0.5599999999999999;1.0;35.230000000000004;91.325;0.89;3.585;1.9749999999999999;51.9;;2024-08-20;13:00
27;Bourgogne-Franche-Comté;Données définitives;2000.5;22.0;0.0;733.0;19.0;0.0;41.5;1159.0;0.0;0.0;26.0;0.0;1.1;5.84;0.0;;1.3;2.27;36.644999999999996;91.51;0.95;3.685;2.075;52.53;;2024-08-20;14:00
27;Bourgogne-Franche-Comté;Données définitives;1978.0;22.0;0.0;707.0;22.0;0.0;41.0;1142.0;0.0;0.0;44.5;0.0;1.11;5.84;0.0;;2.25;3.875;35.745000000000005;88.265;1.11;4.26;2.075;51.9;;2024-08-20;15:00
27;Bourgogne-Franche-Comté;Données définitives;1901.5;22.0;0.0;621.0;22.0;0.0;41.0;1128.5;0.0;0.0;68.5;0.0;1.16;5.84;0.0;;3.605;5.975;32.645;77.53;1.16;4.26;2.16;51.9;;2024-08-20;16:00
27;Bourgogne-Franche-Comté;Données définitives;1848.5;21.5;0.0;502.5;23.5;0.0;42.0;1174.0;0.0;0.0;86.0;0.0;1.165;5.705;0.0;;4.66;7.494999999999999;27.165;62.735;1.27;4.55;2.27;53.16;;2024-08-20;17:00
27;Bourgogne-Franche-Comté;Données définitives;1849.0;21.0;0.0;330.5;21.5;0.0;41.0;1319.5;0.0;0.0;115.5;0.0;1.135;5.57;0.0;;6.234999999999999;10.07;17.92;41.26;1.16;4.165;2.215;51.9;;2024-08-20;18:00
27;Bourgogne-Franche-Comté;Données définitives;1891.5;22.0;0.0;148.5;25.0;0.0;41.0;1515.5;0.0;0.0;138.5;0.0;1.165;5.84;0.0;;7.32;12.075;7.845000000000001;18.54;1.3199999999999998;4.845000000000001;2.17;51.9;;2024-08-20;19:00
27;Bourgogne-Franche-Comté;Données définitives;1844.5;21.0;0.0;32.0;27.0;0.0;42.5;1563.5;0.0;0.0;158.0;0.0;1.1400000000000001;5.57;0.0;;8.58;13.774999999999999;1.725;3.995;1.4649999999999999;5.23;2.305;53.795;;2024-08-20;20:00
27;Bourgogne-Franche-Comté;Données définitives;1829.5;22.0;0.0;0.5;26.5;0.0;42.5;1539.0;0.0;0.0;202.0;0.0;1.205;5.84;0.0;;11.035;17.61;0.025;0.06;1.4500000000000002;5.135;2.325;53.795;;2024-08-20;21:00
27;Bourgogne-Franche-Comté;Données définitives;1792.0;21.0;0.0;0.0;25.0;0.0;43.0;1419.0;0.0;0.0;285.5;0.0;1.17;5.57;0.0;;15.955;24.89;0.0;0.0;1.4;4.84;2.4;54.43;;2024-08-20;22:00
27;Bourgogne-Franche-Comté;Données définitives;1736.0;22.0;0.0;0.0;23.0;0.0;42.5;1331.5;0.0;0.0;317.0;0.0;1.2650000000000001;5.84;0.0;;18.255;27.634999999999998;0.0;0.0;1.3199999999999998;4.455;2.45;53.795;;2024-08-20;23:00
27;Bourgogne-Franche-Comté;Données définitives;1809.0;19.0;0.0;0.0;175.0;0.0;30.0;1501.5;0.0;0.0;82.5;0.0;1.05;5.04;0.0;;4.5649999999999995;7.195;0.0;0.0;9.68;33.915;1.66;37.97;;2024-09-12;00:00
27;Bourgogne-Franche-Comté;Données définitives;1740.5;20.5;0.0;0.0;168.5;0.0;30.0;1438.5;0.0;0.0;83.5;0.0;1.1749999999999998;5.4399999999999995;0.0;;4.800000000000001;7.28;0.0;0.0;9.68;32.655;1.725;37.97;;2024-09-12;01:00
27;Bourgogne-Franche-Comté;Données définitives;1764.5;20.0;0.0;0.0;163.0;0.0;29.0;1465.5;0.0;0.0;86.5;0.0;1.1349999999999998;5.31;0.0;;4.905;7.54;0.0;0.0;9.239999999999998;31.585;1.645;36.71;;2024-09-12;02:00
27;Bourgogne-Franche-Comté;Données définitives;1664.0;20.0;0.0;0.0;160.0;0.0;30.0;1377.5;0.0;0.0;77.5;0.0;1.2;5.31;0.0;;4.655;6.755;0.0;0.0;9.615;31.009999999999998;1.8050000000000002;37.97;;2024-09-12;03:00
27;Bourgogne-Franche-Comté;Données définitives;1593.0;19.5;0.0;0.0;94.5;0.0;29.5;1382.0;0.0;0.0;68.5;0.0;1.225;5.175;0.0;;4.305;5.970000000000001;0.0;0.0;5.92;18.315;1.85;37.34;;2024-09-12;04:00
27;Bourgogne-Franche-Comté;Données définitives;1610.5;19.0;0.0;0.0;54.0;0.0;29.0;1426.0;0.0;0.0;82.5;0.0;1.18;5.04;0.0;;5.125;7.195;0.0;0.0;3.355;10.47;1.8050000000000002;36.71;;2024-09-12;05:00
27;Bourgogne-Franche-Comté;Données définitives;1768.5;19.0;0.0;0.0;56.0;0.0;30.0;1571.5;0.0;0.0;90.5;0.0;1.0750000000000002;5.04;0.0;;5.12;7.89;0.0;0.0;3.17;10.855;1.7;37.97;;2024-09-12;06:00
27;Bourgogne-Franche-Comté;Données définitives;2032.0;19.0;0.0;0.5;61.5;0.0;30.0;1844.0;0.0;0.0;75.0;0.0;0.935;5.04;0.0;;3.69;6.54;0.025;0.06;3.025;11.915;1.48;37.97;;2024-09-12;07:00
27;Bourgogne-Franche-Comté;Données définitives;2169.0;20.0;0.0;44.5;182.5;0.0;30.0;1825.0;0.0;0.0;67.5;0.0;0.9199999999999999;5.31;0.0;;3.12;5.885;2.03;5.555;8.41;35.37;1.385;37.97;;2024-09-12;08:00
27;Bourgogne-Franche-Comté;Données définitives;2237.5;19.5;0.0;184.0;181.0;0.0;30.0;1775.5;0.0;0.0;48.0;0.0;0.87;5.175;0.0;;2.145;4.1850000000000005;8.205;22.97;8.09;35.08;1.34;37.97;;2024-09-12;09:00
27;Bourgogne-Franche-Comté;Données définitives;2253.5;20.5;0.0;369.5;185.0;0.0;30.0;1625.0;0.0;0.0;25.0;0.0;0.91;5.4399999999999995;0.0;;1.11;2.18;16.380000000000003;46.129999999999995;8.205;35.849999999999994;1.33;37.97;;2024-09-12;10:00
27;Bourgogne-Franche-Comté;Données définitives;2295.0;20.0;0.0;487.5;130.0;0.0;30.0;1595.0;0.0;0.0;33.5;0.0;0.875;5.31;0.0;;1.46;2.925;21.244999999999997;60.864999999999995;5.6499999999999995;25.189999999999998;1.3050000000000002;37.97;;2024-09-12;11:00
27;Bourgogne-Franche-Comté;Données définitives;2316.5;21.0;0.0;555.5;64.5;0.0;30.0;1582.0;0.0;0.0;62.0;0.0;0.905;5.57;0.0;;2.675;5.405;23.979999999999997;69.355;2.785;12.5;1.295;37.97;;2024-09-12;12:00
27;Bourgogne-Franche-Comté;Données définitives;2264.0;21.0;0.0;571.5;63.5;0.0;29.5;1470.0;0.0;0.0;108.5;0.0;0.9299999999999999;5.57;0.0;;4.8;9.46;25.244999999999997;71.35;2.8049999999999997;12.305;1.3;37.34;;2024-09-12;13:00
27;Bourgogne-Franche-Comté;Données définitives;2206.0;20.5;0.0;543.5;62.5;0.0;30.0;1407.0;0.0;0.0;145.0;0.0;0.9299999999999999;5.4399999999999995;0.0;;6.57;12.64;24.64;67.855;2.835;12.115;1.36;37.97;;2024-09-12;14:00
27;Bourgogne-Franche-Comté;Données définitives;2191.5;21.0;0.0;499.0;62.5;0.0;29.5;1399.5;0.0;0.0;180.5;0.0;0.96;5.57;0.0;;8.235;15.735;22.770000000000003;62.295;2.855;12.115;1.3450000000000002;37.34;;2024-09-12;15:00
27;Bourgogne-Franche-Comté;Données définitives;2111.0;20.5;0.0;434.0;62.0;0.0;30.0;1382.5;0.0;0.0;182.5;0.0;0.97;5.4399999999999995;0.0;;8.65;15.915;20.555;54.18;2.9400000000000004;12.02;1.4249999999999998;37.97;;2024-09-12;16:00
27;Bourgogne-Franche-Comté;Données définitives;2046.0;20.0;0.0;361.5;68.5;0.0;30.0;1364.0;0.0;0.0;202.5;0.0;0.975;5.31;0.0;;9.89;17.65;17.645;45.13;3.3550000000000004;13.274999999999999;1.47;37.97;;2024-09-12;17:00
27;Bourgogne-Franche-Comté;Données définitives;2091.0;20.0;0.0;224.0;73.5;0.0;30.0;1531.5;0.0;0.0;212.0;0.0;0.955;5.31;0.0;;10.145;18.485;10.735;27.965;3.5149999999999997;14.245000000000001;1.435;37.97;;2024-09-12;18:00
27;Bourgogne-Franche-Comté;Données définitives;2187.0;19.5;0.0;71.5;137.0;0.0;30.5;1780.5;0.0;0.0;147.5;0.0;0.895;5.175;0.0;;6.76;12.855;3.285;8.925;6.24;26.55;1.395;38.605000000000004;;2024-09-12;19:00
27;Bourgogne-Franche-Comté;Données définitives;2138.0;19.5;0.0;3.5;195.5;0.0;30.0;1777.5;0.0;0.0;110.5;0.0;0.915;5.175;0.0;;5.17;9.635;0.16;0.435;9.145;37.89;1.4049999999999998;37.97;;2024-09-12;20:00
27;Bourgogne-Franche-Comté;Données définitives;2101.0;20.0;0.0;0.0;192.0;0.0;30.0;1740.0;0.0;0.0;118.0;0.0;0.955;5.31;0.0;;5.615;10.285;0.0;0.0;9.135;37.205;1.4249999999999998;37.97;;2024-09-12;21:00
27;Bourgogne-Franche-Comté;Données définitives;2020.5;20.0;0.0;0.0;190.0;0.0;30.5;1658.5;0.0;0.0;123.0;0.0;0.99;5.31;0.0;;6.085;10.725;0.0;0.0;9.405000000000001;36.82;1.51;38.605000000000004;;2024-09-12;22:00
27;Bourgogne-Franche-Comté;Données définitives;1937.5;21.0;0.0;0.0;133.5;0.0;30.5;1649.0;0.0;0.0;104.0;0.0;1.085;5.57;0.0;;5.375;9.07;0.0;0.0;6.785;25.869999999999997;1.5750000000000002;38.605000000000004;;2024-09-12;23:00
27;Bourgogne-Franche-Comté;Données définitives;1882.5;20.5;0.0;0.0;256.0;0.0;42.5;1421.5;0.0;0.0;143.5;0.0;1.085;5.4399999999999995;0.0;;7.635;12.51;0.0;0.0;13.629999999999999;49.614999999999995;2.26;53.795;;2024-10-02;00:00
27;Bourgogne-Franche-Comté;Données définitives;1774.0;20.0;0.0;0.0;257.0;0.0;43.0;1278.0;0.0;0.0;176.5;0.0;1.125;5.31;0.0;;9.95;15.385;0.0;0.0;14.48;49.805;2.425;54.43;;2024-10-02;01:00
27;Bourgogne-Franche-Comté;Données définitives;1799.5;19.5;0.0;0.0;197.5;0.0;43.0;1371.0;0.0;0.0;168.5;0.0;1.085;5.175;0.0;;9.36;14.69;0.0;0.0;10.969999999999999;38.275000000000006;2.385;54.43;;2024-10-02;02:00
27;Bourgogne-Franche-Comté;Données définitives;1743.0;18.0;0.0;0.0;126.5;0.0;42.5;1409.0;0.0;0.0;146.5;0.0;1.0350000000000001;4.77;0.0;;8.41;12.775;0.0;0.0;7.244999999999999;24.515;2.4400000000000004;53.795;;2024-10-02;03:00
27;Bourgogne-Franche-Comté;Données définitives;1663.0;18.0;0.0;0.0;80.0;0.0;42.0;1322.0;0.0;0.0;203.0;0.0;1.085;4.77;0.0;;12.205;17.7;0.0;0.0;4.8100000000000005;15.5;2.525;53.16;;2024-10-02;04:00
27;Bourgogne-Franche-Comté;Données définitives;1709.5;18.0;0.0;0.0;76.0;0.0;41.5;1357.0;0.0;0.0;218.5;0.0;1.0550000000000002;4.77;0.0;;12.780000000000001;19.05;0.0;0.0;4.455;14.73;2.425;52.53;;2024-10-02;05:00
27;Bourgogne-Franche-Comté;Données définitives;1907.5;18.0;0.0;0.0;72.5;0.0;40.0;1509.0;0.0;0.0;267.0;0.0;0.9450000000000001;4.77;0.0;;14.0;23.28;0.0;0.0;3.81;14.05;2.105;50.635;;2024-10-02;06:00
27;Bourgogne-Franche-Comté;Données définitives;2206.0;18.5;0.0;0.0;71.0;0.0;42.0;1769.5;0.0;0.0;303.0;0.0;0.835;4.904999999999999;0.0;;13.735;26.415;0.0;0.0;3.2199999999999998;13.76;1.9049999999999998;53.165;;2024-10-02;07:00
27;Bourgogne-Franche-Comté;Données définitives;2309.5;19.5;0.0;9.0;71.0;0.0;43.0;1847.0;0.0;0.0;319.0;0.0;0.8500000000000001;5.175;0.0;;13.815000000000001;27.814999999999998;0.385;1.125;3.075;13.76;1.8599999999999999;54.43;;2024-10-02;08:00
27;Bourgogne-Franche-Comté;Données définitives;2379.0;18.0;0.0;62.0;66.5;0.0;42.0;1878.0;0.0;0.0;312.0;0.0;0.755;4.77;0.0;;13.11;27.200000000000003;2.605;7.74;2.795;12.885;1.7650000000000001;53.16;;2024-10-02;09:00
27;Bourgogne-Franche-Comté;Données définitives;2449.0;18.0;0.0;141.5;66.5;0.0;42.0;1880.5;0.0;0.0;300.5;0.0;0.735;4.77;0.0;;12.275;26.195;5.775;17.665;2.715;12.885;1.7149999999999999;53.16;;2024-10-02;10:00
27;Bourgogne-Franche-Comté;Données définitives;2493.0;18.0;0.0;242.0;67.0;0.0;43.0;1851.0;0.0;0.0;273.5;0.0;0.725;4.77;0.0;;10.97;23.845;9.715;30.21;2.685;12.98;1.725;54.43;;2024-10-02;11:00
27;Bourgogne-Franche-Comté;Données définitives;2513.0;18.0;0.0;304.0;64.5;0.0;43.0;1851.5;0.0;0.0;231.5;0.0;0.715;4.77;0.0;;9.21;20.185000000000002;12.094999999999999;37.95;2.5700000000000003;12.5;1.71;54.43;;2024-10-02;12:00
27;Bourgogne-Franche-Comté;Données définitives;2472.5;18.0;0.0;300.0;63.5;0.0;43.0;1854.5;0.0;0.0;193.0;0.0;0.725;4.77;0.0;;7.8100000000000005;16.825;12.135;37.455;2.5700000000000003;12.305;1.74;54.43;;2024-10-02;13:00
27;Bourgogne-Franche-Comté;Données définitives;2407.5;19.5;0.0;269.0;65.0;0.0;43.5;1891.5;0.0;0.0;120.0;0.0;0.81;5.175;0.0;;4.98;10.465;11.175;33.58;2.705;12.594999999999999;1.81;55.065;;2024-10-02;14:00
27;Bourgogne-Franche-Comté;Données définitives;2337.5;21.0;0.0;243.5;84.0;0.0;44.0;1862.5;0.0;0.0;83.0;0.0;0.895;5.574999999999999;0.0;;3.545;7.234999999999999;10.415;30.4;3.5949999999999998;16.28;1.885;55.7;;2024-10-02;15:00
27;Bourgogne-Franche-Comté;Données définitives;2241.5;21.0;0.0;183.5;106.5;0.0;44.0;1837.0;0.0;0.0;49.5;0.0;0.94;5.57;0.0;;2.21;4.3149999999999995;8.195;22.905;4.74;20.64;1.96;55.7;;2024-10-02;16:00
27;Bourgogne-Franche-Comté;Données définitives;2258.5;19.0;0.0;120.5;134.0;0.0;44.0;1903.0;0.0;0.0;38.0;0.0;0.845;5.04;0.0;;1.68;3.31;5.34;15.040000000000001;5.93;25.97;1.95;55.7;;2024-10-02;17:00
27;Bourgogne-Franche-Comté;Données définitives;2295.5;18.5;0.0;58.5;140.5;0.0;43.5;2015.0;0.0;0.0;20.0;0.0;0.8049999999999999;4.904999999999999;0.0;;0.875;1.745;2.56;7.3;6.115;27.225;1.895;55.065;;2024-10-02;18:00
27;Bourgogne-Franche-Comté;Données définitives;2393.0;18.0;0.0;9.5;176.5;0.0;43.0;2141.0;0.0;0.0;4.5;0.0;0.755;4.77;0.0;;0.185;0.39;0.39999999999999997;1.185;7.37;34.205;1.795;54.43;;2024-10-02;19:00
27;Bourgogne-Franche-Comté;Données définitives;2369.0;18.0;0.0;0.0;204.5;0.0;43.0;2100.5;0.0;0.0;2.5;0.0;0.76;4.77;0.0;;0.10500000000000001;0.21500000000000002;0.0;0.0;8.635;39.629999999999995;1.815;54.43;;2024-10-02;20:00
27;Bourgogne-Franche-Comté;Données définitives;2272.5;18.0;0.0;0.0;207.5;0.0;43.0;2000.5;0.0;0.0;3.0;0.0;0.795;4.77;0.0;;0.13;0.26;0.0;0.0;9.129999999999999;40.215;1.89;54.43;;2024-10-02;21:00
27;Bourgogne-Franche-Comté;Données définitives;2170.0;19.0;0.0;0.0;209.0;0.0;43.0;1894.0;0.0;0.0;5.5;0.0;0.875;5.04;0.0;;0.25;0.48;0.0;0.0;9.63;40.505;1.9849999999999999;54.43;;2024-10-02;22:00
27;Bourgogne-Franche-Comté;Données définitives;2052.5;18.5;0.0;0.0;210.5;0.0;43.0;1772.0;0.0;0.0;8.5;0.0;0.9;4.904999999999999;0.0;;0.42000000000000004;0.74;0.0;0.0;10.27;40.795;2.0949999999999998;54.43;;2024-10-02;23:00
27;Bourgogne-Franche-Comté;Données définitives;2129.5;86.0;0.0;0.0;24.0;0.0;50.0;1877.5;0.0;0.0;92.0;0.0;4.04;22.81;0.0;;4.325;8.024999999999999;0.0;0.0;1.13;4.65;2.35;63.29;;2024-11-08;00:00
27;Bourgogne-Franche-Comté;Données définitives;2056.5;86.0;0.0;0.0;24.0;0.0;50.0;1817.5;0.0;0.0;80.5;0.0;4.18;22.81;0.0;;3.915;7.02;0.0;0.0;1.17;4.65;2.43;63.29;;2024-11-08;01:00
27;Bourgogne-Franche-Comté;Données définitives;2098.5;86.0;0.0;0.0;23.5;0.0;50.0;1872.5;0.0;0.0;66.0;0.0;4.1;22.81;0.0;;3.145;5.75;0.0;0.0;1.12;4.555;2.38;63.29;;2024-11-08;02:00
27;Bourgogne-Franche-Comté;Données définitives;2010.0;86.0;0.0;0.0;23.5;0.0;50.0;1794.5;0.0;0.0;56.0;0.0;4.279999999999999;22.81;0.0;;2.785;4.88;0.0;0.0;1.17;4.555;2.4850000000000003;63.29;;2024-11-08;03:00
27;Bourgogne-Franche-Comté;Données définitives;1954.5;86.0;0.0;0.0;23.5;0.0;49.5;1739.5;0.0;0.0;56.5;0.0;4.4;22.81;0.0;;2.895;4.93;0.0;0.0;1.205;4.555;2.53;62.66;;2024-11-08;04:00
27;Bourgogne-Franche-Comté;Données définitives;1981.5;86.0;0.0;0.0;26.0;0.0;49.0;1767.5;0.0;0.0;53.0;0.0;4.34;22.81;0.0;;2.68;4.62;0.0;0.0;1.31;5.04;2.4749999999999996;62.03;;2024-11-08;05:00
27;Bourgogne-Franche-Comté;Données définitives;2164.0;86.0;0.0;0.0;30.0;0.0;47.0;1962.0;0.0;0.0;40.5;0.0;3.9800000000000004;22.81;0.0;;1.88;3.535;0.0;0.0;1.39;5.8149999999999995;2.175;59.49;;2024-11-08;06:00
27;Bourgogne-Franche-Comté;Données définitives;2429.0;86.0;0.0;0.0;83.0;0.0;47.0;2184.0;0.0;0.0;29.0;0.0;3.54;22.81;0.0;;1.2000000000000002;2.5250000000000004;0.0;0.0;3.37;16.085;1.935;59.495;;2024-11-08;07:00
27;Bourgogne-Franche-Comté;Données définitives;2577.5;86.0;0.0;8.5;243.0;0.0;47.0;2168.5;0.0;0.0;25.0;0.0;3.335;22.81;0.0;;0.9750000000000001;2.1799999999999997;0.32499999999999996;1.06;9.425;47.095;1.825;59.495;;2024-11-08;08:00
27;Bourgogne-Franche-Comté;Données définitives;2594.0;86.0;0.0;56.0;243.5;0.0;48.5;2145.0;0.0;0.0;16.0;0.0;3.315;22.81;0.0;;0.615;1.395;2.1550000000000002;6.99;9.385;47.19;1.87;61.394999999999996;;2024-11-08;09:00
27;Bourgogne-Franche-Comté;Données définitives;2632.0;85.5;0.0;121.5;211.0;0.0;49.5;2157.5;0.0;0.0;7.5;0.0;3.25;22.68;0.0;;0.28500000000000003;0.65;4.615;15.17;8.015;40.89;1.88;62.66;;2024-11-08;10:00
27;Bourgogne-Franche-Comté;Données définitives;2670.5;87.0;0.0;216.5;149.0;0.0;47.5;2167.5;0.0;0.0;4.0;0.0;3.255;23.075;0.0;;0.15;0.35;8.115;27.03;5.575;28.875;1.78;60.125;;2024-11-08;11:00
27;Bourgogne-Franche-Comté;Données définitives;2682.5;97.5;0.0;298.0;120.0;0.0;46.5;2115.5;0.0;0.0;5.0;0.0;3.635;25.865000000000002;0.0;;0.185;0.435;11.105;37.205;4.475;23.255000000000003;1.7349999999999999;58.86;;2024-11-08;12:00
27;Bourgogne-Franche-Comté;Données définitives;2579.0;115.5;0.0;347.5;88.5;0.0;47.0;1974.5;0.0;0.0;7.0;0.0;4.48;30.634999999999998;0.0;;0.27;0.61;13.475;43.385000000000005;3.4299999999999997;17.15;1.82;59.49;;2024-11-08;13:00
27;Bourgogne-Franche-Comté;Données définitives;2504.5;118.0;0.0;330.5;89.0;0.0;47.0;1910.5;0.0;0.0;9.0;0.0;4.715;31.3;0.0;;0.36;0.7849999999999999;13.195;41.260000000000005;3.5549999999999997;17.25;1.88;59.49;;2024-11-08;14:00
27;Bourgogne-Franche-Comté;Données définitives;2467.5;118.5;0.0;228.5;131.0;0.0;47.5;1929.0;0.0;0.0;13.5;0.0;4.805;31.43;0.0;;0.5449999999999999;1.1800000000000002;9.255;28.525;5.3149999999999995;25.39;1.9249999999999998;60.125;;2024-11-08;15:00
27;Bourgogne-Franche-Comté;Données définitives;2350.0;91.0;0.0;99.0;170.5;0.0;47.5;1917.0;0.0;0.0;24.5;0.0;3.875;24.134999999999998;0.0;;1.045;2.135;4.205;12.36;7.26;33.045;2.02;60.125;;2024-11-08;16:00
27;Bourgogne-Franche-Comté;Données définitives;2375.0;85.0;0.0;11.5;249.5;0.0;48.5;1947.5;0.0;0.0;33.5;0.0;3.58;22.55;0.0;;1.41;2.92;0.48500000000000004;1.435;10.504999999999999;48.355000000000004;2.04;61.394999999999996;;2024-11-08;17:00
27;Bourgogne-Franche-Comté;Données définitives;2590.5;85.0;0.0;0.0;250.0;0.0;48.0;2155.5;0.0;0.0;52.0;0.0;3.285;22.55;0.0;;2.005;4.535;0.0;0.0;9.655;48.45;1.85;60.76;;2024-11-08;18:00
27;Bourgogne-Franche-Comté;Données définitives;2625.0;85.0;0.0;0.0;250.5;0.0;47.5;2184.5;0.0;0.0;57.5;0.0;3.2350000000000003;22.55;0.0;;2.19;5.015000000000001;0.0;0.0;9.545;48.545;1.81;60.125;;2024-11-08;19:00
27;Bourgogne-Franche-Comté;Données définitives;2414.0;85.0;0.0;0.0;233.0;0.0;46.5;1971.0;0.0;0.0;78.0;0.0;3.52;22.55;0.0;;3.235;6.800000000000001;0.0;0.0;9.645;45.155;1.93;58.86;;2024-11-08;20:00
27;Bourgogne-Franche-Comté;Données définitives;2368.5;86.0;0.0;0.0;137.0;0.0;48.0;2026.0;0.0;0.0;71.5;0.0;3.63;22.81;0.0;;3.0149999999999997;6.234999999999999;0.0;0.0;5.79;26.549999999999997;2.025;60.76;;2024-11-08;21:00
27;Bourgogne-Franche-Comté;Données définitives;2239.5;85.5;0.0;0.0;88.0;0.0;47.0;1903.0;0.0;0.0;116.0;0.0;3.8200000000000003;22.68;0.0;;5.1899999999999995;10.115;0.0;0.0;3.93;17.055;2.0999999999999996;59.49;;2024-11-08;22:00
27;Bourgogne-Franche-Comté;Données définitives;2193.5;86.0;0.0;0.0;116.0;0.0;48.5;1780.5;0.0;0.0;162.5;0.0;3.92;22.81;0.0;;7.42;14.17;0.0;0.0;5.28;22.479999999999997;2.21;61.394999999999996;;2024-11-08;23:00
27;Bourgogne-Franche-Comté;Données définitives;2590.5;132.5;0.0;0.0;192.5;0.0;54.0;1740.5;0.0;0.0;470.0;0.0;5.115;35.055;0.0;;18.14;39.864999999999995;0.0;0.0;7.4350000000000005;37.16;2.08;62.07;;2024-12-20;00:00
27;Bourgogne-Franche-Comté;Données définitives;2492.0;132.0;0.0;0.0;110.0;0.0;54.0;1775.0;0.0;0.0;420.0;0.0;5.295;34.92;0.0;;16.855;35.620000000000005;0.0;0.0;4.415;21.235;2.17;62.07;;2024-12-20;01:00
27;Bourgogne-Franche-Comté;Données définitives;2564.0;132.0;0.0;0.0;107.5;-0.5;52.0;1859.0;0.0;0.0;415.0;0.0;5.15;34.92;0.0;;16.195;35.2;0.0;0.0;4.1899999999999995;20.755000000000003;2.025;59.77;;2024-12-20;02:00
27;Bourgogne-Franche-Comté;Données définitives;2494.5;131.0;0.0;0.0;108.0;-68.0;51.5;1922.5;0.0;0.0;350.0;0.0;5.25;34.66;0.0;;14.030000000000001;29.685000000000002;0.0;0.0;4.33;20.85;2.06;59.195;;2024-12-20;03:00
27;Bourgogne-Franche-Comté;Données définitives;2456.0;131.5;0.0;0.0;107.0;-67.0;51.0;1909.0;0.0;0.0;325.0;0.0;5.355;34.79;0.0;;13.23;27.564999999999998;0.0;0.0;4.355;20.66;2.08;58.62;;2024-12-20;04:00
27;Bourgogne-Franche-Comté;Données définitives;2485.5;132.0;0.0;0.0;107.0;-34.0;52.0;1942.5;0.0;0.0;286.0;0.0;5.315;34.92;0.0;;11.52;24.259999999999998;0.0;0.0;4.3100000000000005;20.66;2.0949999999999998;59.77;;2024-12-20;05:00
27;Bourgogne-Franche-Comté;Données définitives;2630.5;131.5;0.0;0.0;111.5;0.0;48.5;2104.0;0.0;0.0;235.5;0.0;5.0;34.79;0.0;;8.97;19.97;0.0;0.0;4.24;21.525;1.845;55.745000000000005;;2024-12-20;06:00
27;Bourgogne-Franche-Comté;Données définitives;2869.5;132.0;0.0;0.0;114.5;0.0;49.5;2381.5;0.0;0.0;192.0;0.0;4.6;34.92;0.0;;6.699999999999999;16.285;0.0;0.0;3.99;22.1;1.725;56.894999999999996;;2024-12-20;07:00
27;Bourgogne-Franche-Comté;Données définitives;3042.5;132.0;0.0;0.0;269.0;0.0;49.0;2454.0;0.0;0.0;136.0;0.0;4.34;34.92;0.0;;4.475;11.535;0.0;0.0;8.825;51.93;1.61;56.32;;2024-12-20;08:00
27;Bourgogne-Franche-Comté;Données définitives;3037.0;132.0;0.0;26.0;361.0;0.0;49.5;2369.5;0.0;0.0;99.5;0.0;4.345;34.92;0.0;;3.275;8.44;0.86;2.13;11.885;69.69;1.63;56.894999999999996;;2024-12-20;09:00
27;Bourgogne-Franche-Comté;Données définitives;3060.5;132.0;0.0;112.5;270.0;0.0;49.0;2409.0;0.0;0.0;90.5;0.0;4.3149999999999995;34.92;0.0;;2.955;7.675000000000001;3.6799999999999997;9.225;8.809999999999999;52.120000000000005;1.605;56.32;;2024-12-20;10:00
27;Bourgogne-Franche-Comté;Données définitives;3010.0;137.0;0.0;186.5;127.5;0.0;50.5;2431.0;0.0;0.0;78.5;0.0;4.55;36.245;0.0;;2.6100000000000003;6.66;6.199999999999999;15.285;4.234999999999999;24.615000000000002;1.68;58.045;;2024-12-20;11:00
27;Bourgogne-Franche-Comté;Données définitives;3008.5;138.5;0.0;226.5;117.0;0.0;48.5;2402.5;0.0;0.0;75.5;0.0;4.605;36.64;0.0;;2.51;6.405;7.529999999999999;18.565;3.89;22.585;1.6099999999999999;55.745000000000005;;2024-12-20;12:00
27;Bourgogne-Franche-Comté;Données définitives;2920.0;137.0;0.0;272.0;115.0;0.0;49.0;2260.0;0.0;0.0;87.0;0.0;4.695;36.24;0.0;;2.98;7.375;9.32;22.295;3.94;22.2;1.68;56.32;;2024-12-20;13:00
27;Bourgogne-Franche-Comté;Données définitives;2815.5;136.5;0.0;236.5;115.0;0.0;53.5;2189.0;0.0;0.0;85.5;0.0;4.85;36.11;0.0;;3.04;7.25;8.405000000000001;19.384999999999998;4.085;22.2;1.9;61.495000000000005;;2024-12-20;14:00
27;Bourgogne-Franche-Comté;Données définitives;2746.5;136.0;0.0;166.5;122.5;0.0;53.0;2172.0;0.0;0.0;95.5;0.0;4.95;35.98;0.0;;3.4749999999999996;8.1;6.065;13.65;4.46;23.65;1.93;60.92;;2024-12-20;15:00
27;Bourgogne-Franche-Comté;Données définitives;2673.5;135.0;0.0;63.0;151.5;0.0;50.5;2168.5;0.0;0.0;104.5;0.0;5.050000000000001;35.715;0.0;;3.91;8.865;2.35;5.165;5.68;29.245;1.89;58.045;;2024-12-20;16:00
27;Bourgogne-Franche-Comté;Données définitives;2785.0;134.0;0.0;4.0;232.0;0.0;52.5;2225.0;0.0;0.0;138.5;0.0;4.8149999999999995;35.45;0.0;;4.955;11.745000000000001;0.145;0.33;8.3;44.785;1.885;60.345;;2024-12-20;17:00
27;Bourgogne-Franche-Comté;Données définitives;2939.0;134.5;0.0;0.0;288.5;0.0;52.5;2239.5;0.0;0.0;225.0;0.0;4.575;35.58;0.0;;7.655;19.085;0.0;0.0;9.82;55.695;1.7850000000000001;60.345;;2024-12-20;18:00
27;Bourgogne-Franche-Comté;Données définitives;2996.5;134.5;0.0;0.0;232.5;0.0;50.5;2269.0;0.0;0.0;310.0;0.0;4.485;35.58;0.0;;10.35;26.29;0.0;0.0;7.75;44.885000000000005;1.685;58.045;;2024-12-20;19:00
27;Bourgogne-Franche-Comté;Données définitives;2873.5;135.0;0.0;0.0;163.0;0.0;51.0;2150.5;0.0;0.0;375.5;0.0;4.7;35.71;0.0;;13.065000000000001;31.85;0.0;0.0;5.67;31.465;1.775;58.62;;2024-12-20;20:00
27;Bourgogne-Franche-Comté;Données définitives;2840.5;135.0;0.0;0.0;121.5;0.0;50.5;2136.0;0.0;0.0;398.5;0.0;4.75;35.71;0.0;;14.02;33.8;0.0;0.0;4.275;23.455;1.78;58.045;;2024-12-20;21:00
27;Bourgogne-Franche-Comté;Données définitives;2790.0;135.0;0.0;0.0;120.5;0.0;51.5;2013.0;0.0;0.0;470.0;0.0;4.84;35.71;0.0;;16.85;39.864999999999995;0.0;0.0;4.32;23.265;1.85;59.195;;2024-12-20;22:00
27;Bourgogne-Franche-Comté;Données définitives;2721.0;135.0;0.0;0.0;161.0;0.0;51.5;1893.0;0.0;0.0;479.5;0.0;4.965;35.71;0.0;;17.634999999999998;40.67;0.0;0.0;5.92;31.08;1.895;59.195;;2024-12-20;23:00
28;Normandie;Données définitives;3617.5;283.5;8970.0;0.0;16.0;0.0;66.5;-6238.5;0.0;0.0;358.0;161.5;7.84;36.815;247.97;84.305;14.36;33.3;0.0;0.0;0.44;55.17;1.835;50.0;;2024-01-29;00:00
28;Normandie;Données définitives;3476.5;287.0;8969.0;0.0;16.0;0.0;68.0;-6334.0;0.0;0.0;332.0;137.5;8.254999999999999;37.27;257.99;84.295;13.525;30.130000000000003;0.0;0.0;0.46;55.17;1.955;51.13;;2024-01-29;01:00
28;Normandie;Données définitives;3487.0;287.0;8968.0;0.0;16.0;0.0;68.5;-6304.5;0.0;0.0;326.5;125.0;8.23;37.27;257.19;84.29;12.945;28.945;0.0;0.0;0.46;55.17;1.9649999999999999;51.505;;2024-01-29;02:00
28;Normandie;Données définitives;3346.0;287.0;8926.5;0.0;16.0;0.0;68.5;-6375.5;0.0;0.0;324.5;99.0;8.58;37.27;266.805;83.89500000000001;12.66;27.145000000000003;0.0;0.0;0.475;55.17;2.045;51.505;;2024-01-29;03:00
28;Normandie;Données définitives;3256.0;287.0;8939.5;0.0;16.0;0.0;67.5;-6505.5;0.0;0.0;354.0;98.0;8.815;37.27;274.56;84.015;13.864999999999998;28.939999999999998;0.0;0.0;0.49;55.17;2.0700000000000003;50.755;;2024-01-29;04:00
28;Normandie;Données définitives;3335.5;287.5;8963.0;0.0;15.0;0.0;66.5;-6419.0;0.0;0.0;321.5;101.0;8.625;37.335;268.795;84.24;12.68;27.115000000000002;0.0;0.0;0.45;51.72;1.995;50.0;;2024-01-29;05:00
28;Normandie;Données définitives;3569.5;300.0;8971.0;0.0;15.0;0.0;65.0;-6163.0;0.0;0.0;286.0;95.5;8.41;38.959999999999994;251.51999999999998;84.31;10.715;24.46;0.0;0.0;0.42;51.72;1.82;48.87;;2024-01-29;06:00
28;Normandie;Données définitives;3897.5;304.0;8970.5;0.0;15.5;0.0;65.0;-5811.5;0.0;0.0;264.5;89.5;7.800000000000001;39.48;230.235;84.305;9.085;22.69;0.0;0.0;0.395;53.445;1.665;48.87;;2024-01-29;07:00
28;Normandie;Données définitives;4055.0;304.0;8968.5;0.0;16.0;0.0;63.5;-5611.5;0.0;0.0;236.5;79.0;7.495;39.48;221.175;84.28999999999999;7.785;20.225;0.0;0.0;0.395;55.17;1.565;47.745;;2024-01-29;08:00
28;Normandie;Données définitives;4049.0;302.0;8969.5;4.5;15.5;0.0;63.5;-5592.0;0.0;0.0;247.0;40.5;7.46;39.22;221.525;84.3;7.1;18.43;0.11;1.42;0.38;53.445;1.565;47.745;;2024-01-29;09:00
28;Normandie;Données définitives;4012.5;299.5;8969.0;31.0;14.5;0.0;63.5;-5675.5;0.0;0.0;292.0;18.5;7.460000000000001;38.894999999999996;223.53;84.295;7.735;19.905;0.775;9.78;0.36;50.0;1.58;47.745;;2024-01-29;10:00
28;Normandie;Données définitives;3944.0;298.5;8972.5;66.5;14.0;0.0;65.5;-5775.0;0.0;0.0;273.0;29.0;7.57;38.765;227.5;84.32499999999999;7.654999999999999;19.36;1.685;20.975;0.355;48.28;1.665;49.245;;2024-01-29;11:00
28;Normandie;Données définitives;3879.5;295.5;8972.0;95.5;14.0;0.0;66.0;-5853.5;0.0;0.0;252.5;36.0;7.615;38.375;231.285;84.325;7.4350000000000005;18.494999999999997;2.465;30.130000000000003;0.36;48.28;1.705;49.62;;2024-01-29;12:00
28;Normandie;Données définitives;3676.5;301.5;8978.5;122.5;14.5;0.0;64.5;-6080.0;0.0;0.0;225.5;49.0;8.2;39.155;244.255;84.385;7.465;17.595;3.335;38.644999999999996;0.395;50.0;1.755;48.495;;2024-01-29;13:00
28;Normandie;Données définitives;3551.5;302.5;8977.5;111.0;15.0;0.0;66.5;-6182.5;0.0;0.0;205.0;58.0;8.515;39.285;252.79;84.375;7.395;16.83;3.125;35.015;0.42;51.72;1.875;50.0;;2024-01-29;14:00
28;Normandie;Données définitives;3500.5;299.0;8957.5;71.0;15.5;0.0;68.0;-6169.0;0.0;0.0;219.5;40.0;8.545;38.83;255.905;84.185;7.41;16.634999999999998;2.025;22.395;0.445;53.445;1.9449999999999998;51.13;;2024-01-29;15:00
28;Normandie;Données définitives;3428.5;301.0;8937.0;30.5;14.5;0.0;67.0;-6209.0;0.0;0.0;265.5;21.5;8.78;39.09;260.66999999999996;83.995;8.375;18.4;0.885;9.625;0.425;50.0;1.955;50.375;;2024-01-29;16:00
28;Normandie;Données définitives;3430.0;302.0;8969.0;10.5;15.0;0.0;71.5;-6359.5;0.0;0.0;360.0;61.5;8.805;39.22;261.5;84.295;12.28;27.020000000000003;0.305;3.31;0.435;51.72;2.085;53.760000000000005;;2024-01-29;17:00
28;Normandie;Données définitives;3638.0;303.5;8927.5;0.5;15.0;0.0;85.0;-6301.5;0.0;0.0;459.5;149.5;8.344999999999999;39.415;245.49;83.905;16.72;39.04;0.015;0.16;0.415;51.72;2.335;63.91;;2024-01-29;18:00
28;Normandie;Données définitives;3845.0;296.5;8951.0;0.0;14.0;0.0;89.0;-6263.5;0.0;0.0;555.5;202.5;7.71;38.504999999999995;232.8;84.13;19.71;48.59;0.0;0.0;0.365;48.28;2.315;66.92;;2024-01-29;19:00
28;Normandie;Données définitives;3711.5;295.0;8963.0;0.0;15.0;0.0;90.0;-6400.5;0.0;0.0;575.5;174.5;7.95;38.31;241.54000000000002;84.24;20.2;48.045;0.0;0.0;0.405;51.72;2.425;67.67;;2024-01-29;20:00
28;Normandie;Données définitives;3558.5;294.5;8965.5;0.0;15.0;0.0;90.5;-6545.5;0.0;0.0;564.5;174.5;8.275;38.245000000000005;251.95;84.265;20.755;47.34;0.0;0.0;0.42;51.72;2.545;68.045;;2024-01-29;21:00
28;Normandie;Données définitives;3554.5;293.5;8969.5;0.0;15.0;0.0;92.5;-6567.0;0.0;0.0;543.5;209.0;8.26;38.115;252.39499999999998;84.30000000000001;21.175;48.24;0.0;0.0;0.425;51.72;2.605;69.545;;2024-01-29;22:00
28;Normandie;Données définitives;3594.5;290.0;8975.0;0.0;15.0;0.0;85.5;-6522.5;0.0;0.0;541.0;212.0;8.07;37.66;249.75;84.35;20.939999999999998;48.235;0.0;0.0;0.415;51.72;2.375;64.285;;2024-01-29;23:00
28;Normandie;Données définitives;3529.5;349.5;8556.5;0.0;14.0;0.0;90.5;-6222.0;0.0;0.0;498.0;244.0;9.895;45.39;242.45;80.41499999999999;21.025;47.565;0.0;0.0;0.395;48.28;2.565;68.045;;2024-02-14;00:00
28;Normandie;Données définitives;3293.0;294.5;8558.0;0.0;14.0;0.0;90.5;-6375.0;0.0;0.0;467.0;244.0;8.940000000000001;38.245000000000005;259.885;80.43;21.59;45.575;0.0;0.0;0.425;48.28;2.75;68.045;;2024-02-14;01:00
28;Normandie;Données définitives;3252.5;295.5;8439.0;0.0;14.0;0.0;91.0;-6267.0;0.0;0.0;435.0;244.0;9.09;38.375;259.53;79.315;20.875;43.525;0.0;0.0;0.43;48.28;2.8;68.42;;2024-02-14;02:00
28;Normandie;Données définitives;3091.5;298.0;8449.5;0.0;14.0;0.0;91.0;-6419.5;0.0;0.0;415.0;244.0;9.64;38.7;273.355;79.41499999999999;21.314999999999998;42.245000000000005;0.0;0.0;0.455;48.28;2.9400000000000004;68.42;;2024-02-14;03:00
28;Normandie;Données définitives;2994.0;298.0;8540.0;0.0;14.0;0.0;91.0;-6582.0;0.0;0.0;390.0;244.0;9.955;38.7;285.25;80.25999999999999;21.189999999999998;40.675;0.0;0.0;0.46499999999999997;48.28;3.04;68.42;;2024-02-14;04:00
28;Normandie;Données définitives;3023.0;298.0;8550.5;0.0;13.5;0.0;90.0;-6550.0;0.0;0.0;378.0;244.0;9.86;38.7;282.91499999999996;80.36;20.58;39.875;0.0;0.0;0.44499999999999995;46.555;2.98;67.67;;2024-02-14;05:00
28;Normandie;Données définitives;3228.0;299.0;8553.5;0.0;13.0;0.0;89.0;-6388.5;0.0;0.0;419.0;244.0;9.27;38.83;265.145;80.39;20.545;42.5;0.0;0.0;0.4;44.83;2.76;66.92;;2024-02-14;06:00
28;Normandie;Données définitives;3463.0;369.0;8552.0;0.0;13.0;0.0;88.5;-6279.5;0.0;0.0;475.5;244.0;10.64;47.925;247.07;80.38;20.77;46.120000000000005;0.0;0.0;0.375;44.83;2.56;66.545;;2024-02-14;07:00
28;Normandie;Données définitives;3594.0;411.0;8549.5;0.0;13.0;0.0;89.0;-6241.5;0.0;0.0;530.0;244.0;11.435;53.379999999999995;237.88;80.355;21.535;49.615;0.0;0.0;0.36;44.83;2.475;66.92;;2024-02-14;08:00
28;Normandie;Données définitives;3624.5;406.5;8516.5;3.0;13.0;0.0;89.0;-6172.5;0.0;0.0;525.0;244.0;11.215;52.795;234.97500000000002;80.03999999999999;21.215;49.295;0.085;0.9500000000000001;0.36;44.83;2.455;66.92;;2024-02-14;09:00
28;Normandie;Données définitives;3604.0;405.0;8479.0;14.0;13.0;0.0;87.0;-6135.0;0.0;0.0;496.5;244.0;11.24;52.6;235.265;79.69;20.545;47.465;0.39;4.415;0.36;44.83;2.415;65.41;;2024-02-14;10:00
28;Normandie;Données définitives;3604.0;380.5;8482.5;31.0;13.0;0.0;87.5;-6106.5;0.0;0.0;478.0;237.0;10.559999999999999;49.415;235.365;79.725;19.835;45.835;0.86;9.78;0.36;44.83;2.43;65.78999999999999;;2024-02-14;11:00
28;Normandie;Données définitives;3618.5;324.5;8486.5;49.0;14.0;0.0;88.0;-6060.5;0.0;0.0;480.5;237.0;8.97;42.144999999999996;234.53500000000003;79.765;19.845;46.025000000000006;1.355;15.454999999999998;0.39;48.28;2.4299999999999997;66.17;;2024-02-14;12:00
28;Normandie;Données définitives;3479.5;305.0;8489.0;58.0;14.0;0.0;88.5;-6225.5;0.0;0.0;513.5;237.0;8.765;39.61;243.995;79.78;21.575;48.105000000000004;1.665;18.3;0.405;48.28;2.545;66.545;;2024-02-14;13:00
28;Normandie;Données définitives;3438.5;303.5;8492.5;57.0;14.0;0.0;87.0;-6263.5;0.0;0.0;512.0;237.5;8.83;39.415;246.985;79.815;21.785;48.015;1.66;17.98;0.41;48.28;2.5300000000000002;65.41499999999999;;2024-02-14;14:00
28;Normandie;Données définitives;3393.0;302.0;8493.0;57.0;14.5;0.0;84.0;-6263.5;0.0;0.0;465.0;241.0;8.9;39.22;250.34;79.82;20.810000000000002;45.254999999999995;1.68;17.98;0.43;50.0;2.475;63.16;;2024-02-14;15:00
28;Normandie;Données définitives;3285.0;303.0;8514.0;44.0;14.5;0.0;84.5;-6335.0;0.0;0.0;417.0;242.0;9.225;39.35;259.185;80.015;20.075000000000003;42.28;1.3399999999999999;13.879999999999999;0.44;50.0;2.575;63.535;;2024-02-14;16:00
28;Normandie;Données définitives;3264.5;320.5;8549.0;25.0;14.0;0.0;86.0;-6262.5;0.0;0.0;343.0;191.0;9.82;41.625;261.885;80.35;16.33;34.2;0.7649999999999999;7.885;0.43;48.28;2.635;64.66;;2024-02-14;17:00
28;Normandie;Données définitives;3348.5;345.0;8558.0;4.0;13.0;0.0;88.5;-6111.5;0.0;0.0;278.0;173.5;10.305;44.805;255.66;80.435;13.485;28.945;0.12;1.26;0.39;44.83;2.645;66.53999999999999;;2024-02-14;18:00
28;Normandie;Données définitives;3620.5;386.0;8610.5;0.0;13.0;0.0;87.0;-6001.5;0.0;0.0;331.5;196.0;10.665;50.13;237.845;80.92500000000001;14.57;33.815;0.0;0.0;0.36;44.83;2.4;65.41;;2024-02-14;19:00
28;Normandie;Données définitives;3500.5;333.5;8609.5;0.0;12.0;0.0;85.5;-6115.0;0.0;0.0;404.0;171.0;9.53;43.315;246.01999999999998;80.91499999999999;16.45;36.86;0.0;0.0;0.345;41.38;2.4450000000000003;64.285;;2024-02-14;20:00
28;Normandie;Données définitives;3364.0;327.0;8610.0;0.0;12.5;0.0;85.0;-6334.0;0.0;0.0;466.5;197.0;9.725000000000001;42.47;255.96499999999997;80.92;19.740000000000002;42.565;0.0;0.0;0.37;43.105000000000004;2.53;63.91;;2024-02-14;21:00
28;Normandie;Données définitives;3376.0;327.0;8572.0;0.0;13.0;0.0;84.5;-6309.5;0.0;0.0;494.5;195.0;9.684999999999999;42.47;253.94;80.56;20.42;44.195;0.0;0.0;0.385;44.83;2.5;63.535;;2024-02-14;22:00
28;Normandie;Données définitives;3396.0;327.0;8530.0;0.0;13.0;0.0;85.0;-6289.5;0.0;0.0;517.5;214.0;9.629999999999999;42.47;251.255;80.16999999999999;21.55;46.894999999999996;0.0;0.0;0.385;44.83;2.505;63.91;;2024-02-14;23:00
28;Normandie;Données définitives;3311.5;283.5;7867.0;0.0;10.5;0.0;84.5;-5505.5;0.0;0.0;307.5;264.0;8.565000000000001;36.815;237.59;73.94;17.265;36.665000000000006;0.0;0.0;0.315;36.205;2.55;63.535;;2024-03-14;00:00
28;Normandie;Données définitives;3125.5;283.0;7865.5;0.0;10.0;0.0;83.0;-5635.0;0.0;0.0;302.5;215.5;9.055;36.75;251.66000000000003;73.925;16.575;33.205;0.0;0.0;0.32;34.48;2.6550000000000002;62.41;;2024-03-14;01:00
28;Normandie;Données définitives;3089.0;283.0;7792.0;0.0;10.0;0.0;84.5;-5542.5;0.0;0.0;317.5;143.5;9.165;36.75;252.3;73.23;14.93;29.55;0.0;0.0;0.325;34.48;2.7350000000000003;63.535;;2024-03-14;02:00
28;Normandie;Données définitives;2979.0;283.5;7793.5;0.0;11.0;0.0;86.0;-5690.0;0.0;0.0;377.5;118.0;9.52;36.815;261.62;73.25;16.62;31.729999999999997;0.0;0.0;0.37;37.93;2.885;64.66;;2024-03-14;03:00
28;Normandie;Données définitives;2931.5;288.0;7822.5;0.0;10.0;0.0;86.0;-5792.0;0.0;0.0;404.5;112.5;9.825;37.4;266.85;73.52000000000001;17.615000000000002;33.105000000000004;0.0;0.0;0.34;34.48;2.935;64.66;;2024-03-14;04:00
28;Normandie;Données définitives;2979.5;288.0;7775.0;0.0;10.0;0.0;86.0;-5709.5;0.0;0.0;372.5;158.0;9.67;37.4;261.04499999999996;73.07;17.805;34.01;0.0;0.0;0.335;34.48;2.8899999999999997;64.66;;2024-03-14;05:00
28;Normandie;Données définitives;3186.5;300.0;7791.0;0.0;10.0;0.0;84.5;-5545.0;0.0;0.0;340.0;206.0;9.415;38.96;244.725;73.225;17.155;35.03;0.0;0.0;0.31;34.48;2.6550000000000002;63.535;;2024-03-14;06:00
28;Normandie;Données définitives;3502.5;327.5;7861.0;0.5;10.0;0.0;84.0;-5351.0;0.0;0.0;368.0;202.5;9.345;42.53;224.465;73.88;16.3;36.605000000000004;0.015;0.16;0.28500000000000003;34.48;2.395;63.16;;2024-03-14;07:00
28;Normandie;Données définitives;3604.0;366.0;7858.0;21.0;10.0;0.0;84.0;-5309.0;0.0;0.0;369.5;204.0;10.16;47.53;218.04;73.85;15.93;36.79;0.58;6.625;0.28;34.48;2.33;63.16;;2024-03-14;08:00
28;Normandie;Données définitives;3544.0;367.5;7857.5;75.5;10.0;0.0;83.0;-5353.5;0.0;0.0;321.0;182.5;10.370000000000001;47.724999999999994;221.735;73.845;14.205;32.275;2.135;23.82;0.28;34.48;2.3449999999999998;62.405;;2024-03-14;09:00
28;Normandie;Données définitives;3414.0;325.5;7859.5;123.5;10.0;0.0;82.5;-5432.0;0.0;0.0;250.5;194.0;9.530000000000001;42.269999999999996;230.225;73.86500000000001;13.035;28.525;3.62;38.96;0.295;34.48;2.415;62.03;;2024-03-14;10:00
28;Normandie;Données définitives;3344.5;303.0;7800.0;138.5;10.0;0.0;82.5;-5347.5;0.0;0.0;220.0;138.5;9.059999999999999;39.35;233.22;73.31;10.719999999999999;22.979999999999997;4.145;43.69;0.3;34.48;2.465;62.03;;2024-03-14;11:00
28;Normandie;Données définitives;3300.0;302.5;7773.5;146.5;10.5;0.0;83.0;-5339.5;0.0;0.0;188.5;134.5;9.165;39.285;235.57999999999998;73.06;9.805;20.740000000000002;4.4399999999999995;46.215;0.32;36.205;2.515;62.41;;2024-03-14;12:00
28;Normandie;Données définitives;3221.0;300.0;7822.5;159.5;11.0;0.0;83.0;-5582.5;0.0;0.0;194.0;234.0;9.32;38.96;242.95499999999998;73.52;13.3;27.435;4.955;50.315;0.345;37.93;2.575;62.41;;2024-03-14;13:00
28;Normandie;Données définitives;3115.0;300.5;7866.0;157.5;11.0;0.0;83.0;-5731.5;0.0;0.0;221.0;208.0;9.65;39.025000000000006;252.54000000000002;73.93;13.77;27.5;5.055;49.685;0.355;37.93;2.665;62.41;;2024-03-14;14:00
28;Normandie;Données définitives;2985.0;296.0;7865.0;149.5;11.0;0.0;84.5;-5868.0;0.0;0.0;255.5;192.0;9.915;38.44;263.5;73.92;15.0;28.685000000000002;5.01;47.16;0.37;37.93;2.83;63.535;;2024-03-14;15:00
28;Normandie;Données définitives;2911.0;287.5;7864.0;108.5;11.0;0.0;89.0;-6001.5;0.0;0.0;319.5;233.5;9.875;37.335;270.145;73.91;18.98;35.415;3.7249999999999996;34.224999999999994;0.38;37.93;3.06;66.92;;2024-03-14;16:00
28;Normandie;Données définitives;2906.0;288.5;7863.5;62.5;10.0;0.0;85.5;-6029.5;0.0;0.0;356.0;269.5;9.925;37.465;270.595;73.905;21.505000000000003;40.065;2.1550000000000002;19.715;0.34;34.48;2.94;64.285;;2024-03-14;17:00
28;Normandie;Données définitives;3009.0;288.0;7860.5;18.0;10.0;0.0;85.0;-5897.0;0.0;0.0;365.5;278.5;9.575;37.400000000000006;261.275;73.875;21.415;41.28;0.6;5.675;0.335;34.48;2.825;63.91;;2024-03-14;18:00
28;Normandie;Données définitives;3267.0;288.0;7857.5;0.5;10.0;0.0;84.5;-5664.5;0.0;0.0;410.0;281.5;8.82;37.400000000000006;240.645;73.845;21.189999999999998;44.33;0.015;0.16;0.305;34.48;2.585;63.535;;2024-03-14;19:00
28;Normandie;Données définitives;3261.5;290.5;7858.0;0.0;10.0;0.0;84.0;-5703.5;0.0;0.0;457.5;265.0;8.905000000000001;37.725;240.995;73.85;22.189999999999998;46.35;0.0;0.0;0.305;34.48;2.58;63.16;;2024-03-14;20:00
28;Normandie;Données définitives;3148.5;284.5;7856.0;0.0;10.0;0.0;81.5;-5888.5;0.0;0.0;507.5;297.0;9.035;36.945;249.53;73.83;25.564999999999998;51.599999999999994;0.0;0.0;0.32;34.48;2.585;61.275;;2024-03-14;21:00
28;Normandie;Données définitives;3182.5;287.0;7856.5;0.0;10.0;0.0;83.0;-5924.0;0.0;0.0;563.5;307.0;9.02;37.27;246.95499999999998;73.83500000000001;27.345;55.77;0.0;0.0;0.315;34.48;2.6100000000000003;62.41;;2024-03-14;22:00
28;Normandie;Données définitives;3222.0;287.0;7862.0;0.0;10.0;0.0;85.5;-5879.5;0.0;0.0;551.0;307.0;8.91;37.27;244.09;73.89;26.63;55.0;0.0;0.0;0.31;34.48;2.6550000000000002;64.285;;2024-03-14;23:00
28;Normandie;Données définitives;3113.5;197.5;7621.0;0.0;11.5;0.0;72.0;-5092.0;0.0;0.0;216.5;87.0;6.34;25.65;244.805;71.625;9.74;19.455;0.0;0.0;0.37;39.655;2.31;54.14;;2024-04-17;00:00
28;Normandie;Données définitives;2923.5;191.0;7508.0;0.0;8.0;0.0;70.5;-5129.0;0.0;0.0;157.0;117.5;6.535;24.81;256.835;70.565;9.385;17.595;0.0;0.0;0.275;27.59;2.415;53.010000000000005;;2024-04-17;01:00
28;Normandie;Données définitives;2891.0;191.0;7509.0;0.0;8.5;0.0;69.0;-5044.5;0.0;0.0;117.5;40.5;6.609999999999999;24.81;259.805;70.575;5.465;10.129999999999999;0.0;0.0;0.29500000000000004;29.310000000000002;2.385;51.88;;2024-04-17;02:00
28;Normandie;Données définitives;2765.0;191.0;7445.0;0.0;9.0;0.0;69.0;-5106.0;0.0;0.0;104.0;52.5;6.91;24.81;269.26;69.97;5.68;10.065;0.0;0.0;0.33;31.03;2.495;51.88;;2024-04-17;03:00
28;Normandie;Données définitives;2700.5;191.0;7437.0;0.0;8.5;0.0;69.0;-5155.5;0.0;0.0;104.5;45.5;7.074999999999999;24.81;275.395;69.9;5.555;9.615;0.0;0.0;0.315;29.310000000000002;2.5549999999999997;51.88;;2024-04-17;04:00
28;Normandie;Données définitives;2753.0;191.0;7529.0;0.0;12.0;0.0;68.0;-5218.0;0.0;0.0;97.5;72.5;6.9399999999999995;24.81;273.57;70.75999999999999;6.1850000000000005;10.93;0.0;0.0;0.435;41.379999999999995;2.4699999999999998;51.13;;2024-04-17;05:00
28;Normandie;Données définitives;2948.5;210.5;7554.0;0.0;14.0;0.0;68.0;-5113.0;0.0;0.0;115.5;99.5;7.135;27.335;256.565;71.0;7.29;13.785;0.0;0.0;0.475;48.28;2.31;51.13;;2024-04-17;06:00
28;Normandie;Données définitives;3220.5;284.5;7552.0;0.5;14.0;0.0;67.0;-4984.0;0.0;0.0;129.5;156.5;8.84;36.945;234.56;70.97999999999999;8.865;18.33;0.015;0.16;0.435;48.28;2.08;50.38;;2024-04-17;07:00
28;Normandie;Données définitives;3367.0;292.5;7580.5;19.5;14.0;0.0;66.0;-4937.5;0.0;0.0;144.5;188.0;8.69;37.985;225.145;71.245;9.88;21.31;0.575;6.15;0.415;48.28;1.96;49.62;;2024-04-17;08:00
28;Normandie;Données définitives;3414.5;296.0;7583.0;70.5;14.0;0.0;69.5;-4897.5;0.0;0.0;127.0;153.0;8.67;38.44;222.1;71.27000000000001;8.205;17.950000000000003;2.065;22.240000000000002;0.41;48.28;2.035;52.255;;2024-04-17;09:00
28;Normandie;Données définitives;3309.0;251.0;7597.0;129.0;11.0;0.0;71.5;-5141.5;0.0;0.0;192.0;199.0;7.585000000000001;32.595;229.59;71.405;11.84;25.095;3.9000000000000004;40.695;0.32999999999999996;37.935;2.16;53.760000000000005;;2024-04-17;10:00
28;Normandie;Données définitives;3352.5;209.0;7554.0;126.0;8.0;0.0;71.0;-5069.0;0.0;0.0;277.0;177.0;6.234999999999999;27.14;225.32999999999998;71.0;13.530000000000001;29.07;3.76;39.745;0.24;27.59;2.115;53.38;;2024-04-17;11:00
28;Normandie;Données définitives;3402.5;199.5;7428.5;142.5;8.0;0.0;72.5;-4887.5;0.0;0.0;294.5;144.5;5.865;25.905;218.32999999999998;69.815;12.885;28.105;4.1899999999999995;44.955;0.235;27.59;2.13;54.515;;2024-04-17;12:00
28;Normandie;Données définitives;3366.5;199.5;7283.5;152.5;8.0;0.0;73.5;-4854.0;0.0;0.0;359.5;144.0;5.925;25.905;216.35500000000002;68.45;14.975;32.275000000000006;4.53;48.105000000000004;0.235;27.59;2.185;55.265;;2024-04-17;13:00
28;Normandie;Données définitives;3199.5;199.0;7063.5;165.0;8.5;0.0;73.5;-4885.5;0.0;0.0;448.5;127.0;6.220000000000001;25.84;220.76999999999998;66.38499999999999;17.97;36.855000000000004;5.16;52.05;0.265;29.310000000000002;2.3;55.265;;2024-04-17;14:00
28;Normandie;Données définitives;3072.0;200.0;7042.5;165.5;9.0;0.0;72.0;-5088.5;0.0;0.0;509.0;163.5;6.51;25.97;229.25;66.185;21.875;43.075;5.390000000000001;52.205;0.29;31.03;2.3449999999999998;54.14;;2024-04-17;15:00
28;Normandie;Données définitives;3001.0;200.0;6915.0;123.0;8.0;0.0;71.0;-5076.5;0.0;0.0;551.0;211.5;6.665;25.97;230.425;64.99000000000001;25.395;48.845;4.1;38.8;0.27;27.59;2.365;53.38;;2024-04-17;16:00
28;Normandie;Données définitives;2968.0;195.0;7080.5;98.0;12.5;0.0;68.0;-5131.0;0.0;0.0;492.0;153.0;6.5649999999999995;25.325;238.57999999999998;66.55000000000001;21.75;41.375;3.3;30.915;0.42;43.105000000000004;2.29;51.13;;2024-04-17;17:00
28;Normandie;Données définitives;3054.0;207.5;7459.0;67.0;14.0;0.0;69.0;-5311.5;0.0;0.0;417.5;131.5;6.795;26.945;244.255;70.105;17.985;35.19;2.195;21.134999999999998;0.455;48.28;2.26;51.88;;2024-04-17;18:00
28;Normandie;Données définitives;3213.5;260.0;7551.0;45.5;15.0;0.0;69.0;-5244.5;0.0;0.0;358.5;158.5;8.08;33.765;235.05;70.97;16.095;33.14;1.42;14.350000000000001;0.46499999999999997;51.72;2.15;51.88;;2024-04-17;19:00
28;Normandie;Données définitives;3130.5;294.0;7565.0;15.0;14.5;0.0;68.5;-5247.5;0.0;0.0;282.0;139.0;9.39;38.18;241.72;71.095;13.435;26.990000000000002;0.475;4.73;0.45999999999999996;50.0;2.19;51.505;;2024-04-17;20:00
28;Normandie;Données définitives;3203.5;297.5;7611.0;0.5;14.5;0.0;65.5;-5149.5;0.0;0.0;207.0;157.5;9.3;38.635000000000005;237.805;71.53;11.395;23.365;0.015;0.16;0.44999999999999996;50.0;2.045;49.25;;2024-04-17;21:00
28;Normandie;Données définitives;3314.0;298.0;7605.0;0.0;14.0;0.0;66.0;-5027.5;0.0;0.0;147.0;210.5;8.995000000000001;38.7;229.58499999999998;71.475;10.79;22.92;0.0;0.0;0.42;48.28;1.99;49.62;;2024-04-17;22:00
28;Normandie;Données définitives;3324.0;298.0;7712.0;0.0;14.0;0.0;66.0;-5059.0;0.0;0.0;145.5;148.5;8.969999999999999;38.7;232.125;72.485;8.835;18.814999999999998;0.0;0.0;0.42;48.28;1.9849999999999999;49.62;;2024-04-17;23:00
28;Normandie;Données définitives;2341.5;233.0;6318.0;0.0;13.5;0.0;89.0;-4438.0;0.0;0.0;45.0;82.5;9.95;30.26;269.865;59.38;5.4399999999999995;8.175;0.0;0.0;0.5800000000000001;46.55;3.8;66.92;;2024-05-13;00:00
28;Normandie;Données définitives;2142.0;232.0;6321.5;0.0;11.0;0.0;89.0;-4622.0;0.0;0.0;33.5;77.0;10.83;30.13;295.12;59.415;5.1850000000000005;7.115;0.0;0.0;0.51;37.93;4.155;66.92;;2024-05-13;01:00
28;Normandie;Données définitives;2071.5;232.5;6321.5;0.0;11.0;0.0;88.5;-4654.0;0.0;0.0;24.5;48.5;11.23;30.195;305.32500000000005;59.415;3.5100000000000002;4.68;0.0;0.0;0.53;37.93;4.275;66.545;;2024-05-13;02:00
28;Normandie;Données définitives;1958.0;232.5;6320.0;0.0;11.0;0.0;88.5;-4736.0;0.0;0.0;17.0;25.0;11.875;30.195;322.81;59.4;2.17;2.725;0.0;0.0;0.565;37.93;4.52;66.545;;2024-05-13;03:00
28;Normandie;Données définitives;1884.0;235.5;6319.5;0.0;11.0;0.0;88.5;-4793.5;0.0;0.0;15.5;7.0;12.5;30.585;335.43;59.394999999999996;1.1949999999999998;1.4449999999999998;0.0;0.0;0.585;37.93;4.7;66.545;;2024-05-13;04:00
28;Normandie;Données définitives;1928.0;236.0;6320.0;0.0;14.5;0.0;88.0;-4751.0;0.0;0.0;19.5;4.5;12.245000000000001;30.65;327.965;59.4;1.1;1.345;0.0;0.0;0.75;50.0;4.5649999999999995;66.17;;2024-05-13;05:00
28;Normandie;Données définitives;2093.5;235.0;6283.5;0.0;16.0;0.0;87.5;-4548.5;0.0;0.0;30.5;0.0;11.235;30.520000000000003;300.415;59.055;1.0;1.35;0.0;0.0;0.765;55.17;4.18;65.78999999999999;;2024-05-13;06:00
28;Normandie;Données définitives;2283.0;232.0;6269.5;2.5;15.5;0.0;87.5;-4374.0;0.0;0.0;54.0;0.0;10.165;30.13;274.78;58.925;2.1799999999999997;3.205;0.10500000000000001;0.79;0.6799999999999999;53.445;3.835;65.78999999999999;;2024-05-13;07:00
28;Normandie;Données définitives;2555.5;232.0;5716.0;15.0;13.5;0.0;87.5;-3589.0;0.0;0.0;73.5;6.0;9.08;30.13;223.575;53.72;3.1100000000000003;5.095000000000001;0.5900000000000001;4.7299999999999995;0.53;46.555;3.425;65.78999999999999;;2024-05-13;08:00
28;Normandie;Données définitives;2598.0;232.0;5404.5;40.5;14.0;0.0;86.0;-3283.5;0.0;0.0;99.0;6.0;8.93;30.13;208.03;50.79;4.02;6.699999999999999;1.56;12.775;0.5349999999999999;48.275;3.31;64.66;;2024-05-13;09:00
28;Normandie;Données définitives;2607.5;232.0;5404.0;78.5;13.0;0.0;87.0;-3419.5;0.0;0.0;174.0;38.5;8.895;30.13;207.265;50.79;8.155000000000001;13.62;3.01;24.765;0.5;44.825;3.34;65.41;;2024-05-13;10:00
28;Normandie;Données définitives;2627.0;231.5;5399.5;110.5;10.0;0.0;88.0;-3498.5;0.0;0.0;226.0;60.0;8.815;30.064999999999998;205.555;50.745000000000005;10.86;18.299999999999997;4.205;34.86;0.38;34.48;3.3499999999999996;66.17;;2024-05-13;11:00
28;Normandie;Données définitives;2743.0;209.5;5399.0;121.5;11.0;0.0;89.0;-3357.5;0.0;0.0;201.5;69.5;7.640000000000001;27.21;196.845;50.745000000000005;9.89;17.375;4.43;38.325;0.4;37.93;3.24;66.92;;2024-05-13;12:00
28;Normandie;Données définitives;2735.0;189.0;5394.5;130.0;10.0;0.0;91.0;-3312.0;0.0;0.0;197.0;36.5;6.914999999999999;24.55;197.28;50.7;8.54;14.969999999999999;4.755000000000001;41.010000000000005;0.365;34.48;3.33;68.42;;2024-05-13;13:00
28;Normandie;Données définitives;2641.0;189.0;5374.0;133.5;11.0;0.0;89.5;-3436.0;0.0;0.0;202.5;78.0;7.155;24.55;203.49;50.505;10.625;17.98;5.055;42.115;0.415;37.93;3.39;67.295;;2024-05-13;14:00
28;Normandie;Données définitives;2561.5;189.0;5393.5;132.5;11.5;0.0;90.0;-3577.5;0.0;0.0;248.5;75.0;7.375;24.55;210.575;50.69;12.65;20.735;5.175000000000001;41.795;0.44999999999999996;39.655;3.515;67.67;;2024-05-13;15:00
28;Normandie;Données définitives;2484.0;189.0;5384.0;127.0;15.0;0.0;88.5;-3780.5;0.0;0.0;351.0;110.5;7.609999999999999;24.55;216.76;50.6;18.585;29.585;5.115;40.06;0.605;51.724999999999994;3.565;66.545;;2024-05-13;16:00
28;Normandie;Données définitives;2463.5;189.0;5455.5;106.0;17.5;0.0;85.0;-3867.0;0.0;0.0;342.0;135.5;7.67;24.55;221.45;51.275000000000006;19.384999999999998;30.61;4.3;33.44;0.71;60.345;3.45;63.91;;2024-05-13;17:00
28;Normandie;Données définitives;2517.5;189.0;5450.0;80.0;17.0;0.0;83.5;-3690.5;0.0;0.0;312.5;75.5;7.51;24.55;216.49;51.22;15.415;24.875;3.1799999999999997;25.24;0.675;58.62;3.315;62.785;;2024-05-13;18:00
28;Normandie;Données définitives;2610.5;189.0;5492.5;42.5;17.0;0.0;86.0;-3500.0;0.0;0.0;234.0;51.0;7.24;24.55;210.41;51.625;10.905000000000001;18.240000000000002;1.6349999999999998;13.405;0.655;58.62;3.295;64.66;;2024-05-13;19:00
28;Normandie;Données définitives;2514.0;189.0;6055.5;15.5;16.5;0.0;87.5;-4038.5;0.0;0.0;159.5;30.0;7.52;24.55;240.825;56.91;7.545;12.115;0.62;4.89;0.6599999999999999;56.894999999999996;3.48;65.78999999999999;;2024-05-13;20:00
28;Normandie;Données définitives;2507.5;189.0;6204.0;3.0;16.0;0.0;90.5;-4150.5;0.0;0.0;141.0;15.5;7.535;24.55;247.435;58.31;6.215;10.0;0.12000000000000001;0.9500000000000001;0.635;55.17;3.61;68.045;;2024-05-13;21:00
28;Normandie;Données définitives;2619.5;189.0;6179.5;0.0;16.0;0.0;93.0;-4058.0;0.0;0.0;157.0;42.5;7.220000000000001;24.55;236.04500000000002;58.075;7.615;12.79;0.0;0.0;0.615;55.17;3.55;69.92;;2024-05-13;22:00
28;Normandie;Données définitives;2641.5;189.0;6264.5;0.0;17.0;0.0;92.5;-4166.5;0.0;0.0;185.5;60.5;7.155;24.55;237.265;58.875;9.32;15.77;0.0;0.0;0.645;58.62;3.505;69.545;;2024-05-13;23:00
28;Normandie;Données définitives;2593.5;186.0;4453.5;0.0;17.5;0.0;78.0;-2227.0;0.0;0.0;56.0;29.5;7.17;24.16;171.76;41.855000000000004;3.27;5.45;0.0;0.0;0.675;60.345;3.01;58.65;;2024-06-11;00:00
28;Normandie;Données définitives;2413.0;186.0;4395.5;0.0;15.0;0.0;78.5;-2315.5;0.0;0.0;40.5;13.5;7.705;24.16;182.165;41.31;2.235;3.46;0.0;0.0;0.62;51.72;3.255;59.025;;2024-06-11;01:00
28;Normandie;Données définitives;2325.0;186.0;4299.0;0.0;15.0;0.0;78.0;-2284.5;0.0;0.0;36.0;0.0;8.0;24.16;184.94;40.405;1.355;2.02;0.0;0.0;0.645;51.72;3.355;58.65;;2024-06-11;02:00
28;Normandie;Données définitives;2237.5;186.0;4304.5;0.0;15.0;0.0;77.5;-2379.5;0.0;0.0;27.5;6.5;8.315;24.16;192.39499999999998;40.46;1.52;2.175;0.0;0.0;0.675;51.72;3.465;58.269999999999996;;2024-06-11;03:00
28;Normandie;Données définitives;2176.0;186.0;4292.0;0.0;16.0;0.0;76.5;-2408.0;0.0;0.0;22.5;0.0;8.545;24.16;197.245;40.34;0.64;0.9;0.0;0.0;0.735;55.17;3.515;57.515;;2024-06-11;04:00
28;Normandie;Données définitives;2194.0;186.0;4240.0;0.0;15.5;0.0;76.5;-2340.5;0.0;0.0;27.5;0.0;8.48;24.16;193.25;39.849999999999994;0.75;1.06;0.0;0.0;0.7050000000000001;53.445;3.485;57.515;;2024-06-11;05:00
28;Normandie;Données définitives;2327.5;186.0;4342.0;1.0;14.5;0.0;75.0;-2317.0;0.0;0.0;37.0;0.0;8.0;24.16;186.71499999999997;40.805;1.12;1.665;0.04;0.315;0.62;50.0;3.23;56.39;;2024-06-11;06:00
28;Normandie;Données définitives;2532.5;224.5;4421.0;12.0;17.0;0.0;69.0;-2241.0;0.0;0.0;39.5;0.0;8.850000000000001;29.155;174.635;41.555;1.185;1.925;0.47000000000000003;3.785;0.6699999999999999;58.62;2.725;51.88;;2024-06-11;07:00
28;Normandie;Données définitives;2680.5;260.5;4517.0;45.0;19.5;0.0;74.5;-2266.0;0.0;0.0;25.0;5.0;9.719999999999999;33.835;168.525;42.455;1.1400000000000001;1.955;1.6749999999999998;14.200000000000001;0.73;67.245;2.7800000000000002;56.015;;2024-06-11;08:00
28;Normandie;Données définitives;2769.0;229.0;4527.5;92.5;17.0;0.0;78.5;-2215.5;0.0;0.0;19.0;22.0;8.27;29.74;163.505;42.555;1.48;2.625;3.34;29.18;0.61;58.625;2.835;59.025;;2024-06-11;09:00
28;Normandie;Données définitives;2780.0;192.5;4525.5;131.5;14.5;0.0;84.0;-2273.0;0.0;0.0;29.0;76.5;6.925;25.0;162.79000000000002;42.535;3.81;6.795;4.73;41.480000000000004;0.52;50.0;3.0250000000000004;63.16;;2024-06-11;10:00
28;Normandie;Données définitives;2783.5;186.5;4519.5;160.0;15.0;0.0;86.5;-2288.5;0.0;0.0;61.0;43.5;6.7;24.225;162.37;42.475;3.77;6.73;5.75;50.474999999999994;0.54;51.72;3.105;65.035;;2024-06-11;11:00
28;Normandie;Données définitives;2828.5;185.5;4508.5;199.5;15.0;0.0;88.0;-2297.0;0.0;0.0;100.0;28.0;6.5600000000000005;24.095;159.405;42.375;4.525;8.205;7.05;62.935;0.53;51.72;3.1100000000000003;66.16499999999999;;2024-06-11;12:00
28;Normandie;Données définitives;2815.0;185.5;4511.5;216.0;15.0;0.0;86.5;-2345.5;0.0;0.0;113.5;32.5;6.595000000000001;24.095;160.35;42.405;5.195;9.36;7.68;68.14;0.535;51.72;3.075;65.035;;2024-06-11;13:00
28;Normandie;Données définitives;2704.0;186.0;4455.5;225.0;15.0;0.0;86.0;-2470.5;0.0;0.0;167.0;39.5;6.880000000000001;24.16;164.76999999999998;41.875;7.640000000000001;13.24;8.325;70.975;0.555;51.72;3.1799999999999997;64.66;;2024-06-11;14:00
28;Normandie;Données définitives;2637.5;186.0;4398.0;209.0;15.0;0.0;87.5;-2477.0;0.0;0.0;179.5;39.5;7.05;24.16;166.755;41.335;8.3;14.04;7.925000000000001;65.93;0.565;51.72;3.315;65.78999999999999;;2024-06-11;15:00
28;Normandie;Données définitives;2553.5;186.0;4394.0;218.0;15.5;0.0;89.0;-2554.5;0.0;0.0;163.0;42.0;7.285;24.16;172.08999999999997;41.295;8.025;13.14;8.54;68.77000000000001;0.605;53.445;3.485;66.91499999999999;;2024-06-11;16:00
28;Normandie;Données définitives;2501.5;186.0;4395.0;203.0;15.0;0.0;89.0;-2572.0;0.0;0.0;139.0;46.5;7.4350000000000005;24.16;175.695;41.305;7.415;11.895;8.115;64.03999999999999;0.6;51.72;3.5599999999999996;66.92;;2024-06-11;17:00
28;Normandie;Données définitives;2519.0;185.0;4414.5;158.5;14.5;0.0;89.0;-2520.5;0.0;0.0;115.0;62.0;7.345000000000001;24.03;175.26999999999998;41.489999999999995;7.025;11.345;6.295;50.0;0.575;50.0;3.535;66.92;;2024-06-11;18:00
28;Normandie;Données définitives;2597.0;192.0;4442.0;105.5;14.0;0.0;88.0;-2461.5;0.0;0.0;124.0;93.5;7.39;24.935000000000002;171.03500000000003;41.75;8.375;13.945;4.0649999999999995;33.28;0.54;48.28;3.385;66.17;;2024-06-11;19:00
28;Normandie;Données définitives;2573.5;197.5;4502.5;50.5;13.0;0.0;88.5;-2494.0;0.0;0.0;122.0;93.0;7.675;25.645;174.965;42.315;8.370000000000001;13.815000000000001;1.96;15.93;0.505;44.83;3.4400000000000004;66.545;;2024-06-11;20:00
28;Normandie;Données définitives;2498.0;201.5;4500.0;13.5;17.0;0.0;87.0;-2460.0;0.0;0.0;97.5;42.0;8.07;26.165;180.17000000000002;42.29;5.595;8.94;0.545;4.255;0.6799999999999999;58.62;3.48;65.41499999999999;;2024-06-11;21:00
28;Normandie;Données définitives;2605.0;202.0;4501.5;1.0;19.0;0.0;86.0;-2294.5;0.0;0.0;55.5;35.0;7.765;26.23;172.99;42.305;3.4850000000000003;5.8;0.04;0.315;0.73;65.52;3.305;64.66;;2024-06-11;22:00
28;Normandie;Données définitives;2692.5;202.0;4505.5;0.0;19.0;0.0;86.0;-2183.5;0.0;0.0;41.5;22.5;7.505;26.23;167.41;42.345;2.375;4.1049999999999995;0.0;0.0;0.705;65.52;3.195;64.66;;2024-06-11;23:00
28;Normandie;Données définitives;2638.0;188.5;6320.5;0.0;13.0;0.0;95.5;-4207.5;0.0;0.0;101.5;127.0;7.145;24.48;239.64499999999998;59.405;8.66;14.645;0.0;0.0;0.495;44.83;3.62;71.805;;2024-07-10;00:00
28;Normandie;Données définitives;2408.0;181.0;6200.0;0.0;13.0;0.0;94.5;-4406.5;0.0;0.0;143.5;182.5;7.515000000000001;23.51;257.475;58.275000000000006;13.524999999999999;20.9;0.0;0.0;0.54;44.83;3.925;71.055;;2024-07-10;01:00
28;Normandie;Données définitives;2354.5;181.0;6127.0;0.0;13.0;0.0;93.5;-4472.5;0.0;0.0;182.0;230.5;7.6899999999999995;23.51;260.495;57.585;17.53;26.439999999999998;0.0;0.0;0.5549999999999999;44.83;3.975;70.30000000000001;;2024-07-10;02:00
28;Normandie;Données définitives;2227.0;181.0;6141.0;0.0;13.0;0.0;96.0;-4498.5;0.0;0.0;203.0;91.5;8.13;23.51;275.9;57.715;13.190000000000001;18.875;0.0;0.0;0.585;44.83;4.3100000000000005;72.18;;2024-07-10;03:00
28;Normandie;Données définitives;2160.5;181.0;6052.5;0.0;13.0;0.0;95.5;-4515.5;0.0;0.0;162.5;171.0;8.38;23.51;280.175;56.885;15.425;21.380000000000003;0.0;0.0;0.605;44.83;4.42;71.805;;2024-07-10;04:00
28;Normandie;Données définitives;2165.0;181.0;6031.5;0.0;13.0;0.0;94.0;-4369.5;0.0;0.0;165.0;49.0;8.36;23.51;278.61;56.69;9.895;13.715;0.0;0.0;0.6;44.83;4.345;70.67500000000001;;2024-07-10;05:00
28;Normandie;Données définitives;2272.0;181.0;5967.0;0.0;12.0;0.0;93.0;-4198.5;0.0;0.0;150.0;67.0;7.965;23.51;262.64;56.085;9.55;13.91;0.0;0.0;0.53;41.38;4.095000000000001;69.92500000000001;;2024-07-10;06:00
28;Normandie;Données définitives;2388.0;204.5;6113.5;7.0;15.0;0.0;93.5;-4307.5;0.0;0.0;115.5;146.5;8.54;26.560000000000002;256.19;57.455;11.004999999999999;16.86;0.29000000000000004;2.21;0.625;51.724999999999994;3.92;70.30000000000001;;2024-07-10;07:00
28;Normandie;Données définitives;2546.0;242.5;6208.5;31.5;14.0;0.0;93.5;-4294.5;0.0;0.0;103.0;147.5;9.525;31.494999999999997;243.88;58.35;9.850000000000001;16.060000000000002;1.235;9.94;0.555;48.275;3.67;70.30000000000001;;2024-07-10;08:00
28;Normandie;Données définitives;2709.0;242.0;6258.0;65.0;11.0;0.0;95.5;-4300.0;0.0;0.0;142.5;195.0;8.934999999999999;31.43;231.005;58.815;12.46;21.634999999999998;2.4;20.505000000000003;0.41;37.93;3.525;71.805;;2024-07-10;09:00
28;Normandie;Données définitives;2740.0;242.5;6301.5;112.0;12.0;0.0;93.0;-4384.0;0.0;0.0;213.5;150.0;8.855;31.495;229.995;59.224999999999994;13.254999999999999;23.299999999999997;4.085;35.33;0.435;41.38;3.395;69.92;;2024-07-10;10:00
28;Normandie;Données définitives;2824.5;238.5;6155.5;164.5;12.5;0.0;91.0;-4285.5;0.0;0.0;254.0;194.5;8.45;30.975;217.95999999999998;57.855000000000004;15.89;28.78;5.82;51.89;0.445;43.105000000000004;3.225;68.42;;2024-07-10;11:00
28;Normandie;Données définitives;2897.5;182.5;6159.5;187.0;13.0;0.0;90.5;-4237.0;0.0;0.0;249.5;253.0;6.300000000000001;23.705;212.625;57.89;17.34;32.21;6.45;58.99;0.445;44.83;3.125;68.045;;2024-07-10;12:00
28;Normandie;Données définitives;2907.5;183.5;6205.0;201.0;13.0;0.0;92.5;-4269.5;0.0;0.0;239.5;242.5;6.3149999999999995;23.835;213.41;58.315;16.575;30.9;6.914999999999999;63.405;0.45;44.83;3.18;69.545;;2024-07-10;13:00
28;Normandie;Données définitives;2814.0;184.0;6152.0;202.0;13.5;0.0;91.0;-4225.5;0.0;0.0;231.0;166.0;6.54;23.9;218.625;57.82;14.125;25.479999999999997;7.175000000000001;63.72;0.48;46.555;3.23;68.42;;2024-07-10;14:00
28;Normandie;Données définitives;2757.0;182.0;6131.0;205.5;14.0;0.0;93.0;-4270.0;0.0;0.0;236.0;166.0;6.6;23.64;222.39;57.620000000000005;14.575;25.770000000000003;7.455;64.825;0.505;48.28;3.375;69.92;;2024-07-10;15:00
28;Normandie;Données définitives;2661.5;180.5;6030.0;200.5;14.0;0.0;95.0;-4247.0;0.0;0.0;236.0;153.0;6.779999999999999;23.445;226.56;56.67;14.605;24.905;7.535;63.25;0.525;48.28;3.57;71.43;;2024-07-10;16:00
28;Normandie;Données définitives;2643.0;181.5;6070.5;172.0;14.0;0.0;94.0;-4271.0;0.0;0.0;233.0;150.5;6.869999999999999;23.575000000000003;229.73000000000002;57.05500000000001;14.504999999999999;24.585;6.5;54.254999999999995;0.53;48.28;3.5549999999999997;70.67500000000001;;2024-07-10;17:00
28;Normandie;Données définitives;2651.0;192.0;6211.5;120.5;14.0;0.0;94.5;-4254.5;0.0;0.0;180.5;93.0;7.24;24.935000000000002;234.305;58.379999999999995;10.34;17.564999999999998;4.545;38.01;0.53;48.28;3.565;71.05000000000001;;2024-07-10;18:00
28;Normandie;Données définitives;2705.0;215.0;6227.5;80.5;17.0;0.0;97.0;-4185.0;0.0;0.0;131.0;122.0;7.9399999999999995;27.92;230.255;58.53;9.375;16.22;2.9850000000000003;25.395;0.625;58.62;3.585;72.93;;2024-07-10;19:00
28;Normandie;Données définitives;2699.5;229.0;6303.0;41.0;19.0;0.0;99.5;-4148.0;0.0;0.0;73.5;83.0;8.485;29.74;233.57;59.24;5.795;10.030000000000001;1.5150000000000001;12.935;0.705;65.52;3.69;74.815;;2024-07-10;20:00
28;Normandie;Données définitives;2607.0;229.5;6301.5;14.0;16.0;0.0;99.5;-4216.5;0.0;0.0;57.5;105.5;8.805;29.805;241.77499999999998;59.224999999999994;6.279999999999999;10.48;0.54;4.415;0.615;55.175;3.8200000000000003;74.815;;2024-07-10;21:00
28;Normandie;Données définitives;2664.5;229.5;6297.0;1.5;13.0;0.0;100.5;-4131.0;0.0;0.0;46.5;107.0;8.625;29.805;236.8;59.18;5.765000000000001;9.870000000000001;0.06;0.475;0.49;44.83;3.7800000000000002;75.565;;2024-07-10;22:00
28;Normandie;Données définitives;2856.5;230.0;6297.5;0.0;13.0;0.0;100.5;-4043.0;0.0;0.0;50.5;208.5;8.055;29.87;220.565;59.185;9.085;16.6;0.0;0.0;0.45999999999999996;44.83;3.52;75.565;;2024-07-10;23:00
28;Normandie;Données définitives;2464.0;197.5;7412.0;0.0;14.0;0.0;87.0;-5507.5;0.0;0.0;192.0;69.0;8.015;25.65;300.84;69.66499999999999;10.66;16.795;0.0;0.0;0.5700000000000001;48.28;3.5300000000000002;65.41;;2024-08-20;00:00
28;Normandie;Données définitives;2313.5;189.0;7119.5;0.0;14.0;0.0;87.0;-5615.0;0.0;0.0;253.5;265.5;8.165;24.55;307.735;66.91;22.43;33.269999999999996;0.0;0.0;0.605;48.28;3.76;65.41;;2024-08-20;01:00
28;Normandie;Données définitives;2226.0;189.0;7248.0;0.0;13.5;0.0;88.0;-5876.5;0.0;0.0;269.0;295.0;8.495;24.55;325.87;68.12;25.34;36.155;0.0;0.0;0.605;46.555;3.955;66.17;;2024-08-20;02:00
28;Normandie;Données définitives;2105.5;189.0;7345.0;0.0;12.5;0.0;88.0;-6043.5;0.0;0.0;231.0;284.0;8.975;24.55;348.865;69.03;24.455;33.015;0.0;0.0;0.59;43.105000000000004;4.18;66.17;;2024-08-20;03:00
28;Normandie;Données définitives;2083.5;189.0;7137.5;0.0;11.0;0.0;87.5;-5852.5;0.0;0.0;211.0;299.5;9.07;24.55;342.59000000000003;67.08000000000001;24.505000000000003;32.725;0.0;0.0;0.525;37.93;4.199999999999999;65.78999999999999;;2024-08-20;04:00
28;Normandie;Données définitives;2021.5;189.5;7058.5;0.0;11.0;0.0;87.5;-5776.5;0.0;0.0;194.0;258.5;9.375;24.615000000000002;349.19;66.34;22.38;29.005000000000003;0.0;0.0;0.545;37.93;4.33;65.78999999999999;;2024-08-20;05:00
28;Normandie;Données définitives;2212.0;189.0;6872.0;0.0;11.0;0.0;86.0;-5382.5;0.0;0.0;196.0;241.0;8.55;24.55;311.03;64.59;19.8;28.009999999999998;0.0;0.0;0.495;37.93;3.89;64.66;;2024-08-20;06:00
28;Normandie;Données définitives;2249.0;197.0;6550.5;0.5;11.5;0.0;86.0;-5005.5;0.0;0.0;188.0;221.5;8.76;25.585;291.265;61.565;18.185;26.215;0.02;0.16;0.51;39.655;3.825;64.66;;2024-08-20;07:00
28;Normandie;Données définitives;2412.5;206.0;6624.0;10.0;12.0;0.0;86.0;-4908.0;0.0;0.0;191.5;191.0;8.54;26.75;274.565;62.26;15.855;24.520000000000003;0.415;3.155;0.5;41.38;3.565;64.66;;2024-08-20;08:00
28;Normandie;Données définitives;2513.5;206.0;6657.5;27.5;12.5;0.0;87.0;-4857.5;0.0;0.0;161.0;220.5;8.195;26.75;264.89;62.57;15.16;24.42;1.0899999999999999;8.675;0.495;43.105000000000004;3.46;65.41;;2024-08-20;09:00
28;Normandie;Données définitives;2622.0;206.0;6494.5;43.5;13.0;0.0;88.5;-4577.5;0.0;0.0;141.5;213.5;7.86;26.75;247.83999999999997;61.040000000000006;13.525;22.725;1.655;13.725000000000001;0.495;44.83;3.375;66.545;;2024-08-20;10:00
28;Normandie;Données définitives;2635.5;198.0;6300.0;59.0;13.0;0.0;89.0;-4398.0;0.0;0.0;133.5;240.0;7.52;25.715;239.115;59.21;14.190000000000001;23.975;2.2350000000000003;18.615000000000002;0.49;44.83;3.375;66.92;;2024-08-20;11:00
28;Normandie;Données définitives;2747.5;190.0;6296.5;66.5;13.0;0.0;88.5;-4228.5;0.0;0.0;159.5;163.0;6.915;24.68;229.21499999999997;59.175;11.74;20.675;2.425;20.98;0.475;44.83;3.2199999999999998;66.545;;2024-08-20;12:00
28;Normandie;Données définitives;2832.0;190.0;6292.0;62.5;14.0;0.0;89.0;-4125.0;0.0;0.0;195.0;114.5;6.71;24.68;222.2;59.135000000000005;10.940000000000001;19.869999999999997;2.21;19.715;0.495;48.28;3.145;66.92;;2024-08-20;13:00
28;Normandie;Données définitives;2622.5;190.0;6401.5;68.0;14.0;0.0;89.5;-4423.5;0.0;0.0;197.5;85.5;7.25;24.68;244.32999999999998;60.165;10.815000000000001;18.11;2.5949999999999998;21.455;0.535;48.28;3.415;67.295;;2024-08-20;14:00
28;Normandie;Données définitives;2593.5;193.5;6609.0;80.5;13.5;0.0;89.5;-4832.0;0.0;0.0;251.0;188.5;7.46;25.125;254.835;62.11;16.96;28.174999999999997;3.105;25.39;0.52;46.555;3.45;67.295;;2024-08-20;15:00
28;Normandie;Données définitives;2496.5;193.0;6608.5;95.5;12.5;0.0;86.0;-5036.5;0.0;0.0;318.5;220.0;7.73;25.06;264.71500000000003;62.11;21.58;34.519999999999996;3.825;30.125;0.5;43.105000000000004;3.4450000000000003;64.66;;2024-08-20;16:00
28;Normandie;Données définitives;2461.5;190.0;6573.0;99.0;11.5;0.0;90.5;-5182.5;0.0;0.0;336.5;342.0;7.72;24.68;267.09000000000003;61.78;27.595;43.525000000000006;4.025;31.23;0.46499999999999997;39.655;3.675;68.045;;2024-08-20;17:00
28;Normandie;Données définitives;2463.5;191.0;6553.5;105.5;11.0;0.0;94.0;-5365.0;0.0;0.0;394.5;478.5;7.755;24.81;266.03;61.59;35.465;55.995000000000005;4.285;33.28;0.445;37.93;3.815;70.67500000000001;;2024-08-20;18:00
28;Normandie;Données définitives;2530.5;198.0;6590.5;73.5;15.5;0.0;95.0;-5483.0;0.0;0.0;550.0;491.5;7.82;25.715;260.44;61.94;41.16;66.765;2.9050000000000002;23.185;0.61;53.45;3.755;71.43;;2024-08-20;19:00
28;Normandie;Données définitives;2506.5;206.5;6600.0;25.5;18.0;0.0;94.0;-5512.0;0.0;0.0;580.0;494.0;8.24;26.814999999999998;263.345;62.03;42.84;68.845;1.01;8.045;0.72;62.07;3.75;70.68;;2024-08-20;20:00
28;Normandie;Données définitives;2509.0;207.0;6611.5;2.0;17.5;0.0;94.5;-5401.5;0.0;0.0;484.0;494.0;8.254999999999999;26.88;263.625;62.14;39.035;62.725;0.08;0.63;0.6950000000000001;60.345;3.77;71.055;;2024-08-20;21:00
28;Normandie;Données définitives;2584.0;207.0;6624.0;0.0;13.0;0.0;94.0;-5262.0;0.0;0.0;413.5;494.0;8.02;26.88;256.53999999999996;62.255;35.165;58.175;0.0;0.0;0.505;44.83;3.64;70.68;;2024-08-20;22:00
28;Normandie;Données définitives;2591.5;199.5;6620.5;0.0;13.5;0.0;94.5;-5218.0;0.0;0.0;391.0;491.0;7.695;25.91;255.48000000000002;62.22;34.035;56.54;0.0;0.0;0.52;46.555;3.645;71.055;;2024-08-20;23:00
28;Normandie;Données définitives;2770.0;213.5;5872.5;0.0;11.0;0.0;91.0;-3945.5;0.0;0.0;207.0;320.5;7.715;27.73;212.03500000000003;55.195;19.04;33.815;0.0;0.0;0.4;37.93;3.285;68.42;;2024-09-12;00:00
28;Normandie;Données définitives;2536.0;183.0;5202.5;0.0;11.0;0.0;91.5;-3475.0;0.0;0.0;188.5;333.5;7.215;23.77;205.14;48.894999999999996;20.58;33.46;0.0;0.0;0.435;37.93;3.61;68.795;;2024-09-12;01:00
28;Normandie;Données définitives;2440.5;183.0;5136.5;0.0;11.0;0.0;91.5;-3480.0;0.0;0.0;187.5;311.0;7.5;23.77;210.55;48.275;20.450000000000003;31.985;0.0;0.0;0.45;37.93;3.75;68.795;;2024-09-12;02:00
28;Normandie;Données définitives;2349.0;182.0;5151.5;0.0;12.5;0.0;90.0;-3533.0;0.0;0.0;195.5;249.5;7.75;23.64;219.325;48.415;18.939999999999998;28.525;0.0;0.0;0.53;43.105000000000004;3.835;67.67;;2024-09-12;03:00
28;Normandie;Données définitives;2277.5;182.0;5143.5;0.0;14.0;0.0;89.5;-3577.0;0.0;0.0;172.0;253.0;7.99;23.64;225.86;48.345;18.665;27.240000000000002;0.0;0.0;0.615;48.28;3.93;67.295;;2024-09-12;04:00
28;Normandie;Données définitives;2314.5;187.5;5153.5;0.0;14.0;0.0;90.0;-3537.0;0.0;0.0;162.5;244.0;8.100000000000001;24.355;222.685;48.435;17.565;26.06;0.0;0.0;0.605;48.28;3.89;67.67;;2024-09-12;05:00
28;Normandie;Données définitives;2447.0;239.0;5259.5;0.0;14.0;0.0;89.0;-3532.5;0.0;0.0;156.0;220.5;9.754999999999999;31.04;214.935;49.43;15.41;24.165;0.0;0.0;0.575;48.28;3.64;66.92;;2024-09-12;06:00
28;Normandie;Données définitives;2738.5;265.0;5903.5;0.0;18.0;0.0;89.0;-3884.0;0.0;0.0;139.5;208.0;9.68;34.42;215.64;55.485;12.7;22.275;0.0;0.0;0.655;62.07;3.25;66.92;;2024-09-12;07:00
28;Normandie;Données définitives;2868.0;265.0;6027.0;9.0;20.0;0.0;89.0;-3877.0;0.0;0.0;154.5;181.0;9.24;34.42;210.16500000000002;56.644999999999996;11.675;21.475;0.315;2.8400000000000003;0.695;68.97;3.0999999999999996;66.92;;2024-09-12;08:00
28;Normandie;Données définitives;2915.5;265.0;6022.5;60.0;17.0;0.0;89.0;-3862.0;0.0;0.0;137.0;187.5;9.09;34.42;206.57;56.605000000000004;11.129999999999999;20.8;2.055;18.925;0.585;58.625;3.0549999999999997;66.92;;2024-09-12;09:00
28;Normandie;Données définitives;2927.5;223.5;6009.0;140.5;14.0;0.0;89.5;-3839.5;0.0;0.0;121.5;170.0;7.635;29.025;205.26;56.474999999999994;9.96;18.685000000000002;4.8;44.32;0.48;48.28;3.0549999999999997;67.295;;2024-09-12;10:00
28;Normandie;Données définitives;2920.5;194.5;5869.0;194.0;14.0;0.0;88.0;-3765.0;0.0;0.0;179.5;146.5;6.66;25.255000000000003;200.95999999999998;55.16;11.165;20.9;6.640000000000001;61.2;0.48;48.28;3.01;66.17;;2024-09-12;11:00
28;Normandie;Données définitives;2988.5;194.0;5947.5;206.5;14.0;0.0;89.5;-3826.5;0.0;0.0;239.5;124.0;6.494999999999999;25.189999999999998;199.04;55.900000000000006;12.190000000000001;23.33;6.904999999999999;65.14500000000001;0.46499999999999997;48.28;2.995;67.295;;2024-09-12;12:00
28;Normandie;Données définitives;2972.0;192.5;5923.5;229.5;14.0;0.0;90.0;-3839.5;0.0;0.0;241.5;120.0;6.48;25.0;199.32999999999998;55.675;12.190000000000001;23.205;7.725;72.39500000000001;0.47;48.28;3.0300000000000002;67.67;;2024-09-12;13:00
28;Normandie;Données définitives;2851.0;183.5;5859.5;238.0;12.0;0.0;90.5;-3926.0;0.0;0.0;274.5;119.5;6.4399999999999995;23.835;205.53;55.07;13.805;25.225;8.35;75.08;0.42;41.38;3.175;68.045;;2024-09-12;14:00
28;Normandie;Données définitives;2773.0;178.0;5881.5;215.5;15.0;0.0;89.5;-4012.5;0.0;0.0;284.5;121.5;6.42;23.12;212.12;55.28;14.64;26.025;7.775;67.985;0.545;51.72;3.2300000000000004;67.295;;2024-09-12;15:00
28;Normandie;Données définitives;2712.0;178.0;5872.5;184.0;15.0;0.0;90.0;-4025.5;0.0;0.0;296.5;102.5;6.5649999999999995;23.12;216.54500000000002;55.19;14.695;25.545;6.785;58.045;0.555;51.72;3.3200000000000003;67.67;;2024-09-12;16:00
28;Normandie;Données définitives;2629.0;179.0;5935.5;149.0;15.0;0.0;89.0;-4101.5;0.0;0.0;248.0;115.5;6.8100000000000005;23.25;225.76999999999998;55.785;13.825;23.305;5.67;47.004999999999995;0.57;51.72;3.385;66.92;;2024-09-12;17:00
28;Normandie;Données définitives;2702.0;185.5;5825.0;92.5;14.0;0.0;88.0;-3887.0;0.0;0.0;196.5;187.0;6.865;24.095;215.59;54.75;14.19;24.585;3.425;29.18;0.52;48.28;3.255;66.16499999999999;;2024-09-12;18:00
28;Normandie;Données définitives;2819.0;211.0;5940.0;35.5;13.0;0.0;86.0;-3916.0;0.0;0.0;168.0;282.5;7.48;27.4;210.71499999999997;55.825;15.965;28.85;1.26;11.2;0.45999999999999996;44.83;3.05;64.66;;2024-09-12;19:00
28;Normandie;Données définitives;2836.0;224.0;6034.5;4.0;12.0;0.0;86.0;-4014.5;0.0;0.0;227.0;263.5;7.9;29.09;212.78;56.715;17.295;31.439999999999998;0.145;1.265;0.42;41.38;3.035;64.66;;2024-09-12;20:00
28;Normandie;Données définitives;2855.5;224.0;6037.0;0.0;12.0;0.0;88.5;-3709.0;0.0;0.0;104.0;100.0;7.845000000000001;29.09;211.425;56.739999999999995;7.154999999999999;13.075;0.0;0.0;0.42;41.38;3.1;66.545;;2024-09-12;21:00
28;Normandie;Données définitives;2840.5;225.0;6031.5;0.0;12.0;0.0;89.5;-3661.0;0.0;0.0;89.0;55.5;7.925000000000001;29.22;212.41500000000002;56.685;5.085;9.265;0.0;0.0;0.42;41.38;3.1550000000000002;67.295;;2024-09-12;22:00
28;Normandie;Données définitives;2865.0;225.0;6032.5;0.0;12.0;0.0;91.0;-3672.0;0.0;0.0;79.0;99.0;7.855;29.22;210.64499999999998;56.695;6.225;11.41;0.0;0.0;0.42;41.38;3.175;68.42;;2024-09-12;23:00
28;Normandie;Données définitives;2764.5;227.0;5420.5;0.0;13.0;0.0;74.5;-3857.0;0.0;0.0;455.5;431.5;8.2;29.479999999999997;196.125;50.945;32.1;56.89;0.0;0.0;0.47;44.83;2.6950000000000003;56.015;;2024-10-02;00:00
28;Normandie;Données définitives;2559.5;193.5;5596.0;0.0;13.0;0.0;75.0;-4160.0;0.0;0.0;437.0;405.0;7.56;25.125;218.645;52.595;32.915;54.01;0.0;0.0;0.51;44.83;2.9299999999999997;56.39;;2024-10-02;01:00
28;Normandie;Données définitives;2497.5;193.0;5803.5;0.0;12.0;0.0;75.0;-4414.0;0.0;0.0;403.0;425.5;7.73;25.06;232.45;54.545;33.165;53.11;0.0;0.0;0.48;41.38;3.005;56.39;;2024-10-02;02:00
28;Normandie;Données définitives;2389.0;189.5;6023.5;0.0;10.5;0.0;73.5;-4710.5;0.0;0.0;373.0;430.5;7.9350000000000005;24.615000000000002;252.14;56.614999999999995;33.629999999999995;51.504999999999995;0.0;0.0;0.44;36.205;3.075;55.265;;2024-10-02;03:00
28;Normandie;Données définitives;2326.5;190.5;6264.5;0.0;9.0;0.0;74.0;-4975.0;0.0;0.0;330.0;434.5;8.184999999999999;24.745;269.28;58.875;32.86;49.01;0.0;0.0;0.39;31.03;3.1799999999999997;55.64;;2024-10-02;04:00
28;Normandie;Données définitives;2357.0;193.5;6295.5;0.0;9.0;0.0;74.0;-4945.0;0.0;0.0;276.0;454.0;8.21;25.125;267.13;59.165;30.98;46.795;0.0;0.0;0.385;31.03;3.1399999999999997;55.64;;2024-10-02;05:00
28;Normandie;Données définitives;2485.5;216.5;6295.0;0.0;9.5;0.0;73.0;-4777.5;0.0;0.0;215.5;454.5;8.695;28.115000000000002;253.39;59.16;26.985;42.945;0.0;0.0;0.38;32.754999999999995;2.935;54.89;;2024-10-02;06:00
28;Normandie;Données définitives;2742.0;264.0;6292.5;0.0;10.0;0.0;73.0;-4466.5;0.0;0.0;179.5;389.5;9.635000000000002;34.29;229.63;59.14;20.79;36.474999999999994;0.0;0.0;0.365;34.48;2.665;54.89;;2024-10-02;07:00
28;Normandie;Données définitives;2861.0;262.0;6292.5;0.5;10.5;0.0;73.0;-4269.5;0.0;0.0;220.5;272.0;9.16;34.03;219.97500000000002;59.14;17.22;31.57;0.015;0.16;0.365;36.205;2.55;54.89;;2024-10-02;08:00
28;Normandie;Données définitives;2967.5;258.5;6300.5;9.5;12.0;0.0;73.5;-4056.0;0.0;0.0;191.0;178.5;8.71;33.575;212.32;59.215;12.455;23.685;0.32;3.0;0.405;41.38;2.48;55.265;;2024-10-02;09:00
28;Normandie;Données définitives;2970.0;232.0;6271.0;29.0;11.5;0.0;73.0;-3906.5;0.0;0.0;128.0;132.5;7.8100000000000005;30.130000000000003;211.145;58.94;8.755;16.665;0.98;9.149999999999999;0.385;39.655;2.455;54.89;;2024-10-02;10:00
28;Normandie;Données définitives;2999.5;202.5;6272.0;58.0;13.0;0.0;72.5;-3857.0;0.0;0.0;87.5;151.5;6.75;26.295;209.10500000000002;58.95;7.960000000000001;15.29;1.935;18.295;0.435;44.83;2.42;54.515;;2024-10-02;11:00
28;Normandie;Données définitives;3050.5;199.0;6268.0;98.0;13.0;0.0;72.0;-3783.0;0.0;0.0;88.5;95.5;6.525;25.84;205.48000000000002;58.91;6.03;11.795;3.21;30.915;0.425;44.83;2.3600000000000003;54.14;;2024-10-02;12:00
28;Normandie;Données définitives;3013.0;198.0;6279.0;150.5;13.0;0.0;71.5;-3872.0;0.0;0.0;83.5;91.0;6.57;25.71;208.42000000000002;59.010000000000005;5.765;11.15;5.0;47.475;0.435;44.83;2.375;53.760000000000005;;2024-10-02;13:00
28;Normandie;Données définitives;2871.5;196.5;6279.0;191.5;13.0;0.0;70.5;-4021.5;0.0;0.0;95.5;48.0;6.84;25.515;218.68;59.010000000000005;5.015000000000001;9.23;6.67;60.41;0.455;44.83;2.455;53.005;;2024-10-02;14:00
28;Normandie;Données définitives;2798.5;192.0;6270.0;200.0;11.5;0.0;71.0;-4080.5;0.0;0.0;113.0;22.5;6.86;24.935000000000002;224.07;58.93;4.835;8.690000000000001;7.145;63.09;0.41000000000000003;39.655;2.54;53.38;;2024-10-02;15:00
28;Normandie;Données définitives;2712.0;188.5;6261.5;181.0;11.0;0.0;72.0;-4137.0;0.0;0.0;124.5;9.5;6.949999999999999;24.485;230.89;58.845;4.96;8.625;6.675000000000001;57.1;0.405;37.93;2.6550000000000002;54.135000000000005;;2024-10-02;16:00
28;Normandie;Données définitives;2654.5;192.5;6270.0;124.5;10.5;0.0;74.5;-4154.5;0.0;0.0;123.5;15.0;7.25;25.0;236.2;58.93;5.18;8.81;4.6850000000000005;39.275;0.395;36.205;2.8049999999999997;56.015;;2024-10-02;17:00
28;Normandie;Données définitives;2695.0;209.5;6268.5;60.0;11.0;0.0;72.0;-4056.0;0.0;0.0;115.0;15.5;7.77;27.205;232.64499999999998;58.915;4.84;8.365;2.235;18.925;0.405;37.93;2.675;54.135000000000005;;2024-10-02;18:00
28;Normandie;Données définitives;2863.5;218.5;6266.0;13.0;15.0;0.0;72.5;-3882.0;0.0;0.0;110.5;50.5;7.635;28.375;218.87;58.89;5.615;10.32;0.455;4.1;0.525;51.725;2.53;54.515;;2024-10-02;19:00
28;Normandie;Données définitives;2917.5;219.0;6264.5;0.0;18.0;0.0;74.0;-4122.5;0.0;0.0;165.0;301.0;7.51;28.44;214.745;58.875;15.98;29.84;0.0;0.0;0.615;62.07;2.535;55.64;;2024-10-02;20:00
28;Normandie;Données définitives;2870.5;219.0;6269.0;0.0;15.5;0.0;74.0;-4395.0;0.0;0.0;230.5;457.5;7.630000000000001;28.44;218.43;58.92;23.990000000000002;44.135;0.0;0.0;0.545;53.45;2.575;55.64;;2024-10-02;21:00
28;Normandie;Données définitives;2873.5;219.0;6278.0;0.0;12.0;0.0;74.5;-4384.5;0.0;0.0;234.0;441.0;7.625;28.44;218.56;59.0;23.515;43.305;0.0;0.0;0.42;41.38;2.5949999999999998;56.015;;2024-10-02;22:00
28;Normandie;Données définitives;2888.0;219.0;6279.0;0.0;13.0;0.0;75.0;-4324.0;0.0;0.0;205.0;422.5;7.585;28.44;217.51999999999998;59.01;21.72;40.225;0.0;0.0;0.45;44.83;2.5949999999999998;56.39;;2024-10-02;23:00
28;Normandie;Données définitives;3184.5;216.5;6307.5;0.0;16.0;0.0;89.0;-3632.0;0.0;0.0;133.5;54.5;6.8;28.115000000000002;198.085;59.285;5.885;12.015;0.0;0.0;0.505;55.17;2.795;66.92;;2024-11-08;00:00
28;Normandie;Données définitives;3014.5;213.0;6282.5;0.0;16.0;0.0;87.5;-3718.0;0.0;0.0;102.0;32.5;7.0649999999999995;27.66;208.41;59.05;4.465;8.625;0.0;0.0;0.53;55.17;2.9050000000000002;65.78999999999999;;2024-11-08;01:00
28;Normandie;Données définitives;2920.5;213.0;6253.0;0.0;16.0;0.0;87.0;-3753.0;0.0;0.0;81.5;22.5;7.295;27.66;214.15;58.769999999999996;3.58;6.699999999999999;0.0;0.0;0.55;55.17;2.98;65.41499999999999;;2024-11-08;02:00
28;Normandie;Données définitives;2825.5;213.0;6296.0;0.0;16.0;0.0;86.5;-3902.5;0.0;0.0;82.0;34.5;7.54;27.66;222.84;59.17;4.145;7.5;0.0;0.0;0.565;55.17;3.06;65.035;;2024-11-08;03:00
28;Normandie;Données définitives;2778.5;212.0;6297.5;0.0;16.0;0.0;84.5;-3966.0;0.0;0.0;87.5;47.0;7.630000000000001;27.53;226.655;59.185;4.86;8.655000000000001;0.0;0.0;0.575;55.17;3.04;63.535;;2024-11-08;04:00
28;Normandie;Données définitives;2847.5;209.0;6301.0;0.0;16.0;0.0;83.5;-3886.5;0.0;0.0;89.5;35.0;7.34;27.14;221.32;59.22;4.375;7.98;0.0;0.0;0.56;55.17;2.93;62.785;;2024-11-08;05:00
28;Normandie;Données définitives;3044.5;210.0;6298.5;0.0;15.5;0.0;81.0;-3675.0;0.0;0.0;74.0;41.0;6.9;27.27;206.995;59.195;3.785;7.375;0.0;0.0;0.51;53.445;2.66;60.9;;2024-11-08;06:00
28;Normandie;Données définitives;3331.5;216.5;6298.5;0.0;19.0;0.0;85.0;-3374.5;0.0;0.0;54.0;34.5;6.5;28.115000000000002;189.155;59.195;2.665;5.67;0.0;0.0;0.5700000000000001;65.515;2.55;63.91;;2024-11-08;07:00
28;Normandie;Données définitives;3446.0;227.0;6296.5;0.0;21.0;0.0;86.5;-3272.5;0.0;0.0;50.0;37.5;6.585;29.48;182.72000000000003;59.175;2.54;5.609999999999999;0.0;0.0;0.61;72.41;2.51;65.035;;2024-11-08;08:00
28;Normandie;Données définitives;3508.0;227.0;6297.0;5.5;20.0;0.0;88.0;-3203.5;0.0;0.0;54.5;19.0;6.470000000000001;29.48;179.505;59.18;2.0949999999999998;4.715;0.16;1.7349999999999999;0.5700000000000001;68.965;2.51;66.16499999999999;;2024-11-08;09:00
28;Normandie;Données définitives;3544.5;227.0;6298.0;16.5;17.0;0.0;84.0;-3176.5;0.0;0.0;60.0;19.5;6.404999999999999;29.48;177.685;59.19;2.24;5.095;0.465;5.205;0.48;58.62;2.365;63.16;;2024-11-08;10:00
28;Normandie;Données définitives;3556.0;224.0;6297.5;24.5;15.5;0.0;76.5;-3169.5;0.0;0.0;56.0;31.0;6.3;29.09;177.095;59.185;2.46;5.609999999999999;0.69;7.7299999999999995;0.435;53.445;2.1550000000000002;57.519999999999996;;2024-11-08;11:00
28;Normandie;Données définitives;3635.5;223.0;6300.0;28.5;16.0;0.0;76.5;-3095.0;0.0;0.0;59.0;28.0;6.135;28.96;173.29500000000002;59.21;2.41;5.61;0.78;8.99;0.44;55.17;2.1;57.515;;2024-11-08;12:00
28;Normandie;Données définitives;3599.0;216.5;6301.5;28.5;16.0;0.0;80.0;-3115.0;0.0;0.0;52.0;20.5;6.015000000000001;28.115000000000002;175.12;59.224999999999994;2.015;4.65;0.79;8.99;0.445;55.17;2.2199999999999998;60.15;;2024-11-08;13:00
28;Normandie;Données définitives;3498.0;213.5;6303.0;24.0;16.0;0.0;77.5;-3194.5;0.0;0.0;44.0;17.0;6.105;27.725;180.19;59.239999999999995;1.77;3.9699999999999998;0.685;7.574999999999999;0.46;55.17;2.215;58.269999999999996;;2024-11-08;14:00
28;Normandie;Données définitives;3422.5;212.5;6302.0;16.5;16.0;0.0;74.5;-3250.5;0.0;0.0;40.0;13.0;6.21;27.595;184.135;59.23;1.55;3.4;0.485;5.205;0.47;55.17;2.175;56.015;;2024-11-08;15:00
28;Normandie;Données définitives;3377.0;211.5;6300.0;7.5;16.0;0.0;72.5;-3278.5;0.0;0.0;36.5;12.0;6.265000000000001;27.465;186.57;59.21;1.42;3.075;0.21999999999999997;2.365;0.475;55.17;2.145;54.515;;2024-11-08;16:00
28;Normandie;Données définitives;3377.5;224.5;6301.5;0.5;16.0;0.0;77.5;-3290.0;0.0;0.0;30.5;17.0;6.645;29.155;186.57999999999998;59.224999999999994;1.405;3.045;0.015;0.16;0.475;55.17;2.295;58.269999999999996;;2024-11-08;17:00
28;Normandie;Données définitives;3545.5;236.5;6300.5;0.0;15.5;0.0;76.0;-3132.5;0.0;0.0;32.5;17.5;6.675;30.715;177.72500000000002;59.215;1.4100000000000001;3.205;0.0;0.0;0.44;53.445;2.145;57.144999999999996;;2024-11-08;18:00
28;Normandie;Données définitives;3596.0;238.0;6299.0;0.0;15.0;0.0;73.5;-3067.0;0.0;0.0;33.0;4.5;6.619999999999999;30.91;175.17000000000002;59.2;1.06;2.435;0.0;0.0;0.42;51.72;2.04;55.265;;2024-11-08;19:00
28;Normandie;Données définitives;3469.5;238.0;6300.0;0.0;15.0;0.0;71.5;-3175.0;0.0;0.0;24.0;0.0;6.859999999999999;30.91;181.625;59.21;0.5900000000000001;1.31;0.0;0.0;0.435;51.72;2.065;53.760000000000005;;2024-11-08;20:00
28;Normandie;Données définitives;3344.0;234.5;6299.0;0.0;15.0;0.0;76.0;-3301.0;0.0;0.0;23.5;0.0;7.015;30.455;188.38;59.2;0.64;1.375;0.0;0.0;0.445;51.72;2.27;57.144999999999996;;2024-11-08;21:00
28;Normandie;Données définitives;3362.0;228.0;6300.0;0.0;15.0;0.0;82.0;-3285.0;0.0;0.0;23.0;0.0;6.785;29.61;187.44;59.21;0.685;1.47;0.0;0.0;0.445;51.72;2.44;61.65;;2024-11-08;22:00
28;Normandie;Données définitives;3397.5;225.5;6300.0;0.0;15.0;0.0;82.0;-3245.0;0.0;0.0;21.0;0.0;6.640000000000001;29.285;185.485;59.21;0.56;1.2200000000000002;0.0;0.0;0.44;51.72;2.415;61.655;;2024-11-08;23:00
28;Normandie;Données définitives;3737.5;255.5;5119.5;0.0;15.0;0.0;86.0;-2567.0;0.0;0.0;378.5;450.5;6.84;33.185;136.985;48.114999999999995;22.18;52.635;0.0;0.0;0.4;51.72;2.3049999999999997;65.15;;2024-12-20;00:00
28;Normandie;Données définitives;3569.5;256.0;5007.5;0.0;15.0;0.0;89.0;-2618.5;0.0;0.0;366.5;454.5;7.17;33.25;140.285;47.065;23.0;52.125;0.0;0.0;0.42;51.72;2.495;67.42500000000001;;2024-12-20;01:00
28;Normandie;Données définitives;3507.5;255.5;5004.5;0.0;15.0;0.0;89.0;-2602.5;0.0;0.0;339.0;407.5;7.285;33.185;142.72;47.035;21.259999999999998;47.365;0.0;0.0;0.425;51.72;2.54;67.42;;2024-12-20;02:00
28;Normandie;Données définitives;3414.5;255.5;5062.5;0.0;15.0;0.0;90.5;-2673.5;0.0;0.0;306.5;359.0;7.484999999999999;33.185;148.275;47.58;19.47;42.224999999999994;0.0;0.0;0.44;51.72;2.65;68.56;;2024-12-20;03:00
28;Normandie;Données définitives;3297.5;255.5;5089.0;0.0;15.0;0.0;92.0;-2663.0;0.0;0.0;284.0;225.0;7.75;33.185;154.33;47.825;15.420000000000002;32.285;0.0;0.0;0.455;51.72;2.79;69.7;;2024-12-20;04:00
28;Normandie;Données définitives;3349.5;255.5;5118.0;0.0;14.5;0.0;91.5;-2660.5;0.0;0.0;259.5;271.5;7.635;33.185;152.91500000000002;48.1;15.875;33.775000000000006;0.0;0.0;0.435;50.0;2.73;69.32;;2024-12-20;05:00
28;Normandie;Données définitives;3651.0;258.0;5125.5;0.0;14.0;0.0;91.0;-2295.5;0.0;0.0;240.5;218.0;7.07;33.510000000000005;140.48;48.175;12.585;29.115000000000002;0.0;0.0;0.38;48.28;2.495;68.94;;2024-12-20;06:00
28;Normandie;Données définitives;3984.5;263.5;5124.5;0.0;14.0;0.0;90.5;-1914.5;0.0;0.0;199.5;207.5;6.615;34.225;128.665;48.165;10.195;25.810000000000002;0.0;0.0;0.35;48.28;2.2750000000000004;68.56;;2024-12-20;07:00
28;Normandie;Données définitives;4236.5;269.5;5123.0;0.0;14.0;0.0;89.0;-1639.5;0.0;0.0;161.0;219.5;6.359999999999999;35.0;120.925;48.15;8.995000000000001;24.189999999999998;0.0;0.0;0.33;48.28;2.105;67.42500000000001;;2024-12-20;08:00
28;Normandie;Données définitives;4182.5;362.5;5121.5;4.5;14.0;0.0;85.5;-1745.0;0.0;0.0;195.0;145.0;8.67;47.08;122.455;48.135000000000005;8.125;21.59;0.11;1.03;0.335;48.28;2.045;64.77000000000001;;2024-12-20;09:00
28;Normandie;Données définitives;4167.0;338.0;5122.5;33.5;14.0;0.0;88.5;-1772.5;0.0;0.0;196.0;148.5;8.1;43.894999999999996;122.94;48.144999999999996;8.275;21.875;0.8049999999999999;7.664999999999999;0.335;48.28;2.125;67.045;;2024-12-20;10:00
28;Normandie;Données définitives;4023.0;274.0;5123.5;62.5;14.0;0.0;91.0;-1875.0;0.0;0.0;191.5;141.0;6.8100000000000005;35.58;127.36500000000001;48.155;8.265;21.08;1.555;14.3;0.345;48.28;2.26;68.94;;2024-12-20;11:00
28;Normandie;Données définitives;3968.0;272.5;5126.0;90.0;15.0;0.0;93.0;-2266.5;0.0;0.0;241.0;397.0;6.869999999999999;35.385000000000005;129.19;48.18;16.065;40.510000000000005;2.27;20.595;0.38;51.72;2.34;70.455;;2024-12-20;12:00
28;Normandie;Données définitives;3920.5;271.0;5128.0;100.5;14.5;0.0;96.0;-2468.5;0.0;0.0;293.5;485.0;6.915;35.19;130.825;48.2;19.865000000000002;49.43;2.56;23.0;0.37;50.0;2.4450000000000003;72.73;;2024-12-20;13:00
28;Normandie;Données définitives;3743.0;271.5;5127.0;68.0;15.0;0.0;96.5;-2686.5;0.0;0.0;366.0;486.0;7.255;35.255;136.98000000000002;48.19;22.75;54.06;1.815;15.56;0.4;51.72;2.58;73.105;;2024-12-20;14:00
28;Normandie;Données définitives;3689.5;273.0;5126.5;37.0;16.0;0.0;94.5;-2738.5;0.0;0.0;395.5;485.0;7.4;35.45;138.95;48.185;23.87;55.900000000000006;1.005;8.465;0.435;55.17;2.5599999999999996;71.59;;2024-12-20;15:00
28;Normandie;Données définitives;3654.0;273.0;5125.0;14.0;16.0;0.0;89.0;-2801.0;0.0;0.0;445.0;493.0;7.475;35.45;140.255;48.17;25.67;59.555;0.385;3.205;0.44;55.17;2.435;67.42500000000001;;2024-12-20;16:00
28;Normandie;Données définitives;3767.0;260.5;5120.5;1.5;16.0;0.0;89.0;-2716.5;0.0;0.0;502.5;494.0;6.915;33.835;135.97;48.125;26.465;63.269999999999996;0.04;0.345;0.425;55.17;2.36;67.42;;2024-12-20;17:00
28;Normandie;Données définitives;3888.0;257.0;5109.0;0.0;15.0;0.0;87.0;-2617.5;0.0;0.0;544.0;494.0;6.609999999999999;33.38;131.405;48.019999999999996;26.695;65.905;0.0;0.0;0.385;51.72;2.24;65.91;;2024-12-20;18:00
28;Normandie;Données définitives;3931.0;268.0;5123.0;0.0;15.0;0.0;90.5;-2684.0;0.0;0.0;624.0;495.0;6.815;34.805;130.32;48.15;28.45;71.015;0.0;0.0;0.38;51.72;2.3;68.56;;2024-12-20;19:00
28;Normandie;Données définitives;3846.0;273.0;5127.0;0.0;15.0;0.0;94.5;-2831.0;0.0;0.0;672.5;494.5;7.1;35.45;133.34;48.19;30.365000000000002;74.125;0.0;0.0;0.39;51.72;2.455;71.59;;2024-12-20;20:00
28;Normandie;Données définitives;3711.5;272.0;5125.0;0.0;15.0;0.0;95.0;-2971.5;0.0;0.0;681.5;495.0;7.325;35.32;138.09;48.17;31.685;74.66499999999999;0.0;0.0;0.405;51.72;2.5599999999999996;71.97;;2024-12-20;21:00
28;Normandie;Données définitives;3704.5;272.0;5123.0;0.0;15.0;0.0;94.5;-2971.5;0.0;0.0;677.5;495.0;7.345000000000001;35.32;138.33499999999998;48.15;31.65;74.41499999999999;0.0;0.0;0.405;51.72;2.55;71.59;;2024-12-20;22:00
28;Normandie;Données définitives;3733.5;263.0;5126.5;0.0;15.0;0.0;98.0;-2913.5;0.0;0.0;653.5;492.0;7.04;34.155;137.345;48.185;30.665;72.7;0.0;0.0;0.405;51.72;2.625;74.24;;2024-12-20;23:00
32;Hauts-de-France;Données définitives;6102.0;398.0;3627.0;0.0;2.0;0.0;127.0;-492.0;0.0;0.0;2438.5;0.0;6.515000000000001;16.535;59.445;66.43;39.955;40.09;0.0;0.0;0.03;50.0;2.08;62.56;;2024-01-29;00:00
32;Hauts-de-France;Données définitives;5966.5;357.5;3605.0;0.0;2.0;0.0;127.0;-301.0;0.0;0.0;2177.0;0.0;5.99;14.85;60.42;66.025;36.49;35.795;0.0;0.0;0.03;50.0;2.13;62.56;;2024-01-29;01:00
32;Hauts-de-France;Données définitives;5926.5;357.5;3617.5;0.0;2.0;0.0;121.5;-144.5;0.0;0.0;1974.0;0.0;6.035;14.85;61.040000000000006;66.255;33.305;32.455;0.0;0.0;0.03;50.0;2.05;59.85;;2024-01-29;02:00
32;Hauts-de-France;Données définitives;5675.5;360.0;3625.0;0.0;2.0;0.0;121.0;-145.5;0.0;0.0;1713.5;0.0;6.34;14.96;63.88;66.39;30.185;28.17;0.0;0.0;0.035;50.0;2.13;59.605000000000004;;2024-01-29;03:00
32;Hauts-de-France;Données définitives;5544.5;358.5;3612.0;0.0;2.0;0.0;119.5;-242.0;0.0;0.0;1697.0;0.0;6.465;14.89;65.15;66.155;30.604999999999997;27.9;0.0;0.0;0.04;50.0;2.1550000000000002;58.864999999999995;;2024-01-29;04:00
32;Hauts-de-France;Données définitives;5629.0;404.0;3591.5;0.0;2.0;0.0;118.5;-176.5;0.0;0.0;1691.0;0.0;7.17;16.785;63.825;65.78;30.060000000000002;27.805;0.0;0.0;0.035;50.0;2.105;58.375;;2024-01-29;05:00
32;Hauts-de-France;Données définitives;5956.5;486.5;3603.5;0.0;2.0;0.0;119.0;175.0;0.0;0.0;1570.5;0.0;8.155000000000001;20.215;60.62;65.995;26.450000000000003;25.82;0.0;0.0;0.035;50.0;2.0;58.620000000000005;;2024-01-29;06:00
32;Hauts-de-France;Données définitives;6517.5;1010.5;3629.0;0.0;2.0;0.0;122.0;285.0;0.0;0.0;1469.0;0.0;15.360000000000001;41.980000000000004;55.745;66.465;22.57;24.155;0.0;0.0;0.03;50.0;1.875;60.1;;2024-01-29;07:00
32;Hauts-de-France;Données définitives;7114.5;1397.5;3640.0;0.0;2.0;0.0;128.5;433.0;0.0;0.0;1515.0;0.0;19.64;58.06;51.16;66.67;21.295;24.91;0.0;0.0;0.03;50.0;1.81;63.300000000000004;;2024-01-29;08:00
32;Hauts-de-France;Données définitives;7120.0;1409.5;3676.0;20.5;2.0;0.0;125.0;236.5;0.0;0.0;1652.5;0.0;19.795;58.555;51.629999999999995;67.325;23.21;27.17;0.29000000000000004;3.7;0.03;50.0;1.755;61.575;;2024-01-29;09:00
32;Hauts-de-France;Données définitives;7024.5;1395.5;3676.0;82.0;2.0;0.0;113.0;16.0;0.0;0.0;1742.5;0.0;19.865000000000002;57.974999999999994;52.33;67.33;24.810000000000002;28.65;1.17;14.8;0.03;50.0;1.6099999999999999;55.665;;2024-01-29;10:00
32;Hauts-de-France;Données définitives;6904.0;1283.0;3680.0;164.5;2.0;0.0;128.5;44.0;0.0;0.0;1604.5;0.0;18.585;53.305;53.3;67.4;23.240000000000002;26.380000000000003;2.385;29.695;0.03;50.0;1.865;63.300000000000004;;2024-01-29;11:00
32;Hauts-de-France;Données définitives;6859.5;1198.0;3680.0;215.5;2.0;0.0;122.5;336.0;0.0;0.0;1304.5;0.0;17.465;49.769999999999996;53.650000000000006;67.4;19.009999999999998;21.45;3.145;38.894999999999996;0.03;50.0;1.7850000000000001;60.345;;2024-01-29;12:00
32;Hauts-de-France;Données définitives;6584.5;792.5;3681.5;228.5;2.0;0.0;127.0;648.5;0.0;0.0;1105.0;0.0;12.035;32.925;55.92;67.43;16.78;18.17;3.4699999999999998;41.245000000000005;0.03;50.0;1.9300000000000002;62.56;;2024-01-29;13:00
32;Hauts-de-France;Données définitives;6429.0;775.5;3682.5;185.0;2.0;0.0;130.0;523.5;0.0;0.0;1131.5;0.0;12.06;32.22;57.285;67.445;17.6;18.604999999999997;2.88;33.395;0.03;50.0;2.0199999999999996;64.04;;2024-01-29;14:00
32;Hauts-de-France;Données définitives;6361.0;947.0;3683.0;127.5;1.5;0.0;127.5;324.5;0.0;0.0;1150.5;0.0;14.89;39.345;57.905;67.45;18.085;18.915;2.005;23.015;0.025;37.5;2.005;62.805;;2024-01-29;15:00
32;Hauts-de-France;Données définitives;6276.5;883.5;3682.0;61.0;1.5;0.0;125.0;389.0;0.0;0.0;1134.5;0.0;14.07;36.705;58.665;67.44;18.08;18.65;0.97;11.01;0.025;37.5;1.99;61.575;;2024-01-29;16:00
32;Hauts-de-France;Données définitives;6259.5;919.5;3682.0;15.0;2.0;0.0;124.5;108.0;0.0;0.0;1409.0;0.0;14.665000000000001;38.2;58.83;67.44;22.494999999999997;23.165;0.24;2.705;0.03;50.0;1.99;61.33;;2024-01-29;17:00
32;Hauts-de-France;Données définitives;6596.5;1135.5;3680.5;0.0;2.0;0.0;122.0;-177.5;0.0;0.0;1835.0;0.0;17.195;47.175;55.81;67.41;27.799999999999997;30.169999999999998;0.0;0.0;0.03;50.0;1.85;60.1;;2024-01-29;18:00
32;Hauts-de-France;Données définitives;6733.0;1401.0;3677.0;0.0;2.0;0.0;125.0;-787.0;0.0;0.0;2316.0;0.0;20.810000000000002;58.205;54.61;67.345;34.395;38.08;0.0;0.0;0.03;50.0;1.855;61.58;;2024-01-29;19:00
32;Hauts-de-France;Données définitives;6610.5;1220.0;3674.5;0.0;2.0;0.0;126.0;-984.5;0.0;0.0;2573.0;0.0;18.445;50.69;55.605;67.30000000000001;38.945;42.305;0.0;0.0;0.03;50.0;1.905;62.07;;2024-01-29;20:00
32;Hauts-de-France;Données définitives;6221.0;920.0;3673.5;0.0;2.0;0.0;127.0;-1134.0;0.0;0.0;2633.5;0.0;14.774999999999999;38.22;59.09;67.28;42.364999999999995;43.3;0.0;0.0;0.03;50.0;2.045;62.56;;2024-01-29;21:00
32;Hauts-de-France;Données définitives;6025.5;861.5;3672.0;0.0;2.0;0.0;127.5;-1287.0;0.0;0.0;2653.0;0.0;14.3;35.79;60.94;67.25;44.03;43.620000000000005;0.0;0.0;0.03;50.0;2.12;62.805;;2024-01-29;22:00
32;Hauts-de-France;Données définitives;5901.0;1182.5;3672.5;0.0;2.0;0.0;130.0;-1576.0;0.0;0.0;2490.5;0.0;20.04;49.129999999999995;62.235;67.25999999999999;42.205;40.95;0.0;0.0;0.03;50.0;2.2;64.03999999999999;;2024-01-29;23:00
32;Hauts-de-France;Données définitives;6184.0;756.0;3650.0;0.0;2.0;0.0;132.0;-2231.0;0.0;0.0;3879.0;0.0;12.225;31.410000000000004;59.025000000000006;66.85;62.72;63.78;0.0;0.0;0.03;50.0;2.135;65.025;;2024-02-14;00:00
32;Hauts-de-France;Données définitives;5919.0;694.5;3654.5;0.0;2.0;0.0;133.0;-2192.0;0.0;0.0;3629.5;0.0;11.73;28.855;61.739999999999995;66.93;61.325;59.675;0.0;0.0;0.03;50.0;2.245;65.52;;2024-02-14;01:00
32;Hauts-de-France;Données définitives;5736.0;792.5;3658.0;0.0;2.0;0.0;136.0;-2263.0;0.0;0.0;3407.0;0.0;13.82;32.925;63.775000000000006;67.0;59.39;56.019999999999996;0.0;0.0;0.035;50.0;2.375;67.0;;2024-02-14;02:00
32;Hauts-de-France;Données définitives;5400.5;805.5;3658.0;0.0;2.0;0.0;133.0;-2401.5;0.0;0.0;3203.5;0.0;14.93;33.465;67.755;67.0;59.335;52.675;0.0;0.0;0.04;50.0;2.465;65.515;;2024-02-14;03:00
32;Hauts-de-France;Données définitives;5274.5;797.5;3658.0;0.0;2.0;0.0;133.0;-2423.0;0.0;0.0;3110.0;0.0;15.120000000000001;33.129999999999995;69.35;67.0;58.965;51.129999999999995;0.0;0.0;0.04;50.0;2.52;65.515;;2024-02-14;04:00
32;Hauts-de-France;Données définitives;5323.5;778.0;3658.0;0.0;2.0;0.0;134.5;-2175.0;0.0;0.0;2926.5;0.0;14.629999999999999;32.32;68.73;67.0;55.0;48.114999999999995;0.0;0.0;0.04;50.0;2.5300000000000002;66.255;;2024-02-14;05:00
32;Hauts-de-France;Données définitives;5559.5;742.5;3657.5;0.0;2.0;0.0;133.5;-1780.5;0.0;0.0;2803.5;0.0;13.305;30.85;65.83;66.99000000000001;50.47;46.095;0.0;0.0;0.04;50.0;2.4000000000000004;65.765;;2024-02-14;06:00
32;Hauts-de-France;Données définitives;6056.0;1135.5;3655.0;0.0;2.0;0.0;133.0;-1651.0;0.0;0.0;2782.0;0.0;18.8;47.175;60.425;66.94;45.97;45.739999999999995;0.0;0.0;0.03;50.0;2.2;65.515;;2024-02-14;07:00
32;Hauts-de-France;Données définitives;6347.5;1131.5;3652.0;0.0;2.0;0.0;131.5;-1576.0;0.0;0.0;3008.0;0.0;17.82;47.005;57.535;66.89;47.385;49.46;0.0;0.0;0.03;50.0;2.075;64.78;;2024-02-14;08:00
32;Hauts-de-France;Données définitives;6549.5;1242.5;3648.0;6.0;2.0;0.0;132.0;-1661.5;0.0;0.0;3185.5;0.0;18.97;51.620000000000005;55.7;66.81;48.635000000000005;52.375;0.095;1.08;0.03;50.0;2.0149999999999997;65.02;;2024-02-14;09:00
32;Hauts-de-France;Données définitives;6518.0;1266.5;3645.0;17.5;2.0;0.0;131.5;-1895.0;0.0;0.0;3353.5;0.0;19.43;52.620000000000005;55.925;66.76;51.455;55.135;0.27;3.16;0.03;50.0;2.02;64.78;;2024-02-14;10:00
32;Hauts-de-France;Données définitives;6521.5;1150.5;3645.5;40.5;2.0;0.0;129.5;-1771.0;0.0;0.0;3324.0;0.0;17.645;47.8;55.905;66.77000000000001;50.974999999999994;54.655;0.62;7.3100000000000005;0.03;50.0;1.9849999999999999;63.79;;2024-02-14;11:00
32;Hauts-de-France;Données définitives;6607.5;986.0;3647.5;51.0;2.0;0.0;130.5;-1436.0;0.0;0.0;3223.5;0.0;14.920000000000002;40.965;55.205;66.80000000000001;48.785;53.0;0.775;9.205;0.03;50.0;1.975;64.285;;2024-02-14;12:00
32;Hauts-de-France;Données définitives;6433.5;780.0;3549.5;47.0;2.0;0.0;130.0;-1274.0;0.0;0.0;3206.0;0.0;12.129999999999999;32.405;55.185;65.01;49.845;52.71;0.73;8.48;0.03;50.0;2.025;64.04;;2024-02-14;13:00
32;Hauts-de-France;Données définitives;6284.5;655.0;3603.0;50.5;2.0;0.0;130.5;-1130.5;0.0;0.0;2974.5;0.0;10.435;27.21;57.34;65.99;47.32;48.905;0.8049999999999999;9.115;0.03;50.0;2.075;64.285;;2024-02-14;14:00
32;Hauts-de-France;Données définitives;6167.0;755.0;3660.0;57.0;2.0;0.0;127.0;-949.5;0.0;0.0;2512.5;0.0;12.245000000000001;31.365;59.345;67.03;40.739999999999995;41.31;0.9199999999999999;10.29;0.03;50.0;2.06;62.56;;2024-02-14;15:00
32;Hauts-de-France;Données définitives;6029.0;862.0;3627.5;41.0;2.0;0.0;126.5;-692.0;0.0;0.0;2059.5;0.0;14.295;35.815;60.17;66.435;34.16;33.86;0.6799999999999999;7.4;0.03;50.0;2.0999999999999996;62.315;;2024-02-14;16:00
32;Hauts-de-France;Données définitives;6008.5;919.0;3613.5;17.5;2.0;0.0;130.0;-572.5;0.0;0.0;1900.5;0.0;15.295;38.18;60.14;66.185;31.63;31.25;0.295;3.16;0.03;50.0;2.16;64.03999999999999;;2024-02-14;17:00
32;Hauts-de-France;Données définitives;6213.5;1292.5;3603.0;1.0;2.0;0.0;126.0;-655.5;0.0;0.0;1846.5;0.0;20.78;53.695;58.025000000000006;65.985;29.745;30.36;0.015;0.18;0.03;50.0;2.025;62.07000000000001;;2024-02-14;18:00
32;Hauts-de-France;Données définitives;6511.0;1385.0;3613.0;0.0;2.0;0.0;132.0;-624.0;0.0;0.0;2004.5;0.0;21.27;57.54;55.489999999999995;66.17500000000001;30.784999999999997;32.955;0.0;0.0;0.03;50.0;2.025;65.025;;2024-02-14;19:00
32;Hauts-de-France;Données définitives;6359.5;1384.5;3651.0;0.0;2.0;0.0;137.0;-1026.5;0.0;0.0;2212.5;0.0;21.79;57.519999999999996;57.45;66.87;34.82;36.375;0.0;0.0;0.03;50.0;2.16;67.49;;2024-02-14;20:00
32;Hauts-de-France;Données définitives;5940.5;1365.5;3635.0;0.0;2.0;0.0;139.5;-1523.5;0.0;0.0;2320.0;0.0;22.990000000000002;56.730000000000004;61.21;66.57499999999999;39.075;38.144999999999996;0.0;0.0;0.03;50.0;2.3449999999999998;68.72;;2024-02-14;21:00
32;Hauts-de-France;Données définitives;5772.5;1299.5;3576.0;0.0;2.0;0.0;141.0;-1560.0;0.0;0.0;2315.0;0.0;22.505;53.99;61.955;65.495;40.105000000000004;38.06;0.0;0.0;0.03;50.0;2.4450000000000003;69.46000000000001;;2024-02-14;22:00
32;Hauts-de-France;Données définitives;5647.5;1218.0;3575.5;0.0;2.0;0.0;142.5;-1831.5;0.0;0.0;2543.5;0.0;21.57;50.605000000000004;63.31;65.48500000000001;45.045;41.82;0.0;0.0;0.04;50.0;2.525;70.195;;2024-02-14;23:00
32;Hauts-de-France;Données définitives;5754.0;608.0;4439.5;0.0;2.0;0.0;140.0;-1195.5;0.0;0.0;1759.5;0.0;10.57;25.26;77.155;81.31;30.58;28.93;0.0;0.0;0.03;50.0;2.435;68.97;;2024-03-14;00:00
32;Hauts-de-France;Données définitives;5467.5;376.5;4445.5;0.0;2.0;0.0;141.0;-1315.0;0.0;0.0;1816.5;0.0;6.885;15.645;81.31;81.42;33.225;29.865;0.0;0.0;0.04;50.0;2.58;69.46;;2024-03-14;01:00
32;Hauts-de-France;Données définitives;5303.5;373.5;4449.0;0.0;2.0;0.0;140.0;-1346.5;0.0;0.0;1684.5;0.0;7.045;15.515;83.895;81.48;31.765;27.695;0.0;0.0;0.04;50.0;2.6399999999999997;68.965;;2024-03-14;02:00
32;Hauts-de-France;Données définitives;5074.5;395.0;4450.0;0.0;2.0;0.0;139.0;-1615.0;0.0;0.0;1696.0;0.0;7.785;16.41;87.695;81.5;33.42;27.884999999999998;0.0;0.0;0.04;50.0;2.74;68.47;;2024-03-14;03:00
32;Hauts-de-France;Données définitives;4920.0;378.5;4450.5;0.0;2.0;0.0;139.5;-1744.0;0.0;0.0;1687.5;0.0;7.695;15.725000000000001;90.46000000000001;81.50999999999999;34.3;27.745;0.0;0.0;0.04;50.0;2.835;68.72;;2024-03-14;04:00
32;Hauts-de-France;Données définitives;5006.5;387.5;4450.0;0.0;2.0;0.0;137.0;-1550.0;0.0;0.0;1583.0;0.0;7.74;16.1;88.92500000000001;81.5;31.630000000000003;26.03;0.0;0.0;0.04;50.0;2.74;67.49000000000001;;2024-03-14;05:00
32;Hauts-de-France;Données définitives;5379.5;416.5;4448.0;0.0;2.0;0.0;134.0;-1276.5;0.0;0.0;1661.5;0.0;7.73;17.305;82.85;81.465;30.935000000000002;27.32;0.0;0.0;0.04;50.0;2.5;66.00999999999999;;2024-03-14;06:00
32;Hauts-de-France;Données définitives;5864.0;427.0;4444.5;1.5;2.0;0.0;132.5;-763.0;0.0;0.0;1625.0;0.0;7.295;17.74;75.82;81.4;27.73;26.715000000000003;0.025;0.27;0.03;50.0;2.26;65.27;;2024-03-14;07:00
32;Hauts-de-France;Données définitives;6039.5;439.5;4420.0;51.5;2.0;0.0;129.0;-518.5;0.0;0.0;1520.5;0.0;7.28;18.259999999999998;73.185;80.955;25.17;25.0;0.855;9.295;0.03;50.0;2.1399999999999997;63.545;;2024-03-14;08:00
32;Hauts-de-France;Données définitives;5990.5;429.5;4413.0;144.0;2.0;0.0;129.0;-327.5;0.0;0.0;1207.0;0.0;7.165;17.84;73.68;80.825;20.134999999999998;19.845;2.41;25.990000000000002;0.03;50.0;2.1500000000000004;63.55;;2024-03-14;09:00
32;Hauts-de-France;Données définitives;5762.5;417.0;4410.0;264.0;2.0;0.0;129.5;-398.5;0.0;0.0;937.0;0.0;7.234999999999999;17.325;76.535;80.77;16.25;15.41;4.585;47.655;0.03;50.0;2.245;63.795;;2024-03-14;10:00
32;Hauts-de-France;Données définitives;5636.5;438.0;4409.5;350.0;2.0;0.0;129.0;-566.5;0.0;0.0;868.0;0.0;7.77;18.2;78.235;80.75999999999999;15.399999999999999;14.275;6.21;63.18;0.04;50.0;2.29;63.55;;2024-03-14;11:00
32;Hauts-de-France;Données définitives;5669.5;433.0;4412.0;367.0;2.0;0.0;132.0;-631.5;0.0;0.0;951.5;0.0;7.635;17.990000000000002;77.825;80.805;16.79;15.645;6.47;66.245;0.035;50.0;2.33;65.025;;2024-03-14;12:00
32;Hauts-de-France;Données définitives;5626.5;399.0;4418.0;323.0;2.0;0.0;130.5;-616.5;0.0;0.0;971.0;0.0;7.095000000000001;16.58;78.545;80.91499999999999;17.27;15.965;5.74;58.305;0.035;50.0;2.32;64.285;;2024-03-14;13:00
32;Hauts-de-France;Données définitives;5444.0;396.0;4423.5;280.0;2.0;0.0;133.0;-773.0;0.0;0.0;987.5;0.0;7.275;16.45;81.255;81.02000000000001;18.14;16.235;5.145;50.54;0.04;50.0;2.4450000000000003;65.515;;2024-03-14;14:00
32;Hauts-de-France;Données définitives;5305.0;411.5;4423.5;215.5;2.0;0.0;137.0;-948.0;0.0;0.0;1070.5;0.0;7.755;17.095;83.385;81.02000000000001;20.18;17.6;4.0600000000000005;38.900000000000006;0.04;50.0;2.58;67.49000000000001;;2024-03-14;15:00
32;Hauts-de-France;Données définitives;5216.5;434.0;4423.0;145.5;2.0;0.0;136.0;-1004.0;0.0;0.0;1075.0;0.0;8.32;18.03;84.78999999999999;81.01;20.605;17.674999999999997;2.79;26.265;0.04;50.0;2.61;66.995;;2024-03-14;16:00
32;Hauts-de-France;Données définitives;5160.5;425.0;4435.0;89.5;2.0;0.0;135.5;-1073.5;0.0;0.0;1142.0;0.0;8.235;17.66;85.96000000000001;81.23;22.11;18.775;1.74;16.155;0.04;50.0;2.63;66.75;;2024-03-14;17:00
32;Hauts-de-France;Données définitives;5366.0;421.5;4447.0;37.0;2.0;0.0;136.0;-945.0;0.0;0.0;1265.0;0.0;7.855;17.515;82.91;81.45;23.575;20.8;0.695;6.68;0.04;50.0;2.535;66.995;;2024-03-14;18:00
32;Hauts-de-France;Données définitives;5711.5;442.5;4444.5;2.5;2.0;0.0;136.0;-997.5;0.0;0.0;1680.0;0.0;7.75;18.38;77.82;81.4;29.405;27.62;0.045;0.45;0.035;50.0;2.38;67.0;;2024-03-14;19:00
32;Hauts-de-France;Données définitives;5808.5;433.0;4441.0;0.0;2.0;0.0;138.0;-1693.0;0.0;0.0;2491.5;0.0;7.449999999999999;17.985;76.46000000000001;81.34;42.925;40.965;0.0;0.0;0.03;50.0;2.375;67.97999999999999;;2024-03-14;20:00
32;Hauts-de-France;Données définitives;5436.0;440.0;4436.5;0.0;2.0;0.0;137.5;-2512.0;0.0;0.0;2937.5;0.0;8.094999999999999;18.28;81.645;81.255;54.075;48.3;0.0;0.0;0.04;50.0;2.53;67.735;;2024-03-14;21:00
32;Hauts-de-France;Données définitives;5326.5;442.0;4433.5;0.0;2.0;0.0;140.0;-2695.5;0.0;0.0;3006.0;0.0;8.295000000000002;18.365000000000002;83.235;81.19999999999999;56.435;49.425;0.0;0.0;0.04;50.0;2.63;68.965;;2024-03-14;22:00
32;Hauts-de-France;Données définitives;5247.0;433.5;4433.0;0.0;2.0;0.0;140.0;-2916.5;0.0;0.0;3158.0;0.0;8.265;18.009999999999998;84.495;81.19;60.21;51.925;0.0;0.0;0.04;50.0;2.665;68.97;;2024-03-14;23:00
32;Hauts-de-France;Données définitives;5595.5;127.0;3547.0;0.0;2.0;0.0;102.5;633.0;0.0;0.0;1181.5;0.0;2.2750000000000004;5.275;63.41;64.96000000000001;21.11;19.425;0.0;0.0;0.04;50.0;1.83;50.495000000000005;;2024-04-17;00:00
32;Hauts-de-France;Données définitives;5249.0;129.5;3478.5;0.0;2.0;0.0;104.5;504.5;0.0;0.0;1031.0;0.0;2.4699999999999998;5.380000000000001;66.27;63.71;19.64;16.95;0.0;0.0;0.04;50.0;1.99;51.474999999999994;;2024-04-17;01:00
32;Hauts-de-France;Données définitives;5073.5;128.5;3518.0;0.0;2.0;0.0;104.0;424.5;0.0;0.0;897.0;0.0;2.535;5.34;69.345;64.435;17.68;14.75;0.0;0.0;0.04;50.0;2.05;51.23;;2024-04-17;02:00
32;Hauts-de-France;Données définitives;4948.5;126.0;3472.5;0.0;2.0;0.0;104.0;471.5;0.0;0.0;772.0;0.0;2.545;5.235;70.17;63.599999999999994;15.600000000000001;12.69;0.0;0.0;0.04;50.0;2.105;51.230000000000004;;2024-04-17;03:00
32;Hauts-de-France;Données définitives;4804.5;126.0;3468.5;0.0;2.0;0.0;104.0;286.0;0.0;0.0;817.5;0.0;2.62;5.23;72.19;63.525;17.015;13.445;0.0;0.0;0.04;50.0;2.165;51.23;;2024-04-17;04:00
32;Hauts-de-France;Données définitives;4928.5;128.0;3489.0;0.0;2.0;0.0;104.5;294.5;0.0;0.0;912.0;0.0;2.6;5.315;70.805;63.9;18.494999999999997;14.995;0.0;0.0;0.04;50.0;2.12;51.474999999999994;;2024-04-17;05:00
32;Hauts-de-France;Données définitives;5279.5;131.0;3503.0;0.0;2.0;0.0;101.5;471.5;0.0;0.0;1070.5;0.0;2.4850000000000003;5.44;66.435;64.16;20.27;17.605;0.0;0.0;0.04;50.0;1.925;50.0;;2024-04-17;06:00
32;Hauts-de-France;Données définitives;5697.5;129.5;3583.5;2.5;2.0;0.0;102.0;787.5;0.0;0.0;1089.5;0.0;2.275;5.380000000000001;62.925;65.63;19.14;17.915;0.045;0.45;0.035;50.0;1.79;50.245000000000005;;2024-04-17;07:00
32;Hauts-de-France;Données définitives;5998.5;136.5;3609.0;38.0;2.0;0.0;102.0;1202.5;0.0;0.0;906.5;0.0;2.2750000000000004;5.67;60.165;66.1;15.100000000000001;14.905000000000001;0.635;6.86;0.03;50.0;1.7;50.25;;2024-04-17;08:00
32;Hauts-de-France;Données définitives;6006.0;136.5;3609.0;126.5;2.0;0.0;101.0;1351.5;0.0;0.0;680.0;0.0;2.27;5.67;60.09;66.1;11.325;11.18;2.105;22.835;0.03;50.0;1.68;49.75;;2024-04-17;09:00
32;Hauts-de-France;Données définitives;6008.0;133.5;3608.0;228.5;2.0;0.0;92.0;1101.5;0.0;0.0;843.5;0.0;2.22;5.545;60.05;66.08;14.04;13.870000000000001;3.8049999999999997;41.245000000000005;0.03;50.0;1.5350000000000001;45.32;;2024-04-17;10:00
32;Hauts-de-France;Données définitives;5962.5;127.5;3606.0;292.0;2.0;0.0;95.5;725.5;0.0;0.0;1115.0;0.0;2.14;5.295;60.480000000000004;66.04;18.695;18.335;4.895;52.71;0.03;50.0;1.605;47.045;;2024-04-17;11:00
32;Hauts-de-France;Données définitives;6130.0;124.5;3574.0;326.0;2.0;0.0;103.0;534.0;0.0;0.0;1473.5;0.0;2.03;5.17;58.305;65.46000000000001;24.02;24.225;5.3149999999999995;58.845;0.03;50.0;1.68;50.74;;2024-04-17;12:00
32;Hauts-de-France;Données définitives;6152.0;125.0;3547.5;274.0;2.0;0.0;106.0;96.0;0.0;0.0;2001.5;0.0;2.03;5.19;57.665000000000006;64.97;32.53;32.910000000000004;4.449999999999999;49.46;0.03;50.0;1.725;52.22;;2024-04-17;13:00
32;Hauts-de-France;Données définitives;5953.5;126.5;3542.0;245.5;2.0;0.0;100.5;-548.5;0.0;0.0;2484.5;0.0;2.125;5.255000000000001;59.495000000000005;64.87;41.730000000000004;40.849999999999994;4.125;44.315;0.03;50.0;1.69;49.504999999999995;;2024-04-17;14:00
32;Hauts-de-France;Données définitives;5778.5;128.0;3489.5;272.5;2.0;0.0;105.5;-686.0;0.0;0.0;2467.5;0.0;2.215;5.32;60.39;63.915000000000006;42.7;40.57;4.71;49.19;0.03;50.0;1.8250000000000002;51.97;;2024-04-17;15:00
32;Hauts-de-France;Données définitives;5641.0;129.0;3062.5;229.0;2.0;0.0;99.5;-164.0;0.0;0.0;2281.5;0.0;2.285;5.36;54.285;56.09;40.44;37.515;4.0600000000000005;41.335;0.04;50.0;1.7650000000000001;49.015;;2024-04-17;16:00
32;Hauts-de-France;Données définitives;5559.0;136.5;2867.5;187.5;2.0;0.0;106.5;251.5;0.0;0.0;2005.5;0.0;2.455;5.67;51.585;52.515;36.075;32.975;3.375;33.845;0.04;50.0;1.915;52.46;;2024-04-17;17:00
32;Hauts-de-France;Données définitives;5721.0;138.0;2867.0;134.5;2.0;0.0;104.0;608.5;0.0;0.0;1864.0;0.0;2.415;5.73;50.129999999999995;52.51;32.615;30.645000000000003;2.355;24.28;0.035;50.0;1.82;51.230000000000004;;2024-04-17;18:00
32;Hauts-de-France;Données définitives;5860.5;136.5;3151.0;76.5;2.0;0.0;106.0;831.5;0.0;0.0;1559.0;0.0;2.33;5.67;53.75;57.71;26.61;25.630000000000003;1.31;13.809999999999999;0.03;50.0;1.81;52.215;;2024-04-17;19:00
32;Hauts-de-France;Données définitives;5962.5;147.5;3529.5;22.0;2.0;0.0;108.5;1018.0;0.0;0.0;1140.0;0.0;2.4699999999999998;6.125;59.22;64.64500000000001;19.075000000000003;18.744999999999997;0.365;3.9749999999999996;0.03;50.0;1.82;53.445;;2024-04-17;20:00
32;Hauts-de-France;Données définitives;5760.0;134.5;3556.5;0.5;2.0;0.0;107.5;1341.5;0.0;0.0;619.5;0.0;2.335;5.59;61.75;65.13499999999999;10.75;10.185;0.01;0.09;0.03;50.0;1.865;52.955;;2024-04-17;21:00
32;Hauts-de-France;Données définitives;5765.5;125.0;3556.5;0.0;2.0;0.0;106.5;1685.5;0.0;0.0;288.0;0.0;2.17;5.19;61.69;65.13499999999999;4.984999999999999;4.735;0.0;0.0;0.03;50.0;1.8450000000000002;52.465;;2024-04-17;22:00
32;Hauts-de-France;Données définitives;5580.0;127.0;3565.0;0.0;2.0;0.0;106.5;1581.0;0.0;0.0;198.5;0.0;2.275;5.275;63.89;65.28999999999999;3.555;3.265;0.0;0.0;0.04;50.0;1.9049999999999998;52.465;;2024-04-17;23:00
32;Hauts-de-France;Données définitives;4489.0;178.0;4013.0;0.0;2.0;0.0;114.0;-885.0;0.0;0.0;1064.5;0.0;3.965;7.395;89.42500000000001;73.5;23.73;17.505000000000003;0.0;0.0;0.045;50.0;2.54;56.16;;2024-05-13;00:00
32;Hauts-de-France;Données définitives;4296.0;180.0;3999.0;0.0;2.0;0.0;119.0;-1066.5;0.0;0.0;1064.0;0.0;4.1899999999999995;7.48;93.09;73.24000000000001;24.765;17.495;0.0;0.0;0.05;50.0;2.7699999999999996;58.62;;2024-05-13;01:00
32;Hauts-de-France;Données définitives;4156.0;127.0;3877.0;0.0;2.0;0.0;120.0;-849.0;0.0;0.0;880.5;0.0;3.0500000000000003;5.2749999999999995;93.275;71.00999999999999;21.185000000000002;14.475;0.0;0.0;0.05;50.0;2.885;59.11;;2024-05-13;02:00
32;Hauts-de-France;Données définitives;3947.5;67.0;3721.0;0.0;2.0;0.0;121.0;-661.0;0.0;0.0;695.0;0.0;1.7;2.78;94.285;68.15;17.595;11.43;0.0;0.0;0.05;50.0;3.065;59.61;;2024-05-13;03:00
32;Hauts-de-France;Données définitives;3842.0;67.5;3682.0;0.0;2.0;0.0;120.0;-577.0;0.0;0.0;550.0;0.0;1.755;2.8049999999999997;95.84;67.435;14.325;9.045;0.0;0.0;0.05;50.0;3.125;59.114999999999995;;2024-05-13;04:00
32;Hauts-de-France;Données définitives;3956.5;68.0;3856.5;0.0;2.0;0.0;120.5;-398.5;0.0;0.0;314.5;0.0;1.72;2.83;97.475;70.63;7.97;5.17;0.0;0.0;0.05;50.0;3.045;59.36;;2024-05-13;05:00
32;Hauts-de-France;Données définitives;4205.5;68.0;4089.0;0.0;2.0;0.0;120.0;-252.5;0.0;0.0;174.5;0.0;1.62;2.83;97.255;74.89;4.15;2.87;0.0;0.0;0.05;50.0;2.8499999999999996;59.11;;2024-05-13;06:00
32;Hauts-de-France;Données définitives;4607.5;67.5;4248.5;11.5;2.0;0.0;118.5;-64.0;0.0;0.0;218.5;0.0;1.47;2.8049999999999997;92.25;77.815;4.734999999999999;3.5949999999999998;0.245;2.075;0.04;50.0;2.575;58.375;;2024-05-13;07:00
32;Hauts-de-France;Données définitives;4806.0;65.0;4304.5;43.5;2.0;0.0;119.0;3.0;0.0;0.0;272.5;0.0;1.355;2.7;89.58;78.84;5.665;4.48;0.905;7.8549999999999995;0.04;50.0;2.4749999999999996;58.620000000000005;;2024-05-13;08:00
32;Hauts-de-France;Données définitives;4920.0;65.0;4302.0;60.5;2.0;0.0;119.0;27.0;0.0;0.0;345.5;0.0;1.3250000000000002;2.7;87.44;78.78999999999999;7.02;5.68;1.23;10.92;0.04;50.0;2.42;58.62;;2024-05-13;09:00
32;Hauts-de-France;Données définitives;4902.5;63.0;4232.5;92.0;2.0;0.0;118.0;-37.0;0.0;0.0;434.0;0.0;1.2850000000000001;2.615;86.365;77.52000000000001;8.85;7.135;1.875;16.605;0.04;50.0;2.41;58.129999999999995;;2024-05-13;10:00
32;Hauts-de-France;Données définitives;5041.0;61.5;3862.5;135.5;2.0;0.0;120.0;368.5;0.0;0.0;492.5;0.0;1.22;2.555;76.64;70.745;9.77;8.100000000000001;2.69;24.46;0.04;50.0;2.38;59.11;;2024-05-13;11:00
32;Hauts-de-France;Données définitives;5172.0;64.0;3710.5;162.0;2.0;0.0;119.5;684.5;0.0;0.0;427.0;0.0;1.24;2.66;71.745;67.96000000000001;8.245000000000001;7.025;3.13;29.240000000000002;0.04;50.0;2.3099999999999996;58.864999999999995;;2024-05-13;12:00
32;Hauts-de-France;Données définitives;5179.5;64.0;3724.5;172.0;2.0;0.0;119.5;589.5;0.0;0.0;508.5;0.0;1.2349999999999999;2.66;71.91499999999999;68.215;9.829999999999998;8.36;3.32;31.05;0.04;50.0;2.3049999999999997;58.864999999999995;;2024-05-13;13:00
32;Hauts-de-France;Données définitives;5091.5;63.0;3703.5;164.0;2.0;0.0;119.5;370.0;0.0;0.0;670.0;0.0;1.24;2.62;72.74000000000001;67.83000000000001;13.16;11.02;3.2199999999999998;29.605;0.04;50.0;2.3449999999999998;58.864999999999995;;2024-05-13;14:00
32;Hauts-de-France;Données définitives;4927.0;63.0;3722.0;190.5;2.0;0.0;120.5;-136.0;0.0;0.0;967.0;0.0;1.28;2.62;75.555;68.16999999999999;19.685;15.9;3.88;34.39;0.04;50.0;2.4450000000000003;59.36;;2024-05-13;15:00
32;Hauts-de-France;Données définitives;4836.5;63.5;3721.0;258.0;2.0;0.0;120.0;-679.0;0.0;0.0;1353.5;0.0;1.31;2.64;76.94;68.15;27.985;22.255000000000003;5.335;46.57;0.04;50.0;2.48;59.11;;2024-05-13;16:00
32;Hauts-de-France;Données définitives;4708.5;64.0;3811.5;267.0;2.0;0.0;119.5;-896.5;0.0;0.0;1338.0;0.0;1.36;2.66;80.94999999999999;69.805;28.425;22.0;5.67;48.195;0.04;50.0;2.54;58.864999999999995;;2024-05-13;17:00
32;Hauts-de-France;Données définitives;4821.5;64.0;4106.0;225.5;2.0;0.0;118.5;-909.5;0.0;0.0;1214.5;0.0;1.3250000000000002;2.66;85.16499999999999;75.205;25.185000000000002;19.97;4.675;40.705;0.04;50.0;2.46;58.375;;2024-05-13;18:00
32;Hauts-de-France;Données définitives;5009.0;64.5;4271.5;132.5;2.0;0.0;121.5;-582.0;0.0;0.0;994.5;0.0;1.2850000000000001;2.68;85.275;78.23;19.86;16.35;2.65;23.915;0.04;50.0;2.425;59.855000000000004;;2024-05-13;19:00
32;Hauts-de-France;Données définitives;4905.5;67.0;4298.0;43.0;2.0;0.0;122.0;-376.0;0.0;0.0;752.0;0.0;1.37;2.785;87.64;78.715;15.31;12.365;0.87;7.76;0.04;50.0;2.49;60.1;;2024-05-13;20:00
32;Hauts-de-France;Données définitives;4606.0;68.0;4318.0;5.5;2.0;0.0;122.5;-500.5;0.0;0.0;593.5;0.0;1.48;2.83;93.765;79.08;12.89;9.76;0.11499999999999999;0.995;0.04;50.0;2.66;60.345;;2024-05-13;21:00
32;Hauts-de-France;Données définitives;4618.0;68.0;4314.0;0.0;2.0;0.0;121.0;-655.5;0.0;0.0;775.0;0.0;1.47;2.83;93.42500000000001;79.00999999999999;16.8;12.745000000000001;0.0;0.0;0.04;50.0;2.62;59.605000000000004;;2024-05-13;22:00
32;Hauts-de-France;Données définitives;4604.0;69.0;4313.5;0.0;2.0;0.0;121.0;-1104.5;0.0;0.0;1208.0;0.0;1.5;2.87;93.695;79.0;26.259999999999998;19.865000000000002;0.0;0.0;0.04;50.0;2.63;59.61;;2024-05-13;23:00
32;Hauts-de-France;Données définitives;4980.5;153.5;4473.0;0.0;1.0;0.0;125.0;-98.0;0.0;0.0;326.0;0.0;3.085;6.380000000000001;89.81;81.925;6.545;5.36;0.0;0.0;0.02;25.0;2.51;61.58;;2024-06-11;00:00
32;Hauts-de-France;Données définitives;4660.0;155.0;4444.5;0.0;1.0;0.0;126.0;-302.0;0.0;0.0;240.5;0.0;3.33;6.44;95.375;81.4;5.16;3.955;0.0;0.0;0.02;25.0;2.705;62.07;;2024-06-11;01:00
32;Hauts-de-France;Données définitives;4460.0;160.5;4317.5;0.0;1.0;0.0;126.5;-352.5;0.0;0.0;205.0;0.0;3.5999999999999996;6.664999999999999;96.81;79.075;4.595000000000001;3.37;0.0;0.0;0.02;25.0;2.835;62.315;;2024-06-11;02:00
32;Hauts-de-France;Données définitives;4267.0;155.5;4348.5;0.0;1.0;0.0;124.0;-566.5;0.0;0.0;202.0;0.0;3.645;6.46;101.91;79.645;4.734999999999999;3.32;0.0;0.0;0.02;25.0;2.9050000000000002;61.085;;2024-06-11;03:00
32;Hauts-de-France;Données définitives;4116.0;145.0;4375.0;0.0;1.0;0.0;124.5;-709.0;0.0;0.0;181.0;0.0;3.52;6.025;106.295;80.125;4.395;2.975;0.0;0.0;0.02;25.0;3.025;61.33;;2024-06-11;04:00
32;Hauts-de-France;Données définitives;4157.0;145.0;4313.5;0.0;1.0;0.0;123.5;-576.0;0.0;0.0;151.5;0.0;3.49;6.025;103.78;79.005;3.645;2.49;0.0;0.0;0.02;25.0;2.9699999999999998;60.835;;2024-06-11;05:00
32;Hauts-de-France;Données définitives;4427.0;149.5;4384.5;4.5;1.0;0.0;123.0;-355.5;0.0;0.0;120.0;0.0;3.375;6.210000000000001;99.11;80.3;2.7199999999999998;1.975;0.09999999999999999;0.8099999999999999;0.02;25.0;2.7800000000000002;60.59;;2024-06-11;06:00
32;Hauts-de-France;Données définitives;4724.0;150.0;4445.0;36.0;1.0;0.0;121.5;-98.0;0.0;0.0;69.0;0.0;3.175;6.235;94.12;81.41;1.4649999999999999;1.1300000000000001;0.755;6.495;0.02;25.0;2.5700000000000003;59.855000000000004;;2024-06-11;07:00
32;Hauts-de-France;Données définitives;4946.0;139.5;4536.0;115.5;1.0;0.0;122.0;8.0;0.0;0.0;25.0;0.0;2.8200000000000003;5.795;91.715;83.08;0.505;0.41000000000000003;2.33;20.85;0.02;25.0;2.465;60.1;;2024-06-11;08:00
32;Hauts-de-France;Données définitives;5027.0;138.5;4492.0;218.0;1.0;0.0;120.0;51.0;0.0;0.0;14.0;0.0;2.755;5.755000000000001;89.375;82.275;0.28;0.22999999999999998;4.33;39.35;0.02;25.0;2.39;59.11;;2024-06-11;09:00
32;Hauts-de-France;Données définitives;5034.0;136.5;4398.0;273.5;1.0;0.0;116.0;83.0;0.0;0.0;37.5;0.0;2.71;5.67;87.38;80.55000000000001;0.745;0.62;5.4350000000000005;49.370000000000005;0.02;25.0;2.3049999999999997;57.14;;2024-06-11;10:00
32;Hauts-de-France;Données définitives;5158.5;133.0;4269.0;304.5;1.0;0.0;114.0;228.0;0.0;0.0;97.0;0.0;2.58;5.525;82.8;78.19;1.875;1.595;5.904999999999999;54.965;0.02;25.0;2.21;56.16;;2024-06-11;11:00
32;Hauts-de-France;Données définitives;5265.0;131.0;3826.0;292.0;1.0;0.0;112.0;623.0;0.0;0.0;271.0;0.0;2.485;5.445;72.67;70.07;5.14;4.455;5.55;52.71;0.02;25.0;2.13;55.17;;2024-06-11;12:00
32;Hauts-de-France;Données définitives;5351.5;139.5;3800.0;279.0;1.0;0.0;114.5;250.0;0.0;0.0;767.5;0.0;2.605;5.795;71.00999999999999;69.6;14.344999999999999;12.62;5.21;50.36;0.02;25.0;2.1399999999999997;56.405;;2024-06-11;13:00
32;Hauts-de-France;Données définitives;5188.5;140.0;3746.0;247.0;1.0;0.0;115.5;-43.0;0.0;0.0;986.0;0.0;2.7;5.82;72.275;68.605;19.0;16.215;4.76;44.585;0.02;25.0;2.23;56.894999999999996;;2024-06-11;14:00
32;Hauts-de-France;Données définitives;5005.0;129.5;3915.5;226.5;1.0;0.0;117.0;-189.5;0.0;0.0;806.5;0.0;2.585;5.380000000000001;78.22999999999999;71.715;16.115000000000002;13.260000000000002;4.525;40.885000000000005;0.02;25.0;2.335;57.64;;2024-06-11;15:00
32;Hauts-de-France;Données définitives;4919.0;132.0;3900.5;228.5;1.0;0.0;119.5;-132.5;0.0;0.0;669.5;0.0;2.6799999999999997;5.485;79.29499999999999;71.44;13.61;11.01;4.645;41.245000000000005;0.02;25.0;2.43;58.864999999999995;;2024-06-11;16:00
32;Hauts-de-France;Données définitives;4852.0;130.5;3902.5;241.0;1.0;0.0;122.0;-12.5;0.0;0.0;469.5;0.0;2.69;5.42;80.44;71.475;9.665;7.720000000000001;4.97;43.5;0.02;25.0;2.5149999999999997;60.095;;2024-06-11;17:00
32;Hauts-de-France;Données définitives;4921.0;131.5;3914.5;195.5;1.0;0.0;126.5;208.0;0.0;0.0;345.5;0.0;2.675;5.460000000000001;79.57;71.695;7.025;5.68;3.9749999999999996;35.285;0.02;25.0;2.575;62.315;;2024-06-11;18:00
32;Hauts-de-France;Données définitives;5091.5;132.5;3981.0;132.0;1.0;0.0;129.0;351.5;0.0;0.0;366.5;0.0;2.605;5.505000000000001;78.19;72.91499999999999;7.2;6.025;2.5949999999999998;23.825;0.02;25.0;2.535;63.55;;2024-06-11;19:00
32;Hauts-de-France;Données définitives;5002.5;132.0;4242.5;64.0;1.0;0.0;128.5;85.0;0.0;0.0;352.0;0.0;2.6399999999999997;5.48;84.85499999999999;77.7;7.029999999999999;5.79;1.275;11.55;0.02;25.0;2.57;63.3;;2024-06-11;20:00
32;Hauts-de-France;Données définitives;4824.0;133.0;4451.5;15.5;1.0;0.0;126.0;-165.0;0.0;0.0;266.0;0.0;2.755;5.53;92.31;81.53;5.505;4.375;0.32;2.8;0.02;25.0;2.615;62.07;;2024-06-11;21:00
32;Hauts-de-France;Données définitives;4734.0;132.5;4463.0;1.0;1.0;0.0;126.0;-213.0;0.0;0.0;217.5;0.0;2.8;5.505000000000001;94.275;81.74000000000001;4.595;3.575;0.02;0.18;0.02;25.0;2.66;62.07;;2024-06-11;22:00
32;Hauts-de-France;Données définitives;4839.5;132.5;4463.0;0.0;1.0;0.0;127.5;-168.0;0.0;0.0;279.0;0.0;2.74;5.505000000000001;92.22999999999999;81.74000000000001;5.77;4.59;0.0;0.0;0.02;25.0;2.635;62.805;;2024-06-11;23:00
32;Hauts-de-France;Données définitives;4921.0;364.5;4460.0;0.0;2.0;0.0;118.0;-168.0;0.0;0.0;143.0;0.0;7.404999999999999;15.14;90.64500000000001;81.685;2.91;2.35;0.0;0.0;0.04;50.0;2.4000000000000004;58.129999999999995;;2024-07-10;00:00
32;Hauts-de-France;Données définitives;4560.0;383.5;4468.5;0.0;2.0;0.0;118.0;-600.5;0.0;0.0;190.0;0.0;8.41;15.93;98.0;81.84;4.175;3.12;0.0;0.0;0.04;50.0;2.585;58.129999999999995;;2024-07-10;01:00
32;Hauts-de-France;Données définitives;4315.0;385.5;4480.0;0.0;2.0;0.0;119.0;-1167.0;0.0;0.0;500.5;0.0;8.935;16.02;103.85;82.055;11.635;8.23;0.0;0.0;0.05;50.0;2.76;58.62;;2024-07-10;02:00
32;Hauts-de-France;Données définitives;4131.5;385.5;4486.5;0.0;2.0;0.0;118.5;-1552.0;0.0;0.0;692.0;0.0;9.335;16.02;108.6;82.17;16.755000000000003;11.379999999999999;0.0;0.0;0.05;50.0;2.865;58.375;;2024-07-10;03:00
32;Hauts-de-France;Données définitives;3914.0;386.0;4487.0;0.0;2.0;0.0;116.0;-1974.5;0.0;0.0;896.0;0.0;9.865;16.04;114.645;82.18;22.875;14.73;0.0;0.0;0.05;50.0;2.965;57.144999999999996;;2024-07-10;04:00
32;Hauts-de-France;Données définitives;3987.5;384.0;4487.5;0.0;2.0;0.0;116.0;-2090.0;0.0;0.0;1089.5;0.0;9.635;15.955;112.55;82.19;27.325;17.915;0.0;0.0;0.05;50.0;2.91;57.14;;2024-07-10;05:00
32;Hauts-de-France;Données définitives;4169.0;384.0;4488.0;1.0;2.0;0.0;116.5;-2190.5;0.0;0.0;1380.0;0.0;9.215;15.95;107.71000000000001;82.2;33.07;22.689999999999998;0.025;0.18;0.05;50.0;2.795;57.39;;2024-07-10;06:00
32;Hauts-de-France;Données définitives;4589.0;210.0;4485.0;21.5;2.0;0.0;103.5;-1716.0;0.0;0.0;1488.0;0.0;4.575;8.72;97.735;82.14500000000001;32.425;24.465;0.47000000000000003;3.885;0.04;50.0;2.255;50.985;;2024-07-10;07:00
32;Hauts-de-France;Données définitives;4811.5;74.0;4478.5;51.5;2.0;0.0;116.0;-1178.0;0.0;0.0;1260.0;0.0;1.5350000000000001;3.07;93.09;82.025;26.215;20.715;1.065;9.295;0.04;50.0;2.41;57.144999999999996;;2024-07-10;08:00
32;Hauts-de-France;Données définitives;4906.0;75.0;4471.5;104.5;2.0;0.0;113.5;-948.0;0.0;0.0;1078.5;0.0;1.525;3.12;91.145;81.895;21.98;17.73;2.125;18.865000000000002;0.04;50.0;2.31;55.915;;2024-07-10;09:00
32;Hauts-de-France;Données définitives;4998.5;74.0;4464.0;161.5;2.0;0.0;113.5;-996.0;0.0;0.0;1176.0;0.0;1.48;3.07;89.325;81.755;23.535;19.335;3.2350000000000003;29.155;0.04;50.0;2.27;55.915;;2024-07-10;10:00
32;Hauts-de-France;Données définitives;5040.5;89.0;4459.5;216.0;2.0;0.0;113.5;-1211.5;0.0;0.0;1381.5;0.0;1.7599999999999998;3.6950000000000003;88.495;81.67500000000001;27.39;22.71;4.285;38.985;0.04;50.0;2.25;55.915;;2024-07-10;11:00
32;Hauts-de-France;Données définitives;5207.0;129.0;4461.0;246.5;2.0;0.0;115.5;-1317.0;0.0;0.0;1575.0;0.0;2.475;5.36;85.67500000000001;81.7;30.245;25.895;4.734999999999999;44.495000000000005;0.04;50.0;2.22;56.894999999999996;;2024-07-10;12:00
32;Hauts-de-France;Données définitives;5344.5;146.0;4431.5;281.0;2.0;0.0;116.0;-1395.0;0.0;0.0;1759.5;0.0;2.73;6.0649999999999995;82.91499999999999;81.16;32.92;28.93;5.26;50.725;0.04;50.0;2.17;57.14;;2024-07-10;13:00
32;Hauts-de-France;Données définitives;5195.0;159.5;4412.5;296.5;2.0;0.0;117.5;-1346.5;0.0;0.0;1549.0;0.0;3.0700000000000003;6.625;84.94999999999999;80.815;29.81;25.47;5.71;53.519999999999996;0.04;50.0;2.265;57.885000000000005;;2024-07-10;14:00
32;Hauts-de-France;Données définitives;5130.5;166.0;4456.0;322.5;2.0;0.0;111.5;-1309.0;0.0;0.0;1379.5;0.0;3.235;6.9;86.86;81.61;26.884999999999998;22.68;6.285;58.215;0.04;50.0;2.175;54.93;;2024-07-10;15:00
32;Hauts-de-France;Données définitives;5031.0;168.5;4434.0;313.5;2.0;0.0;116.5;-1265.0;0.0;0.0;1263.5;0.0;3.3499999999999996;7.0;88.13499999999999;81.21000000000001;25.115000000000002;20.775;6.234999999999999;56.59;0.04;50.0;2.315;57.39;;2024-07-10;16:00
32;Hauts-de-France;Données définitives;4974.0;170.0;4446.5;291.0;2.0;0.0;116.0;-1251.5;0.0;0.0;1201.5;0.0;3.415;7.06;89.4;81.44;24.15;19.755000000000003;5.85;52.525;0.04;50.0;2.33;57.14;;2024-07-10;17:00
32;Hauts-de-France;Données définitives;4994.0;178.0;4416.0;231.0;2.0;0.0;116.0;-1137.5;0.0;0.0;1189.5;0.0;3.5599999999999996;7.395;88.49000000000001;80.88;23.835;19.560000000000002;4.640000000000001;41.695;0.04;50.0;2.32;57.144999999999996;;2024-07-10;18:00
32;Hauts-de-France;Données définitives;5114.0;183.5;4472.5;158.5;2.0;0.0;120.0;-922.0;0.0;0.0;1105.0;0.0;3.585;7.625;87.455;81.91499999999999;21.604999999999997;18.17;3.0949999999999998;28.61;0.04;50.0;2.3449999999999998;59.11;;2024-07-10;19:00
32;Hauts-de-France;Données définitives;4941.5;185.0;4475.5;72.5;2.0;0.0;118.0;-859.5;0.0;0.0;945.0;0.0;3.74;7.69;90.57;81.97;19.115000000000002;15.54;1.4649999999999999;13.09;0.04;50.0;2.3899999999999997;58.13;;2024-07-10;20:00
32;Hauts-de-France;Données définitives;4668.0;184.5;4470.0;19.5;1.5;0.0;119.0;-781.0;0.0;0.0;650.0;0.0;3.95;7.665;95.77000000000001;81.86500000000001;13.91;10.690000000000001;0.415;3.52;0.03;37.5;2.55;58.620000000000005;;2024-07-10;21:00
32;Hauts-de-France;Données définitives;4699.5;185.0;4463.5;1.0;2.0;0.0;120.5;-529.0;0.0;0.0;456.5;0.0;3.935;7.69;94.98;81.75;9.725;7.505;0.02;0.18;0.04;50.0;2.565;59.36;;2024-07-10;22:00
32;Hauts-de-France;Données définitives;4800.0;185.0;4459.0;0.0;2.0;0.0;121.0;-318.5;0.0;0.0;354.5;0.0;3.855;7.69;92.905;81.665;7.385;5.83;0.0;0.0;0.04;50.0;2.52;59.61;;2024-07-10;23:00
32;Hauts-de-France;Données définitives;4222.0;231.5;2370.0;0.0;2.0;0.0;122.0;503.5;0.0;0.0;989.5;0.0;5.48;9.620000000000001;56.14;43.405;23.445;16.27;0.0;0.0;0.05;50.0;2.8899999999999997;60.1;;2024-08-20;00:00
32;Hauts-de-France;Données définitives;4091.0;226.5;2371.0;0.0;2.0;0.0;121.0;216.0;0.0;0.0;1155.5;0.0;5.535;9.41;57.97;43.42;28.265;19.0;0.0;0.0;0.05;50.0;2.955;59.605000000000004;;2024-08-20;01:00
32;Hauts-de-France;Données définitives;3900.5;206.5;2373.0;0.0;2.0;0.0;121.0;-20.5;0.0;0.0;1216.0;0.0;5.29;8.575;60.85;43.46;31.18;19.995;0.0;0.0;0.05;50.0;3.105;59.61;;2024-08-20;02:00
32;Hauts-de-France;Données définitives;3727.5;227.0;2372.5;0.0;2.0;0.0;120.5;-146.5;0.0;0.0;1148.0;0.0;6.09;9.43;63.665000000000006;43.45;30.8;18.875;0.0;0.0;0.05;50.0;3.23;59.36;;2024-08-20;03:00
32;Hauts-de-France;Données définitives;3550.0;219.5;2371.5;0.0;2.0;0.0;121.5;-311.0;0.0;0.0;1149.0;0.0;6.1850000000000005;9.120000000000001;66.805;43.43;32.365;18.89;0.0;0.0;0.06;50.0;3.42;59.855000000000004;;2024-08-20;04:00
32;Hauts-de-France;Données définitives;3569.0;227.0;2368.0;0.0;2.0;0.0;122.0;-382.0;0.0;0.0;1238.0;0.0;6.359999999999999;9.43;66.37;43.370000000000005;34.695;20.354999999999997;0.0;0.0;0.06;50.0;3.42;60.1;;2024-08-20;05:00
32;Hauts-de-France;Données définitives;3824.5;203.0;2363.0;0.0;2.0;0.0;120.0;-109.0;0.0;0.0;1250.5;0.0;5.31;8.43;61.805;43.28;32.715;20.564999999999998;0.0;0.0;0.05;50.0;3.14;59.114999999999995;;2024-08-20;06:00
32;Hauts-de-France;Données définitives;4048.5;206.5;2359.0;4.0;2.0;0.0;120.0;67.0;0.0;0.0;1287.0;0.0;5.1;8.58;58.269999999999996;43.205;31.785;21.16;0.1;0.72;0.05;50.0;2.965;59.11;;2024-08-20;07:00
32;Hauts-de-France;Données définitives;4302.5;205.0;2356.0;40.0;2.0;0.0;120.5;280.0;0.0;0.0;1298.0;0.0;4.76;8.515;54.765;43.150000000000006;30.18;21.345;0.925;7.220000000000001;0.05;50.0;2.8;59.36;;2024-08-20;08:00
32;Hauts-de-France;Données définitives;4379.5;213.5;2353.5;114.0;2.0;0.0;119.5;581.5;0.0;0.0;997.0;0.0;4.875;8.870000000000001;53.739999999999995;43.105000000000004;22.78;16.395;2.6;20.58;0.05;50.0;2.725;58.864999999999995;;2024-08-20;09:00
32;Hauts-de-France;Données définitives;4489.0;209.0;2355.5;215.5;2.0;0.0;119.5;816.5;0.0;0.0;771.5;0.0;4.655;8.68;52.48;43.14;17.189999999999998;12.684999999999999;4.81;38.894999999999996;0.045;50.0;2.66;58.864999999999995;;2024-08-20;10:00
32;Hauts-de-France;Données définitives;4464.0;229.5;2360.0;287.5;2.0;0.0;121.0;507.5;0.0;0.0;959.0;0.0;5.140000000000001;9.535;52.870000000000005;43.224999999999994;21.465;15.77;6.44;51.894999999999996;0.045;50.0;2.71;59.61;;2024-08-20;11:00
32;Hauts-de-France;Données définitives;4702.5;226.5;2367.5;291.0;2.0;0.0;119.0;381.5;0.0;0.0;1314.0;0.0;4.82;9.41;50.345;43.36;27.94;21.605;6.1850000000000005;52.53;0.04;50.0;2.535;58.62;;2024-08-20;12:00
32;Hauts-de-France;Données définitives;4792.0;225.5;2370.5;248.5;2.0;0.0;119.5;446.5;0.0;0.0;1380.5;0.0;4.705;9.370000000000001;49.489999999999995;43.415;28.810000000000002;22.7;5.1850000000000005;44.855000000000004;0.04;50.0;2.495;58.864999999999995;;2024-08-20;13:00
32;Hauts-de-France;Données définitives;4781.5;231.0;2370.0;204.5;2.0;0.0;118.0;595.0;0.0;0.0;1261.5;0.0;4.835;9.600000000000001;49.59;43.41;26.42;20.745;4.285;36.915000000000006;0.04;50.0;2.4699999999999998;58.13;;2024-08-20;14:00
32;Hauts-de-France;Données définitives;4549.0;213.0;2370.5;168.0;2.0;0.0;116.0;550.0;0.0;0.0;1127.0;0.0;4.6850000000000005;8.850000000000001;52.11;43.415;24.78;18.53;3.69;30.325;0.04;50.0;2.55;57.144999999999996;;2024-08-20;15:00
32;Hauts-de-France;Données définitives;4592.5;219.5;2371.5;109.0;2.0;0.0;121.0;364.5;0.0;0.0;1405.5;0.0;4.779999999999999;9.120000000000001;51.64;43.43;30.605;23.11;2.375;19.675;0.04;50.0;2.635;59.605000000000004;;2024-08-20;16:00
32;Hauts-de-France;Données définitives;4545.5;224.5;2333.0;53.0;2.0;0.0;127.0;149.5;0.0;0.0;1658.5;0.0;4.9399999999999995;9.325;51.325;42.73;36.485;27.265;1.165;9.57;0.04;50.0;2.79;62.56;;2024-08-20;17:00
32;Hauts-de-France;Données définitives;4561.5;219.0;2259.0;39.5;2.0;0.0;129.0;281.0;0.0;0.0;1632.0;0.0;4.800000000000001;9.100000000000001;49.525;41.375;35.78;26.835;0.865;7.130000000000001;0.04;50.0;2.83;63.545;;2024-08-20;18:00
32;Hauts-de-France;Données définitives;4717.0;220.0;2317.0;22.0;2.0;0.0;130.5;310.5;0.0;0.0;1710.5;0.0;4.665;9.14;49.129999999999995;42.435;36.239999999999995;28.125;0.46499999999999997;3.97;0.04;50.0;2.77;64.285;;2024-08-20;19:00
32;Hauts-de-France;Données définitives;4570.5;216.0;2311.5;18.0;2.0;0.0;126.0;38.5;0.0;0.0;1857.0;0.0;4.725;8.97;50.61;42.335;40.72;30.535;0.395;3.25;0.04;50.0;2.76;62.07;;2024-08-20;20:00
32;Hauts-de-France;Données définitives;4371.5;205.5;2312.0;2.0;2.0;0.0;127.5;-537.5;0.0;0.0;2264.5;0.0;4.699999999999999;8.54;52.89;42.345;51.815;37.230000000000004;0.045;0.36;0.05;50.0;2.915;62.805;;2024-08-20;21:00
32;Hauts-de-France;Données définitives;4415.0;195.5;2319.5;0.0;2.0;0.0;128.5;-598.5;0.0;0.0;2370.5;0.0;4.43;8.120000000000001;52.54;42.480000000000004;53.715;38.974999999999994;0.0;0.0;0.045;50.0;2.91;63.3;;2024-08-20;22:00
32;Hauts-de-France;Données définitives;4318.0;190.5;2326.0;0.0;2.0;0.0;130.0;-470.0;0.0;0.0;2138.0;0.0;4.405;7.915;53.875;42.6;49.515;35.15;0.0;0.0;0.05;50.0;3.01;64.04;;2024-08-20;23:00
32;Hauts-de-France;Données définitives;4833.5;203.5;3448.5;0.0;2.0;0.0;107.0;7.5;0.0;0.0;1063.0;0.0;4.21;8.455;71.35;63.16;21.995;17.48;0.0;0.0;0.04;50.0;2.215;52.71;;2024-09-12;00:00
32;Hauts-de-France;Données définitives;4539.5;197.5;3448.5;0.0;2.0;0.0;107.5;-279.5;0.0;0.0;1063.0;0.0;4.35;8.205;75.97;63.16;23.415;17.48;0.0;0.0;0.04;50.0;2.365;52.955;;2024-09-12;01:00
32;Hauts-de-France;Données définitives;4357.5;199.5;3449.5;0.0;2.0;0.0;108.5;-511.5;0.0;0.0;1112.0;0.0;4.58;8.29;79.16499999999999;63.18;25.52;18.28;0.0;0.0;0.05;50.0;2.49;53.445;;2024-09-12;02:00
32;Hauts-de-France;Données définitives;4280.0;201.0;3452.0;0.0;2.0;0.0;107.0;-599.0;0.0;0.0;1117.5;0.0;4.695;8.35;80.655;63.225;26.105;18.375;0.0;0.0;0.05;50.0;2.5;52.705;;2024-09-12;03:00
32;Hauts-de-France;Données définitives;4171.5;200.5;3454.5;0.0;2.0;0.0;96.5;-523.5;0.0;0.0;940.5;0.0;4.805;8.33;82.81;63.269999999999996;22.545;15.459999999999999;0.0;0.0;0.05;50.0;2.3099999999999996;47.535;;2024-09-12;04:00
32;Hauts-de-France;Données définitives;4105.5;200.0;3457.0;0.0;2.0;0.0;98.5;-484.0;0.0;0.0;833.0;0.0;4.87;8.31;84.215;63.315;20.3;13.7;0.0;0.0;0.05;50.0;2.4;48.525000000000006;;2024-09-12;05:00
32;Hauts-de-France;Données définitives;4435.5;208.0;3457.5;0.0;2.0;0.0;97.0;-128.5;0.0;0.0;801.0;0.0;4.6899999999999995;8.64;78.065;63.325;18.095;13.17;0.0;0.0;0.045;50.0;2.19;47.78;;2024-09-12;06:00
32;Hauts-de-France;Données définitives;4927.5;225.5;3457.5;0.0;2.0;0.0;96.5;389.5;0.0;0.0;756.5;0.0;4.58;9.370000000000001;70.175;63.325;15.355;12.435;0.0;0.0;0.04;50.0;1.96;47.535;;2024-09-12;07:00
32;Hauts-de-France;Données définitives;5129.5;227.0;3458.0;22.0;2.0;0.0;95.5;719.5;0.0;0.0;605.5;0.0;4.425;9.43;67.41499999999999;63.33;11.805;9.955;0.43000000000000005;3.97;0.04;50.0;1.86;47.045;;2024-09-12;08:00
32;Hauts-de-France;Données définitives;5251.0;226.0;3458.0;119.0;2.0;0.0;95.5;910.5;0.0;0.0;441.5;0.0;4.305;9.39;65.86;63.335;8.4;7.26;2.275;21.48;0.04;50.0;1.82;47.045;;2024-09-12;09:00
32;Hauts-de-France;Données définitives;5193.0;225.0;3455.0;265.5;2.0;0.0;98.5;808.5;0.0;0.0;345.5;0.0;4.33;9.350000000000001;66.53;63.28;6.645;5.68;5.109999999999999;47.925;0.04;50.0;1.9;48.525000000000006;;2024-09-12;10:00
32;Hauts-de-France;Données définitives;5304.0;226.0;3452.5;370.5;2.0;0.0;98.0;580.0;0.0;0.0;582.0;0.0;4.26;9.39;65.09;63.230000000000004;10.965;9.57;6.984999999999999;66.88;0.04;50.0;1.8450000000000002;48.275000000000006;;2024-09-12;11:00
32;Hauts-de-France;Données définitives;5333.0;225.0;3449.5;391.0;2.0;0.0;98.5;118.5;0.0;0.0;1042.5;0.0;4.220000000000001;9.35;64.685;63.18;19.565;17.145;7.335;70.58000000000001;0.04;50.0;1.8450000000000002;48.525000000000006;;2024-09-12;12:00
32;Hauts-de-France;Données définitives;5438.5;219.0;3413.5;433.0;2.0;0.0;98.0;-24.5;0.0;0.0;1294.0;0.0;4.025;9.100000000000001;62.769999999999996;62.519999999999996;23.795;21.275;7.96;78.16;0.04;50.0;1.8050000000000002;48.28;;2024-09-12;13:00
32;Hauts-de-France;Données définitives;5262.0;210.0;3411.0;454.5;2.0;0.0;99.0;-454.0;0.0;0.0;1548.5;0.0;3.99;8.72;64.82;62.47;29.43;25.46;8.635;82.03999999999999;0.04;50.0;1.88;48.769999999999996;;2024-09-12;14:00
32;Hauts-de-France;Données définitives;5145.0;204.5;3427.5;397.5;2.0;0.0;96.5;-822.5;0.0;0.0;1843.0;0.0;3.975;8.5;66.62;62.775;35.82;30.299999999999997;7.725;71.75;0.04;50.0;1.875;47.535;;2024-09-12;15:00
32;Hauts-de-France;Données définitives;4965.5;207.0;3443.0;340.5;2.0;0.0;96.0;-986.5;0.0;0.0;1865.0;0.0;4.17;8.600000000000001;69.33500000000001;63.06;37.56;30.665;6.855;61.465;0.04;50.0;1.935;47.29;;2024-09-12;16:00
32;Hauts-de-France;Données définitives;4995.5;209.5;3465.5;271.0;2.0;0.0;98.5;-681.0;0.0;0.0;1624.0;0.0;4.195;8.7;69.375;63.47;32.535000000000004;26.7;5.43;48.915;0.04;50.0;1.97;48.525000000000006;;2024-09-12;17:00
32;Hauts-de-France;Données définitives;5070.0;218.5;3486.5;156.5;2.0;0.0;94.0;-0.5;0.0;0.0;1109.0;0.0;4.3100000000000005;9.075;68.785;63.855000000000004;21.925;18.235;3.0999999999999996;28.25;0.04;50.0;1.855;46.305;;2024-09-12;18:00
32;Hauts-de-France;Données définitives;5197.5;231.5;3506.0;53.0;2.0;0.0;99.5;505.5;0.0;0.0;799.0;0.0;4.455;9.620000000000001;67.455;64.21000000000001;15.379999999999999;13.14;1.02;9.57;0.04;50.0;1.915;49.015;;2024-09-12;19:00
32;Hauts-de-France;Données définitives;5243.0;236.0;3527.5;4.0;2.0;0.0;100.5;633.0;0.0;0.0;743.0;0.0;4.5;9.805;67.28999999999999;64.61;14.17;12.215;0.075;0.72;0.04;50.0;1.92;49.504999999999995;;2024-09-12;20:00
32;Hauts-de-France;Données définitives;5139.0;237.0;3547.5;0.0;2.0;0.0;100.0;701.0;0.0;0.0;552.5;0.0;4.615;9.85;69.07;64.97;10.715;9.084999999999999;0.0;0.0;0.04;50.0;1.9449999999999998;49.260000000000005;;2024-09-12;21:00
32;Hauts-de-France;Données définitives;4944.5;235.5;3558.5;0.0;2.0;0.0;98.5;639.5;0.0;0.0;412.0;0.0;4.765;9.785;71.98;65.17;8.33;6.775;0.0;0.0;0.04;50.0;1.99;48.525000000000006;;2024-09-12;22:00
32;Hauts-de-France;Données définitives;5025.5;234.0;3555.0;0.0;2.0;0.0;98.5;620.5;0.0;0.0;514.5;0.0;4.655;9.719999999999999;70.74;65.11;10.235;8.46;0.0;0.0;0.04;50.0;1.96;48.525000000000006;;2024-09-12;23:00
32;Hauts-de-France;Données définitives;5090.0;230.0;3529.5;0.0;2.0;0.0;90.0;-219.0;0.0;0.0;1453.0;0.0;4.52;9.555;69.345;64.64;28.545;23.89;0.0;0.0;0.04;50.0;1.77;44.335;;2024-10-02;00:00
32;Hauts-de-France;Données définitives;4836.5;222.5;3529.0;0.0;2.0;0.0;93.0;-513.0;0.0;0.0;1496.5;0.0;4.6;9.245000000000001;72.97;64.63;30.935;24.604999999999997;0.0;0.0;0.04;50.0;1.9249999999999998;45.815;;2024-10-02;01:00
32;Hauts-de-France;Données définitives;4629.0;226.0;3530.0;0.0;2.0;0.0;91.0;-280.5;0.0;0.0;1057.0;0.0;4.885;9.39;76.285;64.65;22.785;17.38;0.0;0.0;0.04;50.0;1.9649999999999999;44.83;;2024-10-02;02:00
32;Hauts-de-France;Données définitives;4442.5;277.5;3530.0;0.0;2.0;0.0;90.0;-154.0;0.0;0.0;694.5;0.0;6.245;11.525;79.465;64.65;15.625;11.42;0.0;0.0;0.045;50.0;2.025;44.33;;2024-10-02;03:00
32;Hauts-de-France;Données définitives;4322.5;287.0;3530.5;0.0;2.0;0.0;90.0;-161.5;0.0;0.0;582.0;0.0;6.640000000000001;11.925;81.685;64.66;13.47;9.57;0.0;0.0;0.05;50.0;2.08;44.33;;2024-10-02;04:00
32;Hauts-de-France;Données définitives;4423.5;272.5;3528.0;0.0;2.0;0.0;89.5;34.0;0.0;0.0;496.5;0.0;6.165;11.32;79.75999999999999;64.615;11.225;8.165;0.0;0.0;0.045;50.0;2.025;44.085;;2024-10-02;05:00
32;Hauts-de-France;Données définitives;4655.0;247.0;3524.0;0.0;2.0;0.0;90.0;318.0;0.0;0.0;470.5;0.0;5.305;10.26;75.745;64.53999999999999;10.115;7.734999999999999;0.0;0.0;0.04;50.0;1.935;44.33;;2024-10-02;06:00
32;Hauts-de-France;Données définitives;5180.5;294.0;3519.5;0.0;2.0;0.0;89.0;837.0;0.0;0.0;437.5;0.0;5.67;12.21;67.96000000000001;64.46000000000001;8.45;7.195;0.0;0.0;0.04;50.0;1.7149999999999999;43.84;;2024-10-02;07:00
32;Hauts-de-France;Données définitives;5389.5;272.5;3518.0;2.0;2.0;0.0;86.5;1054.5;0.0;0.0;451.5;0.0;5.055;11.32;65.275;64.43;8.375;7.425000000000001;0.035;0.36;0.04;50.0;1.605;42.61;;2024-10-02;08:00
32;Hauts-de-France;Données définitives;5384.5;277.0;3520.0;35.5;2.0;0.0;87.5;929.0;0.0;0.0;532.0;0.0;5.145;11.510000000000002;65.375;64.47;9.879999999999999;8.745000000000001;0.66;6.405;0.04;50.0;1.625;43.105000000000004;;2024-10-02;09:00
32;Hauts-de-France;Données définitives;5360.0;288.0;3524.0;113.0;2.0;0.0;89.0;857.0;0.0;0.0;484.5;0.0;5.37;11.965;65.75;64.53999999999999;9.035;7.970000000000001;2.11;20.395;0.04;50.0;1.66;43.84;;2024-10-02;10:00
32;Hauts-de-France;Données définitives;5477.5;288.0;3527.5;207.0;2.0;0.0;87.5;975.0;0.0;0.0;390.5;0.0;5.26;11.965;64.4;64.60499999999999;7.13;6.425000000000001;3.7800000000000002;37.364999999999995;0.04;50.0;1.5950000000000002;43.105000000000004;;2024-10-02;11:00
32;Hauts-de-France;Données définitives;5612.0;243.0;3532.5;292.0;2.0;0.0;88.5;1059.0;0.0;0.0;393.0;0.0;4.335;10.100000000000001;62.95;64.69999999999999;7.005;6.46;5.199999999999999;52.705;0.04;50.0;1.58;43.595;;2024-10-02;12:00
32;Hauts-de-France;Données définitives;5646.5;238.5;3533.0;340.0;2.0;0.0;89.5;1087.5;0.0;0.0;352.0;0.0;4.220000000000001;9.91;62.575;64.71;6.235;5.785;6.025;61.375;0.04;50.0;1.585;44.085;;2024-10-02;13:00
32;Hauts-de-France;Données définitives;5346.0;244.0;3533.5;335.0;2.0;0.0;88.0;764.5;0.0;0.0;378.5;0.0;4.5649999999999995;10.135000000000002;66.1;64.72;7.08;6.225;6.265000000000001;60.47;0.04;50.0;1.645;43.35;;2024-10-02;14:00
32;Hauts-de-France;Données définitives;5251.0;269.0;3533.0;272.0;2.0;0.0;87.5;660.5;0.0;0.0;425.0;0.0;5.12;11.175;67.285;64.71;8.094999999999999;6.99;5.18;49.1;0.04;50.0;1.665;43.105000000000004;;2024-10-02;15:00
32;Hauts-de-France;Données définitives;5092.5;279.5;3533.0;208.0;2.0;0.0;88.5;414.0;0.0;0.0;568.0;0.0;5.484999999999999;11.615;69.375;64.71000000000001;11.15;9.34;4.09;37.545;0.04;50.0;1.74;43.595;;2024-10-02;16:00
32;Hauts-de-France;Données définitives;5159.5;267.0;3529.0;146.0;2.0;0.0;91.5;274.0;0.0;0.0;847.0;0.0;5.175;11.09;68.405;64.635;16.4;13.925;2.835;26.355;0.04;50.0;1.775;45.075;;2024-10-02;17:00
32;Hauts-de-France;Données définitives;5220.0;266.0;3525.5;53.5;2.0;0.0;89.5;215.0;0.0;0.0;1066.0;0.0;5.09;11.05;67.54499999999999;64.57;20.415;17.53;1.03;9.655;0.04;50.0;1.7149999999999999;44.085;;2024-10-02;18:00
32;Hauts-de-France;Données définitives;5496.0;271.5;3522.5;10.5;2.0;0.0;90.5;324.5;0.0;0.0;1271.0;0.0;4.9399999999999995;11.280000000000001;64.095;64.515;23.115000000000002;20.9;0.19;1.895;0.04;50.0;1.645;44.58;;2024-10-02;19:00
32;Hauts-de-France;Données définitives;5691.5;269.0;3518.5;0.0;2.0;0.0;89.5;-24.0;0.0;0.0;1830.5;0.0;4.73;11.175;61.82;64.44;32.175;30.1;0.0;0.0;0.035;50.0;1.57;44.085;;2024-10-02;20:00
32;Hauts-de-France;Données définitives;5246.0;204.5;3520.5;0.0;2.0;0.0;90.5;-569.0;0.0;0.0;1991.0;0.0;3.8950000000000005;8.5;67.11500000000001;64.47999999999999;37.965;32.739999999999995;0.0;0.0;0.04;50.0;1.725;44.58;;2024-10-02;21:00
32;Hauts-de-France;Données définitives;5152.5;187.5;3524.0;0.0;2.0;0.0;88.5;-742.0;0.0;0.0;2081.5;0.0;3.64;7.789999999999999;68.4;64.53999999999999;40.394999999999996;34.22;0.0;0.0;0.04;50.0;1.72;43.595;;2024-10-02;22:00
32;Hauts-de-France;Données définitives;5177.5;189.0;3529.5;0.0;2.0;0.0;89.0;-465.0;0.0;0.0;1822.5;0.0;3.655;7.85;68.175;64.64500000000001;35.185;29.97;0.0;0.0;0.04;50.0;1.72;43.84;;2024-10-02;23:00
32;Hauts-de-France;Données définitives;5711.0;552.5;3754.0;0.0;2.0;0.0;136.0;564.0;0.0;0.0;702.0;0.0;9.675;22.955;65.74000000000001;68.75;12.295;11.545;0.0;0.0;0.035;50.0;2.385;66.995;;2024-11-08;00:00
32;Hauts-de-France;Données définitives;5425.5;545.5;3800.0;0.0;2.0;0.0;134.0;281.0;0.0;0.0;665.0;0.0;10.055;22.665;70.055;69.6;12.254999999999999;10.935;0.0;0.0;0.04;50.0;2.47;66.00999999999999;;2024-11-08;01:00
32;Hauts-de-France;Données définitives;5262.5;576.5;3843.5;0.0;2.0;0.0;135.5;35.0;0.0;0.0;669.0;0.0;10.955;23.950000000000003;73.035;70.39500000000001;12.71;11.0;0.0;0.0;0.04;50.0;2.575;66.75;;2024-11-08;02:00
32;Hauts-de-France;Données définitives;5053.0;528.5;3856.0;0.0;2.0;0.0;135.5;-145.5;0.0;0.0;677.5;0.0;10.46;21.955;76.315;70.62;13.41;11.14;0.0;0.0;0.04;50.0;2.6799999999999997;66.75;;2024-11-08;03:00
32;Hauts-de-France;Données définitives;4990.0;555.0;3868.0;0.0;2.0;0.0;137.0;-168.5;0.0;0.0;598.0;0.0;11.120000000000001;23.055;77.52000000000001;70.84;11.99;9.83;0.0;0.0;0.04;50.0;2.745;67.49000000000001;;2024-11-08;04:00
32;Hauts-de-France;Données définitives;5128.0;589.5;3875.0;0.0;2.0;0.0;133.5;53.0;0.0;0.0;476.5;0.0;11.504999999999999;24.490000000000002;75.605;70.97;9.315000000000001;7.835;0.0;0.0;0.04;50.0;2.605;65.765;;2024-11-08;05:00
32;Hauts-de-France;Données définitives;5392.0;586.0;3876.0;0.0;2.0;0.0;135.0;425.0;0.0;0.0;369.0;0.0;10.89;24.345;72.015;70.99;6.875;6.07;0.0;0.0;0.04;50.0;2.51;66.5;;2024-11-08;06:00
32;Hauts-de-France;Données définitives;5977.5;585.5;3873.5;0.0;2.0;0.0;135.5;1065.5;0.0;0.0;316.5;0.0;9.805;24.325000000000003;64.86;70.94;5.295;5.205;0.0;0.0;0.03;50.0;2.27;66.75;;2024-11-08;07:00
32;Hauts-de-France;Données définitives;6199.5;587.0;3872.0;0.0;2.0;0.0;135.0;1247.0;0.0;0.0;356.0;0.0;9.469999999999999;24.384999999999998;62.46;70.915;5.74;5.855;0.0;0.0;0.03;50.0;2.1799999999999997;66.5;;2024-11-08;08:00
32;Hauts-de-France;Données définitives;6379.5;592.0;3870.0;7.0;2.0;0.0;131.0;1418.5;0.0;0.0;360.5;0.0;9.280000000000001;24.595;60.665;70.88;5.65;5.925000000000001;0.11;1.2650000000000001;0.03;50.0;2.0549999999999997;64.53;;2024-11-08;09:00
32;Hauts-de-France;Données définitives;6312.5;606.5;3868.0;20.5;2.0;0.0;129.5;1316.0;0.0;0.0;372.5;0.0;9.61;25.2;61.285;70.84;5.904999999999999;6.125;0.325;3.7;0.03;50.0;2.0549999999999997;63.795;;2024-11-08;10:00
32;Hauts-de-France;Données définitives;6291.5;600.0;3866.0;30.5;1.5;0.0;127.5;1293.5;0.0;0.0;373.5;0.0;9.54;24.925;61.455;70.81;5.9350000000000005;6.140000000000001;0.48;5.505000000000001;0.025;37.5;2.025;62.805;;2024-11-08;11:00
32;Hauts-de-France;Données définitives;6432.5;591.5;3866.5;36.0;1.5;0.0;129.0;1486.5;0.0;0.0;320.0;0.0;9.195;24.575;60.105000000000004;70.815;4.975;5.26;0.5549999999999999;6.5;0.025;37.5;2.005;63.55;;2024-11-08;12:00
32;Hauts-de-France;Données définitives;6489.5;597.0;3869.0;36.0;2.0;0.0;131.0;1614.0;0.0;0.0;241.0;0.0;9.2;24.805;59.62;70.86;3.71;3.96;0.5549999999999999;6.5;0.03;50.0;2.02;64.53;;2024-11-08;13:00
32;Hauts-de-France;Données définitives;6302.0;596.5;3873.0;29.5;2.0;0.0;131.0;1453.0;0.0;0.0;218.0;0.0;9.465;24.78;61.455;70.935;3.46;3.585;0.47;5.325;0.03;50.0;2.08;64.53;;2024-11-08;14:00
32;Hauts-de-France;Données définitives;6162.5;578.0;3876.5;19.5;2.0;0.0;127.0;1336.0;0.0;0.0;224.0;0.0;9.379999999999999;24.009999999999998;62.915000000000006;71.0;3.635;3.68;0.315;3.5200000000000005;0.03;50.0;2.065;62.56;;2024-11-08;15:00
32;Hauts-de-France;Données définitives;6125.5;578.5;3913.5;7.5;2.0;0.0;127.5;1286.0;0.0;0.0;211.5;0.0;9.445;24.035;63.89;71.675;3.455;3.475;0.12;1.355;0.03;50.0;2.08;62.81;;2024-11-08;16:00
32;Hauts-de-France;Données définitives;6172.5;472.5;3962.5;0.5;2.0;0.0;129.0;1434.5;0.0;0.0;173.5;0.0;7.665;19.63;64.215;72.57;2.8150000000000004;2.855;0.01;0.09;0.03;50.0;2.0949999999999998;63.545;;2024-11-08;17:00
32;Hauts-de-France;Données définitives;6439.5;484.0;4023.0;0.0;2.0;0.0;130.0;1642.5;0.0;0.0;159.0;0.0;7.515000000000001;20.11;62.474999999999994;73.68;2.4699999999999998;2.615;0.0;0.0;0.03;50.0;2.0199999999999996;64.03999999999999;;2024-11-08;18:00
32;Hauts-de-France;Données définitives;6572.0;595.5;4047.5;0.0;2.0;0.0;132.5;1634.5;0.0;0.0;160.0;0.0;9.065000000000001;24.740000000000002;61.59;74.13;2.4349999999999996;2.63;0.0;0.0;0.03;50.0;2.0149999999999997;65.27;;2024-11-08;19:00
32;Hauts-de-France;Données définitives;6291.5;617.0;4047.5;0.0;2.0;0.0;132.0;1322.5;0.0;0.0;172.0;0.0;9.809999999999999;25.634999999999998;64.34;74.13;2.73;2.83;0.0;0.0;0.03;50.0;2.0999999999999996;65.025;;2024-11-08;20:00
32;Hauts-de-France;Données définitives;5995.0;633.5;4045.5;0.0;2.0;0.0;132.5;1023.0;0.0;0.0;159.5;0.0;10.57;26.32;67.505;74.09;2.66;2.62;0.0;0.0;0.03;50.0;2.21;65.27;;2024-11-08;21:00
32;Hauts-de-France;Données définitives;5804.5;632.5;4042.5;0.0;2.0;0.0;133.0;853.0;0.0;0.0;142.0;0.0;10.9;26.275;69.645;74.03999999999999;2.4450000000000003;2.335;0.0;0.0;0.03;50.0;2.295;65.52;;2024-11-08;22:00
32;Hauts-de-France;Données définitives;5728.5;599.5;4040.5;0.0;2.0;0.0;135.5;823.5;0.0;0.0;128.5;0.0;10.465;24.905;70.53999999999999;74.0;2.24;2.115;0.0;0.0;0.035;50.0;2.365;66.75;;2024-11-08;23:00
32;Hauts-de-France;Données définitives;6230.0;307.5;4580.0;0.0;2.0;0.0;135.0;-1199.5;0.0;0.0;2398.5;0.0;4.9350000000000005;12.795;73.525;83.88;38.504999999999995;37.875;0.0;0.0;0.03;50.0;2.165;68.53;;2024-12-20;00:00
32;Hauts-de-France;Données définitives;5944.0;280.0;4582.5;0.0;2.0;0.0;135.5;-1353.0;0.0;0.0;2294.5;0.0;4.71;11.65;77.095;83.93;38.6;36.235;0.0;0.0;0.03;50.0;2.2800000000000002;68.785;;2024-12-20;01:00
32;Hauts-de-France;Données définitives;5759.0;270.0;4569.0;0.0;2.0;0.0;134.5;-1555.5;0.0;0.0;2341.5;0.0;4.6899999999999995;11.235;79.35;83.685;40.675;36.980000000000004;0.0;0.0;0.035;50.0;2.335;68.275;;2024-12-20;02:00
32;Hauts-de-France;Données définitives;5620.0;303.5;4475.0;0.0;2.0;0.0;136.0;-1654.5;0.0;0.0;2362.0;0.0;5.4;12.629999999999999;79.64500000000001;81.96000000000001;42.035;37.305;0.0;0.0;0.04;50.0;2.42;69.04;;2024-12-20;03:00
32;Hauts-de-France;Données définitives;5498.5;316.0;4237.0;0.0;2.0;0.0;136.5;-1245.0;0.0;0.0;2053.5;0.0;5.75;13.149999999999999;77.035;77.6;37.36;32.43;0.0;0.0;0.04;50.0;2.4850000000000003;69.29;;2024-12-20;04:00
32;Hauts-de-France;Données définitives;5623.0;287.0;4548.5;0.0;2.0;0.0;141.0;-966.5;0.0;0.0;1607.0;0.0;5.115;11.945;80.935;83.31;28.645;25.380000000000003;0.0;0.0;0.035;50.0;2.51;71.57;;2024-12-20;05:00
32;Hauts-de-France;Données définitives;5983.0;286.0;4585.0;0.0;2.0;0.0;140.5;-352.5;0.0;0.0;1320.5;0.0;4.79;11.899999999999999;76.80000000000001;83.97;22.15;20.855;0.0;0.0;0.035;50.0;2.35;71.32;;2024-12-20;06:00
32;Hauts-de-France;Données définitives;6679.0;331.5;4583.5;0.0;2.0;0.0;137.0;470.5;0.0;0.0;1153.5;0.0;4.97;13.795;68.65;83.94999999999999;17.28;18.22;0.0;0.0;0.03;50.0;2.0549999999999997;69.54;;2024-12-20;07:00
32;Hauts-de-France;Données définitives;6945.0;334.5;4580.0;0.0;2.0;0.0;139.0;767.5;0.0;0.0;1116.0;0.0;4.82;13.92;65.95500000000001;83.88;16.07;17.625;0.0;0.0;0.03;50.0;2.0;70.56;;2024-12-20;08:00
32;Hauts-de-France;Données définitives;7052.5;339.0;4577.0;10.5;2.0;0.0;134.0;932.0;0.0;0.0;1059.0;0.0;4.805;14.11;64.905;83.83;15.02;16.725;0.15000000000000002;1.355;0.03;50.0;1.9;68.025;;2024-12-20;09:00
32;Hauts-de-France;Données définitives;6886.5;314.5;4574.0;84.0;2.0;0.0;130.5;693.0;0.0;0.0;1101.0;0.0;4.57;13.09;66.425;83.77000000000001;15.989999999999998;17.39;1.22;10.84;0.03;50.0;1.895;66.245;;2024-12-20;10:00
32;Hauts-de-France;Données définitives;6782.5;306.5;4573.5;155.0;2.0;0.0;132.5;553.5;0.0;0.0;1063.0;0.0;4.52;12.754999999999999;67.435;83.75999999999999;15.670000000000002;16.785;2.285;20.0;0.03;50.0;1.955;67.25999999999999;;2024-12-20;11:00
32;Hauts-de-France;Données définitives;6691.5;295.5;4575.0;217.0;2.0;0.0;137.0;513.5;0.0;0.0;954.0;0.0;4.415;12.3;68.37;83.78999999999999;14.254999999999999;15.065;3.245;28.0;0.03;50.0;2.05;69.54;;2024-12-20;12:00
32;Hauts-de-France;Données définitives;6603.0;298.0;4579.5;211.5;2.0;0.0;139.0;396.5;0.0;0.0;974.0;0.0;4.515000000000001;12.4;69.37;83.87;14.765;15.379999999999999;3.2;27.29;0.03;50.0;2.105;70.56;;2024-12-20;13:00
32;Hauts-de-France;Données définitives;6294.5;284.5;4584.5;161.0;2.0;0.0;139.0;-309.0;0.0;0.0;1434.0;0.0;4.52;11.84;72.84;83.965;22.799999999999997;22.645;2.5549999999999997;20.775;0.03;50.0;2.21;70.56;;2024-12-20;14:00
32;Hauts-de-France;Données définitives;6210.0;310.5;4587.0;70.0;2.0;0.0;143.5;-1006.0;0.0;0.0;2098.5;0.0;5.0;12.92;73.865;84.01;33.790000000000006;33.14;1.1300000000000001;9.035;0.03;50.0;2.3099999999999996;72.845;;2024-12-20;15:00
32;Hauts-de-France;Données définitives;6145.5;302.5;4589.5;16.5;2.0;0.0;143.5;-1530.5;0.0;0.0;2619.0;0.0;4.925;12.585;74.68;84.055;42.614999999999995;41.36;0.27;2.13;0.03;50.0;2.335;72.845;;2024-12-20;16:00
32;Hauts-de-France;Données définitives;6283.0;328.0;4590.5;0.0;2.0;0.0;141.5;-1804.0;0.0;0.0;3026.0;0.0;5.22;13.65;73.09;84.07499999999999;48.15;47.79;0.0;0.0;0.03;50.0;2.25;71.82499999999999;;2024-12-20;17:00
32;Hauts-de-France;Données définitives;6533.5;349.0;4590.0;0.0;2.0;0.0;141.5;-1771.0;0.0;0.0;3223.0;0.0;5.34;14.52;70.255;84.07;49.33;50.905;0.0;0.0;0.03;50.0;2.165;71.82499999999999;;2024-12-20;18:00
32;Hauts-de-France;Données définitives;6646.5;330.5;4589.5;0.0;2.0;0.0;142.5;-1807.5;0.0;0.0;3391.5;0.0;4.970000000000001;13.75;69.05;84.06;51.035;53.56;0.0;0.0;0.03;50.0;2.145;72.33500000000001;;2024-12-20;19:00
32;Hauts-de-France;Données définitives;6480.0;309.0;4586.5;0.0;2.0;0.0;140.0;-2353.0;0.0;0.0;3797.5;0.0;4.77;12.86;70.785;84.0;58.614999999999995;59.974999999999994;0.0;0.0;0.03;50.0;2.165;71.07;;2024-12-20;20:00
32;Hauts-de-France;Données définitives;6209.5;314.0;4583.0;0.0;2.0;0.0;140.5;-2896.0;0.0;0.0;4068.0;0.0;5.055;13.065000000000001;73.82;83.94;65.535;64.245;0.0;0.0;0.03;50.0;2.26;71.32;;2024-12-20;21:00
32;Hauts-de-France;Données définitives;6008.5;295.0;4578.0;0.0;2.0;0.0;145.0;-3119.0;0.0;0.0;4107.5;0.0;4.904999999999999;12.275;76.195;83.845;68.36;64.87;0.0;0.0;0.03;50.0;2.415;73.6;;2024-12-20;22:00
32;Hauts-de-France;Données définitives;5903.0;306.5;4576.0;0.0;2.0;0.0;145.5;-3318.0;0.0;0.0;4189.0;0.0;5.1899999999999995;12.754999999999999;77.52;83.81;70.965;66.155;0.0;0.0;0.03;50.0;2.465;73.85499999999999;;2024-12-20;23:00
44;Grand Est;Données définitives;5319.5;225.5;9837.0;0.0;1016.0;-1.0;150.0;-7387.0;0.0;0.0;1478.5;0.0;4.24;7.245;184.93;90.91499999999999;27.795;31.445;0.0;0.0;19.1;44.25;2.8200000000000003;65.22;;2024-01-29;00:00
44;Grand Est;Données définitives;5189.0;203.5;9788.5;0.0;1017.5;-462.5;149.0;-7087.5;0.0;0.0;1580.5;0.0;3.925;6.539999999999999;188.64;90.465;30.46;33.615;0.0;0.0;19.61;44.315;2.875;64.785;;2024-01-29;01:00
44;Grand Est;Données définitives;5248.0;204.5;9876.5;0.0;1019.5;-519.5;148.0;-7107.0;0.0;0.0;1627.5;0.0;3.895;6.574999999999999;188.195;91.28;31.015;34.615;0.0;0.0;19.425;44.405;2.82;64.345;;2024-01-29;02:00
44;Grand Est;Données définitives;5169.0;205.0;9893.0;0.0;1019.0;-515.5;148.5;-7086.0;0.0;0.0;1507.0;0.0;3.9699999999999998;6.59;191.39499999999998;91.435;29.155;32.050000000000004;0.0;0.0;19.71;44.38;2.875;64.565;;2024-01-29;03:00
44;Grand Est;Données définitives;5048.0;200.5;9791.5;0.0;1020.5;-511.0;146.5;-7003.0;0.0;0.0;1403.5;0.0;3.9699999999999998;6.445;193.965;90.495;27.805;29.85;0.0;0.0;20.215;44.45;2.9000000000000004;63.69499999999999;;2024-01-29;04:00
44;Grand Est;Données définitives;5101.5;232.5;9731.5;0.0;1019.0;-506.0;147.5;-6803.5;0.0;0.0;1281.5;0.0;4.545;7.475;190.88;89.94;25.15;27.255;0.0;0.0;19.99;44.385000000000005;2.89;64.13;;2024-01-29;05:00
44;Grand Est;Données définitives;5562.5;415.5;9854.5;0.0;1019.5;-334.5;146.5;-6708.5;0.0;0.0;1169.0;0.0;7.445;13.350000000000001;177.28;91.07499999999999;21.045;24.865000000000002;0.0;0.0;18.34;44.405;2.635;63.69499999999999;;2024-01-29;06:00
44;Grand Est;Données définitives;6074.5;685.5;9938.5;0.0;1051.5;-1.0;147.0;-6811.5;0.0;0.0;1064.5;0.0;11.26;22.03;163.67000000000002;91.85499999999999;17.54;22.64;0.0;0.0;17.305;45.795;2.42;63.91;;2024-01-29;07:00
44;Grand Est;Données définitives;6263.0;1048.5;9946.0;3.5;1489.0;-0.5;146.0;-7342.5;0.0;0.0;973.0;0.0;16.73;33.69;158.865;91.92;15.55;20.689999999999998;0.055;0.24;23.77;64.85;2.335;63.48;;2024-01-29;08:00
44;Grand Est;Données définitives;6290.5;1101.5;9949.0;101.0;1245.5;-1.0;146.5;-7117.5;0.0;0.0;865.0;0.0;17.509999999999998;35.394999999999996;158.175;91.95;13.76;18.395000000000003;1.595;6.885;19.8;54.245000000000005;2.33;63.69499999999999;;2024-01-29;09:00
44;Grand Est;Données définitives;6191.0;1104.0;9963.0;335.0;979.5;-1.0;140.5;-6991.0;0.0;0.0;663.0;0.0;17.835;35.474999999999994;160.93;92.08000000000001;10.71;14.100000000000001;5.41;22.835;15.82;42.66;2.27;61.09;;2024-01-29;10:00
44;Grand Est;Données définitives;6201.0;904.0;9957.5;546.5;985.0;-1.0;140.5;-6768.5;0.0;0.0;439.5;0.0;14.57;29.045;160.58;92.03;7.085;9.350000000000001;8.815;37.255;15.885;42.905;2.2649999999999997;61.085;;2024-01-29;11:00
44;Grand Est;Données définitives;6078.0;704.0;9930.5;638.5;1017.0;-1.0;145.0;-6678.0;0.0;0.0;318.5;0.0;11.59;22.619999999999997;163.45;91.78;5.234999999999999;6.775;10.515;43.525;16.744999999999997;44.295;2.385;63.04;;2024-01-29;12:00
44;Grand Est;Données définitives;5870.0;704.5;9868.0;694.0;1052.0;-1.0;148.5;-6876.5;0.0;0.0;277.0;0.0;12.005;22.634999999999998;168.125;91.2;4.715;5.895;11.82;47.305;17.924999999999997;45.82;2.5300000000000002;64.565;;2024-01-29;13:00
44;Grand Est;Données définitives;5663.0;755.5;9800.0;565.0;1050.5;-1.0;152.5;-6862.5;0.0;0.0;203.0;0.0;13.345;24.28;173.06;90.57499999999999;3.58;4.32;9.969999999999999;38.515;18.55;45.754999999999995;2.6900000000000004;66.305;;2024-01-29;14:00
44;Grand Est;Données définitives;5618.0;888.0;9848.0;402.5;1051.5;-1.0;150.0;-6950.0;0.0;0.0;230.5;0.0;15.81;28.535;175.335;91.02;4.11;4.904999999999999;7.154999999999999;27.435;18.72;45.795;2.67;65.215;;2024-01-29;15:00
44;Grand Est;Données définitives;5476.0;1010.5;9840.5;202.0;1122.5;-1.0;152.5;-7211.0;0.0;0.0;359.5;0.0;18.47;32.47;179.72500000000002;90.945;6.58;7.645;3.6799999999999997;13.77;20.515;48.89;2.785;66.305;;2024-01-29;16:00
44;Grand Est;Données définitives;5532.5;1078.5;9857.5;39.5;1135.0;-2.0;156.0;-7276.0;0.0;0.0;544.5;0.0;19.494999999999997;34.655;178.18;91.10499999999999;9.84;11.579999999999998;0.72;2.6950000000000003;20.52;49.435;2.82;67.83;;2024-01-29;17:00
44;Grand Est;Données définitives;5829.5;1090.0;9860.0;0.0;1328.5;-1.0;156.0;-7443.5;0.0;0.0;840.5;0.0;18.705;35.03;169.175;91.13;14.4;17.875;0.0;0.0;22.73;57.864999999999995;2.675;67.83;;2024-01-29;18:00
44;Grand Est;Données définitives;6142.5;1155.5;9866.0;0.0;1590.0;0.0;156.0;-7815.5;0.0;0.0;1192.0;0.0;18.814999999999998;37.129999999999995;160.62;91.18;19.41;25.355;0.0;0.0;25.884999999999998;69.25;2.54;67.83;;2024-01-29;19:00
44;Grand Est;Données définitives;6002.5;1293.5;9878.5;0.0;1539.0;0.0;155.5;-8297.5;0.0;0.0;1435.5;0.0;21.555;41.565;164.58;91.3;23.92;30.53;0.0;0.0;25.645;67.03;2.59;67.61;;2024-01-29;20:00
44;Grand Est;Données définitives;5807.5;1358.0;9827.0;0.0;1070.0;-1.0;155.0;-8090.0;0.0;0.0;1488.5;0.0;23.384999999999998;43.635;169.22;90.82499999999999;25.634999999999998;31.66;0.0;0.0;18.425;46.599999999999994;2.67;67.39;;2024-01-29;21:00
44;Grand Est;Données définitives;5702.5;1001.5;9776.0;0.0;1053.5;-1.0;157.0;-7801.0;0.0;0.0;1518.5;0.0;17.560000000000002;32.185;171.435;90.35499999999999;26.630000000000003;32.295;0.0;0.0;18.475;45.885000000000005;2.755;68.26;;2024-01-29;22:00
44;Grand Est;Données définitives;5610.5;1333.5;9830.0;0.0;1056.5;-1.0;157.5;-8158.5;0.0;0.0;1393.0;0.0;23.765;42.849999999999994;175.20999999999998;90.85;24.83;29.625;0.0;0.0;18.83;46.015;2.8049999999999997;68.48;;2024-01-29;23:00
44;Grand Est;Données définitives;5525.5;725.0;9561.0;0.0;940.5;-7.0;153.5;-8075.5;0.0;0.0;2230.0;0.0;13.120000000000001;23.299999999999997;173.03500000000003;88.36;40.36;47.425;0.0;0.0;17.025;40.96;2.775;66.74;;2024-02-14;00:00
44;Grand Est;Données définitives;5253.0;362.0;9455.5;0.0;951.5;-471.5;154.5;-7429.5;0.0;0.0;2231.5;0.0;6.88;11.635;180.01;87.39;42.485;47.46;0.0;0.0;18.115;41.445;2.9450000000000003;67.175;;2024-02-14;01:00
44;Grand Est;Données définitives;5280.0;268.0;9451.5;0.0;944.0;-594.5;155.0;-7091.5;0.0;0.0;2146.0;0.0;5.075;8.61;179.01;87.35499999999999;40.644999999999996;45.64;0.0;0.0;17.875;41.114999999999995;2.9400000000000004;67.39;;2024-02-14;02:00
44;Grand Est;Données définitives;5107.5;267.0;9356.5;0.0;942.0;-612.0;154.0;-7029.0;0.0;0.0;2028.5;0.0;5.23;8.58;183.19;86.475;39.71;43.14;0.0;0.0;18.445;41.025;3.0149999999999997;66.96;;2024-02-14;03:00
44;Grand Est;Données définitives;4903.0;266.5;9312.5;0.0;959.5;-582.5;154.5;-7022.5;0.0;0.0;1817.0;0.0;5.4350000000000005;8.565000000000001;189.91500000000002;86.07;37.065;38.644999999999996;0.0;0.0;19.57;41.79;3.1500000000000004;67.175;;2024-02-14;04:00
44;Grand Est;Données définitives;4842.0;266.5;9550.5;0.0;969.0;-600.5;154.0;-7253.0;0.0;0.0;1755.5;0.0;5.505;8.565000000000001;197.31;88.265;36.265;37.335;0.0;0.0;20.020000000000003;42.205;3.18;66.96;;2024-02-14;05:00
44;Grand Est;Données définitives;5242.0;372.0;9515.0;0.0;962.0;-378.5;156.0;-7137.5;0.0;0.0;1752.5;0.0;7.0600000000000005;11.95;181.60500000000002;87.94;33.45;37.269999999999996;0.0;0.0;18.365000000000002;41.9;2.98;67.83;;2024-02-14;06:00
44;Grand Est;Données définitives;5692.0;993.0;9490.0;0.0;1171.5;-6.5;156.0;-7824.0;0.0;0.0;1712.0;0.0;17.43;31.91;166.735;87.705;30.075000000000003;36.41;0.0;0.0;20.555;51.025000000000006;2.74;67.83;;2024-02-14;07:00
44;Grand Est;Données définitives;5758.5;1116.5;9477.5;7.0;1458.0;-6.0;155.5;-8180.0;0.0;0.0;1729.5;0.0;19.39;35.875;164.58499999999998;87.595;30.035;36.785;0.125;0.48;25.314999999999998;63.5;2.7;67.61;;2024-02-14;08:00
44;Grand Est;Données définitives;5888.0;1129.0;9529.0;55.5;1369.0;-3.5;149.5;-8120.5;0.0;0.0;1782.0;0.0;19.175;36.28;161.855;88.07;30.27;37.9;0.935;3.7800000000000002;23.244999999999997;59.625;2.54;65.0;;2024-02-14;09:00
44;Grand Est;Données définitives;5926.0;1133.0;9525.5;132.0;1227.5;-0.5;146.5;-8031.0;0.0;0.0;1793.5;0.0;19.119999999999997;36.405;160.745;88.035;30.265;38.14;2.2249999999999996;9.0;20.71;53.459999999999994;2.4699999999999998;63.69499999999999;;2024-02-14;10:00
44;Grand Est;Données définitives;5919.5;1154.0;9511.5;216.5;1035.0;-1.0;146.5;-7913.5;0.0;0.0;1769.5;0.0;19.494999999999997;37.085;160.69;87.905;29.895000000000003;37.629999999999995;3.6550000000000002;14.754999999999999;17.485;45.08;2.475;63.69499999999999;;2024-02-14;11:00
44;Grand Est;Données définitives;5958.0;810.5;9509.0;265.5;1002.5;-1.0;148.0;-7503.0;0.0;0.0;1725.0;0.0;13.600000000000001;26.045;159.635;87.885;28.950000000000003;36.685;4.46;18.095;16.82;43.665;2.4850000000000003;64.35;;2024-02-14;12:00
44;Grand Est;Données définitives;5700.5;731.5;9500.5;245.0;975.0;-139.5;148.5;-7388.5;0.0;0.0;1631.0;0.0;12.83;23.505000000000003;166.67000000000002;87.805;28.61;34.685;4.300000000000001;16.705;17.104999999999997;42.465;2.605;64.565;;2024-02-14;13:00
44;Grand Est;Données définitives;5657.0;433.0;9487.5;196.5;964.0;-516.0;150.0;-6577.5;0.0;0.0;1518.0;0.0;7.67;13.915;167.725;87.685;26.84;32.285;3.4749999999999996;13.395;17.04;41.985;2.65;65.215;;2024-02-14;14:00
44;Grand Est;Données définitives;5636.0;278.0;9468.5;128.5;944.5;-511.5;154.0;-6114.5;0.0;0.0;1287.5;0.0;4.9350000000000005;8.935;168.01;87.50999999999999;22.84;27.384999999999998;2.2800000000000002;8.76;16.759999999999998;41.135000000000005;2.7350000000000003;66.955;;2024-02-14;15:00
44;Grand Est;Données définitives;5432.5;281.5;9469.5;79.5;930.5;-507.0;156.5;-6073.5;0.0;0.0;1095.5;0.0;5.18;9.045;174.315;87.515;20.165;23.3;1.46;5.42;17.13;40.525;2.88;68.045;;2024-02-14;16:00
44;Grand Est;Données définitives;5385.5;387.5;9474.5;34.5;951.5;-4.0;149.0;-6701.0;0.0;0.0;1093.0;0.0;7.205;12.45;175.93;87.565;20.295;23.245;0.64;2.35;17.665;41.44;2.7649999999999997;64.78;;2024-02-14;17:00
44;Grand Est;Données définitives;5543.5;1012.5;9475.5;1.5;1452.0;-0.5;154.0;-7734.5;0.0;0.0;1183.5;0.0;18.225;32.535;171.055;87.57499999999999;21.345;25.17;0.03;0.1;26.17;63.239999999999995;2.7800000000000002;66.955;;2024-02-14;18:00
44;Grand Est;Données définitives;5830.0;1130.5;9483.0;0.0;1489.0;0.0;150.5;-7854.5;0.0;0.0;1433.5;0.0;19.395000000000003;36.33;162.66;87.64;24.59;30.490000000000002;0.0;0.0;25.54;64.85;2.585;65.435;;2024-02-14;19:00
44;Grand Est;Données définitives;5721.5;1148.5;9479.5;0.0;1481.0;0.0;149.5;-8112.5;0.0;0.0;1576.0;0.0;20.08;36.905;165.72;87.61;27.555;33.515;0.0;0.0;25.905;64.505;2.6100000000000003;65.0;;2024-02-14;20:00
44;Grand Est;Données définitives;5450.5;1135.5;9479.5;0.0;1420.5;-0.5;150.0;-8325.5;0.0;0.0;1591.5;0.0;20.84;36.485;173.995;87.61;29.21;33.845;0.0;0.0;26.03;61.870000000000005;2.755;65.22;;2024-02-14;21:00
44;Grand Est;Données définitives;5281.0;1003.5;9481.5;0.0;1102.0;-0.5;151.5;-8013.0;0.0;0.0;1556.5;0.0;18.985;32.245000000000005;179.555;87.63;29.475;33.1;0.0;0.0;20.85;47.995000000000005;2.865;65.87;;2024-02-14;22:00
44;Grand Est;Données définitives;5243.0;744.0;9479.5;0.0;954.0;-5.0;151.5;-7607.0;0.0;0.0;1527.0;0.0;14.190000000000001;23.905;180.815;87.61500000000001;29.130000000000003;32.474999999999994;0.0;0.0;18.2;41.55;2.8899999999999997;65.87;;2024-02-14;23:00
44;Grand Est;Données définitives;4979.5;773.0;7119.5;0.0;1120.0;-5.0;153.0;-4345.5;0.0;0.0;164.5;0.0;15.52;24.84;142.985;65.80000000000001;3.3049999999999997;3.5;0.0;0.0;22.495;48.785;3.075;66.52;;2024-03-14;00:00
44;Grand Est;Données définitives;4817.5;550.5;6385.5;0.0;1065.5;-154.5;153.5;-3355.5;0.0;0.0;172.5;0.0;11.435;17.69;132.57999999999998;59.015;3.58;3.665;0.0;0.0;22.125;46.405;3.19;66.74;;2024-03-14;01:00
44;Grand Est;Données définitives;4778.5;536.0;6351.5;0.0;1067.0;-177.0;153.5;-3316.0;0.0;0.0;163.0;0.0;11.219999999999999;17.22;132.92000000000002;58.7;3.415;3.4699999999999998;0.0;0.0;22.33;46.47;3.215;66.74;;2024-03-14;02:00
44;Grand Est;Données définitives;4754.0;550.0;6367.0;0.0;1066.5;-176.5;151.0;-3405.5;0.0;0.0;199.0;0.0;11.57;17.674999999999997;133.94;58.845;4.1899999999999995;4.23;0.0;0.0;22.435000000000002;46.455;3.175;65.65;;2024-03-14;03:00
44;Grand Est;Données définitives;4462.5;569.0;6629.5;0.0;1064.0;-407.0;151.0;-3856.0;0.0;0.0;309.0;0.0;12.75;18.28;148.625;61.269999999999996;6.9350000000000005;6.574999999999999;0.0;0.0;23.845;46.345;3.385;65.65;;2024-03-14;04:00
44;Grand Est;Données définitives;4643.5;557.0;7182.0;0.0;1056.5;-201.0;152.0;-4610.0;0.0;0.0;509.5;0.0;12.010000000000002;17.895000000000003;154.755;66.38;10.95;10.84;0.0;0.0;22.765;46.015;3.2750000000000004;66.09;;2024-03-14;05:00
44;Grand Est;Données définitives;4966.0;853.0;7198.5;0.0;1057.0;-4.0;152.0;-4999.0;0.0;0.0;711.5;0.0;17.15;27.41;145.17000000000002;66.53;14.32;15.129999999999999;0.0;0.0;21.32;46.035;3.0650000000000004;66.09;;2024-03-14;06:00
44;Grand Est;Données définitives;5307.5;952.5;7230.0;11.5;1522.5;0.0;152.0;-5386.0;0.0;0.0;827.0;0.0;17.979999999999997;30.61;136.375;66.82;15.575;17.59;0.21;0.785;28.655;66.31;2.865;66.09;;2024-03-14;07:00
44;Grand Est;Données définitives;5519.0;906.0;7235.0;148.5;1511.5;0.0;153.0;-5306.0;0.0;0.0;873.0;0.0;16.415;29.11;131.095;66.87;15.82;18.564999999999998;2.69;10.120000000000001;27.384999999999998;65.83;2.77;66.52;;2024-03-14;08:00
44;Grand Est;Données définitives;5427.0;922.5;7233.0;379.0;1452.0;-0.5;153.0;-5316.5;0.0;0.0;608.0;0.0;16.995;29.64;133.27999999999997;66.85;11.205;12.93;6.98;25.835;26.755;63.24;2.82;66.52;;2024-03-14;09:00
44;Grand Est;Données définitives;5390.0;857.0;7005.5;644.0;1052.0;-1.0;152.0;-4629.0;0.0;0.0;308.0;0.0;15.934999999999999;27.54;130.03;64.75;5.725;6.550000000000001;11.940000000000001;43.894999999999996;19.52;45.82;2.8200000000000003;66.09;;2024-03-14;10:00
44;Grand Est;Données définitives;5275.5;395.0;6301.5;893.0;1054.0;-170.0;150.5;-3590.5;0.0;0.0;239.5;0.0;7.494999999999999;12.695;119.44999999999999;58.24;4.535;5.095;16.925;60.875;19.98;45.905;2.855;65.435;;2024-03-14;11:00
44;Grand Est;Données définitives;5160.5;186.5;6266.0;1032.0;1059.0;-404.5;153.0;-3470.5;0.0;0.0;338.5;0.0;3.61;5.995;121.425;57.915000000000006;6.5649999999999995;7.199999999999999;20.005000000000003;70.345;20.525;46.125;2.965;66.525;;2024-03-14;12:00
44;Grand Est;Données définitives;5202.0;187.0;6256.0;1100.0;1043.5;-694.0;155.5;-3275.5;0.0;0.0;430.0;0.0;3.5949999999999998;6.01;120.305;57.82;8.274999999999999;9.145;21.155;74.985;20.065;45.45;2.99;67.61;;2024-03-14;13:00
44;Grand Est;Données définitives;4829.0;186.0;6194.0;1000.0;1047.5;-686.0;155.5;-3639.5;0.0;0.0;575.0;0.0;3.85;5.98;128.29;57.245000000000005;11.92;12.23;20.705;68.16499999999999;21.7;45.620000000000005;3.2199999999999998;67.61;;2024-03-14;14:00
44;Grand Est;Données définitives;4794.5;192.0;6171.0;802.0;1054.5;-678.0;155.0;-3607.5;0.0;0.0;709.0;0.0;4.005;6.17;128.70999999999998;57.035;14.79;15.08;16.73;54.67;21.995;45.93;3.235;67.395;;2024-03-14;15:00
44;Grand Est;Données définitives;4663.0;197.0;6195.0;509.0;1051.0;-667.5;159.0;-3609.0;0.0;0.0;827.5;0.0;4.23;6.33;132.905;57.254999999999995;17.755;17.6;10.945;34.695;22.545;45.775;3.41;69.13499999999999;;2024-03-14;16:00
44;Grand Est;Données définitives;4587.5;197.5;6147.5;255.0;996.0;-253.0;159.0;-3713.0;0.0;0.0;796.0;0.0;4.305;6.345000000000001;134.01999999999998;56.815;17.36;16.93;5.57;17.384999999999998;21.715;43.379999999999995;3.465;69.13499999999999;;2024-03-14;17:00
44;Grand Est;Données définitives;4773.5;308.5;6747.5;63.0;1387.0;-0.5;160.5;-4661.0;0.0;0.0;768.0;0.0;6.405;9.915;141.3;62.36;16.105;16.335;1.3399999999999999;4.295;28.994999999999997;60.410000000000004;3.365;69.785;;2024-03-14;18:00
44;Grand Est;Données définitives;5146.5;635.5;7098.5;0.5;1619.5;0.0;161.0;-5141.5;0.0;0.0;773.0;0.0;12.35;20.42;137.93;65.605;15.02;16.439999999999998;0.01;0.035;31.47;70.535;3.13;70.0;;2024-03-14;19:00
44;Grand Est;Données définitives;5165.0;646.5;7045.5;0.0;1527.0;0.0;162.5;-5106.0;0.0;0.0;891.5;0.0;12.52;20.775;136.405;65.12;17.265;18.96;0.0;0.0;29.56;66.51;3.15;70.65;;2024-03-14;20:00
44;Grand Est;Données définitives;5028.0;565.0;6857.5;0.0;1438.0;0.0;161.5;-5133.5;0.0;0.0;1142.5;0.0;11.21;18.155;136.45;63.375;22.759999999999998;24.3;0.0;0.0;28.615000000000002;62.63;3.21;70.215;;2024-03-14;21:00
44;Grand Est;Données définitives;4832.0;245.5;6954.0;0.0;1456.5;0.0;159.0;-5518.0;0.0;0.0;1536.0;0.0;5.085;7.890000000000001;143.91;64.27;31.775;32.665;0.0;0.0;30.14;63.435;3.29;69.13;;2024-03-14;22:00
44;Grand Est;Données définitives;4965.5;225.0;7130.5;0.0;1203.0;0.0;159.0;-5823.0;0.0;0.0;2073.0;0.0;4.529999999999999;7.23;143.60500000000002;65.9;41.745;44.084999999999994;0.0;0.0;24.229999999999997;52.394999999999996;3.2;69.13;;2024-03-14;23:00
44;Grand Est;Données définitives;4766.0;41.0;6504.0;0.0;1390.5;-1.0;142.5;-5060.0;0.0;0.0;1748.0;0.0;0.86;1.32;136.5;60.11;36.67;37.175;0.0;0.0;29.174999999999997;60.56;2.99;61.955;;2024-04-17;00:00
44;Grand Est;Données définitives;4619.5;41.0;6500.0;0.0;1232.5;-1.0;142.5;-4813.5;0.0;0.0;1519.0;0.0;0.885;1.32;140.70999999999998;60.075;32.88;32.305;0.0;0.0;26.68;53.68;3.085;61.955;;2024-04-17;01:00
44;Grand Est;Données définitives;4576.5;41.0;6537.0;0.0;993.5;-1.0;142.5;-4473.0;0.0;0.0;1338.5;0.0;0.895;1.32;142.85;60.415000000000006;29.259999999999998;28.465;0.0;0.0;21.72;43.275;3.11;61.955;;2024-04-17;02:00
44;Grand Est;Données définitives;4452.0;40.5;6515.0;0.0;945.5;-431.5;141.0;-3904.0;0.0;0.0;1146.0;0.0;0.91;1.3050000000000002;146.34;60.21;25.740000000000002;24.375;0.0;0.0;21.240000000000002;41.18;3.17;61.3;;2024-04-17;03:00
44;Grand Est;Données définitives;4309.0;40.5;6517.0;0.0;941.0;-674.5;140.5;-3719.5;0.0;0.0;1064.0;0.0;0.94;1.3050000000000002;151.24;60.230000000000004;24.695;22.630000000000003;0.0;0.0;21.835;40.985;3.26;61.084999999999994;;2024-04-17;04:00
44;Grand Est;Données définitives;4397.5;40.0;6527.0;0.0;945.5;-625.0;138.5;-3486.0;0.0;0.0;858.0;0.0;0.9099999999999999;1.2850000000000001;148.43;60.325;19.525;18.244999999999997;0.0;0.0;21.5;41.18;3.1500000000000004;60.215;;2024-04-17;05:00
44;Grand Est;Données définitives;4644.0;37.0;6537.5;0.0;1015.0;-3.5;140.0;-3789.0;0.0;0.0;707.0;0.0;0.7949999999999999;1.19;140.905;60.42;15.245000000000001;15.035;0.0;0.0;21.835;44.205;3.015;60.87;;2024-04-17;06:00
44;Grand Est;Données définitives;4960.5;36.0;6558.5;13.0;1180.0;-1.0;136.0;-3535.0;0.0;0.0;572.0;0.0;0.725;1.16;132.275;60.614999999999995;11.559999999999999;12.165;0.255;0.8899999999999999;23.855;51.394999999999996;2.74;59.135000000000005;;2024-04-17;07:00
44;Grand Est;Données définitives;5211.5;37.5;6580.5;102.5;1641.5;-0.5;139.0;-3785.0;0.0;0.0;494.5;0.0;0.72;1.205;126.28999999999999;60.82;9.49;10.52;1.9549999999999998;6.985;31.47;71.495;2.67;60.435;;2024-04-17;08:00
44;Grand Est;Données définitives;5344.5;38.0;6557.5;222.5;1677.5;0.0;137.0;-3848.0;0.0;0.0;561.0;0.0;0.71;1.22;122.725;60.605;10.49;11.93;4.16;15.165;31.39;73.06;2.565;59.565;;2024-04-17;09:00
44;Grand Est;Données définitives;5441.0;38.0;6564.0;350.0;1678.5;0.0;137.5;-3964.0;0.0;0.0;638.0;0.0;0.7;1.22;120.65;60.665;11.725000000000001;13.57;6.42;23.86;30.845;73.105;2.53;59.785;;2024-04-17;10:00
44;Grand Est;Données définitives;5413.5;37.5;6543.5;510.5;1346.0;-1.0;139.5;-3809.5;0.0;0.0;646.5;0.0;0.695;1.205;120.875;60.475;11.940000000000001;13.75;9.425;34.8;24.865000000000002;58.625;2.575;60.65;;2024-04-17;11:00
44;Grand Est;Données définitives;5543.0;37.5;6412.5;638.0;1279.0;-1.0;140.5;-3725.0;0.0;0.0;766.0;0.0;0.675;1.205;115.685;59.265;13.82;16.29;11.515;43.49;23.075000000000003;55.705;2.535;61.084999999999994;;2024-04-17;12:00
44;Grand Est;Données définitives;5511.5;37.5;6359.0;761.5;1093.5;-197.5;143.5;-3411.5;0.0;0.0;726.5;0.0;0.6799999999999999;1.205;115.375;58.775000000000006;13.184999999999999;15.45;13.82;51.905;19.84;47.625;2.605;62.39;;2024-04-17;13:00
44;Grand Est;Données définitives;5247.0;37.0;6295.5;752.0;1029.5;-518.5;143.5;-3311.0;0.0;0.0;818.0;0.0;0.705;1.19;119.985;58.18;15.59;17.4;14.335;51.26;19.625;44.834999999999994;2.7350000000000003;62.39;;2024-04-17;14:00
44;Grand Est;Données définitives;5107.0;38.0;5308.0;733.0;942.0;-512.0;142.0;-2520.5;0.0;0.0;975.0;0.0;0.745;1.22;103.86500000000001;49.055;19.145;20.735;14.345;49.97;18.445;41.025;2.7800000000000002;61.735;;2024-04-17;15:00
44;Grand Est;Données définitives;5031.5;39.0;5033.5;526.5;919.0;-508.0;142.0;-2626.0;0.0;0.0;1505.0;0.0;0.775;1.255;100.045;46.52;29.925;32.01;10.475000000000001;35.885000000000005;18.265;40.03;2.82;61.74;;2024-04-17;16:00
44;Grand Est;Données définitives;4894.0;38.5;5337.0;458.5;950.0;-504.5;142.0;-2562.5;0.0;0.0;1033.0;0.0;0.79;1.2349999999999999;109.12;49.325;21.08;21.97;9.36;31.255;19.415;41.38;2.9050000000000002;61.74;;2024-04-17;17:00
44;Grand Est;Données définitives;5091.5;39.5;6363.0;250.5;987.5;-497.0;141.5;-3447.5;0.0;0.0;1253.5;0.0;0.775;1.27;124.995;58.805;24.619999999999997;26.66;4.93;17.075;19.395;43.004999999999995;2.7800000000000002;61.519999999999996;;2024-04-17;18:00
44;Grand Est;Données définitives;5394.0;41.0;6495.0;137.5;1149.5;-4.0;141.5;-3238.5;0.0;0.0;672.0;0.0;0.76;1.32;120.41;60.025;12.455;14.29;2.545;9.37;21.310000000000002;50.065;2.625;61.519999999999996;;2024-04-17;19:00
44;Grand Est;Données définitives;5184.0;42.0;6426.5;31.0;1332.0;-1.0;140.5;-3146.0;0.0;0.0;361.5;0.0;0.81;1.35;123.985;59.394999999999996;6.95;7.6850000000000005;0.59;2.115;25.695;58.015;2.71;61.084999999999994;;2024-04-17;20:00
44;Grand Est;Données définitives;5165.0;41.5;6449.0;0.0;1379.0;-1.0;140.5;-3086.0;0.0;0.0;242.0;0.0;0.8049999999999999;1.335;124.87;59.6;4.6899999999999995;5.145;0.0;0.0;26.7;60.06;2.7199999999999998;61.084999999999994;;2024-04-17;21:00
44;Grand Est;Données définitives;5082.0;41.0;6486.0;0.0;1496.5;-0.5;140.5;-3334.5;0.0;0.0;252.0;0.0;0.805;1.32;127.64;59.945;4.96;5.355;0.0;0.0;29.47;65.17999999999999;2.7649999999999997;61.084999999999994;;2024-04-17;22:00
44;Grand Est;Données définitives;5149.5;40.5;6562.5;0.0;1649.5;0.0;140.5;-3521.5;0.0;0.0;279.0;0.0;0.79;1.3;127.46000000000001;60.655;5.42;5.93;0.0;0.0;32.035;71.84;2.73;61.084999999999994;;2024-04-17;23:00
44;Grand Est;Données définitives;3712.0;51.0;6495.0;0.0;1587.5;-0.5;144.5;-5199.5;0.0;0.0;633.5;0.0;1.375;1.6400000000000001;175.01999999999998;60.025;17.06;13.475;0.0;0.0;42.754999999999995;69.14;3.895;62.825;;2024-05-13;00:00
44;Grand Est;Données définitives;3472.5;51.5;6426.5;0.0;1271.5;-1.0;142.0;-5023.0;0.0;0.0;605.5;0.0;1.4849999999999999;1.6549999999999998;185.125;59.394999999999996;17.465;12.875;0.0;0.0;36.595;55.379999999999995;4.09;61.74;;2024-05-13;01:00
44;Grand Est;Données définitives;3475.5;50.5;6363.5;0.0;1107.5;-1.0;144.5;-4906.0;0.0;0.0;716.5;0.0;1.455;1.625;183.10000000000002;58.815;20.615000000000002;15.235;0.0;0.0;31.869999999999997;48.235;4.16;62.825;;2024-05-13;02:00
44;Grand Est;Données définitives;3363.5;51.0;6355.5;0.0;1088.5;-299.5;143.5;-4724.0;0.0;0.0;748.0;0.0;1.52;1.64;188.98;58.74;22.240000000000002;15.91;0.0;0.0;32.365;47.405;4.27;62.39;;2024-05-13;03:00
44;Grand Est;Données définitives;3207.5;51.0;6306.5;0.0;1074.5;-485.5;144.5;-4523.5;0.0;0.0;640.0;0.0;1.59;1.64;196.62;58.290000000000006;19.965;13.61;0.0;0.0;33.5;46.795;4.505;62.825;;2024-05-13;04:00
44;Grand Est;Données définitives;3285.5;51.0;6422.0;0.0;1090.5;-311.0;144.5;-4660.5;0.0;0.0;551.0;0.0;1.5550000000000002;1.64;195.62;59.349999999999994;16.835;11.72;0.0;0.0;33.225;47.495000000000005;4.404999999999999;62.825;;2024-05-13;05:00
44;Grand Est;Données définitives;3487.0;50.5;6517.5;1.0;1128.5;-1.0;143.0;-4728.0;0.0;0.0;375.5;0.0;1.45;1.625;187.07999999999998;60.235;10.8;7.99;0.03;0.07;32.365;49.155;4.105;62.17;;2024-05-13;06:00
44;Grand Est;Données définitives;3983.5;51.0;6518.5;31.5;1374.5;-1.0;143.0;-4424.5;0.0;0.0;289.0;0.0;1.28;1.64;163.64499999999998;60.245000000000005;7.255;6.145;0.7849999999999999;2.145;34.504999999999995;59.864999999999995;3.59;62.175;;2024-05-13;07:00
44;Grand Est;Données définitives;4241.0;44.5;6519.5;127.5;1545.0;-1.0;144.0;-4358.5;0.0;0.0;221.5;0.0;1.05;1.43;153.77499999999998;60.254999999999995;5.225;4.71;2.99;8.69;36.455;67.28999999999999;3.4;62.61;;2024-05-13;08:00
44;Grand Est;Données définitives;4516.5;44.5;6260.0;310.0;1357.5;-0.5;143.5;-3834.0;0.0;0.0;237.5;0.0;0.99;1.43;138.56;57.855;5.26;5.050000000000001;6.88;21.13;30.04;59.125;3.175;62.39;;2024-05-13;09:00
44;Grand Est;Données définitives;4444.0;43.0;5874.5;514.5;1135.0;-1.0;142.0;-3476.5;0.0;0.0;212.5;0.0;0.965;1.38;132.19;54.295;4.785;4.52;11.575;35.07;25.545;49.435;3.1950000000000003;61.74;;2024-05-13;10:00
44;Grand Est;Données définitives;4540.0;42.0;5877.5;617.5;1047.0;-304.5;143.0;-3069.5;0.0;0.0;188.0;0.0;0.925;1.35;129.465;54.31999999999999;4.14;3.995;13.6;42.09;23.065;45.6;3.1500000000000004;62.17;;2024-05-13;11:00
44;Grand Est;Données définitives;4498.0;41.0;5845.5;617.5;1049.0;-341.0;143.5;-2993.5;0.0;0.0;136.5;0.0;0.915;1.32;129.96;54.025;3.04;2.9;13.739999999999998;42.095;23.32;45.685;3.1900000000000004;62.39;;2024-05-13;12:00
44;Grand Est;Données définitives;4598.0;40.0;5838.5;572.5;1041.0;-338.5;144.0;-2813.0;0.0;0.0;113.5;0.0;0.87;1.29;126.98;53.96;2.4699999999999998;2.41;12.45;39.025000000000006;22.64;45.34;3.13;62.61;;2024-05-13;13:00
44;Grand Est;Données définitives;4546.0;40.5;5811.0;584.5;1017.5;-336.5;143.0;-2812.0;0.0;0.0;100.5;0.0;0.89;1.3050000000000002;127.83;53.705;2.21;2.1399999999999997;12.855;39.845;22.384999999999998;44.32;3.145;62.17;;2024-05-13;14:00
44;Grand Est;Données définitives;4615.5;40.0;5826.0;701.5;1015.0;-333.5;139.0;-2901.5;0.0;0.0;129.0;0.0;0.87;1.29;126.22999999999999;53.845;2.795;2.74;15.195;47.82;21.995;44.21;3.01;60.435;;2024-05-13;15:00
44;Grand Est;Données définitives;4408.5;38.5;6327.0;780.5;1016.5;-331.0;142.5;-3734.5;0.0;0.0;170.5;0.0;0.875;1.2349999999999999;143.505;58.474999999999994;3.87;3.625;17.705;53.2;23.060000000000002;44.275;3.2350000000000003;61.955;;2024-05-13;16:00
44;Grand Est;Données définitives;4301.0;39.0;6447.5;741.5;1013.5;-327.5;143.0;-3947.5;0.0;0.0;188.0;0.0;0.905;1.25;149.91;59.585;4.37;3.995;17.240000000000002;50.545;23.564999999999998;44.144999999999996;3.325;62.175;;2024-05-13;17:00
44;Grand Est;Données définitives;4315.0;42.0;6451.0;588.5;1018.5;-106.5;146.0;-4063.5;0.0;0.0;236.5;0.0;0.9750000000000001;1.35;149.68;59.620000000000005;5.48;5.029999999999999;13.715;40.115;23.630000000000003;44.36;3.3899999999999997;63.48;;2024-05-13;18:00
44;Grand Est;Données définitives;4530.5;41.5;6441.0;315.0;1350.5;-1.0;145.5;-4044.5;0.0;0.0;281.5;0.0;0.915;1.335;142.205;59.53;6.21;5.984999999999999;6.98;21.475;29.814999999999998;58.82;3.215;63.26;;2024-05-13;19:00
44;Grand Est;Données définitives;4542.0;40.5;6445.0;90.0;1299.0;-1.0;145.5;-3809.0;0.0;0.0;333.0;0.0;0.89;1.3050000000000002;141.92000000000002;59.565;7.34;7.08;1.9699999999999998;6.135;28.6;56.575;3.2;63.26;;2024-05-13;20:00
44;Grand Est;Données définitives;4282.5;37.5;6444.5;8.5;1259.5;-1.0;151.0;-4172.0;0.0;0.0;556.0;0.0;0.88;1.205;150.485;59.565;12.99;11.825;0.2;0.58;29.409999999999997;54.86;3.5250000000000004;65.65;;2024-05-13;21:00
44;Grand Est;Données définitives;4377.5;38.0;6449.0;0.0;1295.0;-0.5;153.0;-4647.0;0.0;0.0;1094.5;0.0;0.865;1.22;147.325;59.6;25.02;23.28;0.0;0.0;29.59;56.4;3.495;66.52;;2024-05-13;22:00
44;Grand Est;Données définitives;4468.5;37.0;6458.0;0.0;1282.5;-0.5;154.0;-5106.5;0.0;0.0;1645.5;0.0;0.8300000000000001;1.19;144.615;59.685;36.915;34.995000000000005;0.0;0.0;28.705;55.86;3.445;66.96;;2024-05-13;23:00
44;Grand Est;Données définitives;4280.5;42.0;6543.5;0.0;1297.5;0.0;158.0;-4301.5;0.0;0.0;542.0;0.0;0.985;1.35;152.9;60.475;12.66;11.530000000000001;0.0;0.0;30.314999999999998;56.51;3.6950000000000003;68.7;;2024-06-11;00:00
44;Grand Est;Données définitives;4039.5;42.0;6497.0;0.0;1091.0;-1.0;157.0;-4222.0;0.0;0.0;478.0;0.0;1.04;1.35;160.84;60.045;11.835;10.17;0.0;0.0;27.0;47.519999999999996;3.885;68.26;;2024-06-11;01:00
44;Grand Est;Données définitives;4039.5;42.0;6453.5;0.0;1054.5;-221.0;157.0;-3858.0;0.0;0.0;412.0;0.0;1.04;1.35;159.785;59.644999999999996;10.190000000000001;8.76;0.0;0.0;26.104999999999997;45.93;3.885;68.26;;2024-06-11;02:00
44;Grand Est;Données définitives;3840.0;42.0;6443.5;0.0;1053.5;-344.5;156.0;-3805.0;0.0;0.0;293.5;0.0;1.0950000000000002;1.35;167.825;59.555;7.640000000000001;6.245;0.0;0.0;27.439999999999998;45.885;4.065;67.825;;2024-06-11;03:00
44;Grand Est;Données définitives;3746.0;42.0;6381.0;0.0;1052.0;-342.5;155.5;-3805.0;0.0;0.0;263.0;0.0;1.12;1.35;170.345;58.97;7.02;5.595;0.0;0.0;28.085;45.82;4.15;67.61;;2024-06-11;04:00
44;Grand Est;Données définitives;3736.0;42.0;6444.0;0.0;1050.5;-340.0;154.5;-3858.5;0.0;0.0;244.0;0.0;1.125;1.35;172.56;59.55500000000001;6.535;5.19;0.0;0.0;28.135;45.754999999999995;4.135;67.175;;2024-06-11;05:00
44;Grand Est;Données définitives;4001.5;42.0;6508.5;19.0;1051.0;-202.5;155.0;-3780.5;0.0;0.0;207.5;0.0;1.0550000000000002;1.35;162.83999999999997;60.155;5.215;4.415;0.465;1.2950000000000002;26.295;45.78;3.88;67.39;;2024-06-11;06:00
44;Grand Est;Données définitives;4282.5;41.0;6482.5;116.0;1289.0;0.0;156.0;-3899.5;0.0;0.0;97.5;0.0;0.96;1.32;151.45;59.91;2.29;2.07;2.695;7.91;30.095;56.14;3.645;67.83;;2024-06-11;07:00
44;Grand Est;Données définitives;4501.0;42.0;6498.5;346.0;1295.0;0.0;154.5;-3864.0;0.0;0.0;29.5;0.0;0.935;1.35;144.39499999999998;60.06;0.66;0.625;7.66;23.585;28.79;56.400000000000006;3.435;67.175;;2024-06-11;08:00
44;Grand Est;Données définitives;4653.5;43.0;6570.0;618.0;1219.5;0.0;153.0;-3961.0;0.0;0.0;14.5;0.0;0.925;1.38;141.195;60.72;0.31;0.31;13.275;42.125;26.21;53.114999999999995;3.285;66.525;;2024-06-11;09:00
44;Grand Est;Données définitives;4604.0;45.0;6564.0;797.5;1220.5;0.0;148.0;-4192.0;0.0;0.0;27.0;0.0;0.98;1.4449999999999998;142.595;60.665;0.585;0.575;17.315;54.365;26.515;53.155;3.215;64.345;;2024-06-11;10:00
44;Grand Est;Données définitives;4739.0;47.0;6560.5;913.0;1142.5;-0.5;145.0;-4115.0;0.0;0.0;43.5;0.0;0.99;1.51;138.44;60.635;0.9199999999999999;0.925;19.265;62.24;24.12;49.76;3.0599999999999996;63.04;;2024-06-11;11:00
44;Grand Est;Données définitives;4868.5;48.0;6515.0;1028.0;1051.5;-0.5;145.0;-3967.5;0.0;0.0;47.0;0.0;0.985;1.54;133.82;60.21;0.9650000000000001;1.0;21.115000000000002;70.07499999999999;21.6;45.8;2.98;63.045;;2024-06-11;12:00
44;Grand Est;Données définitives;4873.0;48.0;6458.0;982.5;1061.5;-238.0;147.5;-3644.5;0.0;0.0;59.0;0.0;0.985;1.54;132.55;59.685;1.21;1.25;20.17;66.975;21.79;46.230000000000004;3.0250000000000004;64.13;;2024-06-11;13:00
44;Grand Est;Données définitives;4724.5;48.5;6433.0;968.0;1075.0;-343.5;150.0;-3672.0;0.0;0.0;66.5;0.0;1.03;1.5550000000000002;136.20999999999998;59.455;1.405;1.415;20.490000000000002;65.985;22.755000000000003;46.82;3.175;65.22;;2024-06-11;14:00
44;Grand Est;Données définitives;4599.5;48.0;6404.5;905.5;1079.0;-341.5;152.0;-3753.5;0.0;0.0;106.0;0.0;1.04;1.54;139.245;59.195;2.3049999999999997;2.255;19.685000000000002;61.725;23.46;46.995000000000005;3.3049999999999997;66.08500000000001;;2024-06-11;15:00
44;Grand Est;Données définitives;4483.5;48.0;5811.0;806.0;1083.5;-338.5;156.5;-3581.5;0.0;0.0;498.0;0.0;1.0750000000000002;1.54;129.485;53.705;11.225;10.59;17.985;54.945;24.18;47.19;3.49;68.045;;2024-06-11;16:00
44;Grand Est;Données définitives;4483.0;45.5;5366.0;654.0;1091.5;-335.0;155.0;-3557.0;0.0;0.0;1063.0;0.0;1.0150000000000001;1.4649999999999999;119.7;49.595;23.72;22.605;14.59;44.58;24.345;47.540000000000006;3.46;67.39;;2024-06-11;17:00
44;Grand Est;Données définitives;4406.0;44.5;5426.0;480.0;1091.0;-168.0;147.5;-3190.5;0.0;0.0;576.0;0.0;1.01;1.43;123.15;50.15;13.075;12.25;10.895;32.72;24.759999999999998;47.52;3.3449999999999998;64.13;;2024-06-11;18:00
44;Grand Est;Données définitives;4527.0;46.5;6063.0;255.5;1299.5;0.0;153.5;-3737.0;0.0;0.0;447.0;0.0;1.025;1.495;133.91;56.035;9.879999999999999;9.51;5.65;17.42;28.705;56.595;3.3899999999999997;66.74000000000001;;2024-06-11;19:00
44;Grand Est;Données définitives;4412.5;48.0;6390.5;122.5;1314.5;0.0;154.5;-3953.0;0.0;0.0;337.0;0.0;1.09;1.54;144.85500000000002;59.065;7.630000000000001;7.165;2.77;8.35;29.79;57.254999999999995;3.5;67.175;;2024-06-11;20:00
44;Grand Est;Données définitives;4268.0;47.5;6519.0;31.5;1302.0;0.0;143.0;-4057.0;0.0;0.0;284.0;0.0;1.1150000000000002;1.525;152.745;60.25;6.654999999999999;6.04;0.7350000000000001;2.145;30.505000000000003;56.705;3.3499999999999996;62.17;;2024-06-11;21:00
44;Grand Est;Données définitives;4320.0;47.0;6530.0;0.5;1302.5;0.0;143.0;-4028.5;0.0;0.0;324.0;0.0;1.09;1.51;151.18;60.35;7.505;6.890000000000001;0.01;0.035;30.15;56.730000000000004;3.31;62.17;;2024-06-11;22:00
44;Grand Est;Données définitives;4451.0;48.0;6492.5;0.0;1361.5;0.0;143.0;-3860.5;0.0;0.0;266.0;0.0;1.08;1.54;145.895;60.004999999999995;5.98;5.66;0.0;0.0;30.595;59.3;3.21;62.17;;2024-06-11;23:00
44;Grand Est;Données définitives;4330.5;76.0;5065.5;0.0;1347.0;0.0;127.0;-2633.5;0.0;0.0;348.5;0.0;1.755;2.445;117.02000000000001;46.815;8.035;7.41;0.0;0.0;31.104999999999997;58.67;2.9299999999999997;55.22;;2024-07-10;00:00
44;Grand Est;Données définitives;4160.5;64.0;5035.0;0.0;1190.0;-1.0;129.0;-2753.0;0.0;0.0;497.0;0.0;1.54;2.06;121.07499999999999;46.535;11.985;10.57;0.0;0.0;28.615000000000002;51.83;3.0999999999999996;56.085;;2024-07-10;01:00
44;Grand Est;Données définitives;4166.0;64.0;5033.5;0.0;1187.0;-154.5;128.0;-2565.0;0.0;0.0;475.5;0.0;1.54;2.06;120.83;46.519999999999996;11.405000000000001;10.115;0.0;0.0;28.495;51.7;3.07;55.65;;2024-07-10;02:00
44;Grand Est;Données définitives;3976.0;63.5;4834.0;0.0;1186.5;-172.5;128.0;-2511.0;0.0;0.0;449.0;0.0;1.6;2.04;121.575;44.675;11.295;9.55;0.0;0.0;29.845;51.68;3.2199999999999998;55.65;;2024-07-10;03:00
44;Grand Est;Données définitives;3777.0;64.0;4755.0;0.0;1186.0;-172.0;128.0;-2435.0;0.0;0.0;251.0;0.0;1.6949999999999998;2.06;125.91499999999999;43.95;6.66;5.335;0.0;0.0;31.405;51.66;3.39;55.65;;2024-07-10;04:00
44;Grand Est;Données définitives;3765.5;64.0;4758.5;0.0;1184.5;-172.0;129.0;-2408.0;0.0;0.0;210.5;0.0;1.7;2.06;126.375;43.975;5.585000000000001;4.48;0.0;0.0;31.46;51.59;3.425;56.085;;2024-07-10;05:00
44;Grand Est;Données définitives;3895.5;75.5;4762.5;6.5;1184.0;-171.5;126.5;-2400.0;0.0;0.0;317.0;0.0;1.9300000000000002;2.4299999999999997;122.38;44.015;8.120000000000001;6.74;0.16;0.445;30.425;51.565;3.25;55.0;;2024-07-10;06:00
44;Grand Est;Données définitives;4145.0;89.0;4754.0;77.5;1186.0;-86.5;126.0;-2411.0;0.0;0.0;411.0;0.0;2.1500000000000004;2.86;114.705;43.94;9.915;8.74;1.865;5.28;28.61;51.66;3.04;54.785;;2024-07-10;07:00
44;Grand Est;Données définitives;4421.0;86.0;4746.0;192.0;1260.5;-1.0;129.5;-2396.0;0.0;0.0;401.5;0.0;1.9499999999999997;2.7649999999999997;107.36500000000001;43.865;9.095;8.535;4.335;13.09;28.490000000000002;54.9;2.935;56.30500000000001;;2024-07-10;08:00
44;Grand Est;Données définitives;4518.0;83.0;4790.0;309.5;1328.0;-0.5;132.0;-2517.0;0.0;0.0;388.5;0.0;1.835;2.67;106.03999999999999;44.269999999999996;8.6;8.265;6.84;21.095;29.46;57.84;2.92;57.394999999999996;;2024-07-10;09:00
44;Grand Est;Données définitives;4739.5;84.0;5052.5;401.5;1183.5;-73.5;130.5;-2472.5;0.0;0.0;431.0;0.0;1.77;2.7;106.605;46.695;9.094999999999999;9.165;8.469999999999999;27.369999999999997;24.97;51.545;2.75;56.74;;2024-07-10;10:00
44;Grand Est;Données définitives;4871.5;79.5;4990.5;518.0;1177.0;-86.5;130.0;-2419.0;0.0;0.0;486.0;0.0;1.635;2.5549999999999997;102.47;46.120000000000005;9.969999999999999;10.335;10.605;35.31;24.165;51.265;2.67;56.52;;2024-07-10;11:00
44;Grand Est;Données définitives;4946.0;70.0;4909.0;823.5;1179.5;-3.5;131.0;-2723.0;0.0;0.0;561.0;0.0;1.415;2.25;99.285;45.370000000000005;11.34;11.93;16.64;56.135000000000005;23.85;51.375;2.6500000000000004;56.96;;2024-07-10;12:00
44;Grand Est;Données définitives;4893.5;57.0;4838.5;980.0;1193.0;-171.0;132.5;-2812.0;0.0;0.0;673.0;0.0;1.16;1.83;98.88;44.72;13.754999999999999;14.315000000000001;20.025;66.805;24.380000000000003;51.96;2.71;57.61;;2024-07-10;13:00
44;Grand Est;Données définitives;4854.5;59.5;4741.0;1001.5;1192.0;-170.5;135.0;-2787.5;0.0;0.0;681.0;0.0;1.225;1.915;97.66499999999999;43.82;14.030000000000001;14.485;20.63;68.27000000000001;24.555;51.92;2.7800000000000002;58.7;;2024-07-10;14:00
44;Grand Est;Données définitives;4731.0;59.5;4821.0;906.0;1190.0;-170.0;135.5;-2877.5;0.0;0.0;667.0;0.0;1.26;1.9100000000000001;101.91;44.56;14.094999999999999;14.185;19.145;61.76;25.16;51.83;2.865;58.915000000000006;;2024-07-10;15:00
44;Grand Est;Données définitives;4553.0;61.0;4759.0;727.0;1193.5;-169.0;135.5;-2837.0;0.0;0.0;683.5;0.0;1.34;1.96;104.53;43.980000000000004;15.015;14.535;15.969999999999999;49.555;26.215;51.980000000000004;2.975;58.915000000000006;;2024-07-10;16:00
44;Grand Est;Données définitives;4620.0;83.5;4804.0;505.5;1192.0;-169.0;132.5;-2509.0;0.0;0.0;580.5;0.0;1.805;2.685;103.99000000000001;44.4;12.57;12.345;10.95;34.46;25.805;51.915;2.87;57.61;;2024-07-10;17:00
44;Grand Est;Données définitives;4588.5;221.5;4814.0;368.0;1195.0;-168.0;138.5;-2617.5;0.0;0.0;639.0;0.0;4.83;7.12;104.91499999999999;44.489999999999995;13.925;13.59;8.02;25.085;26.045;52.05;3.0199999999999996;60.215;;2024-07-10;18:00
44;Grand Est;Données définitives;4657.0;426.5;4969.5;253.0;1193.5;-1.5;135.5;-2860.0;0.0;0.0;543.5;0.0;9.165;13.705;106.72;45.93;11.665;11.559999999999999;5.425000000000001;17.25;25.625;51.985;2.91;58.915000000000006;;2024-07-10;19:00
44;Grand Est;Données définitives;4496.0;669.5;5039.5;128.0;1385.0;-0.5;132.5;-3292.5;0.0;0.0;433.0;0.0;14.89;21.515;112.085;46.575;9.629999999999999;9.21;2.8449999999999998;8.725000000000001;30.81;60.324999999999996;2.95;57.61;;2024-07-10;20:00
44;Grand Est;Données définitives;4375.5;907.5;5120.5;27.0;1495.5;0.0;131.5;-3613.5;0.0;0.0;305.5;0.0;20.765;29.159999999999997;117.065;47.325;6.98;6.5;0.615;1.84;34.2;65.13499999999999;3.005;57.175;;2024-07-10;21:00
44;Grand Est;Données définitives;4383.0;1135.0;5128.5;0.0;1467.0;0.0;143.5;-3726.5;0.0;0.0;236.0;0.0;25.92;36.475;117.035;47.394999999999996;5.395;5.02;0.0;0.0;33.474999999999994;63.894999999999996;3.275;62.39;;2024-07-10;22:00
44;Grand Est;Données définitives;4435.5;1155.5;5134.0;0.0;1482.0;0.0;145.0;-3719.5;0.0;0.0;241.0;0.0;26.05;37.13;115.755;47.45;5.4350000000000005;5.125;0.0;0.0;33.415;64.54499999999999;3.27;63.045;;2024-07-10;23:00
44;Grand Est;Données définitives;3839.0;220.0;8026.5;0.0;1285.0;-1.0;157.5;-5918.5;0.0;0.0;68.0;0.0;5.72;7.07;209.1;74.185;1.775;1.4449999999999998;0.0;0.0;33.474999999999994;55.97;4.105;68.48;;2024-08-20;00:00
44;Grand Est;Données définitives;3539.5;43.5;8034.0;0.0;1097.5;-1.0;157.5;-5858.0;0.0;0.0;65.5;0.0;1.225;1.395;227.005;74.255;1.85;1.395;0.0;0.0;30.99;47.8;4.45;68.47999999999999;;2024-08-20;01:00
44;Grand Est;Données définitives;3580.0;46.0;8135.0;0.0;1008.5;-65.5;157.5;-5751.0;0.0;0.0;48.0;0.0;1.2850000000000001;1.48;227.285;75.185;1.335;1.025;0.0;0.0;28.174999999999997;43.925;4.4;68.48;;2024-08-20;02:00
44;Grand Est;Données définitives;3413.0;46.5;7692.5;0.0;939.5;-487.0;158.0;-4972.0;0.0;0.0;34.5;0.0;1.365;1.495;225.325;71.095;1.01;0.735;0.0;0.0;27.535;40.915;4.63;68.7;;2024-08-20;03:00
44;Grand Est;Données définitives;3221.0;47.5;7610.0;0.0;903.0;-524.5;157.5;-4987.0;0.0;0.0;17.5;0.0;1.475;1.525;236.265;70.33;0.54;0.375;0.0;0.0;28.04;39.33;4.89;68.48;;2024-08-20;04:00
44;Grand Est;Données définitives;3281.5;47.0;7617.0;0.0;897.5;-521.0;157.5;-4924.5;0.0;0.0;11.0;0.0;1.43;1.51;232.155;70.4;0.33499999999999996;0.235;0.0;0.0;27.355;39.09;4.8;68.48;;2024-08-20;05:00
44;Grand Est;Données définitives;3485.5;47.0;8235.5;0.0;984.0;-4.5;158.0;-5942.0;0.0;0.0;10.0;0.0;1.3450000000000002;1.51;236.33999999999997;76.115;0.28500000000000003;0.21000000000000002;0.0;0.0;28.195;42.86;4.535;68.7;;2024-08-20;06:00
44;Grand Est;Données définitives;3541.5;46.0;8428.5;24.0;1166.5;-1.0;158.5;-6298.5;0.0;0.0;17.0;0.0;1.3;1.48;238.08499999999998;77.9;0.47500000000000003;0.365;0.6649999999999999;1.635;32.915;50.805;4.48;68.91499999999999;;2024-08-20;07:00
44;Grand Est;Données définitives;3769.0;48.5;8857.0;168.0;1217.5;-1.0;159.0;-6703.5;0.0;0.0;22.5;0.0;1.2850000000000001;1.5550000000000002;235.08499999999998;81.855;0.6;0.48;4.425;11.45;32.315;53.03;4.220000000000001;69.13;;2024-08-20;08:00
44;Grand Est;Données définitives;3998.0;47.5;8892.5;431.5;1207.0;-1.0;159.5;-6768.5;0.0;0.0;29.5;0.0;1.185;1.525;222.445;82.185;0.735;0.63;10.775;29.415;30.19;52.57;3.9899999999999998;69.35;;2024-08-20;09:00
44;Grand Est;Données définitives;4189.5;46.5;8940.0;747.0;1278.5;-1.0;150.5;-6993.0;0.0;0.0;20.5;0.0;1.11;1.495;213.39499999999998;82.625;0.49;0.435;17.83;50.92;30.515;55.685;3.59;65.435;;2024-08-20;10:00
44;Grand Est;Données définitives;4361.5;45.0;8744.5;991.0;1229.0;-1.0;148.5;-6836.0;0.0;0.0;40.5;0.0;1.03;1.45;200.555;80.82;0.925;0.86;22.71;67.555;28.195;53.525000000000006;3.4050000000000002;64.565;;2024-08-20;11:00
44;Grand Est;Données définitives;4447.5;46.5;8019.5;1153.0;964.5;-135.0;149.0;-5894.0;0.0;0.0;143.5;0.0;1.045;1.495;180.315;74.115;3.2300000000000004;3.05;25.925;78.595;21.685000000000002;42.004999999999995;3.3499999999999996;64.785;;2024-08-20;12:00
44;Grand Est;Données définitives;4433.0;47.5;8006.0;1193.0;940.0;-505.0;148.5;-5644.5;0.0;0.0;247.0;0.0;1.0750000000000002;1.525;180.60500000000002;73.995;5.574999999999999;5.255;26.915;81.325;21.205;40.945;3.3499999999999996;64.565;;2024-08-20;13:00
44;Grand Est;Données définitives;4471.5;46.5;7724.5;1195.5;906.5;-521.0;149.0;-5365.5;0.0;0.0;336.5;0.0;1.04;1.495;172.86;71.39;7.52;7.155;26.740000000000002;81.49000000000001;20.28;39.48;3.335;64.78;;2024-08-20;14:00
44;Grand Est;Données définitives;4334.0;46.5;7141.0;1128.5;888.0;-517.0;149.5;-4960.5;0.0;0.0;457.5;0.0;1.0750000000000002;1.495;164.79500000000002;66.0;10.57;9.73;26.035;76.925;20.495;38.68;3.45;65.0;;2024-08-20;15:00
44;Grand Est;Données définitives;4166.5;46.5;7109.0;954.0;886.5;-512.5;147.5;-5116.5;0.0;0.0;654.0;0.0;1.115;1.495;170.625;65.7;15.7;13.91;22.895;65.03;21.28;38.61;3.54;64.13;;2024-08-20;16:00
44;Grand Est;Données définitives;4032.5;47.0;7589.5;712.5;902.5;-508.0;148.5;-5676.5;0.0;0.0;817.5;0.0;1.165;1.51;188.2;70.14500000000001;20.275;17.384999999999998;17.67;48.57;22.380000000000003;39.305;3.685;64.565;;2024-08-20;17:00
44;Grand Est;Données définitives;4040.0;45.5;7856.5;428.5;1108.5;-4.0;150.0;-6389.5;0.0;0.0;844.5;0.0;1.125;1.4649999999999999;194.49;72.615;20.905;17.96;10.635;29.21;27.39;48.28;3.71;65.22;;2024-08-20;18:00
44;Grand Est;Données définitives;4160.0;46.5;8725.0;172.0;1509.5;0.0;149.0;-7114.0;0.0;0.0;670.5;0.0;1.12;1.495;209.735;80.64;16.119999999999997;14.26;4.14;11.72;36.28;65.745;3.58;64.78;;2024-08-20;19:00
44;Grand Est;Données définitives;4060.5;46.5;8769.0;34.0;1538.5;0.0;150.5;-7473.5;0.0;0.0;994.5;0.0;1.145;1.495;215.985;81.045;24.535;21.15;0.8300000000000001;2.32;37.894999999999996;67.00999999999999;3.705;65.435;;2024-08-20;20:00
44;Grand Est;Données définitives;4036.0;46.5;8754.5;0.0;1500.5;0.0;151.5;-7466.5;0.0;0.0;1052.0;0.0;1.1549999999999998;1.495;216.95499999999998;80.91;26.15;22.375;0.0;0.0;37.175;65.355;3.755;65.87;;2024-08-20;21:00
44;Grand Est;Données définitives;4018.0;45.0;8629.0;0.0;1414.0;0.0;151.0;-7209.0;0.0;0.0;989.5;0.0;1.12;1.45;214.76;79.75;24.62;21.045;0.0;0.0;35.195;61.584999999999994;3.755;65.655;;2024-08-20;22:00
44;Grand Est;Données définitives;4092.5;46.0;8730.0;0.0;1463.0;0.0;150.5;-7201.5;0.0;0.0;904.5;0.0;1.125;1.48;213.315;80.685;22.1;19.235;0.0;0.0;35.745000000000005;63.72;3.68;65.435;;2024-08-20;23:00
44;Grand Est;Données définitives;4260.5;89.5;10316.0;0.0;1244.5;0.0;152.5;-8433.0;0.0;0.0;890.0;0.0;2.1;2.875;242.15;95.345;20.895;18.925;0.0;0.0;29.215;54.2;3.58;66.305;;2024-09-12;00:00
44;Grand Est;Données définitives;4087.0;74.5;10279.5;0.0;1149.0;0.0;152.0;-8389.5;0.0;0.0;822.5;0.0;1.82;2.395;251.55;95.0;20.104999999999997;17.490000000000002;0.0;0.0;28.1;50.04;3.7199999999999998;66.09;;2024-09-12;01:00
44;Grand Est;Données définitives;4036.0;74.5;10206.0;0.0;993.0;-51.5;152.0;-7971.5;0.0;0.0;635.0;0.0;1.85;2.395;252.9;94.32499999999999;15.73;13.505;0.0;0.0;24.605;43.25;3.7649999999999997;66.09;;2024-09-12;02:00
44;Grand Est;Données définitives;3851.0;72.5;10230.5;0.0;1005.5;-350.5;152.0;-7758.0;0.0;0.0;499.0;0.0;1.885;2.33;265.65999999999997;94.55;12.955;10.61;0.0;0.0;26.11;43.79;3.95;66.09;;2024-09-12;03:00
44;Grand Est;Données définitives;3706.0;70.5;10196.0;0.0;1008.5;-260.5;152.0;-8037.0;0.0;0.0;577.0;0.0;1.9;2.2649999999999997;275.135;94.235;15.565000000000001;12.274999999999999;0.0;0.0;27.215;43.925;4.1;66.08500000000001;;2024-09-12;04:00
44;Grand Est;Données définitives;3797.0;70.5;10282.5;0.0;1011.0;-138.0;151.0;-8191.0;0.0;0.0;611.5;0.0;1.855;2.2649999999999997;270.84000000000003;95.035;16.11;13.004999999999999;0.0;0.0;26.634999999999998;44.035;3.98;65.655;;2024-09-12;05:00
44;Grand Est;Données définitives;4157.5;76.5;10317.5;0.0;1011.0;0.0;150.0;-7983.0;0.0;0.0;587.5;0.0;1.835;2.455;248.70499999999998;95.35499999999999;14.175;12.495000000000001;0.0;0.0;24.369999999999997;44.03;3.615;65.22;;2024-09-12;06:00
44;Grand Est;Données définitives;4401.0;96.0;10373.0;2.0;1288.5;0.0;151.0;-7971.0;0.0;0.0;462.0;0.0;2.18;3.08;235.695;95.87;10.495000000000001;9.825;0.045;0.135;29.28;56.114999999999995;3.435;65.655;;2024-09-12;07:00
44;Grand Est;Données définitives;4552.5;92.0;10486.0;101.5;1291.0;0.0;151.0;-7893.5;0.0;0.0;324.5;0.0;2.025;2.955;230.38;96.91499999999999;7.115;6.9;2.245;6.92;28.365000000000002;56.23;3.315;65.65;;2024-09-12;08:00
44;Grand Est;Données définitives;4732.5;91.0;10521.0;378.5;1272.5;0.0;150.5;-7861.5;0.0;0.0;181.0;0.0;1.9249999999999998;2.92;222.31;97.24000000000001;3.83;3.85;7.994999999999999;25.799999999999997;26.89;55.42;3.18;65.435;;2024-09-12;09:00
44;Grand Est;Données définitives;4794.0;80.0;10524.5;685.5;1217.5;0.0;145.5;-7968.0;0.0;0.0;112.5;0.0;1.67;2.5700000000000003;219.53500000000003;97.27000000000001;2.3449999999999998;2.3899999999999997;14.3;46.724999999999994;25.395;53.025;3.035;63.26;;2024-09-12;10:00
44;Grand Est;Données définitives;4926.5;69.0;10499.5;913.5;1095.5;0.0;151.5;-7973.0;0.0;0.0;174.0;0.0;1.4;2.22;213.13;97.03999999999999;3.5250000000000004;3.6999999999999997;18.54;62.269999999999996;22.23;47.715;3.075;65.87;;2024-09-12;11:00
44;Grand Est;Données définitives;4910.0;69.5;10572.5;918.5;1323.0;0.0;152.5;-8546.5;0.0;0.0;415.5;0.0;1.415;2.2350000000000003;215.32999999999998;97.71000000000001;8.469999999999999;8.834999999999999;18.705;62.61;26.945;57.620000000000005;3.105;66.305;;2024-09-12;12:00
44;Grand Est;Données définitives;4839.5;70.0;10437.5;842.0;1045.5;-2.0;153.0;-8354.0;0.0;0.0;646.5;0.0;1.4449999999999998;2.25;215.7;96.465;13.379999999999999;13.75;17.405;57.394999999999996;21.6;45.535;3.165;66.52;;2024-09-12;13:00
44;Grand Est;Données définitives;4801.5;70.0;9817.0;945.0;991.5;-340.0;151.5;-7709.5;0.0;0.0;882.0;0.0;1.455;2.25;204.43;90.72999999999999;18.380000000000003;18.759999999999998;19.675;64.42;20.645;43.185;3.1550000000000002;65.87;;2024-09-12;14:00
44;Grand Est;Données définitives;4615.5;68.5;8561.0;932.0;995.0;-354.5;152.5;-6772.0;0.0;0.0;1034.5;0.0;1.48;2.2;185.49;79.12;22.4;22.005000000000003;20.200000000000003;63.53;21.560000000000002;43.34;3.3;66.305;;2024-09-12;15:00
44;Grand Est;Données définitives;4494.0;66.0;8410.5;827.5;1004.0;-352.5;154.5;-6538.0;0.0;0.0;923.0;0.0;1.47;2.12;187.135;77.735;20.57;19.630000000000003;18.4;56.41;22.34;43.730000000000004;3.435;67.175;;2024-09-12;16:00
44;Grand Est;Données définitives;4426.0;62.5;8552.0;578.0;1011.0;-350.0;152.5;-6690.0;0.0;0.0;1107.0;0.0;1.415;2.005;193.235;79.035;25.015;23.54;13.055;39.4;22.845;44.035;3.4450000000000003;66.305;;2024-09-12;17:00
44;Grand Est;Données définitives;4554.0;64.0;9091.5;375.0;1044.0;-313.0;152.5;-6657.5;0.0;0.0;794.5;0.0;1.4049999999999998;2.0549999999999997;199.66500000000002;84.025;17.46;16.895;8.24;25.564999999999998;22.924999999999997;45.47;3.3449999999999998;66.305;;2024-09-12;18:00
44;Grand Est;Données définitives;4663.0;75.5;9607.5;111.0;1066.0;0.0;153.0;-6801.0;0.0;0.0;450.5;0.0;1.615;2.425;206.03500000000003;88.795;9.66;9.58;2.38;7.5649999999999995;22.86;46.43;3.28;66.525;;2024-09-12;19:00
44;Grand Est;Données définitives;4668.5;95.0;10349.0;4.5;1324.0;0.0;155.0;-7531.0;0.0;0.0;274.0;0.0;2.035;3.05;221.69;95.645;5.87;5.83;0.095;0.305;28.36;57.665000000000006;3.3200000000000003;67.39;;2024-09-12;20:00
44;Grand Est;Données définitives;4630.0;95.0;10489.0;0.0;1325.5;0.0;153.5;-7709.5;0.0;0.0;277.5;0.0;2.0549999999999997;3.05;226.54000000000002;96.94;5.99;5.9;0.0;0.0;28.625;57.730000000000004;3.315;66.74;;2024-09-12;21:00
44;Grand Est;Données définitives;4529.0;95.0;10524.0;0.0;1295.5;0.0;153.5;-7811.5;0.0;0.0;274.0;0.0;2.1;3.05;232.395;97.265;6.055;5.83;0.0;0.0;28.61;56.425;3.3899999999999997;66.74;;2024-09-12;22:00
44;Grand Est;Données définitives;4494.0;94.5;10479.5;0.0;1312.0;0.0;153.5;-7872.5;0.0;0.0;327.0;0.0;2.105;3.035;233.195;96.85;7.275;6.955;0.0;0.0;29.195;57.14;3.415;66.74;;2024-09-12;23:00
44;Grand Est;Données définitives;4647.5;321.5;7527.5;0.0;983.5;-53.5;145.0;-4770.5;0.0;0.0;496.5;0.0;6.915;10.33;161.99;69.57;10.685;10.56;0.0;0.0;21.165;42.834999999999994;3.12;63.045;;2024-10-02;00:00
44;Grand Est;Données définitives;4319.0;196.0;7385.5;0.0;980.0;-285.5;144.5;-4526.5;0.0;0.0;426.5;0.0;4.495;6.295;171.13;68.255;9.865;9.07;0.0;0.0;22.705;42.685;3.3499999999999996;62.825;;2024-10-02;01:00
44;Grand Est;Données définitives;4188.0;84.0;7407.0;0.0;981.5;-347.5;145.0;-4480.0;0.0;0.0;399.0;0.0;2.01;2.7;176.905;68.455;9.530000000000001;8.485;0.0;0.0;23.439999999999998;42.75;3.465;63.04;;2024-10-02;02:00
44;Grand Est;Données définitives;4170.5;83.5;7445.5;0.0;980.0;-346.5;145.5;-4779.0;0.0;0.0;640.0;0.0;2.005;2.685;178.615;68.815;15.405000000000001;13.61;0.0;0.0;23.509999999999998;42.685;3.49;63.26;;2024-10-02;03:00
44;Grand Est;Données définitives;3876.0;111.0;7147.0;0.0;977.5;-344.5;145.5;-5144.5;0.0;0.0;987.0;0.0;2.8600000000000003;3.565;184.385;66.055;25.46;20.99;0.0;0.0;25.22;42.575;3.755;63.26;;2024-10-02;04:00
44;Grand Est;Données définitives;3936.0;170.0;7367.0;0.0;973.5;-342.5;145.5;-5582.0;0.0;0.0;1203.0;0.0;4.32;5.46;187.255;68.09;30.555;25.585;0.0;0.0;24.745;42.400000000000006;3.7;63.26;;2024-10-02;05:00
44;Grand Est;Données définitives;4301.5;288.5;7443.0;0.0;975.0;-262.0;145.5;-5575.5;0.0;0.0;1285.5;0.0;6.6899999999999995;9.27;173.31;68.78999999999999;29.935000000000002;27.34;0.0;0.0;22.700000000000003;42.47;3.385;63.26;;2024-10-02;06:00
44;Grand Est;Données définitives;4666.5;715.0;7417.0;0.0;1085.0;0.0;146.0;-6016.0;0.0;0.0;1319.5;0.0;15.265;22.975;159.005;68.545;28.285;28.064999999999998;0.0;0.0;23.215000000000003;47.254999999999995;3.13;63.474999999999994;;2024-10-02;07:00
44;Grand Est;Données définitives;4882.0;1171.0;7531.0;11.5;1263.5;0.0;147.0;-6497.0;0.0;0.0;1255.5;0.0;23.950000000000003;37.629999999999995;154.305;69.6;25.725;26.7;0.22999999999999998;0.7849999999999999;25.9;55.03;3.01;63.91499999999999;;2024-10-02;08:00
44;Grand Est;Données définitives;5008.0;1256.0;7633.0;91.0;1240.5;0.0;149.0;-6567.5;0.0;0.0;1207.5;0.0;25.085;40.36;152.41500000000002;70.545;24.115000000000002;25.68;1.815;6.205;24.77;54.03;2.975;64.78;;2024-10-02;09:00
44;Grand Est;Données définitives;5332.0;1134.5;7541.5;155.5;1216.5;0.0;147.5;-5898.0;0.0;0.0;1034.5;0.0;21.255;36.455;141.455;69.69999999999999;19.395000000000003;22.0;2.92;10.6;22.814999999999998;52.985;2.77;64.13;;2024-10-02;10:00
44;Grand Est;Données définitives;5379.0;677.0;7444.0;225.0;1148.0;0.0;148.5;-5105.0;0.0;0.0;844.0;0.0;12.58;21.755;138.395;68.8;15.685;17.95;4.1850000000000005;15.335;21.345;50.0;2.76;64.565;;2024-10-02;11:00
44;Grand Est;Données définitives;5454.5;144.0;7534.0;297.0;1213.5;0.0;149.5;-4573.0;0.0;0.0;689.5;0.0;2.63;4.625;138.135;69.63;12.64;14.665;5.45;20.244999999999997;22.255000000000003;52.855000000000004;2.74;65.0;;2024-10-02;12:00
44;Grand Est;Données définitives;5332.0;78.0;7470.5;362.5;1119.5;0.0;149.0;-4432.5;0.0;0.0;574.0;0.0;1.4649999999999999;2.51;140.125;69.045;10.76;12.21;6.805;24.71;20.95;48.76;2.795;64.78;;2024-10-02;13:00
44;Grand Est;Données définitives;5139.5;76.5;7431.5;371.5;957.0;-42.5;148.5;-4271.0;0.0;0.0;465.5;0.0;1.4849999999999999;2.455;144.6;68.685;9.07;9.899999999999999;7.225;25.32;18.625;41.68;2.89;64.565;;2024-10-02;14:00
44;Grand Est;Données définitives;5003.0;76.0;7523.0;419.0;961.5;-349.5;149.5;-4061.5;0.0;0.0;284.5;0.0;1.52;2.44;150.385;69.525;5.675000000000001;6.050000000000001;8.37;28.564999999999998;19.225;41.88;2.99;65.0;;2024-10-02;15:00
44;Grand Est;Données définitives;4814.5;74.0;7291.5;384.0;978.0;-91.0;150.0;-4123.5;0.0;0.0;152.0;0.0;1.5350000000000001;2.375;151.485;67.39;3.1550000000000002;3.2350000000000003;7.970000000000001;26.18;20.32;42.6;3.12;65.22;;2024-10-02;16:00
44;Grand Est;Données définitives;4759.5;295.0;7259.5;249.5;1113.0;0.0;150.0;-4400.0;0.0;0.0;93.0;0.0;6.195;9.48;152.52499999999998;67.095;1.955;1.975;5.245;17.005;23.384999999999998;48.475;3.15;65.22;;2024-10-02;17:00
44;Grand Est;Données définitives;4916.0;888.5;7324.5;109.5;1232.0;-0.5;151.5;-4836.0;0.0;0.0;57.5;0.0;18.075;28.549999999999997;149.005;67.695;1.17;1.225;2.23;7.460000000000001;25.065;53.66;3.08;65.87;;2024-10-02;18:00
44;Grand Est;Données définitives;5221.0;1199.5;7487.0;11.5;1244.5;0.0;147.5;-4896.5;0.0;0.0;46.5;0.0;22.950000000000003;38.545;143.495;69.195;0.89;0.99;0.225;0.785;23.855;54.205;2.83;64.13;;2024-10-02;19:00
44;Grand Est;Données définitives;5176.5;1304.5;7485.0;0.0;1208.0;0.0;145.5;-5059.0;0.0;0.0;103.0;0.0;25.235;41.92;144.75;69.17500000000001;2.015;2.19;0.0;0.0;23.36;52.614999999999995;2.815;63.26;;2024-10-02;20:00
44;Grand Est;Données définitives;4927.5;1122.5;7453.0;0.0;1204.0;0.0;148.0;-5197.0;0.0;0.0;207.5;0.0;22.78;36.07;151.3;68.885;4.22;4.415;0.0;0.0;24.44;52.44;3.005;64.345;;2024-10-02;21:00
44;Grand Est;Données définitives;4738.0;558.0;7456.0;0.0;1114.5;0.0;149.0;-4868.5;0.0;0.0;318.5;0.0;11.775;17.93;157.365;68.91;6.720000000000001;6.775;0.0;0.0;23.525;48.54;3.145;64.78;;2024-10-02;22:00
44;Grand Est;Données définitives;4826.5;341.5;7396.0;0.0;1157.5;0.0;150.0;-4689.0;0.0;0.0;441.5;0.0;7.074999999999999;10.975000000000001;153.245;68.355;9.145;9.39;0.0;0.0;23.990000000000002;50.41;3.105;65.215;;2024-10-02;23:00
44;Grand Est;Données définitives;5045.0;1221.5;7875.5;0.0;681.5;0.0;161.5;-5425.5;0.0;0.0;530.5;0.0;24.215;39.25;156.10500000000002;72.78999999999999;10.515;11.280000000000001;0.0;0.0;13.510000000000002;29.68;3.2;70.215;;2024-11-08;00:00
44;Grand Est;Données définitives;4738.5;641.5;7903.0;0.0;693.5;0.0;164.0;-5172.0;0.0;0.0;509.5;0.0;13.52;20.61;166.8;73.03999999999999;10.75;10.835;0.0;0.0;14.635;30.205;3.46;71.3;;2024-11-08;01:00
44;Grand Est;Données définitives;4725.5;523.5;8014.5;0.0;664.5;0.0;163.0;-5186.5;0.0;0.0;547.0;0.0;11.08;16.82;169.60500000000002;74.075;11.575;11.635;0.0;0.0;14.06;28.939999999999998;3.45;70.86500000000001;;2024-11-08;02:00
44;Grand Est;Données définitives;4469.0;451.5;8061.5;0.0;611.0;-0.5;163.5;-5369.0;0.0;0.0;551.5;0.0;10.09;14.510000000000002;180.425;74.505;12.345;11.73;0.0;0.0;13.67;26.61;3.6550000000000002;71.08500000000001;;2024-11-08;03:00
44;Grand Est;Données définitives;4427.5;469.0;8040.0;0.0;607.0;-157.0;162.5;-5226.5;0.0;0.0;533.5;0.0;10.594999999999999;15.075;181.60000000000002;74.305;12.05;11.344999999999999;0.0;0.0;13.71;26.439999999999998;3.67;70.65;;2024-11-08;04:00
44;Grand Est;Données définitives;4490.0;471.5;8021.0;0.0;590.5;-1.0;162.0;-5210.5;0.0;0.0;457.5;0.0;10.495000000000001;15.149999999999999;178.67000000000002;74.13499999999999;10.195;9.73;0.0;0.0;13.155000000000001;25.72;3.6100000000000003;70.43;;2024-11-08;05:00
44;Grand Est;Données définitives;4760.5;963.0;8118.5;0.0;608.0;0.0;161.0;-5452.0;0.0;0.0;363.5;0.0;20.09;30.945;170.645;75.03;7.6450000000000005;7.7299999999999995;0.0;0.0;12.765;26.485;3.385;70.0;;2024-11-08;06:00
44;Grand Est;Données définitives;5240.5;1858.5;8126.0;0.0;696.5;0.0;160.0;-5936.5;0.0;0.0;338.0;0.0;35.465;59.72;155.065;75.1;6.45;7.1850000000000005;0.0;0.0;13.285;30.335;3.05;69.57;;2024-11-08;07:00
44;Grand Est;Données définitives;5479.0;1903.5;8099.5;5.5;893.0;0.0;159.5;-5942.5;0.0;0.0;360.5;0.0;34.755;61.165000000000006;147.875;74.86;6.58;7.665;0.09999999999999999;0.375;16.3;38.894999999999996;2.91;69.35;;2024-11-08;08:00
44;Grand Est;Données définitives;5422.5;1889.0;8084.5;42.0;862.0;-0.5;156.5;-5985.0;0.0;0.0;373.0;0.0;34.85;60.7;149.15;74.715;6.88;7.93;0.77;2.8600000000000003;15.905;37.545;2.885;68.045;;2024-11-08;09:00
44;Grand Est;Données définitives;5520.5;1896.0;8079.5;88.5;714.0;0.0;153.0;-5721.5;0.0;0.0;312.0;0.0;34.35;60.925;146.365;74.67500000000001;5.65;6.635;1.6;6.035;12.93;31.1;2.775;66.52000000000001;;2024-11-08;10:00
44;Grand Est;Données définitives;5631.0;1929.5;8081.5;129.0;627.5;0.0;157.0;-5570.5;0.0;0.0;277.5;0.0;34.265;62.0;143.515;74.69;4.93;5.9;2.29;8.795;11.145;27.33;2.79;68.25999999999999;;2024-11-08;11:00
44;Grand Est;Données définitives;5664.5;1867.5;8081.5;143.0;572.0;0.0;163.0;-5374.5;0.0;0.0;213.0;0.0;32.97;60.01;142.67000000000002;74.695;3.76;4.53;2.525;9.75;10.1;24.915;2.875;70.86500000000001;;2024-11-08;12:00
44;Grand Est;Données définitives;5713.0;1928.0;8082.5;138.5;573.0;0.0;160.0;-5322.5;0.0;0.0;154.5;0.0;33.755;61.955;141.495;74.69999999999999;2.705;3.29;2.425;9.44;10.030000000000001;24.955;2.8049999999999997;69.565;;2024-11-08;13:00
44;Grand Est;Données définitives;5576.5;1843.5;8078.0;117.0;588.5;0.0;158.0;-5336.5;0.0;0.0;128.5;0.0;33.06;59.235;144.86;74.66;2.3049999999999997;2.7350000000000003;2.1;7.975;10.555;25.634999999999998;2.835;68.7;;2024-11-08;14:00
44;Grand Est;Données définitives;5397.5;1852.0;8080.5;78.0;628.5;0.0;159.5;-5528.0;0.0;0.0;127.0;0.0;34.335;59.51;149.765;74.685;2.3550000000000004;2.7;1.44;5.3149999999999995;11.66;27.375;2.955;69.35;;2024-11-08;15:00
44;Grand Est;Données définitives;5248.0;1890.0;8089.5;29.5;677.5;0.0;161.0;-5734.5;0.0;0.0;136.0;0.0;36.015;60.735;154.14499999999998;74.765;2.59;2.89;0.56;2.01;12.91;29.509999999999998;3.07;70.0;;2024-11-08;16:00
44;Grand Est;Données définitives;5281.0;1855.5;8115.5;1.5;775.0;0.0;163.0;-5765.0;0.0;0.0;136.5;0.0;35.19;59.625;153.765;75.005;2.585;2.9000000000000004;0.03;0.1;14.645;33.754999999999995;3.085;70.87;;2024-11-08;17:00
44;Grand Est;Données définitives;5346.0;1888.0;8112.0;0.0;913.5;0.0;164.0;-5882.0;0.0;0.0;152.0;0.0;35.31;60.665;151.79;74.97;2.84;3.235;0.0;0.0;17.095;39.785;3.07;71.305;;2024-11-08;18:00
44;Grand Est;Données définitives;5583.5;1856.5;8110.0;0.0;902.0;0.0;167.5;-5612.5;0.0;0.0;161.5;0.0;33.255;59.66;145.245;74.94999999999999;2.895;3.435;0.0;0.0;16.155;39.285;3.0;72.825;;2024-11-08;19:00
44;Grand Est;Données définitives;5429.5;1857.0;8113.5;0.0;803.5;0.0;163.5;-5675.0;0.0;0.0;167.5;0.0;34.245000000000005;59.675;149.51999999999998;74.985;3.09;3.5650000000000004;0.0;0.0;14.77;35.0;3.01;71.08500000000001;;2024-11-08;20:00
44;Grand Est;Données définitives;5084.0;1817.5;8113.5;0.0;649.0;0.0;165.0;-5849.0;0.0;0.0;188.5;0.0;35.775;58.405;159.66500000000002;74.985;3.71;4.01;0.0;0.0;12.77;28.265;3.25;71.74;;2024-11-08;21:00
44;Grand Est;Données définitives;4937.5;1822.5;7985.5;0.0;646.0;0.0;163.5;-5888.0;0.0;0.0;208.5;0.0;36.925;58.565;161.78;73.80000000000001;4.23;4.4350000000000005;0.0;0.0;13.094999999999999;28.134999999999998;3.31;71.08500000000001;;2024-11-08;22:00
44;Grand Est;Données définitives;4922.0;1797.5;7845.0;0.0;664.5;0.0;162.0;-5769.5;0.0;0.0;224.0;0.0;36.519999999999996;57.76;159.39;72.505;4.55;4.765;0.0;0.0;13.5;28.939999999999998;3.295;70.43;;2024-11-08;23:00
44;Grand Est;Données définitives;5604.5;187.0;9828.5;0.0;788.0;-132.5;157.5;-7095.0;0.0;0.0;1867.0;0.0;3.335;5.95;175.29;90.835;33.315;37.745000000000005;0.0;0.0;14.06;34.230000000000004;2.8099999999999996;63.510000000000005;;2024-12-20;00:00
44;Grand Est;Données définitives;5262.5;186.5;8775.0;0.0;767.0;-349.0;158.5;-6233.0;0.0;0.0;1953.5;0.0;3.545;5.9350000000000005;166.755;81.1;37.12;39.495000000000005;0.0;0.0;14.575;33.32;3.01;63.91;;2024-12-20;01:00
44;Grand Est;Données définitives;5234.5;186.0;7895.5;0.0;777.0;-347.0;158.0;-5281.5;0.0;0.0;1851.0;0.0;3.55;5.92;150.84;72.97;35.34;37.425;0.0;0.0;14.844999999999999;33.754999999999995;3.0149999999999997;63.71;;2024-12-20;02:00
44;Grand Est;Données définitives;5014.0;188.0;8036.0;0.0;763.0;-345.0;161.0;-5224.0;0.0;0.0;1441.5;0.0;3.75;5.98;160.325;74.27000000000001;28.744999999999997;29.145;0.0;0.0;15.219999999999999;33.144999999999996;3.215;64.91999999999999;;2024-12-20;03:00
44;Grand Est;Données définitives;5025.0;188.0;8750.5;0.0;754.0;-342.5;161.0;-5879.5;0.0;0.0;1395.0;0.0;3.745;5.98;174.14;80.87;27.765;28.205;0.0;0.0;15.004999999999999;32.755;3.205;64.91999999999999;;2024-12-20;04:00
44;Grand Est;Données définitives;4996.0;189.0;8828.5;0.0;753.5;-339.5;160.0;-5735.0;0.0;0.0;1137.0;0.0;3.785;6.02;176.815;81.595;22.8;22.985;0.0;0.0;15.09;32.735;3.205;64.515;;2024-12-20;05:00
44;Grand Est;Données définitives;5266.5;188.5;9688.5;0.0;794.5;-337.5;159.5;-6190.5;0.0;0.0;961.0;0.0;3.58;6.0;183.875;89.53999999999999;18.259999999999998;19.43;0.0;0.0;15.08;34.515;3.0300000000000002;64.315;;2024-12-20;06:00
44;Grand Est;Données définitives;5754.0;200.0;10644.5;0.0;1014.5;-2.0;156.5;-7045.5;0.0;0.0;786.5;0.0;3.4749999999999996;6.369999999999999;185.12;98.38;13.71;15.9;0.0;0.0;17.575;44.07;2.725;63.105000000000004;;2024-12-20;07:00
44;Grand Est;Données définitives;5890.5;220.5;10722.0;0.0;1266.5;0.0;155.0;-7179.0;0.0;0.0;696.5;0.0;3.74;7.015000000000001;182.05;99.095;11.825;14.08;0.0;0.0;21.495;55.019999999999996;2.635;62.5;;2024-12-20;08:00
44;Grand Est;Données définitives;6074.0;219.5;10670.5;41.5;1328.0;-0.5;154.5;-6989.5;0.0;0.0;652.0;0.0;3.615;6.984999999999999;175.68;98.615;10.735;13.185;0.68;2.175;21.865000000000002;57.69;2.545;62.3;;2024-12-20;09:00
44;Grand Est;Données définitives;6086.0;220.0;10530.5;146.0;1341.5;0.0;153.5;-6997.0;0.0;0.0;711.0;0.0;3.615;7.0;173.03;97.32;11.684999999999999;14.375;2.395;7.65;22.045;58.275;2.5199999999999996;61.894999999999996;;2024-12-20;10:00
44;Grand Est;Données définitives;6149.5;217.5;10588.0;245.0;1219.5;0.0;155.0;-6884.5;0.0;0.0;612.5;0.0;3.54;6.925000000000001;172.175;97.85499999999999;9.96;12.379999999999999;3.9850000000000003;12.84;19.83;52.975;2.5199999999999996;62.5;;2024-12-20;11:00
44;Grand Est;Données définitives;6019.5;211.0;10513.0;297.5;933.0;-1.0;159.5;-6630.0;0.0;0.0;542.5;0.0;3.505;6.715;174.64999999999998;97.16;9.015;10.97;4.9399999999999995;15.59;15.5;40.53;2.65;64.315;;2024-12-20;12:00
44;Grand Est;Données définitives;6031.5;204.5;10484.5;295.5;922.0;-1.0;162.0;-6607.0;0.0;0.0;572.0;0.0;3.395;6.505;173.91000000000003;96.9;9.495000000000001;11.565;4.895;15.49;15.29;40.05;2.685;65.32;;2024-12-20;13:00
44;Grand Est;Données définitives;5815.0;218.0;10441.0;256.0;923.5;-1.0;156.5;-6806.0;0.0;0.0;630.5;0.0;3.75;6.9350000000000005;179.615;96.495;10.844999999999999;12.75;4.4;13.415;15.885000000000002;40.120000000000005;2.69;63.105;;2024-12-20;14:00
44;Grand Est;Données définitives;5676.0;220.0;10583.5;181.0;1016.5;-1.0;155.0;-7201.0;0.0;0.0;713.0;0.0;3.875;7.0;186.47;97.815;12.57;14.415;3.185;9.485;17.93;44.155;2.73;62.5;;2024-12-20;15:00
44;Grand Est;Données définitives;5573.5;221.5;10651.0;60.5;1183.5;0.0;156.5;-7564.5;0.0;0.0;860.0;0.0;3.975;7.050000000000001;191.10000000000002;98.44;15.43;17.384999999999998;1.085;3.17;21.235;51.41;2.8049999999999997;63.105000000000004;;2024-12-20;16:00
44;Grand Est;Données définitives;5709.0;224.0;10695.5;1.0;1283.5;0.0;156.5;-7799.0;0.0;0.0;1148.5;0.0;3.925;7.13;187.385;98.85;20.11;23.22;0.02;0.05;22.485;55.754999999999995;2.745;63.105000000000004;;2024-12-20;17:00
44;Grand Est;Données définitives;5831.5;224.5;10678.5;0.0;1345.0;0.0;159.0;-8002.0;0.0;0.0;1428.5;0.0;3.8499999999999996;7.145;183.12;98.695;24.490000000000002;28.884999999999998;0.0;0.0;23.064999999999998;58.425;2.7300000000000004;64.11;;2024-12-20;18:00
44;Grand Est;Données définitives;6042.0;223.0;10660.0;0.0;1295.5;0.0;159.0;-8252.5;0.0;0.0;1957.5;0.0;3.69;7.1;176.44;98.52000000000001;32.41;39.58;0.0;0.0;21.445;56.28;2.635;64.11;;2024-12-20;19:00
44;Grand Est;Données définitives;5956.5;191.0;10638.5;0.0;1183.0;0.0;160.0;-8326.5;0.0;0.0;2115.5;0.0;3.205;6.08;178.60500000000002;98.32;35.515;42.775;0.0;0.0;19.86;51.39;2.685;64.515;;2024-12-20;20:00
44;Grand Est;Données définitives;5791.5;170.0;10620.0;0.0;1137.5;-0.5;162.0;-8439.5;0.0;0.0;2146.5;0.0;2.935;5.41;183.385;98.155;37.065;43.400000000000006;0.0;0.0;19.64;49.415;2.795;65.32;;2024-12-20;21:00
44;Grand Est;Données définitives;5611.0;169.5;10460.5;0.0;921.5;-1.0;162.0;-8247.5;0.0;0.0;2147.0;0.0;3.0199999999999996;5.395;186.445;96.675;38.265;43.41;0.0;0.0;16.425;40.03;2.885;65.325;;2024-12-20;22:00
44;Grand Est;Données définitives;5561.0;170.0;10500.5;0.0;850.5;-1.0;163.0;-8262.5;0.0;0.0;2138.0;0.0;3.0549999999999997;5.41;188.825;97.05;38.445;43.230000000000004;0.0;0.0;15.295;36.945;2.935;65.73;;2024-12-20;23:00
52;Pays de la Loire;Données définitives;3287.5;140.0;0.0;0.0;4.0;0.0;61.0;2631.0;0.0;0.0;395.0;57.0;4.255;6.95;0.0;;13.73;24.835;0.0;0.0;0.12;40.0;1.855;71.76;;2024-01-29;00:00
52;Pays de la Loire;Données définitives;3108.0;138.0;0.0;0.0;4.0;0.0;61.0;2336.5;0.0;0.0;455.5;113.0;4.4399999999999995;6.85;0.0;;18.3;31.27;0.0;0.0;0.13;40.0;1.9649999999999999;71.76;;2024-01-29;01:00
52;Pays de la Loire;Données définitives;3111.0;137.5;0.0;0.0;4.0;0.0;60.5;2254.0;0.0;0.0;486.5;169.0;4.42;6.824999999999999;0.0;;21.060000000000002;36.025;0.0;0.0;0.13;40.0;1.9449999999999998;71.17500000000001;;2024-01-29;02:00
52;Pays de la Loire;Données définitives;2935.5;161.0;0.0;0.0;4.0;0.0;60.5;2031.0;0.0;0.0;444.0;234.0;5.49;7.99;0.0;;23.1;37.29;0.0;0.0;0.135;40.0;2.0599999999999996;71.17500000000001;;2024-01-29;03:00
52;Pays de la Loire;Données définitives;2856.5;314.5;0.0;0.0;4.0;0.0;60.5;1831.5;0.0;0.0;405.0;241.0;11.02;15.605;0.0;;22.595;35.505;0.0;0.0;0.14;40.0;2.12;71.17500000000001;;2024-01-29;04:00
52;Pays de la Loire;Données définitives;2971.5;529.5;0.0;0.0;4.0;0.0;60.0;1755.0;0.0;0.0;382.0;241.0;17.795;26.275;0.0;;20.975;34.265;0.0;0.0;0.135;40.0;2.02;70.58500000000001;;2024-01-29;05:00
52;Pays de la Loire;Données définitives;3336.5;753.5;0.0;0.0;4.0;0.0;57.0;1935.5;0.0;0.0;345.5;241.0;22.52;37.394999999999996;0.0;;17.625;32.26;0.0;0.0;0.12;40.0;1.71;67.06;;2024-01-29;06:00
52;Pays de la Loire;Données définitives;3834.0;914.5;0.0;0.0;4.0;0.0;57.0;2304.5;0.0;0.0;312.0;241.0;23.810000000000002;45.385000000000005;0.0;;14.43;30.42;0.0;0.0;0.10500000000000001;40.0;1.4849999999999999;67.06;;2024-01-29;07:00
52;Pays de la Loire;Données définitives;4058.5;1010.0;0.0;0.0;4.0;0.0;56.5;2402.5;0.0;0.0;343.5;242.0;24.884999999999998;50.125;0.0;;14.425;32.205;0.0;0.0;0.1;40.0;1.395;66.47;;2024-01-29;08:00
52;Pays de la Loire;Données définitives;4122.5;1010.5;0.0;28.5;4.0;0.0;56.5;2370.0;0.0;0.0;410.5;241.0;24.51;50.145;0.0;;15.815000000000001;35.86;0.69;2.355;0.1;40.0;1.37;66.475;;2024-01-29;09:00
52;Pays de la Loire;Données définitives;4034.0;1001.0;0.0;167.0;4.0;0.0;57.0;2176.0;0.0;0.0;387.0;241.0;24.814999999999998;49.68;0.0;;15.585;34.595;4.145;13.78;0.1;40.0;1.41;67.06;;2024-01-29;10:00
52;Pays de la Loire;Données définitives;3884.5;827.0;0.0;292.5;4.5;0.0;55.5;2183.5;0.0;0.0;280.5;241.0;21.27;41.045;0.0;;13.43;28.71;7.545;24.134999999999998;0.115;45.0;1.43;65.29499999999999;;2024-01-29;11:00
52;Pays de la Loire;Données définitives;3781.5;759.5;0.0;382.5;4.0;0.0;56.5;2110.0;0.0;0.0;227.5;241.0;20.085;37.695;0.0;;12.39;25.77;10.115;31.560000000000002;0.11;40.0;1.495;66.47;;2024-01-29;12:00
52;Pays de la Loire;Données définitives;3605.5;764.5;0.0;407.5;4.0;0.0;56.0;1935.0;0.0;0.0;196.5;241.0;21.205;37.94;0.0;;12.135;24.064999999999998;11.305;33.620000000000005;0.11;40.0;1.55;65.88499999999999;;2024-01-29;13:00
52;Pays de la Loire;Données définitives;3519.5;766.0;0.0;400.5;4.0;0.0;52.5;1870.0;0.0;0.0;185.0;241.0;21.765;38.015;0.0;;12.1;23.435;11.379999999999999;33.045;0.11;40.0;1.49;61.765;;2024-01-29;14:00
52;Pays de la Loire;Données définitives;3490.5;765.5;0.0;262.5;4.0;0.0;51.0;1999.5;0.0;0.0;166.0;241.0;21.939999999999998;37.989999999999995;0.0;;11.68;22.415;7.539999999999999;21.655;0.11499999999999999;40.0;1.4649999999999999;60.0;;2024-01-29;15:00
52;Pays de la Loire;Données définitives;3420.0;950.5;0.0;149.5;4.0;0.0;52.0;1862.5;0.0;0.0;160.0;241.0;27.78;47.175;0.0;;11.725000000000001;22.055;4.38;12.335;0.12;40.0;1.52;61.175;;2024-01-29;16:00
52;Pays de la Loire;Données définitives;3365.5;1003.0;0.0;69.5;4.0;0.0;52.5;1798.0;0.0;0.0;197.0;241.0;29.8;49.78;0.0;;13.030000000000001;24.12;2.065;5.734999999999999;0.12;40.0;1.56;61.765;;2024-01-29;17:00
52;Pays de la Loire;Données définitives;3546.0;1025.0;0.0;5.0;4.0;0.0;51.0;1928.0;0.0;0.0;292.0;241.0;28.93;50.864999999999995;0.0;;15.02;29.314999999999998;0.145;0.415;0.11499999999999999;40.0;1.44;60.0;;2024-01-29;18:00
52;Pays de la Loire;Données définitives;3841.0;1057.0;0.0;0.0;4.0;0.0;50.0;2099.5;0.0;0.0;389.0;241.0;27.520000000000003;52.455;0.0;;16.4;34.655;0.0;0.0;0.1;40.0;1.3050000000000002;58.825;;2024-01-29;19:00
52;Pays de la Loire;Données définitives;3597.0;730.0;0.0;0.0;4.0;0.0;51.5;2140.5;0.0;0.0;441.0;229.0;20.27;36.230000000000004;0.0;;18.625;36.849999999999994;0.0;0.0;0.11;40.0;1.43;60.59;;2024-01-29;20:00
52;Pays de la Loire;Données définitives;3254.0;664.5;0.0;0.0;4.0;0.0;51.5;1830.0;0.0;0.0;491.5;212.0;20.435000000000002;32.975;0.0;;21.619999999999997;38.69499999999999;0.0;0.0;0.125;40.0;1.585;60.59;;2024-01-29;21:00
52;Pays de la Loire;Données définitives;3089.5;654.5;0.0;0.0;4.0;0.0;52.0;1668.5;0.0;0.0;506.5;203.5;21.185;32.480000000000004;0.0;;23.0;39.05;0.0;0.0;0.13;40.0;1.68;61.18;;2024-01-29;22:00
52;Pays de la Loire;Données définitives;3441.0;663.5;0.0;0.0;4.0;0.0;52.5;2078.5;0.0;0.0;470.5;171.5;19.29;32.925;0.0;;18.645000000000003;35.315;0.0;0.0;0.11499999999999999;40.0;1.525;61.765;;2024-01-29;23:00
52;Pays de la Loire;Données définitives;3321.5;476.5;0.0;0.0;4.0;0.0;56.5;1947.5;0.0;0.0;440.0;397.5;14.34;23.65;0.0;;25.225;46.065;0.0;0.0;0.12;40.0;1.7;66.47;;2024-02-14;00:00
52;Pays de la Loire;Données définitives;3026.5;435.5;0.0;0.0;4.0;0.0;55.5;1687.0;0.0;0.0;484.5;360.0;14.39;21.615000000000002;0.0;;27.9;46.45;0.0;0.0;0.13;40.0;1.83;65.29499999999999;;2024-02-14;01:00
52;Pays de la Loire;Données définitives;3032.0;439.0;0.0;0.0;4.0;0.0;55.0;1749.5;0.0;0.0;437.5;346.5;14.48;21.79;0.0;;25.855;43.125;0.0;0.0;0.13;40.0;1.815;64.71;;2024-02-14;02:00
52;Pays de la Loire;Données définitives;2876.5;439.0;0.0;0.0;4.0;0.0;56.0;1478.5;0.0;0.0;479.5;420.0;15.265;21.79;0.0;;31.27;49.474999999999994;0.0;0.0;0.14;40.0;1.9449999999999998;65.88;;2024-02-14;03:00
52;Pays de la Loire;Données définitives;2686.0;439.0;0.0;0.0;4.0;0.0;56.0;1270.5;0.0;0.0;475.5;440.5;16.345;21.79;0.0;;34.125;50.415;0.0;0.0;0.15;40.0;2.085;65.88;;2024-02-14;04:00
52;Pays de la Loire;Données définitives;2737.0;440.0;0.0;0.0;4.0;0.0;54.5;1414.0;0.0;0.0;460.0;364.5;16.080000000000002;21.84;0.0;;30.165;45.375;0.0;0.0;0.14500000000000002;40.0;1.99;64.115;;2024-02-14;05:00
52;Pays de la Loire;Données définitives;2960.0;522.5;0.0;0.0;4.0;0.0;53.5;1586.0;0.0;0.0;453.5;340.5;17.580000000000002;25.93;0.0;;26.865000000000002;43.675;0.0;0.0;0.135;40.0;1.815;62.94;;2024-02-14;06:00
52;Pays de la Loire;Données définitives;3419.0;852.0;0.0;0.0;4.0;0.0;53.5;1738.0;0.0;0.0;452.0;319.5;24.885;42.285;0.0;;22.565;42.435;0.0;0.0;0.11499999999999999;40.0;1.565;62.94;;2024-02-14;07:00
52;Pays de la Loire;Données définitives;3614.0;991.0;0.0;0.5;4.0;0.0;52.0;1831.0;0.0;0.0;442.5;293.0;27.424999999999997;49.18;0.0;;20.35;40.455;0.015;0.04;0.11;40.0;1.44;61.175;;2024-02-14;08:00
52;Pays de la Loire;Données définitives;3497.5;988.0;0.0;41.5;4.0;0.0;51.5;1700.0;0.0;0.0;397.5;314.0;28.25;49.03;0.0;;20.34;39.135;1.19;3.425;0.11499999999999999;40.0;1.475;60.59;;2024-02-14;09:00
52;Pays de la Loire;Données définitives;3568.5;839.5;0.0;152.0;4.0;0.0;53.0;1896.5;0.0;0.0;361.0;264.0;23.5;41.665;0.0;;17.47;34.32;4.27;12.545;0.11;40.0;1.4849999999999999;62.355000000000004;;2024-02-14;10:00
52;Pays de la Loire;Données définitives;3512.5;766.5;0.0;295.0;4.0;0.0;55.5;1863.0;0.0;0.0;319.0;209.5;21.835;38.040000000000006;0.0;;15.065;29.07;8.41;24.34;0.11499999999999999;40.0;1.58;65.29499999999999;;2024-02-14;11:00
52;Pays de la Loire;Données définitives;3507.5;824.0;0.0;402.5;4.0;0.0;56.0;1567.0;0.0;0.0;334.0;320.0;23.49;40.895;0.0;;18.64;35.97;11.475000000000001;33.21;0.11499999999999999;40.0;1.5950000000000002;65.88;;2024-02-14;12:00
52;Pays de la Loire;Données définitives;3376.0;664.0;0.0;505.5;4.0;0.0;57.0;1350.5;0.0;0.0;345.0;450.5;19.665;32.95;0.0;;23.55;43.730000000000004;14.98;41.71;0.12;40.0;1.69;67.06;;2024-02-14;13:00
52;Pays de la Loire;Données définitives;3282.0;666.0;0.0;500.5;4.0;0.0;56.0;1204.5;0.0;0.0;396.0;455.0;20.29;33.05;0.0;;25.93;46.81;15.25;41.295;0.12;40.0;1.705;65.88499999999999;;2024-02-14;14:00
52;Pays de la Loire;Données définitives;3241.0;677.0;0.0;431.5;4.0;0.0;58.0;1218.0;0.0;0.0;410.0;443.0;20.884999999999998;33.6;0.0;;26.325;46.92;13.32;35.6;0.12;40.0;1.79;68.24;;2024-02-14;15:00
52;Pays de la Loire;Données définitives;3097.5;687.5;0.0;272.0;4.0;0.0;58.0;1334.0;0.0;0.0;373.0;369.5;22.205;34.115;0.0;;23.955;40.84;8.745;22.445;0.13;40.0;1.87;68.24;;2024-02-14;16:00
52;Pays de la Loire;Données définitives;3110.5;680.0;0.0;106.5;4.0;0.0;57.5;1669.0;0.0;0.0;284.5;309.5;21.865000000000002;33.745000000000005;0.0;;19.1;32.675;3.4299999999999997;8.785;0.13;40.0;1.85;67.65;;2024-02-14;17:00
52;Pays de la Loire;Données définitives;3116.5;585.0;0.0;18.5;4.0;0.0;57.5;1929.0;0.0;0.0;259.0;264.0;18.775;29.03;0.0;;16.77;28.740000000000002;0.6;1.5250000000000001;0.13;40.0;1.845;67.65;;2024-02-14;18:00
52;Pays de la Loire;Données définitives;3478.0;615.5;0.0;0.0;4.0;0.0;55.5;2219.5;0.0;0.0;306.5;277.0;17.715;30.545;0.0;;16.78;32.095;0.0;0.0;0.11499999999999999;40.0;1.6;65.29499999999999;;2024-02-14;19:00
52;Pays de la Loire;Données définitives;3332.5;611.0;0.0;0.0;4.0;0.0;55.5;2084.5;0.0;0.0;345.5;232.5;18.34;30.32;0.0;;17.34;31.795;0.0;0.0;0.12;40.0;1.665;65.29499999999999;;2024-02-14;20:00
52;Pays de la Loire;Données définitives;3061.5;526.5;0.0;0.0;4.0;0.0;56.0;1908.0;0.0;0.0;370.5;197.0;17.18;26.13;0.0;;18.54;31.215;0.0;0.0;0.13;40.0;1.83;65.88;;2024-02-14;21:00
52;Pays de la Loire;Données définitives;2809.5;455.5;0.0;0.0;4.0;0.0;55.0;1719.5;0.0;0.0;399.5;175.5;16.215;22.604999999999997;0.0;;20.465000000000003;31.625;0.0;0.0;0.14;40.0;1.955;64.71;;2024-02-14;22:00
52;Pays de la Loire;Données définitives;3185.0;452.5;0.0;0.0;4.0;0.0;56.0;2021.5;0.0;0.0;422.0;229.0;14.215;22.455;0.0;;20.48;35.805;0.0;0.0;0.125;40.0;1.76;65.88;;2024-02-14;23:00
52;Pays de la Loire;Données définitives;3190.0;126.0;0.0;0.0;5.0;0.0;57.0;2553.0;0.0;0.0;365.0;83.5;3.95;6.25;0.0;;14.08;24.7;0.0;0.0;0.16;50.0;1.7850000000000001;67.06;;2024-03-14;00:00
52;Pays de la Loire;Données définitives;2979.0;127.0;0.0;0.0;5.0;0.0;57.5;2345.5;0.0;0.0;337.5;107.5;4.265000000000001;6.3;0.0;;14.92;24.450000000000003;0.0;0.0;0.17;50.0;1.93;67.65;;2024-03-14;01:00
52;Pays de la Loire;Données définitives;2971.5;126.0;0.0;0.0;5.0;0.0;55.5;2298.0;0.0;0.0;330.5;156.5;4.24;6.25;0.0;;16.384999999999998;26.759999999999998;0.0;0.0;0.17;50.0;1.87;65.29499999999999;;2024-03-14;02:00
52;Pays de la Loire;Données définitives;2735.5;126.0;0.0;0.0;5.0;0.0;58.5;2002.0;0.0;0.0;322.5;221.0;4.605;6.25;0.0;;19.86;29.865000000000002;0.0;0.0;0.185;50.0;2.14;68.82499999999999;;2024-03-14;03:00
52;Pays de la Loire;Données définitives;2734.0;126.0;0.0;0.0;5.0;0.0;60.0;2001.0;0.0;0.0;269.5;272.5;4.609999999999999;6.25;0.0;;19.83;29.81;0.0;0.0;0.18;50.0;2.1950000000000003;70.59;;2024-03-14;04:00
52;Pays de la Loire;Données définitives;2811.5;127.0;0.0;0.0;5.0;0.0;60.0;2131.0;0.0;0.0;266.0;223.0;4.52;6.3;0.0;;17.42;26.925;0.0;0.0;0.175;50.0;2.135;70.59;;2024-03-14;05:00
52;Pays de la Loire;Données définitives;3145.5;126.0;0.0;0.0;5.0;0.0;59.5;2497.0;0.0;0.0;251.0;207.0;4.005;6.25;0.0;;14.55;25.165;0.0;0.0;0.155;50.0;1.895;70.0;;2024-03-14;06:00
52;Pays de la Loire;Données définitives;3542.5;143.0;0.0;1.0;5.0;0.0;57.5;2861.5;0.0;0.0;265.0;208.5;4.025;7.095000000000001;0.0;;13.370000000000001;26.045;0.03;0.085;0.14;50.0;1.625;67.645;;2024-03-14;07:00
52;Pays de la Loire;Données définitives;3696.0;170.0;0.0;73.0;5.0;0.0;56.5;2913.0;0.0;0.0;301.0;178.0;4.6;8.44;0.0;;12.96;26.345;1.9700000000000002;6.025;0.135;50.0;1.53;66.47;;2024-03-14;08:00
52;Pays de la Loire;Données définitives;3586.0;139.5;0.0;259.5;5.0;0.0;56.0;2734.0;0.0;0.0;246.0;145.0;3.8899999999999997;6.92;0.0;;10.89;21.505;7.25;21.409999999999997;0.14;50.0;1.565;65.88499999999999;;2024-03-14;09:00
52;Pays de la Loire;Données définitives;3544.5;125.5;0.0;357.5;5.0;0.0;56.0;2712.0;0.0;0.0;142.5;145.5;3.54;6.225;0.0;;8.14;15.870000000000001;10.09;29.494999999999997;0.14;50.0;1.58;65.88;;2024-03-14;10:00
52;Pays de la Loire;Données définitives;3436.5;129.5;0.0;432.5;5.0;0.0;57.5;2607.0;0.0;0.0;99.5;105.5;3.77;6.425000000000001;0.0;;5.97;11.305;12.600000000000001;35.685;0.14500000000000002;50.0;1.6749999999999998;67.65;;2024-03-14;11:00
52;Pays de la Loire;Données définitives;3355.5;135.0;0.0;560.0;5.0;0.0;58.0;2361.5;0.0;0.0;158.0;77.5;4.025;6.7;0.0;;7.02;12.955;16.695;46.205;0.15;50.0;1.73;68.24;;2024-03-14;12:00
52;Pays de la Loire;Données définitives;3266.0;132.0;0.0;705.0;5.0;0.0;60.0;2049.0;0.0;0.0;215.0;99.0;4.04;6.550000000000001;0.0;;9.64;17.3;21.61;58.165;0.155;50.0;1.84;70.59;;2024-03-14;13:00
52;Pays de la Loire;Données définitives;3139.5;129.5;0.0;754.0;5.0;0.0;60.0;1722.5;0.0;0.0;316.0;152.0;4.125;6.425000000000001;0.0;;14.925;25.74;24.015;62.215;0.16;50.0;1.91;70.59;;2024-03-14;14:00
52;Pays de la Loire;Données définitives;3022.5;123.5;0.0;699.0;5.0;0.0;62.0;1498.5;0.0;0.0;445.0;189.0;4.085;6.125;0.0;;20.985;34.845;23.125;57.67;0.165;50.0;2.0549999999999997;72.94;;2024-03-14;15:00
52;Pays de la Loire;Données définitives;2944.5;119.5;0.0;551.5;5.0;0.0;62.0;1398.0;0.0;0.0;600.0;207.0;4.0600000000000005;5.9350000000000005;0.0;;27.475;44.415;18.689999999999998;45.5;0.17;50.0;2.105;72.94;;2024-03-14;16:00
52;Pays de la Loire;Données définitives;2911.5;122.0;0.0;305.5;5.0;0.0;63.0;1481.0;0.0;0.0;613.0;322.0;4.1899999999999995;6.055;0.0;;32.115;51.435;10.48;25.205;0.17;50.0;2.165;74.12;;2024-03-14;17:00
52;Pays de la Loire;Données définitives;2972.0;123.5;0.0;97.5;5.0;0.0;61.0;1791.5;0.0;0.0;564.0;330.0;4.155;6.125;0.0;;30.09;49.175;3.3;8.045;0.17;50.0;2.05;71.76;;2024-03-14;18:00
52;Pays de la Loire;Données définitives;3269.5;151.0;0.0;5.0;5.0;0.0;60.0;2119.5;0.0;0.0;538.0;390.5;4.61;7.494999999999999;0.0;;28.435;51.105000000000004;0.16;0.415;0.155;50.0;1.835;70.58500000000001;;2024-03-14;19:00
52;Pays de la Loire;Données définitives;3228.0;161.5;0.0;0.0;5.0;0.0;58.0;1998.0;0.0;0.0;574.5;430.5;5.005000000000001;8.015;0.0;;31.185;55.28;0.0;0.0;0.155;50.0;1.8;68.24;;2024-03-14;20:00
52;Pays de la Loire;Données définitives;2911.0;152.5;0.0;0.0;5.0;0.0;57.5;1564.0;0.0;0.0;700.0;432.0;5.234999999999999;7.57;0.0;;38.894999999999996;62.239999999999995;0.0;0.0;0.17;50.0;1.975;67.65;;2024-03-14;21:00
52;Pays de la Loire;Données définitives;2797.0;125.0;0.0;0.0;5.0;0.0;58.5;1445.0;0.0;0.0;729.5;433.0;4.470000000000001;6.2;0.0;;41.595;63.945;0.0;0.0;0.18;50.0;2.0949999999999998;68.82499999999999;;2024-03-14;22:00
52;Pays de la Loire;Données définitives;3133.0;125.5;0.0;0.0;5.0;0.0;61.0;1783.0;0.0;0.0;726.0;432.0;4.005;6.225;0.0;;36.975;63.695;0.0;0.0;0.16;50.0;1.9449999999999998;71.765;;2024-03-14;23:00
52;Pays de la Loire;Données définitives;3084.0;0.0;0.0;0.0;5.0;0.0;54.5;2426.5;0.0;0.0;298.0;312.0;0.0;0.0;0.0;;19.78;33.55;0.0;0.0;0.16;50.0;1.77;64.12;;2024-04-17;00:00
52;Pays de la Loire;Données définitives;2848.0;0.0;0.0;0.0;5.0;0.0;53.0;2205.0;0.0;0.0;315.0;282.5;0.0;0.0;0.0;;20.98;32.865;0.0;0.0;0.18;50.0;1.8599999999999999;62.355000000000004;;2024-04-17;01:00
52;Pays de la Loire;Données définitives;2787.5;0.0;0.0;0.0;5.0;0.0;54.5;2194.5;0.0;0.0;312.0;234.5;0.0;0.0;0.0;;19.604999999999997;30.060000000000002;0.0;0.0;0.18;50.0;1.955;64.12;;2024-04-17;02:00
52;Pays de la Loire;Données définitives;2610.0;0.0;0.0;0.0;5.0;0.0;53.0;2030.5;0.0;0.0;319.5;214.5;0.0;0.0;0.0;;20.465;29.369999999999997;0.0;0.0;0.19;50.0;2.03;62.355000000000004;;2024-04-17;03:00
52;Pays de la Loire;Données définitives;2599.5;0.0;0.0;0.0;5.0;0.0;54.0;1992.0;0.0;0.0;334.5;227.0;0.0;0.0;0.0;;21.6;30.884999999999998;0.0;0.0;0.19;50.0;2.075;63.53;;2024-04-17;04:00
52;Pays de la Loire;Données définitives;2698.0;0.0;0.0;0.0;5.0;0.0;53.5;2106.5;0.0;0.0;320.0;226.5;0.0;0.0;0.0;;20.28;30.060000000000002;0.0;0.0;0.185;50.0;1.9849999999999999;62.94;;2024-04-17;05:00
52;Pays de la Loire;Données définitives;2981.5;0.0;0.0;0.0;5.0;0.0;52.0;2448.5;0.0;0.0;300.0;188.5;0.0;0.0;0.0;;16.405;26.87;0.0;0.0;0.165;50.0;1.745;61.18;;2024-04-17;06:00
52;Pays de la Loire;Données définitives;3349.5;0.0;0.0;2.0;5.0;0.0;52.0;2841.0;0.0;0.0;283.5;178.0;0.0;0.0;0.0;;13.785;25.384999999999998;0.06;0.165;0.15;50.0;1.55;61.18;;2024-04-17;07:00
52;Pays de la Loire;Données définitives;3593.0;1.5;0.0;64.5;5.0;0.0;52.5;3073.0;0.0;0.0;254.0;143.5;0.04;0.075;0.0;;11.09;21.89;1.78;5.32;0.14;50.0;1.46;61.765;;2024-04-17;08:00
52;Pays de la Loire;Données définitives;3584.0;1.5;0.0;272.5;5.0;0.0;54.0;3029.0;0.0;0.0;131.5;90.5;0.04;0.075;0.0;;6.1899999999999995;12.239999999999998;7.640000000000001;22.48;0.14;50.0;1.505;63.53;;2024-04-17;09:00
52;Pays de la Loire;Données définitives;3512.0;0.0;0.0;533.5;5.0;0.0;56.0;2758.0;0.0;0.0;95.5;64.5;0.0;0.0;0.0;;4.5649999999999995;8.805;15.225000000000001;44.015;0.14;50.0;1.5950000000000002;65.88;;2024-04-17;10:00
52;Pays de la Loire;Données définitives;3478.0;2.0;0.0;709.0;5.0;0.0;57.0;2476.0;0.0;0.0;160.5;68.0;0.06;0.1;0.0;;6.5600000000000005;12.545;20.39;58.5;0.14;50.0;1.64;67.06;;2024-04-17;11:00
52;Pays de la Loire;Données définitives;3429.5;4.0;0.0;763.0;5.0;0.0;56.0;2327.5;0.0;0.0;189.0;84.5;0.12;0.2;0.0;;7.975;15.045;22.25;62.955;0.15;50.0;1.63;65.88;;2024-04-17;12:00
52;Pays de la Loire;Données définitives;3440.0;4.5;0.0;738.0;5.0;0.0;56.5;2322.5;0.0;0.0;241.0;73.0;0.13;0.225;0.0;;9.14;17.27;21.45;60.894999999999996;0.14500000000000002;50.0;1.6400000000000001;66.47;;2024-04-17;13:00
52;Pays de la Loire;Données définitives;3262.5;4.5;0.0;639.0;5.0;0.0;56.0;2176.0;0.0;0.0;304.5;78.0;0.14;0.225;0.0;;11.735;21.04;19.575000000000003;52.725;0.155;50.0;1.7149999999999999;65.88499999999999;;2024-04-17;14:00
52;Pays de la Loire;Données définitives;3165.5;4.5;0.0;583.0;5.0;0.0;58.0;1964.0;0.0;0.0;380.5;170.0;0.14500000000000002;0.225;0.0;;17.384999999999998;30.28;18.42;48.1;0.16;50.0;1.835;68.235;;2024-04-17;15:00
52;Pays de la Loire;Données définitives;3070.5;5.0;0.0;477.0;5.0;0.0;58.0;1777.5;0.0;0.0;491.0;257.5;0.16;0.25;0.0;;24.405;41.195;15.525;39.355000000000004;0.16;50.0;1.885;68.24;;2024-04-17;16:00
52;Pays de la Loire;Données définitives;3000.0;6.0;0.0;379.0;5.0;0.0;57.5;1684.5;0.0;0.0;591.5;276.5;0.2;0.3;0.0;;28.94;47.739999999999995;12.629999999999999;31.270000000000003;0.17;50.0;1.92;67.65;;2024-04-17;17:00
52;Pays de la Loire;Données définitives;3062.0;6.5;0.0;296.5;5.0;0.0;56.0;1697.0;0.0;0.0;638.5;362.0;0.21500000000000002;0.32499999999999996;0.0;;32.685;55.035;9.695;24.46;0.165;50.0;1.83;65.88;;2024-04-17;18:00
52;Pays de la Loire;Données définitives;3236.0;7.0;0.0;182.5;5.0;0.0;57.0;2067.0;0.0;0.0;592.5;324.5;0.215;0.35;0.0;;28.375;50.465;5.654999999999999;15.06;0.155;50.0;1.7650000000000001;67.06;;2024-04-17;19:00
52;Pays de la Loire;Données définitives;3162.0;4.5;0.0;61.0;5.0;0.0;56.5;2184.0;0.0;0.0;489.0;362.0;0.14;0.22499999999999998;0.0;;26.91;46.805;1.925;5.035;0.16;50.0;1.7850000000000001;66.47;;2024-04-17;20:00
52;Pays de la Loire;Données définitives;2998.0;1.0;0.0;3.5;5.0;0.0;55.5;2215.5;0.0;0.0;353.5;364.0;0.03;0.05;0.0;;23.955;39.49;0.115;0.29;0.17;50.0;1.85;65.29499999999999;;2024-04-17;21:00
52;Pays de la Loire;Données définitives;2959.0;0.5;0.0;0.0;5.0;0.0;55.0;2271.5;0.0;0.0;284.0;344.5;0.015;0.025;0.0;;21.275;34.599999999999994;0.0;0.0;0.17;50.0;1.8599999999999999;64.71;;2024-04-17;22:00
52;Pays de la Loire;Données définitives;3295.5;0.0;0.0;0.0;5.0;0.0;55.0;2662.0;0.0;0.0;265.0;314.5;0.0;0.0;0.0;;17.549999999999997;31.82;0.0;0.0;0.15;50.0;1.67;64.71;;2024-04-17;23:00
52;Pays de la Loire;Données définitives;2226.0;0.0;0.0;0.0;4.0;0.0;63.5;1972.0;0.0;0.0;171.5;23.0;0.0;0.0;0.0;;8.75;10.73;0.0;0.0;0.18;40.0;2.855;74.70500000000001;;2024-05-13;00:00
52;Pays de la Loire;Données définitives;1977.5;0.0;0.0;0.0;4.0;0.0;62.5;1729.5;0.0;0.0;136.0;54.5;0.0;0.0;0.0;;9.61;10.455;0.0;0.0;0.2;40.0;3.16;73.53;;2024-05-13;01:00
52;Pays de la Loire;Données définitives;1926.0;0.0;0.0;0.0;4.0;0.0;64.0;1681.0;0.0;0.0;140.0;46.5;0.0;0.0;0.0;;9.684999999999999;10.26;0.0;0.0;0.20500000000000002;40.0;3.325;75.29;;2024-05-13;02:00
52;Pays de la Loire;Données définitives;1725.5;0.0;0.0;0.0;4.0;0.0;64.0;1472.0;0.0;0.0;121.5;73.0;0.0;0.0;0.0;;11.25;10.675;0.0;0.0;0.235;40.0;3.71;75.29;;2024-05-13;03:00
52;Pays de la Loire;Données définitives;1685.5;0.0;0.0;0.0;4.0;0.0;63.0;1422.5;0.0;0.0;109.0;95.5;0.0;0.0;0.0;;12.129999999999999;11.25;0.0;0.0;0.24;40.0;3.7350000000000003;74.12;;2024-05-13;04:00
52;Pays de la Loire;Données définitives;1778.5;0.0;0.0;0.0;4.0;0.0;63.0;1444.0;0.0;0.0;108.0;168.5;0.0;0.0;0.0;;15.504999999999999;15.21;0.0;0.0;0.225;40.0;3.545;74.12;;2024-05-13;05:00
52;Pays de la Loire;Données définitives;2027.0;0.0;0.0;0.0;4.0;0.0;63.0;1581.0;0.0;0.0;114.5;273.5;0.0;0.0;0.0;;19.105;21.345;0.0;0.0;0.2;40.0;3.1100000000000003;74.12;;2024-05-13;06:00
52;Pays de la Loire;Données définitives;2336.5;0.0;0.0;19.0;4.0;0.0;63.0;1755.0;0.0;0.0;146.0;359.0;0.0;0.0;0.0;;21.585;27.78;0.79;1.57;0.16999999999999998;40.0;2.7;74.12;;2024-05-13;07:00
52;Pays de la Loire;Données définitives;2627.5;0.0;0.0;98.5;4.0;0.0;62.0;1909.0;0.0;0.0;186.5;371.5;0.0;0.0;0.0;;21.27;30.72;3.725;8.13;0.155;40.0;2.365;72.94;;2024-05-13;08:00
52;Pays de la Loire;Données définitives;2802.5;0.0;0.0;201.0;4.0;0.0;62.5;1898.0;0.0;0.0;251.0;388.0;0.0;0.0;0.0;;22.795;35.150000000000006;7.17;16.585;0.14;40.0;2.23;73.53;;2024-05-13;09:00
52;Pays de la Loire;Données définitives;2837.0;0.0;0.0;264.5;4.0;0.0;63.0;1716.0;0.0;0.0;359.5;432.0;0.0;0.0;0.0;;27.915;43.565;9.32;21.82;0.14;40.0;2.225;74.12;;2024-05-13;10:00
52;Pays de la Loire;Données définitives;2840.5;0.0;0.0;357.0;5.0;0.0;63.0;1626.0;0.0;0.0;385.0;408.5;0.0;0.0;0.0;;27.92;43.615;12.57;29.455;0.18;50.0;2.22;74.12;;2024-05-13;11:00
52;Pays de la Loire;Données définitives;2892.5;0.0;0.0;376.0;5.0;0.0;63.0;1726.5;0.0;0.0;297.5;427.5;0.0;0.0;0.0;;25.05;39.875;12.995000000000001;31.02;0.17;50.0;2.18;74.12;;2024-05-13;12:00
52;Pays de la Loire;Données définitives;2862.5;0.0;0.0;402.0;5.0;0.0;64.0;1728.5;0.0;0.0;232.0;434.0;0.0;0.0;0.0;;23.27;36.635;14.055;33.17;0.175;50.0;2.235;75.29;;2024-05-13;13:00
52;Pays de la Loire;Données définitives;2784.5;0.0;0.0;470.5;5.0;0.0;63.5;1575.5;0.0;0.0;229.5;443.0;0.0;0.0;0.0;;24.175;37.015;16.91;38.82;0.18;50.0;2.2800000000000002;74.70500000000001;;2024-05-13;14:00
52;Pays de la Loire;Données définitives;2749.0;0.0;0.0;500.0;5.0;0.0;64.5;1486.0;0.0;0.0;249.0;447.5;0.0;0.0;0.0;;25.33;38.31;18.185000000000002;41.254999999999995;0.18;50.0;2.3449999999999998;75.88;;2024-05-13;15:00
52;Pays de la Loire;Données définitives;2699.5;0.0;0.0;420.5;5.0;0.0;63.0;1503.5;0.0;0.0;290.0;421.0;0.0;0.0;0.0;;26.32;39.08;15.58;34.695;0.19;50.0;2.335;74.12;;2024-05-13;16:00
52;Pays de la Loire;Données définitives;2621.5;0.0;0.0;278.5;5.0;0.0;63.0;1674.0;0.0;0.0;216.5;389.0;0.0;0.0;0.0;;23.1;33.305;10.61;22.979999999999997;0.19;50.0;2.4050000000000002;74.12;;2024-05-13;17:00
52;Pays de la Loire;Données définitives;2651.5;0.0;0.0;170.5;5.0;0.0;62.5;1798.0;0.0;0.0;194.5;424.5;0.0;0.0;0.0;;23.345;34.045;6.4399999999999995;14.07;0.19;50.0;2.36;73.53;;2024-05-13;18:00
52;Pays de la Loire;Données définitives;2820.5;0.0;0.0;86.5;5.0;0.0;62.5;1979.5;0.0;0.0;274.0;417.0;0.0;0.0;0.0;;24.494999999999997;38.010000000000005;3.075;7.140000000000001;0.18;50.0;2.2199999999999998;73.53;;2024-05-13;19:00
52;Pays de la Loire;Données définitives;2743.5;0.0;0.0;35.0;5.0;0.0;62.5;2036.0;0.0;0.0;262.5;347.0;0.0;0.0;0.0;;22.225;33.555;1.2650000000000001;2.885;0.185;50.0;2.2800000000000002;73.53;;2024-05-13;20:00
52;Pays de la Loire;Données définitives;2506.5;0.0;0.0;6.5;5.0;0.0;63.0;2002.5;0.0;0.0;225.5;213.0;0.0;0.0;0.0;;17.490000000000002;24.12;0.255;0.54;0.2;50.0;2.5149999999999997;74.12;;2024-05-13;21:00
52;Pays de la Loire;Données définitives;2469.0;0.0;0.0;0.0;5.0;0.0;63.0;1994.5;0.0;0.0;214.5;201.0;0.0;0.0;0.0;;16.825;22.855;0.0;0.0;0.20500000000000002;50.0;2.555;74.12;;2024-05-13;22:00
52;Pays de la Loire;Données définitives;2747.0;0.0;0.0;0.0;5.0;0.0;63.5;2221.0;0.0;0.0;189.5;277.0;0.0;0.0;0.0;;17.0;25.66;0.0;0.0;0.185;50.0;2.315;74.70500000000001;;2024-05-13;23:00
52;Pays de la Loire;Données définitives;2553.0;0.0;0.0;0.0;4.0;0.0;51.5;2186.5;0.0;0.0;179.5;135.5;0.0;0.0;0.0;;12.36;17.354999999999997;0.0;0.0;0.155;40.0;2.02;60.59;;2024-06-11;00:00
52;Pays de la Loire;Données définitives;2266.5;0.0;0.0;0.0;4.0;0.0;52.5;1882.5;0.0;0.0;185.5;147.0;0.0;0.0;0.0;;14.65;18.259999999999998;0.0;0.0;0.175;40.0;2.315;61.765;;2024-06-11;01:00
52;Pays de la Loire;Données définitives;2210.0;0.0;0.0;0.0;3.5;0.0;52.0;1833.0;0.0;0.0;180.0;145.5;0.0;0.0;0.0;;14.754999999999999;17.935000000000002;0.0;0.0;0.16;35.0;2.3499999999999996;61.18;;2024-06-11;02:00
52;Pays de la Loire;Données définitives;2041.5;0.0;0.0;0.0;3.0;0.0;52.0;1709.0;0.0;0.0;159.5;122.5;0.0;0.0;0.0;;13.805;15.510000000000002;0.0;0.0;0.15;30.0;2.545;61.18;;2024-06-11;03:00
52;Pays de la Loire;Données définitives;1988.5;0.0;0.0;0.0;2.0;0.0;52.0;1711.0;0.0;0.0;137.5;90.5;0.0;0.0;0.0;;11.465;12.545;0.0;0.0;0.1;20.0;2.615;61.18;;2024-06-11;04:00
52;Pays de la Loire;Données définitives;2054.5;0.0;0.0;0.0;2.5;0.0;52.0;1789.5;0.0;0.0;129.0;85.5;0.0;0.0;0.0;;10.45;11.8;0.0;0.0;0.12000000000000001;25.0;2.535;61.18;;2024-06-11;05:00
52;Pays de la Loire;Données définitives;2267.0;0.0;0.0;2.0;3.0;0.0;48.5;2009.0;0.0;0.0;131.0;77.5;0.0;0.0;0.0;;9.21;11.47;0.085;0.165;0.135;30.0;2.145;57.06;;2024-06-11;06:00
52;Pays de la Loire;Données définitives;2539.5;0.0;0.0;44.0;2.0;0.0;43.0;2278.5;0.0;0.0;117.5;58.5;0.0;0.0;0.0;;6.9399999999999995;9.655;1.71;3.63;0.08;20.0;1.6949999999999998;50.59;;2024-06-11;07:00
52;Pays de la Loire;Données définitives;2781.5;1.0;0.0;193.5;2.0;0.0;41.0;2446.5;0.0;0.0;62.5;35.5;0.035;0.05;0.0;;3.54;5.390000000000001;6.92;15.965;0.07;20.0;1.475;48.235;;2024-06-11;08:00
52;Pays de la Loire;Données définitives;2859.0;2.0;0.0;442.0;2.0;0.0;40.0;2336.0;0.0;0.0;16.0;22.0;0.07;0.1;0.0;;1.315;2.065;15.445;36.464999999999996;0.07;20.0;1.4;47.06;;2024-06-11;09:00
52;Pays de la Loire;Données définitives;2885.5;2.0;0.0;685.0;2.0;0.0;40.0;2128.0;0.0;0.0;16.0;13.0;0.07;0.1;0.0;;1.02;1.625;23.75;56.519999999999996;0.07;20.0;1.3849999999999998;47.06;;2024-06-11;10:00
52;Pays de la Loire;Données définitives;2877.5;2.0;0.0;826.5;1.5;0.0;39.5;1969.5;0.0;0.0;32.5;6.0;0.07;0.1;0.0;;1.3599999999999999;2.15;28.725;68.19;0.05;15.0;1.37;46.47;;2024-06-11;11:00
52;Pays de la Loire;Données définitives;2928.0;2.0;0.0;881.5;2.0;0.0;40.5;1954.5;0.0;0.0;49.5;0.0;0.07;0.1;0.0;;1.6549999999999998;2.67;30.104999999999997;72.72999999999999;0.07;20.0;1.385;47.650000000000006;;2024-06-11;12:00
52;Pays de la Loire;Données définitives;2932.5;2.0;0.0;918.0;1.5;0.0;40.5;1892.5;0.0;0.0;79.5;0.0;0.07;0.1;0.0;;2.6799999999999997;4.32;31.305;75.745;0.05;15.0;1.38;47.650000000000006;;2024-06-11;13:00
52;Pays de la Loire;Données définitives;2854.0;2.0;0.0;857.5;1.0;0.0;39.0;1845.0;0.0;0.0;104.5;4.5;0.07;0.1;0.0;;3.8200000000000003;5.995;30.04;70.75;0.035;10.0;1.365;45.88;;2024-06-11;14:00
52;Pays de la Loire;Données définitives;2750.0;2.0;0.0;777.0;1.5;0.0;40.5;1782.5;0.0;0.0;115.0;32.0;0.07;0.1;0.0;;5.345;8.09;28.259999999999998;64.11;0.05500000000000001;15.0;1.47;47.644999999999996;;2024-06-11;15:00
52;Pays de la Loire;Données définitives;2693.5;2.0;0.0;702.0;2.0;0.0;43.0;1737.0;0.0;0.0;144.0;63.5;0.07;0.1;0.0;;7.705;11.415;26.055;57.925;0.07;20.0;1.5950000000000002;50.59;;2024-06-11;16:00
52;Pays de la Loire;Données définitives;2565.5;2.0;0.0;604.0;3.0;0.0;44.0;1650.5;0.0;0.0;159.0;103.0;0.08;0.1;0.0;;10.215;14.415;23.54;49.835;0.12;30.0;1.7149999999999999;51.76;;2024-06-11;17:00
52;Pays de la Loire;Données définitives;2586.5;2.0;0.0;526.0;3.0;0.0;44.5;1659.5;0.0;0.0;202.5;148.0;0.08;0.1;0.0;;13.55;19.28;20.355;43.394999999999996;0.11499999999999999;30.0;1.72;52.349999999999994;;2024-06-11;18:00
52;Pays de la Loire;Données définitives;2686.0;2.0;0.0;363.5;3.0;0.0;44.0;1909.5;0.0;0.0;220.0;144.0;0.07;0.1;0.0;;13.55;20.025;13.535;29.99;0.11;30.0;1.64;51.76;;2024-06-11;19:00
52;Pays de la Loire;Données définitives;2568.0;1.0;0.0;200.0;3.0;0.0;44.0;1947.0;0.0;0.0;250.5;123.5;0.04;0.05;0.0;;14.605;20.6;7.75;16.5;0.11499999999999999;30.0;1.71;51.76;;2024-06-11;20:00
52;Pays de la Loire;Données définitives;2372.5;0.0;0.0;55.0;4.0;0.0;45.0;1796.5;0.0;0.0;274.0;202.5;0.0;0.0;0.0;;20.064999999999998;26.185;2.315;4.535;0.17;40.0;1.895;52.94;;2024-06-11;21:00
52;Pays de la Loire;Données définitives;2367.5;0.0;0.0;4.5;4.0;0.0;44.5;1827.5;0.0;0.0;283.0;208.5;0.0;0.0;0.0;;20.77;27.035;0.195;0.37;0.165;40.0;1.88;52.349999999999994;;2024-06-11;22:00
52;Pays de la Loire;Données définitives;2731.0;0.0;0.0;0.0;4.0;0.0;45.0;2108.5;0.0;0.0;355.0;223.5;0.0;0.0;0.0;;21.21;31.82;0.0;0.0;0.14500000000000002;40.0;1.645;52.94;;2024-06-11;23:00
52;Pays de la Loire;Données définitives;2572.0;345.0;0.0;0.0;4.0;0.0;59.5;1823.0;0.0;0.0;244.5;95.5;13.45;17.119999999999997;0.0;;13.254999999999999;18.73;0.0;0.0;0.155;40.0;2.315;70.0;;2024-07-10;00:00
52;Pays de la Loire;Données définitives;2320.0;419.5;0.0;0.0;4.0;0.0;60.5;1464.0;0.0;0.0;232.0;139.5;18.085;20.814999999999998;0.0;;16.015;20.435000000000002;0.0;0.0;0.17;40.0;2.6100000000000003;71.17500000000001;;2024-07-10;01:00
52;Pays de la Loire;Données définitives;2234.5;417.5;0.0;0.0;3.0;0.0;60.0;1406.5;0.0;0.0;166.0;181.5;18.7;20.72;0.0;;15.515;19.085;0.0;0.0;0.135;30.0;2.69;70.59;;2024-07-10;02:00
52;Pays de la Loire;Données définitives;2056.5;414.5;0.0;0.0;3.5;0.0;61.0;1291.0;0.0;0.0;110.5;177.0;20.155;20.575000000000003;0.0;;13.969999999999999;15.815;0.0;0.0;0.17;35.0;2.965;71.76;;2024-07-10;03:00
52;Pays de la Loire;Données définitives;2026.5;414.5;0.0;0.0;4.0;0.0;61.0;1360.5;0.0;0.0;89.0;98.0;20.450000000000003;20.575000000000003;0.0;;9.225000000000001;10.29;0.0;0.0;0.2;40.0;3.01;71.76;;2024-07-10;04:00
52;Pays de la Loire;Données définitives;2044.5;417.0;0.0;0.0;4.0;0.0;60.0;1382.0;0.0;0.0;79.0;103.0;20.405;20.695;0.0;;8.885;9.985;0.0;0.0;0.195;40.0;2.94;70.58500000000001;;2024-07-10;05:00
52;Pays de la Loire;Données définitives;2185.5;419.0;0.0;0.0;4.0;0.0;59.5;1570.5;0.0;0.0;76.0;56.0;19.185000000000002;20.79;0.0;;6.035;7.234999999999999;0.0;0.0;0.185;40.0;2.725;70.0;;2024-07-10;06:00
52;Pays de la Loire;Données définitives;2403.5;437.5;0.0;30.0;4.0;0.0;60.0;1735.0;0.0;0.0;92.5;45.0;18.200000000000003;21.71;0.0;;5.73;7.5649999999999995;1.22;2.475;0.165;40.0;2.5;70.59;;2024-07-10;07:00
52;Pays de la Loire;Données définitives;2683.0;439.5;0.0;131.0;3.0;0.0;59.0;1943.0;0.0;0.0;66.5;41.0;16.4;21.81;0.0;;4.025;5.915;4.86;10.809999999999999;0.11;30.0;2.2;69.41499999999999;;2024-07-10;08:00
52;Pays de la Loire;Données définitives;2851.0;345.5;0.0;288.5;3.0;0.0;59.5;2069.5;0.0;0.0;62.0;22.0;12.120000000000001;17.145000000000003;0.0;;2.9450000000000003;4.62;10.105;23.8;0.10500000000000001;30.0;2.09;70.0;;2024-07-10;09:00
52;Pays de la Loire;Données définitives;2886.0;338.5;0.0;447.0;2.5;0.0;60.0;1949.0;0.0;0.0;73.5;15.5;11.73;16.795;0.0;;3.065;4.87;15.485;36.879999999999995;0.085;25.0;2.08;70.58500000000001;;2024-07-10;10:00
52;Pays de la Loire;Données définitives;2956.5;264.5;0.0;599.0;2.0;0.0;60.0;1918.0;0.0;0.0;93.5;19.0;8.955;13.129999999999999;0.0;;3.805;6.1899999999999995;20.255;49.425;0.07;20.0;2.0300000000000002;70.59;;2024-07-10;11:00
52;Pays de la Loire;Données définitives;3047.5;197.5;0.0;685.5;3.0;0.0;59.0;1983.0;0.0;0.0;112.0;8.5;6.49;9.805;0.0;;3.9399999999999995;6.605;22.490000000000002;56.56;0.1;30.0;1.935;69.41;;2024-07-10;12:00
52;Pays de la Loire;Données définitives;3047.5;0.0;0.0;735.5;2.5;0.0;60.0;2107.0;0.0;0.0;141.5;5.5;0.0;0.0;0.0;;4.83;8.09;24.14;60.685;0.085;25.0;1.97;70.59;;2024-07-10;13:00
52;Pays de la Loire;Données définitives;2924.0;0.0;0.0;767.5;2.5;0.0;59.0;1917.0;0.0;0.0;179.5;1.5;0.0;0.0;0.0;;6.18;9.93;26.25;63.325;0.085;25.0;2.02;69.41;;2024-07-10;14:00
52;Pays de la Loire;Données définitives;2884.5;0.0;0.0;761.0;2.5;0.0;57.5;1874.0;0.0;0.0;190.5;1.5;0.0;0.0;0.0;;6.66;10.559999999999999;26.384999999999998;62.79;0.085;25.0;1.9899999999999998;67.65;;2024-07-10;15:00
52;Pays de la Loire;Données définitives;2795.0;0.0;0.0;650.5;3.0;0.0;58.5;1871.0;0.0;0.0;203.5;10.0;0.0;0.0;0.0;;7.640000000000001;11.745000000000001;23.27;53.67;0.11;30.0;2.0949999999999998;68.82499999999999;;2024-07-10;16:00
52;Pays de la Loire;Données définitives;2708.0;0.0;0.0;509.5;2.0;0.0;57.5;1910.0;0.0;0.0;224.0;8.0;0.0;0.0;0.0;;8.55;12.735;18.805;42.04;0.07;20.0;2.12;67.65;;2024-07-10;17:00
52;Pays de la Loire;Données définitives;2689.0;4.0;0.0;349.0;2.5;0.0;60.0;2042.5;0.0;0.0;226.5;6.0;0.15;0.2;0.0;;8.645;12.79;12.98;28.8;0.09;25.0;2.23;70.59;;2024-07-10;18:00
52;Pays de la Loire;Données définitives;2777.0;228.5;0.0;201.0;3.0;0.0;61.0;2105.0;0.0;0.0;176.0;3.5;8.19;11.34;0.0;;6.455;9.85;7.255000000000001;16.585;0.11;30.0;2.2;71.76;;2024-07-10;19:00
52;Pays de la Loire;Données définitives;2670.5;261.0;0.0;106.0;3.0;0.0;61.0;2104.0;0.0;0.0;136.0;0.0;9.765;12.955;0.0;;5.045;7.425;3.96;8.745000000000001;0.11;30.0;2.285;71.76;;2024-07-10;20:00
52;Pays de la Loire;Données définitives;2435.5;288.5;0.0;36.0;3.0;0.0;61.0;1956.0;0.0;0.0;89.0;2.5;11.870000000000001;14.32;0.0;;3.715;4.98;1.4649999999999999;2.9699999999999998;0.125;30.0;2.51;71.76;;2024-07-10;21:00
52;Pays de la Loire;Données définitives;2427.5;290.0;0.0;2.5;3.0;0.0;60.5;2008.5;0.0;0.0;58.5;5.0;11.955;14.39;0.0;;2.59;3.44;0.105;0.205;0.125;30.0;2.495;71.17500000000001;;2024-07-10;22:00
52;Pays de la Loire;Données définitives;2730.0;323.0;0.0;0.0;3.0;0.0;60.0;2291.5;0.0;0.0;50.5;2.0;11.86;16.03;0.0;;1.91;2.865;0.0;0.0;0.11;30.0;2.2;70.59;;2024-07-10;23:00
52;Pays de la Loire;Données définitives;2373.5;0.0;0.0;0.0;1.0;0.0;62.5;2093.5;0.0;0.0;135.5;86.5;0.0;0.0;0.0;;9.385;12.24;0.0;0.0;0.04;10.0;2.635;73.53;;2024-08-20;00:00
52;Pays de la Loire;Données définitives;2101.5;0.0;0.0;0.0;1.0;0.0;62.5;1778.0;0.0;0.0;141.5;126.0;0.0;0.0;0.0;;12.71;14.684999999999999;0.0;0.0;0.05;10.0;2.975;73.525;;2024-08-20;01:00
52;Pays de la Loire;Données définitives;2037.0;0.0;0.0;0.0;1.0;0.0;61.0;1690.5;0.0;0.0;138.0;154.0;0.0;0.0;0.0;;14.355;16.064999999999998;0.0;0.0;0.05;10.0;2.995;71.765;;2024-08-20;02:00
52;Pays de la Loire;Données définitives;1884.0;0.0;0.0;0.0;1.0;0.0;59.0;1496.0;0.0;0.0;144.0;191.0;0.0;0.0;0.0;;17.735;18.369999999999997;0.0;0.0;0.05;10.0;3.13;69.41;;2024-08-20;03:00
52;Pays de la Loire;Données définitives;1833.0;0.0;0.0;0.0;1.0;0.0;59.5;1409.0;0.0;0.0;173.0;197.0;0.0;0.0;0.0;;20.240000000000002;20.41;0.0;0.0;0.05;10.0;3.245;70.0;;2024-08-20;04:00
52;Pays de la Loire;Données définitives;1860.5;0.0;0.0;0.0;1.0;0.0;57.5;1430.0;0.0;0.0;179.5;199.0;0.0;0.0;0.0;;20.35;20.82;0.0;0.0;0.05;10.0;3.0949999999999998;67.65;;2024-08-20;05:00
52;Pays de la Loire;Données définitives;1995.5;0.0;0.0;0.0;1.0;0.0;57.5;1528.0;0.0;0.0;206.0;209.5;0.0;0.0;0.0;;20.810000000000002;22.855;0.0;0.0;0.05;10.0;2.88;67.65;;2024-08-20;06:00
52;Pays de la Loire;Données définitives;2144.0;0.0;0.0;2.5;1.0;0.0;58.0;1619.0;0.0;0.0;221.5;248.5;0.0;0.0;0.0;;21.92;25.88;0.115;0.205;0.05;10.0;2.705;68.24;;2024-08-20;07:00
52;Pays de la Loire;Données définitives;2337.0;0.0;0.0;64.0;1.0;0.0;58.5;1708.5;0.0;0.0;271.5;240.5;0.0;0.0;0.0;;21.939999999999998;28.16;2.71;5.279999999999999;0.04;10.0;2.505;68.82499999999999;;2024-08-20;08:00
52;Pays de la Loire;Données définitives;2501.5;0.0;0.0;219.5;1.0;0.0;60.5;1772.0;0.0;0.0;218.5;238.5;0.0;0.0;0.0;;18.305;25.165;8.75;18.11;0.04;10.0;2.415;71.17500000000001;;2024-08-20;09:00
52;Pays de la Loire;Données définitives;2639.5;0.0;0.0;390.0;1.0;0.0;58.0;1713.5;0.0;0.0;206.5;278.0;0.0;0.0;0.0;;18.369999999999997;26.619999999999997;14.76;32.18;0.04;10.0;2.2;68.235;;2024-08-20;10:00
52;Pays de la Loire;Données définitives;2712.0;0.0;0.0;465.5;1.0;0.0;58.5;1651.5;0.0;0.0;285.5;256.0;0.0;0.0;0.0;;19.96;29.81;17.165;38.405;0.04;10.0;2.16;68.82499999999999;;2024-08-20;11:00
52;Pays de la Loire;Données définitives;2828.0;0.0;0.0;457.5;1.0;0.0;58.5;1739.0;0.0;0.0;355.5;225.5;0.0;0.0;0.0;;20.549999999999997;31.955;16.185;37.75;0.035;10.0;2.065;68.825;;2024-08-20;12:00
52;Pays de la Loire;Données définitives;2861.5;0.0;0.0;382.0;1.0;0.0;58.5;1827.0;0.0;0.0;360.0;242.0;0.0;0.0;0.0;;21.064999999999998;33.14;13.335;31.52;0.035;10.0;2.045;68.82499999999999;;2024-08-20;13:00
52;Pays de la Loire;Données définitives;2730.5;0.0;0.0;315.5;1.0;0.0;60.5;1680.5;0.0;0.0;345.5;337.5;0.0;0.0;0.0;;25.045;37.595;11.555;26.03;0.04;10.0;2.2199999999999998;71.17500000000001;;2024-08-20;14:00
52;Pays de la Loire;Données définitives;2675.0;0.0;0.0;332.5;1.0;0.0;61.0;1631.5;0.0;0.0;340.5;317.5;0.0;0.0;0.0;;24.595;36.19;12.43;27.435;0.04;10.0;2.28;71.76;;2024-08-20;15:00
52;Pays de la Loire;Données définitives;2549.0;0.0;0.0;441.5;1.0;0.0;60.0;1401.5;0.0;0.0;302.5;351.5;0.0;0.0;0.0;;25.655;35.975;17.34;36.43000000000001;0.04;10.0;2.355;70.59;;2024-08-20;16:00
52;Pays de la Loire;Données définitives;2469.0;0.0;0.0;519.5;1.0;0.0;60.0;1220.5;0.0;0.0;343.5;332.5;0.0;0.0;0.0;;27.38;37.185;21.04;42.86;0.04;10.0;2.43;70.59;;2024-08-20;17:00
52;Pays de la Loire;Données définitives;2453.5;0.0;0.0;477.5;1.0;0.0;61.0;1102.5;0.0;0.0;434.5;385.5;0.0;0.0;0.0;;33.42;45.1;19.465;39.4;0.04;10.0;2.4850000000000003;71.76;;2024-08-20;18:00
52;Pays de la Loire;Données définitives;2540.5;0.0;0.0;307.0;1.0;0.0;61.5;1271.0;0.0;0.0;464.0;445.0;0.0;0.0;0.0;;35.78;50.0;12.09;25.33;0.04;10.0;2.425;72.35;;2024-08-20;19:00
52;Pays de la Loire;Données définitives;2487.0;0.0;0.0;104.5;1.0;0.0;61.5;1434.0;0.0;0.0;447.5;447.5;0.0;0.0;0.0;;35.96;49.205;4.185;8.620000000000001;0.04;10.0;2.475;72.35;;2024-08-20;20:00
52;Pays de la Loire;Données définitives;2343.0;0.0;0.0;9.0;1.0;0.0;61.0;1494.5;0.0;0.0;339.5;446.0;0.0;0.0;0.0;;33.535;43.230000000000004;0.38;0.745;0.04;10.0;2.605;71.76;;2024-08-20;21:00
52;Pays de la Loire;Données définitives;2332.5;0.0;0.0;0.0;1.0;0.0;60.5;1587.0;0.0;0.0;253.5;439.5;0.0;0.0;0.0;;29.75;38.115;0.0;0.0;0.04;10.0;2.5949999999999998;71.17500000000001;;2024-08-20;22:00
52;Pays de la Loire;Données définitives;2565.0;0.0;0.0;0.0;1.0;0.0;61.0;1972.0;0.0;0.0;193.0;347.5;0.0;0.0;0.0;;21.009999999999998;29.700000000000003;0.0;0.0;0.04;10.0;2.385;71.76;;2024-08-20;23:00
52;Pays de la Loire;Données définitives;2559.0;141.0;0.0;0.0;1.0;0.0;59.0;1907.5;0.0;0.0;245.0;205.5;5.505;6.995;0.0;;17.605;24.78;0.0;0.0;0.04;10.0;2.3049999999999997;69.41;;2024-09-12;00:00
52;Pays de la Loire;Données définitives;2273.5;0.0;0.0;0.0;1.0;0.0;59.0;1803.5;0.0;0.0;266.5;159.0;0.0;0.0;0.0;;18.675;23.35;0.0;0.0;0.04;10.0;2.5949999999999998;69.41499999999999;;2024-09-12;01:00
52;Pays de la Loire;Données définitives;2203.0;0.0;0.0;0.0;0.0;0.0;58.5;1749.5;0.0;0.0;250.0;158.0;0.0;0.0;0.0;;18.52;22.439999999999998;0.0;0.0;0.0;0.0;2.6550000000000002;68.82499999999999;;2024-09-12;02:00
52;Pays de la Loire;Données définitives;2028.5;0.0;0.0;0.0;0.0;0.0;59.0;1566.5;0.0;0.0;256.5;160.0;0.0;0.0;0.0;;20.564999999999998;22.939999999999998;0.0;0.0;0.0;0.0;2.91;69.41;;2024-09-12;03:00
52;Pays de la Loire;Données définitives;1976.0;0.0;0.0;0.0;0.0;0.0;60.0;1513.0;0.0;0.0;264.5;152.5;0.0;0.0;0.0;;21.075;22.91;0.0;0.0;0.0;0.0;3.04;70.59;;2024-09-12;04:00
52;Pays de la Loire;Données définitives;2045.0;0.0;0.0;0.0;0.5;0.0;59.0;1590.5;0.0;0.0;255.0;154.5;0.0;0.0;0.0;;20.04;22.525;0.0;0.0;0.025;5.0;2.8899999999999997;69.41499999999999;;2024-09-12;05:00
52;Pays de la Loire;Données définitives;2253.0;77.0;0.0;0.0;1.0;0.0;58.5;1807.0;0.0;0.0;202.0;108.0;3.3200000000000003;3.82;0.0;;13.830000000000002;17.055;0.0;0.0;0.045;10.0;2.6;68.82499999999999;;2024-09-12;06:00
52;Pays de la Loire;Données définitives;2626.0;355.5;0.0;0.0;1.0;0.0;59.0;1997.0;0.0;0.0;139.0;75.0;13.465;17.64;0.0;;8.165;11.745000000000001;0.0;0.0;0.04;10.0;2.25;69.41;;2024-09-12;07:00
52;Pays de la Loire;Données définitives;2846.5;431.0;0.0;28.0;0.5;0.0;59.0;2117.0;0.0;0.0;148.5;63.5;15.14;21.39;0.0;;7.425000000000001;11.635000000000002;0.98;2.31;0.02;5.0;2.075;69.41;;2024-09-12;08:00
52;Pays de la Loire;Données définitives;2919.0;429.5;0.0;204.0;1.0;0.0;55.5;2038.0;0.0;0.0;112.0;79.5;14.715;21.314999999999998;0.0;;6.57;10.535;6.970000000000001;16.835;0.03;10.0;1.9049999999999998;65.295;;2024-09-12;09:00
52;Pays de la Loire;Données définitives;2956.5;416.0;0.0;511.5;0.0;0.0;57.5;1877.5;0.0;0.0;31.5;62.5;14.075;20.645;0.0;;3.165;5.145;17.294999999999998;42.2;0.0;0.0;1.9449999999999998;67.65;;2024-09-12;10:00
52;Pays de la Loire;Données définitives;2908.5;181.0;0.0;783.5;0.5;0.0;58.0;1828.5;0.0;0.0;24.0;32.5;6.225;8.98;0.0;;1.9249999999999998;3.085;26.94;64.645;0.015;5.0;1.99;68.24;;2024-09-12;11:00
52;Pays de la Loire;Données définitives;2981.5;175.0;0.0;908.0;0.0;0.0;59.5;1756.5;0.0;0.0;58.5;23.0;5.869999999999999;8.68;0.0;;2.75;4.515000000000001;30.455;74.91499999999999;0.0;0.0;1.995;70.0;;2024-09-12;12:00
52;Pays de la Loire;Données définitives;2987.0;176.0;0.0;874.5;0.5;0.0;62.0;1752.0;0.0;0.0;98.0;25.0;5.895;8.73;0.0;;4.11;6.74;29.28;72.155;0.015;5.0;2.075;72.94;;2024-09-12;13:00
52;Pays de la Loire;Données définitives;2877.5;176.0;0.0;848.5;0.0;0.0;62.0;1602.0;0.0;0.0;151.5;37.0;6.119999999999999;8.73;0.0;;6.55;10.370000000000001;29.485;70.00999999999999;0.0;0.0;2.1550000000000002;72.94;;2024-09-12;14:00
52;Pays de la Loire;Données définitives;2808.0;176.5;0.0;776.5;0.0;0.0;59.0;1535.5;0.0;0.0;192.0;67.5;6.285;8.754999999999999;0.0;;9.239999999999998;14.274999999999999;27.655;64.065;0.0;0.0;2.1;69.41;;2024-09-12;15:00
52;Pays de la Loire;Données définitives;2720.0;182.5;0.0;659.5;0.0;0.0;63.5;1471.5;0.0;0.0;211.0;132.0;6.71;9.055;0.0;;12.615;18.865;24.240000000000002;54.415;0.0;0.0;2.335;74.70500000000001;;2024-09-12;16:00
52;Pays de la Loire;Données définitives;2600.5;187.5;0.0;491.0;0.5;0.0;63.0;1413.0;0.0;0.0;246.0;199.5;7.21;9.305;0.0;;17.13;24.505000000000003;18.884999999999998;40.510000000000005;0.02;5.0;2.42;74.12;;2024-09-12;17:00
52;Pays de la Loire;Données définitives;2638.0;218.5;0.0;298.0;0.5;0.0;62.5;1611.5;0.0;0.0;205.5;241.0;8.280000000000001;10.845;0.0;;16.95;24.585;11.305;24.59;0.02;5.0;2.37;73.53;;2024-09-12;18:00
52;Pays de la Loire;Données définitives;2749.5;322.5;0.0;133.5;0.0;0.0;62.5;1837.0;0.0;0.0;173.5;220.0;11.73;16.0;0.0;;14.335;21.675;4.86;11.015;0.0;0.0;2.275;73.53;;2024-09-12;19:00
52;Pays de la Loire;Données définitives;2683.5;330.5;0.0;21.0;1.0;0.0;61.0;2080.5;0.0;0.0;125.5;65.5;12.315;16.4;0.0;;7.075;10.48;0.77;1.73;0.04;10.0;2.2750000000000004;71.76;;2024-09-12;20:00
52;Pays de la Loire;Données définitives;2539.5;329.0;0.0;0.0;1.0;0.0;62.0;1918.0;0.0;0.0;134.0;95.0;12.975000000000001;16.325;0.0;;9.05;12.625;0.0;0.0;0.04;10.0;2.4450000000000003;72.94;;2024-09-12;21:00
52;Pays de la Loire;Données définitives;2438.5;306.0;0.0;0.0;1.0;0.0;62.0;1750.0;0.0;0.0;155.0;164.5;12.54;15.184999999999999;0.0;;13.08;17.6;0.0;0.0;0.04;10.0;2.54;72.94;;2024-09-12;22:00
52;Pays de la Loire;Données définitives;2689.5;325.5;0.0;0.0;1.0;0.0;62.0;1897.5;0.0;0.0;164.5;239.5;12.115;16.155;0.0;;15.004999999999999;22.195;0.0;0.0;0.04;10.0;2.31;72.94;;2024-09-12;23:00
52;Pays de la Loire;Données définitives;2669.5;432.5;0.0;0.0;1.0;0.0;51.0;1765.0;0.0;0.0;281.0;138.5;16.195;21.46;0.0;;15.719999999999999;23.075000000000003;0.0;0.0;0.04;10.0;1.91;60.0;;2024-10-02;00:00
52;Pays de la Loire;Données définitives;2416.0;315.5;0.0;0.0;1.0;0.0;51.0;1687.0;0.0;0.0;272.0;89.0;13.055;15.655000000000001;0.0;;14.94;19.855;0.0;0.0;0.04;10.0;2.1100000000000003;60.0;;2024-10-02;01:00
52;Pays de la Loire;Données définitives;2359.0;317.5;0.0;0.0;1.0;0.0;52.0;1672.5;0.0;0.0;240.0;76.5;13.475000000000001;15.760000000000002;0.0;;13.39;17.380000000000003;0.0;0.0;0.04;10.0;2.205;61.18;;2024-10-02;02:00
52;Pays de la Loire;Données définitives;2191.5;323.0;0.0;0.0;1.0;0.0;49.5;1561.5;0.0;0.0;189.5;67.0;14.74;16.03;0.0;;11.7;14.11;0.0;0.0;0.05;10.0;2.255;58.235;;2024-10-02;03:00
52;Pays de la Loire;Données définitives;2141.0;287.0;0.0;0.0;1.0;0.0;48.0;1596.5;0.0;0.0;159.5;48.5;13.405;14.24;0.0;;9.71;11.440000000000001;0.0;0.0;0.05;10.0;2.24;56.47;;2024-10-02;04:00
52;Pays de la Loire;Données définitives;2205.5;285.0;0.0;0.0;1.0;0.0;49.5;1693.5;0.0;0.0;135.5;40.0;12.940000000000001;14.145;0.0;;7.975;9.655000000000001;0.0;0.0;0.045;10.0;2.245;58.235;;2024-10-02;05:00
52;Pays de la Loire;Données définitives;2461.0;298.0;0.0;0.0;1.0;0.0;49.0;1970.0;0.0;0.0;113.0;29.0;12.1;14.79;0.0;;5.79;7.8149999999999995;0.0;0.0;0.04;10.0;1.995;57.65;;2024-10-02;06:00
52;Pays de la Loire;Données définitives;2817.5;359.0;0.0;0.0;1.0;0.0;49.0;2294.5;0.0;0.0;90.0;24.5;12.725;17.82;0.0;;4.08;6.3;0.0;0.0;0.035;10.0;1.745;57.65;;2024-10-02;07:00
52;Pays de la Loire;Données définitives;3086.0;442.5;0.0;2.5;1.0;0.0;48.5;2508.0;0.0;0.0;69.0;14.0;14.34;21.96;0.0;;2.69;4.57;0.08;0.205;0.03;10.0;1.5750000000000002;57.06;;2024-10-02;08:00
52;Pays de la Loire;Données définitives;3162.0;447.0;0.0;68.5;1.0;0.0;49.5;2531.5;0.0;0.0;60.0;4.5;14.135;22.18;0.0;;2.025;3.52;2.165;5.65;0.03;10.0;1.565;58.235;;2024-10-02;09:00
52;Pays de la Loire;Données définitives;3135.0;443.5;0.0;210.0;1.0;0.0;49.5;2387.5;0.0;0.0;40.5;2.5;14.145;22.009999999999998;0.0;;1.37;2.365;6.7;17.325;0.03;10.0;1.58;58.235;;2024-10-02;10:00
52;Pays de la Loire;Données définitives;3095.0;444.0;0.0;408.5;1.0;0.0;47.5;2165.5;0.0;0.0;27.5;0.5;14.344999999999999;22.03;0.0;;0.8999999999999999;1.54;13.205;33.705;0.03;10.0;1.5350000000000001;55.879999999999995;;2024-10-02;11:00
52;Pays de la Loire;Données définitives;3153.0;445.5;0.0;570.0;1.0;0.0;48.5;2061.5;0.0;0.0;25.0;0.5;14.129999999999999;22.105;0.0;;0.825;1.43;18.075000000000003;47.03;0.03;10.0;1.5350000000000001;57.06;;2024-10-02;12:00
52;Pays de la Loire;Données définitives;3126.0;445.5;0.0;589.5;1.0;0.0;50.0;2011.5;0.0;0.0;27.5;0.5;14.255;22.104999999999997;0.0;;0.895;1.54;18.865000000000002;48.64;0.03;10.0;1.6;58.82;;2024-10-02;13:00
52;Pays de la Loire;Données définitives;3035.0;448.0;0.0;559.5;1.0;0.0;48.5;1958.5;0.0;0.0;19.5;0.0;14.76;22.23;0.0;;0.61;1.02;18.43;46.16;0.03;10.0;1.6;57.06;;2024-10-02;14:00
52;Pays de la Loire;Données définitives;2932.5;448.5;0.0;452.5;1.0;0.0;49.0;1961.0;0.0;0.0;23.5;0.0;15.29;22.255000000000003;0.0;;0.7;1.13;15.43;37.335;0.03;10.0;1.67;57.65;;2024-10-02;15:00
52;Pays de la Loire;Données définitives;2818.0;447.0;0.0;376.5;1.0;0.0;49.0;1898.5;0.0;0.0;44.0;3.5;15.865;22.18;0.0;;1.62;2.505;13.355;31.065;0.04;10.0;1.74;57.65;;2024-10-02;16:00
52;Pays de la Loire;Données définitives;2723.0;438.5;0.0;296.5;1.0;0.0;49.5;1823.5;0.0;0.0;97.5;17.5;16.105;21.759999999999998;0.0;;4.21;6.300000000000001;10.885;24.465;0.04;10.0;1.82;58.235;;2024-10-02;17:00
52;Pays de la Loire;Données définitives;2728.5;408.5;0.0;191.0;1.0;0.0;52.0;1922.5;0.0;0.0;116.5;37.0;14.975000000000001;20.275;0.0;;5.609999999999999;8.415;7.015000000000001;15.76;0.04;10.0;1.9049999999999998;61.18;;2024-10-02;18:00
52;Pays de la Loire;Données définitives;2908.5;437.5;0.0;57.0;1.0;0.0;49.5;2187.0;0.0;0.0;122.5;53.0;15.04;21.71;0.0;;6.050000000000001;9.68;1.97;4.705;0.03;10.0;1.7;58.235;;2024-10-02;19:00
52;Pays de la Loire;Données définitives;2913.0;456.0;0.0;0.5;1.0;0.0;50.5;2201.5;0.0;0.0;130.5;72.0;15.649999999999999;22.634999999999998;0.0;;6.955;11.14;0.015;0.04;0.03;10.0;1.7349999999999999;59.41;;2024-10-02;20:00
52;Pays de la Loire;Données définitives;2666.5;422.0;0.0;0.0;1.0;0.0;51.0;1945.5;0.0;0.0;175.0;71.5;15.834999999999999;20.94;0.0;;9.27;13.559999999999999;0.0;0.0;0.04;10.0;1.915;60.0;;2024-10-02;21:00
52;Pays de la Loire;Données définitives;2533.5;300.5;0.0;0.0;1.0;0.0;51.5;1805.0;0.0;0.0;232.5;143.0;11.870000000000001;14.91;0.0;;14.815000000000001;20.655;0.0;0.0;0.04;10.0;2.035;60.59;;2024-10-02;22:00
52;Pays de la Loire;Données définitives;2788.0;391.5;0.0;0.0;1.0;0.0;52.0;1915.0;0.0;0.0;258.0;170.5;14.075;19.424999999999997;0.0;;15.39;23.57;0.0;0.0;0.035;10.0;1.865;61.18;;2024-10-02;23:00
52;Pays de la Loire;Données définitives;3131.0;360.0;0.0;0.0;4.0;0.0;61.0;2410.0;0.0;0.0;210.0;87.0;11.504999999999999;17.865000000000002;0.0;;9.485;16.335;0.0;0.0;0.13;40.0;1.9449999999999998;71.76;;2024-11-08;00:00
52;Pays de la Loire;Données définitives;2852.0;346.5;0.0;0.0;4.0;0.0;61.0;2114.5;0.0;0.0;227.5;98.5;12.18;17.2;0.0;;11.44;17.935000000000002;0.0;0.0;0.14;40.0;2.1399999999999997;71.76;;2024-11-08;01:00
52;Pays de la Loire;Données définitives;2784.5;437.0;0.0;0.0;3.5;0.0;60.0;1924.5;0.0;0.0;223.0;137.0;15.71;21.685;0.0;;12.91;19.775;0.0;0.0;0.125;35.0;2.1550000000000002;70.59;;2024-11-08;02:00
52;Pays de la Loire;Données définitives;2580.0;415.5;0.0;0.0;3.0;0.0;60.5;1784.0;0.0;0.0;215.5;101.5;16.115000000000002;20.619999999999997;0.0;;12.29;17.439999999999998;0.0;0.0;0.11499999999999999;30.0;2.3449999999999998;71.17500000000001;;2024-11-08;03:00
52;Pays de la Loire;Données définitives;2524.5;502.5;0.0;0.0;4.0;0.0;61.0;1648.0;0.0;0.0;205.5;104.0;19.905;24.939999999999998;0.0;;12.26;17.025;0.0;0.0;0.16;40.0;2.415;71.76;;2024-11-08;04:00
52;Pays de la Loire;Données définitives;2598.5;488.5;0.0;0.0;4.0;0.0;61.5;1771.0;0.0;0.0;178.5;95.5;18.805;24.244999999999997;0.0;;10.55;15.07;0.0;0.0;0.155;40.0;2.365;72.35;;2024-11-08;05:00
52;Pays de la Loire;Données définitives;2878.0;438.0;0.0;0.0;4.0;0.0;61.0;2089.0;0.0;0.0;184.5;102.5;15.295;21.735;0.0;;9.995000000000001;15.785;0.0;0.0;0.135;40.0;2.125;71.76;;2024-11-08;06:00
52;Pays de la Loire;Données définitives;3256.0;431.0;0.0;0.0;4.0;0.0;61.0;2438.0;0.0;0.0;202.5;120.0;13.26;21.39;0.0;;9.89;17.71;0.0;0.0;0.125;40.0;1.875;71.76;;2024-11-08;07:00
52;Pays de la Loire;Données définitives;3490.0;490.0;0.0;4.5;4.0;0.0;61.5;2584.5;0.0;0.0;218.5;127.5;14.035;24.315;0.0;;9.92;19.03;0.13;0.37;0.11499999999999999;40.0;1.76;72.35;;2024-11-08;08:00
52;Pays de la Loire;Données définitives;3586.5;479.0;0.0;75.5;3.5;0.0;61.0;2623.0;0.0;0.0;223.5;122.0;13.355;23.77;0.0;;9.615;18.98;2.11;6.23;0.095;35.0;1.7;71.765;;2024-11-08;09:00
52;Pays de la Loire;Données définitives;3571.5;481.0;0.0;206.0;3.5;0.0;59.0;2525.0;0.0;0.0;166.5;130.5;13.469999999999999;23.87;0.0;;8.34;16.39;5.765000000000001;16.994999999999997;0.095;35.0;1.65;69.41499999999999;;2024-11-08;10:00
52;Pays de la Loire;Données définitives;3527.5;480.0;0.0;323.0;3.0;0.0;58.0;2417.0;0.0;0.0;115.5;130.5;13.61;23.82;0.0;;6.975;13.535;9.155000000000001;26.65;0.09;30.0;1.64;68.24;;2024-11-08;11:00
52;Pays de la Loire;Données définitives;3552.5;471.5;0.0;373.0;3.0;0.0;58.0;2409.0;0.0;0.0;86.0;152.5;13.275;23.395000000000003;0.0;;6.715;13.120000000000001;10.5;30.775;0.08;30.0;1.63;68.235;;2024-11-08;12:00
52;Pays de la Loire;Données définitives;3469.0;500.0;0.0;399.5;3.0;0.0;58.0;2272.5;0.0;0.0;92.5;144.0;14.425;24.815;0.0;;6.805;13.01;11.524999999999999;32.965;0.08499999999999999;30.0;1.67;68.24;;2024-11-08;13:00
52;Pays de la Loire;Données définitives;3308.0;498.0;0.0;377.5;3.0;0.0;60.0;2130.0;0.0;0.0;117.0;122.5;15.06;24.715;0.0;;7.225;13.15;11.41;31.15;0.09;30.0;1.815;70.58500000000001;;2024-11-08;14:00
52;Pays de la Loire;Données définitives;3236.0;512.5;0.0;274.5;3.0;0.0;61.0;2185.0;0.0;0.0;124.5;76.0;15.84;25.43;0.0;;6.165;10.975000000000001;8.485;22.645;0.09;30.0;1.8849999999999998;71.76;;2024-11-08;15:00
52;Pays de la Loire;Données définitives;3129.0;492.0;0.0;131.0;3.0;0.0;61.5;2233.5;0.0;0.0;120.0;88.5;15.72;24.415;0.0;;6.665;11.469999999999999;4.175000000000001;10.809999999999999;0.095;30.0;1.9649999999999999;72.35;;2024-11-08;16:00
52;Pays de la Loire;Données définitives;3107.5;438.0;0.0;32.5;3.0;0.0;61.0;2312.0;0.0;0.0;107.0;154.0;14.105;21.735;0.0;;8.395;14.36;1.05;2.685;0.1;30.0;1.96;71.76;;2024-11-08;17:00
52;Pays de la Loire;Données définitives;3258.0;415.0;0.0;0.5;3.0;0.0;61.0;2442.0;0.0;0.0;144.0;192.5;12.74;20.595;0.0;;10.325;18.509999999999998;0.015;0.04;0.09;30.0;1.87;71.76;;2024-11-08;18:00
52;Pays de la Loire;Données définitives;3332.0;423.5;0.0;0.0;3.0;0.0;60.5;2483.0;0.0;0.0;200.5;161.5;12.71;21.02;0.0;;10.835;19.854999999999997;0.0;0.0;0.09;30.0;1.82;71.17500000000001;;2024-11-08;19:00
52;Pays de la Loire;Données définitives;3204.5;413.5;0.0;0.0;3.0;0.0;61.0;2371.0;0.0;0.0;245.0;110.5;12.91;20.525;0.0;;11.08;19.525;0.0;0.0;0.095;30.0;1.905;71.76;;2024-11-08;20:00
52;Pays de la Loire;Données définitives;2931.5;454.0;0.0;0.0;3.0;0.0;61.5;2049.5;0.0;0.0;241.0;122.5;15.530000000000001;22.53;0.0;;12.42;20.02;0.0;0.0;0.1;30.0;2.1;72.35;;2024-11-08;21:00
52;Pays de la Loire;Données définitives;2872.0;432.0;0.0;0.0;3.0;0.0;62.0;2033.5;0.0;0.0;221.5;121.0;15.05;21.439999999999998;0.0;;11.93;18.84;0.0;0.0;0.10500000000000001;30.0;2.16;72.94;;2024-11-08;22:00
52;Pays de la Loire;Données définitives;3138.0;458.0;0.0;0.0;3.0;0.0;62.0;2330.0;0.0;0.0;182.5;103.0;14.605;22.729999999999997;0.0;;9.08;15.675;0.0;0.0;0.095;30.0;1.9749999999999999;72.94;;2024-11-08;23:00
52;Pays de la Loire;Données définitives;3805.0;127.5;0.0;0.0;6.0;0.0;60.5;2767.0;0.0;0.0;488.0;357.0;3.3499999999999996;6.365;0.0;;22.195;44.545;0.0;0.0;0.16;60.0;1.59;67.225;;2024-12-20;00:00
52;Pays de la Loire;Données définitives;3583.0;128.0;0.0;0.0;6.0;0.0;61.0;2675.5;0.0;0.0;503.0;209.5;3.575;6.39;0.0;;19.880000000000003;37.58;0.0;0.0;0.17;60.0;1.7;67.78;;2024-12-20;01:00
52;Pays de la Loire;Données définitives;3557.0;128.0;0.0;0.0;6.0;0.0;61.0;2723.0;0.0;0.0;493.0;145.5;3.5999999999999996;6.39;0.0;;17.95;33.675;0.0;0.0;0.17;60.0;1.7149999999999999;67.78;;2024-12-20;02:00
52;Pays de la Loire;Données définitives;3383.5;127.0;0.0;0.0;6.0;0.0;60.0;2607.0;0.0;0.0;467.0;116.5;3.755;6.34;0.0;;17.259999999999998;30.799999999999997;0.0;0.0;0.18;60.0;1.775;66.67;;2024-12-20;03:00
52;Pays de la Loire;Données définitives;3356.5;126.5;0.0;0.0;6.0;0.0;60.5;2628.5;0.0;0.0;434.0;101.0;3.77;6.3149999999999995;0.0;;15.940000000000001;28.22;0.0;0.0;0.18;60.0;1.8050000000000002;67.225;;2024-12-20;04:00
52;Pays de la Loire;Données définitives;3460.0;127.0;0.0;0.0;6.0;0.0;60.0;2756.0;0.0;0.0;428.0;83.5;3.67;6.34;0.0;;14.79;26.979999999999997;0.0;0.0;0.175;60.0;1.7349999999999999;66.67;;2024-12-20;05:00
52;Pays de la Loire;Données définitives;3795.0;126.5;0.0;0.0;6.0;0.0;58.0;3161.5;0.0;0.0;355.0;88.0;3.335;6.3149999999999995;0.0;;11.73;23.39;0.0;0.0;0.155;60.0;1.53;64.44;;2024-12-20;06:00
52;Pays de la Loire;Données définitives;4283.5;126.5;0.0;0.0;6.0;0.0;60.0;3756.5;0.0;0.0;296.0;38.0;2.955;6.3149999999999995;0.0;;7.825;17.64;0.0;0.0;0.14;60.0;1.405;66.67;;2024-12-20;07:00
52;Pays de la Loire;Données définitives;4621.0;132.5;0.0;0.0;6.0;0.0;59.0;4133.5;0.0;0.0;260.5;29.0;2.865;6.615;0.0;;6.265000000000001;15.27;0.0;0.0;0.13;60.0;1.275;65.56;;2024-12-20;08:00
52;Pays de la Loire;Données définitives;4645.0;173.0;0.0;24.5;6.0;0.0;58.5;4047.5;0.0;0.0;252.5;83.5;3.725;8.64;0.0;;7.234999999999999;17.72;0.53;1.4900000000000002;0.13;60.0;1.26;65.0;;2024-12-20;09:00
52;Pays de la Loire;Données définitives;4547.0;163.0;0.0;169.5;6.0;0.0;58.5;3781.5;0.0;0.0;246.5;122.0;3.585;8.14;0.0;;8.094999999999999;19.41;3.7299999999999995;10.32;0.13;60.0;1.2850000000000001;65.0;;2024-12-20;10:00
52;Pays de la Loire;Données définitives;4409.5;124.5;0.0;280.0;6.0;0.0;59.5;3626.0;0.0;0.0;221.0;93.0;2.825;6.215;0.0;;7.119999999999999;16.560000000000002;6.355;17.055;0.135;60.0;1.35;66.11500000000001;;2024-12-20;11:00
52;Pays de la Loire;Données définitives;4267.0;123.0;0.0;377.5;6.0;0.0;60.5;3407.5;0.0;0.0;195.5;97.0;2.88;6.14;0.0;;6.85;15.425;8.855;22.99;0.14;60.0;1.42;67.225;;2024-12-20;12:00
52;Pays de la Loire;Données définitives;4120.5;123.0;0.0;466.0;6.0;0.0;60.5;3185.0;0.0;0.0;186.5;93.5;2.985;6.14;0.0;;6.805;14.77;11.309999999999999;28.380000000000003;0.14500000000000002;60.0;1.47;67.225;;2024-12-20;13:00
52;Pays de la Loire;Données définitives;3853.0;121.5;0.0;407.0;6.0;0.0;60.0;2853.5;0.0;0.0;238.0;167.5;3.15;6.0649999999999995;0.0;;10.545;21.415;10.559999999999999;24.79;0.155;60.0;1.56;66.67;;2024-12-20;14:00
52;Pays de la Loire;Données définitives;3724.5;125.0;0.0;291.0;6.0;0.0;61.0;2749.0;0.0;0.0;285.5;208.0;3.355;6.24;0.0;;13.25;26.03;7.8100000000000005;17.72;0.16;60.0;1.6400000000000001;67.78;;2024-12-20;15:00
52;Pays de la Loire;Données définitives;3626.0;127.5;0.0;137.0;6.0;0.0;61.0;2738.0;0.0;0.0;304.5;253.0;3.52;6.365;0.0;;15.375;29.38;3.76;8.344999999999999;0.165;60.0;1.68;67.78;;2024-12-20;16:00
52;Pays de la Loire;Données définitives;3632.0;128.5;0.0;19.0;6.0;0.0;61.0;2736.0;0.0;0.0;325.5;356.5;3.54;6.415;0.0;;18.77;35.97;0.525;1.155;0.165;60.0;1.68;67.78;;2024-12-20;17:00
52;Pays de la Loire;Données définitives;3840.0;128.5;0.0;0.0;6.0;0.0;61.5;2754.0;0.0;0.0;460.5;430.0;3.35;6.415;0.0;;23.189999999999998;46.965;0.0;0.0;0.16;60.0;1.6;68.33500000000001;;2024-12-20;18:00
52;Pays de la Loire;Données définitives;3901.0;130.0;0.0;0.0;6.0;0.0;61.5;2735.0;0.0;0.0;545.0;423.5;3.335;6.49;0.0;;24.83;51.08;0.0;0.0;0.15;60.0;1.5750000000000002;68.33500000000001;;2024-12-20;19:00
52;Pays de la Loire;Données définitives;3698.0;126.5;0.0;0.0;6.0;0.0;63.0;2481.0;0.0;0.0;571.5;449.5;3.425;6.3149999999999995;0.0;;27.63;53.879999999999995;0.0;0.0;0.16;60.0;1.7;70.0;;2024-12-20;20:00
52;Pays de la Loire;Données définitives;3441.5;123.0;0.0;0.0;6.0;0.0;63.0;2170.5;0.0;0.0;615.5;463.5;3.575;6.14;0.0;;31.365000000000002;56.91;0.0;0.0;0.175;60.0;1.83;70.0;;2024-12-20;21:00
52;Pays de la Loire;Données définitives;3353.5;123.0;0.0;0.0;6.0;0.0;62.5;2080.0;0.0;0.0;622.0;460.5;3.665;6.14;0.0;;32.31;57.120000000000005;0.0;0.0;0.18;60.0;1.8650000000000002;69.445;;2024-12-20;22:00
52;Pays de la Loire;Données définitives;3590.0;123.0;0.0;0.0;6.0;0.0;63.5;2351.5;0.0;0.0;586.5;460.0;3.4299999999999997;6.14;0.0;;29.155;55.17;0.0;0.0;0.165;60.0;1.77;70.555;;2024-12-20;23:00
53;Bretagne;Données définitives;2846.0;230.5;0.0;0.5;50.0;-0.5;54.5;2219.0;0.0;0.0;209.5;83.5;8.100000000000001;16.225;0.0;;10.29;15.835;0.02;0.095;1.78;18.185;1.915;70.78;;2024-01-29;00:00
53;Bretagne;Données définitives;2565.5;229.5;0.0;0.0;175.5;-1.0;54.0;1810.5;0.0;0.0;233.0;64.0;8.945;16.155;0.0;;11.575;16.08;0.0;0.0;6.855;63.81999999999999;2.105;70.13;;2024-01-29;01:00
53;Bretagne;Données définitives;2626.0;229.0;0.0;0.0;219.5;-1.0;53.5;1862.5;0.0;0.0;202.0;60.5;8.719999999999999;16.12;0.0;;9.995000000000001;14.21;0.0;0.0;8.36;79.82;2.04;69.47999999999999;;2024-01-29;02:00
53;Bretagne;Données définitives;2468.5;229.0;0.0;0.0;224.5;-1.0;54.0;1733.0;0.0;0.0;181.5;46.0;9.280000000000001;16.12;0.0;;9.235;12.344999999999999;0.0;0.0;9.094999999999999;81.63499999999999;2.1900000000000004;70.13;;2024-01-29;03:00
53;Bretagne;Données définitives;2337.0;228.5;0.0;0.0;218.0;-1.0;55.0;1613.0;0.0;0.0;179.0;43.5;9.78;16.085;0.0;;9.54;12.075;0.0;0.0;9.325;79.27000000000001;2.355;71.43;;2024-01-29;04:00
53;Bretagne;Données définitives;2373.5;227.5;0.0;0.0;142.5;-1.0;55.5;1685.0;0.0;0.0;217.5;47.0;9.585;16.01;0.0;;11.135;14.32;0.0;0.0;6.029999999999999;51.815;2.34;72.08000000000001;;2024-01-29;05:00
53;Bretagne;Données définitives;2633.5;255.0;0.0;0.0;33.0;-1.5;55.0;1975.5;0.0;0.0;271.5;45.0;9.655;17.945;0.0;;12.035;17.134999999999998;0.0;0.0;1.28;12.0;2.0949999999999998;71.43;;2024-01-29;06:00
53;Bretagne;Données définitives;2960.0;539.5;0.0;0.0;16.0;-1.0;54.5;2004.0;0.0;0.0;302.5;44.0;18.09;37.97;0.0;;11.715;18.785;0.0;0.0;0.54;5.82;1.845;70.78;;2024-01-29;07:00
53;Bretagne;Données définitives;3225.5;690.5;0.0;0.0;20.0;-1.0;54.5;2061.5;0.0;0.0;349.5;51.0;21.41;48.595;0.0;;12.415;21.685;0.0;0.0;0.62;7.27;1.69;70.78;;2024-01-29;08:00
53;Bretagne;Données définitives;3291.0;698.5;0.0;5.0;20.0;-1.5;53.0;2056.0;0.0;0.0;389.5;71.0;21.225;49.155;0.0;;13.98;24.905;0.15000000000000002;0.96;0.61;7.27;1.61;68.83;;2024-01-29;09:00
53;Bretagne;Données définitives;3272.0;696.5;0.0;32.5;20.0;-46.0;52.0;2023.0;0.0;0.0;419.5;74.5;21.29;49.015;0.0;;15.100000000000001;26.744999999999997;0.995;6.25;0.61;7.27;1.585;67.53;;2024-01-29;10:00
53;Bretagne;Données définitives;3265.0;479.0;0.0;68.0;20.0;-39.0;52.0;2198.0;0.0;0.0;360.0;127.0;14.68;33.71;0.0;;14.92;26.365000000000002;2.08;13.075;0.615;7.27;1.5950000000000002;67.53;;2024-01-29;11:00
53;Bretagne;Données définitives;3246.5;264.5;0.0;101.5;44.0;-1.0;54.0;2304.5;0.0;0.0;339.0;140.5;8.145;18.61;0.0;;14.754999999999999;25.935;3.13;19.52;1.3599999999999999;16.0;1.6600000000000001;70.13;;2024-01-29;12:00
53;Bretagne;Données définitives;3089.0;252.0;0.0;124.0;149.0;-1.0;55.5;2023.0;0.0;0.0;346.5;140.0;8.16;17.73;0.0;;15.75;26.34;4.015;23.85;4.83;54.18;1.795;72.08000000000001;;2024-01-29;13:00
53;Bretagne;Données définitives;2975.5;251.5;0.0;133.5;195.5;-1.0;54.5;1833.0;0.0;0.0;370.0;138.0;8.455;17.695;0.0;;17.09;27.53;4.49;25.67;6.57;71.09;1.835;70.78;;2024-01-29;14:00
53;Bretagne;Données définitives;2887.5;377.0;0.0;107.5;200.5;-1.0;51.5;1601.0;0.0;0.0;419.5;132.0;13.149999999999999;26.53;0.0;;19.09;29.83;3.7199999999999998;20.67;6.945;72.91;1.7850000000000001;66.88;;2024-01-29;15:00
53;Bretagne;Données définitives;2824.5;691.0;0.0;83.5;200.0;-1.0;51.5;1219.0;0.0;0.0;467.0;113.0;24.465;48.629999999999995;0.0;;20.555;31.43;2.955;16.055;7.08;72.725;1.8250000000000002;66.88;;2024-01-29;16:00
53;Bretagne;Données définitives;2828.5;694.5;0.0;35.0;174.0;-1.0;52.5;1252.5;0.0;0.0;487.0;135.0;24.555;48.875;0.0;;21.97;33.650000000000006;1.24;6.7299999999999995;6.155;63.27;1.855;68.18;;2024-01-29;17:00
53;Bretagne;Données définitives;2993.0;687.5;0.0;3.0;77.5;-1.0;53.5;1538.0;0.0;0.0;478.0;156.5;22.990000000000002;48.385000000000005;0.0;;21.22;34.355000000000004;0.105;0.575;2.62;28.18;1.79;69.47999999999999;;2024-01-29;18:00
53;Bretagne;Données définitives;3234.0;691.5;0.0;0.5;20.5;-1.0;54.0;1824.0;0.0;0.0;487.0;157.0;21.384999999999998;48.665;0.0;;19.9;34.84;0.015;0.095;0.635;7.455;1.67;70.13;;2024-01-29;19:00
53;Bretagne;Données définitives;3070.0;688.0;0.0;0.0;20.5;-1.0;54.5;1658.0;0.0;0.0;493.0;157.0;22.41;48.415;0.0;;21.18;35.195;0.0;0.0;0.6699999999999999;7.455;1.78;70.78;;2024-01-29;20:00
53;Bretagne;Données définitives;2815.5;674.0;0.0;0.0;16.0;-1.0;54.5;1434.0;0.0;0.0;481.0;157.0;23.950000000000003;47.43;0.0;;22.67;34.540000000000006;0.0;0.0;0.565;5.82;1.935;70.78;;2024-01-29;21:00
53;Bretagne;Données définitives;2787.0;526.5;0.0;0.0;10.0;-35.0;54.0;1666.5;0.0;0.0;407.5;157.0;18.875;37.05;0.0;;20.240000000000002;30.564999999999998;0.0;0.0;0.355;3.64;1.935;70.13;;2024-01-29;22:00
53;Bretagne;Données définitives;2869.0;674.0;0.0;0.0;10.0;-57.0;52.5;1708.5;0.0;0.0;337.0;143.0;23.5;47.43;0.0;;16.755000000000003;26.015;0.0;0.0;0.35;3.64;1.83;68.18;;2024-01-29;23:00
53;Bretagne;Données définitives;2904.0;671.0;0.0;0.0;11.5;-17.5;54.0;1599.0;0.0;0.0;460.5;126.0;23.115;47.22;0.0;;20.21;31.755000000000003;0.0;0.0;0.395;4.18;1.8599999999999999;70.13;;2024-02-14;00:00
53;Bretagne;Données définitives;2619.0;378.0;0.0;0.0;113.0;-1.0;54.0;1440.5;0.0;0.0;489.0;145.0;14.355;26.6;0.0;;24.215;34.325;0.0;0.0;4.335;41.09;2.06;70.13;;2024-02-14;01:00
53;Bretagne;Données définitives;2629.5;242.0;0.0;0.0;203.0;-1.0;54.5;1437.0;0.0;0.0;550.0;144.0;9.205;17.03;0.0;;26.4;37.575;0.0;0.0;7.720000000000001;73.82;2.0700000000000003;70.78;;2024-02-14;02:00
53;Bretagne;Données définitives;2467.0;241.0;0.0;0.0;223.0;-1.0;55.0;1297.0;0.0;0.0;527.0;125.0;9.77;16.96;0.0;;26.41;35.305;0.0;0.0;9.04;81.09;2.23;71.43;;2024-02-14;03:00
53;Bretagne;Données définitives;2338.0;241.0;0.0;0.0;222.5;-1.0;53.5;1201.5;0.0;0.0;497.0;123.5;10.305;16.96;0.0;;26.525;33.565;0.0;0.0;9.515;80.91;2.29;69.47999999999999;;2024-02-14;04:00
53;Bretagne;Données définitives;2372.5;241.0;0.0;0.0;221.0;-1.0;53.5;1178.0;0.0;0.0;554.5;126.5;10.165;16.96;0.0;;28.675;36.845;0.0;0.0;9.32;80.36500000000001;2.255;69.47999999999999;;2024-02-14;05:00
53;Bretagne;Données définitives;2567.0;274.0;0.0;0.0;190.5;-1.0;54.0;1346.0;0.0;0.0;566.5;136.0;10.645;19.28;0.0;;27.41;38.06;0.0;0.0;7.455;69.27499999999999;2.105;70.13;;2024-02-14;06:00
53;Bretagne;Données définitives;2866.5;598.0;0.0;0.0;53.5;-1.5;54.5;1407.5;0.0;0.0;640.0;114.0;20.770000000000003;42.085;0.0;;26.314999999999998;40.825;0.0;0.0;1.915;19.455;1.91;70.78;;2024-02-14;07:00
53;Bretagne;Données définitives;3052.5;697.0;0.0;0.0;26.0;-0.5;53.0;1528.5;0.0;0.0;635.0;113.5;22.83;49.05;0.0;;24.52;40.525;0.0;0.0;0.8500000000000001;9.455;1.7349999999999999;68.83;;2024-02-14;08:00
53;Bretagne;Données définitives;3124.0;704.0;0.0;10.0;67.5;-1.0;53.0;1624.0;0.0;0.0;568.0;98.0;22.534999999999997;49.54;0.0;;21.32;36.06;0.32;1.925;2.16;24.545;1.7;68.83;;2024-02-14;09:00
53;Bretagne;Données définitives;3096.0;696.0;0.0;34.0;46.0;-1.0;53.0;1646.0;0.0;0.0;544.0;79.0;22.48;48.98;0.0;;20.11;33.705;1.1;6.535;1.48;16.725;1.71;68.83;;2024-02-14;10:00
53;Bretagne;Données définitives;3090.5;696.0;0.0;61.0;20.0;-14.0;53.0;1572.0;0.0;0.0;618.0;84.0;22.52;48.980000000000004;0.0;;22.715;38.004999999999995;1.975;11.73;0.65;7.27;1.7149999999999999;68.83;;2024-02-14;11:00
53;Bretagne;Données définitives;3091.0;516.5;0.0;99.5;20.0;-20.5;52.5;1667.0;0.0;0.0;661.0;94.0;16.705;36.35;0.0;;24.445;40.905;3.23;19.134999999999998;0.65;7.27;1.7;68.18;;2024-02-14;12:00
53;Bretagne;Données définitives;2941.0;487.0;0.0;145.0;57.5;-0.5;52.5;1496.5;0.0;0.0;625.5;77.5;16.560000000000002;34.275;0.0;;23.935;38.114999999999995;4.9350000000000005;27.884999999999998;1.98;20.909999999999997;1.7850000000000001;68.18;;2024-02-14;13:00
53;Bretagne;Données définitives;2856.5;293.0;0.0;152.5;183.5;-1.0;52.0;1422.0;0.0;0.0;658.5;96.0;10.265;20.615000000000002;0.0;;26.41;40.85;5.34;29.325;6.425;66.725;1.8250000000000002;67.53;;2024-02-14;14:00
53;Bretagne;Données définitives;2843.5;258.0;0.0;113.0;218.5;-1.0;51.5;1462.0;0.0;0.0;617.0;125.0;9.075;18.16;0.0;;26.075000000000003;40.144999999999996;3.9699999999999998;21.729999999999997;7.6850000000000005;79.455;1.81;66.88499999999999;;2024-02-14;15:00
53;Bretagne;Données définitives;2788.5;259.0;0.0;58.0;226.0;-1.5;50.0;1475.0;0.0;0.0;578.5;144.0;9.29;18.23;0.0;;25.895000000000003;39.09;2.08;11.155000000000001;8.105;82.185;1.79;64.935;;2024-02-14;16:00
53;Bretagne;Données définitives;2772.0;387.0;0.0;26.0;227.5;-1.0;54.0;1469.0;0.0;0.0;467.0;143.0;14.02;27.235;0.0;;22.005;33.055;0.935;5.0;8.205;82.725;1.9499999999999997;70.13;;2024-02-14;17:00
53;Bretagne;Données définitives;2892.0;705.5;0.0;4.0;227.0;-1.0;52.5;1402.0;0.0;0.0;354.0;148.0;24.395;49.644999999999996;0.0;;17.345;27.155;0.14;0.77;7.85;82.545;1.815;68.18;;2024-02-14;18:00
53;Bretagne;Données définitives;3145.5;708.5;0.0;0.0;137.0;-1.0;53.5;1743.5;0.0;0.0;339.0;166.0;22.525;49.86;0.0;;16.055;27.34;0.0;0.0;4.359999999999999;49.82;1.7;69.47999999999999;;2024-02-14;19:00
53;Bretagne;Données définitives;2985.5;693.0;0.0;0.0;22.5;-1.0;54.0;1701.5;0.0;0.0;353.0;163.0;23.22;48.769999999999996;0.0;;17.28;27.91;0.0;0.0;0.75;8.185;1.81;70.13;;2024-02-14;20:00
53;Bretagne;Données définitives;2714.0;678.0;0.0;0.0;11.0;-1.0;54.0;1461.0;0.0;0.0;355.0;156.0;24.995;47.71;0.0;;18.855;27.695;0.0;0.0;0.41000000000000003;4.0;1.99;70.13;;2024-02-14;21:00
53;Bretagne;Données définitives;2695.5;671.0;0.0;0.0;11.0;-1.0;54.0;1467.0;0.0;0.0;334.5;158.0;24.895000000000003;47.22;0.0;;18.275;26.665;0.0;0.0;0.41;4.0;2.005;70.13;;2024-02-14;22:00
53;Bretagne;Données définitives;2759.5;651.5;0.0;0.0;12.0;-22.0;54.5;1639.0;0.0;0.0;268.5;156.5;23.625;45.845;0.0;;15.405000000000001;23.009999999999998;0.0;0.0;0.435;4.36;1.98;70.78;;2024-02-14;23:00
53;Bretagne;Données définitives;2750.5;237.5;0.0;0.0;47.0;-1.0;54.0;1942.0;0.0;0.0;338.5;133.0;8.64;16.715;0.0;;17.16;25.53;0.0;0.0;1.72;17.09;1.9649999999999999;70.13;;2024-03-14;00:00
53;Bretagne;Données définitives;2467.5;237.0;0.0;0.0;143.0;-1.0;56.0;1503.0;0.0;0.0;390.0;140.0;9.605;16.68;0.0;;21.490000000000002;28.695;0.0;0.0;5.8100000000000005;52.0;2.27;72.73;;2024-03-14;01:00
53;Bretagne;Données définitives;2493.5;234.0;0.0;0.0;185.5;-1.0;55.5;1463.5;0.0;0.0;436.0;120.0;9.385000000000002;16.47;0.0;;22.32;30.130000000000003;0.0;0.0;7.4399999999999995;67.455;2.2300000000000004;72.08000000000001;;2024-03-14;02:00
53;Bretagne;Données définitives;2327.5;232.0;0.0;0.0;188.5;-1.0;55.5;1257.5;0.0;0.0;442.5;153.0;9.97;16.33;0.0;;25.564999999999998;32.215;0.0;0.0;8.1;68.545;2.385;72.08000000000001;;2024-03-14;03:00
53;Bretagne;Données définitives;2255.0;230.5;0.0;0.0;189.0;-1.0;55.0;1164.5;0.0;0.0;419.5;197.0;10.219999999999999;16.225;0.0;;27.34;33.379999999999995;0.0;0.0;8.379999999999999;68.73;2.44;71.43;;2024-03-14;04:00
53;Bretagne;Données définitives;2295.0;231.5;0.0;0.0;187.0;-1.0;56.5;1212.0;0.0;0.0;380.0;230.0;10.09;16.295;0.0;;26.6;33.03;0.0;0.0;8.155;68.0;2.46;73.38;;2024-03-14;05:00
53;Bretagne;Données définitives;2539.0;233.0;0.0;0.0;152.5;-1.0;57.0;1512.5;0.0;0.0;354.5;229.5;9.190000000000001;16.4;0.0;;23.07;31.645000000000003;0.0;0.0;6.0600000000000005;55.455;2.245;74.03;;2024-03-14;06:00
53;Bretagne;Données définitives;2883.0;273.5;0.0;0.0;37.5;-1.5;57.0;1942.5;0.0;0.0;350.0;223.5;9.46;19.25;0.0;;19.915;31.075000000000003;0.0;0.0;1.315;13.635;1.975;74.03;;2024-03-14;07:00
53;Bretagne;Données définitives;2986.5;564.5;0.0;15.0;31.0;-1.0;57.5;1818.0;0.0;0.0;331.5;170.5;18.89;39.724999999999994;0.0;;16.8;27.15;0.5;2.8850000000000002;1.0350000000000001;11.275;1.9249999999999998;74.675;;2024-03-14;08:00
53;Bretagne;Données définitives;3069.5;488.5;0.0;49.5;51.0;-1.0;57.5;1984.0;0.0;0.0;281.0;159.0;15.919999999999998;34.375;0.0;;14.335;23.82;1.615;9.52;1.66;18.55;1.87;74.675;;2024-03-14;09:00
53;Bretagne;Données définitives;2960.5;239.0;0.0;114.5;27.5;-1.0;56.5;2121.0;0.0;0.0;257.5;145.5;8.07;16.82;0.0;;13.615;21.82;3.875;22.02;0.925;10.0;1.9049999999999998;73.38;;2024-03-14;10:00
53;Bretagne;Données définitives;2859.5;237.5;0.0;217.0;18.0;-25.5;55.0;1917.5;0.0;0.0;309.0;132.5;8.305;16.715;0.0;;15.43;23.875;7.595000000000001;41.730000000000004;0.63;6.55;1.9249999999999998;71.43;;2024-03-14;11:00
53;Bretagne;Données définitives;2814.0;233.0;0.0;298.5;22.0;-7.5;53.0;1606.0;0.0;0.0;465.5;143.5;8.280000000000001;16.4;0.0;;21.65;32.974999999999994;10.61;57.405;0.785;8.0;1.885;68.83000000000001;;2024-03-14;12:00
53;Bretagne;Données définitives;2799.0;232.5;0.0;316.5;114.0;-1.0;56.0;1247.0;0.0;0.0;634.5;200.5;8.309999999999999;16.365;0.0;;29.875;45.205;11.305;60.865;4.09;41.455;2.0;72.73;;2024-03-14;13:00
53;Bretagne;Données définitives;2686.0;232.5;0.0;261.0;183.0;-1.0;55.0;1015.5;0.0;0.0;730.5;210.5;8.655000000000001;16.365000000000002;0.0;;35.035;50.95;9.715;50.19;6.815;66.545;2.05;71.43;;2024-03-14;14:00
53;Bretagne;Données définitives;2597.5;235.5;0.0;194.0;197.0;-1.0;55.0;939.0;0.0;0.0;778.5;199.5;9.07;16.575;0.0;;37.655;52.95;7.465;37.31;7.585;71.63499999999999;2.12;71.43;;2024-03-14;15:00
53;Bretagne;Données définitives;2558.5;235.0;0.0;100.0;193.0;-1.0;57.0;967.0;0.0;0.0;788.0;219.0;9.184999999999999;16.54;0.0;;39.355000000000004;54.519999999999996;3.9050000000000002;19.23;7.54;70.18;2.23;74.025;;2024-03-14;16:00
53;Bretagne;Données définitives;2564.5;235.5;0.0;41.5;192.5;-1.0;58.5;1084.5;0.0;0.0;704.5;248.5;9.184999999999999;16.575;0.0;;37.144999999999996;51.57;1.62;7.9799999999999995;7.505000000000001;70.0;2.2800000000000002;75.97;;2024-03-14;17:00
53;Bretagne;Données définitives;2666.0;241.0;0.0;18.0;179.5;-1.0;58.0;1254.5;0.0;0.0;663.5;252.0;9.04;16.96;0.0;;34.34;49.565;0.6799999999999999;3.46;6.74;65.27499999999999;2.175;75.32;;2024-03-14;18:00
53;Bretagne;Données définitives;2856.0;246.5;0.0;2.5;72.0;-1.0;58.0;1557.0;0.0;0.0;670.0;252.0;8.629999999999999;17.345;0.0;;32.28;49.89;0.09;0.48;2.535;26.185000000000002;2.035;75.32;;2024-03-14;19:00
53;Bretagne;Données définitives;2796.0;245.5;0.0;0.0;14.0;-1.0;58.0;1594.5;0.0;0.0;633.0;252.0;8.780000000000001;17.275;0.0;;31.630000000000003;47.86;0.0;0.0;0.495;5.09;2.075;75.32;;2024-03-14;20:00
53;Bretagne;Données définitives;2556.0;237.5;0.0;0.0;11.0;-1.0;57.0;1365.0;0.0;0.0;636.5;249.0;9.29;16.715;0.0;;34.650000000000006;47.945;0.0;0.0;0.43;4.0;2.23;74.025;;2024-03-14;21:00
53;Bretagne;Données définitives;2555.0;233.0;0.0;0.0;11.0;-1.0;55.5;1510.0;0.0;0.0;559.0;187.0;9.12;16.4;0.0;;29.22;40.415;0.0;0.0;0.43;4.0;2.17;72.08;;2024-03-14;22:00
53;Bretagne;Données définitives;2642.0;231.0;0.0;0.0;11.5;-33.5;56.5;1763.0;0.0;0.0;455.5;158.0;8.745;16.259999999999998;0.0;;23.23;33.215;0.0;0.0;0.435;4.18;2.1399999999999997;73.38;;2024-03-14;23:00
53;Bretagne;Données définitives;2751.0;1.0;0.0;0.0;10.0;-1.0;51.0;2172.5;0.0;0.0;254.0;264.0;0.04;0.07;0.0;;18.82;28.015;0.0;0.0;0.365;3.64;1.855;66.23;;2024-04-17;00:00
53;Bretagne;Données définitives;2428.5;1.0;0.0;0.0;10.0;-1.5;51.0;1853.5;0.0;0.0;256.5;258.5;0.04;0.07;0.0;;21.215;27.884999999999998;0.0;0.0;0.41000000000000003;3.64;2.1;66.23;;2024-04-17;01:00
53;Bretagne;Données définitives;2435.5;1.0;0.0;0.0;10.0;-13.0;51.5;1883.5;0.0;0.0;269.0;234.0;0.04;0.07;0.0;;20.655;27.235;0.0;0.0;0.41000000000000003;3.64;2.115;66.88;;2024-04-17;02:00
53;Bretagne;Données définitives;2269.5;1.0;0.0;0.0;10.0;-20.0;51.5;1735.5;0.0;0.0;282.0;209.0;0.04;0.07;0.0;;21.66;26.61;0.0;0.0;0.44;3.64;2.2649999999999997;66.88;;2024-04-17;03:00
53;Bretagne;Données définitives;2223.5;1.0;0.0;0.0;10.0;-10.5;52.0;1672.5;0.0;0.0;304.5;195.0;0.045;0.07;0.0;;22.439999999999998;27.02;0.0;0.0;0.45;3.64;2.34;67.53;;2024-04-17;04:00
53;Bretagne;Données définitives;2273.5;1.0;0.0;0.0;10.0;0.0;51.5;1707.5;0.0;0.0;312.5;191.5;0.04;0.07;0.0;;22.174999999999997;27.29;0.0;0.0;0.44;3.64;2.265;66.88;;2024-04-17;05:00
53;Bretagne;Données définitives;2514.5;4.0;0.0;0.0;10.0;0.0;50.5;1954.5;0.0;0.0;329.0;166.5;0.155;0.28;0.0;;19.755000000000003;26.825;0.0;0.0;0.4;3.64;2.015;65.58500000000001;;2024-04-17;06:00
53;Bretagne;Données définitives;2860.0;15.5;0.0;0.5;29.5;-1.0;51.0;2309.0;0.0;0.0;327.0;128.5;0.535;1.09;0.0;;15.945;24.66;0.015;0.095;1.0250000000000001;10.725;1.7850000000000001;66.23;;2024-04-17;07:00
53;Bretagne;Données définitives;3005.5;27.5;0.0;22.0;43.5;-1.0;51.0;2462.5;0.0;0.0;291.0;109.5;0.915;1.935;0.0;;13.344999999999999;21.685000000000002;0.7250000000000001;4.23;1.4449999999999998;15.815;1.7;66.23;;2024-04-17;08:00
53;Bretagne;Données définitives;3077.0;27.0;0.0;100.0;44.0;-1.0;51.0;2615.0;0.0;0.0;170.5;70.0;0.88;1.9;0.0;;7.8100000000000005;13.024999999999999;3.255;19.23;1.43;16.0;1.6549999999999998;66.23;;2024-04-17;09:00
53;Bretagne;Données définitives;2963.5;21.0;0.0;190.0;35.5;-1.0;51.0;2469.5;0.0;0.0;119.5;79.0;0.71;1.48;0.0;;6.69;10.719999999999999;6.415;36.54;1.195;12.91;1.725;66.23;;2024-04-17;10:00
53;Bretagne;Données définitives;2891.0;20.5;0.0;244.0;19.5;-1.0;50.0;2201.0;0.0;0.0;172.0;184.0;0.71;1.4449999999999998;0.0;;12.335;19.305;8.440000000000001;46.92;0.675;7.09;1.73;64.94;;2024-04-17;11:00
53;Bretagne;Données définitives;2936.5;19.0;0.0;250.5;10.0;-1.0;51.0;2095.5;0.0;0.0;276.5;235.0;0.6499999999999999;1.3399999999999999;0.0;;17.42;27.689999999999998;8.535;48.175;0.34;3.64;1.74;66.23;;2024-04-17;12:00
53;Bretagne;Données définitives;2906.0;16.0;0.0;270.5;10.0;-0.5;51.0;1966.0;0.0;0.0;344.5;249.0;0.5449999999999999;1.13;0.0;;20.515;32.16;9.325;52.019999999999996;0.345;3.64;1.755;66.23;;2024-04-17;13:00
53;Bretagne;Données définitives;2760.0;18.0;0.0;285.5;10.0;-1.0;51.5;1699.5;0.0;0.0;436.5;259.5;0.655;1.27;0.0;;25.235;37.685;10.35;54.905;0.36;3.64;1.865;66.88;;2024-04-17;14:00
53;Bretagne;Données définitives;2648.5;18.0;0.0;310.0;10.0;-6.5;51.0;1472.5;0.0;0.0;559.5;234.0;0.6799999999999999;1.27;0.0;;29.965;42.965;11.705;59.614999999999995;0.375;3.64;1.9249999999999998;66.23;;2024-04-17;15:00
53;Bretagne;Données définitives;2521.5;18.0;0.0;279.0;10.0;-15.5;50.5;1286.5;0.0;0.0;669.0;224.0;0.715;1.27;0.0;;35.43;48.35;11.065;53.655;0.395;3.64;2.0;65.58500000000001;;2024-04-17;16:00
53;Bretagne;Données définitives;2439.0;18.0;0.0;239.0;10.0;-14.0;50.5;1186.5;0.0;0.0;696.0;252.0;0.74;1.27;0.0;;38.89;51.35;9.8;45.959999999999994;0.41;3.64;2.07;65.58500000000001;;2024-04-17;17:00
53;Bretagne;Données définitives;2516.0;18.0;0.0;160.0;10.0;0.0;49.5;1357.0;0.0;0.0;657.5;264.0;0.715;1.27;0.0;;36.635000000000005;49.894999999999996;6.37;30.769999999999996;0.395;3.64;1.9649999999999999;64.28999999999999;;2024-04-17;18:00
53;Bretagne;Données définitives;2672.0;147.0;0.0;90.0;10.0;0.0;51.5;1487.0;0.0;0.0;595.0;293.0;5.505;10.345;0.0;;33.230000000000004;48.08;3.37;17.31;0.37;3.64;1.9249999999999998;66.88;;2024-04-17;19:00
53;Bretagne;Données définitives;2675.5;392.0;0.0;30.5;25.0;-1.0;52.0;1388.5;0.0;0.0;503.5;284.0;14.65;27.59;0.0;;29.425;42.64;1.1400000000000001;5.865;0.935;9.09;1.9449999999999998;67.53;;2024-04-17;20:00
53;Bretagne;Données définitives;2601.5;392.5;0.0;2.5;38.0;-1.0;51.0;1472.0;0.0;0.0;378.5;269.0;15.085;27.625;0.0;;24.884999999999998;35.055;0.095;0.48;1.46;13.815;1.96;66.23;;2024-04-17;21:00
53;Bretagne;Données définitives;2642.5;382.5;0.0;0.0;36.5;-1.0;51.0;1638.5;0.0;0.0;287.5;247.0;14.47;26.92;0.0;;20.225;28.94;0.0;0.0;1.385;13.275;1.93;66.23;;2024-04-17;22:00
53;Bretagne;Données définitives;2731.5;368.5;0.0;0.0;25.0;-1.0;51.0;1778.0;0.0;0.0;251.0;258.5;13.495000000000001;25.935;0.0;;18.63;27.555;0.0;0.0;0.915;9.095;1.87;66.23;;2024-04-17;23:00
53;Bretagne;Données définitives;2038.0;0.0;0.0;0.0;5.0;-57.0;53.5;1935.5;0.0;0.0;100.0;0.5;0.0;0.0;0.0;;4.93;5.445;0.0;0.0;0.245;1.82;2.63;69.47999999999999;;2024-05-13;00:00
53;Bretagne;Données définitives;1723.5;0.0;0.0;0.0;3.5;-40.0;52.5;1608.0;0.0;0.0;84.5;14.0;0.0;0.0;0.0;;5.734999999999999;5.335;0.0;0.0;0.2;1.275;3.05;68.18;;2024-05-13;01:00
53;Bretagne;Données définitives;1690.5;0.0;0.0;0.0;10.0;-0.5;53.5;1453.0;0.0;0.0;129.5;44.5;0.0;0.0;0.0;;10.35;9.42;0.0;0.0;0.6050000000000001;3.6399999999999997;3.165;69.47999999999999;;2024-05-13;02:00
53;Bretagne;Données définitives;1523.0;0.0;0.0;0.0;134.5;-1.0;53.5;1099.0;0.0;0.0;185.0;52.0;0.0;0.0;0.0;;15.57;12.83;0.0;0.0;8.85;48.905;3.5149999999999997;69.47999999999999;;2024-05-13;03:00
53;Bretagne;Données définitives;1474.5;0.0;0.0;0.0;183.5;-1.0;53.0;903.5;0.0;0.0;215.5;119.5;0.0;0.0;0.0;;22.715000000000003;18.14;0.0;0.0;12.440000000000001;66.72999999999999;3.5949999999999998;68.83;;2024-05-13;04:00
53;Bretagne;Données définitives;1525.0;0.0;0.0;0.0;199.0;-1.0;52.5;839.5;0.0;0.0;265.5;170.0;0.0;0.0;0.0;;28.535;23.58;0.0;0.0;13.055;72.36;3.4450000000000003;68.18;;2024-05-13;05:00
53;Bretagne;Données définitives;1706.0;0.0;0.0;0.0;183.5;-1.0;52.5;960.0;0.0;0.0;325.0;185.0;0.0;0.0;0.0;;29.950000000000003;27.64;0.0;0.0;10.780000000000001;66.725;3.08;68.18;;2024-05-13;06:00
53;Bretagne;Données définitives;1948.5;1.0;0.0;5.0;116.0;-1.0;52.0;1180.5;0.0;0.0;404.5;190.0;0.05;0.07;0.0;;30.505000000000003;32.21;0.25;0.96;6.02;42.185;2.675;67.53;;2024-05-13;07:00
53;Bretagne;Données définitives;2154.0;10.0;0.0;24.0;29.0;-1.0;51.5;1338.5;0.0;0.0;510.5;191.5;0.45999999999999996;0.705;0.0;;32.56;38.010000000000005;1.11;4.615;1.3650000000000002;10.545;2.3899999999999997;66.88;;2024-05-13;08:00
53;Bretagne;Données définitives;2291.5;14.0;0.0;47.5;6.0;-0.5;50.0;1293.5;0.0;0.0;631.0;250.5;0.61;0.99;0.0;;38.425;47.695;2.07;9.135;0.265;2.18;2.185;64.94;;2024-05-13;09:00
53;Bretagne;Données définitives;2360.5;14.5;0.0;73.0;6.5;-1.0;51.0;1183.0;0.0;0.0;721.5;310.5;0.615;1.025;0.0;;43.715;55.875;3.0949999999999998;14.04;0.28;2.365;2.16;66.23;;2024-05-13;10:00
53;Bretagne;Données définitives;2434.0;14.5;0.0;89.0;7.0;-6.5;51.5;1177.5;0.0;0.0;755.0;346.0;0.595;1.025;0.0;;45.215;59.58;3.66;17.115000000000002;0.29;2.55;2.115;66.88;;2024-05-13;11:00
53;Bretagne;Données définitives;2545.0;13.5;0.0;89.0;7.0;-38.0;51.5;1468.0;0.0;0.0;615.5;338.0;0.53;0.95;0.0;;37.53;51.599999999999994;3.5;17.115000000000002;0.275;2.55;2.02;66.88;;2024-05-13;12:00
53;Bretagne;Données définitives;2566.5;13.0;0.0;92.0;7.0;-50.0;52.5;1610.0;0.0;0.0;477.5;365.0;0.51;0.91;0.0;;32.84;45.614999999999995;3.59;17.695;0.275;2.55;2.05;68.18;;2024-05-13;13:00
53;Bretagne;Données définitives;2452.5;13.0;0.0;85.5;7.0;-4.5;52.0;1464.0;0.0;0.0;470.0;366.0;0.53;0.91;0.0;;34.07;45.24;3.4850000000000003;16.445;0.28500000000000003;2.55;2.12;67.53;;2024-05-13;14:00
53;Bretagne;Données définitives;2347.0;13.0;0.0;80.0;51.5;-1.0;52.0;1217.0;0.0;0.0;544.5;390.0;0.555;0.91;0.0;;39.905;50.620000000000005;3.415;15.384999999999998;2.215;18.725;2.215;67.53;;2024-05-13;15:00
53;Bretagne;Données définitives;2293.0;17.0;0.0;82.0;109.0;-1.0;51.5;935.5;0.0;0.0;719.0;380.0;0.74;1.2;0.0;;47.905;59.475;3.575;15.77;4.755;39.635000000000005;2.245;66.88;;2024-05-13;16:00
53;Bretagne;Données définitives;2218.0;13.0;0.0;64.0;139.5;-1.0;53.0;942.5;0.0;0.0;629.5;377.5;0.59;0.91;0.0;;45.39;54.52;2.885;12.305;6.3;50.730000000000004;2.39;68.83;;2024-05-13;17:00
53;Bretagne;Données définitives;2245.0;13.5;0.0;53.0;139.5;-1.0;52.0;1044.0;0.0;0.0;568.0;375.0;0.6;0.95;0.0;;42.035;51.085;2.3600000000000003;10.190000000000001;6.215;50.725;2.315;67.53;;2024-05-13;18:00
53;Bretagne;Données définitives;2358.5;14.0;0.0;46.5;95.0;-1.0;52.5;1243.0;0.0;0.0;536.0;372.5;0.595;0.99;0.0;;38.519999999999996;49.185;1.97;8.945;4.025;34.545;2.23;68.18;;2024-05-13;19:00
53;Bretagne;Données définitives;2248.5;8.5;0.0;29.5;28.5;-1.0;52.5;1208.5;0.0;0.0;538.5;384.0;0.375;0.6;0.0;;41.055;49.975;1.3050000000000002;5.675000000000001;1.245;10.36;2.335;68.18;;2024-05-13;20:00
53;Bretagne;Données définitives;2076.5;1.0;0.0;10.5;5.0;-0.5;52.5;1209.5;0.0;0.0;471.0;326.0;0.05;0.07;0.0;;38.379999999999995;43.18;0.505;2.0149999999999997;0.245;1.82;2.5250000000000004;68.18;;2024-05-13;21:00
53;Bretagne;Données définitives;2166.0;0.5;0.0;0.5;5.0;-1.0;52.0;1427.5;0.0;0.0;368.5;311.0;0.025;0.035;0.0;;31.455;36.790000000000006;0.025;0.095;0.235;1.82;2.4000000000000004;67.53;;2024-05-13;22:00
53;Bretagne;Données définitives;2225.0;0.0;0.0;0.0;4.0;-6.5;52.0;1689.5;0.0;0.0;318.5;167.0;0.0;0.0;0.0;;21.825;26.259999999999998;0.0;0.0;0.18;1.455;2.34;67.53;;2024-05-13;23:00
53;Bretagne;Données définitives;2196.0;0.0;0.0;0.0;1.0;-57.0;55.0;2019.0;0.0;0.0;152.5;25.0;0.0;0.0;0.0;;8.11;9.64;0.0;0.0;0.045;0.36;2.51;71.43;;2024-06-11;00:00
53;Bretagne;Données définitives;1857.5;0.0;0.0;0.0;1.0;-26.5;55.0;1637.0;0.0;0.0;171.0;20.0;0.0;0.0;0.0;;10.295;10.344999999999999;0.0;0.0;0.05;0.36;2.96;71.43;;2024-06-11;01:00
53;Bretagne;Données définitives;1835.0;0.0;0.0;0.0;44.0;-0.5;54.5;1509.0;0.0;0.0;187.0;41.0;0.0;0.0;0.0;;12.45;12.345;0.0;0.0;2.4450000000000003;16.0;2.9699999999999998;70.78;;2024-06-11;02:00
53;Bretagne;Données définitives;1691.0;0.0;0.0;0.0;138.5;-1.0;54.5;1221.5;0.0;0.0;185.5;92.5;0.0;0.0;0.0;;16.415;15.025;0.0;0.0;8.195;50.364999999999995;3.2249999999999996;70.78;;2024-06-11;03:00
53;Bretagne;Données définitives;1632.0;0.0;0.0;0.0;177.5;-1.0;54.0;1126.5;0.0;0.0;163.0;111.0;0.0;0.0;0.0;;16.82;14.86;0.0;0.0;10.875;64.545;3.3099999999999996;70.13;;2024-06-11;04:00
53;Bretagne;Données définitives;1666.0;0.0;0.0;0.0;185.0;-1.0;54.5;1157.0;0.0;0.0;155.5;114.5;0.0;0.0;0.0;;16.215;14.620000000000001;0.0;0.0;11.11;67.27;3.275;70.78;;2024-06-11;05:00
53;Bretagne;Données définitives;1807.5;0.0;0.0;0.5;168.0;-1.0;54.5;1321.0;0.0;0.0;158.0;106.0;0.0;0.0;0.0;;14.59;14.27;0.025;0.095;9.315;61.09;3.02;70.78;;2024-06-11;06:00
53;Bretagne;Données définitives;2075.5;3.0;0.0;18.0;98.0;-1.0;55.0;1656.0;0.0;0.0;166.5;80.0;0.14500000000000002;0.21000000000000002;0.0;;11.895;13.344999999999999;0.855;3.46;4.77;35.635;2.6550000000000002;71.43;;2024-06-11;07:00
53;Bretagne;Données définitives;2247.0;16.0;0.0;80.0;16.0;-1.0;54.0;1881.0;0.0;0.0;132.0;69.0;0.7100000000000001;1.125;0.0;;8.96;10.885;3.55;15.385;0.72;5.8149999999999995;2.4000000000000004;70.13;;2024-06-11;08:00
53;Bretagne;Données définitives;2324.0;26.5;0.0;182.5;1.0;-0.5;54.0;1810.5;0.0;0.0;116.0;134.5;1.1400000000000001;1.865;0.0;;10.775;13.559999999999999;7.85;35.095;0.04;0.36;2.325;70.13;;2024-06-11;09:00
53;Bretagne;Données définitives;2352.5;23.0;0.0;275.5;1.0;-1.0;52.5;1705.0;0.0;0.0;155.0;142.0;0.9750000000000001;1.62;0.0;;12.625;16.08;11.71;52.980000000000004;0.04;0.36;2.23;68.18;;2024-06-11;10:00
53;Bretagne;Données définitives;2357.5;22.0;0.0;347.0;1.0;-8.5;54.5;1667.5;0.0;0.0;159.5;114.5;0.93;1.55;0.0;;11.625;14.835;14.72;66.73;0.04;0.36;2.31;70.78;;2024-06-11;11:00
53;Bretagne;Données définitives;2422.5;19.5;0.0;397.0;1.0;-39.0;55.5;1698.5;0.0;0.0;188.5;101.5;0.8049999999999999;1.375;0.0;;11.965;15.700000000000001;16.39;76.345;0.04;0.36;2.295;72.08000000000001;;2024-06-11;12:00
53;Bretagne;Données définitives;2443.5;19.0;0.0;427.5;1.0;-43.0;55.0;1638.0;0.0;0.0;235.5;111.0;0.775;1.34;0.0;;14.21;18.79;17.505000000000003;82.21000000000001;0.04;0.36;2.25;71.43;;2024-06-11;13:00
53;Bretagne;Données définitives;2345.0;19.0;0.0;431.5;1.0;0.0;56.5;1467.0;0.0;0.0;259.0;111.0;0.81;1.34;0.0;;15.81;20.06;18.4;82.97999999999999;0.04;0.36;2.41;73.38;;2024-06-11;14:00
53;Bretagne;Données définitives;2258.0;19.0;0.0;434.5;78.0;-1.0;56.0;1276.5;0.0;0.0;272.0;122.5;0.84;1.34;0.0;;17.47;21.36;19.244999999999997;83.555;3.465;28.365;2.48;72.73;;2024-06-11;15:00
53;Bretagne;Données définitives;2161.5;19.0;0.0;416.0;126.5;-1.0;57.0;1159.5;0.0;0.0;286.0;98.5;0.88;1.34;0.0;;17.79;20.814999999999998;19.244999999999997;80.0;5.855;46.0;2.64;74.03;;2024-06-11;16:00
53;Bretagne;Données définitives;2100.5;19.5;0.0;381.0;144.0;-1.0;56.5;1094.5;0.0;0.0;291.5;114.5;0.9299999999999999;1.375;0.0;;19.33;21.985;18.134999999999998;73.27;6.855;52.364999999999995;2.69;73.38;;2024-06-11;17:00
53;Bretagne;Données définitives;2115.5;20.5;0.0;314.5;131.0;-1.0;54.5;1223.0;0.0;0.0;280.5;91.5;0.97;1.4449999999999998;0.0;;17.61;20.17;14.870000000000001;60.480000000000004;6.195;47.64;2.575;70.78;;2024-06-11;18:00
53;Bretagne;Données définitives;2208.5;21.0;0.0;214.0;79.5;-1.0;56.0;1502.5;0.0;0.0;272.0;64.0;0.95;1.48;0.0;;15.235;18.22;9.69;41.155;3.6;28.909999999999997;2.54;72.73;;2024-06-11;19:00
53;Bretagne;Données définitives;2129.0;14.5;0.0;102.0;15.0;-1.0;56.0;1582.0;0.0;0.0;264.5;96.0;0.67;1.02;0.0;;16.98;19.545;4.765000000000001;19.615000000000002;0.6900000000000001;5.455;2.635;72.73;;2024-06-11;20:00
53;Bretagne;Données définitives;1992.5;4.5;0.0;28.5;1.0;-0.5;56.0;1556.5;0.0;0.0;233.5;112.5;0.225;0.315;0.0;;17.384999999999998;18.759999999999998;1.43;5.48;0.05;0.36;2.8099999999999996;72.73;;2024-06-11;21:00
53;Bretagne;Données définitives;2061.5;4.5;0.0;3.0;0.0;-1.0;56.0;1727.5;0.0;0.0;160.0;110.5;0.22;0.315;0.0;;13.129999999999999;14.649999999999999;0.145;0.575;0.0;0.0;2.715;72.73;;2024-06-11;22:00
53;Bretagne;Données définitives;2213.0;3.5;0.0;0.0;0.5;-5.0;56.0;1901.0;0.0;0.0;145.5;111.0;0.16;0.245;0.0;;11.61;13.915;0.0;0.0;0.025;0.18;2.535;72.73;;2024-06-11;23:00
53;Bretagne;Données définitives;2233.0;69.5;0.0;0.0;3.0;-56.0;57.0;1786.5;0.0;0.0;192.0;181.0;3.12;4.89;0.0;;16.765;20.22;0.0;0.0;0.135;1.09;2.5549999999999997;74.03;;2024-07-10;00:00
53;Bretagne;Données définitives;1870.5;2.5;0.0;0.0;1.0;-11.0;56.0;1420.5;0.0;0.0;187.0;215.5;0.13;0.175;0.0;;21.525;21.795;0.0;0.0;0.055;0.36;2.995;72.73;;2024-07-10;01:00
53;Bretagne;Données définitives;1864.5;0.0;0.0;0.0;109.0;-1.0;56.0;1398.5;0.0;0.0;168.5;134.0;0.0;0.0;0.0;;16.16;16.35;0.0;0.0;5.87;39.635000000000005;3.005;72.73;;2024-07-10;02:00
53;Bretagne;Données définitives;1687.5;0.0;0.0;0.0;182.5;-1.0;56.0;1167.0;0.0;0.0;146.5;135.5;0.0;0.0;0.0;;16.744999999999997;15.295;0.0;0.0;10.82;66.365;3.3200000000000003;72.73;;2024-07-10;03:00
53;Bretagne;Données définitives;1614.5;0.0;0.0;0.0;204.0;-1.0;56.5;998.0;0.0;0.0;131.0;226.5;0.0;0.0;0.0;;22.145;19.355;0.0;0.0;12.635;74.18;3.5;73.38;;2024-07-10;04:00
53;Bretagne;Données définitives;1645.0;0.0;0.0;0.0;204.0;-1.0;56.5;1098.5;0.0;0.0;118.5;168.5;0.0;0.0;0.0;;17.47;15.535;0.0;0.0;12.405000000000001;74.185;3.4349999999999996;73.38;;2024-07-10;05:00
53;Bretagne;Données définitives;1771.0;2.5;0.0;0.0;175.5;-1.0;56.0;1234.5;0.0;0.0;135.0;168.0;0.14;0.175;0.0;;17.095;16.405;0.0;0.0;9.945;63.81999999999999;3.165;72.73;;2024-07-10;06:00
53;Bretagne;Données définitives;1928.0;106.5;0.0;13.0;78.0;-1.0;55.5;1322.5;0.0;0.0;134.0;220.0;5.41;7.495;0.0;;18.369999999999997;19.165;0.67;2.5;4.08;28.365;2.88;72.08000000000001;;2024-07-10;07:00
53;Bretagne;Données définitives;2160.0;316.5;0.0;55.5;5.0;-1.0;54.0;1288.0;0.0;0.0;111.0;331.0;14.67;22.275;0.0;;20.525;23.905;2.55;10.67;0.23500000000000001;1.8199999999999998;2.5;70.13;;2024-07-10;08:00
53;Bretagne;Données définitives;2330.5;315.0;0.0;124.0;2.0;-1.0;54.5;1546.5;0.0;0.0;89.0;199.5;13.52;22.17;0.0;;12.4;15.620000000000001;5.3100000000000005;23.85;0.085;0.7250000000000001;2.34;70.78;;2024-07-10;09:00
53;Bretagne;Données définitives;2405.5;313.0;0.0;169.5;1.0;-1.0;55.0;1587.5;0.0;0.0;134.0;148.0;13.01;22.03;0.0;;11.725000000000001;15.265;7.045;32.595;0.04;0.36;2.29;71.43;;2024-07-10;10:00
53;Bretagne;Données définitives;2456.5;271.0;0.0;207.0;1.0;-26.5;55.5;1800.5;0.0;0.0;151.5;0.0;11.055;19.075000000000003;0.0;;6.045;8.04;8.42;39.81;0.04;0.36;2.255;72.08000000000001;;2024-07-10;11:00
53;Bretagne;Données définitives;2500.5;14.5;0.0;272.0;1.0;-56.5;56.5;2049.5;0.0;0.0;163.5;1.0;0.5800000000000001;1.025;0.0;;6.535;8.85;10.870000000000001;52.305;0.04;0.36;2.26;73.38;;2024-07-10;12:00
53;Bretagne;Données définitives;2541.0;13.5;0.0;310.0;1.0;-33.0;56.0;1977.5;0.0;0.0;180.5;36.5;0.535;0.95;0.0;;8.555;11.75;12.21;59.614999999999995;0.04;0.36;2.205;72.73;;2024-07-10;13:00
53;Bretagne;Données définitives;2431.0;12.5;0.0;324.5;36.5;-0.5;53.5;1780.5;0.0;0.0;200.5;24.0;0.515;0.875;0.0;;9.215;12.125;13.350000000000001;62.405;1.51;13.27;2.2;69.47999999999999;;2024-07-10;14:00
53;Bretagne;Données définitives;2344.0;13.5;0.0;318.0;149.5;-1.0;54.0;1551.0;0.0;0.0;213.5;45.5;0.575;0.95;0.0;;11.05;14.025;13.565000000000001;61.155;6.385;54.365;2.3;70.13;;2024-07-10;15:00
53;Bretagne;Données définitives;2254.5;13.0;0.0;282.0;192.5;-1.0;54.0;1450.0;0.0;0.0;226.0;39.0;0.575;0.91;0.0;;11.75;14.35;12.5;54.230000000000004;8.54;70.0;2.395;70.13;;2024-07-10;16:00
53;Bretagne;Données définitives;2186.5;13.5;0.0;207.5;197.5;-1.0;56.0;1466.0;0.0;0.0;192.0;55.5;0.62;0.95;0.0;;11.315000000000001;13.399999999999999;9.48;39.905;9.030000000000001;71.815;2.5599999999999996;72.73;;2024-07-10;17:00
53;Bretagne;Données définitives;2228.0;15.5;0.0;152.0;164.0;-1.0;56.0;1628.5;0.0;0.0;138.0;74.5;0.6950000000000001;1.095;0.0;;9.594999999999999;11.56;6.824999999999999;29.23;7.369999999999999;59.635;2.515;72.73;;2024-07-10;18:00
53;Bretagne;Données définitives;2273.0;22.0;0.0;115.5;78.5;-1.0;57.0;1824.5;0.0;0.0;106.0;70.5;0.965;1.55;0.0;;7.744999999999999;9.530000000000001;5.08;22.215;3.45;28.545;2.51;74.03;;2024-07-10;19:00
53;Bretagne;Données définitives;2227.0;26.0;0.0;74.0;8.5;-1.0;57.0;1936.5;0.0;0.0;61.5;64.0;1.165;1.83;0.0;;5.635;6.795;3.3099999999999996;14.23;0.38;3.0900000000000003;2.56;74.03;;2024-07-10;20:00
53;Bretagne;Données définitives;2058.5;26.0;0.0;30.0;5.0;-1.0;58.5;1815.0;0.0;0.0;47.5;77.5;1.2650000000000001;1.83;0.0;;6.07;6.77;1.45;5.765;0.245;1.82;2.8449999999999998;75.97;;2024-07-10;21:00
53;Bretagne;Données définitives;2127.0;26.0;0.0;3.0;4.0;-1.0;58.0;1945.5;0.0;0.0;22.5;68.5;1.22;1.83;0.0;;4.255;4.9;0.145;0.575;0.19;1.455;2.73;75.32;;2024-07-10;22:00
53;Bretagne;Données définitives;2266.5;18.5;0.0;0.0;3.0;-18.0;56.5;2129.0;0.0;0.0;16.0;61.5;0.81;1.3;0.0;;3.42;4.195;0.0;0.0;0.135;1.09;2.495;73.38;;2024-07-10;23:00
53;Bretagne;Données définitives;2194.0;399.0;0.0;0.0;184.5;-1.0;55.0;1063.5;0.0;0.0;249.0;244.0;18.21;28.08;0.0;;22.475;26.689999999999998;0.0;0.0;8.434999999999999;67.09;2.51;71.43;;2024-08-20;00:00
53;Bretagne;Données définitives;1854.0;397.0;0.0;0.0;215.0;-1.0;55.0;708.5;0.0;0.0;244.5;235.0;21.435000000000002;27.939999999999998;0.0;;25.880000000000003;25.96;0.0;0.0;11.605;78.185;2.9699999999999998;71.43;;2024-08-20;01:00
53;Bretagne;Données définitives;1839.0;386.5;0.0;0.0;220.0;-1.0;55.0;714.0;0.0;0.0;272.0;193.0;21.009999999999998;27.2;0.0;;25.3;25.18;0.0;0.0;11.965;80.0;2.99;71.43;;2024-08-20;02:00
53;Bretagne;Données définitives;1667.5;33.5;0.0;0.0;218.5;-1.0;55.0;844.0;0.0;0.0;304.5;212.5;1.955;2.355;0.0;;31.065;27.990000000000002;0.0;0.0;13.115;79.455;3.3;71.43;;2024-08-20;03:00
53;Bretagne;Données définitives;1611.0;0.0;0.0;0.0;181.5;-1.0;55.0;854.5;0.0;0.0;301.0;220.0;0.0;0.0;0.0;;32.34;28.21;0.0;0.0;11.265;66.0;3.415;71.43;;2024-08-20;04:00
53;Bretagne;Données définitives;1623.0;0.0;0.0;0.0;47.5;-1.5;54.5;1131.0;0.0;0.0;262.0;129.5;0.0;0.0;0.0;;24.16;21.225;0.0;0.0;2.945;17.27;3.36;70.78;;2024-08-20;05:00
53;Bretagne;Données définitives;1720.0;0.5;0.0;0.0;2.0;0.0;55.0;1267.5;0.0;0.0;216.0;179.0;0.03;0.035;0.0;;22.990000000000002;21.384999999999998;0.0;0.0;0.11499999999999999;0.73;3.2;71.43;;2024-08-20;06:00
53;Bretagne;Données définitives;1881.0;0.0;0.0;0.0;36.5;-1.0;55.0;1452.5;0.0;0.0;194.0;143.5;0.0;0.0;0.0;;17.950000000000003;18.27;0.0;0.0;1.935;13.275;2.925;71.43;;2024-08-20;07:00
53;Bretagne;Données définitives;2032.0;9.0;0.0;10.5;30.5;-1.0;54.5;1611.5;0.0;0.0;197.0;120.0;0.435;0.635;0.0;;15.600000000000001;17.16;0.51;2.02;1.515;11.095;2.68;70.78;;2024-08-20;08:00
53;Bretagne;Données définitives;2200.0;15.0;0.0;38.5;2.5;-8.5;55.0;1742.0;0.0;0.0;188.5;168.0;0.685;1.055;0.0;;16.205000000000002;19.299999999999997;1.745;7.404999999999999;0.115;0.91;2.5;71.43;;2024-08-20;09:00
53;Bretagne;Données définitives;2285.5;13.5;0.0;83.0;0.0;-44.0;54.5;1771.5;0.0;0.0;172.5;234.5;0.59;0.95;0.0;;17.810000000000002;22.035;3.635;15.96;0.0;0.0;2.385;70.78;;2024-08-20;10:00
53;Bretagne;Données définitives;2352.5;14.0;0.0;131.5;24.5;-0.5;54.5;1709.0;0.0;0.0;172.5;247.0;0.595;0.99;0.0;;17.835;22.71;5.585;25.29;1.035;8.91;2.315;70.78;;2024-08-20;11:00
53;Bretagne;Données définitives;2440.5;12.5;0.0;207.5;147.0;-1.0;49.5;1633.0;0.0;0.0;204.5;188.0;0.51;0.88;0.0;;16.08;21.255;8.485;39.905;6.01;53.45;2.03;64.285;;2024-08-20;12:00
53;Bretagne;Données définitives;2455.5;11.0;0.0;302.0;204.5;-1.0;44.0;1393.0;0.0;0.0;286.5;215.0;0.45;0.77;0.0;;20.505000000000003;27.18;12.325;58.075;8.34;74.36500000000001;1.795;57.14;;2024-08-20;13:00
53;Bretagne;Données définitives;2320.0;12.0;0.0;362.5;215.0;-1.0;44.0;1125.0;0.0;0.0;316.0;248.0;0.52;0.84;0.0;;24.29;30.509999999999998;15.625;69.71000000000001;9.27;78.18;1.895;57.14;;2024-08-20;14:00
53;Bretagne;Données définitives;2234.5;13.5;0.0;394.5;216.5;-1.0;45.0;934.5;0.0;0.0;384.0;248.0;0.605;0.95;0.0;;28.29;34.22;17.665;75.86500000000001;9.69;78.72999999999999;2.01;58.44;;2024-08-20;15:00
53;Bretagne;Données définitives;2163.5;12.5;0.0;410.5;195.0;-1.0;44.5;847.0;0.0;0.0;407.0;248.0;0.575;0.875;0.0;;30.285;35.465;18.98;78.94;9.004999999999999;70.91;2.0599999999999996;57.79;;2024-08-20;16:00
53;Bretagne;Données définitives;2075.0;12.0;0.0;365.0;75.5;-1.0;46.5;864.5;0.0;0.0;465.5;248.0;0.58;0.84;0.0;;34.375;38.605000000000004;17.585;70.19;3.615;27.455000000000002;2.24;60.39;;2024-08-20;17:00
53;Bretagne;Données définitives;2102.5;12.0;0.0;264.5;0.5;-1.0;51.5;1028.0;0.0;0.0;500.0;248.0;0.57;0.84;0.0;;35.555;40.47;12.585;50.864999999999995;0.025;0.18;2.45;66.88499999999999;;2024-08-20;18:00
53;Bretagne;Données définitives;2186.0;11.5;0.0;158.0;30.0;-1.0;53.0;1238.0;0.0;0.0;449.0;248.0;0.525;0.8049999999999999;0.0;;31.89;37.735;7.235;30.384999999999998;1.37;10.91;2.42;68.83;;2024-08-20;19:00
53;Bretagne;Données définitives;2143.5;5.5;0.0;55.5;39.5;-1.0;55.0;1409.0;0.0;0.0;332.0;248.0;0.255;0.385;0.0;;27.02;31.375;2.575;10.675;1.8399999999999999;14.365;2.57;71.43;;2024-08-20;20:00
53;Bretagne;Données définitives;2028.0;0.0;0.0;6.5;12.0;-1.0;53.0;1495.0;0.0;0.0;215.0;248.0;0.0;0.0;0.0;;22.8;25.045;0.32;1.25;0.59;4.365;2.615;68.83;;2024-08-20;21:00
53;Bretagne;Données définitives;2120.0;0.0;0.0;0.0;3.5;-26.5;52.0;1659.0;0.0;0.0;184.5;248.0;0.0;0.0;0.0;;20.4;23.415;0.0;0.0;0.165;1.275;2.455;67.53;;2024-08-20;22:00
53;Bretagne;Données définitives;2179.0;0.0;0.0;0.0;12.5;-0.5;51.5;1675.0;0.0;0.0;193.0;248.0;0.0;0.0;0.0;;20.259999999999998;23.875;0.0;0.0;0.59;4.545;2.365;66.88;;2024-08-20;23:00
53;Bretagne;Données définitives;2274.0;5.5;0.0;0.0;1.5;-15.5;54.5;1669.0;0.0;0.0;210.0;349.5;0.235;0.385;0.0;;24.604999999999997;30.29;0.0;0.0;0.065;0.545;2.395;70.78;;2024-09-12;00:00
53;Bretagne;Données définitives;1944.0;0.0;0.0;0.0;0.0;-44.0;55.5;1450.5;0.0;0.0;186.0;295.0;0.0;0.0;0.0;;24.775;26.064999999999998;0.0;0.0;0.0;0.0;2.86;72.08000000000001;;2024-09-12;01:00
53;Bretagne;Données définitives;1936.5;0.0;0.0;0.0;0.0;-51.5;55.0;1374.0;0.0;0.0;176.5;382.0;0.0;0.0;0.0;;28.85;30.240000000000002;0.0;0.0;0.0;0.0;2.84;71.43;;2024-09-12;02:00
53;Bretagne;Données définitives;1778.0;0.0;0.0;0.0;0.0;-0.5;55.5;1398.5;0.0;0.0;171.0;153.0;0.0;0.0;0.0;;18.22;17.545;0.0;0.0;0.0;0.0;3.12;72.08000000000001;;2024-09-12;03:00
53;Bretagne;Données définitives;1711.5;0.0;0.0;0.0;0.0;0.0;54.5;1388.5;0.0;0.0;158.5;110.0;0.0;0.0;0.0;;15.685;14.535;0.0;0.0;0.0;0.0;3.185;70.78;;2024-09-12;04:00
53;Bretagne;Données définitives;1711.0;0.0;0.0;0.0;40.5;-1.0;55.0;1399.5;0.0;0.0;112.5;103.0;0.0;0.0;0.0;;12.625;11.695;0.0;0.0;2.36;14.725;3.215;71.43;;2024-09-12;05:00
53;Bretagne;Données définitives;1916.0;0.0;0.0;0.0;67.5;-1.0;55.5;1634.5;0.0;0.0;98.0;61.5;0.0;0.0;0.0;;8.415;8.635;0.0;0.0;3.525;24.545;2.9;72.08000000000001;;2024-09-12;06:00
53;Bretagne;Données définitives;2221.0;12.0;0.0;0.0;60.5;-1.0;55.0;1931.5;0.0;0.0;96.0;67.0;0.525;0.845;0.0;;7.295;8.8;0.0;0.0;2.74;22.0;2.4850000000000003;71.43;;2024-09-12;07:00
53;Bretagne;Données définitives;2382.5;24.5;0.0;9.5;34.0;-1.0;55.0;2101.5;0.0;0.0;89.5;69.5;1.025;1.725;0.0;;6.6850000000000005;8.605;0.39499999999999996;1.825;1.435;12.365;2.3099999999999996;71.43;;2024-09-12;08:00
53;Bretagne;Données définitives;2495.0;24.5;0.0;73.0;5.0;-1.0;55.0;2204.5;0.0;0.0;76.0;59.0;0.9850000000000001;1.725;0.0;;5.395;7.279999999999999;2.92;14.04;0.2;1.82;2.205;71.43;;2024-09-12;09:00
53;Bretagne;Données définitives;2508.0;21.0;0.0;205.0;0.0;-1.0;53.5;2140.5;0.0;0.0;41.0;47.5;0.835;1.48;0.0;;3.5300000000000002;4.795;8.190000000000001;39.42;0.0;0.0;2.135;69.47999999999999;;2024-09-12;10:00
53;Bretagne;Données définitives;2498.5;18.5;0.0;318.5;0.0;-1.0;54.5;1939.5;0.0;0.0;33.0;136.5;0.74;1.3050000000000002;0.0;;6.76;9.15;12.75;61.25;0.0;0.0;2.18;70.78;;2024-09-12;11:00
53;Bretagne;Données définitives;2540.5;17.5;0.0;369.5;0.0;-11.0;54.0;1962.5;0.0;0.0;53.0;95.0;0.69;1.2349999999999999;0.0;;5.8149999999999995;8.04;14.545;71.055;0.0;0.0;2.125;70.13;;2024-09-12;12:00
53;Bretagne;Données définitives;2575.5;16.0;0.0;374.0;0.0;-35.5;55.0;1981.5;0.0;0.0;85.0;99.5;0.62;1.13;0.0;;7.165;9.99;14.535;71.925;0.0;0.0;2.135;71.43;;2024-09-12;13:00
53;Bretagne;Données définitives;2462.0;17.0;0.0;358.0;0.0;-47.0;53.0;1844.5;0.0;0.0;139.5;98.0;0.69;1.2;0.0;;9.655;12.86;14.535;68.845;0.0;0.0;2.1550000000000002;68.83;;2024-09-12;14:00
53;Bretagne;Données définitives;2362.0;15.0;0.0;351.5;0.0;-28.0;53.5;1685.5;0.0;0.0;148.5;137.0;0.635;1.06;0.0;;12.1;15.46;14.88;67.595;0.0;0.0;2.27;69.47999999999999;;2024-09-12;15:00
53;Bretagne;Données définitives;2248.5;14.0;0.0;296.0;0.0;0.0;54.5;1500.5;0.0;0.0;219.5;165.0;0.625;0.99;0.0;;17.105;20.814999999999998;13.16;56.92;0.0;0.0;2.425;70.78;;2024-09-12;16:00
53;Bretagne;Données définitives;2178.5;15.5;0.0;240.5;2.5;0.0;55.0;1416.5;0.0;0.0;199.5;250.0;0.71;1.095;0.0;;20.665;24.365000000000002;11.04;46.25;0.115;0.91;2.525;71.43;;2024-09-12;17:00
53;Bretagne;Données définitives;2189.0;18.0;0.0;165.5;34.5;-1.0;55.5;1373.5;0.0;0.0;273.5;270.0;0.825;1.27;0.0;;24.785;29.424999999999997;7.57;31.825;1.565;12.545;2.535;72.08000000000001;;2024-09-12;18:00
53;Bretagne;Données définitives;2344.0;26.0;0.0;87.0;59.5;-1.0;55.0;1571.0;0.0;0.0;285.0;261.0;1.1099999999999999;1.83;0.0;;23.314999999999998;29.585;3.71;16.73;2.54;21.634999999999998;2.35;71.43;;2024-09-12;19:00
53;Bretagne;Données définitives;2315.0;27.0;0.0;16.5;51.0;-1.0;56.0;1624.5;0.0;0.0;231.0;310.0;1.165;1.9;0.0;;23.369999999999997;29.29;0.71;3.17;2.2;18.545;2.42;72.73;;2024-09-12;20:00
53;Bretagne;Données définitives;2214.5;24.0;0.0;0.0;29.0;-1.0;56.0;1615.0;0.0;0.0;234.5;257.5;1.085;1.69;0.0;;22.23;26.634999999999998;0.0;0.0;1.3050000000000002;10.545;2.5300000000000002;72.73;;2024-09-12;21:00
53;Bretagne;Données définitives;2208.5;19.0;0.0;0.0;4.5;-1.0;55.5;1648.5;0.0;0.0;233.0;249.0;0.8600000000000001;1.3399999999999999;0.0;;21.825;26.1;0.0;0.0;0.20500000000000002;1.6350000000000002;2.515;72.08000000000001;;2024-09-12;22:00
53;Bretagne;Données définitives;2277.0;8.5;0.0;0.0;3.0;-0.5;55.0;1693.0;0.0;0.0;202.5;315.0;0.37;0.595;0.0;;22.755;28.045;0.0;0.0;0.13;1.09;2.415;71.43;;2024-09-12;23:00
53;Bretagne;Données définitives;2357.5;259.5;0.0;0.0;188.5;-1.0;51.5;1516.5;0.0;0.0;215.0;128.5;10.985;18.265;0.0;;14.56;18.6;0.0;0.0;8.015;68.545;2.185;66.88;;2024-10-02;00:00
53;Bretagne;Données définitives;2018.0;128.0;0.0;0.0;207.0;-1.0;51.5;1288.0;0.0;0.0;214.0;130.0;6.234999999999999;9.004999999999999;0.0;;17.095;18.62;0.0;0.0;10.265;75.27;2.5549999999999997;66.88;;2024-10-02;01:00
53;Bretagne;Données définitives;2001.5;0.0;0.0;0.0;208.5;-1.0;52.0;1405.0;0.0;0.0;168.0;171.5;0.0;0.0;0.0;;16.939999999999998;18.380000000000003;0.0;0.0;10.425;75.82;2.6;67.53;;2024-10-02;02:00
53;Bretagne;Données définitives;1852.5;0.0;0.0;0.0;188.5;-1.0;50.5;1318.5;0.0;0.0;155.5;141.5;0.0;0.0;0.0;;16.035;16.08;0.0;0.0;10.17;68.545;2.725;65.58500000000001;;2024-10-02;03:00
53;Bretagne;Données définitives;1794.0;0.0;0.0;0.0;85.5;-1.0;49.0;1376.0;0.0;0.0;160.0;126.0;0.0;0.0;0.0;;15.940000000000001;15.485;0.0;0.0;4.75;31.095;2.73;63.64;;2024-10-02;04:00
53;Bretagne;Données définitives;1818.5;0.0;0.0;0.0;2.5;-1.0;49.0;1498.5;0.0;0.0;152.5;119.0;0.0;0.0;0.0;;14.94;14.695;0.0;0.0;0.14;0.91;2.6950000000000003;63.64;;2024-10-02;05:00
53;Bretagne;Données définitives;1984.5;35.0;0.0;0.0;0.0;-1.0;48.0;1673.5;0.0;0.0;133.0;96.0;1.71;2.465;0.0;;11.535;12.375;0.0;0.0;0.0;0.0;2.425;62.34;;2024-10-02;06:00
53;Bretagne;Données définitives;2283.0;375.0;0.0;0.0;6.0;-1.0;48.0;1595.5;0.0;0.0;123.5;137.0;16.29;26.39;0.0;;11.43;14.1;0.0;0.0;0.26;2.185;2.105;62.34;;2024-10-02;07:00
53;Bretagne;Données définitives;2501.5;476.0;0.0;0.5;6.5;-21.5;47.5;1770.0;0.0;0.0;110.5;112.0;19.025;33.495;0.0;;8.92;12.075;0.02;0.095;0.265;2.365;1.9;61.69;;2024-10-02;08:00
53;Bretagne;Données définitives;2616.5;459.5;0.0;23.5;3.0;-57.0;46.0;1964.5;0.0;0.0;89.5;87.5;17.565;32.334999999999994;0.0;;6.785;9.61;0.895;4.52;0.115;1.09;1.76;59.74;;2024-10-02;09:00
53;Bretagne;Données définitives;2600.5;452.5;0.0;88.5;0.0;-24.5;46.0;1921.5;0.0;0.0;59.5;57.5;17.4;31.845000000000002;0.0;;4.5;6.335;3.4050000000000002;17.02;0.0;0.0;1.77;59.74;;2024-10-02;10:00
53;Bretagne;Données définitives;2620.0;332.5;0.0;177.5;73.5;-1.0;46.0;1901.5;0.0;0.0;31.5;58.5;12.745000000000001;23.4;0.0;;3.4299999999999997;4.875;6.765000000000001;34.135000000000005;2.7849999999999997;26.725;1.755;59.74;;2024-10-02;11:00
53;Bretagne;Données définitives;2668.0;32.0;0.0;251.5;184.0;-1.0;46.5;2070.5;0.0;0.0;32.0;53.0;1.2;2.25;0.0;;3.1950000000000003;4.6;9.42;48.364999999999995;6.890000000000001;66.91;1.74;60.39;;2024-10-02;12:00
53;Bretagne;Données définitives;2686.5;32.0;0.0;254.0;208.5;-1.0;48.0;2048.5;0.0;0.0;48.0;49.5;1.1949999999999998;2.25;0.0;;3.6399999999999997;5.275;9.455;48.849999999999994;7.765000000000001;75.815;1.79;62.34;;2024-10-02;13:00
53;Bretagne;Données définitives;2551.5;32.0;0.0;210.5;215.0;-1.0;48.0;1938.0;0.0;0.0;43.0;67.5;1.255;2.25;0.0;;4.3149999999999995;5.955;8.245;40.480000000000004;8.425;78.18;1.88;62.34;;2024-10-02;14:00
53;Bretagne;Données définitives;2443.5;32.0;0.0;161.0;206.0;-1.0;48.0;1857.0;0.0;0.0;44.5;97.0;1.31;2.25;0.0;;5.795;7.66;6.585;30.96;8.425;74.91;1.9649999999999999;62.34;;2024-10-02;15:00
53;Bretagne;Données définitives;2386.5;32.0;0.0;151.5;122.5;-1.0;48.0;1871.5;0.0;0.0;66.5;95.5;1.34;2.25;0.0;;6.8100000000000005;8.795;6.345000000000001;29.134999999999998;5.12;44.545;2.015;62.34;;2024-10-02;16:00
53;Bretagne;Données définitives;2290.5;64.5;0.0;125.5;12.0;-1.5;49.5;1811.0;0.0;0.0;115.0;115.0;2.83;4.54;0.0;;10.025;12.425;5.475;24.134999999999998;0.52;4.365;2.16;64.28999999999999;;2024-10-02;17:00
53;Bretagne;Données définitives;2319.0;402.5;0.0;82.0;2.5;-1.0;47.5;1516.5;0.0;0.0;132.5;137.0;17.305;28.325;0.0;;11.620000000000001;14.565000000000001;3.555;15.77;0.105;0.91;2.05;61.69;;2024-10-02;18:00
53;Bretagne;Données définitives;2475.5;458.5;0.0;27.0;6.0;-1.0;47.5;1671.0;0.0;0.0;112.5;153.0;18.525;32.265;0.0;;10.739999999999998;14.4;1.095;5.1899999999999995;0.245;2.18;1.92;61.69;;2024-10-02;19:00
53;Bretagne;Données définitives;2486.5;443.5;0.0;0.5;3.0;-5.0;50.0;1686.0;0.0;0.0;122.5;184.5;17.835;31.21;0.0;;12.365;16.65;0.02;0.095;0.12;1.09;2.01;64.935;;2024-10-02;20:00
53;Bretagne;Données définitives;2305.5;423.0;0.0;0.0;0.0;-53.0;51.0;1470.5;0.0;0.0;167.0;247.0;18.355;29.77;0.0;;17.990000000000002;22.415;0.0;0.0;0.0;0.0;2.21;66.23;;2024-10-02;21:00
53;Bretagne;Données définitives;2318.5;244.0;0.0;0.0;0.0;-31.5;51.0;1581.0;0.0;0.0;199.5;274.0;10.52;17.175;0.0;;20.42;25.64;0.0;0.0;0.0;0.0;2.2;66.23;;2024-10-02;22:00
53;Bretagne;Données définitives;2343.0;34.0;0.0;0.0;62.5;-0.5;52.0;1766.0;0.0;0.0;188.0;241.5;1.405;2.395;0.0;;18.39;23.255;0.0;0.0;2.74;22.729999999999997;2.2199999999999998;67.53;;2024-10-02;23:00
53;Bretagne;Données définitives;2698.0;357.0;0.0;0.0;3.0;-57.0;51.5;2048.5;0.0;0.0;154.5;140.0;13.24;25.12;0.0;;10.93;15.945;0.0;0.0;0.11;1.09;1.9100000000000001;66.88;;2024-11-08;00:00
53;Bretagne;Données définitives;2342.5;390.5;0.0;0.0;3.0;-4.5;52.0;1590.0;0.0;0.0;181.5;130.5;16.755;27.48;0.0;;13.350000000000001;16.92;0.0;0.0;0.125;1.09;2.2199999999999998;67.53;;2024-11-08;01:00
53;Bretagne;Données définitives;2333.5;564.5;0.0;0.0;36.5;-0.5;52.0;1384.5;0.0;0.0;178.5;118.5;24.200000000000003;39.724999999999994;0.0;;12.725;16.080000000000002;0.0;0.0;1.5999999999999999;13.27;2.23;67.53;;2024-11-08;02:00
53;Bretagne;Données définitives;2164.5;563.0;0.0;0.0;115.0;-1.0;50.5;1153.5;0.0;0.0;160.0;123.0;26.009999999999998;39.62;0.0;;13.065;15.325;0.0;0.0;5.3149999999999995;41.82;2.335;65.58500000000001;;2024-11-08;03:00
53;Bretagne;Données définitives;2099.0;561.0;0.0;0.0;133.0;-1.0;51.0;1143.5;0.0;0.0;115.5;96.0;26.725;39.480000000000004;0.0;;10.100000000000001;11.48;0.0;0.0;6.34;48.36;2.43;66.23;;2024-11-08;04:00
53;Bretagne;Données définitives;2153.5;559.0;0.0;0.0;114.0;-1.0;50.5;1227.5;0.0;0.0;108.0;96.0;25.97;39.34;0.0;;9.485;11.045;0.0;0.0;5.305;41.455;2.3499999999999996;65.58500000000001;;2024-11-08;05:00
53;Bretagne;Données définitives;2370.5;555.0;0.0;0.0;66.5;-1.0;50.5;1503.5;0.0;0.0;105.5;91.0;23.47;39.055;0.0;;8.26;10.615;0.0;0.0;2.835;24.18;2.13;65.58500000000001;;2024-11-08;06:00
53;Bretagne;Données définitives;2727.5;545.5;0.0;0.0;11.0;-1.0;52.0;1908.0;0.0;0.0;104.0;108.0;20.025;38.385000000000005;0.0;;7.8;11.48;0.0;0.0;0.41500000000000004;4.0;1.9100000000000001;67.53;;2024-11-08;07:00
53;Bretagne;Données définitives;2889.5;564.5;0.0;0.0;8.0;-0.5;53.0;2054.5;0.0;0.0;110.0;100.0;19.535;39.725;0.0;;7.265;11.370000000000001;0.0;0.0;0.27999999999999997;2.91;1.835;68.83;;2024-11-08;08:00
53;Bretagne;Données définitives;2975.0;600.0;0.0;8.0;10.5;-1.0;52.0;2095.0;0.0;0.0;106.0;105.0;20.17;42.22;0.0;;7.095000000000001;11.425;0.265;1.54;0.355;3.8200000000000003;1.75;67.53;;2024-11-08;09:00
53;Bretagne;Données définitives;2973.0;599.5;0.0;26.5;3.5;-22.5;50.0;2139.0;0.0;0.0;95.0;82.5;20.165;42.185;0.0;;5.955;9.58;0.895;5.095000000000001;0.115;1.27;1.68;64.935;;2024-11-08;10:00
53;Bretagne;Données définitives;2966.5;603.5;0.0;46.5;3.0;-55.0;49.5;2183.0;0.0;0.0;78.5;57.0;20.34;42.47;0.0;;4.57;7.335;1.5699999999999998;8.945;0.1;1.09;1.665;64.28999999999999;;2024-11-08;11:00
53;Bretagne;Données définitives;3020.0;603.0;0.0;66.0;3.0;-56.0;51.0;2255.5;0.0;0.0;65.0;32.0;19.97;42.43;0.0;;3.23;5.275;2.185;12.690000000000001;0.1;1.09;1.685;66.235;;2024-11-08;12:00
53;Bretagne;Données définitives;3034.0;603.0;0.0;77.5;3.0;-31.0;52.0;2243.0;0.0;0.0;52.0;34.5;19.884999999999998;42.435;0.0;;2.835;4.655;2.56;14.905;0.1;1.09;1.7149999999999999;67.53;;2024-11-08;13:00
53;Bretagne;Données définitives;2872.0;601.0;0.0;79.0;1.0;0.0;50.5;2075.0;0.0;0.0;37.0;28.5;20.93;42.29;0.0;;2.285;3.55;2.75;15.195;0.035;0.36;1.76;65.58500000000001;;2024-11-08;14:00
53;Bretagne;Données définitives;2756.0;592.5;0.0;56.5;84.0;-1.0;51.0;1908.5;0.0;0.0;38.5;25.5;21.5;41.695;0.0;;2.325;3.465;2.05;10.87;3.055;30.545;1.855;66.23;;2024-11-08;15:00
53;Bretagne;Données définitives;2670.0;597.0;0.0;30.0;128.5;-1.0;50.5;1802.5;0.0;0.0;41.5;21.0;22.355;42.015;0.0;;2.36;3.415;1.125;5.77;4.8100000000000005;46.725;1.8900000000000001;65.58500000000001;;2024-11-08;16:00
53;Bretagne;Données définitives;2651.0;605.0;0.0;8.0;134.5;-1.0;50.5;1789.0;0.0;0.0;43.0;22.5;22.825000000000003;42.58;0.0;;2.4699999999999998;3.55;0.3;1.54;5.075;48.91;1.905;65.58500000000001;;2024-11-08;17:00
53;Bretagne;Données définitives;2850.0;604.5;0.0;0.0;100.5;-1.0;51.0;2002.5;0.0;0.0;59.5;33.5;21.22;42.545;0.0;;3.26;5.035;0.0;0.0;3.535;36.545;1.79;66.23;;2024-11-08;18:00
53;Bretagne;Données définitives;2963.5;604.5;0.0;0.0;39.5;-1.0;52.0;2161.0;0.0;0.0;70.5;37.5;20.4;42.545;0.0;;3.625;5.82;0.0;0.0;1.335;14.36;1.755;67.53;;2024-11-08;19:00
53;Bretagne;Données définitives;2801.0;592.0;0.0;0.0;4.0;-0.5;51.5;2054.5;0.0;0.0;54.5;46.5;21.14;41.66;0.0;;3.56;5.415;0.0;0.0;0.14500000000000002;1.45;1.84;66.88;;2024-11-08;20:00
53;Bretagne;Données définitives;2566.5;577.5;0.0;0.0;4.0;-1.0;50.0;1871.0;0.0;0.0;41.0;23.5;22.509999999999998;40.64;0.0;;2.51;3.495;0.0;0.0;0.155;1.45;1.9449999999999998;64.94;;2024-11-08;21:00
53;Bretagne;Données définitives;2581.5;575.0;0.0;0.0;2.5;-15.5;50.5;1911.5;0.0;0.0;42.0;15.5;22.275;40.46;0.0;;2.245;3.1399999999999997;0.0;0.0;0.1;0.905;1.955;65.58500000000001;;2024-11-08;22:00
53;Bretagne;Données définitives;2651.0;572.0;0.0;0.0;1.0;-34.5;50.0;2007.5;0.0;0.0;42.0;13.5;21.585;40.25;0.0;;2.075;2.9749999999999996;0.0;0.0;0.04;0.36;1.885;64.94;;2024-11-08;23:00
53;Bretagne;Données définitives;3331.5;216.5;0.0;0.0;8.0;-40.0;51.0;2382.0;0.0;0.0;307.0;407.0;6.5;15.135;0.0;;21.41;37.334999999999994;0.0;0.0;0.24;2.91;1.53;68.92;;2024-12-20;00:00
53;Bretagne;Données définitives;3035.0;217.0;0.0;0.0;21.0;-0.5;52.0;2152.0;0.0;0.0;272.0;321.5;7.15;15.17;0.0;;19.545;31.055;0.0;0.0;0.7;7.635;1.7149999999999999;70.27;;2024-12-20;01:00
53;Bretagne;Données définitives;3018.5;216.5;0.0;0.0;150.5;-1.0;51.0;2080.5;0.0;0.0;256.5;265.0;7.17;15.135;0.0;;17.29;27.314999999999998;0.0;0.0;4.995;54.73;1.69;68.91999999999999;;2024-12-20;02:00
53;Bretagne;Données définitives;2892.5;216.0;0.0;0.0;203.5;-1.0;50.0;1985.5;0.0;0.0;244.5;193.5;7.470000000000001;15.1;0.0;;15.14;22.92;0.0;0.0;7.04;74.0;1.73;67.57;;2024-12-20;03:00
53;Bretagne;Données définitives;2822.5;216.0;0.0;0.0;216.0;-1.0;51.0;1878.0;0.0;0.0;248.5;214.5;7.655;15.1;0.0;;16.43;24.255000000000003;0.0;0.0;7.65;78.545;1.81;68.92;;2024-12-20;04:00
53;Bretagne;Données définitives;2930.0;216.0;0.0;0.0;177.0;-1.0;51.0;2038.5;0.0;0.0;273.0;176.0;7.375;15.1;0.0;;15.34;23.495;0.0;0.0;6.050000000000001;64.36;1.74;68.92;;2024-12-20;05:00
53;Bretagne;Données définitives;3187.5;217.0;0.0;0.0;78.0;-1.0;50.0;2505.0;0.0;0.0;262.0;76.5;6.8149999999999995;15.17;0.0;;10.67;17.740000000000002;0.0;0.0;2.475;28.36;1.57;67.57;;2024-12-20;06:00
53;Bretagne;Données définitives;3538.5;228.0;0.0;0.0;11.5;-1.0;49.5;2849.0;0.0;0.0;260.5;141.0;6.445;15.94;0.0;;11.305;21.009999999999998;0.0;0.0;0.33;4.18;1.4;66.895;;2024-12-20;07:00
53;Bretagne;Données définitives;3778.5;241.0;0.0;0.0;9.0;-1.0;50.0;2930.0;0.0;0.0;323.5;225.0;6.375;16.85;0.0;;14.515;28.7;0.0;0.0;0.235;3.2750000000000004;1.3250000000000002;67.57;;2024-12-20;08:00
53;Bretagne;Données définitives;3806.5;638.0;0.0;4.5;13.5;-1.0;50.0;2497.0;0.0;0.0;359.0;245.0;16.755000000000003;44.615;0.0;;15.870000000000001;31.61;0.12;0.57;0.355;4.91;1.315;67.57;;2024-12-20;09:00
53;Bretagne;Données définitives;3796.5;544.0;0.0;45.0;16.0;-20.5;50.5;2592.5;0.0;0.0;352.0;217.5;14.32;38.04;0.0;;15.015;29.83;1.185;5.68;0.42;5.82;1.33;68.245;;2024-12-20;10:00
53;Bretagne;Données définitives;3603.5;238.0;0.0;122.5;15.0;-57.0;51.5;2696.0;0.0;0.0;296.5;241.5;6.605;16.64;0.0;;14.915;28.125;3.4050000000000002;15.469999999999999;0.41500000000000004;5.455;1.43;69.595;;2024-12-20;11:00
53;Bretagne;Données définitives;3480.0;234.5;0.0;206.5;13.0;-51.5;52.5;2439.5;0.0;0.0;234.0;351.5;6.734999999999999;16.395;0.0;;16.825;30.64;5.9350000000000005;26.075;0.37;4.73;1.505;70.945;;2024-12-20;12:00
53;Bretagne;Données définitives;3412.0;235.0;0.0;250.5;13.0;0.0;52.5;2222.0;0.0;0.0;281.5;358.0;6.89;16.43;0.0;;18.72;33.44;7.345000000000001;31.630000000000003;0.38;4.73;1.54;70.945;;2024-12-20;13:00
53;Bretagne;Données définitives;3179.0;232.0;0.0;185.5;116.5;-1.0;53.0;1930.0;0.0;0.0;345.5;317.0;7.295;16.22;0.0;;20.854999999999997;34.67;5.825;23.42;3.68;42.365;1.67;71.62;;2024-12-20;14:00
53;Bretagne;Données définitives;3073.0;234.0;0.0;104.0;195.0;-1.0;53.0;1693.0;0.0;0.0;410.5;385.5;7.615;16.36;0.0;;25.89;41.629999999999995;3.385;13.129999999999999;6.345;70.91;1.725;71.62;;2024-12-20;15:00
53;Bretagne;Données définitives;3077.0;236.5;0.0;37.0;224.0;-1.0;51.5;1641.5;0.0;0.0;425.0;461.5;7.6850000000000005;16.535;0.0;;28.805;46.39;1.205;4.675000000000001;7.279999999999999;81.45;1.6749999999999998;69.595;;2024-12-20;16:00
53;Bretagne;Données définitives;3130.0;239.0;0.0;6.0;210.0;-1.0;52.5;1626.5;0.0;0.0;519.0;477.5;7.640000000000001;16.71;0.0;;31.84;52.17;0.195;0.76;6.715;76.36500000000001;1.68;70.945;;2024-12-20;17:00
53;Bretagne;Données définitives;3350.0;239.5;0.0;0.0;141.5;-1.0;52.0;1803.5;0.0;0.0;632.5;482.5;7.15;16.745;0.0;;33.28;58.345;0.0;0.0;4.23;51.455;1.5550000000000002;70.27;;2024-12-20;18:00
53;Bretagne;Données définitives;3396.0;240.0;0.0;0.0;42.0;-1.5;53.0;1926.5;0.0;0.0;672.0;464.0;7.0649999999999995;16.78;0.0;;33.45;59.445;0.0;0.0;1.23;15.275;1.56;71.62;;2024-12-20;19:00
53;Bretagne;Données définitives;3244.0;229.0;0.0;0.0;13.5;-0.5;53.0;1827.0;0.0;0.0;634.0;488.0;7.055;16.01;0.0;;34.58;58.685;0.0;0.0;0.41500000000000004;4.905;1.635;71.62;;2024-12-20;20:00
53;Bretagne;Données définitives;3004.5;216.5;0.0;0.0;12.0;-1.0;55.0;1639.5;0.0;0.0;593.5;488.0;7.205;15.135;0.0;;36.0;56.59;0.0;0.0;0.395;4.36;1.83;74.32;;2024-12-20;21:00
53;Bretagne;Données définitives;3018.5;215.5;0.0;0.0;8.5;-5.0;55.0;1757.0;0.0;0.0;501.5;486.5;7.140000000000001;15.065;0.0;;32.745000000000005;51.7;0.0;0.0;0.28500000000000003;3.09;1.82;74.32;;2024-12-20;22:00
53;Bretagne;Données définitives;3089.0;215.0;0.0;0.0;6.0;-48.0;54.0;2042.0;0.0;0.0;339.5;481.0;6.96;15.03;0.0;;26.535;42.91;0.0;0.0;0.195;2.18;1.75;72.97;;2024-12-20;23:00
75;Nouvelle-Aquitaine;Données définitives;5116.5;207.0;5729.5;0.0;538.5;0.0;191.0;-2507.0;0.0;0.0;959.5;0.0;4.045;36.57;111.97999999999999;86.42;18.755000000000003;52.519999999999996;0.0;0.0;10.524999999999999;24.045;3.7300000000000004;52.765;;2024-01-29;00:00
75;Nouvelle-Aquitaine;Données définitives;5000.5;208.0;5731.0;0.0;539.0;0.0;194.0;-2560.0;0.0;0.0;889.5;0.0;4.16;36.75;114.625;86.44;17.795;48.685;0.0;0.0;10.785;24.064999999999998;3.88;53.59;;2024-01-29;01:00
75;Nouvelle-Aquitaine;Données définitives;4992.0;209.0;5732.0;0.0;514.0;0.0;194.0;-2562.5;0.0;0.0;907.0;0.0;4.1899999999999995;36.93;114.825;86.455;18.17;49.644999999999996;0.0;0.0;10.3;22.945;3.89;53.59;;2024-01-29;02:00
75;Nouvelle-Aquitaine;Données définitives;4727.5;209.5;5733.0;0.0;485.5;0.0;188.5;-2788.5;0.0;0.0;901.5;0.0;4.4350000000000005;37.015;121.33;86.47;19.08;49.34;0.0;0.0;10.275;21.674999999999997;3.99;52.07;;2024-01-29;03:00
75;Nouvelle-Aquitaine;Données définitives;4461.5;210.0;5733.5;0.0;482.0;0.0;191.5;-3049.0;0.0;0.0;895.0;0.0;4.705;37.1;128.51;86.47999999999999;20.06;48.985;0.0;0.0;10.805;21.515;4.295;52.9;;2024-01-29;04:00
75;Nouvelle-Aquitaine;Données définitives;4520.5;211.0;5736.0;0.0;499.5;0.0;198.0;-2996.5;0.0;0.0;875.5;0.0;4.67;37.28;126.93;86.52;19.380000000000003;47.92;0.0;0.0;11.05;22.299999999999997;4.38;54.7;;2024-01-29;05:00
75;Nouvelle-Aquitaine;Données définitives;4905.5;211.0;5736.5;0.0;645.5;0.0;195.0;-2770.0;0.0;0.0;889.5;0.0;4.305;37.28;116.995;86.525;18.145000000000003;48.69;0.0;0.0;13.115;28.82;3.9800000000000004;53.864999999999995;;2024-01-29;06:00
75;Nouvelle-Aquitaine;Données définitives;5577.0;211.0;5738.5;0.0;1117.0;0.0;189.0;-2603.0;0.0;0.0;926.5;0.0;3.785;37.28;102.93;86.555;16.61;50.71;0.0;0.0;20.020000000000003;49.865;3.39;52.21;;2024-01-29;07:00
75;Nouvelle-Aquitaine;Données définitives;5891.0;212.0;5736.5;1.0;1255.0;0.0;192.5;-2485.0;0.0;0.0;980.5;0.0;3.6;37.46;97.38;86.525;16.645000000000003;53.67;0.015;0.02;21.3;56.03;3.27;53.175;;2024-01-29;08:00
75;Nouvelle-Aquitaine;Données définitives;5950.5;212.0;5734.5;193.0;1343.0;0.0;183.5;-2658.5;0.0;0.0;944.0;0.0;3.565;37.46;96.37;86.495;15.865;51.67;3.2449999999999997;4.3;22.57;59.955;3.085;50.69;;2024-01-29;09:00
75;Nouvelle-Aquitaine;Données définitives;5904.5;210.0;5733.5;691.5;1205.5;0.0;182.5;-2936.5;0.0;0.0;818.5;0.0;3.5549999999999997;37.105000000000004;97.11500000000001;86.47999999999999;13.855;44.8;11.74;15.41;20.405;53.82;3.09;50.415;;2024-01-29;10:00
75;Nouvelle-Aquitaine;Données définitives;5759.0;209.0;5729.0;1176.5;875.5;0.0;183.5;-3117.5;0.0;0.0;704.5;0.0;3.63;36.925;99.485;86.415;12.23;38.56;20.45;26.215;15.205;39.084999999999994;3.185;50.69;;2024-01-29;11:00
75;Nouvelle-Aquitaine;Données définitives;5650.5;205.0;5725.5;1560.5;795.0;0.0;184.0;-3457.5;0.0;0.0;639.0;0.0;3.625;36.22;101.33;86.36;11.305;34.974999999999994;27.625;34.769999999999996;14.065000000000001;35.489999999999995;3.255;50.825;;2024-01-29;12:00
75;Nouvelle-Aquitaine;Données définitives;5460.0;203.5;5725.5;1722.5;661.5;0.0;190.5;-3560.5;0.0;0.0;517.5;0.0;3.73;35.955;104.87;86.36;9.475;28.325;31.55;38.38;12.120000000000001;29.535;3.49;52.625;;2024-01-29;13:00
75;Nouvelle-Aquitaine;Données définitives;5373.5;201.5;5722.0;1677.5;800.0;0.0;188.5;-3620.5;0.0;0.0;405.0;0.0;3.755;35.605000000000004;106.5;86.305;7.545;22.17;31.225;37.379999999999995;14.875;35.715;3.505;52.07;;2024-01-29;14:00
75;Nouvelle-Aquitaine;Données définitives;5324.5;198.0;5720.0;1375.5;899.0;0.0;190.5;-3409.0;0.0;0.0;351.5;0.0;3.7199999999999998;34.98;107.43;86.275;6.6;19.235;25.83;30.65;16.88;40.135;3.575;52.625;;2024-01-29;15:00
75;Nouvelle-Aquitaine;Données définitives;5084.0;198.0;5727.5;802.0;844.5;0.0;189.0;-3000.5;0.0;0.0;324.0;0.0;3.895;34.98;112.66499999999999;86.38499999999999;6.375;17.735;15.755;17.87;16.61;37.7;3.715;52.21;;2024-01-29;16:00
75;Nouvelle-Aquitaine;Données définitives;4909.0;197.5;5732.5;289.0;1027.5;0.0;191.5;-2919.0;0.0;0.0;390.0;0.0;4.025;34.894999999999996;116.79;86.465;7.935;21.345;5.91;6.4399999999999995;20.895;45.87;3.9000000000000004;52.9;;2024-01-29;17:00
75;Nouvelle-Aquitaine;Données définitives;5277.0;200.5;5734.0;21.0;1421.0;0.0;188.5;-2746.5;0.0;0.0;459.5;0.0;3.805;35.425;108.76;86.49;8.705;25.15;0.41;0.47;26.945;63.435;3.575;52.075;;2024-01-29;18:00
75;Nouvelle-Aquitaine;Données définitives;5775.5;204.5;5734.0;0.0;1475.5;0.0;185.5;-2414.0;0.0;0.0;591.0;0.0;3.54;36.135;99.285;86.49;10.23;32.349999999999994;0.0;0.0;25.545;65.87;3.215;51.24;;2024-01-29;19:00
75;Nouvelle-Aquitaine;Données définitives;5517.0;205.0;5735.5;0.0;1375.0;0.0;188.5;-2742.0;0.0;0.0;756.0;0.0;3.715;36.22;104.0;86.50999999999999;13.725;41.379999999999995;0.0;0.0;24.925;61.385;3.42;52.07;;2024-01-29;20:00
75;Nouvelle-Aquitaine;Données définitives;5174.0;203.5;5734.0;0.0;1163.0;0.0;190.5;-3025.0;0.0;0.0;909.0;0.0;3.935;35.955;110.83500000000001;86.49;17.58;49.754999999999995;0.0;0.0;22.455;51.92;3.6799999999999997;52.625;;2024-01-29;21:00
75;Nouvelle-Aquitaine;Données définitives;5059.0;205.0;5736.5;0.0;969.5;0.0;189.5;-2965.5;0.0;0.0;925.5;0.0;4.05;36.22;113.41;86.525;18.305;50.66;0.0;0.0;19.185;43.28;3.745;52.35;;2024-01-29;22:00
75;Nouvelle-Aquitaine;Données définitives;5231.0;207.0;5739.5;0.0;753.5;0.0;188.0;-2522.0;0.0;0.0;867.5;0.0;3.96;36.57;109.755;86.57;16.585;47.480000000000004;0.0;0.0;14.39;33.635;3.5949999999999998;51.935;;2024-01-29;23:00
75;Nouvelle-Aquitaine;Données définitives;5236.0;207.0;3327.0;0.0;640.5;0.0;191.0;302.0;0.0;0.0;571.0;0.0;3.955;36.57;63.545;50.18;10.905000000000001;31.255000000000003;0.0;0.0;12.225;28.59;3.645;52.765;;2024-02-14;00:00
75;Nouvelle-Aquitaine;Données définitives;5092.0;207.0;3325.0;0.0;549.5;0.0;197.0;160.5;0.0;0.0;654.5;0.0;4.0649999999999995;36.57;65.31;50.155;12.844999999999999;35.825;0.0;0.0;10.795;24.53;3.87;54.42;;2024-02-14;01:00
75;Nouvelle-Aquitaine;Données définitives;5044.0;207.5;3325.5;0.0;624.0;0.0;194.5;-36.5;0.0;0.0;730.5;0.0;4.115;36.66;65.93;50.16;14.48;39.985;0.0;0.0;12.370000000000001;27.854999999999997;3.855;53.730000000000004;;2024-02-14;02:00
75;Nouvelle-Aquitaine;Données définitives;4905.0;208.5;3323.0;0.0;489.0;0.0;194.5;-24.0;0.0;0.0;714.5;0.0;4.255;36.84;67.75999999999999;50.125;14.57;39.105000000000004;0.0;0.0;9.96;21.83;3.965;53.730000000000004;;2024-02-14;03:00
75;Nouvelle-Aquitaine;Données définitives;4714.5;209.0;3323.5;0.0;447.5;0.0;190.0;-120.5;0.0;0.0;665.5;0.0;4.4350000000000005;36.93;70.495;50.129999999999995;14.115;36.425;0.0;0.0;9.49;19.98;4.029999999999999;52.49;;2024-02-14;04:00
75;Nouvelle-Aquitaine;Données définitives;4775.0;209.0;3324.5;0.0;449.5;0.0;192.0;4.5;0.0;0.0;596.0;0.0;4.375;36.93;69.63;50.144999999999996;12.485;32.620000000000005;0.0;0.0;9.415;20.064999999999998;4.02;53.04;;2024-02-14;05:00
75;Nouvelle-Aquitaine;Données définitives;5152.5;210.5;3331.5;0.0;517.5;0.0;191.0;357.5;0.0;0.0;545.0;0.0;4.09;37.19;64.74000000000001;50.25;10.6;29.835;0.0;0.0;10.015;23.1;3.71;52.76;;2024-02-14;06:00
75;Nouvelle-Aquitaine;Données définitives;5745.0;211.0;3335.0;0.0;891.5;0.0;189.5;596.5;0.0;0.0;522.0;0.0;3.675;37.28;58.08;50.305;9.085;28.57;0.0;0.0;15.49;39.795;3.305;52.35;;2024-02-14;07:00
75;Nouvelle-Aquitaine;Données définitives;6170.5;210.0;3336.0;19.0;1198.5;0.0;185.5;707.5;0.0;0.0;518.0;0.0;3.4000000000000004;37.105000000000004;54.065;50.32;8.395;28.355;0.305;0.425;19.42;53.504999999999995;3.005;51.24;;2024-02-14;08:00
75;Nouvelle-Aquitaine;Données définitives;6209.5;203.0;3336.0;431.0;1210.5;0.0;188.0;360.5;0.0;0.0;483.5;0.0;3.2699999999999996;35.864999999999995;53.724999999999994;50.315;7.785;26.465;6.95;9.605;19.494999999999997;54.04;3.0300000000000002;51.93;;2024-02-14;09:00
75;Nouvelle-Aquitaine;Données définitives;6001.0;198.5;3335.0;1277.0;828.0;0.0;184.0;-224.0;0.0;0.0;401.5;0.0;3.3099999999999996;35.06999999999999;55.575;50.3;6.6899999999999995;21.975;21.305;28.455;13.795;36.965;3.065;50.825;;2024-02-14;10:00
75;Nouvelle-Aquitaine;Données définitives;5806.0;196.0;3331.0;2077.0;806.5;0.0;187.0;-1105.5;0.0;0.0;314.5;0.0;3.375;34.63;57.375;50.245;5.415;17.21;35.795;46.28;13.895;36.004999999999995;3.2199999999999998;51.655;;2024-02-14;11:00
75;Nouvelle-Aquitaine;Données définitives;5697.0;200.0;3330.5;2568.0;719.0;0.0;187.5;-1584.5;0.0;0.0;276.0;0.0;3.5149999999999997;35.334999999999994;58.474999999999994;50.235;4.85;15.105;45.115;57.22;12.620000000000001;32.1;3.295;51.795;;2024-02-14;12:00
75;Nouvelle-Aquitaine;Données définitives;5392.5;195.5;3336.0;2734.5;532.0;0.0;192.0;-1899.5;0.0;0.0;302.5;0.0;3.625;34.54;61.879999999999995;50.315;5.615;16.560000000000002;50.724999999999994;60.93;9.844999999999999;23.75;3.5650000000000004;53.035;;2024-02-14;13:00
75;Nouvelle-Aquitaine;Données définitives;5216.0;187.5;3334.0;2536.5;449.5;0.0;192.5;-1792.5;0.0;0.0;309.0;0.0;3.5949999999999998;33.129999999999995;63.92;50.285;5.925000000000001;16.91;48.625;56.515;8.614999999999998;20.07;3.6900000000000004;53.175;;2024-02-14;14:00
75;Nouvelle-Aquitaine;Données définitives;5009.0;189.5;3330.5;2077.5;494.0;0.0;192.0;-1592.0;0.0;0.0;318.0;0.0;3.785;33.480000000000004;66.5;50.235;6.35;17.41;41.45;46.29;9.875;22.055;3.835;53.035;;2024-02-14;15:00
75;Nouvelle-Aquitaine;Données définitives;4815.0;193.0;3328.0;1517.0;536.5;0.0;193.5;-1271.5;0.0;0.0;319.5;0.0;4.005;34.1;69.13;50.2;6.635;17.490000000000002;31.474999999999998;33.805;11.145;23.95;4.02;53.455;;2024-02-14;16:00
75;Nouvelle-Aquitaine;Données définitives;4614.0;197.5;3329.0;709.0;703.0;0.0;188.0;-806.5;0.0;0.0;296.0;0.0;4.279999999999999;34.894999999999996;72.15;50.21;6.415;16.205;15.355;15.8;15.235;31.384999999999998;4.074999999999999;51.93;;2024-02-14;17:00
75;Nouvelle-Aquitaine;Données définitives;4775.0;200.0;3330.0;95.0;877.5;0.0;186.5;-273.5;0.0;0.0;360.5;0.0;4.1899999999999995;35.334999999999994;69.75;50.23;7.545;19.73;2.005;2.12;18.354999999999997;39.175;3.9050000000000002;51.519999999999996;;2024-02-14;18:00
75;Nouvelle-Aquitaine;Données définitives;5363.0;202.5;3334.0;1.0;1326.0;0.0;187.0;-147.5;0.0;0.0;462.0;0.0;3.7750000000000004;35.78;62.175;50.285;8.61;25.29;0.02;0.02;24.725;59.2;3.49;51.655;;2024-02-14;19:00
75;Nouvelle-Aquitaine;Données définitives;5305.5;204.5;3336.5;0.0;1321.0;0.0;186.0;-198.5;0.0;0.0;457.0;0.0;3.855;36.129999999999995;62.905;50.325;8.61;25.015;0.0;0.0;24.9;58.97;3.505;51.379999999999995;;2024-02-14;20:00
75;Nouvelle-Aquitaine;Données définitives;4954.5;205.0;3337.5;0.0;963.5;0.0;192.0;-155.0;0.0;0.0;411.5;0.0;4.14;36.22;67.37;50.34;8.305;22.520000000000003;0.0;0.0;19.405;43.015;3.88;53.035;;2024-02-14;21:00
75;Nouvelle-Aquitaine;Données définitives;4783.5;206.0;3312.0;0.0;709.5;0.0;190.5;-46.0;0.0;0.0;412.5;0.0;4.305;36.4;69.265;49.95;8.620000000000001;22.58;0.0;0.0;14.844999999999999;31.675;3.9850000000000003;52.625;;2024-02-14;22:00
75;Nouvelle-Aquitaine;Données définitives;4895.5;207.0;3315.0;0.0;595.0;0.0;189.5;94.0;0.0;0.0;498.0;0.0;4.23;36.57;67.735;50.0;10.184999999999999;27.259999999999998;0.0;0.0;12.15;26.56;3.87;52.349999999999994;;2024-02-14;23:00
75;Nouvelle-Aquitaine;Données définitives;4880.0;178.0;3254.5;0.0;1237.0;0.0;197.0;-397.0;0.0;0.0;411.5;0.0;3.645;31.45;66.69;49.09;8.43;22.52;0.0;0.0;25.355;55.224999999999994;4.04;54.42;;2024-03-14;00:00
75;Nouvelle-Aquitaine;Données définitives;4757.5;179.0;3258.5;0.0;1088.5;0.0;196.5;-352.0;0.0;0.0;390.5;0.0;3.7649999999999997;31.63;68.525;49.15;8.215;21.369999999999997;0.0;0.0;22.915;48.59;4.135;54.285;;2024-03-14;01:00
75;Nouvelle-Aquitaine;Données définitives;4736.0;180.0;3260.5;0.0;1001.0;0.0;195.0;-270.5;0.0;0.0;369.5;0.0;3.8;31.8;68.845;49.18;7.800000000000001;20.225;0.0;0.0;21.134999999999998;44.685;4.119999999999999;53.865;;2024-03-14;02:00
75;Nouvelle-Aquitaine;Données définitives;4540.5;180.0;3261.5;0.0;924.0;0.0;196.5;-415.5;0.0;0.0;396.0;0.0;3.965;31.8;71.845;49.195;8.725000000000001;21.674999999999997;0.0;0.0;20.315;41.25;4.33;54.285;;2024-03-14;03:00
75;Nouvelle-Aquitaine;Données définitives;4352.5;175.5;3262.5;0.0;791.0;0.0;194.5;-515.5;0.0;0.0;448.0;0.0;4.035;31.009999999999998;74.955;49.21;10.295;24.52;0.0;0.0;18.17;35.31;4.47;53.730000000000004;;2024-03-14;04:00
75;Nouvelle-Aquitaine;Données définitives;4356.5;171.5;3264.0;0.0;787.5;0.0;191.5;-542.5;0.0;0.0;483.5;0.0;3.935;30.3;74.94;49.23;11.1;26.465;0.0;0.0;18.08;35.155;4.395;52.9;;2024-03-14;05:00
75;Nouvelle-Aquitaine;Données définitives;4812.5;172.0;3246.0;0.0;1076.0;0.0;189.0;-396.0;0.0;0.0;528.0;0.0;3.58;30.39;67.58;48.959999999999994;10.955;28.9;0.0;0.0;22.275;48.040000000000006;3.935;52.21;;2024-03-14;06:00
75;Nouvelle-Aquitaine;Données définitives;5374.5;172.0;3230.5;5.0;1403.0;0.0;191.5;-264.0;0.0;0.0;638.5;0.0;3.2;30.39;60.12;48.724999999999994;11.875;34.95;0.09;0.11;26.085;62.635;3.565;52.9;;2024-03-14;07:00
75;Nouvelle-Aquitaine;Données définitives;5580.0;173.0;3257.0;322.0;1482.5;0.0;189.0;-516.5;0.0;0.0;676.0;0.0;3.1;30.564999999999998;58.375;49.125;12.115;37.0;5.789999999999999;7.175000000000001;26.57;66.18;3.39;52.21;;2024-03-14;08:00
75;Nouvelle-Aquitaine;Données définitives;5469.5;173.0;3263.0;1258.5;1366.0;0.0;191.0;-1323.0;0.0;0.0;540.5;0.0;3.16;30.564999999999998;59.655;49.215;9.875;29.585;23.02;28.04;24.975;60.98;3.495;52.765;;2024-03-14;09:00
75;Nouvelle-Aquitaine;Données définitives;5286.5;174.0;3265.5;2161.5;1161.5;0.0;191.0;-2071.5;0.0;0.0;408.0;0.0;3.295;30.74;61.795;49.254999999999995;7.71;22.335;40.955;48.165;21.92;51.855000000000004;3.615;52.760000000000005;;2024-03-14;10:00
75;Nouvelle-Aquitaine;Données définitives;5211.0;167.5;3263.5;2471.5;853.5;0.0;191.0;-2061.5;0.0;0.0;324.0;0.0;3.215;29.595;62.635;49.224999999999994;6.215;17.735;47.425;55.07;16.375;38.099999999999994;3.665;52.76;;2024-03-14;11:00
75;Nouvelle-Aquitaine;Données définitives;5109.0;162.0;3262.0;2362.5;741.5;0.0;196.0;-1890.5;0.0;0.0;277.5;0.0;3.17;28.625;63.85;49.205;5.43;15.190000000000001;46.24;52.64;14.515;33.099999999999994;3.84;54.144999999999996;;2024-03-14;12:00
75;Nouvelle-Aquitaine;Données définitives;5006.0;163.5;3236.0;2273.5;694.0;0.0;199.0;-1844.0;0.0;0.0;284.0;0.0;3.265;28.89;64.655;48.81;5.675;15.545;45.425;50.66;13.885;30.985;3.975;54.97;;2024-03-14;13:00
75;Nouvelle-Aquitaine;Données définitives;4851.5;163.0;3231.5;2530.5;765.5;0.0;193.5;-2382.0;0.0;0.0;351.5;0.0;3.3600000000000003;28.8;66.61;48.739999999999995;7.245;19.240000000000002;52.175;56.385000000000005;15.785;34.175;3.99;53.455;;2024-03-14;14:00
75;Nouvelle-Aquitaine;Données définitives;4586.5;164.0;3228.5;2468.5;857.0;0.0;193.0;-2744.0;0.0;0.0;417.0;0.0;3.58;28.98;70.42;48.695;9.105;22.825;53.83;55.004999999999995;18.71;38.260000000000005;4.21;53.315;;2024-03-14;15:00
75;Nouvelle-Aquitaine;Données définitives;4405.0;166.0;3186.5;2181.0;935.0;0.0;195.0;-2720.5;0.0;0.0;463.5;0.0;3.77;29.33;72.36;48.06;10.515;25.369999999999997;49.480000000000004;48.595;21.23;41.74;4.43;53.870000000000005;;2024-03-14;16:00
75;Nouvelle-Aquitaine;Données définitives;4225.5;162.5;3195.0;1527.5;908.0;0.0;188.0;-2170.5;0.0;0.0;418.0;0.0;3.8449999999999998;28.71;75.61;48.19;9.89;22.880000000000003;36.15;34.035;21.490000000000002;40.54;4.449999999999999;51.935;;2024-03-14;17:00
75;Nouvelle-Aquitaine;Données définitives;4331.5;160.0;3239.5;596.0;1217.0;0.0;194.0;-1435.5;0.0;0.0;359.0;0.0;3.6950000000000003;28.27;74.795;48.86;8.295;19.65;13.809999999999999;13.28;28.09;54.33;4.475;53.59;;2024-03-14;18:00
75;Nouvelle-Aquitaine;Données définitives;4834.5;161.0;3239.0;44.0;1491.5;0.0;194.5;-619.5;0.0;0.0;327.0;0.0;3.33;28.445;67.03999999999999;48.855000000000004;6.765000000000001;17.9;0.935;0.98;30.869999999999997;66.58500000000001;4.025;53.730000000000004;;2024-03-14;19:00
75;Nouvelle-Aquitaine;Données définitives;4990.0;166.5;3252.5;0.0;1476.0;0.0;192.0;-498.0;0.0;0.0;402.0;0.0;3.34;29.415;65.205;49.055;8.065000000000001;22.005000000000003;0.0;0.0;29.59;65.895;3.8499999999999996;53.040000000000006;;2024-03-14;20:00
75;Nouvelle-Aquitaine;Données définitives;4673.5;175.5;3256.5;0.0;1368.0;0.0;194.5;-776.0;0.0;0.0;454.5;0.0;3.755;31.005;69.68;49.120000000000005;9.725;24.875;0.0;0.0;29.275;61.06999999999999;4.165;53.730000000000004;;2024-03-14;21:00
75;Nouvelle-Aquitaine;Données définitives;4553.0;177.5;3260.0;0.0;1161.0;0.0;195.5;-827.5;0.0;0.0;586.5;0.0;3.9;31.36;71.60499999999999;49.17;12.879999999999999;32.1;0.0;0.0;25.509999999999998;51.83;4.295;54.004999999999995;;2024-03-14;22:00
75;Nouvelle-Aquitaine;Données définitives;4630.0;178.0;3259.5;0.0;1125.0;0.0;194.0;-780.5;0.0;0.0;657.0;0.0;3.8449999999999998;31.45;70.44999999999999;49.165;14.215;35.96;0.0;0.0;24.285;50.22;4.195;53.59;;2024-03-14;23:00
75;Nouvelle-Aquitaine;Données définitives;4344.0;5.0;4610.0;0.0;741.0;0.0;202.5;-1508.0;0.0;0.0;295.0;0.0;0.11499999999999999;0.88;106.13;69.53;6.789999999999999;16.145;0.0;0.0;17.055;33.08;4.66;55.94;;2024-04-17;00:00
75;Nouvelle-Aquitaine;Données définitives;4129.0;5.0;4610.0;0.0;521.5;0.0;200.0;-1513.5;0.0;0.0;307.0;0.0;0.12;0.88;111.66499999999999;69.53;7.435;16.8;0.0;0.0;12.645;23.28;4.845000000000001;55.25;;2024-04-17;01:00
75;Nouvelle-Aquitaine;Données définitives;4028.5;5.0;4612.0;0.0;471.5;0.0;197.0;-1579.5;0.0;0.0;323.0;0.0;0.125;0.88;114.49000000000001;69.56;8.02;17.68;0.0;0.0;11.705;21.05;4.890000000000001;54.42;;2024-04-17;02:00
75;Nouvelle-Aquitaine;Données définitives;3764.5;5.0;4613.0;0.0;459.5;0.0;199.0;-1846.5;0.0;0.0;335.5;0.0;0.135;0.88;122.63;69.58;8.925;18.365000000000002;0.0;0.0;12.21;20.515;5.29;54.97;;2024-04-17;03:00
75;Nouvelle-Aquitaine;Données définitives;3604.0;5.0;4617.0;0.0;383.5;0.0;202.0;-1965.0;0.0;0.0;362.0;0.0;0.14;0.88;128.115;69.64;10.045;19.810000000000002;0.0;0.0;10.635;17.12;5.605;55.8;;2024-04-17;04:00
75;Nouvelle-Aquitaine;Données définitives;3662.5;6.0;4619.0;0.0;409.0;0.0;200.0;-1921.0;0.0;0.0;349.5;0.0;0.165;1.06;126.155;69.67;9.545;19.130000000000003;0.0;0.0;11.165;18.255;5.465;55.245000000000005;;2024-04-17;05:00
75;Nouvelle-Aquitaine;Données définitives;3957.0;8.5;4619.5;0.0;447.5;0.0;197.5;-1630.0;0.0;0.0;315.0;0.0;0.215;1.5;116.875;69.67500000000001;7.975;17.240000000000002;0.0;0.0;11.315000000000001;19.98;4.995;54.56;;2024-04-17;06:00
75;Nouvelle-Aquitaine;Données définitives;4363.5;8.5;4622.0;4.0;765.0;0.0;197.5;-1505.5;0.0;0.0;273.0;0.0;0.195;1.5;105.97;69.71;6.26;14.945;0.09;0.09;17.42;34.15;4.53;54.56;;2024-04-17;07:00
75;Nouvelle-Aquitaine;Données définitives;4720.5;9.0;4623.5;196.0;1152.0;0.0;191.0;-1690.0;0.0;0.0;235.5;0.0;0.19;1.59;97.96000000000001;69.735;4.995;12.89;4.125;4.365;24.384999999999998;51.43;4.045;52.76;;2024-04-17;08:00
75;Nouvelle-Aquitaine;Données définitives;4855.5;8.5;4614.0;808.0;1201.5;0.0;195.0;-2110.5;0.0;0.0;139.5;0.0;0.175;1.5;95.03;69.59;2.88;7.635;16.619999999999997;18.005000000000003;24.75;53.635;4.02;53.865;;2024-04-17;09:00
75;Nouvelle-Aquitaine;Données définitives;4860.5;7.0;4611.0;1566.5;778.0;0.0;195.0;-2400.0;0.0;0.0;102.5;0.0;0.14;1.2349999999999999;94.875;69.545;2.1100000000000003;5.609999999999999;32.269999999999996;34.9;15.995000000000001;34.735;4.015000000000001;53.865;;2024-04-17;10:00
75;Nouvelle-Aquitaine;Données définitives;4817.5;6.0;4614.5;2110.0;599.5;0.0;198.0;-2821.0;0.0;0.0;113.5;0.0;0.125;1.06;95.78999999999999;69.6;2.355;6.21;43.815;47.01;12.43;26.765;4.109999999999999;54.695;;2024-04-17;11:00
75;Nouvelle-Aquitaine;Données définitives;4869.5;6.0;4622.0;2424.5;475.0;0.0;192.5;-3028.0;0.0;0.0;180.5;0.0;0.12;1.06;94.91999999999999;69.71;3.705;9.879999999999999;49.785;54.025000000000006;9.754999999999999;21.205;3.955;53.175;;2024-04-17;12:00
75;Nouvelle-Aquitaine;Données définitives;4843.0;6.0;4616.5;2559.5;577.5;0.0;191.5;-3343.5;0.0;0.0;236.5;0.0;0.125;1.06;95.36;69.63;4.895;12.945;52.865;57.03;11.91;25.78;3.955;52.9;;2024-04-17;13:00
75;Nouvelle-Aquitaine;Données définitives;4711.5;6.0;4617.0;2524.0;437.5;0.0;194.5;-3409.5;0.0;0.0;342.0;0.0;0.13;1.06;98.025;69.64;7.265000000000001;18.72;53.57;56.239999999999995;9.29;19.53;4.130000000000001;53.725;;2024-04-17;14:00
75;Nouvelle-Aquitaine;Données définitives;4506.0;6.0;4619.5;2470.0;452.0;0.0;197.5;-3699.0;0.0;0.0;460.0;0.0;0.13;1.06;102.52000000000001;69.67500000000001;10.21;25.18;54.81;55.035;10.035;20.18;4.380000000000001;54.555;;2024-04-17;15:00
75;Nouvelle-Aquitaine;Données définitives;4307.5;6.0;4594.5;2299.5;426.5;0.0;197.5;-3824.5;0.0;0.0;611.0;0.0;0.14;1.06;106.66999999999999;69.295;14.195;33.445;53.379999999999995;51.239999999999995;9.905;19.04;4.585;54.56;;2024-04-17;16:00
75;Nouvelle-Aquitaine;Données définitives;4131.5;6.5;4582.0;1944.0;446.0;0.0;195.0;-3718.5;0.0;0.0;677.0;0.0;0.15500000000000003;1.15;110.92500000000001;69.11;16.4;37.055;47.03;43.315;10.8;19.915;4.720000000000001;53.87;;2024-04-17;17:00
75;Nouvelle-Aquitaine;Données définitives;4226.0;7.5;4600.5;1415.5;550.0;0.0;197.0;-3320.0;0.0;0.0;775.5;0.0;0.175;1.325;108.91;69.39;18.355;42.45;33.595;31.54;13.010000000000002;24.555;4.66;54.42;;2024-04-17;18:00
75;Nouvelle-Aquitaine;Données définitives;4427.0;8.0;4614.0;751.0;724.5;0.0;200.0;-2684.5;0.0;0.0;817.0;0.0;0.18;1.41;104.245;69.595;18.46;44.72;17.02;16.735;16.369999999999997;32.345;4.52;55.245000000000005;;2024-04-17;19:00
75;Nouvelle-Aquitaine;Données définitives;4479.0;8.5;4617.5;192.0;814.5;0.0;200.5;-2086.0;0.0;0.0;733.5;0.0;0.19;1.5;103.1;69.645;16.37;40.144999999999996;4.275;4.28;18.18;36.364999999999995;4.48;55.385000000000005;;2024-04-17;20:00
75;Nouvelle-Aquitaine;Données définitives;4442.0;9.0;4621.0;5.0;697.5;0.0;202.0;-1673.0;0.0;0.0;580.5;0.0;0.20500000000000002;1.59;104.065;69.7;13.079999999999998;31.77;0.115;0.11;15.739999999999998;31.14;4.550000000000001;55.8;;2024-04-17;21:00
75;Nouvelle-Aquitaine;Données définitives;4411.5;8.5;4623.5;0.0;717.0;0.0;205.5;-1597.5;0.0;0.0;453.0;0.0;0.195;1.5;104.82499999999999;69.735;10.280000000000001;24.795;0.0;0.0;16.224999999999998;32.01;4.66;56.765;;2024-04-17;22:00
75;Nouvelle-Aquitaine;Données définitives;4528.5;8.0;4622.5;0.0;968.5;0.0;208.0;-1694.5;0.0;0.0;428.0;0.0;0.175;1.41;102.11500000000001;69.72;9.455;23.424999999999997;0.0;0.0;21.4;43.235;4.595000000000001;57.455;;2024-04-17;23:00
75;Nouvelle-Aquitaine;Données définitives;3853.5;20.0;4274.5;0.0;1441.0;0.0;174.5;-2211.5;0.0;0.0;157.5;0.0;0.515;3.53;110.94;64.47;4.09;8.620000000000001;0.0;0.0;37.41;64.33;4.529999999999999;48.205;;2024-05-13;00:00
75;Nouvelle-Aquitaine;Données définitives;3617.0;20.0;4265.5;0.0;1325.0;0.0;172.5;-2275.5;0.0;0.0;109.0;0.0;0.55;3.53;117.97;64.33500000000001;3.025;5.970000000000001;0.0;0.0;36.644999999999996;59.150000000000006;4.775;47.65;;2024-05-13;01:00
75;Nouvelle-Aquitaine;Données définitives;3479.0;20.0;4271.0;0.0;1260.5;0.0;171.0;-2338.0;0.0;0.0;95.5;0.0;0.575;3.53;122.765;64.42;2.745;5.23;0.0;0.0;36.235;56.275000000000006;4.915;47.239999999999995;;2024-05-13;02:00
75;Nouvelle-Aquitaine;Données définitives;3194.5;20.0;4266.0;0.0;1120.0;0.0;170.5;-2487.0;0.0;0.0;106.0;0.0;0.625;3.53;133.745;64.34;3.3200000000000003;5.800000000000001;0.0;0.0;35.11;50.0;5.35;47.099999999999994;;2024-05-13;03:00
75;Nouvelle-Aquitaine;Données définitives;2987.5;20.0;4268.5;0.0;1180.0;0.0;179.0;-2772.0;0.0;0.0;112.5;0.0;0.67;3.53;142.91500000000002;64.38;3.765;6.155;0.0;0.0;39.56;52.68;5.99;49.45;;2024-05-13;04:00
75;Nouvelle-Aquitaine;Données définitives;3003.0;21.0;4271.0;0.0;1282.5;0.0;176.5;-2850.0;0.0;0.0;103.5;0.0;0.7;3.71;142.245;64.42;3.45;5.665;0.0;0.0;42.69;57.254999999999995;5.88;48.755;;2024-05-13;05:00
75;Nouvelle-Aquitaine;Données définitives;3292.0;20.5;4272.0;0.0;1413.5;0.0;173.5;-2688.0;0.0;0.0;98.0;0.0;0.62;3.62;129.82999999999998;64.435;2.98;5.365;0.0;0.0;42.959999999999994;63.105000000000004;5.275;47.93;;2024-05-13;06:00
75;Nouvelle-Aquitaine;Données définitives;3558.5;20.0;4272.5;78.0;1449.0;0.0;165.0;-2513.5;0.0;0.0;87.5;0.0;0.56;3.53;120.19999999999999;64.44;2.46;4.79;2.14;1.74;40.775;64.685;4.645;45.58;;2024-05-13;07:00
75;Nouvelle-Aquitaine;Données définitives;3915.5;19.0;4272.5;444.5;1409.0;0.0;163.5;-2472.5;0.0;0.0;87.0;0.0;0.485;3.355;109.19;64.44;2.225;4.765000000000001;11.274999999999999;9.905;36.035;62.905;4.175;45.165;;2024-05-13;08:00
75;Nouvelle-Aquitaine;Données définitives;4285.5;18.5;4269.0;1197.0;1276.0;0.0;165.0;-2740.5;0.0;0.0;101.5;0.0;0.43;3.27;99.625;64.385;2.365;5.555;27.88;26.67;29.785;56.965;3.85;45.58;;2024-05-13;09:00
75;Nouvelle-Aquitaine;Données définitives;4379.5;18.5;4281.5;2076.5;1041.0;0.0;165.5;-3387.0;0.0;0.0;186.5;0.0;0.42;3.27;97.775;64.58;4.265;10.205;47.455;46.269999999999996;23.740000000000002;46.475;3.78;45.715;;2024-05-13;10:00
75;Nouvelle-Aquitaine;Données définitives;4269.5;19.0;4278.5;2750.5;838.0;0.0;161.0;-4001.0;0.0;0.0;230.0;0.0;0.445;3.36;100.215;64.53;5.385;12.59;64.405;61.285000000000004;19.63;37.41;3.77;44.48;;2024-05-13;11:00
75;Nouvelle-Aquitaine;Données définitives;4490.0;19.5;4241.0;2817.0;805.5;0.0;162.5;-3740.5;0.0;0.0;179.5;0.0;0.435;3.445;94.455;63.964999999999996;3.99;9.825;62.71;62.765;17.939999999999998;35.96;3.62;44.89;;2024-05-13;12:00
75;Nouvelle-Aquitaine;Données définitives;4494.0;20.0;4181.5;2712.0;804.0;0.0;160.5;-3508.0;0.0;0.0;125.5;0.0;0.445;3.53;93.06;63.07;2.795;6.87;60.365;60.43;17.905;35.895;3.5700000000000003;44.34;;2024-05-13;13:00
75;Nouvelle-Aquitaine;Données définitives;4465.0;20.0;4125.0;2670.5;798.5;0.0;160.5;-3426.5;0.0;0.0;116.5;0.0;0.445;3.53;92.395;62.22;2.61;6.375;59.805;59.504999999999995;17.884999999999998;35.644999999999996;3.5949999999999998;44.34;;2024-05-13;14:00
75;Nouvelle-Aquitaine;Données définitives;4267.0;20.5;4159.5;2575.5;822.5;0.0;160.0;-3619.0;0.0;0.0;151.0;0.0;0.48;3.62;97.49000000000001;62.74;3.55;8.265;60.395;57.39;19.285;36.72;3.75;44.2;;2024-05-13;15:00
75;Nouvelle-Aquitaine;Données définitives;3970.5;20.0;4128.0;2274.5;862.0;0.0;162.0;-3675.5;0.0;0.0;201.0;0.0;0.5;3.53;103.97;62.260000000000005;5.0649999999999995;11.004999999999999;57.275;50.68;21.71;38.480000000000004;4.08;44.75;;2024-05-13;16:00
75;Nouvelle-Aquitaine;Données définitives;3926.0;19.0;4210.5;1471.5;905.5;0.0;160.0;-3029.0;0.0;0.0;185.5;0.0;0.485;3.36;107.265;63.504999999999995;4.725;10.15;37.425;32.79;23.07;40.425;4.08;44.2;;2024-05-13;17:00
75;Nouvelle-Aquitaine;Données définitives;3999.5;19.5;4207.0;888.5;1019.5;0.0;160.0;-2437.5;0.0;0.0;142.0;0.0;0.49;3.445;105.2;63.455;3.55;7.77;22.240000000000002;19.795;25.475;45.51;4.005;44.2;;2024-05-13;18:00
75;Nouvelle-Aquitaine;Données définitives;4301.5;19.0;4236.5;437.0;1267.0;0.0;163.0;-1933.0;0.0;0.0;113.0;0.0;0.44;3.36;98.525;63.900000000000006;2.625;6.1850000000000005;10.2;9.735;29.455;56.56;3.79;45.03;;2024-05-13;19:00
75;Nouvelle-Aquitaine;Données définitives;4209.0;19.0;4223.5;148.5;1303.5;0.0;163.0;-1754.0;0.0;0.0;109.0;0.0;0.45;3.36;100.37;63.705;2.59;5.965;3.5100000000000002;3.3099999999999996;30.985;58.195;3.875;45.03;;2024-05-13;20:00
75;Nouvelle-Aquitaine;Données définitives;3973.0;20.0;4256.0;16.0;1263.5;0.0;164.5;-1991.0;0.0;0.0;241.5;0.0;0.505;3.53;107.13499999999999;64.195;6.09;13.219999999999999;0.4;0.35500000000000004;31.799999999999997;56.405;4.14;45.445;;2024-05-13;21:00
75;Nouvelle-Aquitaine;Données définitives;3825.5;20.0;4264.5;0.0;1246.5;0.0;167.5;-2194.0;0.0;0.0;325.0;0.0;0.525;3.53;111.59;64.32;8.5;17.79;0.0;0.0;32.620000000000005;55.644999999999996;4.38;46.269999999999996;;2024-05-13;22:00
75;Nouvelle-Aquitaine;Données définitives;4014.0;20.0;4268.5;0.0;1272.0;0.0;172.5;-2033.0;0.0;0.0;316.5;0.0;0.5;3.53;106.375;64.38;7.895;17.325000000000003;0.0;0.0;31.705000000000002;56.785;4.3;47.655;;2024-05-13;23:00
75;Nouvelle-Aquitaine;Données définitives;3832.5;15.0;3294.0;0.0;929.5;0.0;190.0;-750.0;0.0;0.0;150.0;0.0;0.39;2.65;85.945;49.685;3.915;8.21;0.0;0.0;24.255000000000003;41.495000000000005;4.955;52.49;;2024-06-11;00:00
75;Nouvelle-Aquitaine;Données définitives;3616.5;15.0;3297.0;0.0;500.0;0.0;192.5;-483.0;0.0;0.0;96.0;0.0;0.415;2.65;91.21000000000001;49.725;2.66;5.255;0.0;0.0;13.88;22.325000000000003;5.325;53.175;;2024-06-11;01:00
75;Nouvelle-Aquitaine;Données définitives;3497.0;15.0;3299.0;0.0;345.5;0.0;190.5;-414.0;0.0;0.0;60.0;0.0;0.43;2.65;94.345;49.76;1.72;3.285;0.0;0.0;9.895;15.425;5.445;52.625;;2024-06-11;02:00
75;Nouvelle-Aquitaine;Données définitives;3273.5;15.0;3298.0;0.0;275.0;0.0;192.0;-555.5;0.0;0.0;50.0;0.0;0.45999999999999996;2.65;100.78;49.74;1.53;2.7350000000000003;0.0;0.0;8.405000000000001;12.28;5.869999999999999;53.04;;2024-06-11;03:00
75;Nouvelle-Aquitaine;Données définitives;3088.0;15.0;3297.5;0.0;272.5;0.0;187.5;-743.5;0.0;0.0;59.0;0.0;0.485;2.65;106.78999999999999;49.735;1.91;3.2249999999999996;0.0;0.0;8.825;12.165;6.07;51.795;;2024-06-11;04:00
75;Nouvelle-Aquitaine;Données définitives;3105.0;15.0;3309.0;0.0;263.5;0.0;185.0;-736.5;0.0;0.0;69.0;0.0;0.485;2.65;106.585;49.905;2.2199999999999998;3.7800000000000002;0.0;0.0;8.49;11.765;5.96;51.1;;2024-06-11;05:00
75;Nouvelle-Aquitaine;Données définitives;3274.0;15.5;3311.5;1.5;409.0;0.0;184.0;-741.0;0.0;0.0;93.5;0.0;0.475;2.74;101.19;49.945;2.855;5.119999999999999;0.045;0.035;12.455;18.259999999999998;5.625;50.83;;2024-06-11;06:00
75;Nouvelle-Aquitaine;Données définitives;3610.5;15.0;3315.5;96.5;645.0;0.0;187.0;-743.5;0.0;0.0;96.0;0.0;0.42;2.65;91.88;50.010000000000005;2.66;5.255000000000001;2.64;2.15;17.78;28.795;5.18;51.66;;2024-06-11;07:00
75;Nouvelle-Aquitaine;Données définitives;3975.0;15.0;3316.0;398.0;808.5;0.0;186.5;-813.5;0.0;0.0;69.0;0.0;0.38;2.65;83.425;50.02;1.74;3.7750000000000004;10.0;8.865;20.34;36.095;4.6899999999999995;51.519999999999996;;2024-06-11;08:00
75;Nouvelle-Aquitaine;Données définitives;4032.0;15.0;3314.5;889.0;718.0;0.0;181.5;-1137.5;0.0;0.0;51.0;0.0;0.37;2.65;82.205;49.989999999999995;1.27;2.795;22.065;19.81;17.805;32.055;4.5;50.14;;2024-06-11;09:00
75;Nouvelle-Aquitaine;Données définitives;4217.0;16.5;3316.5;1411.5;515.0;0.0;181.0;-1281.0;0.0;0.0;58.0;0.0;0.39;2.915;78.66;50.019999999999996;1.38;3.175;33.51;31.45;12.19;22.990000000000002;4.295;50.0;;2024-06-11;10:00
75;Nouvelle-Aquitaine;Données définitives;4222.0;16.0;3320.0;1905.0;433.5;0.0;177.0;-1723.0;0.0;0.0;92.5;0.0;0.38;2.825;78.64;50.08;2.19;5.0649999999999995;45.1;42.445;10.275;19.35;4.195;48.894999999999996;;2024-06-11;11:00
75;Nouvelle-Aquitaine;Données définitives;4356.0;18.5;3320.5;2287.0;556.5;0.0;184.0;-2116.5;0.0;0.0;108.0;0.0;0.425;3.27;76.25;50.085;2.48;5.91;52.5;50.959999999999994;12.77;24.845;4.225;50.83;;2024-06-11;12:00
75;Nouvelle-Aquitaine;Données définitives;4424.0;16.0;3319.0;2469.5;435.0;0.0;188.5;-2114.5;0.0;0.0;109.5;0.0;0.365;2.83;75.03999999999999;50.06;2.48;5.994999999999999;55.825;55.025000000000006;9.825;19.42;4.265;52.07;;2024-06-11;13:00
75;Nouvelle-Aquitaine;Données définitives;4353.0;19.0;3317.0;2465.5;305.0;0.0;186.0;-2035.5;0.0;0.0;97.5;0.0;0.435;3.355;76.19999999999999;50.03;2.24;5.335;56.64;54.935;7.0;13.615;4.275;51.379999999999995;;2024-06-11;14:00
75;Nouvelle-Aquitaine;Données définitives;4201.5;15.5;3313.5;2507.5;219.5;0.0;186.0;-2126.5;0.0;0.0;89.5;0.0;0.37;2.74;78.86500000000001;49.974999999999994;2.13;4.9;59.685;55.87;5.225;9.8;4.43;51.38;;2024-06-11;15:00
75;Nouvelle-Aquitaine;Données définitives;4066.5;17.5;3311.0;2542.5;221.5;0.0;183.0;-2306.0;0.0;0.0;94.5;0.0;0.435;3.09;81.425;49.935;2.3200000000000003;5.17;62.515;56.650000000000006;5.445;9.89;4.5;50.555;;2024-06-11;16:00
75;Nouvelle-Aquitaine;Données définitives;3837.0;16.0;3311.5;2199.5;257.5;0.0;187.5;-2241.5;0.0;0.0;108.5;0.0;0.42000000000000004;2.825;86.32499999999999;49.945;2.83;5.9399999999999995;57.295;49.005;6.725;11.495000000000001;4.890000000000001;51.795;;2024-06-11;17:00
75;Nouvelle-Aquitaine;Données définitives;3887.0;15.0;3311.0;1755.0;361.0;0.0;188.0;-1878.0;0.0;0.0;136.0;0.0;0.385;2.65;85.185;49.94;3.495;7.445;45.165000000000006;39.105000000000004;9.285;16.12;4.84;51.935;;2024-06-11;18:00
75;Nouvelle-Aquitaine;Données définitives;4029.0;15.0;3311.5;1187.5;605.5;0.0;185.5;-1431.0;0.0;0.0;154.0;0.0;0.375;2.65;82.215;49.945;3.825;8.43;29.549999999999997;26.46;14.98;27.03;4.605;51.24;;2024-06-11;19:00
75;Nouvelle-Aquitaine;Données définitives;4076.0;15.0;3312.5;579.0;821.0;0.0;186.0;-1005.0;0.0;0.0;170.5;0.0;0.37;2.65;81.27;49.96;4.1850000000000005;9.335;14.215;12.905;20.145000000000003;36.650000000000006;4.5649999999999995;51.379999999999995;;2024-06-11;20:00
75;Nouvelle-Aquitaine;Données définitives;3687.0;15.0;3312.0;138.0;659.0;0.0;188.0;-762.5;0.0;0.0;136.5;0.0;0.41000000000000003;2.65;89.87;49.95;3.7;7.475;3.7049999999999996;3.075;17.89;29.42;5.1;51.935;;2024-06-11;21:00
75;Nouvelle-Aquitaine;Données définitives;3699.0;16.0;3313.5;3.5;826.0;0.0;192.0;-890.5;0.0;0.0;240.0;0.0;0.43;2.83;89.63;49.974999999999994;6.460000000000001;13.135;0.095;0.08;22.295;36.875;5.195;53.035;;2024-06-11;22:00
75;Nouvelle-Aquitaine;Données définitives;3875.0;15.0;3316.0;0.0;1022.0;0.0;195.0;-1121.0;0.0;0.0;447.5;0.0;0.39;2.65;85.61;50.015;11.56;24.49;0.0;0.0;26.39;45.625;5.035;53.865;;2024-06-11;23:00
75;Nouvelle-Aquitaine;Données définitives;4070.0;16.0;3263.5;0.0;490.0;0.0;189.5;-33.0;0.0;0.0;152.0;0.0;0.39;2.83;80.185;49.224999999999994;3.7350000000000003;8.315;0.0;0.0;12.04;21.875;4.655;52.35;;2024-07-10;00:00
75;Nouvelle-Aquitaine;Données définitives;3833.5;16.0;3264.5;0.0;215.5;0.0;190.5;17.0;0.0;0.0;131.5;0.0;0.415;2.83;85.16499999999999;49.239999999999995;3.435;7.199999999999999;0.0;0.0;5.62;9.620000000000001;4.97;52.625;;2024-07-10;01:00
75;Nouvelle-Aquitaine;Données définitives;3695.0;16.0;3264.5;0.0;220.5;0.0;191.5;-92.0;0.0;0.0;94.5;0.0;0.435;2.83;88.35;49.239999999999995;2.5599999999999996;5.17;0.0;0.0;5.965;9.844999999999999;5.1850000000000005;52.900000000000006;;2024-07-10;02:00
75;Nouvelle-Aquitaine;Données définitives;3487.5;16.0;3264.0;0.0;180.5;0.0;193.0;-255.0;0.0;0.0;89.5;0.0;0.45999999999999996;2.83;93.615;49.23;2.5700000000000003;4.9;0.0;0.0;5.18;8.059999999999999;5.535;53.315;;2024-07-10;03:00
75;Nouvelle-Aquitaine;Données définitives;3362.0;16.0;3263.5;0.0;179.0;0.0;197.0;-391.0;0.0;0.0;100.0;0.0;0.475;2.83;97.07;49.224999999999994;2.975;5.475;0.0;0.0;5.324999999999999;7.99;5.859999999999999;54.42;;2024-07-10;04:00
75;Nouvelle-Aquitaine;Données définitives;3370.5;15.0;3264.0;0.0;178.5;0.0;194.0;-360.5;0.0;0.0;81.0;0.0;0.445;2.65;96.85499999999999;49.235;2.4050000000000002;4.4350000000000005;0.0;0.0;5.3;7.970000000000001;5.76;53.59;;2024-07-10;05:00
75;Nouvelle-Aquitaine;Données définitives;3522.5;16.0;3267.5;0.0;185.0;0.0;195.0;-215.0;0.0;0.0;72.5;0.0;0.455;2.83;92.76;49.285;2.06;3.97;0.0;0.0;5.25;8.26;5.54;53.87;;2024-07-10;06:00
75;Nouvelle-Aquitaine;Données définitives;3730.0;16.0;3270.0;56.5;351.0;0.0;192.5;-211.0;0.0;0.0;60.5;0.0;0.43;2.83;87.725;49.32;1.625;3.31;1.49;1.26;9.33;15.67;5.165;53.175;;2024-07-10;07:00
75;Nouvelle-Aquitaine;Données définitives;4067.5;16.0;3269.0;306.0;735.5;0.0;191.5;-493.0;0.0;0.0;41.0;0.0;0.39;2.83;80.41499999999999;49.31;1.01;2.245;7.475;6.815;18.03;32.835;4.715;52.9;;2024-07-10;08:00
75;Nouvelle-Aquitaine;Données définitives;4424.0;17.5;3268.0;697.5;714.0;0.0;193.0;-499.0;0.0;0.0;35.0;0.0;0.395;3.09;73.88499999999999;49.29;0.79;1.92;15.745000000000001;15.54;16.175;31.875;4.359999999999999;53.315;;2024-07-10;09:00
75;Nouvelle-Aquitaine;Données définitives;4640.0;18.0;3267.0;1175.5;419.5;0.0;185.0;-465.5;0.0;0.0;37.5;0.0;0.39;3.18;70.435;49.28;0.8049999999999999;2.0549999999999997;25.285;26.189999999999998;9.085;18.73;3.9899999999999998;51.1;;2024-07-10;10:00
75;Nouvelle-Aquitaine;Données définitives;4668.5;23.5;3267.0;1806.5;369.0;0.0;190.0;-1035.5;0.0;0.0;54.0;0.0;0.5;4.15;69.97999999999999;49.28;1.155;2.955;38.68;40.254999999999995;7.904999999999999;16.475;4.07;52.485;;2024-07-10;11:00
75;Nouvelle-Aquitaine;Données définitives;4865.0;18.0;3266.0;2455.5;265.0;0.0;193.5;-1388.0;0.0;0.0;57.5;0.0;0.37;3.18;67.135;49.265;1.18;3.145;50.455;54.715;5.45;11.83;3.975;53.45;;2024-07-10;12:00
75;Nouvelle-Aquitaine;Données définitives;4874.5;17.0;3263.0;2888.5;129.5;0.0;188.5;-1681.5;0.0;0.0;66.0;0.0;0.35;3.0;66.945;49.215;1.355;3.615;59.26;64.36;2.66;5.779999999999999;3.865;52.075;;2024-07-10;13:00
75;Nouvelle-Aquitaine;Données définitives;4959.5;17.5;3260.5;3060.5;135.5;0.0;185.0;-1772.5;0.0;0.0;70.5;0.0;0.35;3.09;65.745;49.18;1.42;3.86;61.709999999999994;68.195;2.735;6.050000000000001;3.73;51.105;;2024-07-10;14:00
75;Nouvelle-Aquitaine;Données définitives;4793.5;17.0;3256.0;2740.5;166.5;0.0;187.5;-1645.0;0.0;0.0;75.5;0.0;0.35;3.0;67.925;49.11;1.575;4.135;57.17;61.06;3.4749999999999996;7.43;3.91;51.795;;2024-07-10;15:00
75;Nouvelle-Aquitaine;Données définitives;4699.5;16.5;3253.0;2525.0;153.0;0.0;192.5;-1516.5;0.0;0.0;76.5;0.0;0.35;2.915;69.23;49.065;1.625;4.1850000000000005;53.725;56.265;3.25;6.83;4.1;53.175;;2024-07-10;16:00
75;Nouvelle-Aquitaine;Données définitives;4475.5;15.0;3254.0;2166.5;182.5;0.0;188.5;-1409.0;0.0;0.0;77.0;0.0;0.335;2.65;72.72;49.08;1.7200000000000002;4.215;48.39;48.269999999999996;4.095000000000001;8.145;4.210000000000001;52.075;;2024-07-10;17:00
75;Nouvelle-Aquitaine;Données définitives;4382.0;15.0;3258.0;1732.0;299.5;0.0;189.0;-1209.5;0.0;0.0;95.5;0.0;0.34;2.65;74.35499999999999;49.144999999999996;2.175;5.23;39.510000000000005;38.59;6.83;13.370000000000001;4.3100000000000005;52.21;;2024-07-10;18:00
75;Nouvelle-Aquitaine;Données définitives;4576.5;15.5;3257.5;1215.5;508.5;0.0;190.5;-703.5;0.0;0.0;95.0;0.0;0.33499999999999996;2.74;71.195;49.135000000000005;2.08;5.2;26.61;27.08;11.07;22.7;4.16;52.625;;2024-07-10;19:00
75;Nouvelle-Aquitaine;Données définitives;4530.5;15.0;3257.0;584.5;793.5;0.0;190.0;-420.0;0.0;0.0;112.5;0.0;0.335;2.65;71.91;49.125;2.49;6.16;12.85;13.024999999999999;17.534999999999997;35.425;4.195;52.485;;2024-07-10;20:00
75;Nouvelle-Aquitaine;Données définitives;4246.0;15.0;3259.5;135.0;867.0;0.0;190.5;-312.0;0.0;0.0;94.0;0.0;0.355;2.65;76.77000000000001;49.165;2.215;5.145;3.175;3.0100000000000002;20.42;38.705;4.49;52.625;;2024-07-10;21:00
75;Nouvelle-Aquitaine;Données définitives;4265.5;16.0;3262.0;3.5;782.5;0.0;191.0;-39.0;0.0;0.0;50.5;0.0;0.375;2.83;76.505;49.205;1.19;2.7649999999999997;0.08;0.075;18.38;34.935;4.48;52.76;;2024-07-10;22:00
75;Nouvelle-Aquitaine;Données définitives;4349.5;15.5;3264.5;1.0;757.5;0.0;188.0;89.5;0.0;0.0;34.5;0.0;0.355;2.74;75.075;49.239999999999995;0.7949999999999999;1.89;0.02;0.02;17.41;33.82;4.325;51.935;;2024-07-10;23:00
75;Nouvelle-Aquitaine;Données définitives;4048.5;14.5;4599.0;1.0;47.0;0.0;197.5;-944.5;0.0;0.0;134.5;0.0;0.355;2.56;113.59;69.36500000000001;3.325;7.359999999999999;0.02;0.02;1.165;2.0999999999999996;4.88;54.56;;2024-08-20;00:00
75;Nouvelle-Aquitaine;Données définitives;3772.0;15.0;4180.0;1.0;45.0;0.0;194.0;-796.5;0.0;0.0;134.0;0.0;0.395;2.65;110.83500000000001;63.045;3.56;7.335;0.03;0.02;1.1949999999999998;2.005;5.145;53.59;;2024-08-20;01:00
75;Nouvelle-Aquitaine;Données définitives;3624.5;15.0;4226.5;1.0;46.5;0.0;193.0;-930.5;0.0;0.0;75.5;0.0;0.41;2.65;116.61;63.745;2.085;4.13;0.03;0.02;1.28;2.075;5.324999999999999;53.31;;2024-08-20;02:00
75;Nouvelle-Aquitaine;Données définitives;3410.5;15.0;4243.0;1.0;48.0;0.0;194.0;-1132.5;0.0;0.0;39.5;0.0;0.44;2.65;124.53;63.995000000000005;1.155;2.165;0.03;0.02;1.4100000000000001;2.14;5.695;53.59;;2024-08-20;03:00
75;Nouvelle-Aquitaine;Données définitives;3262.5;15.0;4209.0;1.0;49.0;0.0;194.5;-1237.0;0.0;0.0;34.5;0.0;0.46;2.65;129.015;63.480000000000004;1.0550000000000002;1.8900000000000001;0.03;0.02;1.5;2.185;5.96;53.725;;2024-08-20;04:00
75;Nouvelle-Aquitaine;Données définitives;3248.0;15.0;4203.0;1.0;46.0;0.0;198.0;-1242.5;0.0;0.0;29.0;0.0;0.46;2.65;129.405;63.394999999999996;0.895;1.5899999999999999;0.03;0.02;1.415;2.0549999999999997;6.095;54.695;;2024-08-20;05:00
75;Nouvelle-Aquitaine;Données définitives;3383.0;15.0;4204.5;1.0;44.0;0.0;194.0;-1098.0;0.0;0.0;27.5;0.0;0.445;2.65;124.28999999999999;63.415;0.81;1.505;0.03;0.02;1.3;1.96;5.734999999999999;53.59;;2024-08-20;06:00
75;Nouvelle-Aquitaine;Données définitives;3603.0;15.0;4263.5;9.0;44.5;0.0;192.0;-957.5;0.0;0.0;33.0;0.0;0.415;2.65;118.33;64.305;0.915;1.81;0.25;0.2;1.2349999999999999;1.9849999999999999;5.33;53.04;;2024-08-20;07:00
75;Nouvelle-Aquitaine;Données définitives;3784.5;15.0;4266.0;268.0;83.0;0.0;189.5;-1085.0;0.0;0.0;51.0;0.0;0.395;2.65;112.725;64.345;1.35;2.79;7.055;5.97;2.185;3.705;5.01;52.35;;2024-08-20;08:00
75;Nouvelle-Aquitaine;Données définitives;4115.0;18.5;4262.0;1004.5;83.5;0.0;186.5;-1500.5;0.0;0.0;59.5;0.0;0.445;3.27;103.595;64.28;1.45;3.255;24.325000000000003;22.38;2.045;3.7249999999999996;4.535;51.519999999999996;;2024-08-20;09:00
75;Nouvelle-Aquitaine;Données définitives;4269.5;18.0;4269.0;1959.5;45.0;0.0;189.5;-2263.0;0.0;0.0;54.0;0.0;0.42;3.18;100.03;64.39;1.2650000000000001;2.96;45.795;43.665;1.0550000000000002;2.01;4.4399999999999995;52.35;;2024-08-20;10:00
75;Nouvelle-Aquitaine;Données définitives;4441.0;17.5;4226.5;2770.0;45.5;0.0;190.5;-2869.0;0.0;0.0;63.5;0.0;0.39;3.09;95.17500000000001;63.75;1.4300000000000002;3.475;62.36;61.725;1.025;2.0300000000000002;4.29;52.625;;2024-08-20;11:00
75;Nouvelle-Aquitaine;Données définitives;4669.0;18.0;3890.5;3232.5;45.5;0.0;190.5;-2853.5;0.0;0.0;143.5;0.0;0.385;3.18;83.33;58.68000000000001;3.075;7.855;69.22999999999999;72.025;0.975;2.03;4.08;52.625;;2024-08-20;12:00
75;Nouvelle-Aquitaine;Données définitives;4713.5;17.5;3685.0;3455.0;43.0;0.0;199.0;-2967.0;0.0;0.0;282.0;0.0;0.37;3.09;78.19;55.585;5.995;15.435;73.32;76.985;0.91;1.92;4.22;54.97;;2024-08-20;13:00
75;Nouvelle-Aquitaine;Données définitives;4565.5;18.0;3658.0;3574.5;41.5;0.0;204.0;-3299.5;0.0;0.0;370.5;0.0;0.395;3.18;80.13499999999999;55.17;8.120000000000001;20.28;78.3;79.64500000000001;0.91;1.855;4.47;56.35;;2024-08-20;14:00
75;Nouvelle-Aquitaine;Données définitives;4437.0;15.5;3683.0;3400.0;113.0;0.0;205.5;-3442.5;0.0;0.0;461.0;0.0;0.35;2.74;83.005;55.55;10.39;25.23;76.63;75.755;2.55;5.045;4.635;56.769999999999996;;2024-08-20;15:00
75;Nouvelle-Aquitaine;Données définitives;4183.5;15.0;3769.5;3026.0;115.5;0.0;205.0;-3502.5;0.0;0.0;560.5;0.0;0.36;2.65;90.16999999999999;56.855000000000004;13.425;30.68;72.305;67.425;2.74;5.154999999999999;4.9;56.63;;2024-08-20;16:00
75;Nouvelle-Aquitaine;Données définitives;4180.0;15.0;4363.5;2434.0;44.0;0.0;201.0;-3583.5;0.0;0.0;706.5;0.0;0.36;2.65;104.38499999999999;65.815;16.905;38.67;58.230000000000004;54.235;1.05;1.965;4.805;55.525000000000006;;2024-08-20;17:00
75;Nouvelle-Aquitaine;Données définitives;4290.5;15.0;4649.5;1614.0;45.5;0.0;195.5;-2949.0;0.0;0.0;721.0;0.0;0.35;2.65;108.375;70.13;16.805;39.465;37.655;35.96;1.06;2.0300000000000002;4.555;54.004999999999995;;2024-08-20;18:00
75;Nouvelle-Aquitaine;Données définitives;4416.0;15.0;4703.0;840.5;60.5;0.0;194.5;-2027.0;0.0;0.0;629.5;0.0;0.34;2.65;106.5;70.935;14.265;34.455;19.065;18.73;1.37;2.7;4.404999999999999;53.725;;2024-08-20;19:00
75;Nouvelle-Aquitaine;Données définitives;4368.5;15.0;4720.0;231.5;167.0;0.0;197.0;-1441.5;0.0;0.0;483.0;0.0;0.34;2.65;108.045;71.195;11.055;26.439999999999998;5.3;5.16;3.82;7.46;4.51;54.42;;2024-08-20;20:00
75;Nouvelle-Aquitaine;Données définitives;4229.0;15.0;4721.5;11.0;184.0;0.0;198.0;-1252.0;0.0;0.0;352.0;0.0;0.355;2.65;111.645;71.215;8.325;19.265;0.26;0.245;4.35;8.215;4.6850000000000005;54.7;;2024-08-20;21:00
75;Nouvelle-Aquitaine;Données définitives;4171.5;15.0;4723.0;1.0;94.5;0.0;199.0;-1165.0;0.0;0.0;304.5;0.0;0.36;2.65;113.245;71.235;7.305;16.665;0.02;0.02;2.2800000000000002;4.215;4.77;54.97;;2024-08-20;22:00
75;Nouvelle-Aquitaine;Données définitives;4239.0;15.0;4726.0;1.0;50.5;0.0;197.5;-1009.0;0.0;0.0;261.0;0.0;0.355;2.65;111.505;71.285;6.16;14.285;0.02;0.02;1.19;2.255;4.66;54.56;;2024-08-20;23:00
75;Nouvelle-Aquitaine;Données définitives;3985.0;11.5;4888.0;0.0;330.5;0.0;144.0;-1642.0;0.0;0.0;254.0;0.0;0.29000000000000004;2.03;122.66;73.725;6.375;13.899999999999999;0.0;0.0;8.29;14.755;3.615;39.78;;2024-09-12;00:00
75;Nouvelle-Aquitaine;Données définitives;3762.0;8.0;4884.5;0.0;267.0;0.0;146.0;-1755.5;0.0;0.0;210.5;0.0;0.21;1.41;129.845;73.66999999999999;5.6;11.52;0.0;0.0;7.095;11.92;3.88;40.335;;2024-09-12;01:00
75;Nouvelle-Aquitaine;Données définitives;3627.5;10.5;4952.0;0.0;305.5;0.0;149.0;-1968.5;0.0;0.0;180.0;0.0;0.29000000000000004;1.855;136.515;74.69;4.96;9.855;0.0;0.0;8.43;13.635000000000002;4.11;41.16;;2024-09-12;02:00
75;Nouvelle-Aquitaine;Données définitives;3424.5;17.0;4976.0;0.0;263.0;0.0;148.0;-2150.5;0.0;0.0;173.0;0.0;0.495;3.0;145.33499999999998;75.055;5.055;9.465;0.0;0.0;7.68;11.745;4.324999999999999;40.88;;2024-09-12;03:00
75;Nouvelle-Aquitaine;Données définitives;3261.5;17.0;5022.5;0.0;263.0;0.0;147.0;-2347.5;0.0;0.0;161.0;0.0;0.52;3.0;154.005;75.755;4.9350000000000005;8.809999999999999;0.0;0.0;8.065000000000001;11.74;4.505;40.605000000000004;;2024-09-12;04:00
75;Nouvelle-Aquitaine;Données définitives;3280.5;17.0;5090.5;0.0;302.5;0.0;147.5;-2422.0;0.0;0.0;144.0;0.0;0.52;3.0;155.215;76.78;4.39;7.88;0.0;0.0;9.205;13.504999999999999;4.495;40.745000000000005;;2024-09-12;05:00
75;Nouvelle-Aquitaine;Données définitives;3490.0;17.0;5075.5;0.0;346.5;0.0;147.0;-2221.5;0.0;0.0;128.5;0.0;0.49;3.0;145.525;76.555;3.69;7.03;0.0;0.0;9.955;15.469999999999999;4.215;40.61;;2024-09-12;06:00
75;Nouvelle-Aquitaine;Données définitives;4049.5;17.0;5144.0;0.0;798.5;0.0;147.5;-2165.0;0.0;0.0;107.5;0.0;0.42;3.0;127.11500000000001;77.59;2.6550000000000002;5.885;0.0;0.0;19.625;35.645;3.64;40.75;;2024-09-12;07:00
75;Nouvelle-Aquitaine;Données définitives;4263.5;19.0;5162.5;98.0;979.0;0.0;149.5;-2240.5;0.0;0.0;100.5;0.0;0.445;3.355;121.16499999999999;77.86500000000001;2.365;5.5;2.26;2.185;23.005000000000003;43.705;3.51;41.3;;2024-09-12;08:00
75;Nouvelle-Aquitaine;Données définitives;4463.5;20.0;5165.5;504.5;822.5;0.0;145.5;-2262.5;0.0;0.0;68.0;0.0;0.45;3.53;115.76;77.91;1.525;3.725;11.26;11.245000000000001;18.46;36.715;3.26;40.195;;2024-09-12;09:00
75;Nouvelle-Aquitaine;Données définitives;4625.5;24.5;5162.0;1165.0;417.0;0.0;148.0;-2329.0;0.0;0.0;42.5;0.0;0.53;4.325;111.6;77.855;0.9199999999999999;2.325;25.200000000000003;25.96;9.015;18.619999999999997;3.2;40.88;;2024-09-12;10:00
75;Nouvelle-Aquitaine;Données définitives;4615.5;26.5;5098.0;2181.5;368.0;0.0;140.5;-3241.5;0.0;0.0;44.5;0.0;0.5700000000000001;4.68;110.45500000000001;76.89;0.9650000000000001;2.435;47.269999999999996;48.61;7.975;16.43;3.045;38.815;;2024-09-12;11:00
75;Nouvelle-Aquitaine;Données définitives;4779.5;26.0;5096.0;2902.5;322.5;0.0;140.5;-3803.0;0.0;0.0;94.5;0.0;0.545;4.59;106.64;76.86;1.97;5.17;60.715;64.67500000000001;6.745;14.399999999999999;2.9400000000000004;38.81;;2024-09-12;12:00
75;Nouvelle-Aquitaine;Données définitives;4861.0;26.0;4974.0;2984.0;381.5;0.0;142.0;-3797.5;0.0;0.0;153.0;0.0;0.535;4.59;102.32499999999999;75.025;3.15;8.370000000000001;61.385000000000005;66.49000000000001;7.85;17.035;2.92;39.225;;2024-09-12;13:00
75;Nouvelle-Aquitaine;Données définitives;4768.0;23.0;4382.5;3003.5;291.0;0.0;151.5;-3277.0;0.0;0.0;195.5;0.0;0.485;4.0649999999999995;91.92;66.1;4.1;10.7;62.989999999999995;66.925;6.1;12.99;3.18;41.85;;2024-09-12;14:00
75;Nouvelle-Aquitaine;Données définitives;4516.5;20.0;4318.5;2884.5;284.0;0.0;151.0;-3346.0;0.0;0.0;208.5;0.0;0.44499999999999995;3.535;95.645;65.13499999999999;4.619999999999999;11.415;63.885000000000005;64.27;6.29;12.675;3.3449999999999998;41.715;;2024-09-12;15:00
75;Nouvelle-Aquitaine;Données définitives;4345.5;17.0;4326.0;2773.0;280.0;0.0;151.5;-3425.0;0.0;0.0;224.5;0.0;0.39;3.0;99.57499999999999;65.25;5.16;12.29;63.8;61.785;6.445;12.5;3.49;41.85;;2024-09-12;16:00
75;Nouvelle-Aquitaine;Données définitives;4173.0;17.0;4388.5;2376.0;266.5;0.0;155.0;-3286.0;0.0;0.0;251.5;0.0;0.405;3.0;105.17;66.19;6.035;13.765;56.915;52.94;6.385;11.899999999999999;3.715;42.82;;2024-09-12;17:00
75;Nouvelle-Aquitaine;Données définitives;4115.0;17.0;4790.0;1660.5;315.5;0.0;156.0;-3107.5;0.0;0.0;287.5;0.0;0.41;3.0;116.4;72.245;6.99;15.735;40.355000000000004;36.995000000000005;7.665000000000001;14.085;3.79;43.095;;2024-09-12;18:00
75;Nouvelle-Aquitaine;Données définitives;4317.5;17.0;5126.5;694.5;572.0;0.0;155.5;-2479.0;0.0;0.0;228.0;0.0;0.395;3.0;118.755;77.32;5.28;12.48;16.155;15.475;13.205000000000002;25.535000000000004;3.6;42.955;;2024-09-12;19:00
75;Nouvelle-Aquitaine;Données définitives;4290.0;17.0;5160.5;79.5;825.0;0.0;156.0;-2139.5;0.0;0.0;194.5;0.0;0.4;3.0;120.28999999999999;77.83500000000001;4.535;10.65;1.8499999999999999;1.77;19.229999999999997;36.83;3.635;43.09;;2024-09-12;20:00
75;Nouvelle-Aquitaine;Données définitives;4128.5;17.0;5168.0;0.0;783.5;0.0;159.0;-2144.0;0.0;0.0;148.0;0.0;0.415;3.0;125.19;77.95;3.5949999999999998;8.1;0.0;0.0;18.965;34.980000000000004;3.85;43.925;;2024-09-12;21:00
75;Nouvelle-Aquitaine;Données définitives;4052.0;17.0;5171.0;0.0;627.0;0.0;156.0;-2137.5;0.0;0.0;218.5;0.0;0.42;3.0;127.73499999999999;77.99;5.39;11.96;0.0;0.0;15.555;27.990000000000002;3.8549999999999995;43.095;;2024-09-12;22:00
75;Nouvelle-Aquitaine;Données définitives;4167.5;17.0;5169.0;0.0;509.5;0.0;152.5;-1913.5;0.0;0.0;234.5;0.0;0.405;3.0;124.06;77.96;5.635;12.835;0.0;0.0;12.23;22.745;3.66;42.13;;2024-09-12;23:00
75;Nouvelle-Aquitaine;Données définitives;4084.5;14.5;5723.5;0.0;570.0;0.0;154.5;-2599.5;0.0;0.0;230.0;0.0;0.355;2.56;140.13;86.32499999999999;5.63;12.59;0.0;0.0;13.96;25.445;3.78;42.68;;2024-10-02;00:00
75;Nouvelle-Aquitaine;Données définitives;3890.5;14.0;5723.5;0.0;674.5;0.0;155.0;-2904.5;0.0;0.0;229.0;0.0;0.36;2.47;147.19;86.32499999999999;5.895;12.535;0.0;0.0;17.365000000000002;30.11;3.9850000000000003;42.82;;2024-10-02;01:00
75;Nouvelle-Aquitaine;Données définitives;3860.0;15.0;5728.0;0.0;645.0;0.0;155.5;-2880.0;0.0;0.0;194.0;0.0;0.39;2.65;148.4;86.395;5.025;10.615;0.0;0.0;16.705;28.795;4.03;42.955;;2024-10-02;02:00
75;Nouvelle-Aquitaine;Données définitives;3626.0;14.0;5728.5;0.0;616.5;0.0;152.0;-3039.0;0.0;0.0;153.5;0.0;0.385;2.47;158.02499999999998;86.405;4.23;8.4;0.0;0.0;17.009999999999998;27.52;4.1899999999999995;41.99;;2024-10-02;03:00
75;Nouvelle-Aquitaine;Données définitives;3489.0;14.0;5728.5;0.0;573.5;0.0;153.5;-3099.0;0.0;0.0;123.5;0.0;0.4;2.47;164.195;86.405;3.535;6.76;0.0;0.0;16.43;25.6;4.4;42.405;;2024-10-02;04:00
75;Nouvelle-Aquitaine;Données définitives;3476.0;14.0;5735.5;0.0;516.0;0.0;151.5;-3051.5;0.0;0.0;108.5;0.0;0.405;2.47;165.01999999999998;86.50999999999999;3.125;5.9399999999999995;0.0;0.0;14.844999999999999;23.035;4.36;41.855000000000004;;2024-10-02;05:00
75;Nouvelle-Aquitaine;Données définitives;3721.5;15.0;5738.5;0.0;655.5;0.0;155.5;-2941.0;0.0;0.0;97.5;0.0;0.405;2.65;154.345;86.555;2.625;5.335000000000001;0.0;0.0;17.615000000000002;29.259999999999998;4.18;42.955;;2024-10-02;06:00
75;Nouvelle-Aquitaine;Données définitives;4199.0;14.0;5742.5;0.0;891.0;0.0;153.5;-2689.0;0.0;0.0;86.5;0.0;0.335;2.47;136.79500000000002;86.61500000000001;2.0599999999999996;4.734999999999999;0.0;0.0;21.205;39.775;3.6550000000000002;42.405;;2024-10-02;07:00
75;Nouvelle-Aquitaine;Données définitives;4523.0;14.0;5743.5;12.0;1086.5;0.0;155.5;-2573.5;0.0;0.0;85.5;0.0;0.31;2.47;127.00999999999999;86.63;1.8900000000000001;4.68;0.26;0.265;24.025;48.504999999999995;3.44;42.955;;2024-10-02;08:00
75;Nouvelle-Aquitaine;Données définitives;4729.0;14.0;5743.0;226.0;981.5;0.0;155.0;-2445.5;0.0;0.0;59.5;0.0;0.295;2.47;121.45;86.62;1.2599999999999998;3.26;4.765;5.04;20.765;43.815;3.275;42.815;;2024-10-02;09:00
75;Nouvelle-Aquitaine;Données définitives;4760.0;14.5;5738.0;667.0;838.0;0.0;156.0;-2691.5;0.0;0.0;43.5;0.0;0.305;2.56;120.55;86.55;0.91;2.38;14.0;14.86;17.61;37.41;3.2800000000000002;43.095;;2024-10-02;10:00
75;Nouvelle-Aquitaine;Données définitives;4800.0;14.5;5735.0;1286.5;806.5;0.0;155.5;-3227.5;0.0;0.0;35.0;0.0;0.3;2.56;119.485;86.505;0.73;1.915;26.78;28.665;16.805;36.005;3.24;42.955;;2024-10-02;11:00
75;Nouvelle-Aquitaine;Données définitives;4897.0;14.0;5731.0;1792.0;694.0;0.0;153.0;-3526.0;0.0;0.0;36.0;0.0;0.28500000000000003;2.47;117.035;86.445;0.735;1.9749999999999999;36.585;39.925;14.18;30.985;3.125;42.265;;2024-10-02;12:00
75;Nouvelle-Aquitaine;Données définitives;5011.5;14.0;5725.0;2132.5;661.0;0.0;155.0;-3714.5;0.0;0.0;30.5;0.0;0.28;2.47;114.25999999999999;86.35;0.61;1.67;42.56;47.515;13.190000000000001;29.509999999999998;3.0949999999999998;42.815;;2024-10-02;13:00
75;Nouvelle-Aquitaine;Données définitives;4931.0;15.0;5718.0;2031.5;477.5;0.0;150.5;-3492.0;0.0;0.0;29.0;0.0;0.305;2.65;115.965;86.245;0.585;1.59;41.19;45.265;9.685;21.32;3.0549999999999997;41.575;;2024-10-02;14:00
75;Nouvelle-Aquitaine;Données définitives;4726.0;15.0;5716.0;1661.5;460.0;0.0;150.5;-3305.0;0.0;0.0;29.5;0.0;0.32;2.65;120.94999999999999;86.215;0.625;1.615;35.144999999999996;37.019999999999996;9.735;20.535;3.185;41.575;;2024-10-02;15:00
75;Nouvelle-Aquitaine;Données définitives;4466.0;16.0;5712.5;1309.0;455.0;0.0;146.5;-3195.5;0.0;0.0;29.5;0.0;0.355;2.83;127.94;86.16;0.66;1.615;29.28;29.165;10.195;20.315;3.2800000000000002;40.47;;2024-10-02;16:00
75;Nouvelle-Aquitaine;Données définitives;4280.0;18.5;5682.5;855.5;597.0;0.0;147.0;-3062.0;0.0;0.0;39.5;0.0;0.435;3.2649999999999997;132.76999999999998;85.71000000000001;0.92;2.16;19.985;19.060000000000002;13.955;26.65;3.435;40.61;;2024-10-02;17:00
75;Nouvelle-Aquitaine;Données définitives;4273.5;18.0;5682.5;432.0;645.0;0.0;148.5;-2709.0;0.0;0.0;54.5;0.0;0.42000000000000004;3.1799999999999997;132.985;85.71000000000001;1.275;2.98;10.145;9.625;15.1;28.795;3.4749999999999996;41.019999999999996;;2024-10-02;18:00
75;Nouvelle-Aquitaine;Données définitives;4590.5;17.0;5709.0;93.5;950.5;0.0;144.5;-2372.5;0.0;0.0;50.5;0.0;0.375;3.0;124.38499999999999;86.11;1.1;2.7649999999999997;2.055;2.085;20.705;42.43;3.1500000000000004;39.915;;2024-10-02;19:00
75;Nouvelle-Aquitaine;Données définitives;4612.5;17.0;5714.0;0.5;1016.5;0.0;137.5;-2340.5;0.0;0.0;74.0;0.0;0.37;3.0;123.88;86.18;1.605;4.05;0.01;0.01;22.04;45.379999999999995;2.98;37.985;;2024-10-02;20:00
75;Nouvelle-Aquitaine;Données définitives;4347.0;16.0;5715.5;0.0;722.0;0.0;145.5;-2377.0;0.0;0.0;125.5;0.0;0.37;2.825;131.505;86.205;2.895;6.865;0.0;0.0;16.580000000000002;32.23;3.3449999999999998;40.195;;2024-10-02;21:00
75;Nouvelle-Aquitaine;Données définitives;4209.5;15.0;5714.5;0.0;560.5;0.0;150.5;-2475.5;0.0;0.0;246.0;0.0;0.355;2.65;135.765;86.19;5.845000000000001;13.465;0.0;0.0;13.33;25.025;3.575;41.575;;2024-10-02;22:00
75;Nouvelle-Aquitaine;Données définitives;4274.5;15.0;5717.0;0.0;566.5;0.0;152.5;-2393.5;0.0;0.0;218.0;0.0;0.35;2.65;133.83499999999998;86.23;5.095000000000001;11.93;0.0;0.0;13.27;25.29;3.575;42.125;;2024-10-02;23:00
75;Nouvelle-Aquitaine;Données définitives;4411.5;102.5;5732.0;0.0;450.0;0.0;176.5;-2402.0;0.0;0.0;349.0;0.0;2.325;18.105;129.93;86.455;7.915;19.1;0.0;0.0;10.2;20.09;4.005;48.76;;2024-11-08;00:00
75;Nouvelle-Aquitaine;Données définitives;4303.5;105.5;5685.0;0.0;348.0;0.0;173.0;-2330.0;0.0;0.0;329.0;0.0;2.455;18.64;132.135;85.745;7.655;18.009999999999998;0.0;0.0;8.09;15.54;4.0200000000000005;47.79;;2024-11-08;01:00
75;Nouvelle-Aquitaine;Données définitives;4162.0;107.0;5723.5;0.0;324.0;0.0;175.5;-2472.0;0.0;0.0;306.5;0.0;2.5700000000000003;18.905;137.515;86.32499999999999;7.365;16.775;0.0;0.0;7.785;14.465;4.215;48.485;;2024-11-08;02:00
75;Nouvelle-Aquitaine;Données définitives;3992.0;108.0;5719.0;0.0;315.5;0.0;176.5;-2625.5;0.0;0.0;295.0;0.0;2.705;19.08;143.26;86.25999999999999;7.390000000000001;16.145;0.0;0.0;7.905;14.085;4.42;48.76;;2024-11-08;03:00
75;Nouvelle-Aquitaine;Données définitives;3743.5;108.0;5594.5;0.0;315.5;0.0;177.5;-2777.5;0.0;0.0;325.0;0.0;2.885;19.08;149.435;84.38;8.68;17.79;0.0;0.0;8.43;14.085;4.744999999999999;49.035;;2024-11-08;04:00
75;Nouvelle-Aquitaine;Données définitives;3825.5;109.0;5759.5;0.0;319.0;0.0;178.5;-2869.0;0.0;0.0;331.0;0.0;2.85;19.26;150.625;86.87;8.655;18.12;0.0;0.0;8.34;14.24;4.67;49.31;;2024-11-08;05:00
75;Nouvelle-Aquitaine;Données définitives;4153.5;109.5;5762.5;0.0;348.0;0.0;176.0;-2578.0;0.0;0.0;336.5;0.0;2.64;19.345;138.9;86.91499999999999;8.11;18.42;0.0;0.0;8.375;15.535;4.244999999999999;48.62;;2024-11-08;06:00
75;Nouvelle-Aquitaine;Données définitives;4570.0;113.5;5743.5;0.0;547.5;0.0;177.5;-2353.0;0.0;0.0;342.0;0.0;2.49;20.05;125.95;86.625;7.484999999999999;18.72;0.0;0.0;11.905000000000001;24.439999999999998;3.8899999999999997;49.03;;2024-11-08;07:00
75;Nouvelle-Aquitaine;Données définitives;4862.5;110.5;5719.5;77.0;693.0;0.0;175.5;-2292.5;0.0;0.0;380.5;0.0;2.275;19.52;117.625;86.265;7.824999999999999;20.825;1.585;1.715;14.254999999999999;30.935;3.61;48.485;;2024-11-08;08:00
75;Nouvelle-Aquitaine;Données définitives;4957.0;114.5;5756.5;689.0;760.5;0.0;174.0;-2897.0;0.0;0.0;364.0;0.0;2.31;20.23;116.135;86.82499999999999;7.34;19.925;13.935;15.350000000000001;15.35;33.95;3.51;48.065;;2024-11-08;09:00
75;Nouvelle-Aquitaine;Données définitives;5003.0;119.0;5764.0;1530.5;666.5;0.0;178.0;-3536.0;0.0;0.0;279.0;0.0;2.38;21.02;115.21000000000001;86.94;5.58;15.27;30.595;34.105000000000004;13.32;29.755000000000003;3.56;49.175;;2024-11-08;10:00
75;Nouvelle-Aquitaine;Données définitives;4945.0;113.0;5764.0;2288.0;623.5;0.0;175.0;-4212.0;0.0;0.0;192.5;0.0;2.285;19.965;116.56;86.94;3.8950000000000005;10.535;46.26;50.980000000000004;12.614999999999998;27.835;3.54;48.345;;2024-11-08;11:00
75;Nouvelle-Aquitaine;Données définitives;5093.0;113.5;5759.0;2754.0;597.5;0.0;180.0;-4474.5;0.0;0.0;165.0;0.0;2.225;20.055;113.08;86.86;3.24;9.03;54.07;61.364999999999995;11.73;26.675;3.5300000000000002;49.725;;2024-11-08;12:00
75;Nouvelle-Aquitaine;Données définitives;5068.5;117.0;5749.5;2697.0;521.5;0.0;183.0;-4364.0;0.0;0.0;164.0;0.0;2.3099999999999996;20.67;113.46000000000001;86.72;3.2350000000000003;8.975;53.19;60.09;10.29;23.285;3.6100000000000003;50.555;;2024-11-08;13:00
75;Nouvelle-Aquitaine;Données définitives;4850.0;117.5;5735.5;2239.5;565.5;0.0;176.5;-4122.0;0.0;0.0;136.0;0.0;2.425;20.76;118.255;86.50999999999999;2.8049999999999997;7.445;46.165;49.900000000000006;11.66;25.25;3.64;48.76;;2024-11-08;14:00
75;Nouvelle-Aquitaine;Données définitives;4625.5;116.5;5735.0;1514.0;717.0;0.0;178.0;-3746.5;0.0;0.0;114.5;0.0;2.52;20.58;124.005;86.5;2.4749999999999996;6.27;32.68;33.735;15.52;32.010000000000005;3.8499999999999996;49.17;;2024-11-08;15:00
75;Nouvelle-Aquitaine;Données définitives;4348.5;118.5;5735.5;715.0;888.5;0.0;179.5;-3375.5;0.0;0.0;88.5;0.0;2.725;20.935000000000002;131.94;86.50999999999999;2.035;4.845000000000001;16.375;15.93;20.445;39.665;4.13;49.59;;2024-11-08;16:00
75;Nouvelle-Aquitaine;Données définitives;4196.5;118.0;5735.5;161.0;901.5;0.0;178.0;-3038.0;0.0;0.0;141.0;0.0;2.8099999999999996;20.85;136.685;86.50999999999999;3.365;7.715;3.815;3.585;21.475;40.245000000000005;4.244999999999999;49.175;;2024-11-08;17:00
75;Nouvelle-Aquitaine;Données définitives;4646.5;120.5;5737.0;1.5;1066.0;0.0;176.0;-2640.5;0.0;0.0;190.5;0.0;2.5949999999999998;21.29;123.49000000000001;86.535;4.095;10.43;0.03;0.03;22.939999999999998;47.585;3.79;48.620000000000005;;2024-11-08;18:00
75;Nouvelle-Aquitaine;Données définitives;4777.5;121.0;5734.5;0.0;1098.0;0.0;174.0;-2593.0;0.0;0.0;245.5;0.0;2.53;21.375;120.03999999999999;86.495;5.140000000000001;13.434999999999999;0.0;0.0;22.985;49.019999999999996;3.645;48.07;;2024-11-08;19:00
75;Nouvelle-Aquitaine;Données définitives;4640.5;119.5;5733.5;0.0;932.5;0.0;174.5;-2587.5;0.0;0.0;264.0;0.0;2.575;21.11;123.58000000000001;86.47999999999999;5.695;14.45;0.0;0.0;20.075;41.629999999999995;3.765;48.205;;2024-11-08;20:00
75;Nouvelle-Aquitaine;Données définitives;4319.0;115.5;5730.5;0.0;688.0;0.0;179.0;-2745.5;0.0;0.0;352.0;0.0;2.675;20.405;132.68;86.435;8.15;19.265;0.0;0.0;15.934999999999999;30.715000000000003;4.145;49.45;;2024-11-08;21:00
75;Nouvelle-Aquitaine;Données définitives;4235.5;115.0;5729.0;0.0;483.0;0.0;183.0;-2744.0;0.0;0.0;471.0;0.0;2.715;20.32;135.345;86.415;11.11;25.78;0.0;0.0;11.41;21.564999999999998;4.32;50.55;;2024-11-08;22:00
75;Nouvelle-Aquitaine;Données définitives;4405.0;113.5;5121.5;0.0;509.0;0.0;179.0;-2076.0;0.0;0.0;561.5;0.0;2.575;20.05;116.20500000000001;77.25;12.754999999999999;30.735;0.0;0.0;11.54;22.725;4.0649999999999995;49.445;;2024-11-08;23:00
75;Nouvelle-Aquitaine;Données définitives;5773.0;138.0;5733.5;0.0;560.5;0.0;195.0;-1728.5;0.0;0.0;871.0;0.0;2.39;24.21;99.325;86.475;15.09;42.2;0.0;0.0;9.705;25.009999999999998;3.38;54.620000000000005;;2024-12-20;00:00
75;Nouvelle-Aquitaine;Données définitives;5689.5;136.5;5683.5;0.0;516.5;0.0;193.5;-1641.0;0.0;0.0;797.5;0.0;2.4;23.95;99.905;85.725;14.015;38.64;0.0;0.0;9.08;23.05;3.4050000000000002;54.2;;2024-12-20;01:00
75;Nouvelle-Aquitaine;Données définitives;5639.5;137.0;5464.5;0.0;512.0;0.0;194.0;-1429.0;0.0;0.0;767.5;0.0;2.4299999999999997;24.04;96.96000000000001;82.42;13.615;37.185;0.0;0.0;9.08;22.845;3.4400000000000004;54.34;;2024-12-20;02:00
75;Nouvelle-Aquitaine;Données définitives;5398.0;137.0;4820.0;0.0;519.0;0.0;195.0;-963.0;0.0;0.0;698.0;0.0;2.54;24.04;89.31;72.7;12.93;33.815;0.0;0.0;9.615;23.16;3.615;54.62;;2024-12-20;03:00
75;Nouvelle-Aquitaine;Données définitives;5295.5;137.0;4840.5;0.0;530.5;0.0;194.5;-1053.0;0.0;0.0;644.0;0.0;2.585;24.04;91.405;73.01;12.16;31.200000000000003;0.0;0.0;10.02;23.674999999999997;3.675;54.480000000000004;;2024-12-20;04:00
75;Nouvelle-Aquitaine;Données définitives;5401.0;138.0;5091.5;0.0;533.5;0.0;191.5;-1090.0;0.0;0.0;532.0;0.0;2.5549999999999997;24.21;94.255;76.795;9.855;25.775;0.0;0.0;9.875;23.805;3.545;53.64;;2024-12-20;05:00
75;Nouvelle-Aquitaine;Données définitives;5902.0;138.5;5601.5;0.0;624.0;0.0;192.5;-1148.5;0.0;0.0;494.0;0.0;2.3499999999999996;24.3;94.95;84.49000000000001;8.370000000000001;23.935000000000002;0.0;0.0;10.585;27.845;3.265;53.92;;2024-12-20;06:00
75;Nouvelle-Aquitaine;Données définitives;6501.0;138.5;5766.0;0.0;990.0;0.0;190.5;-1044.5;0.0;0.0;459.5;0.0;2.13;24.3;88.775;86.97;7.095000000000001;22.259999999999998;0.0;0.0;15.21;44.175;2.9349999999999996;53.36;;2024-12-20;07:00
75;Nouvelle-Aquitaine;Données définitives;7062.0;139.0;5779.0;0.0;1237.0;0.0;190.5;-567.0;0.0;0.0;281.5;0.0;1.9649999999999999;24.39;81.84;87.165;3.99;13.635000000000002;0.0;0.0;17.509999999999998;55.2;2.7;53.36;;2024-12-20;08:00
75;Nouvelle-Aquitaine;Données définitives;7143.5;136.5;5780.5;142.0;1366.5;0.0;198.0;-668.0;0.0;0.0;194.0;0.0;1.915;23.95;80.92;87.185;2.715;9.399999999999999;1.98;2.545;19.130000000000003;60.974999999999994;2.775;55.46;;2024-12-20;09:00
75;Nouvelle-Aquitaine;Données définitives;7008.0;130.5;5783.0;853.5;1296.0;0.0;195.0;-1411.5;0.0;0.0;173.5;0.0;1.86;22.895;82.53;87.225;2.475;8.405;12.219999999999999;15.315;18.485;57.83;2.785;54.620000000000005;;2024-12-20;10:00
75;Nouvelle-Aquitaine;Données définitives;6753.5;127.5;5786.0;1704.5;1163.5;0.0;194.5;-2375.0;0.0;0.0;154.5;0.0;1.89;22.37;85.67500000000001;87.27;2.285;7.484999999999999;25.244999999999997;30.580000000000002;17.225;51.92;2.88;54.480000000000004;;2024-12-20;11:00
75;Nouvelle-Aquitaine;Données définitives;6720.5;125.5;5784.0;2253.5;794.0;0.0;193.5;-2561.0;0.0;0.0;131.0;0.0;1.8650000000000002;22.015;86.08000000000001;87.24;1.95;6.345;33.55;40.43;11.805;35.43;2.88;54.2;;2024-12-20;12:00
75;Nouvelle-Aquitaine;Données définitives;6555.0;130.5;5715.5;2280.0;793.5;0.0;197.5;-2686.0;0.0;0.0;120.5;0.0;1.99;22.895;87.205;86.21000000000001;1.8399999999999999;5.835;34.78;40.905;12.115;35.405;3.01;55.32;;2024-12-20;13:00
75;Nouvelle-Aquitaine;Données définitives;6247.5;130.5;5708.5;1995.0;680.5;0.0;197.0;-2635.5;0.0;0.0;176.0;0.0;2.09;22.895;91.385;86.1;2.8200000000000003;8.53;31.915;35.79;10.895;30.365000000000002;3.1550000000000002;55.18;;2024-12-20;14:00
75;Nouvelle-Aquitaine;Données définitives;6002.0;130.5;5708.0;1269.5;818.0;0.0;196.5;-2367.0;0.0;0.0;242.5;0.0;2.175;22.895;95.105;86.095;4.04;11.75;21.13;22.775;13.64;36.5;3.2750000000000004;55.04;;2024-12-20;15:00
75;Nouvelle-Aquitaine;Données définitives;5831.5;131.0;5714.0;574.0;1108.5;0.0;196.5;-2235.5;0.0;0.0;340.5;0.0;2.245;22.98;97.99000000000001;86.185;5.84;16.495;9.84;10.3;19.01;49.465;3.37;55.04;;2024-12-20;16:00
75;Nouvelle-Aquitaine;Données définitives;5833.0;134.0;5757.5;96.0;1346.0;0.0;197.0;-2131.5;0.0;0.0;433.5;0.0;2.295;23.505;98.72999999999999;86.84;7.425000000000001;21.005;1.6700000000000002;1.72;23.075000000000003;60.06;3.38;55.18;;2024-12-20;17:00
75;Nouvelle-Aquitaine;Données définitives;6263.0;133.5;5778.5;0.0;1368.5;0.0;193.0;-1800.0;0.0;0.0;591.0;0.0;2.13;23.42;92.28;87.155;9.435;28.634999999999998;0.0;0.0;21.855;61.065;3.085;54.06;;2024-12-20;18:00
75;Nouvelle-Aquitaine;Données définitives;6380.0;131.5;5777.5;0.0;1326.5;0.0;194.0;-1654.0;0.0;0.0;606.0;0.0;2.0599999999999996;23.07;90.555;87.14;9.495000000000001;29.365000000000002;0.0;0.0;20.795;59.19;3.04;54.34;;2024-12-20;19:00
75;Nouvelle-Aquitaine;Données définitives;6237.0;129.5;5775.0;0.0;1116.0;0.0;195.5;-1575.0;0.0;0.0;600.0;0.0;2.075;22.72;92.62;87.1;9.620000000000001;29.064999999999998;0.0;0.0;17.88;49.8;3.135;54.760000000000005;;2024-12-20;20:00
75;Nouvelle-Aquitaine;Données définitives;5988.0;125.5;5775.5;0.0;927.5;0.0;195.5;-1646.5;0.0;0.0;615.0;0.0;2.0999999999999996;22.02;96.45;87.11;10.27;29.8;0.0;0.0;15.49;41.39;3.26;54.76;;2024-12-20;21:00
75;Nouvelle-Aquitaine;Données définitives;5852.5;125.0;5773.0;0.0;921.5;0.0;196.5;-1772.5;0.0;0.0;611.5;0.0;2.1399999999999997;21.93;98.63999999999999;87.07;10.45;29.625;0.0;0.0;15.745;41.120000000000005;3.355;55.04;;2024-12-20;22:00
75;Nouvelle-Aquitaine;Données définitives;5968.5;124.0;5773.0;0.0;979.0;0.0;198.0;-1747.0;0.0;0.0;639.5;0.0;2.08;21.75;96.755;87.075;10.725000000000001;30.985;0.0;0.0;16.375;43.685;3.32;55.46;;2024-12-20;23:00
76;Occitanie;Données définitives;4513.5;60.0;2560.5;0.0;983.0;-36.0;102.5;26.0;0.0;0.0;817.5;0.0;1.33;19.93;56.805;97.72999999999999;18.134999999999998;49.31;0.0;0.0;21.945;18.39;2.2750000000000004;67.88;;2024-01-29;00:00
76;Occitanie;Données définitives;4175.5;60.5;2561.5;0.0;854.5;-36.0;102.0;-165.5;0.0;0.0;799.0;0.0;1.45;20.1;61.364999999999995;97.77000000000001;19.14;48.19;0.0;0.0;20.41;15.985;2.4450000000000003;67.55;;2024-01-29;01:00
76;Occitanie;Données définitives;4183.0;60.0;2562.0;0.0;722.0;-441.0;102.5;377.5;0.0;0.0;800.5;0.0;1.435;19.93;61.245000000000005;97.79;19.134999999999998;48.28;0.0;0.0;17.259999999999998;13.51;2.45;67.88;;2024-01-29;02:00
76;Occitanie;Données définitives;4007.0;60.0;2561.5;0.0;703.0;-659.5;105.0;435.5;0.0;0.0;802.0;0.0;1.495;19.93;63.94500000000001;97.77000000000001;20.02;48.370000000000005;0.0;0.0;17.59;13.155000000000001;2.62;69.54;;2024-01-29;03:00
76;Occitanie;Données définitives;3890.5;60.0;2561.5;0.0;631.5;-671.5;106.0;417.0;0.0;0.0;786.0;0.0;1.54;19.93;65.86500000000001;97.77000000000001;20.205;47.405;0.0;0.0;16.229999999999997;11.815000000000001;2.7249999999999996;70.2;;2024-01-29;04:00
76;Occitanie;Données définitives;3865.0;60.0;2563.5;0.0;648.5;-672.5;109.0;381.0;0.0;0.0;775.0;0.0;1.55;19.93;66.33500000000001;97.84;20.055;46.739999999999995;0.0;0.0;16.775;12.135;2.82;72.19;;2024-01-29;05:00
76;Occitanie;Données définitives;4164.5;60.5;2562.5;0.0;928.0;-114.0;110.5;-161.0;0.0;0.0;777.0;0.0;1.455;20.1;61.625;97.805;18.689999999999998;46.864999999999995;0.0;0.0;22.22;17.36;2.6550000000000002;73.18;;2024-01-29;06:00
76;Occitanie;Données définitives;4799.0;58.0;2560.5;0.0;2175.0;0.0;111.5;-896.0;0.0;0.0;790.5;0.0;1.21;19.270000000000003;53.415;97.72999999999999;16.479999999999997;47.675;0.0;0.0;45.245000000000005;40.69;2.325;73.84;;2024-01-29;07:00
76;Occitanie;Données définitives;4916.0;53.5;2561.5;5.0;3034.0;0.0;112.0;-1646.0;0.0;0.0;797.0;0.0;1.09;17.775;52.105000000000004;97.77000000000001;16.21;48.07;0.1;0.14;61.72;56.760000000000005;2.28;74.17;;2024-01-29;08:00
76;Occitanie;Données définitives;5147.5;51.5;2563.0;201.5;3079.5;0.0;111.5;-1657.0;0.0;0.0;797.5;0.0;1.005;17.11;49.795;97.825;15.495000000000001;48.099999999999994;3.9050000000000002;5.555000000000001;59.83;57.615;2.165;73.84;;2024-01-29;09:00
76;Occitanie;Données définitives;5062.0;51.0;2562.0;667.0;2063.0;0.0;112.5;-1206.0;0.0;0.0;812.0;0.0;1.005;16.945;50.620000000000005;97.785;16.045;48.975;13.215;18.38;40.64;38.595;2.22;74.5;;2024-01-29;10:00
76;Occitanie;Données définitives;4927.5;55.0;2554.0;1082.5;1396.0;-193.5;111.5;-936.5;0.0;0.0;859.0;0.0;1.115;18.275;51.835;97.48;17.435000000000002;51.81;21.975;29.83;28.325000000000003;26.115000000000002;2.26;73.84;;2024-01-29;11:00
76;Occitanie;Données définitives;4910.5;57.0;2547.5;1287.5;1355.5;-486.0;109.5;-866.0;0.0;0.0;906.5;0.0;1.16;18.94;51.885000000000005;97.235;18.46;54.675;26.22;35.480000000000004;27.615000000000002;25.36;2.23;72.52;;2024-01-29;12:00
76;Occitanie;Données définitives;4719.0;57.0;2541.5;1319.0;1341.0;-831.5;111.5;-713.5;0.0;0.0;894.5;0.0;1.21;18.94;53.865;97.0;18.955;53.95;27.95;36.345;28.425;25.09;2.365;73.84;;2024-01-29;13:00
76;Occitanie;Données définitives;4668.0;56.5;2543.5;1130.5;1262.0;-768.5;114.0;-521.0;0.0;0.0;851.5;0.0;1.21;18.770000000000003;54.49;97.08;18.244999999999997;51.355000000000004;24.225;31.15;27.05;23.615000000000002;2.4450000000000003;75.5;;2024-01-29;14:00
76;Occitanie;Données définitives;4700.5;56.0;2525.0;844.5;1115.0;-621.5;113.0;-149.0;0.0;0.0;817.0;0.0;1.19;18.6;53.735;96.375;17.384999999999998;49.28;17.995;23.27;23.735;20.86;2.4050000000000002;74.83;;2024-01-29;15:00
76;Occitanie;Données définitives;4493.0;60.0;2475.5;536.0;1088.0;-438.0;113.5;-138.0;0.0;0.0;796.5;0.0;1.335;19.935000000000002;55.095;94.48500000000001;17.725;48.04;11.925;14.77;24.22;20.355;2.53;75.16499999999999;;2024-01-29;16:00
76;Occitanie;Données définitives;4441.5;61.0;1862.5;230.5;1491.0;0.0;114.0;-93.5;0.0;0.0;776.5;0.0;1.375;20.27;41.92;71.08500000000001;17.485;46.83;5.17;6.35;33.635;27.895;2.565;75.5;;2024-01-29;17:00
76;Occitanie;Données définitives;4843.0;61.0;1788.0;14.5;2882.5;0.0;114.5;-810.0;0.0;0.0;793.0;0.0;1.26;20.27;37.03;68.245;16.415;47.83;0.315;0.4;59.525000000000006;53.93;2.37;75.83;;2024-01-29;18:00
76;Occitanie;Données définitives;5472.5;61.0;1792.0;0.0;3192.0;0.0;113.5;-488.5;0.0;0.0;804.5;0.0;1.115;20.27;32.75;68.4;14.705;48.519999999999996;0.0;0.0;58.334999999999994;59.72;2.075;75.16499999999999;;2024-01-29;19:00
76;Occitanie;Données définitives;5296.5;63.5;1796.5;0.0;2735.5;0.0;112.0;-215.0;0.0;0.0;804.5;0.0;1.2;21.095;33.925;68.57;15.190000000000001;48.519999999999996;0.0;0.0;51.63;51.18;2.115;74.17;;2024-01-29;20:00
76;Occitanie;Données définitives;4867.5;63.0;1802.5;0.0;2079.5;0.0;114.5;25.0;0.0;0.0;783.0;0.0;1.29;20.93;37.04;68.8;16.09;47.230000000000004;0.0;0.0;42.7;38.905;2.3499999999999996;75.83;;2024-01-29;21:00
76;Occitanie;Données définitives;4573.0;60.0;1804.0;0.0;1628.5;0.0;113.0;208.0;0.0;0.0;759.5;0.0;1.31;19.93;39.45;68.85;16.605;45.805;0.0;0.0;35.614999999999995;30.47;2.47;74.83;;2024-01-29;22:00
76;Occitanie;Données définitives;4798.0;60.0;1803.5;0.0;1538.5;-55.5;111.5;610.0;0.0;0.0;728.5;0.0;1.25;19.93;37.595;68.835;15.184999999999999;43.94;0.0;0.0;32.055;28.785;2.325;73.84;;2024-01-29;23:00
76;Occitanie;Données définitives;4653.5;55.0;2542.5;0.0;1082.5;-2.0;119.0;734.0;0.0;0.0;123.0;0.0;1.185;18.27;54.66;97.03999999999999;2.645;7.42;0.0;0.0;23.27;20.25;2.5549999999999997;78.81;;2024-02-14;00:00
76;Occitanie;Données définitives;4285.5;55.0;2545.5;0.0;807.5;-9.0;119.0;641.5;0.0;0.0;125.5;0.0;1.2850000000000001;18.27;59.4;97.16;2.925;7.57;0.0;0.0;18.84;15.11;2.775;78.81;;2024-02-14;01:00
76;Occitanie;Données définitives;4370.0;55.0;2547.5;0.0;833.5;-360.5;119.5;1049.0;0.0;0.0;127.0;0.0;1.26;18.27;58.295;97.22999999999999;2.9050000000000002;7.66;0.0;0.0;19.08;15.595;2.7350000000000003;79.14;;2024-02-14;02:00
76;Occitanie;Données définitives;4310.5;55.0;2547.5;0.0;793.5;-636.5;119.5;1326.5;0.0;0.0;105.0;0.0;1.28;18.27;59.105000000000004;97.22999999999999;2.435;6.335;0.0;0.0;18.415;14.850000000000001;2.7699999999999996;79.14;;2024-02-14;03:00
76;Occitanie;Données définitives;4107.5;55.0;2548.5;0.0;770.5;-635.5;120.0;1149.5;0.0;0.0;100.0;0.0;1.34;18.27;62.05;97.27000000000001;2.44;6.03;0.0;0.0;18.755;14.415;2.92;79.47;;2024-02-14;04:00
76;Occitanie;Données définitives;4122.5;55.0;2550.0;0.0;763.0;-563.0;121.0;1103.5;0.0;0.0;93.5;0.0;1.335;18.27;61.855000000000004;97.33000000000001;2.2699999999999996;5.64;0.0;0.0;18.509999999999998;14.274999999999999;2.935;80.13;;2024-02-14;05:00
76;Occitanie;Données définitives;4407.0;55.0;2552.0;0.0;847.0;-57.5;120.5;828.0;0.0;0.0;61.5;0.0;1.25;18.27;58.045;97.4;1.4;3.71;0.0;0.0;19.27;15.844999999999999;2.745;79.8;;2024-02-14;06:00
76;Occitanie;Données définitives;4934.0;55.5;2552.0;0.0;1951.5;0.0;119.0;201.5;0.0;0.0;54.5;0.0;1.13;18.435000000000002;51.86;97.4;1.1099999999999999;3.29;0.0;0.0;39.385;36.51;2.415;78.81;;2024-02-14;07:00
76;Occitanie;Données définitives;5279.5;56.0;2553.0;53.0;2261.5;0.0;116.0;196.5;0.0;0.0;45.5;0.0;1.06;18.6;48.355000000000004;97.44;0.8600000000000001;2.745;1.0;1.46;42.83;42.31;2.1950000000000003;76.82;;2024-02-14;08:00
76;Occitanie;Données définitives;5143.5;55.5;2551.5;566.0;2291.5;0.0;115.0;-471.5;0.0;0.0;35.5;0.0;1.0750000000000002;18.435000000000002;49.614999999999995;97.38499999999999;0.69;2.1399999999999997;11.055;15.595;44.53;42.87;2.24;76.16;;2024-02-14;09:00
76;Occitanie;Données définitives;5064.0;55.0;2546.0;1294.0;1506.0;-3.5;118.5;-471.0;0.0;0.0;18.5;0.0;1.085;18.27;50.285;97.175;0.365;1.115;25.595;35.66;29.715;28.175;2.34;78.48;;2024-02-14;10:00
76;Occitanie;Données définitives;4864.0;55.0;2543.0;1801.0;1005.0;-181.0;120.0;-486.0;0.0;0.0;7.0;0.0;1.135;18.27;52.29;97.06;0.14500000000000002;0.42;37.06;49.625;20.66;18.805;2.465;79.47;;2024-02-14;11:00
76;Occitanie;Données définitives;4788.5;55.0;2543.5;2138.5;952.0;-419.5;119.5;-609.5;0.0;0.0;8.5;0.0;1.15;18.27;53.114999999999995;97.08;0.18;0.51;44.66;58.93;19.88;17.810000000000002;2.495;79.14;;2024-02-14;12:00
76;Occitanie;Données définitives;4568.0;53.0;2536.0;2289.0;788.0;-358.5;119.5;-877.5;0.0;0.0;18.0;0.0;1.1600000000000001;17.605;55.519999999999996;96.795;0.395;1.0899999999999999;50.11;63.075;17.25;14.74;2.62;79.14;;2024-02-14;13:00
76;Occitanie;Données définitives;4332.0;50.0;2528.5;2212.0;740.0;-627.0;119.5;-712.5;0.0;0.0;22.5;0.0;1.1549999999999998;16.61;58.365;96.505;0.52;1.3599999999999999;51.06;60.955;17.085;13.844999999999999;2.76;79.14;;2024-02-14;14:00
76;Occitanie;Données définitives;4258.5;50.0;2520.0;1897.0;812.0;-314.5;119.0;-853.0;0.0;0.0;27.0;0.0;1.1749999999999998;16.61;59.18000000000001;96.185;0.635;1.63;44.555;52.27;19.064999999999998;15.190000000000001;2.795;78.81;;2024-02-14;15:00
76;Occitanie;Données définitives;4121.5;51.5;2514.0;1320.5;824.0;-175.5;119.0;-566.5;0.0;0.0;34.5;0.0;1.255;17.11;61.03;95.95;0.84;2.08;31.955;36.385;20.005;15.415;2.8899999999999997;78.81;;2024-02-14;16:00
76;Occitanie;Données définitives;3921.5;54.0;2515.5;564.0;948.5;0.0;119.5;-328.5;0.0;0.0;48.5;0.0;1.38;17.94;64.14500000000001;96.00999999999999;1.235;2.925;14.385000000000002;15.540000000000001;24.185000000000002;17.744999999999997;3.05;79.14;;2024-02-14;17:00
76;Occitanie;Données définitives;4235.5;54.0;2512.5;75.0;1787.5;0.0;117.5;-447.0;0.0;0.0;135.0;0.0;1.275;17.94;59.345;95.9;3.175;8.14;1.805;2.065;42.04;33.44;2.7750000000000004;77.815;;2024-02-14;18:00
76;Occitanie;Données définitives;5026.0;54.0;2513.0;2.0;2767.5;0.0;116.5;-687.5;0.0;0.0;260.5;0.0;1.0750000000000002;17.94;50.03;95.92;5.17;15.71;0.04;0.06;55.2;51.78;2.3200000000000003;77.15;;2024-02-14;19:00
76;Occitanie;Données définitives;4862.5;54.0;2512.5;0.5;2419.0;0.0;118.5;-665.5;0.0;0.0;422.5;0.0;1.11;17.94;51.675;95.9;8.7;25.485;0.01;0.015;49.8;45.260000000000005;2.4400000000000004;78.48;;2024-02-14;20:00
76;Occitanie;Données définitives;4587.0;54.0;2518.5;0.0;1825.5;0.0;103.0;-477.0;0.0;0.0;563.0;0.0;1.1749999999999998;17.94;54.905;96.125;12.280000000000001;33.955;0.0;0.0;39.765;34.155;2.245;68.21000000000001;;2024-02-14;21:00
76;Occitanie;Données définitives;4308.0;54.0;2525.5;0.0;1088.0;0.0;108.5;-83.5;0.0;0.0;616.0;0.0;1.255;17.94;58.63;96.39;14.3;37.150000000000006;0.0;0.0;25.285;20.355;2.52;71.85499999999999;;2024-02-14;22:00
76;Occitanie;Données définitives;4552.0;51.5;2520.0;0.0;1106.5;0.0;113.0;140.0;0.0;0.0;621.5;0.0;1.13;17.11;55.39;96.185;13.655000000000001;37.485;0.0;0.0;24.37;20.700000000000003;2.4850000000000003;74.83;;2024-02-14;23:00
76;Occitanie;Données définitives;4311.5;46.0;2570.5;2.0;2731.0;-17.0;110.5;-1501.0;0.0;0.0;369.0;0.0;1.07;15.28;59.675;98.11;8.575;22.255;0.05;0.06;63.605000000000004;51.095;2.565;73.18;;2024-03-14;00:00
76;Occitanie;Données définitives;3935.5;46.5;2571.5;1.5;2484.0;-17.0;111.5;-1682.5;0.0;0.0;419.0;0.0;1.18;15.445;65.34;98.15;10.645;25.27;0.04;0.045;63.120000000000005;46.47;2.835;73.84;;2024-03-14;01:00
76;Occitanie;Données définitives;3976.0;46.5;2573.0;0.0;2717.5;-17.0;110.5;-1901.0;0.0;0.0;446.0;0.0;1.17;15.445;64.71000000000001;98.21;11.215;26.9;0.0;0.0;68.35;50.845;2.78;73.18;;2024-03-14;02:00
76;Occitanie;Données définitives;3858.5;47.0;2575.0;0.0;2347.5;-182.5;110.5;-1488.5;0.0;0.0;449.0;0.0;1.2149999999999999;15.61;66.74000000000001;98.28;11.635;27.08;0.0;0.0;60.845;43.92;2.865;73.18;;2024-03-14;03:00
76;Occitanie;Données définitives;3746.5;47.0;2576.0;0.0;2286.5;-577.0;110.5;-1126.5;0.0;0.0;430.5;0.0;1.255;15.61;68.75999999999999;98.32;11.489999999999998;25.965;0.0;0.0;61.019999999999996;42.78;2.95;73.18;;2024-03-14;04:00
76;Occitanie;Données définitives;3663.5;46.0;2509.5;0.0;2161.5;-488.5;108.0;-1097.5;0.0;0.0;423.5;0.0;1.255;15.28;68.50999999999999;95.78;11.57;25.54;0.0;0.0;59.01;40.44;2.95;71.525;;2024-03-14;05:00
76;Occitanie;Données définitives;4053.0;46.0;2497.0;0.0;2534.5;-17.0;107.0;-1588.5;0.0;0.0;473.5;0.0;1.135;15.28;61.620000000000005;95.305;11.684999999999999;28.560000000000002;0.0;0.0;62.495000000000005;47.415;2.6399999999999997;70.86;;2024-03-14;06:00
76;Occitanie;Données définitives;4536.5;46.0;2553.5;14.5;3202.0;-17.0;107.5;-1830.5;0.0;0.0;461.5;0.0;1.0150000000000001;15.28;56.29;97.465;10.17;27.835;0.315;0.4;70.58500000000001;59.91;2.37;71.19;;2024-03-14;07:00
76;Occitanie;Données définitives;4752.5;46.0;2586.0;306.0;3208.5;-17.0;109.5;-1929.0;0.0;0.0;443.0;0.0;0.97;15.28;54.42;98.69999999999999;9.325;26.72;6.41;8.43;67.525;60.03;2.3049999999999997;72.515;;2024-03-14;08:00
76;Occitanie;Données définitives;4552.0;46.0;2584.0;893.5;2734.5;-17.0;113.0;-2173.0;0.0;0.0;371.0;0.0;1.01;15.28;56.769999999999996;98.625;8.145;22.375;19.675;24.619999999999997;60.16;51.16;2.485;74.83;;2024-03-14;09:00
76;Occitanie;Données définitives;4526.5;43.0;2576.0;1512.0;2823.0;-17.0;109.0;-2830.5;0.0;0.0;310.0;0.0;0.95;14.29;56.925;98.32499999999999;6.84;18.695;33.46;41.665;62.305;52.815;2.41;72.185;;2024-03-14;10:00
76;Occitanie;Données définitives;4409.0;44.5;2563.5;1942.5;2011.5;-106.5;112.5;-2406.0;0.0;0.0;246.5;0.0;1.01;14.785;58.155;97.845;5.59;14.864999999999998;44.105000000000004;53.53;45.629999999999995;37.629999999999995;2.55;74.505;;2024-03-14;11:00
76;Occitanie;Données définitives;4384.0;47.0;2552.5;2222.5;1938.5;-410.0;110.0;-2275.5;0.0;0.0;200.0;0.0;1.0750000000000002;15.61;58.224999999999994;97.42500000000001;4.5600000000000005;12.065;50.7;61.245000000000005;44.215;36.27;2.505;72.845;;2024-03-14;12:00
76;Occitanie;Données définitives;4326.5;47.0;2548.5;2303.5;1861.5;-439.5;113.5;-2263.0;0.0;0.0;155.0;0.0;1.09;15.61;58.905;97.27;3.58;9.35;53.245000000000005;63.475;43.03;34.83;2.625;75.16499999999999;;2024-03-14;13:00
76;Occitanie;Données définitives;4230.5;47.0;2543.5;2218.0;1790.0;-723.0;116.0;-1889.5;0.0;0.0;128.0;0.0;1.1099999999999999;15.61;60.135000000000005;97.08;3.02;7.72;52.415;61.12;42.305;33.489999999999995;2.745;76.82;;2024-03-14;14:00
76;Occitanie;Données définitives;4054.0;47.0;2543.0;1868.5;1757.0;-860.0;116.0;-1545.0;0.0;0.0;127.0;0.0;1.16;15.61;62.74;97.06;3.135;7.66;46.06;51.49;43.36;32.870000000000005;2.8600000000000003;76.82;;2024-03-14;15:00
76;Occitanie;Données définitives;3898.5;47.0;2538.0;1287.0;1889.0;-703.5;112.0;-1411.0;0.0;0.0;140.0;0.0;1.205;15.61;65.24000000000001;96.87;3.605;8.445;32.885;35.465;48.565;35.34;2.88;74.17;;2024-03-14;16:00
76;Occitanie;Données définitives;3822.5;47.0;2461.0;686.5;2030.5;-123.0;115.5;-1523.0;0.0;0.0;129.0;0.0;1.23;15.61;64.4;93.93;3.37;7.78;17.91;18.92;53.18;37.99;3.025;76.49;;2024-03-14;17:00
76;Occitanie;Données définitives;3983.0;47.0;2507.0;255.0;3128.5;-17.0;115.0;-2168.5;0.0;0.0;115.5;0.0;1.18;15.61;62.955;95.69;2.9000000000000004;6.965;6.4399999999999995;7.025;78.50999999999999;58.53;2.8899999999999997;76.16;;2024-03-14;18:00
76;Occitanie;Données définitives;4699.0;46.5;2540.0;21.0;3727.5;-17.0;114.5;-1835.5;0.0;0.0;102.0;0.0;0.995;15.445;54.16;96.945;2.1799999999999997;6.15;0.46499999999999997;0.5750000000000001;79.53999999999999;69.74000000000001;2.44;75.83;;2024-03-14;19:00
76;Occitanie;Données définitives;4717.0;46.5;2546.5;2.0;3270.5;-17.0;116.5;-1343.0;0.0;0.0;94.5;0.0;0.985;15.445;54.0;97.195;2.0;5.699999999999999;0.04;0.06;69.485;61.19;2.4699999999999998;77.15;;2024-03-14;20:00
76;Occitanie;Données définitives;4336.5;46.0;2551.0;2.0;3184.5;-17.0;116.5;-1612.0;0.0;0.0;64.5;0.0;1.06;15.28;58.83;97.36500000000001;1.4849999999999999;3.8899999999999997;0.05;0.06;73.435;59.58;2.6900000000000004;77.15;;2024-03-14;21:00
76;Occitanie;Données définitives;4112.5;46.5;2558.0;2.0;2604.5;-17.0;117.0;-1257.5;0.0;0.0;59.5;0.0;1.13;15.445;62.2;97.63499999999999;1.45;3.59;0.05;0.06;63.31;48.730000000000004;2.8449999999999998;77.48;;2024-03-14;22:00
76;Occitanie;Données définitives;4329.5;46.5;2561.0;1.0;2854.0;-17.0;118.5;-1291.5;0.0;0.0;57.0;0.0;1.0750000000000002;15.445;59.15;97.75;1.315;3.44;0.02;0.03;65.905;53.394999999999996;2.74;78.48;;2024-03-14;23:00
76;Occitanie;Données définitives;3863.0;1.0;2500.5;2.0;1580.0;-59.5;113.0;-1339.5;0.0;0.0;1064.5;0.0;0.03;0.33;64.735;95.44;27.555;64.205;0.05;0.06;40.9;29.56;2.925;74.83;;2024-04-17;00:00
76;Occitanie;Données définitives;3421.0;1.0;2440.0;2.0;1065.5;-369.5;114.0;-857.0;0.0;0.0;1026.0;0.0;0.03;0.33;71.36;93.13;29.994999999999997;61.885;0.06;0.06;31.15;19.935000000000002;3.335;75.5;;2024-04-17;01:00
76;Occitanie;Données définitives;3333.0;1.0;2437.0;1.0;1015.5;-694.5;114.0;-556.0;0.0;0.0;1016.0;0.0;0.03;0.33;73.125;93.015;30.48;61.28;0.03;0.03;30.465;18.994999999999997;3.425;75.5;;2024-04-17;02:00
76;Occitanie;Données définitives;3217.5;1.0;2396.5;0.0;1002.5;-777.5;112.5;-512.5;0.0;0.0;995.0;0.0;0.03;0.33;74.505;91.47;30.925;60.01;0.0;0.0;31.16;18.759999999999998;3.495;74.505;;2024-04-17;03:00
76;Occitanie;Données définitives;3129.0;1.0;2446.5;0.0;989.5;-889.5;112.0;-533.5;0.0;0.0;1004.0;0.0;0.03;0.33;78.215;93.38;32.095;60.55;0.0;0.0;31.634999999999998;18.509999999999998;3.58;74.17;;2024-04-17;04:00
76;Occitanie;Données définitives;3077.5;1.0;2452.0;0.0;1002.0;-880.0;112.5;-622.5;0.0;0.0;1012.0;0.0;0.03;0.33;79.72;93.59;32.91;61.035;0.0;0.0;32.57;18.744999999999997;3.66;74.5;;2024-04-17;05:00
76;Occitanie;Données définitives;3292.5;1.0;2399.0;0.0;1045.0;-486.0;111.5;-741.0;0.0;0.0;963.5;0.0;0.03;0.33;72.91999999999999;91.565;29.28;58.11;0.0;0.0;31.735;19.549999999999997;3.3899999999999997;73.84;;2024-04-17;06:00
76;Occitanie;Données définitives;3547.5;1.0;2455.5;8.0;1737.5;-52.5;110.5;-1692.0;0.0;0.0;979.5;0.0;0.03;0.33;69.235;93.72;27.615000000000002;59.08;0.23;0.22;49.1;32.504999999999995;3.115;73.18;;2024-04-17;07:00
76;Occitanie;Données définitives;3859.0;1.0;2508.0;184.0;2658.0;-23.0;108.5;-2556.5;0.0;0.0;979.0;0.0;0.03;0.33;65.05;95.725;25.395;59.045;4.705;5.07;68.93;49.730000000000004;2.815;71.85499999999999;;2024-04-17;08:00
76;Occitanie;Données définitives;4138.0;1.0;2509.5;592.5;2387.0;-18.0;107.0;-2430.0;0.0;0.0;989.0;0.0;0.02;0.33;60.650000000000006;95.78;23.91;59.65;14.355;16.325;57.67;44.66;2.59;70.86;;2024-04-17;09:00
76;Occitanie;Données définitives;4199.0;1.0;2507.5;1082.0;1961.0;-22.5;105.5;-2415.0;0.0;0.0;978.5;0.0;0.02;0.33;59.725;95.71000000000001;23.3;59.015;25.810000000000002;29.814999999999998;46.675;36.69;2.5149999999999997;69.86500000000001;;2024-04-17;10:00
76;Occitanie;Données définitives;4388.0;1.0;2505.5;1487.0;1479.0;-61.5;104.0;-2068.0;0.0;0.0;941.0;0.0;0.02;0.33;57.099999999999994;95.63;21.445;56.755;33.88;40.974999999999994;33.725;27.67;2.37;68.87;;2024-04-17;11:00
76;Occitanie;Données définitives;4382.5;1.0;2503.5;1875.5;1063.5;-70.5;106.0;-2028.5;0.0;0.0;933.0;0.0;0.02;0.33;57.135000000000005;95.55;21.295;56.269999999999996;42.78;51.68000000000001;24.265;19.9;2.415;70.195;;2024-04-17;12:00
76;Occitanie;Données définitives;4454.0;1.0;2503.0;2062.0;1093.0;-373.0;106.5;-1864.5;0.0;0.0;928.0;0.0;0.02;0.33;56.225;95.535;20.85;55.974999999999994;46.325;56.82;24.54;20.45;2.39;70.53;;2024-04-17;13:00
76;Occitanie;Données définitives;4358.0;1.0;2362.5;2112.0;980.5;-565.5;108.0;-1603.0;0.0;0.0;963.0;0.0;0.02;0.33;54.215;90.175;22.1;58.08;48.46;58.2;22.494999999999997;18.34;2.4749999999999996;71.525;;2024-04-17;14:00
76;Occitanie;Données définitives;4161.0;1.0;2104.5;1951.0;928.0;-681.0;109.0;-1274.0;0.0;0.0;1023.5;0.0;0.02;0.33;50.59;80.325;24.595;61.730000000000004;46.89;53.765;22.305;17.365000000000002;2.62;72.19;;2024-04-17;15:00
76;Occitanie;Données définitives;3875.5;4.0;1564.5;1729.0;918.5;-681.5;109.5;-851.5;0.0;0.0;1083.5;0.0;0.10500000000000001;1.33;40.379999999999995;59.715;27.965;65.35;44.61;47.644999999999996;23.705;17.18;2.825;72.52;;2024-04-17;16:00
76;Occitanie;Données définitives;3704.5;1.0;1606.5;1469.5;906.0;-648.5;109.0;-873.0;0.0;0.0;1133.5;0.0;0.03;0.33;43.385;61.315;30.615000000000002;68.365;39.635;40.489999999999995;24.455;16.95;2.9450000000000003;72.19;;2024-04-17;17:00
76;Occitanie;Données définitives;3746.5;1.0;2005.5;940.0;1020.0;-269.5;110.0;-1202.0;0.0;0.0;1142.5;0.0;0.03;0.33;53.53;76.545;30.495;68.91;25.085;25.905;27.225;19.085;2.935;72.85;;2024-04-17;18:00
76;Occitanie;Données définitives;3971.5;1.0;2433.5;388.5;1502.5;-63.5;105.5;-1491.5;0.0;0.0;1096.5;0.0;0.03;0.33;61.28;92.88499999999999;27.61;66.13499999999999;9.79;10.705;37.82;28.11;2.6550000000000002;69.86500000000001;;2024-04-17;19:00
76;Occitanie;Données définitives;4087.0;1.0;2388.0;84.0;1895.0;-64.0;104.0;-1329.5;0.0;0.0;1008.0;0.0;0.02;0.33;58.43;91.145;24.665;60.795;2.06;2.315;46.37;35.45;2.545;68.87;;2024-04-17;20:00
76;Occitanie;Données définitives;3998.0;1.0;2398.5;6.0;1893.0;-63.5;105.0;-1308.0;0.0;0.0;966.0;0.0;0.025;0.33;59.995000000000005;91.545;24.165;58.265;0.15;0.165;47.349999999999994;35.415;2.63;69.54;;2024-04-17;21:00
76;Occitanie;Données définitives;3813.5;1.0;2401.0;3.5;2166.0;-33.5;107.0;-1723.5;0.0;0.0;893.0;0.0;0.03;0.33;62.975;91.64;23.44;53.86;0.095;0.095;56.69;40.525;2.81;70.86;;2024-04-17;22:00
76;Occitanie;Données définitives;4069.0;1.0;2488.5;3.0;2621.5;-29.0;106.5;-1989.0;0.0;0.0;867.5;0.0;0.025;0.33;61.21;94.98;21.345;52.325;0.07500000000000001;0.08;64.445;49.05;2.62;70.53;;2024-04-17;23:00
76;Occitanie;Données définitives;3486.5;1.0;1575.5;0.0;2654.5;-47.5;105.5;-819.0;0.0;0.0;17.0;0.0;0.03;0.33;45.185;60.135000000000005;0.485;1.025;0.0;0.0;76.14;49.665000000000006;3.025;69.87;;2024-05-13;00:00
76;Occitanie;Données définitives;2964.5;1.0;1911.5;0.0;1774.0;-84.5;106.0;-762.5;0.0;0.0;20.0;0.0;0.03;0.33;64.46000000000001;72.955;0.675;1.21;0.0;0.0;59.845;33.19;3.575;70.2;;2024-05-13;01:00
76;Occitanie;Données définitives;2935.0;1.0;2331.0;0.0;1631.0;-485.0;105.0;-661.5;0.0;0.0;14.0;0.0;0.03;0.33;79.445;88.97;0.475;0.845;0.0;0.0;55.56;30.515;3.575;69.54;;2024-05-13;02:00
76;Occitanie;Données définitives;2777.5;1.0;2408.0;0.0;1487.5;-497.5;104.0;-732.5;0.0;0.0;7.5;0.0;0.04;0.33;86.69999999999999;91.91;0.27;0.44999999999999996;0.0;0.0;53.565;27.83;3.745;68.87;;2024-05-13;03:00
76;Occitanie;Données définitives;2684.0;1.0;2274.5;0.0;1492.5;-495.0;105.0;-699.5;0.0;0.0;6.0;0.0;0.04;0.33;84.75999999999999;86.81;0.22;0.36;0.0;0.0;55.645;27.92;3.915;69.535;;2024-05-13;04:00
76;Occitanie;Données définitives;2657.5;1.0;2272.5;0.0;1549.5;-834.0;105.0;-438.5;0.0;0.0;1.5;0.0;0.04;0.33;85.525;86.735;0.05500000000000001;0.09;0.0;0.0;58.325;28.990000000000002;3.95;69.54;;2024-05-13;05:00
76;Occitanie;Données définitives;2794.0;1.0;2371.5;0.0;1727.0;-557.0;106.0;-857.0;0.0;0.0;3.5;0.0;0.04;0.33;84.92;90.515;0.125;0.21;0.0;0.0;61.815;32.31;3.795;70.2;;2024-05-13;06:00
76;Occitanie;Données définitives;3015.0;1.0;2497.0;67.0;2181.0;-33.0;105.5;-1848.0;0.0;0.0;45.5;0.0;0.03;0.33;82.965;95.305;1.495;2.745;2.165;1.845;72.175;40.805;3.505;69.87;;2024-05-13;07:00
76;Occitanie;Données définitives;3300.0;1.0;2536.0;379.5;2628.5;-33.0;105.5;-2407.5;0.0;0.0;90.5;0.0;0.03;0.33;76.89;96.795;2.7350000000000003;5.455;11.42;10.455;79.715;49.175;3.2;69.87;;2024-05-13;08:00
76;Occitanie;Données définitives;3666.0;1.0;2550.0;988.5;2328.0;-36.0;104.0;-2414.0;0.0;0.0;145.5;0.0;0.03;0.33;69.63;97.33;3.96;8.775;26.835;27.240000000000002;63.685;43.55;2.84;68.87;;2024-05-13;09:00
76;Occitanie;Données définitives;3817.0;1.0;2549.5;1618.0;1670.0;-210.0;103.0;-2096.0;0.0;0.0;180.5;0.0;0.03;0.33;66.795;97.31;4.73;10.885;42.385000000000005;44.585;43.755;31.244999999999997;2.7;68.21;;2024-05-13;10:00
76;Occitanie;Données définitives;3777.5;1.0;2548.0;2157.0;1434.0;-429.5;106.0;-2247.5;0.0;0.0;208.5;0.0;0.03;0.33;67.455;97.25;5.52;12.575;57.1;59.44;37.96;26.83;2.8049999999999997;70.195;;2024-05-13;11:00
76;Occitanie;Données définitives;4060.5;1.0;2539.5;2160.0;1578.5;-232.5;106.5;-2265.0;0.0;0.0;173.5;0.0;0.025;0.33;62.58;96.92500000000001;4.29;10.465;53.29;59.52;38.935;29.53;2.625;70.53;;2024-05-13;12:00
76;Occitanie;Données définitives;3981.0;1.0;2532.0;2165.0;1355.0;-643.0;107.0;-1716.5;0.0;0.0;181.5;0.0;0.025;0.33;63.61;96.64;4.565;10.945;54.395;59.66;34.03;25.35;2.6900000000000004;70.86;;2024-05-13;13:00
76;Occitanie;Données définitives;3880.0;1.0;2521.5;2209.0;1265.5;-682.0;107.0;-1783.0;0.0;0.0;242.0;0.0;0.03;0.33;64.995;96.24000000000001;6.244999999999999;14.594999999999999;56.935;60.870000000000005;32.615;23.68;2.76;70.86;;2024-05-13;14:00
76;Occitanie;Données définitives;3706.0;1.0;2513.5;2303.5;1268.5;-279.0;105.0;-2596.0;0.0;0.0;390.0;0.0;0.03;0.33;67.82499999999999;95.935;10.51;23.520000000000003;62.14;63.475;34.230000000000004;23.735;2.835;69.54;;2024-05-13;15:00
76;Occitanie;Données définitives;3541.5;1.0;2505.0;2323.0;1294.5;-573.5;105.5;-2718.0;0.0;0.0;604.5;0.0;0.03;0.33;70.73;95.61;17.07;36.46;65.59;64.015;36.555;24.22;2.975;69.87;;2024-05-13;16:00
76;Occitanie;Données définitives;3504.0;1.0;2504.0;1693.5;1379.0;-686.0;108.5;-2165.0;0.0;0.0;671.0;0.0;0.03;0.33;71.46000000000001;95.57;19.15;40.47;48.33;46.665;39.355000000000004;25.8;3.0949999999999998;71.85499999999999;;2024-05-13;17:00
76;Occitanie;Données définitives;3422.0;1.0;2504.0;952.0;1567.0;-558.5;109.0;-1843.5;0.0;0.0;691.5;0.0;0.03;0.33;73.195;95.57;20.21;41.71;27.759999999999998;26.235;45.879999999999995;29.32;3.185;72.185;;2024-05-13;18:00
76;Occitanie;Données définitives;3689.5;1.0;2510.0;455.0;2131.0;-54.0;107.5;-2117.5;0.0;0.0;656.5;0.0;0.03;0.33;68.03;95.805;17.795;39.595;12.335;12.54;57.754999999999995;39.87;2.915;71.195;;2024-05-13;19:00
76;Occitanie;Données définitives;3697.0;1.0;2517.0;159.0;2678.5;-52.0;112.0;-2342.5;0.0;0.0;624.5;0.0;0.03;0.33;68.125;96.07;16.9;37.67;4.265;4.385;72.505;50.11;3.035;74.17;;2024-05-13;20:00
76;Occitanie;Données définitives;3628.5;1.0;2522.5;11.0;2586.5;-51.0;108.5;-2173.0;0.0;0.0;623.0;0.0;0.03;0.33;69.565;96.275;17.185000000000002;37.575;0.31;0.305;71.33500000000001;48.394999999999996;2.99;71.85499999999999;;2024-05-13;21:00
76;Occitanie;Données définitives;3367.0;1.0;2531.5;0.0;2077.5;-51.0;106.5;-1914.0;0.0;0.0;615.5;0.0;0.03;0.33;75.23;96.625;18.295;37.120000000000005;0.0;0.0;61.765;38.865;3.165;70.53;;2024-05-13;22:00
76;Occitanie;Données définitives;3561.0;1.0;2538.5;0.0;2487.0;-51.0;107.0;-2200.5;0.0;0.0;679.0;0.0;0.03;0.33;71.31;96.89;19.085;40.955;0.0;0.0;69.86500000000001;46.53;3.01;70.86500000000001;;2024-05-13;23:00
76;Occitanie;Données définitives;3430.0;1.0;2431.0;0.0;2105.0;-40.5;60.5;-1712.5;0.0;0.0;585.5;0.0;0.03;0.33;70.92500000000001;92.785;17.095;35.315;0.0;0.0;61.425;39.379999999999995;1.7650000000000001;40.07;;2024-06-11;00:00
76;Occitanie;Données définitives;3027.0;1.0;2378.0;0.0;1824.0;-56.0;60.0;-1801.5;0.0;0.0;622.5;0.0;0.03;0.33;78.58;90.75999999999999;20.57;37.545;0.0;0.0;60.28;34.125;1.9849999999999999;39.74;;2024-06-11;01:00
76;Occitanie;Données définitives;2953.5;1.0;2410.0;0.0;1791.5;-56.0;60.5;-1849.0;0.0;0.0;596.0;0.0;0.03;0.33;81.60499999999999;91.98;20.175;35.945;0.0;0.0;60.629999999999995;33.519999999999996;2.05;40.07;;2024-06-11;02:00
76;Occitanie;Données définitives;2845.0;1.0;2476.0;0.0;1180.5;-56.0;61.0;-1388.0;0.0;0.0;571.0;0.0;0.035;0.33;87.08;94.505;20.07;34.44;0.0;0.0;41.489999999999995;22.090000000000003;2.145;40.4;;2024-06-11;03:00
76;Occitanie;Données définitives;2730.5;1.0;2557.0;0.0;1163.0;-325.5;73.0;-1260.5;0.0;0.0;523.5;0.0;0.04;0.33;93.675;97.595;19.174999999999997;31.575;0.0;0.0;42.61;21.755;2.68;48.345;;2024-06-11;04:00
76;Occitanie;Données définitives;2626.5;1.0;2558.5;0.0;1241.0;-318.0;71.5;-1478.5;0.0;0.0;551.5;0.0;0.04;0.33;97.455;97.65;21.025;33.26;0.0;0.0;47.34;23.22;2.7199999999999998;47.35;;2024-06-11;05:00
76;Occitanie;Données définitives;2815.0;1.0;2559.0;4.0;1498.5;-56.0;75.5;-1864.5;0.0;0.0;598.0;0.0;0.04;0.33;90.91;97.67;21.244999999999997;36.07;0.14;0.11;53.21;28.034999999999997;2.6799999999999997;50.0;;2024-06-11;06:00
76;Occitanie;Données définitives;3176.0;1.0;2557.5;106.5;2009.0;-49.5;76.0;-2131.0;0.0;0.0;607.0;0.0;0.03;0.33;80.625;97.615;19.14;36.61;3.305;2.935;63.245000000000005;37.59;2.395;50.33;;2024-06-11;07:00
76;Occitanie;Données définitives;3516.0;1.0;2556.5;408.0;2063.0;-43.0;76.5;-2168.0;0.0;0.0;623.0;0.0;0.03;0.33;72.74000000000001;97.58;17.715;37.575;11.55;11.239999999999998;58.72;38.595;2.175;50.66;;2024-06-11;08:00
76;Occitanie;Données définitives;3704.5;1.0;2556.0;831.0;1876.5;-40.0;77.5;-2263.5;0.0;0.0;668.0;0.0;0.03;0.33;69.0;97.56;18.035;40.29;22.435000000000002;22.9;50.650000000000006;35.11;2.0949999999999998;51.325;;2024-06-11;09:00
76;Occitanie;Données définitives;3993.5;1.0;2281.5;1285.5;1638.0;-42.0;78.5;-1908.0;0.0;0.0;660.0;0.0;0.025;0.33;57.114999999999995;87.08;16.53;39.805;32.2;35.425;41.010000000000005;30.644999999999996;1.9649999999999999;51.989999999999995;;2024-06-11;10:00
76;Occitanie;Données définitives;3880.5;1.0;1686.0;1670.0;1461.5;-50.0;79.5;-1616.0;0.0;0.0;648.0;0.0;0.03;0.33;43.45;64.355;16.700000000000003;39.08;43.01;46.015;37.67;27.345;2.05;52.65;;2024-06-11;11:00
76;Occitanie;Données définitives;4090.5;1.0;1580.5;1954.5;1782.5;-50.0;80.0;-1886.0;0.0;0.0;628.0;0.0;0.02;0.33;38.655;60.32;15.35;37.875;47.769999999999996;53.86;43.57;33.35;1.955;52.980000000000004;;2024-06-11;12:00
76;Occitanie;Données définitives;4178.0;1.0;1662.0;2091.0;1581.0;-119.5;80.0;-1739.5;0.0;0.0;622.0;0.0;0.02;0.33;39.785;63.435;14.89;37.515;50.06;57.620000000000005;37.82;29.58;1.915;52.98;;2024-06-11;13:00
76;Occitanie;Données définitives;4025.0;1.0;1662.0;2110.5;1298.0;-455.5;78.0;-1274.0;0.0;0.0;605.0;0.0;0.025;0.33;41.33;63.435;15.04;36.49;52.465;58.155;32.205;24.28;1.94;51.655;;2024-06-11;14:00
76;Occitanie;Données définitives;3939.0;1.0;1662.0;2014.5;1096.0;-455.0;76.0;-1032.0;0.0;0.0;578.5;0.0;0.03;0.33;42.19499999999999;63.44;14.690000000000001;34.89;51.135000000000005;55.515;27.810000000000002;20.505000000000003;1.93;50.33;;2024-06-11;15:00
76;Occitanie;Données définitives;3795.5;1.0;1658.5;1761.0;1013.5;-454.0;77.0;-812.5;0.0;0.0;553.5;0.0;0.03;0.33;43.7;63.3;14.585;33.385;46.405;48.525;26.7;18.965;2.0300000000000002;50.99;;2024-06-11;16:00
76;Occitanie;Données définitives;3598.5;1.0;1660.0;1416.0;1060.0;-447.5;79.5;-693.5;0.0;0.0;524.0;0.0;0.03;0.33;46.13;63.36;14.559999999999999;31.605;39.345;39.019999999999996;29.46;19.83;2.21;52.65;;2024-06-11;17:00
76;Occitanie;Données définitives;3655.5;1.0;1678.5;1040.5;1224.0;-92.5;87.5;-772.0;0.0;0.0;488.5;0.0;0.03;0.33;45.955;64.065;13.375;29.465;28.535;28.674999999999997;33.485;22.9;2.39;57.95;;2024-06-11;18:00
76;Occitanie;Données définitives;3849.5;1.0;1643.5;640.5;1596.0;-14.0;87.0;-557.0;0.0;0.0;454.0;0.0;0.03;0.33;42.695;62.730000000000004;11.795;27.380000000000003;16.66;17.65;41.425;29.86;2.26;57.62;;2024-06-11;19:00
76;Occitanie;Données définitives;3762.0;1.0;1892.5;287.0;1988.5;-14.0;87.0;-914.0;0.0;0.0;434.0;0.0;0.03;0.33;50.46;72.22999999999999;11.535;26.174999999999997;7.59;7.91;52.9;37.205;2.315;57.615;;2024-06-11;20:00
76;Occitanie;Données définitives;3482.0;1.0;2384.5;57.0;1821.0;-14.0;85.5;-1265.5;0.0;0.0;412.0;0.0;0.03;0.33;68.53;91.00999999999999;11.835;24.85;1.62;1.57;52.355000000000004;34.065;2.455;56.620000000000005;;2024-06-11;21:00
76;Occitanie;Données définitives;3494.5;1.0;2422.0;0.0;1860.5;-14.0;80.0;-1238.5;0.0;0.0;382.0;0.0;0.03;0.33;69.325;92.445;10.940000000000001;23.04;0.0;0.0;53.245000000000005;34.81;2.29;52.98;;2024-06-11;22:00
76;Occitanie;Données définitives;3678.5;1.0;2428.0;0.0;2295.0;-14.0;78.0;-1447.5;0.0;0.0;338.5;0.0;0.03;0.33;66.065;92.67;9.205;20.415;0.0;0.0;62.45;42.935;2.12;51.66;;2024-06-11;23:00
76;Occitanie;Données définitives;3864.0;1.0;1206.5;0.5;1727.0;0.0;101.5;787.0;0.0;0.0;40.0;0.0;0.03;0.33;31.259999999999998;46.05;1.0350000000000001;2.41;0.015;0.015;44.715;32.31;2.635;67.22;;2024-07-10;00:00
76;Occitanie;Données définitives;3306.5;1.0;1209.0;0.0;1152.5;0.0;105.5;790.5;0.0;0.0;48.0;0.0;0.03;0.33;36.57;46.15;1.455;2.895;0.0;0.0;34.86;21.56;3.1950000000000003;69.86500000000001;;2024-07-10;01:00
76;Occitanie;Données définitives;3189.0;1.0;1209.0;0.0;940.5;0.0;105.5;877.0;0.0;0.0;56.0;0.0;0.03;0.33;37.915;46.15;1.755;3.375;0.0;0.0;29.494999999999997;17.595;3.3099999999999996;69.87;;2024-07-10;02:00
76;Occitanie;Données définitives;3037.0;1.0;1208.5;0.0;796.0;0.0;106.5;906.0;0.0;0.0;21.0;0.0;0.03;0.33;39.8;46.129999999999995;0.69;1.27;0.0;0.0;26.225;14.89;3.51;70.53;;2024-07-10;03:00
76;Occitanie;Données définitives;2925.0;1.0;1207.5;0.0;777.0;-13.5;106.5;819.0;0.0;0.0;28.0;0.0;0.03;0.33;41.290000000000006;46.09;0.96;1.69;0.0;0.0;26.56;14.535;3.6399999999999997;70.53;;2024-07-10;04:00
76;Occitanie;Données définitives;2874.0;1.0;1207.5;0.0;935.0;-1.0;107.0;603.0;0.0;0.0;22.0;0.0;0.035;0.33;42.025;46.09;0.77;1.33;0.0;0.0;32.54;17.494999999999997;3.7199999999999998;70.86;;2024-07-10;05:00
76;Occitanie;Données définitives;3015.0;1.0;1208.5;1.0;1299.5;0.0;108.0;389.0;0.0;0.0;8.5;0.0;0.03;0.33;40.085;46.129999999999995;0.28;0.51;0.035;0.03;43.16;24.315;3.585;71.52;;2024-07-10;06:00
76;Occitanie;Données définitives;3264.0;1.0;1209.5;94.0;1492.5;0.0;107.5;349.0;0.0;0.0;11.0;0.0;0.03;0.33;37.115;46.165;0.33499999999999996;0.66;2.8200000000000003;2.59;45.91;27.924999999999997;3.3;71.19;;2024-07-10;07:00
76;Occitanie;Données définitives;3490.5;1.0;1209.0;459.0;1354.0;0.0;108.0;338.5;0.0;0.0;21.0;0.0;0.03;0.33;34.650000000000006;46.15;0.6000000000000001;1.27;13.09;12.65;38.769999999999996;25.33;3.0949999999999998;71.52;;2024-07-10;08:00
76;Occitanie;Données définitives;3889.5;1.0;1207.5;1065.5;1320.5;-2.0;104.5;175.0;0.0;0.0;17.0;0.0;0.03;0.33;31.055;46.09;0.43999999999999995;1.025;27.32;29.36;33.965;24.705;2.685;69.20500000000001;;2024-07-10;09:00
76;Occitanie;Données définitives;4139.5;1.0;1205.0;1732.0;1254.5;-4.0;105.5;-160.5;0.0;0.0;6.5;0.0;0.02;0.33;29.130000000000003;45.99;0.16;0.39;41.775;47.724999999999994;30.33;23.47;2.55;69.86500000000001;;2024-07-10;10:00
76;Occitanie;Données définitives;4337.0;1.0;1202.0;2313.0;958.5;-0.5;111.0;-248.0;0.0;0.0;1.5;0.0;0.02;0.33;27.715;45.88;0.035;0.09;53.325;63.735;22.11;17.93;2.5599999999999996;73.51;;2024-07-10;11:00
76;Occitanie;Données définitives;4609.0;1.0;1201.0;2688.5;757.5;-569.0;112.5;417.0;0.0;0.0;1.5;0.0;0.02;0.33;26.06;45.84;0.03;0.09;58.349999999999994;74.08500000000001;16.439999999999998;14.175;2.4450000000000003;74.505;;2024-07-10;12:00
76;Occitanie;Données définitives;4519.0;1.0;1199.5;2902.0;760.0;-394.0;113.0;-67.0;0.0;0.0;5.5;0.0;0.02;0.33;26.55;45.78;0.12;0.32999999999999996;64.24000000000001;79.97;16.82;14.219999999999999;2.5;74.83;;2024-07-10;13:00
76;Occitanie;Données définitives;4627.0;1.0;1197.0;2956.0;761.5;-19.0;112.5;-389.5;0.0;0.0;6.5;0.0;0.02;0.33;25.869999999999997;45.69;0.14;0.39;63.89;81.455;16.455;14.245000000000001;2.4299999999999997;74.5;;2024-07-10;14:00
76;Occitanie;Données définitives;4599.5;1.0;1195.0;2870.5;775.5;-20.0;110.5;-344.0;0.0;0.0;10.5;0.0;0.02;0.33;25.985;45.61;0.22999999999999998;0.63;62.425;79.1;16.86;14.510000000000002;2.4050000000000002;73.18;;2024-07-10;15:00
76;Occitanie;Données définitives;4595.0;1.0;1192.5;2645.5;731.5;-289.0;108.5;189.5;0.0;0.0;16.0;0.0;0.02;0.33;25.965;45.515;0.35;0.9650000000000001;57.565;72.89500000000001;15.91;13.684999999999999;2.365;71.85499999999999;;2024-07-10;16:00
76;Occitanie;Données définitives;4411.0;1.0;1191.0;2252.0;689.5;-579.0;111.5;722.5;0.0;0.0;23.0;0.0;0.02;0.33;27.005;45.46;0.52;1.3900000000000001;51.035;62.055;15.635;12.9;2.5300000000000002;73.84;;2024-07-10;17:00
76;Occitanie;Données définitives;4279.0;1.0;1188.5;1699.0;723.5;-549.0;113.5;1052.0;0.0;0.0;51.0;0.0;0.02;0.33;27.78;45.36;1.19;3.075;39.67;46.815;16.915;13.535;2.6550000000000002;75.16499999999999;;2024-07-10;18:00
76;Occitanie;Données définitives;4411.5;1.0;1188.5;1029.5;1130.0;0.0;114.0;873.5;0.0;0.0;76.0;0.0;0.02;0.33;26.939999999999998;45.36;1.725;4.585;23.310000000000002;28.369999999999997;25.67;21.145;2.585;75.5;;2024-07-10;19:00
76;Occitanie;Données définitives;4434.5;1.0;1188.0;408.5;1888.5;0.0;111.0;736.5;0.0;0.0;101.0;0.0;0.02;0.33;26.795;45.34;2.2800000000000002;6.09;9.17;11.254999999999999;42.635000000000005;35.335;2.505;73.51;;2024-07-10;20:00
76;Occitanie;Données définitives;4159.0;1.0;1188.0;76.5;1843.5;0.0;108.5;836.5;0.0;0.0;104.5;0.0;0.02;0.33;28.564999999999998;45.34;2.5149999999999997;6.3;1.835;2.11;44.325;34.489999999999995;2.6100000000000003;71.85499999999999;;2024-07-10;21:00
76;Occitanie;Données définitives;4115.5;1.0;1189.0;4.5;1706.5;0.0;112.0;1003.0;0.0;0.0;101.0;0.0;0.02;0.33;28.895;45.38;2.45;6.09;0.11;0.125;41.485;31.925;2.7199999999999998;74.17;;2024-07-10;22:00
76;Occitanie;Données définitives;4139.0;1.0;1191.0;3.0;1736.5;0.0;114.0;1001.0;0.0;0.0;94.5;0.0;0.02;0.33;28.805;45.46;2.2800000000000002;5.699999999999999;0.07;0.08;42.01;32.489999999999995;2.755;75.5;;2024-07-10;23:00
76;Occitanie;Données définitives;3676.0;1.0;1223.5;2.0;892.5;0.0;99.5;853.0;0.0;0.0;604.5;0.0;0.03;0.33;33.29;46.7;16.435000000000002;36.46;0.055;0.06;24.235;16.7;2.705;65.89500000000001;;2024-08-20;00:00
76;Occitanie;Données définitives;3186.0;1.0;1226.5;1.0;391.5;-218.0;99.0;1171.0;0.0;0.0;515.0;0.0;0.03;0.33;38.51;46.81;16.16;31.065;0.03;0.03;12.295000000000002;7.325;3.11;65.565;;2024-08-20;01:00
76;Occitanie;Données définitives;3088.0;1.0;1230.0;1.0;376.5;-569.0;97.0;1479.0;0.0;0.0;472.5;0.0;0.03;0.33;39.84;46.94499999999999;15.31;28.495;0.03;0.03;12.2;7.045;3.14;64.235;;2024-08-20;02:00
76;Occitanie;Données définitives;2891.0;1.0;1230.0;0.5;348.0;-688.5;94.0;1503.0;0.0;0.0;403.0;0.0;0.035;0.33;42.620000000000005;46.94499999999999;13.93;24.305;0.015;0.015;12.059999999999999;6.51;3.26;62.25;;2024-08-20;03:00
76;Occitanie;Données définitives;2827.0;1.0;1232.0;0.0;346.5;-207.5;91.0;974.5;0.0;0.0;391.0;0.0;0.04;0.33;43.585;47.02;13.84;23.585;0.0;0.0;12.254999999999999;6.48;3.22;60.265;;2024-08-20;04:00
76;Occitanie;Données définitives;2809.5;1.0;1232.5;0.0;356.0;-298.0;94.5;964.5;0.0;0.0;459.5;0.0;0.035;0.33;43.885;47.040000000000006;16.35;27.715;0.0;0.0;12.67;6.66;3.365;62.585;;2024-08-20;05:00
76;Occitanie;Données définitives;2872.0;1.0;1233.0;0.0;361.5;-647.0;94.5;1312.0;0.0;0.0;516.5;0.0;0.03;0.33;42.93;47.06;17.985;31.155;0.0;0.0;12.585;6.765000000000001;3.29;62.584999999999994;;2024-08-20;06:00
76;Occitanie;Données définitives;3071.5;1.0;1235.0;15.0;379.5;-103.5;97.0;877.0;0.0;0.0;570.5;0.0;0.03;0.33;40.21;47.14;18.57;34.405;0.485;0.415;12.35;7.1;3.16;64.24000000000001;;2024-08-20;07:00
76;Occitanie;Données définitives;3231.5;1.0;1236.5;270.0;1017.0;0.0;92.5;27.0;0.0;0.0;588.0;0.0;0.03;0.33;38.295;47.195;18.205;35.465;8.26;7.4399999999999995;31.400000000000002;19.025;2.865;61.260000000000005;;2024-08-20;08:00
76;Occitanie;Données définitives;3644.5;1.0;1235.0;906.5;944.5;0.0;92.0;-40.0;0.0;0.0;506.5;0.0;0.03;0.33;33.91;47.14;13.93;30.55;24.759999999999998;24.98;25.985;17.67;2.525;60.93;;2024-08-20;09:00
76;Occitanie;Données définitives;3840.5;1.0;1229.5;1684.5;839.5;0.0;89.0;-408.0;0.0;0.0;405.0;0.0;0.03;0.33;32.035;46.925;10.56;24.424999999999997;43.769999999999996;46.42;21.735;15.71;2.3200000000000003;58.94;;2024-08-20;10:00
76;Occitanie;Données définitives;4056.5;4.5;1225.5;2336.0;395.0;-165.5;91.0;-150.0;0.0;0.0;320.5;0.0;0.11499999999999999;1.495;30.225;46.775;7.915;19.33;57.54;64.37;9.76;7.390000000000001;2.245;60.265;;2024-08-20;11:00
76;Occitanie;Données définitives;4315.0;3.0;1221.0;2775.0;359.5;-688.5;91.5;270.5;0.0;0.0;284.5;0.0;0.06999999999999999;0.995;28.305;46.6;6.595000000000001;17.16;64.295;76.465;8.335;6.725;2.12;60.595;;2024-08-20;12:00
76;Occitanie;Données définitives;4422.5;1.0;1218.5;3008.5;347.5;-624.0;93.5;105.5;0.0;0.0;272.5;0.0;0.02;0.33;27.555;46.510000000000005;6.16;16.439999999999998;68.045;82.9;7.86;6.5;2.115;61.92;;2024-08-20;13:00
76;Occitanie;Données définitives;4325.0;1.0;1217.0;3059.5;334.0;-23.0;91.5;-642.0;0.0;0.0;287.0;0.0;0.02;0.33;28.145;46.45;6.635;17.310000000000002;70.75;84.305;7.725;6.25;2.115;60.595;;2024-08-20;14:00
76;Occitanie;Données définitives;4305.5;4.0;1214.5;2953.0;622.5;-21.0;92.0;-865.5;0.0;0.0;307.0;0.0;0.095;1.325;28.215;46.355000000000004;7.13;18.515;68.61500000000001;81.375;14.419999999999998;11.645;2.135;60.93;;2024-08-20;15:00
76;Occitanie;Données définitives;4249.5;3.0;1212.5;2661.5;619.5;-21.0;89.5;-713.0;0.0;0.0;399.0;0.0;0.06999999999999999;0.995;28.53;46.28;9.39;24.064999999999998;62.614999999999995;73.34;14.55;11.59;2.11;59.269999999999996;;2024-08-20;16:00
76;Occitanie;Données définitives;4202.0;1.0;1209.0;2169.5;360.0;-10.0;91.5;-109.0;0.0;0.0;491.5;0.0;0.02;0.33;28.77;46.15;11.695;29.645;51.625;59.78;8.565;6.734999999999999;2.175;60.595;;2024-08-20;17:00
76;Occitanie;Données définitives;4237.5;1.0;1207.5;1484.5;361.5;-10.0;88.5;507.0;0.0;0.0;596.5;0.0;0.02;0.33;28.494999999999997;46.09;14.075;35.975;35.07;40.905;8.530000000000001;6.765000000000001;2.09;58.61;;2024-08-20;18:00
76;Occitanie;Données définitives;4201.0;1.0;1209.5;724.0;1162.5;-5.0;91.0;342.5;0.0;0.0;676.0;0.0;0.02;0.33;28.8;46.165;16.09;40.775;17.314999999999998;19.95;27.63;21.75;2.165;60.26;;2024-08-20;19:00
76;Occitanie;Données définitives;4144.0;1.0;1209.0;183.5;1590.0;0.0;90.0;369.5;0.0;0.0;702.0;0.0;0.02;0.33;29.175;46.15;16.939999999999998;42.34;4.4350000000000005;5.055;38.36;29.745;2.17;59.599999999999994;;2024-08-20;20:00
76;Occitanie;Données définitives;4036.0;1.0;1209.5;7.5;1696.0;0.0;90.5;248.5;0.0;0.0;784.0;0.0;0.02;0.33;29.965;46.165;19.42;47.285;0.185;0.20500000000000002;42.019999999999996;31.73;2.24;59.935;;2024-08-20;21:00
76;Occitanie;Données définitives;3882.0;1.0;1213.0;2.5;1448.5;0.0;95.0;244.5;0.0;0.0;879.5;0.0;0.03;0.33;31.25;46.3;22.655;53.045;0.065;0.07;37.34;27.1;2.4450000000000003;62.915;;2024-08-20;22:00
76;Occitanie;Données définitives;3931.0;1.0;1213.5;2.0;1230.5;0.0;97.5;447.0;0.0;0.0;940.0;0.0;0.025;0.33;30.880000000000003;46.32;23.925;56.695;0.05;0.06;31.285;23.025;2.48;64.57;;2024-08-20;23:00
76;Occitanie;Données définitives;3415.0;1.0;1218.5;0.0;1292.0;0.0;101.5;135.5;0.0;0.0;666.0;0.0;0.03;0.33;35.74;46.510000000000005;19.525;40.17;0.0;0.0;37.905;24.17;2.98;67.22;;2024-09-12;00:00
76;Occitanie;Données définitives;2942.5;1.0;1217.5;0.0;926.5;-32.5;106.5;49.5;0.0;0.0;675.0;0.0;0.03;0.33;41.375;46.47;22.945;40.71;0.0;0.0;31.505;17.335;3.615;70.53;;2024-09-12;01:00
76;Occitanie;Données définitives;2888.0;1.0;1218.0;0.0;479.0;-86.0;106.5;495.5;0.0;0.0;675.0;0.0;0.035;0.33;42.18;46.49;23.384999999999998;40.715;0.0;0.0;16.585;8.96;3.6900000000000004;70.53;;2024-09-12;02:00
76;Occitanie;Données définitives;2797.0;1.0;1219.5;0.0;463.0;-395.0;107.5;650.5;0.0;0.0;751.0;0.0;0.04;0.33;43.599999999999994;46.545;26.855;45.295;0.0;0.0;16.55;8.665;3.84;71.19;;2024-09-12;03:00
76;Occitanie;Données définitives;2618.5;1.0;1220.0;0.0;432.5;-641.5;110.5;671.0;0.0;0.0;825.5;0.0;0.04;0.33;46.61;46.56;31.54;49.790000000000006;0.0;0.0;16.515;8.09;4.220000000000001;73.18;;2024-09-12;04:00
76;Occitanie;Données définitives;2550.0;1.0;1221.5;0.0;428.0;-640.0;109.5;634.0;0.0;0.0;796.0;0.0;0.04;0.33;47.92;46.620000000000005;31.240000000000002;48.01;0.0;0.0;16.79;8.004999999999999;4.295;72.52;;2024-09-12;05:00
76;Occitanie;Données définitives;2699.5;1.0;1223.0;0.0;506.0;-375.0;109.5;502.5;0.0;0.0;733.0;0.0;0.04;0.33;45.305;46.68;27.15;44.21;0.0;0.0;18.745;9.465;4.055;72.52;;2024-09-12;06:00
76;Occitanie;Données définitives;3130.5;1.0;1224.0;0.0;1324.0;-0.5;110.0;-189.5;0.0;0.0;662.0;0.0;0.03;0.33;39.239999999999995;46.72;21.225;39.93;0.0;0.0;42.135000000000005;24.770000000000003;3.5300000000000002;72.85;;2024-09-12;07:00
76;Occitanie;Données définitives;3484.5;1.0;1224.0;67.5;1896.5;0.0;102.5;-455.5;0.0;0.0;648.5;0.0;0.03;0.33;35.285;46.72;18.729999999999997;39.115;1.85;1.86;54.64;35.485;2.955;67.88;;2024-09-12;08:00
76;Occitanie;Données définitives;3680.0;1.0;1223.5;419.5;1787.0;0.0;102.5;-460.0;0.0;0.0;607.0;0.0;0.03;0.33;33.25;46.7;16.5;36.61;11.365;11.559999999999999;48.6;33.435;2.785;67.88;;2024-09-12;09:00
76;Occitanie;Données définitives;3913.0;1.5;1223.0;940.0;1024.0;0.0;100.5;64.0;0.0;0.0;561.0;0.0;0.04;0.495;31.26;46.68;14.34;33.834999999999994;23.985;25.9;26.189999999999998;19.16;2.5700000000000003;66.555;;2024-09-12;10:00
76;Occitanie;Données définitives;3857.0;4.0;1224.0;1490.0;615.0;-4.5;96.0;-201.5;0.0;0.0;635.5;0.0;0.10500000000000001;1.33;31.735;46.72;16.48;38.33;38.64;41.055;15.945;11.504999999999999;2.49;63.574999999999996;;2024-09-12;11:00
76;Occitanie;Données définitives;4040.0;2.5;1222.5;1934.0;557.5;-33.0;96.0;-537.5;0.0;0.0;797.0;0.0;0.060000000000000005;0.8300000000000001;30.265;46.66;19.71;48.07;47.834999999999994;53.295;13.805;10.43;2.375;63.58;;2024-09-12;12:00
76;Occitanie;Données définitives;4146.0;1.0;1220.5;2293.0;535.5;-80.5;97.5;-854.5;0.0;0.0;933.0;0.0;0.02;0.33;29.439999999999998;46.58;22.505000000000003;56.275;55.3;63.185;12.915;10.02;2.35;64.57;;2024-09-12;13:00
76;Occitanie;Données définitives;4022.0;1.0;1220.5;2478.0;484.5;-627.0;97.5;-581.5;0.0;0.0;951.0;0.0;0.025;0.33;30.355;46.58;23.655;57.36;61.64;68.28;12.030000000000001;9.065000000000001;2.425;64.57;;2024-09-12;14:00
76;Occitanie;Données définitives;3955.5;1.0;1220.5;2448.0;447.5;-644.0;98.0;-632.5;0.0;0.0;1017.5;0.0;0.025;0.33;30.86;46.58;25.73;61.37;61.89;67.46000000000001;11.315000000000001;8.370000000000001;2.48;64.9;;2024-09-12;15:00
76;Occitanie;Données définitives;3811.0;1.0;1221.0;2201.0;471.0;-642.5;99.0;-569.5;0.0;0.0;1030.0;0.0;0.03;0.33;32.04;46.6;27.03;62.12;57.724999999999994;60.65;12.364999999999998;8.815000000000001;2.5999999999999996;65.56;;2024-09-12;16:00
76;Occitanie;Données définitives;3670.5;1.0;1219.0;1710.0;423.5;-640.0;99.5;-189.0;0.0;0.0;1045.5;0.0;0.03;0.33;33.22;46.53;28.494999999999997;63.06;46.535;47.120000000000005;11.54;7.925;2.71;65.89500000000001;;2024-09-12;17:00
76;Occitanie;Données définitives;3563.0;1.0;1217.5;1082.5;503.0;-480.0;101.5;83.0;0.0;0.0;1055.0;0.0;0.03;0.33;34.18;46.47;29.615000000000002;63.63;30.310000000000002;29.825;14.15;9.41;2.85;67.215;;2024-09-12;18:00
76;Occitanie;Données définitives;3698.5;1.0;1220.0;411.0;1206.0;0.0;108.0;-252.0;0.0;0.0;1005.0;0.0;0.03;0.33;33.09;46.565;27.285;60.614999999999995;11.395;11.325;32.235;22.565;2.925;71.52;;2024-09-12;19:00
76;Occitanie;Données définitives;3817.0;1.0;1223.5;34.0;1847.0;0.0;108.5;-305.0;0.0;0.0;908.0;0.0;0.03;0.33;32.065;46.7;23.799999999999997;54.765;0.905;0.935;48.4;34.555;2.8449999999999998;71.85499999999999;;2024-09-12;20:00
76;Occitanie;Données définitives;3645.0;1.0;1224.5;1.5;1676.5;0.0;108.5;-254.0;0.0;0.0;887.5;0.0;0.03;0.33;33.595;46.739999999999995;24.35;53.53;0.04;0.045;45.995000000000005;31.365000000000002;2.975;71.85499999999999;;2024-09-12;21:00
76;Occitanie;Données définitives;3367.0;1.0;1225.0;1.0;1347.0;0.0;107.5;-190.5;0.0;0.0;875.0;0.0;0.03;0.33;36.415;46.76;26.03;52.775000000000006;0.03;0.03;40.03;25.205;3.2;71.19;;2024-09-12;22:00
76;Occitanie;Données définitives;3564.5;1.0;1224.5;1.0;1477.5;0.0;107.5;-77.5;0.0;0.0;831.5;0.0;0.03;0.33;34.349999999999994;46.739999999999995;23.33;50.155;0.03;0.03;41.44;27.64;3.0149999999999997;71.19;;2024-09-12;23:00
76;Occitanie;Données définitives;3298.5;1.0;2068.0;0.0;1271.0;-40.0;95.5;-607.5;0.0;0.0;510.0;0.0;0.03;0.33;62.790000000000006;78.935;15.54;30.759999999999998;0.0;0.0;38.565;23.775;2.895;63.245;;2024-10-02;00:00
76;Occitanie;Données définitives;2979.0;1.0;2072.5;0.0;1130.0;-45.5;96.5;-952.5;0.0;0.0;678.0;0.0;0.03;0.33;69.59;79.1;22.75;40.894999999999996;0.0;0.0;37.925;21.14;3.24;63.91;;2024-10-02;01:00
76;Occitanie;Données définitives;2902.0;1.0;2078.0;0.0;1152.5;-53.0;96.0;-1140.5;0.0;0.0;768.0;0.0;0.035;0.33;71.635;79.315;26.47;46.32;0.0;0.0;39.709999999999994;21.565;3.31;63.58;;2024-10-02;02:00
76;Occitanie;Données définitives;2800.5;1.0;2083.5;0.0;942.5;-53.0;96.5;-1021.5;0.0;0.0;750.5;0.0;0.035;0.33;74.43;79.525;26.810000000000002;45.265;0.0;0.0;33.58;17.635;3.4450000000000003;63.91;;2024-10-02;03:00
76;Occitanie;Données définitives;2723.5;1.0;2087.0;0.0;767.0;-53.0;96.0;-974.5;0.0;0.0;800.0;0.0;0.04;0.33;76.695;79.66;29.41;48.25;0.0;0.0;28.200000000000003;14.350000000000001;3.525;63.58;;2024-10-02;04:00
76;Occitanie;Données définitives;2601.0;1.0;2087.5;0.0;819.0;-53.0;95.5;-1096.5;0.0;0.0;747.5;0.0;0.04;0.33;80.33;79.675;28.79;45.085;0.0;0.0;31.485;15.325;3.675;63.245;;2024-10-02;05:00
76;Occitanie;Données définitives;2842.5;1.0;2091.5;0.0;1013.5;-53.0;95.0;-947.0;0.0;0.0;640.5;0.0;0.035;0.33;73.73;79.83;22.61;38.629999999999995;0.0;0.0;35.644999999999996;18.96;3.35;62.91;;2024-10-02;06:00
76;Occitanie;Données définitives;3151.5;1.0;2094.0;0.0;1416.5;-1.0;94.5;-1062.5;0.0;0.0;609.0;0.0;0.03;0.33;66.655;79.92;19.37;36.730000000000004;0.0;0.0;44.78;26.5;3.005;62.58;;2024-10-02;07:00
76;Occitanie;Données définitives;3566.5;3.0;2095.0;12.5;1749.5;0.0;94.5;-927.0;0.0;0.0;540.0;0.0;0.085;0.995;58.754999999999995;79.96000000000001;15.15;32.57;0.34500000000000003;0.34500000000000003;49.055;32.735;2.6500000000000004;62.58;;2024-10-02;08:00
76;Occitanie;Données définitives;3835.5;5.0;2098.5;134.0;1821.5;0.0;94.5;-839.5;0.0;0.0;522.0;0.0;0.13;1.66;54.769999999999996;80.095;13.635;31.485;3.465;3.6900000000000004;47.540000000000006;34.08;2.465;62.58;;2024-10-02;09:00
76;Occitanie;Données définitives;3769.0;5.0;2098.0;322.0;1790.0;0.0;92.5;-1040.5;0.0;0.0;501.0;0.0;0.135;1.66;55.745000000000005;80.08;13.305;30.215;8.495000000000001;8.875;47.58;33.49;2.46;61.260000000000005;;2024-10-02;10:00
76;Occitanie;Données définitives;3945.5;5.0;2094.5;662.0;1761.0;0.0;93.5;-1167.5;0.0;0.0;498.0;0.0;0.13;1.66;53.09;79.94;12.625;30.035;16.76;18.245;44.644999999999996;32.94499999999999;2.37;61.92;;2024-10-02;11:00
76;Occitanie;Données définitives;4197.0;5.0;2095.0;1063.5;1585.5;0.0;92.5;-1010.5;0.0;0.0;366.5;0.0;0.12;1.66;49.945;79.96;8.76;22.105;25.299999999999997;29.305;37.849999999999994;29.665;2.205;61.254999999999995;;2024-10-02;12:00
76;Occitanie;Données définitives;4277.0;5.0;2094.5;1485.5;1675.5;-4.0;92.5;-1300.5;0.0;0.0;227.5;0.0;0.11499999999999999;1.66;48.989999999999995;79.94;5.3100000000000005;13.72;34.8;40.93;39.19;31.35;2.165;61.260000000000005;;2024-10-02;13:00
76;Occitanie;Données définitives;4158.0;5.0;2093.5;1548.5;1339.0;-9.0;91.5;-1101.5;0.0;0.0;190.5;0.0;0.12;1.66;50.364999999999995;79.905;4.585;11.49;37.23;42.67;32.215;25.05;2.2;60.595;;2024-10-02;14:00
76;Occitanie;Données définitives;3993.0;5.0;2092.5;1280.5;1334.0;-9.0;91.5;-943.0;0.0;0.0;141.0;0.0;0.125;1.66;52.405;79.87;3.5300000000000002;8.504999999999999;32.08;35.285;33.415;24.96;2.295;60.595;;2024-10-02;15:00
76;Occitanie;Données définitives;3797.5;5.0;2086.5;841.0;1229.5;-5.5;91.5;-584.0;0.0;0.0;133.5;0.0;0.13;1.66;54.945;79.64;3.515;8.05;22.15;23.175;32.375;23.005;2.41;60.595;;2024-10-02;16:00
76;Occitanie;Données définitives;3771.5;6.5;2075.5;427.0;1318.5;0.0;92.0;-267.0;0.0;0.0;119.5;0.0;0.16999999999999998;2.16;55.035;79.215;3.17;7.21;11.3;11.765;34.975;24.67;2.4400000000000004;60.925;;2024-10-02;17:00
76;Occitanie;Données définitives;3707.0;5.0;2086.5;186.0;1565.5;0.0;92.5;-354.5;0.0;0.0;125.5;0.0;0.135;1.66;56.36;79.63499999999999;3.3899999999999997;7.57;5.07;5.125;42.205;29.29;2.5;61.260000000000005;;2024-10-02;18:00
76;Occitanie;Données définitives;4009.5;5.0;2090.5;32.5;2018.5;0.0;92.5;-341.0;0.0;0.0;110.5;0.0;0.125;1.66;52.144999999999996;79.78999999999999;2.76;6.665;0.82;0.895;50.34;37.765;2.31;61.260000000000005;;2024-10-02;19:00
76;Occitanie;Données définitives;4199.0;3.0;2091.0;0.0;2125.5;0.0;93.0;-211.0;0.0;0.0;97.5;0.0;0.065;0.995;49.864999999999995;79.81;2.325;5.88;0.0;0.0;50.715;39.765;2.2199999999999998;61.59;;2024-10-02;20:00
76;Occitanie;Données définitives;3734.5;1.0;2091.0;0.0;1841.0;0.0;92.0;-389.0;0.0;0.0;98.0;0.0;0.03;0.33;56.055;79.81;2.63;5.91;0.0;0.0;49.364999999999995;34.445;2.465;60.93;;2024-10-02;21:00
76;Occitanie;Données définitives;3519.0;1.0;2091.0;0.0;1622.5;0.0;92.0;-390.0;0.0;0.0;103.0;0.0;0.03;0.33;59.425;79.81;2.925;6.21;0.0;0.0;46.11;30.355;2.615;60.93;;2024-10-02;22:00
76;Occitanie;Données définitives;3614.0;1.0;2091.0;0.0;1673.5;0.0;93.5;-385.5;0.0;0.0;142.0;0.0;0.03;0.33;57.91;79.81;3.9400000000000004;8.565;0.0;0.0;46.334999999999994;31.310000000000002;2.585;61.92;;2024-10-02;23:00
76;Occitanie;Données définitives;3649.5;36.0;2563.5;0.0;1088.0;0.0;95.0;-599.5;0.0;0.0;467.5;0.0;0.99;11.96;70.315;97.845;12.81;28.195;0.0;0.0;29.765;20.355;2.605;62.91;;2024-11-08;00:00
76;Occitanie;Données définitives;3333.5;36.0;2561.5;0.0;913.0;-432.5;95.5;-262.0;0.0;0.0;421.5;0.0;1.085;11.96;76.885;97.76499999999999;12.66;25.425;0.0;0.0;27.384999999999998;17.08;2.865;63.245;;2024-11-08;01:00
76;Occitanie;Données définitives;3186.5;36.0;2563.5;0.0;1015.0;-498.5;95.5;-497.5;0.0;0.0;472.5;0.0;1.13;11.96;80.455;97.84;14.83;28.5;0.0;0.0;31.855;18.990000000000002;3.0;63.245;;2024-11-08;02:00
76;Occitanie;Données définitives;3104.0;36.0;2563.0;0.0;850.0;-488.0;99.0;-419.5;0.0;0.0;463.0;0.0;1.16;11.96;82.58;97.825;14.92;27.925;0.0;0.0;27.4;15.9;3.195;65.565;;2024-11-08;03:00
76;Occitanie;Données définitives;2898.5;36.0;2564.0;0.0;896.5;-839.5;96.0;-298.5;0.0;0.0;445.0;0.0;1.24;11.96;88.47999999999999;97.86;15.35;26.84;0.0;0.0;30.945;16.77;3.315;63.575;;2024-11-08;04:00
76;Occitanie;Données définitives;2816.5;36.0;2564.5;0.0;990.0;-832.0;98.0;-501.0;0.0;0.0;462.0;0.0;1.28;11.96;91.055;97.88;16.405;27.865000000000002;0.0;0.0;35.15;18.525;3.48;64.9;;2024-11-08;05:00
76;Occitanie;Données définitives;3243.5;36.5;2567.0;0.0;1098.0;-206.0;98.5;-790.0;0.0;0.0;439.5;0.0;1.13;12.125;79.215;97.97999999999999;13.565000000000001;26.509999999999998;0.0;0.0;33.894999999999996;20.54;3.04;65.23;;2024-11-08;06:00
76;Occitanie;Données définitives;3595.0;42.0;2568.0;0.0;1437.5;0.0;99.5;-1039.0;0.0;0.0;486.5;0.0;1.17;13.95;71.51499999999999;98.02;13.53;29.345;0.0;0.0;39.845;26.895;2.77;65.89500000000001;;2024-11-08;07:00
76;Occitanie;Données définitives;3841.5;41.0;2571.0;87.5;2075.5;0.0;97.0;-1503.5;0.0;0.0;473.5;0.0;1.065;13.62;66.925;98.13;12.325;28.555;2.28;2.41;54.035;38.83;2.525;64.24000000000001;;2024-11-08;08:00
76;Occitanie;Données définitives;4045.5;42.0;2569.5;593.5;2139.5;0.0;95.5;-1819.5;0.0;0.0;425.0;0.0;1.04;13.95;63.515;98.07499999999999;10.504999999999999;25.630000000000003;14.669999999999998;16.355;52.89;40.025;2.36;63.245;;2024-11-08;09:00
76;Occitanie;Données définitives;4101.0;40.5;2564.0;1238.5;2236.0;0.0;100.0;-2496.0;0.0;0.0;418.5;0.0;0.99;13.454999999999998;62.56999999999999;97.86;10.22;25.240000000000002;30.115000000000002;34.129999999999995;54.465;41.835;2.435;66.225;;2024-11-08;10:00
76;Occitanie;Données définitives;4064.0;41.5;2557.5;1619.5;1378.0;0.0;98.0;-2041.0;0.0;0.0;411.5;0.0;1.02;13.785;62.93;97.61500000000001;10.125;24.82;39.86;44.625;33.900000000000006;25.78;2.41;64.905;;2024-11-08;11:00
76;Occitanie;Données définitives;4270.0;40.0;2551.0;1877.0;1312.5;-9.0;96.0;-2052.0;0.0;0.0;454.0;0.0;0.935;13.29;59.760000000000005;97.36500000000001;10.635;27.380000000000003;43.965;51.72;30.755000000000003;24.555;2.25;63.58;;2024-11-08;12:00
76;Occitanie;Données définitives;4276.0;40.0;2543.5;1806.5;1283.5;0.0;98.5;-1957.5;0.0;0.0;462.0;0.0;0.935;13.29;59.489999999999995;97.08;10.81;27.865000000000002;42.24;49.78;30.005;24.009999999999998;2.3049999999999997;65.23;;2024-11-08;13:00
76;Occitanie;Données définitives;4033.0;38.0;2539.0;1513.0;1174.5;-0.5;96.5;-1782.0;0.0;0.0;455.0;0.0;0.94;12.625;62.965;96.91;11.275;27.445;37.49;41.69;29.14;21.975;2.395;63.91;;2024-11-08;14:00
76;Occitanie;Données définitives;3871.0;35.5;2536.0;1081.0;1611.0;-2.5;94.0;-1930.0;0.0;0.0;446.5;0.0;0.9199999999999999;11.79;65.51;96.795;11.535;26.93;27.94;29.785;41.61;30.14;2.4299999999999997;62.25;;2024-11-08;15:00
76;Occitanie;Données définitives;3687.0;41.0;2532.0;505.5;2059.5;0.0;94.0;-2050.0;0.0;0.0;504.0;0.0;1.115;13.62;68.71000000000001;96.64;13.675;30.4;13.64;13.93;55.879999999999995;38.53;2.5549999999999997;62.255;;2024-11-08;16:00
76;Occitanie;Données définitives;3579.5;40.0;2533.5;112.0;2484.5;0.0;104.0;-2215.0;0.0;0.0;520.5;0.0;1.12;13.29;70.8;96.7;14.555;31.395;3.0900000000000003;3.085;69.515;46.485;2.91;68.875;;2024-11-08;17:00
76;Occitanie;Données définitives;4192.0;40.0;2534.5;1.0;2966.5;0.0;104.0;-1996.0;0.0;0.0;543.5;0.0;0.955;13.29;60.480000000000004;96.73500000000001;12.975;32.78;0.02;0.03;70.82;55.5;2.485;68.87;;2024-11-08;18:00
76;Occitanie;Données définitives;4331.0;38.5;2535.0;0.0;2982.0;0.0;98.0;-1855.5;0.0;0.0;533.0;0.0;0.89;12.79;58.535;96.755;12.305;32.145;0.0;0.0;68.845;55.79;2.26;64.9;;2024-11-08;19:00
76;Occitanie;Données définitives;4159.5;36.0;2538.5;0.0;2583.5;0.0;104.5;-1614.5;0.0;0.0;511.5;0.0;0.865;11.96;61.035;96.885;12.295;30.855;0.0;0.0;62.084999999999994;48.335;2.51;69.205;;2024-11-08;20:00
76;Occitanie;Données définitives;3785.0;33.0;2544.5;0.0;2049.0;0.0;105.0;-1402.0;0.0;0.0;456.5;0.0;0.8700000000000001;10.965;67.22999999999999;97.12;12.065000000000001;27.535;0.0;0.0;54.155;38.335;2.77;69.54;;2024-11-08;21:00
76;Occitanie;Données définitives;3645.0;31.0;2545.5;0.0;1626.5;0.0;105.5;-1041.0;0.0;0.0;377.5;0.0;0.85;10.3;69.88499999999999;97.16;10.39;22.770000000000003;0.0;0.0;44.695;30.43;2.895;69.87;;2024-11-08;22:00
76;Occitanie;Données définitives;3809.0;31.0;2546.0;0.0;1673.0;0.0;104.0;-851.5;0.0;0.0;307.5;0.0;0.815;10.3;66.86;97.18;8.075;18.545;0.0;0.0;43.925;31.3;2.73;68.87;;2024-11-08;23:00
76;Occitanie;Données définitives;5343.5;36.0;2359.0;0.0;1165.5;-721.5;112.0;1133.0;0.0;0.0;1257.0;0.0;0.67;12.59;44.144999999999996;90.035;23.525;71.87;0.0;0.0;21.84;21.81;2.0999999999999996;74.67;;2024-12-20;00:00
76;Occitanie;Données définitives;5061.0;36.0;2257.0;0.0;1142.0;-899.0;113.5;1133.5;0.0;0.0;1277.5;0.0;0.71;12.59;44.595;86.14500000000001;25.240000000000002;73.03999999999999;0.0;0.0;22.560000000000002;21.37;2.245;75.66499999999999;;2024-12-20;01:00
76;Occitanie;Données définitives;4931.5;36.0;2241.5;0.0;1001.0;-893.0;112.0;1141.0;0.0;0.0;1293.0;0.0;0.73;12.59;45.45;85.555;26.22;73.925;0.0;0.0;20.3;18.73;2.275;74.66499999999999;;2024-12-20;02:00
76;Occitanie;Données définitives;4838.5;36.0;2242.0;0.0;1101.0;-891.0;111.5;955.0;0.0;0.0;1285.5;0.0;0.745;12.59;46.345;85.575;26.575000000000003;73.495;0.0;0.0;22.79;20.605;2.3049999999999997;74.33500000000001;;2024-12-20;03:00
76;Occitanie;Données définitives;4673.0;36.0;2260.5;0.0;1006.5;-889.5;111.5;860.0;0.0;0.0;1287.0;0.0;0.77;12.59;48.39;86.275;27.545;73.58500000000001;0.0;0.0;21.54;18.835;2.39;74.33500000000001;;2024-12-20;04:00
76;Occitanie;Données définitives;4708.0;37.0;2283.5;0.0;1010.0;-887.5;110.5;869.5;0.0;0.0;1285.5;0.0;0.785;12.94;48.504999999999995;87.155;27.305;73.5;0.0;0.0;21.455;18.9;2.3449999999999998;73.66499999999999;;2024-12-20;05:00
76;Occitanie;Données définitives;5040.5;37.0;2416.5;0.0;1475.5;-588.0;109.5;299.5;0.0;0.0;1289.5;0.0;0.735;12.94;47.935;92.23;25.619999999999997;73.725;0.0;0.0;29.275;27.61;2.175;73.0;;2024-12-20;06:00
76;Occitanie;Données définitives;5586.0;37.0;2556.5;0.0;2128.5;-27.0;111.0;-482.0;0.0;0.0;1262.5;0.0;0.66;12.94;45.775;97.575;22.605;72.185;0.0;0.0;38.010000000000005;39.83;1.99;74.0;;2024-12-20;07:00
76;Occitanie;Données définitives;6175.5;40.0;2606.0;3.0;3563.5;-9.0;108.5;-1358.5;0.0;0.0;1221.5;0.0;0.645;13.989999999999998;42.21;99.465;19.79;69.84;0.05;0.07;57.685;66.68;1.755;72.33500000000001;;2024-12-20;08:00
76;Occitanie;Données définitives;6236.0;40.5;2567.0;203.5;3737.5;-1.0;105.5;-1562.0;0.0;0.0;1144.5;0.0;0.65;14.165;41.165000000000006;97.98;18.354999999999997;65.435;3.255;4.595;59.935;69.94;1.6949999999999998;70.33;;2024-12-20;09:00
76;Occitanie;Données définitives;6000.0;41.5;2578.0;798.0;3049.0;0.0;106.0;-1653.5;0.0;0.0;1084.0;0.0;0.6950000000000001;14.515;43.0;98.4;18.07;61.98;13.375;18.015;50.71;57.055;1.77;70.66499999999999;;2024-12-20;10:00
76;Occitanie;Données définitives;5786.5;42.5;2608.5;1422.0;2354.5;-4.0;104.0;-1790.0;0.0;0.0;1049.0;0.0;0.735;14.86;45.08;99.56;18.13;59.975;24.565;32.11;40.7;44.06;1.8;69.33;;2024-12-20;11:00
76;Occitanie;Données définitives;5899.5;42.5;2605.0;1836.5;1776.5;-9.0;106.5;-1516.5;0.0;0.0;1058.0;0.0;0.72;14.86;44.155;99.43;17.935;60.489999999999995;31.135;41.465;30.11;33.239999999999995;1.8050000000000002;71.0;;2024-12-20;12:00
76;Occitanie;Données définitives;5770.5;41.0;2603.5;1920.0;2219.5;-9.0;108.5;-2201.5;0.0;0.0;1088.5;0.0;0.71;14.34;45.12;99.37;18.865000000000002;62.235;33.28;43.349999999999994;38.445;41.53;1.88;72.33;;2024-12-20;13:00
76;Occitanie;Données définitives;5560.5;41.0;2604.5;1661.0;2519.5;-9.0;111.0;-2477.0;0.0;0.0;1110.5;0.0;0.74;14.34;46.865;99.41;19.98;63.495;29.845;37.5;45.39;47.144999999999996;1.995;74.0;;2024-12-20;14:00
76;Occitanie;Données définitives;5406.5;41.0;2603.5;1167.0;2846.0;-9.0;109.0;-2477.5;0.0;0.0;1125.0;0.0;0.76;14.34;48.155;99.37;20.810000000000002;64.32499999999999;21.585;26.35;52.64;53.254999999999995;2.0149999999999997;72.66499999999999;;2024-12-20;15:00
76;Occitanie;Données définitives;5338.0;41.0;2601.5;538.5;3135.0;-5.5;106.0;-2194.0;0.0;0.0;1116.5;0.0;0.77;14.34;48.735;99.28999999999999;20.915;63.835;10.094999999999999;12.16;58.72;58.66;1.9849999999999999;70.66499999999999;;2024-12-20;16:00
76;Occitanie;Données définitives;5450.5;40.5;2603.0;73.0;3392.5;0.0;108.0;-1836.0;0.0;0.0;1071.0;0.0;0.745;14.165;47.785;99.35;19.675;61.235;1.365;1.65;62.285;63.480000000000004;1.9849999999999999;72.0;;2024-12-20;17:00
76;Occitanie;Données définitives;6077.5;41.0;2342.0;1.5;3387.5;0.0;106.5;-908.5;0.0;0.0;1108.0;0.0;0.675;14.34;38.7;89.39;18.235;63.35;0.025;0.035;55.85;63.39;1.755;71.0;;2024-12-20;18:00
76;Occitanie;Données définitives;6242.5;40.0;1362.5;0.0;3340.5;0.0;109.5;293.5;0.0;0.0;1096.5;0.0;0.64;13.99;21.85;52.004999999999995;17.57;62.69;0.0;0.0;53.519999999999996;62.510000000000005;1.755;73.0;;2024-12-20;19:00
76;Occitanie;Données définitives;6024.0;38.5;1257.0;0.0;2960.5;0.0;109.5;634.5;0.0;0.0;1025.5;0.0;0.64;13.465;20.865000000000002;47.98;17.020000000000003;58.629999999999995;0.0;0.0;49.135000000000005;55.4;1.815;73.0;;2024-12-20;20:00
76;Occitanie;Données définitives;5740.0;36.0;1257.0;0.0;2446.0;-23.0;111.0;998.0;0.0;0.0;915.0;0.0;0.63;12.59;21.9;47.98;15.935;52.315;0.0;0.0;42.61;45.769999999999996;1.935;74.0;;2024-12-20;21:00
76;Occitanie;Données définitives;5574.0;36.0;1257.5;0.0;1806.5;-45.0;114.5;1564.0;0.0;0.0;841.0;0.0;0.645;12.59;22.564999999999998;48.0;15.085;48.084999999999994;0.0;0.0;32.375;33.800000000000004;2.0549999999999997;76.33;;2024-12-20;22:00
76;Occitanie;Données définitives;5757.0;36.0;1257.0;0.0;2059.0;-50.5;110.0;1540.0;0.0;0.0;805.0;0.0;0.625;12.59;21.835;47.98;13.985;46.03;0.0;0.0;35.769999999999996;38.53;1.9100000000000001;73.33500000000001;;2024-12-20;23:00
84;Auvergne-Rhône-Alpes;Données définitives;7363.5;129.0;9816.5;0.0;4083.5;-435.0;130.0;-6786.0;0.0;0.0;425.5;0.0;1.75;12.89;133.32;72.34;5.779999999999999;57.425;0.0;0.0;55.45;35.815;1.7650000000000001;68.78;;2024-01-29;00:00
84;Auvergne-Rhône-Alpes;Données définitives;7123.0;129.0;9689.5;0.0;3768.5;-1200.0;130.0;-5842.0;0.0;0.0;448.0;0.0;1.81;12.89;136.035;71.4;6.29;60.455;0.0;0.0;52.905;33.05;1.8250000000000002;68.78;;2024-01-29;01:00
84;Auvergne-Rhône-Alpes;Données définitives;7141.0;130.0;9747.0;0.0;3778.5;-1444.0;129.5;-5643.0;0.0;0.0;443.5;0.0;1.82;12.99;136.51;71.825;6.21;59.85;0.0;0.0;52.92;33.14;1.815;68.515;;2024-01-29;02:00
84;Auvergne-Rhône-Alpes;Données définitives;7180.0;129.0;9762.0;0.0;3739.5;-1679.0;128.0;-5325.0;0.0;0.0;425.0;0.0;1.795;12.89;135.96;71.935;5.92;57.355;0.0;0.0;52.08;32.8;1.7850000000000001;67.725;;2024-01-29;03:00
84;Auvergne-Rhône-Alpes;Données définitives;7054.5;129.0;9739.5;0.0;3566.0;-1446.5;129.5;-5487.0;0.0;0.0;424.0;0.0;1.83;12.89;138.065;71.77000000000001;6.01;57.22;0.0;0.0;50.55;31.275;1.84;68.515;;2024-01-29;04:00
84;Auvergne-Rhône-Alpes;Données définitives;7166.5;129.0;9780.5;0.0;3564.5;-550.5;128.5;-6292.5;0.0;0.0;406.0;0.0;1.8050000000000002;12.89;136.495;72.075;5.665;54.79;0.0;0.0;49.765;31.265;1.795;67.985;;2024-01-29;05:00
84;Auvergne-Rhône-Alpes;Données définitives;7768.0;129.0;9859.0;0.0;4497.0;-3.0;127.5;-7213.0;0.0;0.0;371.0;0.0;1.665;12.89;126.97999999999999;72.655;4.779999999999999;50.065;0.0;0.0;57.865;39.44;1.6400000000000001;67.46000000000001;;2024-01-29;06:00
84;Auvergne-Rhône-Alpes;Données définitives;8305.5;129.0;9863.0;0.0;5928.0;-2.0;127.0;-8093.0;0.0;0.0;354.5;0.0;1.55;12.89;118.78999999999999;72.685;4.27;47.84;0.0;0.0;71.37;51.995000000000005;1.53;67.2;;2024-01-29;07:00
84;Auvergne-Rhône-Alpes;Données définitives;8951.5;128.5;9863.5;5.5;6688.5;-2.0;125.0;-8186.5;0.0;0.0;329.0;0.0;1.435;12.84;110.195;72.685;3.6799999999999997;44.395;0.06;0.245;74.72;58.67;1.395;66.14;;2024-01-29;08:00
84;Auvergne-Rhône-Alpes;Données définitives;9147.0;128.5;9863.0;155.5;6490.0;-2.5;121.5;-7933.0;0.0;0.0;323.5;0.0;1.4049999999999998;12.84;107.83;72.68;3.535;43.655;1.695;6.965;70.955;56.925;1.33;64.285;;2024-01-29;09:00
84;Auvergne-Rhône-Alpes;Données définitives;9124.5;129.0;9862.5;520.0;5392.5;-2.0;123.0;-7203.0;0.0;0.0;303.0;0.0;1.415;12.89;108.1;72.68;3.3200000000000003;40.894999999999996;5.71;23.29;59.065;47.295;1.35;65.08;;2024-01-29;10:00
84;Auvergne-Rhône-Alpes;Données définitives;8728.0;128.5;9859.5;869.0;4520.0;-2.0;119.5;-7060.5;0.0;0.0;293.5;0.0;1.47;12.84;112.965;72.655;3.365;39.61;9.96;38.915;51.795;39.644999999999996;1.37;63.224999999999994;;2024-01-29;11:00
84;Auvergne-Rhône-Alpes;Données définitives;8608.0;128.0;9853.5;1088.5;4357.0;-2.5;113.5;-7210.5;0.0;0.0;281.0;0.0;1.49;12.79;114.49000000000001;72.61;3.2649999999999997;37.925;12.655000000000001;48.745000000000005;50.635;38.215;1.32;60.055;;2024-01-29;12:00
84;Auvergne-Rhône-Alpes;Données définitives;8279.5;131.0;9843.5;1112.0;4458.0;-3.0;117.5;-7658.0;0.0;0.0;278.5;0.0;1.585;13.09;118.89500000000001;72.535;3.3600000000000003;37.585;13.43;49.795;53.84;39.105000000000004;1.42;62.17;;2024-01-29;13:00
84;Auvergne-Rhône-Alpes;Données définitives;8076.0;131.5;9835.0;1001.5;4068.0;-3.0;120.0;-7356.0;0.0;0.0;279.0;0.0;1.63;13.14;121.805;72.475;3.45;37.65;12.39;44.849999999999994;50.379999999999995;35.68;1.49;63.489999999999995;;2024-01-29;14:00
84;Auvergne-Rhône-Alpes;Données définitives;7925.5;168.0;9829.5;742.5;4343.0;-2.0;125.0;-7547.5;0.0;0.0;267.5;0.0;2.12;16.785;124.03;72.435;3.375;36.099999999999994;9.36;33.25;54.795;38.09;1.5750000000000002;66.14;;2024-01-29;15:00
84;Auvergne-Rhône-Alpes;Données définitives;7831.5;273.0;9822.0;383.5;4711.0;-2.0;126.5;-7742.0;0.0;0.0;260.0;0.0;3.49;27.27;125.425;72.38;3.32;35.085;4.890000000000001;17.17;60.18;41.325;1.615;66.935;;2024-01-29;16:00
84;Auvergne-Rhône-Alpes;Données définitives;7694.0;389.5;9821.5;97.5;5243.0;-2.0;128.5;-8231.0;0.0;0.0;248.0;0.0;5.0600000000000005;38.91;127.66499999999999;72.38;3.2249999999999996;33.465;1.27;4.365;68.145;45.989999999999995;1.67;67.985;;2024-01-29;17:00
84;Auvergne-Rhône-Alpes;Données définitives;8140.5;500.0;9825.0;1.5;6067.5;-2.0;126.5;-8638.5;0.0;0.0;260.5;0.0;6.14;49.95;120.765;72.405;3.195;35.155;0.02;0.065;74.465;53.215;1.5550000000000002;66.935;;2024-01-29;18:00
84;Auvergne-Rhône-Alpes;Données définitives;8797.5;549.0;9842.5;0.0;7132.0;-2.0;127.0;-9140.0;0.0;0.0;289.0;0.0;6.24;54.85;111.88;72.53;3.285;39.005;0.0;0.0;81.07;62.56;1.4449999999999998;67.2;;2024-01-29;19:00
84;Auvergne-Rhône-Alpes;Données définitives;8589.5;391.0;9852.5;0.0;6485.5;-2.0;127.5;-8586.0;0.0;0.0;321.5;0.0;4.55;39.06;114.71000000000001;72.605;3.745;43.385000000000005;0.0;0.0;75.52;56.885000000000005;1.4849999999999999;67.46000000000001;;2024-01-29;20:00
84;Auvergne-Rhône-Alpes;Données définitives;8222.0;355.5;9852.0;0.0;5916.0;-2.0;125.0;-8356.0;0.0;0.0;332.0;0.0;4.324999999999999;35.510000000000005;119.85;72.6;4.04;44.8;0.0;0.0;71.965;51.89;1.52;66.14;;2024-01-29;21:00
84;Auvergne-Rhône-Alpes;Données définitives;7953.5;347.0;9849.0;0.0;5516.5;-2.0;126.0;-8217.0;0.0;0.0;334.5;0.0;4.359999999999999;34.67;123.83000000000001;72.58;4.205;45.14;0.0;0.0;69.36;48.39;1.585;66.67;;2024-01-29;22:00
84;Auvergne-Rhône-Alpes;Données définitives;8110.5;150.0;9854.5;0.0;5247.0;-2.0;128.0;-7587.0;0.0;0.0;320.5;0.0;1.8499999999999999;14.985;121.505;72.62;3.95;43.25;0.0;0.0;64.695;46.02;1.58;67.725;;2024-01-29;23:00
84;Auvergne-Rhône-Alpes;Données définitives;8095.0;539.0;10659.5;0.0;4107.5;-7.0;117.5;-7446.0;0.0;0.0;123.5;0.0;6.66;53.85;131.68;78.55;1.525;16.665;0.0;0.0;50.739999999999995;36.025;1.45;62.17;;2024-02-14;00:00
84;Auvergne-Rhône-Alpes;Données définitives;7748.5;216.0;10603.5;0.0;3475.0;-7.0;118.0;-6758.0;0.0;0.0;101.0;0.0;2.78;21.58;136.85500000000002;78.14;1.3050000000000002;13.629999999999999;0.0;0.0;44.865;30.479999999999997;1.52;62.435;;2024-02-14;01:00
84;Auvergne-Rhône-Alpes;Données définitives;7686.0;131.5;10630.5;0.0;3782.0;-38.5;127.0;-7023.0;0.0;0.0;77.0;0.0;1.71;13.14;138.33999999999997;78.34;1.0;10.395;0.0;0.0;49.175;33.17;1.6549999999999998;67.2;;2024-02-14;02:00
84;Auvergne-Rhône-Alpes;Données définitives;7554.5;132.0;10623.0;0.0;3606.5;-160.5;126.5;-6836.0;0.0;0.0;63.5;0.0;1.745;13.19;140.625;78.285;0.8400000000000001;8.57;0.0;0.0;47.739999999999995;31.630000000000003;1.6749999999999998;66.935;;2024-02-14;03:00
84;Auvergne-Rhône-Alpes;Données définitives;7433.5;130.5;10601.0;0.0;3445.0;-465.0;125.5;-6464.5;0.0;0.0;61.0;0.0;1.755;13.04;142.62;78.12;0.8200000000000001;8.235;0.0;0.0;46.35;30.215;1.69;66.405;;2024-02-14;04:00
84;Auvergne-Rhône-Alpes;Données définitives;7474.0;128.0;10625.5;0.0;3457.0;-415.0;124.0;-6510.0;0.0;0.0;65.5;0.0;1.7149999999999999;12.79;142.225;78.3;0.88;8.84;0.0;0.0;46.31;30.325000000000003;1.66;65.61;;2024-02-14;05:00
84;Auvergne-Rhône-Alpes;Données définitives;7950.5;128.0;10639.5;0.0;4089.0;-47.0;123.5;-7046.5;0.0;0.0;65.0;0.0;1.6099999999999999;12.79;133.85;78.405;0.8200000000000001;8.774999999999999;0.0;0.0;51.435;35.864999999999995;1.5550000000000002;65.345;;2024-02-14;06:00
84;Auvergne-Rhône-Alpes;Données définitives;8519.0;132.0;10662.5;0.0;5036.5;-7.0;124.0;-7492.5;0.0;0.0;63.5;0.0;1.55;13.190000000000001;125.16499999999999;78.57499999999999;0.745;8.57;0.0;0.0;59.11;44.175;1.455;65.61;;2024-02-14;07:00
84;Auvergne-Rhône-Alpes;Données définitives;8959.0;133.0;10626.5;30.5;6502.0;-7.0;124.0;-8516.0;0.0;0.0;65.5;0.0;1.4849999999999999;13.29;118.655;78.31;0.73;8.84;0.335;1.365;72.585;57.03;1.385;65.61;;2024-02-14;08:00
84;Auvergne-Rhône-Alpes;Données définitives;9248.0;131.0;10642.5;285.0;5775.5;-7.0;119.0;-7761.5;0.0;0.0;61.5;0.0;1.415;13.09;115.08;78.425;0.665;8.3;3.075;12.76;62.46000000000001;50.66;1.2850000000000001;62.959999999999994;;2024-02-14;09:00
84;Auvergne-Rhône-Alpes;Données définitives;8998.0;130.5;10694.0;641.0;4787.0;-7.0;121.0;-7405.0;0.0;0.0;36.5;0.0;1.45;13.04;118.85499999999999;78.805;0.405;4.925;7.13;28.705;53.21;41.99;1.3450000000000002;64.02;;2024-02-14;10:00
84;Auvergne-Rhône-Alpes;Données définitives;8922.0;129.0;10685.5;966.0;4075.5;-7.0;121.0;-7070.0;0.0;0.0;21.0;0.0;1.45;12.89;119.765;78.745;0.24;2.83;10.825;43.260000000000005;45.68;35.75;1.36;64.02;;2024-02-14;11:00
84;Auvergne-Rhône-Alpes;Données définitives;8620.5;128.5;10643.5;1174.0;3901.5;-7.0;126.0;-7367.5;0.0;0.0;22.0;0.0;1.49;12.84;123.47;78.435;0.255;2.9699999999999998;13.62;52.575;45.26;34.22;1.46;66.67;;2024-02-14;12:00
84;Auvergne-Rhône-Alpes;Données définitives;8413.5;128.0;10559.5;1221.0;3449.0;-77.5;127.5;-7012.5;0.0;0.0;18.5;0.0;1.525;12.79;125.52000000000001;77.815;0.22;2.495;14.52;54.68;40.985;30.255000000000003;1.52;67.46000000000001;;2024-02-14;13:00
84;Auvergne-Rhône-Alpes;Données définitives;8242.0;127.5;10591.5;1121.5;3435.0;-85.0;118.5;-7084.5;0.0;0.0;17.5;0.0;1.545;12.739999999999998;128.51;78.055;0.215;2.3600000000000003;13.605;50.224999999999994;41.69;30.125;1.435;62.7;;2024-02-14;14:00
84;Auvergne-Rhône-Alpes;Données définitives;8153.0;127.5;10637.0;971.0;3804.0;-283.0;121.5;-7236.0;0.0;0.0;10.5;0.0;1.565;12.739999999999998;130.47500000000002;78.38499999999999;0.13;1.415;11.91;43.480000000000004;46.665;33.365;1.49;64.285;;2024-02-14;15:00
84;Auvergne-Rhône-Alpes;Données définitives;7856.5;126.0;10610.0;700.0;3862.0;-240.5;125.0;-7333.0;0.0;0.0;7.0;0.0;1.605;12.59;135.055;78.19;0.09;0.94;8.9;31.35;49.155;33.875;1.5950000000000002;66.14;;2024-02-14;16:00
84;Auvergne-Rhône-Alpes;Données définitives;7558.0;233.5;10604.0;290.0;4208.5;-8.0;129.5;-7906.0;0.0;0.0;6.0;0.0;3.09;23.325;140.305;78.14;0.08;0.81;3.84;12.985;55.68;36.91;1.7149999999999999;68.515;;2024-02-14;17:00
84;Auvergne-Rhône-Alpes;Données définitives;7997.0;458.0;10606.0;24.0;5374.0;-7.0;128.0;-8595.0;0.0;0.0;8.0;0.0;5.705;45.755;132.78;78.155;0.1;1.075;0.31;1.075;67.18;47.135;1.605;67.725;;2024-02-14;18:00
84;Auvergne-Rhône-Alpes;Données définitives;8798.0;539.5;10555.5;0.0;6818.0;-7.0;128.0;-9256.0;0.0;0.0;19.5;0.0;6.13;53.9;120.0;77.785;0.21999999999999997;2.63;0.0;0.0;77.505;59.8;1.455;67.725;;2024-02-14;19:00
84;Auvergne-Rhône-Alpes;Données définitives;8569.5;550.0;10550.0;0.0;6276.5;-7.0;128.5;-8976.0;0.0;0.0;47.0;0.0;6.415;54.945;123.12;77.745;0.55;6.34;0.0;0.0;73.265;55.05;1.5;67.985;;2024-02-14;20:00
84;Auvergne-Rhône-Alpes;Données définitives;8216.5;552.0;10574.0;0.0;5092.5;-7.0;128.0;-8220.0;0.0;0.0;96.5;0.0;6.725;55.14;128.75;77.92;1.18;13.025;0.0;0.0;61.934999999999995;44.67;1.56;67.72;;2024-02-14;21:00
84;Auvergne-Rhône-Alpes;Données définitives;7922.0;552.0;10575.0;0.0;4217.5;-7.0;129.5;-7697.0;0.0;0.0;152.0;0.0;6.965;55.14;133.49;77.93;1.92;20.509999999999998;0.0;0.0;53.239999999999995;36.995;1.6349999999999998;68.515;;2024-02-14;22:00
84;Auvergne-Rhône-Alpes;Données définitives;8120.5;216.5;10574.5;0.0;4578.5;-7.0;129.5;-7524.0;0.0;0.0;151.5;0.0;2.665;21.63;130.22;77.92500000000001;1.8650000000000002;20.445;0.0;0.0;56.379999999999995;40.16;1.5950000000000002;68.515;;2024-02-14;23:00
84;Auvergne-Rhône-Alpes;Données définitives;7411.0;334.0;9523.0;0.0;4086.5;-2.0;129.5;-6699.0;0.0;0.0;38.0;0.0;4.51;33.365;128.5;70.18;0.515;5.125;0.0;0.0;55.144999999999996;35.84;1.745;68.515;;2024-03-14;00:00
84;Auvergne-Rhône-Alpes;Données définitives;7152.5;134.5;9498.5;0.0;4063.5;-2.0;128.0;-6732.5;0.0;0.0;61.5;0.0;1.88;13.44;132.805;69.995;0.865;8.3;0.0;0.0;56.82;35.644999999999996;1.79;67.72;;2024-03-14;01:00
84;Auvergne-Rhône-Alpes;Données définitives;7108.5;133.5;9529.0;0.0;4134.5;-2.0;131.0;-6917.0;0.0;0.0;99.0;0.0;1.875;13.34;134.055;70.22;1.395;13.36;0.0;0.0;58.165000000000006;36.26;1.84;69.31;;2024-03-14;02:00
84;Auvergne-Rhône-Alpes;Données définitives;7113.5;131.5;9546.0;0.0;4276.0;-2.0;129.5;-7112.0;0.0;0.0;143.5;0.0;1.85;13.14;134.2;70.345;2.02;19.365000000000002;0.0;0.0;60.125;37.504999999999995;1.82;68.515;;2024-03-14;03:00
84;Auvergne-Rhône-Alpes;Données définitives;6975.5;131.5;9526.5;0.0;3905.5;-2.0;128.5;-6906.5;0.0;0.0;191.0;0.0;1.885;13.14;136.57;70.19999999999999;2.74;25.78;0.0;0.0;55.985;34.26;1.8450000000000002;67.985;;2024-03-14;04:00
84;Auvergne-Rhône-Alpes;Données définitives;7176.5;132.0;9514.5;0.0;3639.5;-2.0;126.0;-6439.0;0.0;0.0;204.5;0.0;1.8399999999999999;13.19;132.675;70.11500000000001;2.855;27.6;0.0;0.0;50.755;31.92;1.755;66.67;;2024-03-14;05:00
84;Auvergne-Rhône-Alpes;Données définitives;7563.0;132.0;9512.0;0.0;4286.0;-2.0;124.0;-6698.5;0.0;0.0;209.0;0.0;1.745;13.19;125.83;70.095;2.76;28.21;0.0;0.0;56.655;37.595;1.6400000000000001;65.61;;2024-03-14;06:00
84;Auvergne-Rhône-Alpes;Données définitives;8119.5;167.0;9499.5;11.0;5740.0;-2.0;124.0;-7652.0;0.0;0.0;231.5;0.0;2.05;16.685000000000002;117.035;70.0;2.8499999999999996;31.240000000000002;0.135;0.495;70.69;50.345;1.53;65.61;;2024-03-14;07:00
84;Auvergne-Rhône-Alpes;Données définitives;8444.5;454.0;9523.5;241.0;5897.5;-2.0;121.5;-8033.5;0.0;0.0;243.0;0.0;5.37;45.355000000000004;112.78;70.18;2.88;32.79;2.8449999999999998;10.795;69.83500000000001;51.73;1.44;64.285;;2024-03-14;08:00
84;Auvergne-Rhône-Alpes;Données définitives;8442.5;545.0;9494.0;709.0;5289.0;-2.0;119.0;-7926.5;0.0;0.0;214.0;0.0;6.455;54.445;112.45500000000001;69.965;2.535;28.880000000000003;8.395;31.75;62.650000000000006;46.39;1.41;62.96;;2024-03-14;09:00
84;Auvergne-Rhône-Alpes;Données définitives;8302.5;500.5;9478.0;1143.0;4392.0;-2.0;120.5;-7496.0;0.0;0.0;167.5;0.0;6.029999999999999;50.0;114.16499999999999;69.845;2.015;22.605;13.775;51.185;52.870000000000005;38.525;1.45;63.754999999999995;;2024-03-14;10:00
84;Auvergne-Rhône-Alpes;Données définitives;8181.0;514.0;9419.0;1436.0;3560.0;-36.5;124.0;-7004.5;0.0;0.0;169.0;0.0;6.279999999999999;51.35;115.14;69.41;2.065;22.810000000000002;17.55;64.31;43.525;31.225;1.5150000000000001;65.61;;2024-03-14;11:00
84;Auvergne-Rhône-Alpes;Données définitives;8124.0;501.0;9402.0;1614.0;3276.0;-66.5;126.5;-6908.0;0.0;0.0;179.5;0.0;6.165;50.05;115.735;69.285;2.205;24.225;19.869999999999997;72.28;40.315;28.735;1.5550000000000002;66.935;;2024-03-14;12:00
84;Auvergne-Rhône-Alpes;Données définitives;8038.0;513.0;9390.5;1595.5;3151.5;-574.5;126.5;-6333.0;0.0;0.0;170.0;0.0;6.38;51.25;116.83500000000001;69.2;2.115;22.94;19.845;71.44999999999999;39.19499999999999;27.64;1.57;66.935;;2024-03-14;13:00
84;Auvergne-Rhône-Alpes;Données définitives;7676.5;518.0;9307.0;1361.0;2784.5;-896.5;127.0;-5688.5;0.0;0.0;164.0;0.0;6.75;51.75;121.245;68.58500000000001;2.135;22.134999999999998;17.725;60.95;36.269999999999996;24.42;1.6549999999999998;67.195;;2024-03-14;14:00
84;Auvergne-Rhône-Alpes;Données définitives;7469.5;504.5;9286.5;1083.5;2668.0;-792.5;134.0;-5579.5;0.0;0.0;164.0;0.0;6.75;50.400000000000006;124.32499999999999;68.43;2.1950000000000003;22.13;14.504999999999999;48.519999999999996;35.715;23.405;1.795;70.9;;2024-03-14;15:00
84;Auvergne-Rhône-Alpes;Données définitives;7347.5;508.0;9365.5;757.0;3042.5;-562.5;134.5;-6067.0;0.0;0.0;169.0;0.0;6.915;50.75;127.47;69.015;2.3;22.810000000000002;10.295;33.9;41.42;26.685;1.83;71.165;;2024-03-14;16:00
84;Auvergne-Rhône-Alpes;Données définitives;7083.0;382.5;9407.0;385.5;3565.5;-6.5;128.0;-6972.5;0.0;0.0;193.0;0.0;5.4;38.21;132.81;69.325;2.725;26.045;5.445;17.265;50.33;31.270000000000003;1.81;67.725;;2024-03-14;17:00
84;Auvergne-Rhône-Alpes;Données définitives;7332.5;133.5;9487.5;122.0;4654.5;-2.0;127.5;-7388.5;0.0;0.0;197.5;0.0;1.82;13.34;129.405;69.91499999999999;2.6950000000000003;26.655;1.67;5.46;63.459999999999994;40.825;1.74;67.46000000000001;;2024-03-14;18:00
84;Auvergne-Rhône-Alpes;Données définitives;7922.0;135.5;9494.0;5.5;6414.0;-2.0;126.0;-8474.5;0.0;0.0;224.0;0.0;1.71;13.54;119.87;69.965;2.825;30.229999999999997;0.07;0.245;80.965;56.254999999999995;1.5899999999999999;66.67;;2024-03-14;19:00
84;Auvergne-Rhône-Alpes;Données définitives;7858.5;134.0;9444.5;0.0;6300.5;-2.0;124.0;-8379.5;0.0;0.0;237.0;0.0;1.705;13.39;120.19;69.595;3.015;31.985;0.0;0.0;80.185;55.26;1.58;65.61;;2024-03-14;20:00
84;Auvergne-Rhône-Alpes;Données définitives;7548.0;132.0;9337.0;0.0;5269.5;-2.0;123.0;-7547.5;0.0;0.0;235.5;0.0;1.75;13.19;123.77;68.805;3.125;31.78;0.0;0.0;69.77;46.22;1.63;65.08;;2024-03-14;21:00
84;Auvergne-Rhône-Alpes;Données définitives;7237.5;133.0;9405.0;0.0;4382.5;-2.0;124.5;-7038.5;0.0;0.0;232.5;0.0;1.84;13.29;129.95;69.31;3.215;31.375;0.0;0.0;60.555;38.44;1.72;65.875;;2024-03-14;22:00
84;Auvergne-Rhône-Alpes;Données définitives;7403.0;133.0;9500.5;0.0;3993.0;-2.0;125.5;-6565.0;0.0;0.0;217.0;0.0;1.795;13.29;128.335;70.015;2.9299999999999997;29.28;0.0;0.0;53.935;35.025000000000006;1.6949999999999998;66.405;;2024-03-14;23:00
84;Auvergne-Rhône-Alpes;Données définitives;6659.5;11.0;6788.0;0.0;4484.5;-3.0;116.0;-5007.0;0.0;0.0;270.0;0.0;0.165;1.1;101.975;50.019999999999996;4.055;36.44;0.0;0.0;67.37;39.335;1.745;61.38;;2024-04-17;00:00
84;Auvergne-Rhône-Alpes;Données définitives;6273.0;11.0;6763.5;0.0;3933.5;-162.5;114.5;-4663.5;0.0;0.0;277.0;0.0;0.175;1.1;107.82;49.845;4.415;37.385000000000005;0.0;0.0;62.71;34.504999999999995;1.8250000000000002;60.585;;2024-04-17;01:00
84;Auvergne-Rhône-Alpes;Données définitives;6213.5;12.0;6799.5;0.0;3820.0;-664.5;114.0;-4118.0;0.0;0.0;250.5;0.0;0.19;1.2;109.435;50.11;4.035;33.805;0.0;0.0;61.485;33.504999999999995;1.835;60.32;;2024-04-17;02:00
84;Auvergne-Rhône-Alpes;Données définitives;6089.0;12.0;6768.5;0.0;3455.0;-844.0;114.5;-3633.5;0.0;0.0;217.5;0.0;0.2;1.2;111.16;49.879999999999995;3.5700000000000003;29.35;0.0;0.0;56.739999999999995;30.305;1.88;60.585;;2024-04-17;03:00
84;Auvergne-Rhône-Alpes;Données définitives;5972.0;12.0;6777.5;0.0;3314.0;-1174.5;113.5;-3268.0;0.0;0.0;198.5;0.0;0.2;1.2;113.485;49.945;3.32;26.79;0.0;0.0;55.495000000000005;29.064999999999998;1.9;60.055;;2024-04-17;04:00
84;Auvergne-Rhône-Alpes;Données définitives;6067.5;12.0;6807.0;0.0;3338.5;-1053.5;114.5;-3348.5;0.0;0.0;198.5;0.0;0.2;1.2;112.19;50.165;3.275;26.79;0.0;0.0;55.019999999999996;29.28;1.885;60.585;;2024-04-17;05:00
84;Auvergne-Rhône-Alpes;Données définitives;6379.0;11.5;6888.5;0.0;3510.5;-715.0;112.5;-3627.5;0.0;0.0;197.5;0.0;0.18;1.15;108.01499999999999;50.760000000000005;3.0949999999999998;26.655;0.0;0.0;55.03;30.79;1.7650000000000001;59.525;;2024-04-17;06:00
84;Auvergne-Rhône-Alpes;Données définitives;6820.5;10.5;6898.0;8.0;3979.5;-5.0;111.5;-4395.5;0.0;0.0;211.5;0.0;0.15500000000000003;1.05;101.235;50.835;3.1;28.545;0.115;0.36;58.335;34.905;1.6400000000000001;58.995;;2024-04-17;07:00
84;Auvergne-Rhône-Alpes;Données définitives;7290.5;10.0;6872.5;111.0;4717.0;-3.0;111.0;-4743.5;0.0;0.0;216.5;0.0;0.135;1.0;94.3;50.644999999999996;2.9699999999999998;29.215000000000003;1.51;4.97;64.615;41.375;1.52;58.730000000000004;;2024-04-17;08:00
84;Auvergne-Rhône-Alpes;Données définitives;7584.5;12.0;6820.0;315.5;4954.0;-3.0;109.0;-4846.0;0.0;0.0;223.0;0.0;0.16;1.2;89.93;50.26;2.94;30.095;4.15;14.129999999999999;65.33500000000001;43.455;1.44;57.67;;2024-04-17;09:00
84;Auvergne-Rhône-Alpes;Données définitives;7878.0;12.0;6824.0;576.0;4491.5;-3.0;103.5;-4345.0;0.0;0.0;220.0;0.0;0.15;1.2;86.625;50.285;2.79;29.689999999999998;7.3;25.795;57.035;39.394999999999996;1.315;54.765;;2024-04-17;10:00
84;Auvergne-Rhône-Alpes;Données définitives;7769.0;12.0;6815.0;824.0;3752.5;-3.0;98.0;-3944.0;0.0;0.0;215.0;0.0;0.15;1.2;87.725;50.22;2.77;29.01;10.605;36.9;48.3;32.915;1.2650000000000001;51.849999999999994;;2024-04-17;11:00
84;Auvergne-Rhône-Alpes;Données définitives;7892.5;12.0;6812.5;1022.5;3715.5;-3.0;99.5;-3975.0;0.0;0.0;208.5;0.0;0.15;1.2;86.32;50.205;2.64;28.14;12.96;45.79;47.075;32.589999999999996;1.26;52.644999999999996;;2024-04-17;12:00
84;Auvergne-Rhône-Alpes;Données définitives;7930.5;12.0;6897.5;1201.0;3206.0;-63.0;104.0;-3649.5;0.0;0.0;222.5;0.0;0.15;1.2;86.97999999999999;50.83;2.81;30.025;15.145;53.78;40.41;28.12;1.315;55.03;;2024-04-17;13:00
84;Auvergne-Rhône-Alpes;Données définitives;7692.5;12.0;6986.5;1195.5;2983.0;-597.0;105.5;-3239.5;0.0;0.0;246.5;0.0;0.155;1.2;90.83500000000001;51.485;3.205;33.265;15.54;53.535;38.775;26.165;1.37;55.82;;2024-04-17;14:00
84;Auvergne-Rhône-Alpes;Données définitives;7465.5;12.0;7108.5;1094.5;2956.0;-831.0;102.0;-3225.0;0.0;0.0;248.0;0.0;0.16;1.2;95.225;52.385000000000005;3.3200000000000003;33.465;14.655000000000001;49.015;39.595;25.924999999999997;1.3650000000000002;53.97;;2024-04-17;15:00
84;Auvergne-Rhône-Alpes;Données définitives;7391.5;12.0;7108.0;928.5;3035.0;-823.0;108.0;-3284.0;0.0;0.0;306.5;0.0;0.16;1.2;96.175;52.385000000000005;4.15;41.365;12.56;41.58;41.065;26.619999999999997;1.4649999999999999;57.14;;2024-04-17;16:00
84;Auvergne-Rhône-Alpes;Données définitives;7176.5;12.0;7170.0;718.0;3090.5;-1006.0;109.0;-3262.0;0.0;0.0;345.0;0.0;0.165;1.2;99.93;52.84;4.805;46.555;10.025;32.155;43.075;27.105;1.52;57.67;;2024-04-17;17:00
84;Auvergne-Rhône-Alpes;Données définitives;7147.5;12.0;7342.0;469.5;3379.0;-1238.5;108.5;-3259.5;0.0;0.0;334.0;0.0;0.17;1.2;102.72;54.105000000000004;4.67;45.075;6.575;21.025;47.275000000000006;29.64;1.52;57.405;;2024-04-17;18:00
84;Auvergne-Rhône-Alpes;Données définitives;7556.5;11.0;7672.5;195.0;3722.5;-189.0;107.0;-4275.0;0.0;0.0;312.5;0.0;0.14500000000000002;1.1;101.545;56.54;4.135;42.175;2.59;8.735;49.26;32.650000000000006;1.42;56.61;;2024-04-17;19:00
84;Auvergne-Rhône-Alpes;Données définitives;7520.0;10.5;7812.5;33.5;4430.5;-3.0;107.5;-5169.0;0.0;0.0;297.0;0.0;0.14;1.05;103.89500000000001;57.57;3.9499999999999997;40.08;0.44;1.5;58.92;38.86;1.43;56.875;;2024-04-17;20:00
84;Auvergne-Rhône-Alpes;Données définitives;7492.0;11.0;7876.5;0.0;4532.0;-3.0;107.5;-5319.5;0.0;0.0;286.5;0.0;0.14500000000000002;1.1;105.14;58.045;3.825;38.665;0.0;0.0;60.495000000000005;39.75;1.435;56.875;;2024-04-17;21:00
84;Auvergne-Rhône-Alpes;Données définitives;7343.5;12.0;7854.0;0.0;4886.0;-3.0;106.0;-5693.5;0.0;0.0;181.5;0.0;0.16;1.2;106.95500000000001;57.875;2.475;24.495;0.0;0.0;66.52000000000001;42.855000000000004;1.4449999999999998;56.08;;2024-04-17;22:00
84;Auvergne-Rhône-Alpes;Données définitives;7556.0;12.0;7824.0;0.0;5383.5;-3.0;105.5;-5904.5;0.0;0.0;138.5;0.0;0.16;1.2;103.55;57.655;1.835;18.689999999999998;0.0;0.0;71.25;47.22;1.395;55.82;;2024-04-17;23:00
84;Auvergne-Rhône-Alpes;Données définitives;5506.5;2.0;8858.5;0.0;5164.0;-4.0;116.0;-8675.5;0.0;0.0;45.5;0.0;0.04;0.2;160.985;65.28;0.825;6.140000000000001;0.0;0.0;93.785;45.295;2.105;61.38;;2024-05-13;00:00
84;Auvergne-Rhône-Alpes;Données définitives;5229.5;2.0;8724.5;0.0;4363.0;-4.5;116.0;-8008.0;0.0;0.0;36.5;0.0;0.04;0.2;166.86;64.295;0.6950000000000001;4.925;0.0;0.0;83.4;38.265;2.2199999999999998;61.38;;2024-05-13;01:00
84;Auvergne-Rhône-Alpes;Données définitives;5104.5;2.0;8736.0;0.0;4048.5;-372.5;115.5;-7456.0;0.0;0.0;31.0;0.0;0.04;0.2;171.14;64.38;0.61;4.18;0.0;0.0;79.315;35.510000000000005;2.2649999999999997;61.115;;2024-05-13;02:00
84;Auvergne-Rhône-Alpes;Données définitives;4982.5;2.0;8822.0;0.0;3972.0;-401.5;115.0;-7555.5;0.0;0.0;28.5;0.0;0.04;0.2;177.065;65.015;0.575;3.8449999999999998;0.0;0.0;79.72;34.84;2.3049999999999997;60.85;;2024-05-13;03:00
84;Auvergne-Rhône-Alpes;Données définitives;4806.0;2.0;8784.0;0.0;3899.0;-447.5;116.0;-7578.0;0.0;0.0;30.0;0.0;0.04;0.2;182.775;64.735;0.625;4.05;0.0;0.0;81.13;34.195;2.415;61.38;;2024-05-13;04:00
84;Auvergne-Rhône-Alpes;Données définitives;4933.5;2.0;8796.0;0.0;3987.5;-423.5;114.0;-7561.5;0.0;0.0;20.0;0.0;0.04;0.2;178.435;64.82;0.405;2.6950000000000003;0.0;0.0;80.83500000000001;34.975;2.31;60.32;;2024-05-13;05:00
84;Auvergne-Rhône-Alpes;Données définitives;5335.5;2.0;8787.5;0.5;4344.5;-5.5;112.0;-7927.0;0.0;0.0;21.5;0.0;0.04;0.2;164.81;64.75999999999999;0.4;2.9000000000000004;0.01;0.02;81.4;38.105000000000004;2.0999999999999996;59.26;;2024-05-13;06:00
84;Auvergne-Rhône-Alpes;Données définitives;6014.5;2.0;8815.0;58.5;4815.0;-4.0;113.0;-7817.0;0.0;0.0;32.5;0.0;0.03;0.2;146.685;64.96000000000001;0.54;4.385;0.955;2.62;80.13499999999999;42.230000000000004;1.88;59.79;;2024-05-13;07:00
84;Auvergne-Rhône-Alpes;Données définitives;6655.5;2.0;8826.0;249.5;4856.0;-4.0;111.5;-7420.5;0.0;0.0;34.5;0.0;0.03;0.2;132.685;65.03999999999999;0.515;4.655;3.7300000000000004;11.175;73.035;42.595;1.68;58.995;;2024-05-13;08:00
84;Auvergne-Rhône-Alpes;Données définitives;6805.5;2.0;8711.0;613.0;4246.5;-5.0;112.0;-6921.0;0.0;0.0;46.5;0.0;0.03;0.2;128.005;64.195;0.6799999999999999;6.275;9.0;27.450000000000003;62.415;37.245;1.65;59.26;;2024-05-13;09:00
84;Auvergne-Rhône-Alpes;Données définitives;6914.0;2.0;8468.5;1007.5;3827.5;-424.5;111.0;-6148.0;0.0;0.0;69.5;0.0;0.03;0.2;122.48;62.405;1.0050000000000001;9.379999999999999;14.575000000000001;45.12;55.355000000000004;33.57;1.605;58.73;;2024-05-13;10:00
84;Auvergne-Rhône-Alpes;Données définitives;6938.0;2.0;7508.0;1345.5;3518.5;-822.5;112.5;-4826.5;0.0;0.0;100.5;0.0;0.03;0.2;108.225;55.33;1.445;13.559999999999999;19.39;60.255;50.725;30.86;1.625;59.525;;2024-05-13;11:00
84;Auvergne-Rhône-Alpes;Données définitives;6832.5;2.0;7407.0;1282.5;3488.0;-1166.5;113.5;-4409.0;0.0;0.0;115.0;0.0;0.03;0.2;108.41;54.584999999999994;1.6800000000000002;15.52;18.770000000000003;57.43;51.05;30.595;1.66;60.055;;2024-05-13;12:00
84;Auvergne-Rhône-Alpes;Données définitives;6979.5;2.0;7018.5;1189.0;3356.0;-1324.5;113.5;-3489.5;0.0;0.0;113.5;0.0;0.03;0.2;100.49000000000001;51.72;1.63;15.315;17.04;53.25;48.085;29.435000000000002;1.625;60.055;;2024-05-13;13:00
84;Auvergne-Rhône-Alpes;Données définitives;6756.5;2.0;6466.5;1189.5;3220.5;-1293.0;113.0;-3080.5;0.0;0.0;138.5;0.0;0.03;0.2;95.715;47.65;2.05;18.689999999999998;17.604999999999997;53.269999999999996;47.665;28.25;1.6749999999999998;59.79;;2024-05-13;14:00
84;Auvergne-Rhône-Alpes;Données définitives;6690.0;2.0;6543.5;1259.0;3183.0;-1208.0;113.5;-3397.5;0.0;0.0;195.5;0.0;0.03;0.2;97.82;48.22;2.915;26.384999999999998;18.805;56.379999999999995;47.585;27.92;1.7;60.055;;2024-05-13;15:00
84;Auvergne-Rhône-Alpes;Données définitives;6671.0;2.0;6475.0;1219.5;3207.5;-1065.0;115.5;-3555.0;0.0;0.0;271.0;0.0;0.03;0.2;97.095;47.715;4.065;36.57;18.265;54.61;48.09;28.130000000000003;1.7349999999999999;61.11;;2024-05-13;16:00
84;Auvergne-Rhône-Alpes;Données définitives;6346.5;2.0;6919.0;973.5;3386.5;-1096.5;115.5;-4247.0;0.0;0.0;294.5;0.0;0.03;0.2;109.075;50.985;4.64;39.745000000000005;15.33;43.595;53.385000000000005;29.700000000000003;1.8250000000000002;61.115;;2024-05-13;17:00
84;Auvergne-Rhône-Alpes;Données définitives;6424.5;2.0;8367.0;631.5;3755.0;-769.0;116.0;-5944.0;0.0;0.0;265.5;0.0;0.03;0.2;130.225;61.655;4.13;35.83;9.86;28.28;58.435;32.935;1.8050000000000002;61.38;;2024-05-13;18:00
84;Auvergne-Rhône-Alpes;Données définitives;6625.5;2.0;8752.5;296.0;4359.5;-34.0;118.0;-7149.0;0.0;0.0;280.0;0.0;0.03;0.2;132.13;64.5;4.225;37.785;4.48;13.255;65.76;38.239999999999995;1.7850000000000001;62.43;;2024-05-13;19:00
84;Auvergne-Rhône-Alpes;Données définitives;6539.5;2.0;8683.5;96.5;5344.0;-4.5;117.5;-7997.5;0.0;0.0;297.5;0.0;0.03;0.2;132.79;63.989999999999995;4.550000000000001;40.15;1.4749999999999999;4.32;81.73;46.875;1.795;62.165;;2024-05-13;20:00
84;Auvergne-Rhône-Alpes;Données définitives;6331.5;2.0;8739.0;6.0;5306.5;-4.0;118.5;-8154.5;0.0;0.0;318.0;0.0;0.03;0.2;138.055;64.4;5.025;42.915;0.095;0.27;83.84;46.545;1.875;62.695;;2024-05-13;21:00
84;Auvergne-Rhône-Alpes;Données définitives;6426.5;2.0;8843.0;0.0;5398.5;-4.0;118.0;-8262.5;0.0;0.0;332.5;0.0;0.03;0.2;137.60500000000002;65.165;5.175000000000001;44.870000000000005;0.0;0.0;84.00999999999999;47.355000000000004;1.84;62.43;;2024-05-13;22:00
84;Auvergne-Rhône-Alpes;Données définitives;6516.0;2.0;8798.0;0.0;4684.0;-4.0;118.0;-7426.0;0.0;0.0;345.5;0.0;0.03;0.2;135.01999999999998;64.83500000000001;5.305;46.625;0.0;0.0;71.89;41.085;1.815;62.43;;2024-05-13;23:00
84;Auvergne-Rhône-Alpes;Données définitives;6018.0;7.5;7836.5;0.0;4798.5;-164.0;102.5;-6689.0;0.0;0.0;126.0;0.0;0.125;0.75;130.255;57.75;2.09;17.0;0.0;0.0;79.75;42.085;1.705;54.235;;2024-06-11;00:00
84;Auvergne-Rhône-Alpes;Données définitives;5590.0;8.0;7800.5;0.0;4197.0;-164.5;103.0;-6480.5;0.0;0.0;127.0;0.0;0.14500000000000002;0.8;139.57;57.485;2.2699999999999996;17.134999999999998;0.0;0.0;75.09;36.815;1.8450000000000002;54.5;;2024-06-11;01:00
84;Auvergne-Rhône-Alpes;Données définitives;5456.0;8.0;7816.5;0.0;3902.0;-311.0;104.0;-6181.0;0.0;0.0;117.5;0.0;0.15;0.8;143.265;57.599999999999994;2.1550000000000002;15.855;0.0;0.0;71.52000000000001;34.225;1.9049999999999998;55.03;;2024-06-11;02:00
84;Auvergne-Rhône-Alpes;Données définitives;5290.5;8.0;7833.5;0.0;3724.5;-864.0;104.0;-5620.0;0.0;0.0;105.5;0.0;0.15;0.8;148.095;57.730000000000004;1.9899999999999998;14.235;0.0;0.0;70.41;32.67;1.9649999999999999;55.03;;2024-06-11;03:00
84;Auvergne-Rhône-Alpes;Données définitives;5193.0;8.0;7832.5;0.0;3694.5;-1130.0;103.5;-5409.0;0.0;0.0;93.5;0.0;0.155;0.8;150.84;57.72;1.8;12.620000000000001;0.0;0.0;71.15;32.405;1.995;54.765;;2024-06-11;04:00
84;Auvergne-Rhône-Alpes;Données définitives;5241.5;7.5;7846.0;0.0;3678.5;-1067.5;103.0;-5418.5;0.0;0.0;92.5;0.0;0.14500000000000002;0.75;149.755;57.82;1.7650000000000001;12.485;0.0;0.0;70.22;32.265;1.9649999999999999;54.5;;2024-06-11;05:00
84;Auvergne-Rhône-Alpes;Données définitives;5456.5;7.0;7975.0;5.5;3829.5;-620.0;102.5;-5940.5;0.0;0.0;97.0;0.0;0.13;0.7;146.2;58.769999999999996;1.775;13.095;0.1;0.245;70.16999999999999;33.59;1.875;54.235;;2024-06-11;06:00
84;Auvergne-Rhône-Alpes;Données définitives;6071.5;7.0;8132.5;86.5;4631.0;-164.0;100.5;-6807.5;0.0;0.0;85.5;0.0;0.11499999999999999;0.7;133.99;59.93;1.4100000000000001;11.54;1.41;3.87;76.245;40.620000000000005;1.66;53.175;;2024-06-11;07:00
84;Auvergne-Rhône-Alpes;Données définitives;6508.0;7.0;8493.0;288.0;5037.5;-164.0;98.0;-7321.5;0.0;0.0;70.0;0.0;0.11;0.7;130.51;62.585;1.0750000000000002;9.45;4.415;12.895;77.39;44.185;1.505;51.85;;2024-06-11;08:00
84;Auvergne-Rhône-Alpes;Données définitives;6976.0;7.0;8650.0;563.0;4408.5;-86.0;99.5;-6737.5;0.0;0.0;70.0;0.0;0.1;0.7;124.00999999999999;63.739999999999995;1.0;9.45;8.065;25.21;63.235;38.67;1.4249999999999998;52.644999999999996;;2024-06-11;09:00
84;Auvergne-Rhône-Alpes;Données définitives;6887.0;7.5;8417.5;837.0;3805.0;-5.0;97.5;-6347.0;0.0;0.0;74.0;0.0;0.11;0.75;122.22999999999999;62.03;1.0750000000000002;9.99;12.145;37.485;55.25;33.375;1.415;51.585;;2024-06-11;10:00
84;Auvergne-Rhône-Alpes;Données définitives;7031.5;8.0;8410.0;1056.0;3731.0;-48.5;97.5;-6303.0;0.0;0.0;80.5;0.0;0.11;0.8;119.60499999999999;61.974999999999994;1.145;10.865;15.015;47.29;53.065;32.73;1.3849999999999998;51.585;;2024-06-11;11:00
84;Auvergne-Rhône-Alpes;Données définitives;7119.0;8.0;8410.5;1196.0;3689.5;-263.5;99.5;-6100.0;0.0;0.0;79.5;0.0;0.115;0.8;118.14500000000001;61.974999999999994;1.115;10.73;16.799999999999997;53.56;51.825;32.364999999999995;1.395;52.644999999999996;;2024-06-11;12:00
84;Auvergne-Rhône-Alpes;Données définitives;7129.5;10.0;8404.5;1208.0;3743.5;-290.5;99.0;-6132.0;0.0;0.0;87.5;0.0;0.14;1.0;117.88499999999999;61.935;1.225;11.809999999999999;16.945;54.095;52.510000000000005;32.835;1.39;52.379999999999995;;2024-06-11;13:00
84;Auvergne-Rhône-Alpes;Données définitives;7076.5;10.0;8354.5;1237.5;3627.5;-386.0;95.0;-5955.5;0.0;0.0;94.5;0.0;0.14;1.0;118.07499999999999;61.565;1.335;12.754999999999999;17.490000000000002;55.42;51.275000000000006;31.815;1.3450000000000002;50.265;;2024-06-11;14:00
84;Auvergne-Rhône-Alpes;Données définitives;6877.5;9.5;8302.5;1144.0;3562.0;-745.5;99.0;-5598.0;0.0;0.0;104.5;0.0;0.135;0.95;120.72;61.185;1.52;14.105;16.634999999999998;51.230000000000004;51.795;31.245;1.44;52.379999999999995;;2024-06-11;15:00
84;Auvergne-Rhône-Alpes;Données définitives;6725.0;9.0;8305.0;978.5;3732.0;-483.0;100.0;-6070.0;0.0;0.0;153.0;0.0;0.13;0.9;123.505;61.2;2.275;20.65;14.545;43.82;55.504999999999995;32.735;1.4849999999999999;52.91;;2024-06-11;16:00
84;Auvergne-Rhône-Alpes;Données définitives;6546.5;9.0;8310.5;835.5;3975.0;-417.0;101.0;-6459.0;0.0;0.0;191.5;0.0;0.14;0.9;126.945;61.239999999999995;2.925;25.845;12.76;37.42;60.72;34.865;1.545;53.44;;2024-06-11;17:00
84;Auvergne-Rhône-Alpes;Données définitives;6498.0;9.0;8325.0;612.5;4014.0;-378.0;101.5;-6403.0;0.0;0.0;216.5;0.0;0.14;0.9;128.12;61.349999999999994;3.33;29.215;9.425;27.43;61.769999999999996;35.205;1.565;53.705;;2024-06-11;18:00
84;Auvergne-Rhône-Alpes;Données définitives;6684.0;8.5;8471.5;394.0;4672.5;-7.0;102.0;-7155.5;0.0;0.0;197.5;0.0;0.13;0.8500000000000001;126.73500000000001;62.43;2.955;26.655;5.9;17.64;69.89;40.985;1.525;53.97;;2024-06-11;19:00
84;Auvergne-Rhône-Alpes;Données définitives;6609.5;10.0;8751.5;181.0;5184.0;-5.0;101.5;-7783.5;0.0;0.0;170.5;0.0;0.15;1.0;132.41500000000002;64.495;2.58;23.009999999999998;2.73;8.105;78.43;45.47;1.5350000000000001;53.705;;2024-06-11;20:00
84;Auvergne-Rhône-Alpes;Données définitives;6257.0;9.5;8736.0;36.0;4886.5;-5.0;102.0;-7671.0;0.0;0.0;162.5;0.0;0.15000000000000002;0.95;139.625;64.375;2.6;21.93;0.575;1.6099999999999999;78.11;42.86;1.63;53.97;;2024-06-11;21:00
84;Auvergne-Rhône-Alpes;Données définitives;6245.5;9.0;8786.0;0.5;5033.0;-5.0;103.5;-7856.0;0.0;0.0;174.0;0.0;0.14500000000000002;0.9;140.715;64.745;2.785;23.485;0.01;0.02;80.575;44.144999999999996;1.6549999999999998;54.765;;2024-06-11;22:00
84;Auvergne-Rhône-Alpes;Données définitives;6516.5;9.0;8825.0;0.0;5650.5;-5.0;102.5;-8266.0;0.0;0.0;200.0;0.0;0.14;0.9;135.425;65.035;3.07;26.994999999999997;0.0;0.0;86.705;49.56;1.57;54.235;;2024-06-11;23:00
84;Auvergne-Rhône-Alpes;Données définitives;6271.0;5.0;9481.0;0.0;4913.0;-11.0;115.0;-8332.5;0.0;0.0;100.5;0.0;0.08;0.5;151.20499999999998;69.86500000000001;1.605;13.565;0.0;0.0;78.345;43.095;1.83;60.85;;2024-07-10;00:00
84;Auvergne-Rhône-Alpes;Données définitives;5856.0;5.0;9449.0;0.0;4444.5;-11.0;114.5;-8237.5;0.0;0.0;91.5;0.0;0.08499999999999999;0.5;161.39499999999998;69.63499999999999;1.56;12.35;0.0;0.0;75.92;38.980000000000004;1.955;60.585;;2024-07-10;01:00
84;Auvergne-Rhône-Alpes;Données définitives;5746.0;5.0;9455.0;0.0;4384.0;-11.0;119.0;-8274.0;0.0;0.0;68.0;0.0;0.09;0.5;164.555;69.68;1.18;9.18;0.0;0.0;76.3;38.455;2.0700000000000003;62.96;;2024-07-10;02:00
84;Auvergne-Rhône-Alpes;Données définitives;5621.5;5.0;9372.5;0.0;4084.5;-11.0;120.5;-8037.5;0.0;0.0;87.5;0.0;0.09;0.5;166.74;69.065;1.555;11.805;0.0;0.0;72.67;35.83;2.145;63.754999999999995;;2024-07-10;03:00
84;Auvergne-Rhône-Alpes;Données définitives;5400.5;5.0;9336.5;0.0;3918.5;-320.5;121.0;-7701.0;0.0;0.0;40.5;0.0;0.09;0.5;172.935;68.805;0.75;5.465;0.0;0.0;72.565;34.370000000000005;2.24;64.02;;2024-07-10;04:00
84;Auvergne-Rhône-Alpes;Données définitives;5453.5;5.0;9311.5;0.0;3853.0;-558.0;120.5;-7300.0;0.0;0.0;21.5;0.0;0.09;0.5;170.755;68.61500000000001;0.395;2.9000000000000004;0.0;0.0;70.655;33.795;2.21;63.754999999999995;;2024-07-10;05:00
84;Auvergne-Rhône-Alpes;Données définitives;5689.5;5.0;9258.5;0.5;3964.0;-165.5;119.0;-7513.0;0.0;0.0;20.0;0.0;0.09;0.5;162.82999999999998;68.225;0.35;2.6950000000000003;0.01;0.02;69.705;34.769999999999996;2.09;62.96;;2024-07-10;06:00
84;Auvergne-Rhône-Alpes;Données définitives;6132.0;5.0;9486.0;45.0;4386.5;-11.0;117.5;-7919.0;0.0;0.0;22.0;0.0;0.08;0.5;154.815;69.9;0.36;2.965;0.7250000000000001;2.015;71.6;38.474999999999994;1.92;62.165;;2024-07-10;07:00
84;Auvergne-Rhône-Alpes;Données définitives;6704.5;5.0;9555.5;216.5;4641.0;-65.5;116.5;-7780.0;0.0;0.0;14.5;0.0;0.07500000000000001;0.5;142.61;70.415;0.21500000000000002;1.955;3.21;9.695;69.175;40.71;1.74;61.64;;2024-07-10;08:00
84;Auvergne-Rhône-Alpes;Données définitives;7058.0;5.0;9544.5;517.0;4561.5;-21.5;120.0;-7680.5;0.0;0.0;11.5;0.0;0.07;0.5;135.245;70.335;0.16;1.55;7.3100000000000005;23.155;64.65;40.01;1.7;63.489999999999995;;2024-07-10;09:00
84;Auvergne-Rhône-Alpes;Données définitives;7291.5;5.0;9485.5;716.0;4402.0;-11.0;119.0;-7435.5;0.0;0.0;10.0;0.0;0.07;0.5;130.085;69.9;0.135;1.35;9.82;32.06;60.370000000000005;38.61;1.63;62.96;;2024-07-10;10:00
84;Auvergne-Rhône-Alpes;Données définitives;7515.5;4.0;9273.5;977.0;3964.5;-11.0;120.0;-6820.5;0.0;0.0;7.5;0.0;0.05;0.4;123.4;68.33500000000001;0.1;1.01;13.0;43.75;52.760000000000005;34.77;1.5950000000000002;63.49;;2024-07-10;11:00
84;Auvergne-Rhône-Alpes;Données définitives;7532.0;5.0;9208.0;1242.0;3860.0;-126.5;118.5;-6780.5;0.0;0.0;5.0;0.0;0.07;0.5;122.25999999999999;67.85499999999999;0.07;0.67;16.485;55.620000000000005;51.25;33.855000000000004;1.5750000000000002;62.695;;2024-07-10;12:00
84;Auvergne-Rhône-Alpes;Données définitives;7765.0;5.0;9253.0;1355.5;3926.0;-147.0;114.5;-6746.5;0.0;0.0;4.5;0.0;0.06;0.5;119.175;68.19;0.055;0.605;17.455;60.705;50.57;34.44;1.475;60.58;;2024-07-10;13:00
84;Auvergne-Rhône-Alpes;Données définitives;7600.5;5.0;9229.0;1399.0;3688.5;-292.5;119.5;-6551.5;0.0;0.0;4.0;0.0;0.07;0.5;121.43;68.00999999999999;0.05500000000000001;0.535;18.405;62.65;48.53;32.35;1.57;63.224999999999994;;2024-07-10;14:00
84;Auvergne-Rhône-Alpes;Données définitives;7513.5;5.0;9309.0;1310.5;3747.0;-616.5;119.0;-6375.5;0.0;0.0;14.5;0.0;0.07;0.5;123.9;68.6;0.195;1.955;17.445;58.69;49.87;32.865;1.585;62.959999999999994;;2024-07-10;15:00
84;Auvergne-Rhône-Alpes;Données définitives;7320.0;5.0;9194.0;1219.0;3789.5;-405.5;121.5;-6623.0;0.0;0.0;20.0;0.0;0.07;0.5;125.6;67.755;0.275;2.6950000000000003;16.655;54.59;51.769999999999996;33.235;1.66;64.285;;2024-07-10;16:00
84;Auvergne-Rhône-Alpes;Données définitives;7078.0;5.0;9259.5;963.0;3821.5;-162.5;121.0;-6950.5;0.0;0.0;20.5;0.0;0.07;0.5;130.825;68.235;0.28500000000000003;2.765;13.600000000000001;43.125;53.995;33.519999999999996;1.71;64.02;;2024-07-10;17:00
84;Auvergne-Rhône-Alpes;Données définitives;7167.5;5.0;9217.5;697.5;4419.5;-11.0;117.5;-7297.5;0.0;0.0;18.0;0.0;0.07;0.5;128.615;67.925;0.25;2.43;9.74;31.235;61.675000000000004;38.765;1.64;62.165;;2024-07-10;18:00
84;Auvergne-Rhône-Alpes;Données définitives;7113.0;6.0;9247.5;423.5;4467.0;-11.0;122.0;-7158.0;0.0;0.0;16.5;0.0;0.08;0.6;130.005;68.15;0.22999999999999998;2.225;5.96;18.965;62.795;39.18;1.7149999999999999;64.55;;2024-07-10;19:00
84;Auvergne-Rhône-Alpes;Données définitives;6977.0;5.0;9436.0;180.5;5450.0;-11.0;125.5;-8229.5;0.0;0.0;20.0;0.0;0.07;0.5;135.26;69.535;0.28500000000000003;2.7;2.575;8.08;78.13;47.8;1.8;66.405;;2024-07-10;20:00
84;Auvergne-Rhône-Alpes;Données définitives;6662.0;5.0;9418.0;35.0;5419.0;-11.0;126.0;-8349.0;0.0;0.0;18.5;0.0;0.07500000000000001;0.5;141.375;69.405;0.275;2.495;0.525;1.565;81.345;47.53;1.895;66.67;;2024-07-10;21:00
84;Auvergne-Rhône-Alpes;Données définitives;6561.5;5.0;9405.0;0.0;5336.5;-11.0;126.5;-8313.5;0.0;0.0;12.5;0.0;0.08;0.5;143.33499999999998;69.305;0.19;1.685;0.0;0.0;81.33500000000001;46.805;1.93;66.935;;2024-07-10;22:00
84;Auvergne-Rhône-Alpes;Données définitives;6766.5;5.0;9422.5;0.0;5217.5;-11.0;127.0;-8006.5;0.0;0.0;12.0;0.0;0.07;0.5;139.25;69.435;0.175;1.615;0.0;0.0;77.10499999999999;45.765;1.875;67.2;;2024-07-10;23:00
84;Auvergne-Rhône-Alpes;Données définitives;5561.5;6.0;8919.0;0.0;2916.0;-12.0;118.0;-6546.5;0.0;0.0;162.0;0.0;0.11;0.6;160.475;65.725;2.91;21.865000000000002;0.0;0.0;52.45;25.575;2.125;62.43;;2024-08-20;00:00
84;Auvergne-Rhône-Alpes;Données définitives;5152.5;5.0;8799.0;0.0;2764.5;-338.0;118.5;-6325.5;0.0;0.0;128.5;0.0;0.1;0.5;170.805;64.845;2.495;17.34;0.0;0.0;53.685;24.25;2.3;62.695;;2024-08-20;01:00
84;Auvergne-Rhône-Alpes;Données définitives;5084.0;5.0;8834.5;0.0;2663.5;-376.5;119.5;-6278.5;0.0;0.0;116.0;0.0;0.1;0.5;173.78;65.10499999999999;2.285;15.65;0.0;0.0;52.379999999999995;23.365000000000002;2.35;63.224999999999994;;2024-08-20;02:00
84;Auvergne-Rhône-Alpes;Données définitives;4926.5;5.0;8869.5;0.0;2487.0;-523.5;120.0;-6130.0;0.0;0.0;99.0;0.0;0.1;0.5;180.05;65.36;2.01;13.365;0.0;0.0;50.489999999999995;21.814999999999998;2.435;63.49;;2024-08-20;03:00
84;Auvergne-Rhône-Alpes;Données définitives;4769.5;5.0;8880.0;0.0;2437.5;-1039.0;117.5;-5730.5;0.0;0.0;98.0;0.0;0.10500000000000001;0.5;186.225;65.435;2.0549999999999997;13.225;0.0;0.0;51.11;21.38;2.465;62.165;;2024-08-20;04:00
84;Auvergne-Rhône-Alpes;Données définitives;4861.5;5.0;9067.0;0.0;2447.5;-1096.0;121.0;-5774.5;0.0;0.0;91.5;0.0;0.1;0.5;186.545;66.815;1.88;12.350000000000001;0.0;0.0;50.345;21.47;2.49;64.02;;2024-08-20;05:00
84;Auvergne-Rhône-Alpes;Données définitives;5059.0;5.0;9096.5;0.0;2573.5;-818.0;121.5;-6003.0;0.0;0.0;83.0;0.0;0.1;0.5;179.875;67.035;1.6400000000000001;11.2;0.0;0.0;50.87;22.57;2.4050000000000002;64.285;;2024-08-20;06:00
84;Auvergne-Rhône-Alpes;Données définitives;5233.0;5.0;9102.0;18.0;2881.5;-159.0;120.0;-6820.5;0.0;0.0;85.5;0.0;0.095;0.5;174.05;67.075;1.635;11.54;0.335;0.805;55.025000000000006;25.275;2.295;63.49;;2024-08-20;07:00
84;Auvergne-Rhône-Alpes;Données définitives;5674.0;5.0;9107.5;199.5;3661.5;-12.0;118.5;-7484.5;0.0;0.0;79.0;0.0;0.09;0.5;160.60000000000002;67.11500000000001;1.395;10.66;3.485;8.93;64.465;32.115;2.09;62.695;;2024-08-20;08:00
84;Auvergne-Rhône-Alpes;Données définitives;6037.0;5.0;9107.0;611.0;3836.0;-12.0;115.5;-7687.0;0.0;0.0;61.0;0.0;0.08;0.5;150.905;67.115;1.01;8.235;10.09;27.36;63.525;33.644999999999996;1.915;61.115;;2024-08-20;09:00
84;Auvergne-Rhône-Alpes;Données définitives;6278.5;5.0;9097.0;1082.5;3410.5;-12.0;115.5;-7472.0;0.0;0.0;53.0;0.0;0.08;0.5;144.895;67.03999999999999;0.845;7.154999999999999;17.240000000000002;48.480000000000004;54.32;29.915;1.84;61.11;;2024-08-20;10:00
84;Auvergne-Rhône-Alpes;Données définitives;6550.0;5.0;9063.5;1484.0;3066.0;-350.0;117.0;-6879.5;0.0;0.0;44.0;0.0;0.08;0.5;138.38;66.78999999999999;0.6699999999999999;5.9350000000000005;22.655;66.46;46.815;26.89;1.7850000000000001;61.9;;2024-08-20;11:00
84;Auvergne-Rhône-Alpes;Données définitives;6583.0;5.0;8983.0;1753.0;2978.0;-686.0;117.5;-6598.5;0.0;0.0;31.5;0.0;0.08;0.5;136.48000000000002;66.195;0.48;4.25;26.625;78.505;45.245000000000005;26.12;1.7850000000000001;62.165;;2024-08-20;12:00
84;Auvergne-Rhône-Alpes;Données définitives;6713.5;5.0;8767.0;1886.5;2815.0;-690.5;115.5;-6209.0;0.0;0.0;24.5;0.0;0.07;0.5;130.61;64.605;0.365;3.3049999999999997;28.1;84.485;41.945;24.689999999999998;1.72;61.115;;2024-08-20;13:00
84;Auvergne-Rhône-Alpes;Données définitives;6644.5;5.0;8266.0;1888.0;2692.5;-693.0;115.5;-5647.0;0.0;0.0;18.0;0.0;0.08;0.5;124.4;60.91;0.27;2.43;28.415;84.55;40.519999999999996;23.615000000000002;1.7349999999999999;61.115;;2024-08-20;14:00
84;Auvergne-Rhône-Alpes;Données définitives;6536.0;5.0;7595.0;1805.0;2859.5;-662.0;116.5;-5203.5;0.0;0.0;20.5;0.0;0.08;0.5;116.19;55.97;0.315;2.765;27.615000000000002;80.83500000000001;43.765;25.085;1.78;61.64;;2024-08-20;15:00
84;Auvergne-Rhône-Alpes;Données définitives;6463.0;5.0;7432.5;1616.0;2928.5;-690.5;116.5;-4976.5;0.0;0.0;31.0;0.0;0.08;0.5;115.0;54.769999999999996;0.48;4.18;25.0;72.37;45.31;25.685000000000002;1.8;61.64;;2024-08-20;16:00
84;Auvergne-Rhône-Alpes;Données définitives;6258.5;5.0;7569.5;1288.0;2873.0;-741.0;116.5;-4896.0;0.0;0.0;43.5;0.0;0.08;0.5;120.985;55.78;0.6950000000000001;5.87;20.565;57.68;45.905;25.2;1.865;61.64;;2024-08-20;17:00
84;Auvergne-Rhône-Alpes;Données définitives;6189.0;5.0;7999.5;845.5;2990.5;-311.0;114.5;-5512.5;0.0;0.0;55.5;0.0;0.08;0.5;129.26;58.95;0.8999999999999999;7.49;13.675;37.86;48.31;26.23;1.85;60.585;;2024-08-20;18:00
84;Auvergne-Rhône-Alpes;Données définitives;6342.5;5.0;8110.5;387.0;3734.5;-13.0;116.0;-6066.5;0.0;0.0;68.5;0.0;0.08;0.5;127.875;59.765;1.08;9.245000000000001;6.1;17.330000000000002;58.875;32.76;1.83;61.375;;2024-08-20;19:00
84;Auvergne-Rhône-Alpes;Données définitives;6296.0;5.0;8137.5;87.5;4452.5;-12.0;116.0;-6578.0;0.0;0.0;87.0;0.0;0.08;0.5;129.26;59.97;1.385;11.745000000000001;1.385;3.92;70.715;39.055;1.84;61.375;;2024-08-20;20:00
84;Auvergne-Rhône-Alpes;Données définitives;6142.0;5.0;8131.0;1.5;3981.0;-12.0;116.5;-6218.5;0.0;0.0;136.0;0.0;0.08;0.5;132.39;59.92;2.215;18.355;0.025;0.065;64.815;34.92;1.895;61.64;;2024-08-20;21:00
84;Auvergne-Rhône-Alpes;Données définitives;6061.0;5.0;8089.5;0.0;3643.0;-12.0;117.5;-5962.5;0.0;0.0;180.5;0.0;0.08;0.5;133.47500000000002;59.61;2.98;24.36;0.0;0.0;60.105000000000004;31.955;1.94;62.165;;2024-08-20;22:00
84;Auvergne-Rhône-Alpes;Données définitives;6109.0;5.0;8179.5;0.0;3593.0;-57.0;118.0;-5902.5;0.0;0.0;173.0;0.0;0.08;0.5;133.92000000000002;60.275;2.83;23.345;0.0;0.0;58.81;31.515;1.93;62.43;;2024-08-20;23:00
84;Auvergne-Rhône-Alpes;Données définitives;5952.0;13.0;6828.5;0.0;2886.0;-12.0;122.5;-4029.5;0.0;0.0;144.0;0.0;0.22;1.3;114.745;50.32;2.42;19.43;0.0;0.0;48.5;25.314999999999998;2.06;64.815;;2024-09-12;00:00
84;Auvergne-Rhône-Alpes;Données définitives;5602.0;13.0;6800.0;0.0;2687.5;-12.0;113.0;-4114.5;0.0;0.0;115.0;0.0;0.235;1.3;121.435;50.115;2.055;15.515;0.0;0.0;47.975;23.57;2.02;59.79;;2024-09-12;01:00
84;Auvergne-Rhône-Alpes;Données définitives;5559.0;13.0;6837.0;0.0;2592.5;-82.0;117.5;-4019.5;0.0;0.0;101.0;0.0;0.23;1.3;122.99000000000001;50.385;1.815;13.629999999999999;0.0;0.0;46.64;22.740000000000002;2.115;62.17;;2024-09-12;02:00
84;Auvergne-Rhône-Alpes;Données définitives;5417.0;13.0;6938.5;0.0;2549.0;-322.0;112.0;-3983.0;0.0;0.0;110.5;0.0;0.24;1.3;128.115;51.135;2.04;14.91;0.0;0.0;47.06;22.355;2.0700000000000003;59.26;;2024-09-12;03:00
84;Auvergne-Rhône-Alpes;Données définitives;5269.5;13.0;6950.0;0.0;2419.0;-419.5;112.5;-3928.5;0.0;0.0;124.5;0.0;0.245;1.3;131.90499999999997;51.22;2.365;16.8;0.0;0.0;45.894999999999996;21.22;2.135;59.525;;2024-09-12;04:00
84;Auvergne-Rhône-Alpes;Données définitives;5348.5;13.0;7003.5;0.0;2322.5;-392.5;108.5;-3859.5;0.0;0.0;153.0;0.0;0.245;1.3;130.97500000000002;51.61;2.8600000000000003;20.645;0.0;0.0;43.435;20.37;2.03;57.41;;2024-09-12;05:00
84;Auvergne-Rhône-Alpes;Données définitives;5724.0;13.0;7035.5;0.0;2537.5;-172.0;106.0;-3956.5;0.0;0.0;161.0;0.0;0.22999999999999998;1.3;123.19;51.845;2.8099999999999996;21.725;0.0;0.0;44.32;22.259999999999998;1.855;56.085;;2024-09-12;06:00
84;Auvergne-Rhône-Alpes;Données définitives;6263.0;13.0;7157.0;0.5;2993.0;-92.5;115.5;-4101.0;0.0;0.0;178.0;0.0;0.20500000000000002;1.3;114.305;52.739999999999995;2.84;24.02;0.01;0.02;47.78;26.25;1.8450000000000002;61.11;;2024-09-12;07:00
84;Auvergne-Rhône-Alpes;Données définitives;6729.0;13.0;7192.0;79.0;3294.0;-12.0;116.5;-4145.0;0.0;0.0;191.0;0.0;0.19;1.3;106.88;53.0;2.84;25.775;1.175;3.54;48.95;28.895000000000003;1.73;61.64;;2024-09-12;08:00
84;Auvergne-Rhône-Alpes;Données définitives;7010.5;13.0;7184.0;379.0;2991.5;-12.0;117.0;-3881.5;0.0;0.0;218.5;0.0;0.185;1.3;102.485;52.94;3.12;29.485;5.395;16.97;42.67;26.240000000000002;1.67;61.9;;2024-09-12;09:00
84;Auvergne-Rhône-Alpes;Données définitives;7188.5;12.0;7194.0;792.5;2556.0;-131.0;116.5;-3588.0;0.0;0.0;236.0;0.0;0.16499999999999998;1.2000000000000002;100.07499999999999;53.01;3.2800000000000002;31.845;11.02;35.489999999999995;35.56;22.42;1.62;61.64;;2024-09-12;10:00
84;Auvergne-Rhône-Alpes;Données définitives;7329.0;10.0;7049.0;1120.5;2337.0;-331.5;117.0;-3246.0;0.0;0.0;272.5;0.0;0.14;1.0;96.18;51.945;3.7199999999999998;36.775;15.29;50.18;31.89;20.5;1.5950000000000002;61.905;;2024-09-12;11:00
84;Auvergne-Rhône-Alpes;Données définitives;7369.0;10.5;7079.5;1308.5;2448.5;-331.0;119.5;-3569.0;0.0;0.0;302.5;0.0;0.14;1.05;96.07;52.17;4.105;40.825;17.759999999999998;58.6;33.235;21.475;1.62;63.225;;2024-09-12;12:00
84;Auvergne-Rhône-Alpes;Données définitives;7447.5;11.0;6950.0;1360.5;2636.0;-352.0;121.5;-3596.0;0.0;0.0;316.0;0.0;0.15;1.1;93.32;51.215;4.24;42.644999999999996;18.27;60.925;35.39;23.119999999999997;1.63;64.285;;2024-09-12;13:00
84;Auvergne-Rhône-Alpes;Données définitives;7240.0;11.0;6818.5;1421.0;2403.5;-455.0;122.0;-3403.0;0.0;0.0;322.5;0.0;0.15;1.1;94.18;50.25;4.455;43.519999999999996;19.63;63.64;33.195;21.08;1.685;64.55;;2024-09-12;14:00
84;Auvergne-Rhône-Alpes;Données définitives;7049.0;12.5;6505.0;1360.5;2356.0;-456.5;122.0;-3195.0;0.0;0.0;344.5;0.0;0.18;1.25;92.27000000000001;47.935;4.89;46.489999999999995;19.295;60.93;33.425;20.665;1.73;64.55;;2024-09-12;15:00
84;Auvergne-Rhône-Alpes;Données définitives;6918.0;13.0;6203.0;1228.5;2392.0;-432.5;115.5;-2961.0;0.0;0.0;359.0;0.0;0.19;1.3;89.66499999999999;45.71;5.1899999999999995;48.445;17.755;55.015;34.58;20.98;1.67;61.11;;2024-09-12;16:00
84;Auvergne-Rhône-Alpes;Données définitives;6494.5;13.0;6513.5;962.5;2380.5;-443.5;117.0;-3398.5;0.0;0.0;351.0;0.0;0.2;1.3;100.3;48.0;5.404999999999999;47.365;14.815000000000001;43.105000000000004;36.655;20.880000000000003;1.8050000000000002;61.905;;2024-09-12;17:00
84;Auvergne-Rhône-Alpes;Données définitives;6644.5;13.0;6925.0;577.5;2468.5;-52.0;122.0;-3781.5;0.0;0.0;372.0;0.0;0.195;1.3;104.225;51.03;5.595;50.2;8.7;25.86;37.150000000000006;21.65;1.835;64.55;;2024-09-12;18:00
84;Auvergne-Rhône-Alpes;Données définitives;6871.5;13.0;7046.5;190.5;2845.5;-12.0;122.5;-3651.5;0.0;0.0;316.5;0.0;0.19;1.3;102.565;51.93;4.605;42.715;2.76;8.535;41.43;24.96;1.78;64.815;;2024-09-12;19:00
84;Auvergne-Rhône-Alpes;Données définitives;6845.0;13.0;7158.5;12.0;3353.5;-12.0;124.0;-4112.5;0.0;0.0;309.5;0.0;0.19;1.3;104.58;52.75;4.52;41.769999999999996;0.17;0.535;48.995000000000005;29.415;1.815;65.61;;2024-09-12;20:00
84;Auvergne-Rhône-Alpes;Données définitives;6702.0;13.0;7176.0;0.0;3553.5;-12.0;123.5;-4456.0;0.0;0.0;304.0;0.0;0.195;1.3;107.08500000000001;52.885000000000005;4.535;41.025;0.0;0.0;53.045;31.169999999999998;1.8450000000000002;65.345;;2024-09-12;21:00
84;Auvergne-Rhône-Alpes;Données définitives;6520.0;12.5;7237.0;0.0;3253.0;-12.0;123.5;-4380.0;0.0;0.0;286.0;0.0;0.19;1.25;111.005;53.335;4.385;38.6;0.0;0.0;49.91;28.53;1.895;65.345;;2024-09-12;22:00
84;Auvergne-Rhône-Alpes;Données définitives;6508.0;13.0;7246.0;0.0;3217.0;-12.0;121.5;-4369.0;0.0;0.0;292.0;0.0;0.2;1.3;111.345;53.394999999999996;4.484999999999999;39.41;0.0;0.0;49.435;28.22;1.8650000000000002;64.285;;2024-09-12;23:00
84;Auvergne-Rhône-Alpes;Données définitives;6221.0;9.0;8207.5;0.0;3549.5;-3.0;104.0;-5911.0;0.0;0.0;264.5;0.0;0.14500000000000002;0.9;131.98;60.485;4.25;35.695;0.0;0.0;57.095;31.134999999999998;1.67;55.03;;2024-10-02;00:00
84;Auvergne-Rhône-Alpes;Données définitives;5817.0;9.0;8170.0;0.0;3306.5;-188.5;103.5;-5802.0;0.0;0.0;218.5;0.0;0.155;0.9;140.47500000000002;60.205;3.755;29.490000000000002;0.0;0.0;56.845;29.005000000000003;1.78;54.765;;2024-10-02;01:00
84;Auvergne-Rhône-Alpes;Données définitives;5726.0;8.5;8221.0;0.0;3224.0;-575.0;106.0;-5419.5;0.0;0.0;160.0;0.0;0.15000000000000002;0.8500000000000001;143.575;60.58;2.79;21.595;0.0;0.0;56.305;28.28;1.85;56.085;;2024-10-02;02:00
84;Auvergne-Rhône-Alpes;Données définitives;5595.0;9.5;8286.0;0.0;3152.0;-877.5;110.5;-5215.5;0.0;0.0;129.0;0.0;0.16999999999999998;0.95;148.095;61.065;2.31;17.405;0.0;0.0;56.335;27.65;1.975;58.465;;2024-10-02;03:00
84;Auvergne-Rhône-Alpes;Données définitives;5405.5;9.0;8298.0;0.0;2941.5;-927.0;109.5;-5151.0;0.0;0.0;125.5;0.0;0.17;0.9;153.515;61.150000000000006;2.3200000000000003;16.935000000000002;0.0;0.0;54.415;25.799999999999997;2.025;57.935;;2024-10-02;04:00
84;Auvergne-Rhône-Alpes;Données définitives;5444.5;11.0;8272.5;0.0;3010.5;-902.5;104.5;-5165.0;0.0;0.0;114.0;0.0;0.20500000000000002;1.1;151.975;60.965;2.095;15.379999999999999;0.0;0.0;55.3;26.405;1.92;55.29;;2024-10-02;05:00
84;Auvergne-Rhône-Alpes;Données définitives;5850.0;11.0;8274.0;0.0;3205.5;-507.0;105.5;-5356.5;0.0;0.0;118.0;0.0;0.19;1.1;141.46499999999997;60.97;2.0149999999999997;15.925;0.0;0.0;54.79;28.115000000000002;1.8050000000000002;55.82;;2024-10-02;06:00
84;Auvergne-Rhône-Alpes;Données définitives;6616.5;8.5;8284.0;0.0;3532.0;-3.0;106.5;-5451.0;0.0;0.0;139.5;0.0;0.125;0.8500000000000001;125.265;61.045;2.105;18.825;0.0;0.0;53.43;30.98;1.6099999999999999;56.345;;2024-10-02;07:00
84;Auvergne-Rhône-Alpes;Données définitives;6817.0;9.0;8303.0;28.0;4026.0;-3.0;107.5;-5774.0;0.0;0.0;120.5;0.0;0.135;0.9;121.80000000000001;61.185;1.77;16.26;0.41000000000000003;1.2550000000000001;59.045;35.31;1.5750000000000002;56.875;;2024-10-02;08:00
84;Auvergne-Rhône-Alpes;Données définitives;7194.5;9.0;8330.0;255.0;4416.0;-3.0;105.0;-6037.5;0.0;0.0;120.0;0.0;0.125;0.9;115.785;61.385000000000005;1.665;16.19;3.545;11.42;61.375;38.735;1.46;55.56;;2024-10-02;09:00
84;Auvergne-Rhône-Alpes;Données définitives;7310.5;13.0;8302.0;691.0;3907.0;-3.0;103.5;-5810.5;0.0;0.0;107.0;0.0;0.175;1.2999999999999998;113.565;61.18;1.4649999999999999;14.440000000000001;9.445;30.945;53.455;34.265;1.415;54.765;;2024-10-02;10:00
84;Auvergne-Rhône-Alpes;Données définitives;7415.5;12.5;8270.5;1071.5;3297.5;-3.0;105.5;-5438.0;0.0;0.0;98.5;0.0;0.165;1.25;111.53;60.95;1.33;13.295;14.445;47.985;44.47;28.925;1.4249999999999998;55.82;;2024-10-02;11:00
84;Auvergne-Rhône-Alpes;Données définitives;7523.5;19.5;8297.0;1271.5;3209.5;-3.0;103.5;-5457.0;0.0;0.0;82.5;0.0;0.26;1.9500000000000002;110.295;61.14;1.095;11.135000000000002;16.91;56.94;42.665;28.15;1.375;54.76;;2024-10-02;12:00
84;Auvergne-Rhône-Alpes;Données définitives;7533.5;30.5;8261.0;1317.5;3428.5;-3.0;107.0;-5671.0;0.0;0.0;63.5;0.0;0.405;3.05;109.655;60.879999999999995;0.8400000000000001;8.57;17.490000000000002;59.004999999999995;45.5;30.075;1.42;56.61;;2024-10-02;13:00
84;Auvergne-Rhône-Alpes;Données définitives;7326.0;13.0;8212.5;1264.0;2961.0;-23.5;109.0;-5265.0;0.0;0.0;55.5;0.0;0.18;1.3;112.10499999999999;60.519999999999996;0.76;7.49;17.255000000000003;56.61;40.41;25.97;1.4849999999999999;57.67;;2024-10-02;14:00
84;Auvergne-Rhône-Alpes;Données définitives;7042.5;12.5;8239.5;1165.0;3018.5;-21.5;105.5;-5542.0;0.0;0.0;65.0;0.0;0.175;1.25;117.005;60.72;0.925;8.77;16.54;52.17;42.894999999999996;26.475;1.495;55.82;;2024-10-02;15:00
84;Auvergne-Rhône-Alpes;Données définitives;6983.0;11.5;8108.5;907.0;3358.0;-3.0;107.5;-5584.5;0.0;0.0;77.0;0.0;0.165;1.15;116.11500000000001;59.75;1.1;10.39;12.99;40.620000000000005;48.084999999999994;29.455;1.54;56.875;;2024-10-02;16:00
84;Auvergne-Rhône-Alpes;Données définitives;6596.5;20.5;8094.5;563.0;3552.0;-3.0;110.0;-5827.5;0.0;0.0;86.5;0.0;0.315;2.05;122.72;59.650000000000006;1.31;11.675;8.525;25.215;53.855000000000004;31.155;1.665;58.2;;2024-10-02;17:00
84;Auvergne-Rhône-Alpes;Données définitives;6711.5;49.0;8268.0;213.5;3830.5;-3.0;110.0;-5850.5;0.0;0.0;93.0;0.0;0.73;4.895;123.19;60.925;1.3849999999999998;12.55;3.185;9.565;57.075;33.6;1.64;58.2;;2024-10-02;18:00
84;Auvergne-Rhône-Alpes;Données définitives;7308.5;50.5;8322.5;25.0;5203.5;-3.0;109.0;-6496.5;0.0;0.0;98.0;0.0;0.69;5.045;113.93;61.33;1.3399999999999999;13.225;0.35;1.12;71.245;45.64;1.49;57.67;;2024-10-02;19:00
84;Auvergne-Rhône-Alpes;Données définitives;7332.0;47.5;8303.0;0.0;5078.0;-3.0;109.5;-6330.0;0.0;0.0;127.5;0.0;0.645;4.75;113.255;61.185;1.7400000000000002;17.205;0.0;0.0;69.24;44.54;1.495;57.935;;2024-10-02;20:00
84;Auvergne-Rhône-Alpes;Données définitives;7019.0;48.0;8301.0;0.0;4037.0;-3.0;110.5;-5627.0;0.0;0.0;153.0;0.0;0.685;4.8;118.32;61.17;2.1849999999999996;20.645;0.0;0.0;57.555;35.41;1.5750000000000002;58.465;;2024-10-02;21:00
84;Auvergne-Rhône-Alpes;Données définitives;6562.0;48.0;8341.0;0.0;3884.5;-3.0;111.0;-5988.5;0.0;0.0;169.5;0.0;0.735;4.8;127.12;61.465;2.58;22.875;0.0;0.0;59.2;34.075;1.69;58.73;;2024-10-02;22:00
84;Auvergne-Rhône-Alpes;Données définitives;6646.5;47.0;8330.0;0.0;3958.5;-3.0;110.0;-5973.0;0.0;0.0;177.0;0.0;0.71;4.7;125.33000000000001;61.385;2.665;23.89;0.0;0.0;59.555;34.72;1.6549999999999998;58.2;;2024-10-02;23:00
84;Auvergne-Rhône-Alpes;Données définitives;6802.0;120.0;10632.5;0.0;1882.5;-4.0;106.5;-6024.0;0.0;0.0;88.5;0.0;1.7650000000000001;11.99;156.315;78.35499999999999;1.305;11.945;0.0;0.0;27.67;16.51;1.57;56.345;;2024-11-08;00:00
84;Auvergne-Rhône-Alpes;Données définitives;6365.5;120.0;10540.0;0.0;1828.5;-4.0;107.5;-6309.5;0.0;0.0;83.5;0.0;1.8849999999999998;11.99;165.57999999999998;77.67;1.31;11.27;0.0;0.0;28.725;16.04;1.69;56.875;;2024-11-08;01:00
84;Auvergne-Rhône-Alpes;Données définitives;6338.5;120.0;10612.0;0.0;1996.0;-194.0;110.0;-6392.5;0.0;0.0;87.5;0.0;1.895;11.99;167.43;78.2;1.38;11.81;0.0;0.0;31.5;17.505;1.7349999999999999;58.2;;2024-11-08;02:00
84;Auvergne-Rhône-Alpes;Données définitives;6215.5;120.0;10635.5;0.0;1723.5;-1011.5;112.5;-5468.5;0.0;0.0;104.5;0.0;1.93;11.99;171.11;78.375;1.6800000000000002;14.105;0.0;0.0;27.73;15.115;1.81;59.525;;2024-11-08;03:00
84;Auvergne-Rhône-Alpes;Données définitives;6094.0;120.0;10641.0;0.0;1858.0;-1679.5;113.0;-5067.0;0.0;0.0;108.5;0.0;1.97;11.99;174.615;78.42;1.78;14.64;0.0;0.0;30.490000000000002;16.295;1.855;59.79;;2024-11-08;04:00
84;Auvergne-Rhône-Alpes;Données définitives;6206.5;120.0;10641.5;0.0;1836.0;-1514.0;112.5;-5077.5;0.0;0.0;89.0;0.0;1.935;11.99;171.505;78.42;1.435;12.01;0.0;0.0;29.585;16.1;1.815;59.525;;2024-11-08;05:00
84;Auvergne-Rhône-Alpes;Données définitives;6562.0;120.0;10638.5;0.0;1947.5;-448.5;112.0;-5899.5;0.0;0.0;92.5;0.0;1.83;11.99;162.21;78.39500000000001;1.415;12.485;0.0;0.0;29.659999999999997;17.085;1.71;59.26;;2024-11-08;06:00
84;Auvergne-Rhône-Alpes;Données définitives;7297.5;123.5;10673.5;0.0;2637.0;-4.0;112.0;-6343.0;0.0;0.0;98.5;0.0;1.69;12.34;146.295;78.655;1.35;13.295;0.0;0.0;36.07;23.130000000000003;1.5350000000000001;59.26;;2024-11-08;07:00
84;Auvergne-Rhône-Alpes;Données définitives;7760.0;121.0;10677.0;40.5;3873.5;-4.0;114.0;-7164.0;0.0;0.0;102.5;0.0;1.56;12.09;137.625;78.68;1.32;13.835;0.515;1.81;49.855000000000004;33.975;1.47;60.32;;2024-11-08;08:00
84;Auvergne-Rhône-Alpes;Données définitives;8013.5;120.0;10762.0;272.5;4136.5;-4.0;108.0;-7493.0;0.0;0.0;111.0;0.0;1.5;11.99;134.305;79.31;1.385;14.975000000000001;3.395;12.2;51.629999999999995;36.285;1.345;57.14;;2024-11-08;09:00
84;Auvergne-Rhône-Alpes;Données définitives;7993.0;120.5;10835.0;591.0;3206.0;-4.0;103.5;-6984.0;0.0;0.0;125.0;0.0;1.51;12.04;135.56;79.845;1.565;16.865000000000002;7.3950000000000005;26.465;40.11;28.12;1.295;54.765;;2024-11-08;10:00
84;Auvergne-Rhône-Alpes;Données définitives;7948.5;121.5;10867.5;910.0;2780.5;-4.0;101.0;-6936.5;0.0;0.0;108.0;0.0;1.53;12.14;136.725;80.08500000000001;1.3599999999999999;14.575;11.45;40.754999999999995;34.980000000000004;24.384999999999998;1.27;53.44;;2024-11-08;11:00
84;Auvergne-Rhône-Alpes;Données définitives;7795.5;121.0;10887.5;1171.0;2644.5;-4.0;99.0;-7213.0;0.0;0.0;90.0;0.0;1.5550000000000002;12.09;139.68;80.235;1.1549999999999998;12.15;15.030000000000001;52.44;33.94;23.195;1.27;52.379999999999995;;2024-11-08;12:00
84;Auvergne-Rhône-Alpes;Données définitives;7743.0;121.0;11025.0;1285.0;2713.5;-4.0;99.5;-7568.5;0.0;0.0;72.0;0.0;1.56;12.09;142.395;81.245;0.9299999999999999;9.719999999999999;16.595;57.545;35.05;23.8;1.2850000000000001;52.644999999999996;;2024-11-08;13:00
84;Auvergne-Rhône-Alpes;Données définitives;7467.0;120.0;11042.5;1173.0;2506.0;-8.5;104.5;-7538.5;0.0;0.0;68.5;0.0;1.6099999999999999;11.99;147.91;81.375;0.9199999999999999;9.245000000000001;15.7;52.53;33.57;21.98;1.4;55.295;;2024-11-08;14:00
84;Auvergne-Rhône-Alpes;Données définitives;7130.5;119.5;11034.5;828.0;2781.5;-4.0;110.0;-7804.5;0.0;0.0;66.0;0.0;1.6749999999999998;11.940000000000001;154.76;81.315;0.925;8.91;11.600000000000001;37.08;39.019999999999996;24.395;1.54;58.2;;2024-11-08;15:00
84;Auvergne-Rhône-Alpes;Données définitives;7041.5;120.0;11029.0;358.5;3371.5;-4.0;113.0;-8013.0;0.0;0.0;67.0;0.0;1.705;11.99;156.63;81.27;0.95;9.045;5.1;16.055;47.875;29.57;1.605;59.79;;2024-11-08;16:00
84;Auvergne-Rhône-Alpes;Données définitives;7063.5;120.0;11018.0;43.5;3752.0;-4.0;113.0;-8059.5;0.0;0.0;80.0;0.0;1.7;11.99;156.01999999999998;81.195;1.135;10.8;0.625;1.95;53.095;32.91;1.6;59.79;;2024-11-08;17:00
84;Auvergne-Rhône-Alpes;Données définitives;7357.5;120.5;11033.0;0.5;4782.5;-4.0;116.0;-8809.0;0.0;0.0;118.5;0.0;1.6400000000000001;12.04;149.97;81.305;1.6099999999999999;15.995;0.005;0.02;65.00999999999999;41.95;1.5750000000000002;61.375;;2024-11-08;18:00
84;Auvergne-Rhône-Alpes;Données définitives;7670.5;121.0;11038.0;0.0;4814.0;-4.0;115.5;-8559.5;0.0;0.0;145.5;0.0;1.58;12.09;143.89999999999998;81.34;1.895;19.634999999999998;0.0;0.0;62.760000000000005;42.224999999999994;1.505;61.115;;2024-11-08;19:00
84;Auvergne-Rhône-Alpes;Données définitives;7490.5;121.0;11047.0;0.0;4463.5;-4.0;116.0;-8401.5;0.0;0.0;148.5;0.0;1.615;12.09;147.5;81.405;1.9849999999999999;20.04;0.0;0.0;59.56;39.150000000000006;1.55;61.38;;2024-11-08;20:00
84;Auvergne-Rhône-Alpes;Données définitives;7259.5;121.0;11047.0;0.0;3126.5;-4.0;115.0;-7302.5;0.0;0.0;156.0;0.0;1.67;12.09;152.245;81.41;2.1500000000000004;21.05;0.0;0.0;43.015;27.425;1.585;60.85;;2024-11-08;21:00
84;Auvergne-Rhône-Alpes;Données définitives;6906.5;121.0;11037.0;0.0;2452.0;-4.0;115.5;-6957.5;0.0;0.0;142.5;0.0;1.75;12.09;159.81;81.33500000000001;2.065;19.23;0.0;0.0;35.504999999999995;21.509999999999998;1.67;61.115;;2024-11-08;22:00
84;Auvergne-Rhône-Alpes;Données définitives;7055.5;121.0;11076.5;0.0;2222.5;-4.0;115.0;-6620.0;0.0;0.0;144.5;0.0;1.7149999999999999;12.09;156.99;81.625;2.05;19.5;0.0;0.0;31.5;19.494999999999997;1.63;60.85;;2024-11-08;23:00
84;Auvergne-Rhône-Alpes;Données définitives;8636.5;109.5;11510.0;0.0;3051.5;-1040.0;91.5;-5449.5;0.0;0.0;363.5;0.0;1.2650000000000001;10.989999999999998;133.32999999999998;84.82;4.21;49.66;0.0;0.0;35.325;26.705;1.06;47.41;;2024-12-20;00:00
84;Auvergne-Rhône-Alpes;Données définitives;8230.0;110.0;11478.5;0.0;2731.5;-1600.0;90.0;-4926.5;0.0;0.0;347.5;0.0;1.335;11.04;139.475;84.58500000000001;4.220000000000001;47.47;0.0;0.0;33.185;23.9;1.0950000000000002;46.629999999999995;;2024-12-20;01:00
84;Auvergne-Rhône-Alpes;Données définitives;8221.5;110.0;11433.0;0.0;2591.0;-1816.5;89.5;-4535.5;0.0;0.0;350.5;0.0;1.335;11.04;139.06;84.25;4.265;47.885000000000005;0.0;0.0;31.515;22.67;1.09;46.370000000000005;;2024-12-20;02:00
84;Auvergne-Rhône-Alpes;Données définitives;8181.5;109.5;11511.0;0.0;2569.0;-2046.0;89.0;-4407.0;0.0;0.0;355.0;0.0;1.34;10.989999999999998;140.695;84.83;4.34;48.5;0.0;0.0;31.4;22.48;1.09;46.115;;2024-12-20;03:00
84;Auvergne-Rhône-Alpes;Données définitives;8059.0;110.5;11893.5;0.0;2536.0;-2077.5;89.5;-4877.0;0.0;0.0;385.0;0.0;1.37;11.09;147.58499999999998;87.645;4.779999999999999;52.595;0.0;0.0;31.47;22.189999999999998;1.1099999999999999;46.375;;2024-12-20;04:00
84;Auvergne-Rhône-Alpes;Données définitives;8214.5;113.5;12336.0;0.0;2597.0;-1682.0;92.0;-5648.5;0.0;0.0;406.0;0.0;1.38;11.399999999999999;150.225;90.905;4.945;55.465;0.0;0.0;31.615000000000002;22.725;1.12;47.67;;2024-12-20;05:00
84;Auvergne-Rhône-Alpes;Données définitives;8481.5;118.0;12402.5;0.0;3123.0;-750.5;92.0;-6911.0;0.0;0.0;408.0;0.0;1.395;11.850000000000001;146.235;91.4;4.81;55.74;0.0;0.0;36.82;27.33;1.085;47.67;;2024-12-20;06:00
84;Auvergne-Rhône-Alpes;Données définitives;8997.5;130.0;12491.5;0.0;5040.0;-4.0;90.0;-9163.5;0.0;0.0;414.5;0.0;1.4449999999999998;13.05;138.88;92.055;4.609999999999999;56.625;0.0;0.0;55.81;44.105000000000004;1.0;46.629999999999995;;2024-12-20;07:00
84;Auvergne-Rhône-Alpes;Données définitives;9574.5;134.0;12558.5;0.5;7080.5;-4.0;91.5;-10677.0;0.0;0.0;392.0;0.0;1.4;13.45;131.175;92.55000000000001;4.095000000000001;53.555;0.005;0.015;73.975;61.955;0.955;47.41;;2024-12-20;08:00
84;Auvergne-Rhône-Alpes;Données définitives;9884.0;133.0;12523.5;55.0;6723.0;-4.0;92.0;-10021.0;0.0;0.0;383.0;0.0;1.3450000000000002;13.35;126.705;92.28999999999999;3.875;52.325;0.555;1.85;68.025;58.83;0.93;47.67;;2024-12-20;09:00
84;Auvergne-Rhône-Alpes;Données définitives;9922.5;134.0;12523.0;239.5;6041.5;-4.0;94.0;-9470.5;0.0;0.0;364.5;0.0;1.35;13.45;126.205;92.28;3.675;49.795;2.41;8.045;60.885;52.87;0.95;48.7;;2024-12-20;10:00
84;Auvergne-Rhône-Alpes;Données définitives;9852.0;134.0;12523.5;522.0;4292.0;-4.0;93.5;-8043.0;0.0;0.0;333.5;0.0;1.36;13.45;127.12;92.285;3.385;45.56;5.305;17.54;43.545;37.555;0.95;48.445;;2024-12-20;11:00
84;Auvergne-Rhône-Alpes;Données définitives;9594.0;134.5;12491.0;708.5;3556.0;-4.0;91.0;-7719.5;0.0;0.0;336.5;0.0;1.4;13.5;130.2;92.05;3.505;45.97;7.385;23.810000000000002;37.065;31.119999999999997;0.945;47.15;;2024-12-20;12:00
84;Auvergne-Rhône-Alpes;Données définitives;9599.5;133.0;12434.0;749.5;3528.0;-4.0;96.5;-7690.5;0.0;0.0;353.5;0.0;1.39;13.35;129.56;91.63;3.6849999999999996;48.290000000000006;7.8100000000000005;25.185000000000002;36.765;30.875;1.01;50.0;;2024-12-20;13:00
84;Auvergne-Rhône-Alpes;Données définitives;9267.0;132.5;12439.0;631.5;3335.0;-4.0;105.0;-7738.0;0.0;0.0;366.5;0.0;1.43;13.3;134.235;91.665;3.955;50.07;6.8100000000000005;21.22;35.985;29.185000000000002;1.1349999999999998;54.4;;2024-12-20;14:00
84;Auvergne-Rhône-Alpes;Données définitives;9003.5;133.5;12520.0;404.0;3520.5;-6.5;107.0;-8023.0;0.0;0.0;348.0;0.0;1.48;13.399999999999999;139.055;92.26;3.865;47.54;4.485;13.575;39.11;30.81;1.185;55.44;;2024-12-20;15:00
84;Auvergne-Rhône-Alpes;Données définitives;8910.5;131.5;12533.0;160.0;4502.0;-16.5;106.5;-8825.0;0.0;0.0;319.5;0.0;1.48;13.2;140.655;92.36;3.585;43.65;1.79;5.375;50.55;39.394999999999996;1.2;55.18;;2024-12-20;16:00
84;Auvergne-Rhône-Alpes;Données définitives;9062.0;131.0;12560.0;15.0;5247.5;-9.0;108.0;-9273.0;0.0;0.0;283.0;0.0;1.4449999999999998;13.15;138.605;92.56;3.125;38.66;0.165;0.505;57.91;45.92;1.1949999999999998;55.959999999999994;;2024-12-20;17:00
84;Auvergne-Rhône-Alpes;Données définitives;9416.5;133.0;12542.0;0.0;5629.0;-4.0;108.0;-9278.5;0.0;0.0;286.0;0.0;1.415;13.35;133.195;92.425;3.04;39.07;0.0;0.0;59.785;49.254999999999995;1.145;55.959999999999994;;2024-12-20;18:00
84;Auvergne-Rhône-Alpes;Données définitives;9580.5;133.0;12524.0;0.0;6291.5;-4.0;110.0;-9758.0;0.0;0.0;284.0;0.0;1.3849999999999998;13.35;130.725;92.28999999999999;2.965;38.795;0.0;0.0;65.675;55.05;1.15;56.995;;2024-12-20;19:00
84;Auvergne-Rhône-Alpes;Données définitives;9519.5;134.5;12514.5;0.0;5799.5;-4.0;107.5;-9298.5;0.0;0.0;267.5;0.0;1.415;13.5;131.47;92.22;2.81;36.540000000000006;0.0;0.0;60.894999999999996;50.75;1.125;55.7;;2024-12-20;20:00
84;Auvergne-Rhône-Alpes;Données définitives;9197.0;134.0;12477.0;0.0;4212.0;-4.0;107.0;-7954.5;0.0;0.0;225.0;0.0;1.455;13.45;135.7;91.945;2.45;30.74;0.0;0.0;45.78;36.855;1.16;55.44;;2024-12-20;21:00
84;Auvergne-Rhône-Alpes;Données définitives;8957.0;134.0;12390.5;0.0;3824.0;-4.0;108.5;-7713.0;0.0;0.0;217.0;0.0;1.495;13.45;138.36;91.31;2.425;29.645000000000003;0.0;0.0;42.7;33.465;1.21;56.215;;2024-12-20;22:00
84;Auvergne-Rhône-Alpes;Données définitives;9255.5;128.5;12444.0;0.0;3453.5;-251.5;109.0;-6799.0;0.0;0.0;171.0;0.0;1.3900000000000001;12.899999999999999;134.45;91.705;1.845;23.36;0.0;0.0;37.32;30.22;1.1749999999999998;56.48;;2024-12-20;23:00
93;Provence-Alpes-Côte d'Azur;Données définitives;4932.5;198.5;0.0;0.0;1743.5;0.0;104.5;2860.5;0.0;0.0;26.0;0.0;4.025;7.3100000000000005;0.0;;0.53;27.08;0.0;0.0;35.349999999999994;53.995000000000005;2.12;35.185;;2024-01-29;00:00
93;Provence-Alpes-Côte d'Azur;Données définitives;4662.5;198.0;0.0;0.0;1611.0;-49.0;106.0;2767.5;0.0;0.0;30.5;0.0;4.245;7.29;0.0;;0.655;31.77;0.0;0.0;34.555;49.89;2.275;35.69;;2024-01-29;01:00
93;Provence-Alpes-Côte d'Azur;Données définitives;4750.5;198.0;0.0;0.0;1547.5;-51.0;105.5;2919.0;0.0;0.0;31.5;0.0;4.17;7.29;0.0;;0.665;32.815;0.0;0.0;32.599999999999994;47.925;2.2199999999999998;35.519999999999996;;2024-01-29;02:00
93;Provence-Alpes-Côte d'Azur;Données définitives;4605.0;198.0;0.0;0.0;1535.5;-50.5;105.5;2793.0;0.0;0.0;23.5;0.0;4.3;7.29;0.0;;0.51;24.48;0.0;0.0;33.355000000000004;47.55;2.295;35.519999999999996;;2024-01-29;03:00
93;Provence-Alpes-Côte d'Azur;Données définitives;4414.5;198.0;0.0;0.0;1565.5;-50.0;105.5;2574.0;0.0;0.0;22.0;0.0;4.485;7.29;0.0;;0.5;22.92;0.0;0.0;35.465;48.485;2.3899999999999997;35.519999999999996;;2024-01-29;04:00
93;Provence-Alpes-Côte d'Azur;Données définitives;4437.0;213.5;0.0;0.0;1626.0;-25.0;106.0;2494.0;0.0;0.0;24.0;0.0;4.8100000000000005;7.859999999999999;0.0;;0.54;25.0;0.0;0.0;36.64;50.355000000000004;2.3899999999999997;35.69;;2024-01-29;05:00
93;Provence-Alpes-Côte d'Azur;Données définitives;4666.5;270.0;0.0;0.0;1964.5;0.0;106.0;2307.0;0.0;0.0;20.5;0.0;5.775;9.945;0.0;;0.44;21.354999999999997;0.0;0.0;42.055;60.839999999999996;2.27;35.69;;2024-01-29;06:00
93;Provence-Alpes-Côte d'Azur;Données définitives;5147.5;465.5;0.0;0.0;2132.5;0.0;104.5;2430.0;0.0;0.0;16.0;0.0;9.035;17.14;0.0;;0.31;16.67;0.0;0.0;41.435;66.045;2.0300000000000002;35.185;;2024-01-29;07:00
93;Provence-Alpes-Côte d'Azur;Données définitives;5374.5;609.5;0.0;16.5;2160.5;0.0;103.5;2464.0;0.0;0.0;21.0;0.0;11.34;22.439999999999998;0.0;;0.39;21.875;0.305;0.72;40.195;66.905;1.9249999999999998;34.85;;2024-01-29;08:00
93;Provence-Alpes-Côte d'Azur;Données définitives;5446.5;610.0;0.0;250.5;2241.0;0.0;105.0;2219.0;0.0;0.0;21.5;0.0;11.2;22.46;0.0;;0.395;22.395;4.595;10.92;41.144999999999996;69.4;1.9249999999999998;35.35;;2024-01-29;09:00
93;Provence-Alpes-Côte d'Azur;Données définitives;5381.0;602.5;0.0;654.0;2095.0;0.0;105.0;1904.5;0.0;0.0;20.5;0.0;11.195;22.185000000000002;0.0;;0.38;21.355;12.165;28.509999999999998;38.935;64.88;1.95;35.355000000000004;;2024-01-29;10:00
93;Provence-Alpes-Côte d'Azur;Données définitives;5251.5;368.0;0.0;972.5;1906.5;0.0;106.0;1879.0;0.0;0.0;20.5;0.0;7.005;13.55;0.0;;0.39;21.355;18.525;42.39;36.305;59.040000000000006;2.0199999999999996;35.69;;2024-01-29;11:00
93;Provence-Alpes-Côte d'Azur;Données définitives;5193.0;351.5;0.0;1137.0;1971.0;0.0;107.0;1607.0;0.0;0.0;19.0;0.0;6.77;12.94;0.0;;0.37;19.79;21.895;49.565;37.955;61.04;2.06;36.03;;2024-01-29;12:00
93;Provence-Alpes-Côte d'Azur;Données définitives;4995.0;346.0;0.0;1174.0;1826.0;0.0;107.0;1526.5;0.0;0.0;15.5;0.0;6.93;12.74;0.0;;0.31000000000000005;16.145;23.505;51.175;36.555;56.55;2.1399999999999997;36.025;;2024-01-29;13:00
93;Provence-Alpes-Côte d'Azur;Données définitives;4902.0;346.5;0.0;1059.0;1853.0;0.0;105.5;1525.5;0.0;0.0;12.5;0.0;7.0649999999999995;12.76;0.0;;0.255;13.02;21.61;46.165;37.8;57.39;2.1550000000000002;35.519999999999996;;2024-01-29;14:00
93;Provence-Alpes-Côte d'Azur;Données définitives;4883.5;375.0;0.0;847.0;1817.0;0.0;103.5;1729.5;0.0;0.0;11.0;0.0;7.675;13.805;0.0;;0.225;11.46;17.35;36.92;37.209999999999994;56.269999999999996;2.12;34.85;;2024-01-29;15:00
93;Provence-Alpes-Côte d'Azur;Données définitives;4686.0;389.0;0.0;520.0;1807.5;0.0;100.5;1857.0;0.0;0.0;12.0;0.0;8.3;14.32;0.0;;0.255;12.5;11.07;22.665;38.595;55.980000000000004;2.145;33.835;;2024-01-29;16:00
93;Provence-Alpes-Côte d'Azur;Données définitives;4662.0;545.5;0.0;144.0;2067.0;0.0;103.0;1793.5;0.0;0.0;9.0;0.0;11.68;20.085;0.0;;0.195;9.38;3.11;6.28;44.34;64.01;2.21;34.68000000000001;;2024-01-29;17:00
93;Provence-Alpes-Côte d'Azur;Données définitives;5194.0;735.5;0.0;1.5;2161.5;0.0;101.0;2185.0;0.0;0.0;10.5;0.0;14.155;27.08;0.0;;0.20500000000000002;10.940000000000001;0.03;0.065;41.625;66.94;1.945;34.005;;2024-01-29;18:00
93;Provence-Alpes-Côte d'Azur;Données définitives;5650.5;850.0;0.0;0.0;2278.0;0.0;99.5;2411.5;0.0;0.0;11.5;0.0;15.04;31.3;0.0;;0.20500000000000002;11.98;0.0;0.0;40.31;70.55000000000001;1.76;33.5;;2024-01-29;19:00
93;Provence-Alpes-Côte d'Azur;Données définitives;5603.5;905.5;0.0;0.0;2294.5;0.0;102.0;2288.5;0.0;0.0;14.5;0.0;16.15;33.339999999999996;0.0;;0.26;15.105;0.0;0.0;40.95;71.055;1.82;34.34;;2024-01-29;20:00
93;Provence-Alpes-Côte d'Azur;Données définitives;5236.0;810.0;0.0;0.0;2182.5;0.0;100.5;2126.0;0.0;0.0;18.0;0.0;15.48;29.82;0.0;;0.345;18.75;0.0;0.0;41.675;67.59;1.92;33.84;;2024-01-29;21:00
93;Provence-Alpes-Côte d'Azur;Données définitives;5038.5;858.5;0.0;0.0;2050.0;0.0;98.5;2011.5;0.0;0.0;21.5;0.0;17.04;31.61;0.0;;0.43;22.4;0.0;0.0;40.685;63.49;1.955;33.165;;2024-01-29;22:00
93;Provence-Alpes-Côte d'Azur;Données définitives;5297.0;1037.0;0.0;0.0;1915.5;0.0;95.5;2231.5;0.0;0.0;18.0;0.0;19.615;38.18;0.0;;0.33999999999999997;18.75;0.0;0.0;36.205;59.32;1.8050000000000002;32.155;;2024-01-29;23:00
93;Provence-Alpes-Côte d'Azur;Données définitives;5254.0;228.0;0.0;0.0;1287.0;0.0;122.0;3610.0;0.0;0.0;8.5;0.0;4.34;8.395;0.0;;0.16;8.855;0.0;0.0;24.475;39.855000000000004;2.325;41.08;;2024-02-14;00:00
93;Provence-Alpes-Côte d'Azur;Données définitives;4948.0;230.5;0.0;0.0;1175.5;-50.0;122.0;3464.0;0.0;0.0;7.0;0.0;4.66;8.485;0.0;;0.14;7.29;0.0;0.0;23.755;36.4;2.465;41.075;;2024-02-14;01:00
93;Provence-Alpes-Côte d'Azur;Données définitives;5023.5;232.0;0.0;0.0;1182.5;0.0;119.0;3484.0;0.0;0.0;7.0;0.0;4.619999999999999;8.54;0.0;;0.14;7.29;0.0;0.0;23.54;36.620000000000005;2.37;40.065;;2024-02-14;02:00
93;Provence-Alpes-Côte d'Azur;Données définitives;4879.5;231.0;0.0;0.0;1190.0;0.0;119.5;3334.0;0.0;0.0;6.0;0.0;4.735;8.51;0.0;;0.12;6.25;0.0;0.0;24.39;36.85;2.45;40.235;;2024-02-14;03:00
93;Provence-Alpes-Côte d'Azur;Données définitives;4700.0;230.0;0.0;0.0;1193.0;0.0;122.5;3153.0;0.0;0.0;2.0;0.0;4.895;8.469999999999999;0.0;;0.04;2.08;0.0;0.0;25.384999999999998;36.945;2.6100000000000003;41.245;;2024-02-14;04:00
93;Provence-Alpes-Côte d'Azur;Données définitives;4704.5;229.0;0.0;0.0;1192.0;0.0;123.5;3158.0;0.0;0.0;2.0;0.0;4.865;8.43;0.0;;0.04;2.08;0.0;0.0;25.34;36.915;2.625;41.58;;2024-02-14;05:00
93;Provence-Alpes-Côte d'Azur;Données définitives;4928.0;231.0;0.0;0.0;1206.0;0.0;125.0;3364.5;0.0;0.0;2.0;0.0;4.6899999999999995;8.51;0.0;;0.04;2.08;0.0;0.0;24.475;37.345;2.535;42.09;;2024-02-14;06:00
93;Provence-Alpes-Côte d'Azur;Données définitives;5350.5;230.5;0.0;0.0;1329.5;0.0;123.5;3667.0;0.0;0.0;0.5;0.0;4.305;8.49;0.0;;0.01;0.52;0.0;0.0;24.845;41.17;2.3099999999999996;41.58;;2024-02-14;07:00
93;Provence-Alpes-Côte d'Azur;Données définitives;5552.5;231.0;0.0;61.5;1649.0;0.0;123.0;3487.0;0.0;0.0;0.5;0.0;4.16;8.51;0.0;;0.01;0.52;1.105;2.6799999999999997;29.700000000000003;51.07;2.215;41.41;;2024-02-14;08:00
93;Provence-Alpes-Côte d'Azur;Données définitives;5590.5;231.0;0.0;464.5;1758.0;0.0;123.0;3014.0;0.0;0.0;0.0;0.0;4.13;8.51;0.0;;0.0;0.0;8.315;20.245;31.445;54.445;2.2;41.41;;2024-02-14;09:00
93;Provence-Alpes-Côte d'Azur;Données définitives;5473.5;230.0;0.0;948.0;1712.0;0.0;124.0;2459.5;0.0;0.0;0.0;0.0;4.205;8.47;0.0;;0.0;0.0;17.33;41.325;31.28;53.019999999999996;2.2649999999999997;41.75;;2024-02-14;10:00
93;Provence-Alpes-Côte d'Azur;Données définitives;5278.0;229.5;0.0;1263.5;1660.0;0.0;122.0;2004.0;0.0;0.0;0.0;0.0;4.345000000000001;8.45;0.0;;0.0;0.0;23.950000000000003;55.08;31.45;51.41;2.31;41.08;;2024-02-14;11:00
93;Provence-Alpes-Côte d'Azur;Données définitives;5229.5;228.5;0.0;1425.0;1355.0;0.0;120.0;2101.0;0.0;0.0;0.5;0.0;4.37;8.41;0.0;;0.01;0.52;27.255000000000003;62.120000000000005;25.905;41.96;2.295;40.4;;2024-02-14;12:00
93;Provence-Alpes-Côte d'Azur;Données définitives;5049.0;225.5;0.0;1466.5;1222.5;0.0;112.5;2022.5;0.0;0.0;0.5;0.0;4.465;8.3;0.0;;0.01;0.52;29.045;63.925;24.21;37.86;2.23;37.879999999999995;;2024-02-14;13:00
93;Provence-Alpes-Côte d'Azur;Données définitives;4902.5;224.0;0.0;1366.0;1199.0;0.0;107.0;2006.5;0.0;0.0;0.0;0.0;4.57;8.25;0.0;;0.0;0.0;27.865000000000002;59.55;24.455;37.135;2.185;36.03;;2024-02-14;14:00
93;Provence-Alpes-Côte d'Azur;Données définitives;4908.0;225.0;0.0;1161.0;1218.5;0.0;106.0;2197.0;0.0;0.0;0.5;0.0;4.585;8.28;0.0;;0.01;0.52;23.65;50.61;24.825;37.735;2.16;35.69;;2024-02-14;15:00
93;Provence-Alpes-Côte d'Azur;Données définitives;4693.0;225.0;0.0;811.0;1295.5;0.0;108.0;2253.5;0.0;0.0;0.0;0.0;4.795;8.28;0.0;;0.0;0.0;17.25;35.35;27.615000000000002;40.120000000000005;2.3049999999999997;36.36;;2024-02-14;16:00
93;Provence-Alpes-Côte d'Azur;Données définitives;4645.5;229.5;0.0;332.5;1368.5;0.0;107.5;2605.0;0.0;0.0;2.0;0.0;4.9399999999999995;8.45;0.0;;0.04;2.085;7.164999999999999;14.495000000000001;29.46;42.379999999999995;2.315;36.195;;2024-02-14;17:00
93;Provence-Alpes-Côte d'Azur;Données définitives;5032.5;235.5;0.0;23.5;1702.5;0.0;108.0;2961.5;0.0;0.0;1.0;0.0;4.6850000000000005;8.67;0.0;;0.02;1.04;0.485;1.025;33.77;52.724999999999994;2.15;36.36;;2024-02-14;18:00
93;Provence-Alpes-Côte d'Azur;Données définitives;5662.5;236.0;0.0;0.0;1994.5;0.0;112.0;3319.5;0.0;0.0;1.5;0.0;4.17;8.69;0.0;;0.025;1.56;0.0;0.0;35.225;61.765;1.98;37.709999999999994;;2024-02-14;19:00
93;Provence-Alpes-Côte d'Azur;Données définitives;5575.0;236.5;0.0;0.0;1927.0;0.0;116.5;3293.0;0.0;0.0;2.0;0.0;4.24;8.71;0.0;;0.04;2.08;0.0;0.0;34.56;59.68;2.09;39.224999999999994;;2024-02-14;20:00
93;Provence-Alpes-Côte d'Azur;Données définitives;5213.5;232.5;0.0;0.0;1552.0;0.0;122.5;3304.0;0.0;0.0;3.0;0.0;4.460000000000001;8.56;0.0;;0.06;3.125;0.0;0.0;29.720000000000002;48.065;2.35;41.245;;2024-02-14;21:00
93;Provence-Alpes-Côte d'Azur;Données définitives;5044.0;229.0;0.0;0.0;1268.5;0.0;120.0;3424.0;0.0;0.0;3.5;0.0;4.539999999999999;8.43;0.0;;0.07;3.65;0.0;0.0;25.155;39.285;2.38;40.4;;2024-02-14;22:00
93;Provence-Alpes-Côte d'Azur;Données définitives;5299.0;229.0;0.0;0.0;1213.5;0.0;120.0;3734.5;0.0;0.0;2.5;0.0;4.324999999999999;8.43;0.0;;0.045;2.605;0.0;0.0;22.91;37.585;2.2649999999999997;40.4;;2024-02-14;23:00
93;Provence-Alpes-Côte d'Azur;Données définitives;4647.5;129.5;0.0;0.0;1742.0;0.0;108.0;2668.0;0.0;0.0;0.5;0.0;2.79;4.77;0.0;;0.01;0.52;0.0;0.0;37.504999999999995;53.94499999999999;2.325;36.36;;2024-03-14;00:00
93;Provence-Alpes-Côte d'Azur;Données définitives;4347.5;129.5;0.0;0.0;1787.5;0.0;108.0;2322.0;0.0;0.0;1.0;0.0;2.98;4.77;0.0;;0.02;1.04;0.0;0.0;41.120000000000005;55.355000000000004;2.4850000000000003;36.36;;2024-03-14;01:00
93;Provence-Alpes-Côte d'Azur;Données définitives;4384.5;129.0;0.0;0.0;1817.5;0.0;108.0;2330.0;0.0;0.0;1.0;0.0;2.9450000000000003;4.75;0.0;;0.02;1.04;0.0;0.0;41.46;56.285;2.465;36.36;;2024-03-14;02:00
93;Provence-Alpes-Côte d'Azur;Données définitives;4234.5;129.0;0.0;0.0;1759.0;0.0;109.5;2236.0;0.0;0.0;1.0;0.0;3.045;4.75;0.0;;0.02;1.04;0.0;0.0;41.535;54.475;2.585;36.870000000000005;;2024-03-14;03:00
93;Provence-Alpes-Côte d'Azur;Données définitives;4086.5;129.0;0.0;0.0;1711.0;0.0;109.5;2137.5;0.0;0.0;0.0;0.0;3.1550000000000002;4.75;0.0;;0.0;0.0;0.0;0.0;41.87;52.99;2.68;36.870000000000005;;2024-03-14;04:00
93;Provence-Alpes-Côte d'Azur;Données définitives;4119.5;129.0;0.0;0.0;1729.0;0.0;110.5;2150.5;0.0;0.0;1.5;0.0;3.13;4.75;0.0;;0.035;1.56;0.0;0.0;41.980000000000004;53.545;2.685;37.205;;2024-03-14;05:00
93;Provence-Alpes-Côte d'Azur;Données définitives;4387.0;128.5;0.0;0.0;1760.5;0.0;109.5;2388.5;0.0;0.0;1.0;0.0;2.9299999999999997;4.73;0.0;;0.025;1.04;0.0;0.0;40.144999999999996;54.519999999999996;2.5;36.870000000000005;;2024-03-14;06:00
93;Provence-Alpes-Côte d'Azur;Données définitives;4706.0;128.0;0.0;18.5;1778.0;0.0;107.0;2672.0;0.0;0.0;3.0;0.0;2.72;4.71;0.0;;0.065;3.125;0.39;0.805;37.785;55.065;2.275;36.03;;2024-03-14;07:00
93;Provence-Alpes-Côte d'Azur;Données définitives;4810.5;128.5;0.0;232.5;1916.5;0.0;109.0;2413.5;0.0;0.0;10.0;0.0;2.67;4.73;0.0;;0.21000000000000002;10.415;4.835;10.135;39.84;59.355000000000004;2.2649999999999997;36.7;;2024-03-14;08:00
93;Provence-Alpes-Côte d'Azur;Données définitives;4833.5;126.0;0.0;668.5;1896.0;0.0;106.5;2023.5;0.0;0.0;12.5;0.0;2.605;4.64;0.0;;0.26;13.02;13.82;29.14;39.225;58.715;2.2;35.86;;2024-03-14;09:00
93;Provence-Alpes-Côte d'Azur;Données définitives;4765.0;125.0;0.0;1042.5;1830.0;0.0;107.0;1643.0;0.0;0.0;17.5;0.0;2.625;4.6;0.0;;0.37;18.23;21.88;45.445;38.405;56.675;2.245;36.025;;2024-03-14;10:00
93;Provence-Alpes-Côte d'Azur;Données définitives;4701.5;124.5;0.0;1364.5;1737.5;0.0;107.5;1356.0;0.0;0.0;12.5;0.0;2.6500000000000004;4.585;0.0;;0.265;13.02;29.025;59.485;36.955;53.81;2.285;36.195;;2024-03-14;11:00
93;Provence-Alpes-Côte d'Azur;Données définitives;4737.5;124.0;0.0;1530.0;1620.5;0.0;109.0;1345.0;0.0;0.0;9.5;0.0;2.615;4.5649999999999995;0.0;;0.2;9.895;32.3;66.695;34.2;50.185;2.3;36.7;;2024-03-14;12:00
93;Provence-Alpes-Côte d'Azur;Données définitives;4644.5;124.5;0.0;1574.0;1486.0;0.0;109.0;1343.0;0.0;0.0;7.5;0.0;2.6799999999999997;4.585;0.0;;0.16;7.8100000000000005;33.89;68.61;31.994999999999997;46.019999999999996;2.3449999999999998;36.7;;2024-03-14;13:00
93;Provence-Alpes-Côte d'Azur;Données définitives;4534.5;125.0;0.0;1454.0;1349.5;0.0;110.5;1491.0;0.0;0.0;5.0;0.0;2.755;4.605;0.0;;0.11;5.21;32.07;63.385;29.759999999999998;41.795;2.435;37.205;;2024-03-14;14:00
93;Provence-Alpes-Côte d'Azur;Données définitives;4489.0;124.5;0.0;1267.0;1379.0;0.0;111.5;1603.5;0.0;0.0;4.0;0.0;2.775;4.585;0.0;;0.09;4.17;28.23;55.230000000000004;30.72;42.705;2.485;37.54;;2024-03-14;15:00
93;Provence-Alpes-Côte d'Azur;Données définitives;4355.5;125.0;0.0;969.5;1475.5;0.0;104.0;1678.0;0.0;0.0;3.5;0.0;2.87;4.605;0.0;;0.08;3.65;22.21;42.265;33.92;45.7;2.385;35.019999999999996;;2024-03-14;16:00
93;Provence-Alpes-Côte d'Azur;Données définitives;4319.5;124.0;0.0;497.0;1670.5;0.0;87.0;1938.5;0.0;0.0;5.5;0.0;2.87;4.57;0.0;;0.13;5.73;11.510000000000002;21.665;38.67;51.735;2.01;29.295;;2024-03-14;17:00
93;Provence-Alpes-Côte d'Azur;Données définitives;4605.5;126.5;0.0;126.5;1798.0;0.0;108.0;2444.0;0.0;0.0;3.5;0.0;2.75;4.654999999999999;0.0;;0.075;3.65;2.8000000000000003;5.515000000000001;39.05;55.685;2.3499999999999996;36.36;;2024-03-14;18:00
93;Provence-Alpes-Côte d'Azur;Données définitives;5146.0;128.0;0.0;1.0;1921.0;0.0;107.0;2988.0;0.0;0.0;1.5;0.0;2.4850000000000003;4.71;0.0;;0.03;1.56;0.02;0.045;37.34;59.495000000000005;2.08;36.03;;2024-03-14;19:00
93;Provence-Alpes-Côte d'Azur;Données définitives;5083.5;126.5;0.0;0.0;1878.0;0.0;100.0;2979.0;0.0;0.0;0.5;0.0;2.49;4.66;0.0;;0.01;0.52;0.0;0.0;36.945;58.16;1.97;33.67;;2024-03-14;20:00
93;Provence-Alpes-Côte d'Azur;Données définitives;4726.5;126.0;0.0;0.0;1844.5;0.0;94.5;2661.5;0.0;0.0;0.0;0.0;2.665;4.64;0.0;;0.0;0.0;0.0;0.0;39.035;57.12;2.0;31.82;;2024-03-14;21:00
93;Provence-Alpes-Côte d'Azur;Données définitives;4601.5;126.0;0.0;0.0;1799.0;0.0;92.0;2584.5;0.0;0.0;0.0;0.0;2.7350000000000003;4.64;0.0;;0.0;0.0;0.0;0.0;39.105000000000004;55.715;2.0;30.975;;2024-03-14;22:00
93;Provence-Alpes-Côte d'Azur;Données définitives;4767.0;126.0;0.0;0.0;1740.0;0.0;95.0;2806.5;0.0;0.0;0.0;0.0;2.645;4.64;0.0;;0.0;0.0;0.0;0.0;36.54;53.89;1.995;31.985;;2024-03-14;23:00
93;Provence-Alpes-Côte d'Azur;Données définitives;3796.0;51.5;0.0;0.0;1588.5;0.0;100.5;1992.0;0.0;0.0;64.0;0.0;1.3599999999999999;1.895;0.0;;1.685;66.67;0.0;0.0;41.81;49.195;2.65;33.84;;2024-04-17;00:00
93;Provence-Alpes-Côte d'Azur;Données définitives;3454.0;53.0;0.0;0.0;1288.5;0.0;99.5;1959.0;0.0;0.0;54.5;0.0;1.5350000000000001;1.95;0.0;;1.575;56.769999999999996;0.0;0.0;37.305;39.905;2.88;33.5;;2024-04-17;01:00
93;Provence-Alpes-Côte d'Azur;Données définitives;3450.0;53.5;0.0;0.0;1258.5;0.0;100.5;2008.0;0.0;0.0;29.5;0.0;1.5550000000000002;1.97;0.0;;0.8600000000000001;30.73;0.0;0.0;36.49;38.975;2.915;33.84;;2024-04-17;02:00
93;Provence-Alpes-Côte d'Azur;Données définitives;3259.5;52.5;0.0;0.0;1214.0;0.0;102.0;1848.0;0.0;0.0;43.5;0.0;1.61;1.93;0.0;;1.34;45.315;0.0;0.0;37.239999999999995;37.595;3.13;34.34;;2024-04-17;03:00
93;Provence-Alpes-Côte d'Azur;Données définitives;3108.0;52.0;0.0;0.0;1192.0;0.0;102.5;1708.5;0.0;0.0;53.5;0.0;1.6749999999999998;1.91;0.0;;1.7200000000000002;55.730000000000004;0.0;0.0;38.355000000000004;36.915000000000006;3.3;34.510000000000005;;2024-04-17;04:00
93;Provence-Alpes-Côte d'Azur;Données définitives;3109.0;52.0;0.0;0.0;1222.0;0.0;103.0;1687.0;0.0;0.0;45.0;0.0;1.67;1.91;0.0;;1.4449999999999998;46.875;0.0;0.0;39.3;37.845;3.31;34.68000000000001;;2024-04-17;05:00
93;Provence-Alpes-Côte d'Azur;Données définitives;3287.5;52.0;0.0;0.0;1264.5;0.0;101.5;1818.5;0.0;0.0;51.0;0.0;1.585;1.91;0.0;;1.5550000000000002;53.125;0.0;0.0;38.480000000000004;39.16;3.085;34.175;;2024-04-17;06:00
93;Provence-Alpes-Côte d'Azur;Données définitives;3554.0;51.0;0.0;14.5;1443.0;0.0;100.0;1900.0;0.0;0.0;46.5;0.0;1.435;1.88;0.0;;1.31;48.44;0.405;0.63;40.605000000000004;44.685;2.815;33.67;;2024-04-17;07:00
93;Provence-Alpes-Côte d'Azur;Données définitives;3771.0;52.5;0.0;225.0;1408.5;0.0;99.0;1938.0;0.0;0.0;49.0;0.0;1.39;1.93;0.0;;1.2999999999999998;51.04;5.925;9.805;37.38;43.620000000000005;2.625;33.33;;2024-04-17;08:00
93;Provence-Alpes-Côte d'Azur;Données définitives;3943.0;50.5;0.0;710.5;1358.5;0.0;98.5;1671.0;0.0;0.0;54.5;0.0;1.28;1.8599999999999999;0.0;;1.38;56.769999999999996;17.995;30.97;34.455;42.07;2.5;33.165;;2024-04-17;09:00
93;Provence-Alpes-Côte d'Azur;Données définitives;4008.5;50.0;0.0;1181.5;1339.0;0.0;99.0;1279.0;0.0;0.0;60.5;0.0;1.245;1.84;0.0;;1.51;63.025;29.465;51.5;33.41;41.47;2.4699999999999998;33.33;;2024-04-17;10:00
93;Provence-Alpes-Côte d'Azur;Données définitives;4057.0;52.5;0.0;1542.0;1267.0;0.0;99.0;1032.5;0.0;0.0;64.5;0.0;1.29;1.93;0.0;;1.59;67.19;38.0;67.22;31.235;39.235;2.44;33.335;;2024-04-17;11:00
93;Provence-Alpes-Côte d'Azur;Données définitives;4174.5;52.0;0.0;1770.5;1112.0;0.0;98.5;1070.5;0.0;0.0;71.5;0.0;1.245;1.915;0.0;;1.7149999999999999;74.48;42.405;77.18;26.645;34.44;2.36;33.165;;2024-04-17;12:00
93;Provence-Alpes-Côte d'Azur;Données définitives;4232.5;50.5;0.0;1854.0;1068.5;0.0;99.0;1088.5;0.0;0.0;73.0;0.0;1.19;1.8599999999999999;0.0;;1.725;76.04499999999999;43.805;80.82;25.255;33.09;2.335;33.33;;2024-04-17;13:00
93;Provence-Alpes-Côte d'Azur;Données définitives;4133.0;50.0;0.0;1845.0;965.0;0.0;100.0;1102.5;0.0;0.0;71.0;0.0;1.21;1.84;0.0;;1.7149999999999999;73.96;44.644999999999996;80.425;23.345;29.884999999999998;2.42;33.67;;2024-04-17;14:00
93;Provence-Alpes-Côte d'Azur;Données définitives;4011.0;51.0;0.0;1797.0;972.0;0.0;100.5;1021.0;0.0;0.0;70.0;0.0;1.275;1.88;0.0;;1.75;72.92;44.795;78.33500000000001;24.23;30.105;2.505;33.84;;2024-04-17;15:00
93;Provence-Alpes-Côte d'Azur;Données définitives;3812.0;50.5;0.0;1614.5;1018.0;0.0;101.0;954.0;0.0;0.0;74.0;0.0;1.3250000000000002;1.8599999999999999;0.0;;1.9449999999999998;77.08;42.345;70.38;26.715000000000003;31.53;2.65;34.01;;2024-04-17;16:00
93;Provence-Alpes-Côte d'Azur;Données définitives;3735.0;51.0;0.0;1291.0;1113.5;0.0;101.0;1102.5;0.0;0.0;76.0;0.0;1.3650000000000002;1.88;0.0;;2.035;79.16999999999999;34.55;56.28;29.814999999999998;34.485;2.705;34.01;;2024-04-17;17:00
93;Provence-Alpes-Côte d'Azur;Données définitives;3815.5;51.0;0.0;789.0;1198.5;0.0;101.0;1602.5;0.0;0.0;73.0;0.0;1.335;1.88;0.0;;1.915;76.03999999999999;20.715;34.394999999999996;31.41;37.12;2.645;34.01;;2024-04-17;18:00
93;Provence-Alpes-Côte d'Azur;Données définitives;4073.5;51.5;0.0;292.5;1493.5;0.0;101.5;2067.5;0.0;0.0;68.0;0.0;1.2650000000000001;1.895;0.0;;1.675;70.83500000000001;7.220000000000001;12.754999999999999;36.67;46.25;2.49;34.175;;2024-04-17;19:00
93;Provence-Alpes-Côte d'Azur;Données définitives;4127.0;51.0;0.0;33.5;1545.0;0.0;99.0;2334.5;0.0;0.0;64.5;0.0;1.2349999999999999;1.88;0.0;;1.565;67.185;0.8099999999999999;1.46;37.44;47.849999999999994;2.4000000000000004;33.33;;2024-04-17;20:00
93;Provence-Alpes-Côte d'Azur;Données définitives;4076.0;51.0;0.0;0.0;1636.0;0.0;98.0;2230.0;0.0;0.0;62.0;0.0;1.25;1.88;0.0;;1.52;64.58;0.0;0.0;40.144999999999996;50.665;2.4050000000000002;33.0;;2024-04-17;21:00
93;Provence-Alpes-Côte d'Azur;Données définitives;3930.0;51.5;0.0;0.0;1623.0;0.0;98.0;2095.5;0.0;0.0;63.0;0.0;1.31;1.895;0.0;;1.605;65.63;0.0;0.0;41.295;50.265;2.495;33.0;;2024-04-17;22:00
93;Provence-Alpes-Côte d'Azur;Données définitives;4106.0;52.0;0.0;0.0;1595.5;0.0;98.0;2293.0;0.0;0.0;68.5;0.0;1.27;1.91;0.0;;1.67;71.355;0.0;0.0;38.93;49.415000000000006;2.395;33.0;;2024-04-17;23:00
93;Provence-Alpes-Côte d'Azur;Données définitives;3574.0;30.0;0.0;0.0;1778.0;0.0;88.0;1679.5;0.0;0.0;0.0;0.0;0.84;1.1;0.0;;0.0;0.0;0.0;0.0;49.8;55.065;2.465;29.63;;2024-05-13;00:00
93;Provence-Alpes-Côte d'Azur;Données définitives;3264.5;29.5;0.0;0.0;1668.5;-24.0;90.0;1501.0;0.0;0.0;0.0;0.0;0.905;1.085;0.0;;0.0;0.0;0.0;0.0;51.114999999999995;51.67;2.755;30.3;;2024-05-13;01:00
93;Provence-Alpes-Côte d'Azur;Données définitives;3228.5;30.0;0.0;0.0;1630.0;-50.0;90.0;1530.0;0.0;0.0;0.0;0.0;0.9299999999999999;1.1;0.0;;0.0;0.0;0.0;0.0;50.495000000000005;50.480000000000004;2.79;30.3;;2024-05-13;02:00
93;Provence-Alpes-Côte d'Azur;Données définitives;3047.0;29.0;0.0;0.0;1619.0;-50.0;90.0;1360.0;0.0;0.0;0.0;0.0;0.95;1.07;0.0;;0.0;0.0;0.0;0.0;53.150000000000006;50.14;2.955;30.3;;2024-05-13;03:00
93;Provence-Alpes-Côte d'Azur;Données définitives;2869.0;29.0;0.0;0.0;1561.0;-25.0;90.0;1214.5;0.0;0.0;0.0;0.0;1.0150000000000001;1.07;0.0;;0.0;0.0;0.0;0.0;54.42;48.345;3.135;30.3;;2024-05-13;04:00
93;Provence-Alpes-Côte d'Azur;Données définitives;2854.0;29.0;0.0;0.0;1559.5;0.0;91.0;1175.5;0.0;0.0;0.0;0.0;1.0150000000000001;1.07;0.0;;0.0;0.0;0.0;0.0;54.64;48.295;3.1900000000000004;30.64;;2024-05-13;05:00
93;Provence-Alpes-Côte d'Azur;Données définitives;3011.5;29.0;0.0;0.5;1606.5;0.0;89.5;1286.5;0.0;0.0;0.0;0.0;0.965;1.07;0.0;;0.0;0.0;0.015;0.02;53.355000000000004;49.75;2.975;30.134999999999998;;2024-05-13;06:00
93;Provence-Alpes-Côte d'Azur;Données définitives;3305.0;29.5;0.0;57.0;1776.5;0.0;88.0;1354.5;0.0;0.0;0.0;0.0;0.89;1.085;0.0;;0.0;0.0;1.71;2.485;53.75;55.015;2.665;29.63;;2024-05-13;07:00
93;Provence-Alpes-Côte d'Azur;Données définitives;3538.5;29.0;0.0;234.0;1789.5;0.0;86.0;1398.5;0.0;0.0;0.5;0.0;0.8200000000000001;1.07;0.0;;0.015;0.52;6.574999999999999;10.2;50.61;55.42;2.435;28.96;;2024-05-13;08:00
93;Provence-Alpes-Côte d'Azur;Données définitives;3742.0;29.5;0.0;595.5;1745.0;0.0;85.5;1284.5;0.0;0.0;2.0;0.0;0.785;1.085;0.0;;0.05;2.08;15.89;25.96;46.64;54.045;2.285;28.79;;2024-05-13;09:00
93;Provence-Alpes-Côte d'Azur;Données définitives;3870.5;31.5;0.0;1036.0;1521.5;0.0;84.0;1195.0;0.0;0.0;2.5;0.0;0.81;1.1600000000000001;0.0;;0.065;2.605;26.77;45.165;39.31;47.120000000000005;2.17;28.285;;2024-05-13;10:00
93;Provence-Alpes-Côte d'Azur;Données définitives;3944.0;33.0;0.0;1322.5;1342.0;0.0;85.0;1157.5;0.0;0.0;3.5;0.0;0.8400000000000001;1.2149999999999999;0.0;;0.09;3.65;33.53;57.65;34.025000000000006;41.56;2.1550000000000002;28.62;;2024-05-13;11:00
93;Provence-Alpes-Côte d'Azur;Données définitives;4093.5;29.0;0.0;1214.0;1305.0;0.0;86.5;1457.0;0.0;0.0;2.5;0.0;0.71;1.07;0.0;;0.060000000000000005;2.605;29.689999999999998;52.92;31.900000000000002;40.415;2.115;29.125;;2024-05-13;12:00
93;Provence-Alpes-Côte d'Azur;Données définitives;4136.0;29.5;0.0;1150.5;1205.0;0.0;85.5;1664.0;0.0;0.0;1.5;0.0;0.71;1.085;0.0;;0.035;1.56;27.82;50.155;29.134999999999998;37.315;2.07;28.79;;2024-05-13;13:00
93;Provence-Alpes-Côte d'Azur;Données définitives;4031.5;34.0;0.0;1121.0;1122.5;0.0;82.5;1669.5;0.0;0.0;2.0;0.0;0.84;1.255;0.0;;0.05;2.08;27.810000000000002;48.870000000000005;27.84;34.76;2.045;27.78;;2024-05-13;14:00
93;Provence-Alpes-Côte d'Azur;Données définitives;3895.5;30.0;0.0;1085.5;1115.0;0.0;85.0;1575.5;0.0;0.0;5.5;0.0;0.775;1.1;0.0;;0.145;5.73;27.924999999999997;47.315;28.634999999999998;34.53;2.185;28.62;;2024-05-13;15:00
93;Provence-Alpes-Côte d'Azur;Données définitives;3709.5;32.0;0.0;1236.0;1186.0;0.0;86.0;1159.5;0.0;0.0;9.5;0.0;0.865;1.18;0.0;;0.255;9.9;33.315;53.879999999999995;31.98;36.730000000000004;2.32;28.955;;2024-05-13;16:00
93;Provence-Alpes-Côte d'Azur;Données définitives;3663.5;30.0;0.0;942.0;1303.5;0.0;86.5;1287.5;0.0;0.0;13.5;0.0;0.82;1.1;0.0;;0.37;14.065000000000001;25.71;41.065;35.584999999999994;40.364999999999995;2.3600000000000003;29.125;;2024-05-13;17:00
93;Provence-Alpes-Côte d'Azur;Données définitives;3764.5;32.0;0.0;667.0;1367.5;0.0;87.5;1588.5;0.0;0.0;22.5;0.0;0.85;1.18;0.0;;0.595;23.439999999999998;17.73;29.075;36.325;42.355000000000004;2.325;29.46;;2024-05-13;18:00
93;Provence-Alpes-Côte d'Azur;Données définitives;3881.0;31.5;0.0;329.5;1463.5;0.0;87.5;1946.5;0.0;0.0;22.0;0.0;0.815;1.16;0.0;;0.5700000000000001;22.92;8.51;14.36;37.695;45.325;2.255;29.46;;2024-05-13;19:00
93;Provence-Alpes-Côte d'Azur;Données définitives;3846.5;33.0;0.0;94.0;1554.0;0.0;88.5;2059.5;0.0;0.0;17.0;0.0;0.86;1.22;0.0;;0.44;17.71;2.4299999999999997;4.1;40.41;48.129999999999995;2.3;29.799999999999997;;2024-05-13;20:00
93;Provence-Alpes-Côte d'Azur;Données définitives;3713.0;33.0;0.0;2.5;1623.5;0.0;91.5;1941.5;0.0;0.0;21.0;0.0;0.885;1.22;0.0;;0.565;21.875;0.065;0.11;43.735;50.28;2.465;30.810000000000002;;2024-05-13;21:00
93;Provence-Alpes-Côte d'Azur;Données définitives;3634.5;34.0;0.0;0.0;1770.5;0.0;92.5;1717.5;0.0;0.0;20.0;0.0;0.935;1.25;0.0;;0.55;20.83;0.0;0.0;48.71;54.83;2.545;31.145;;2024-05-13;22:00
93;Provence-Alpes-Côte d'Azur;Données définitives;3844.0;32.5;0.0;0.0;1737.5;0.0;97.0;1947.0;0.0;0.0;31.0;0.0;0.845;1.2;0.0;;0.8049999999999999;32.295;0.0;0.0;45.325;53.81;2.525;32.66;;2024-05-13;23:00
93;Provence-Alpes-Côte d'Azur;Données définitives;3672.5;17.0;0.0;0.0;2021.0;0.0;129.5;1495.0;0.0;0.0;10.5;0.0;0.46499999999999997;0.625;0.0;;0.28500000000000003;10.940000000000001;0.0;0.0;55.06999999999999;62.584999999999994;3.5300000000000002;43.6;;2024-06-11;00:00
93;Provence-Alpes-Côte d'Azur;Données définitives;3337.5;19.0;0.0;0.0;1849.5;-23.5;130.0;1351.5;0.0;0.0;12.0;0.0;0.57;0.7;0.0;;0.36;12.5;0.0;0.0;55.42;57.28;3.895;43.769999999999996;;2024-06-11;01:00
93;Provence-Alpes-Côte d'Azur;Données définitives;3304.5;18.5;0.0;0.0;1836.0;-50.0;129.5;1359.0;0.0;0.0;12.0;0.0;0.56;0.6799999999999999;0.0;;0.365;12.5;0.0;0.0;55.57;56.86;3.92;43.6;;2024-06-11;02:00
93;Provence-Alpes-Côte d'Azur;Données définitives;3135.5;20.0;0.0;0.0;1690.5;-50.0;129.5;1329.0;0.0;0.0;18.0;0.0;0.64;0.74;0.0;;0.575;18.75;0.0;0.0;53.92;52.355000000000004;4.13;43.6;;2024-06-11;03:00
93;Provence-Alpes-Côte d'Azur;Données définitives;2994.0;19.0;0.0;0.0;1658.0;-50.0;115.0;1235.5;0.0;0.0;17.0;0.0;0.635;0.7;0.0;;0.565;17.71;0.0;0.0;55.379999999999995;51.345;3.84;38.72;;2024-06-11;04:00
93;Provence-Alpes-Côte d'Azur;Données définitives;2982.0;19.0;0.0;0.0;1651.5;-50.0;115.5;1233.5;0.0;0.0;13.5;0.0;0.635;0.7;0.0;;0.44999999999999996;14.059999999999999;0.0;0.0;55.379999999999995;51.144999999999996;3.87;38.89;;2024-06-11;05:00
93;Provence-Alpes-Côte d'Azur;Données définitives;3088.0;19.0;0.0;8.5;1725.0;-25.0;120.5;1226.0;0.0;0.0;13.5;0.0;0.615;0.7;0.0;;0.435;14.059999999999999;0.27;0.37;55.865;53.42;3.9;40.57;;2024-06-11;06:00
93;Provence-Alpes-Côte d'Azur;Données définitives;3376.5;18.5;0.0;110.5;1843.5;0.0;127.0;1262.0;0.0;0.0;15.0;0.0;0.55;0.6799999999999999;0.0;;0.445;15.625;3.235;4.82;54.59;57.09;3.765;42.760000000000005;;2024-06-11;07:00
93;Provence-Alpes-Côte d'Azur;Données définitives;3660.0;23.0;0.0;436.5;1761.5;0.0;124.5;1299.0;0.0;0.0;16.0;0.0;0.625;0.845;0.0;;0.44;16.67;11.875;19.03;48.205;54.55;3.4050000000000002;41.92;;2024-06-11;08:00
93;Provence-Alpes-Côte d'Azur;Données définitives;3887.5;21.5;0.0;885.5;1469.0;0.0;124.0;1378.5;0.0;0.0;10.0;0.0;0.555;0.79;0.0;;0.255;10.42;22.740000000000002;38.6;37.815;45.49;3.19;41.75;;2024-06-11;09:00
93;Provence-Alpes-Côte d'Azur;Données définitives;4062.5;21.5;0.0;1290.0;1297.0;0.0;115.5;1329.0;0.0;0.0;9.5;0.0;0.53;0.79;0.0;;0.235;9.9;31.755000000000003;56.235;31.924999999999997;40.17;2.8449999999999998;38.89;;2024-06-11;10:00
93;Provence-Alpes-Côte d'Azur;Données définitives;4129.5;20.5;0.0;1560.0;1261.0;0.0;115.0;1162.5;0.0;0.0;10.5;0.0;0.495;0.755;0.0;;0.255;10.940000000000001;37.775000000000006;68.005;30.54;39.05;2.785;38.72;;2024-06-11;11:00
93;Provence-Alpes-Côte d'Azur;Données définitives;4267.0;20.0;0.0;1739.5;1406.5;0.0;98.5;992.0;0.0;0.0;10.5;0.0;0.46499999999999997;0.74;0.0;;0.245;10.940000000000001;40.765;75.83;32.935;43.56;2.3049999999999997;33.165;;2024-06-11;12:00
93;Provence-Alpes-Côte d'Azur;Données définitives;4363.0;20.5;0.0;1832.5;1530.0;0.0;111.5;853.5;0.0;0.0;16.0;0.0;0.47;0.755;0.0;;0.365;16.67;42.0;79.88;35.075;47.385;2.5549999999999997;37.540000000000006;;2024-06-11;13:00
93;Provence-Alpes-Côte d'Azur;Données définitives;4295.0;21.0;0.0;1826.0;1513.5;0.0;118.0;784.5;0.0;0.0;31.5;0.0;0.49;0.77;0.0;;0.73;32.81;42.515;79.6;35.239999999999995;46.875;2.75;39.73;;2024-06-11;14:00
93;Provence-Alpes-Côte d'Azur;Données définitives;4206.5;21.5;0.0;1721.0;1473.5;0.0;122.0;833.5;0.0;0.0;35.5;0.0;0.51;0.79;0.0;;0.845;36.980000000000004;40.91;75.02000000000001;35.035;45.635;2.9000000000000004;41.08;;2024-06-11;15:00
93;Provence-Alpes-Côte d'Azur;Données définitives;4066.0;20.0;0.0;1513.0;1595.5;0.0;124.0;777.0;0.0;0.0;36.5;0.0;0.49;0.74;0.0;;0.895;38.019999999999996;37.2;65.955;39.255;49.415000000000006;3.05;41.75;;2024-06-11;16:00
93;Provence-Alpes-Côte d'Azur;Données définitives;3976.0;20.0;0.0;1272.0;1764.0;0.0;127.0;764.5;0.0;0.0;28.5;0.0;0.5;0.74;0.0;;0.715;29.685;31.990000000000002;55.45;44.370000000000005;54.629999999999995;3.1950000000000003;42.760000000000005;;2024-06-11;17:00
93;Provence-Alpes-Côte d'Azur;Données définitives;4030.0;20.0;0.0;956.5;1969.5;0.0;128.0;941.5;0.0;0.0;14.0;0.0;0.495;0.74;0.0;;0.345;14.585;23.745;41.695;48.870000000000005;60.995000000000005;3.175;43.095;;2024-06-11;18:00
93;Provence-Alpes-Côte d'Azur;Données définitives;4110.5;20.0;0.0;514.0;2087.5;0.0;128.5;1343.5;0.0;0.0;17.0;0.0;0.485;0.74;0.0;;0.41500000000000004;17.71;12.515;22.405;50.785;64.65;3.125;43.265;;2024-06-11;19:00
93;Provence-Alpes-Côte d'Azur;Données définitives;4013.0;20.0;0.0;184.5;2111.5;0.0;131.5;1538.0;0.0;0.0;27.5;0.0;0.5;0.74;0.0;;0.685;28.645;4.575;8.045;52.625;65.39500000000001;3.2800000000000002;44.275000000000006;;2024-06-11;20:00
93;Provence-Alpes-Côte d'Azur;Données définitives;3777.0;20.0;0.0;30.0;2069.0;0.0;135.0;1499.5;0.0;0.0;23.0;0.0;0.53;0.74;0.0;;0.61;23.96;0.79;1.3050000000000002;54.78;64.07499999999999;3.575;45.455;;2024-06-11;21:00
93;Provence-Alpes-Côte d'Azur;Données définitives;3757.0;20.0;0.0;0.0;2124.0;0.0;133.5;1456.0;0.0;0.0;24.5;0.0;0.535;0.74;0.0;;0.655;25.52;0.0;0.0;56.525;65.77499999999999;3.5549999999999997;44.95;;2024-06-11;22:00
93;Provence-Alpes-Côte d'Azur;Données définitives;3909.5;19.0;0.0;0.0;2207.5;0.0;133.5;1528.0;0.0;0.0;21.5;0.0;0.485;0.7;0.0;;0.55;22.4;0.0;0.0;56.519999999999996;68.365;3.42;44.95;;2024-06-11;23:00
93;Provence-Alpes-Côte d'Azur;Données définitives;4069.5;340.5;0.0;0.0;1460.0;0.0;109.5;2160.0;0.0;0.0;0.0;0.0;8.370000000000001;12.535;0.0;;0.0;0.0;0.0;0.0;35.905;45.215;2.69;36.870000000000005;;2024-07-10;00:00
93;Provence-Alpes-Côte d'Azur;Données définitives;3688.0;288.5;0.0;0.0;1447.5;0.0;111.0;1841.5;0.0;0.0;0.0;0.0;7.82;10.62;0.0;;0.0;0.0;0.0;0.0;39.25;44.83;3.01;37.375;;2024-07-10;01:00
93;Provence-Alpes-Côte d'Azur;Données définitives;3619.0;298.0;0.0;0.0;1445.5;0.0;111.0;1765.0;0.0;0.0;0.0;0.0;8.24;10.969999999999999;0.0;;0.0;0.0;0.0;0.0;39.94;44.765;3.065;37.37;;2024-07-10;02:00
93;Provence-Alpes-Côte d'Azur;Données définitives;3395.0;265.5;0.0;0.0;1454.5;0.0;107.5;1567.5;0.0;0.0;0.0;0.0;7.835;9.775;0.0;;0.0;0.0;0.0;0.0;42.86;45.045;3.165;36.195;;2024-07-10;03:00
93;Provence-Alpes-Côte d'Azur;Données définitives;3264.0;239.5;0.0;0.0;1442.5;0.0;108.5;1474.5;0.0;0.0;0.0;0.0;7.345;8.82;0.0;;0.0;0.0;0.0;0.0;44.19499999999999;44.675;3.325;36.53;;2024-07-10;04:00
93;Provence-Alpes-Côte d'Azur;Données définitives;3196.5;235.5;0.0;0.0;1384.5;0.0;107.5;1468.5;0.0;0.0;0.0;0.0;7.375;8.67;0.0;;0.0;0.0;0.0;0.0;43.315;42.875;3.365;36.195;;2024-07-10;05:00
93;Provence-Alpes-Côte d'Azur;Données définitives;3308.5;237.0;0.0;3.0;1424.0;0.0;109.5;1536.0;0.0;0.0;0.0;0.0;7.154999999999999;8.73;0.0;;0.0;0.0;0.09;0.13;43.035;44.1;3.31;36.870000000000005;;2024-07-10;06:00
93;Provence-Alpes-Côte d'Azur;Données définitives;3505.0;449.0;0.0;74.5;1470.5;0.0;108.0;1403.5;0.0;0.0;0.0;0.0;12.809999999999999;16.53;0.0;;0.0;0.0;2.105;3.25;41.985;45.545;3.08;36.365;;2024-07-10;07:00
93;Provence-Alpes-Côte d'Azur;Données définitives;3823.5;450.5;0.0;327.0;1459.5;0.0;107.5;1479.0;0.0;0.0;0.0;0.0;11.795000000000002;16.585;0.0;;0.0;0.0;8.49;14.25;38.195;45.2;2.81;36.195;;2024-07-10;08:00
93;Provence-Alpes-Côte d'Azur;Données définitives;4239.5;445.0;0.0;719.0;1407.5;0.0;108.0;1561.5;0.0;0.0;0.0;0.0;10.5;16.385;0.0;;0.0;0.0;16.91;31.34;33.225;43.59;2.545;36.36;;2024-07-10;09:00
93;Provence-Alpes-Côte d'Azur;Données définitives;4487.5;441.0;0.0;1074.5;1395.0;0.0;106.0;1472.0;0.0;0.0;0.0;0.0;9.83;16.24;0.0;;0.0;0.0;23.92;46.84;31.1;43.205;2.365;35.69;;2024-07-10;10:00
93;Provence-Alpes-Côte d'Azur;Données définitives;4677.5;442.5;0.0;1348.5;1377.0;0.0;104.5;1405.0;0.0;0.0;0.5;0.0;9.46;16.29;0.0;;0.01;0.52;28.825000000000003;58.785;29.439999999999998;42.644999999999996;2.2350000000000003;35.185;;2024-07-10;11:00
93;Provence-Alpes-Côte d'Azur;Données définitives;4857.5;446.5;0.0;1539.0;1362.0;0.0;103.0;1406.5;0.0;0.0;1.0;0.0;9.195;16.44;0.0;;0.02;1.04;31.68;67.09;28.04;42.185;2.12;34.68;;2024-07-10;12:00
93;Provence-Alpes-Côte d'Azur;Données définitives;5015.5;170.5;0.0;1643.0;1303.5;0.0;106.5;1790.0;0.0;0.0;2.0;0.0;3.41;6.279999999999999;0.0;;0.04;2.08;32.76;71.62;25.990000000000002;40.37;2.12;35.86;;2024-07-10;13:00
93;Provence-Alpes-Côte d'Azur;Données définitives;5002.5;38.5;0.0;1656.0;1293.0;0.0;105.5;1906.5;0.0;0.0;4.0;0.0;0.77;1.42;0.0;;0.08;4.17;33.105000000000004;72.185;25.845;40.045;2.11;35.519999999999996;;2024-07-10;14:00
93;Provence-Alpes-Côte d'Azur;Données définitives;4959.0;39.0;0.0;1601.5;1337.0;0.0;105.0;1867.0;0.0;0.0;8.5;0.0;0.79;1.44;0.0;;0.17;8.855;32.295;69.81;26.965;41.405;2.115;35.35;;2024-07-10;15:00
93;Provence-Alpes-Côte d'Azur;Données définitives;4832.5;37.5;0.0;1459.5;1323.0;0.0;104.0;1894.5;0.0;0.0;13.5;0.0;0.775;1.38;0.0;;0.28;14.065000000000001;30.195;63.625;27.38;40.97;2.15;35.015;;2024-07-10;16:00
93;Provence-Alpes-Côte d'Azur;Données définitives;4764.0;37.0;0.0;1219.5;1336.5;0.0;105.0;2050.5;0.0;0.0;15.0;0.0;0.775;1.36;0.0;;0.315;15.625;25.59;53.16;28.055;41.394999999999996;2.205;35.35;;2024-07-10;17:00
93;Provence-Alpes-Côte d'Azur;Données définitives;4749.0;36.5;0.0;898.0;1449.0;0.0;106.0;2245.0;0.0;0.0;15.0;0.0;0.77;1.3450000000000002;0.0;;0.32;15.63;18.91;39.144999999999996;30.509999999999998;44.875;2.23;35.69;;2024-07-10;18:00
93;Provence-Alpes-Côte d'Azur;Données définitives;4815.5;75.0;0.0;501.0;1481.0;0.0;107.0;2641.0;0.0;0.0;11.0;0.0;1.555;2.76;0.0;;0.23;11.46;10.415;21.84;30.755;45.865;2.2199999999999998;36.03;;2024-07-10;19:00
93;Provence-Alpes-Côte d'Azur;Données définitives;4680.5;179.5;0.0;159.5;1504.0;0.0;107.5;2725.0;0.0;0.0;5.5;0.0;3.87;6.61;0.0;;0.12;5.73;3.38;6.95;32.15;46.58;2.3;36.195;;2024-07-10;20:00
93;Provence-Alpes-Côte d'Azur;Données définitives;4398.5;412.5;0.0;18.0;1448.5;0.0;108.5;2411.0;0.0;0.0;0.5;0.0;9.379999999999999;15.184999999999999;0.0;;0.01;0.52;0.405;0.7849999999999999;32.92;44.86;2.465;36.53;;2024-07-10;21:00
93;Provence-Alpes-Côte d'Azur;Données définitives;4383.5;378.5;0.0;0.0;1198.5;0.0;108.0;2699.5;0.0;0.0;0.0;0.0;8.629999999999999;13.934999999999999;0.0;;0.0;0.0;0.0;0.0;27.34;37.114999999999995;2.465;36.36;;2024-07-10;22:00
93;Provence-Alpes-Côte d'Azur;Données définitives;4495.0;443.0;0.0;0.0;1264.5;0.0;108.5;2679.5;0.0;0.0;0.0;0.0;9.865;16.31;0.0;;0.0;0.0;0.0;0.0;28.145000000000003;39.16;2.415;36.53;;2024-07-10;23:00
93;Provence-Alpes-Côte d'Azur;Données définitives;4037.5;32.0;0.0;0.0;949.0;0.0;84.5;2949.0;0.0;0.0;23.5;0.0;0.7949999999999999;1.18;0.0;;0.585;24.48;0.0;0.0;23.525;29.39;2.0949999999999998;28.450000000000003;;2024-08-20;00:00
93;Provence-Alpes-Côte d'Azur;Données définitives;3712.5;32.5;0.0;0.0;775.0;0.0;85.0;2802.5;0.0;0.0;18.0;0.0;0.875;1.2;0.0;;0.485;18.75;0.0;0.0;20.875;24.0;2.29;28.62;;2024-08-20;01:00
93;Provence-Alpes-Côte d'Azur;Données définitives;3642.0;33.0;0.0;0.0;494.0;0.0;85.0;3016.0;0.0;0.0;14.5;0.0;0.905;1.22;0.0;;0.4;15.105;0.0;0.0;13.57;15.3;2.33;28.62;;2024-08-20;02:00
93;Provence-Alpes-Côte d'Azur;Données définitives;3440.5;33.5;0.0;0.0;483.0;0.0;83.5;2826.0;0.0;0.0;14.5;0.0;0.975;1.2349999999999999;0.0;;0.42;15.105;0.0;0.0;14.04;14.955;2.425;28.115000000000002;;2024-08-20;03:00
93;Provence-Alpes-Côte d'Azur;Données définitives;3290.0;33.5;0.0;0.0;559.0;0.0;76.5;2608.5;0.0;0.0;13.0;0.0;1.02;1.2349999999999999;0.0;;0.395;13.54;0.0;0.0;16.990000000000002;17.310000000000002;2.325;25.759999999999998;;2024-08-20;04:00
93;Provence-Alpes-Côte d'Azur;Données définitives;3267.5;34.0;0.0;0.0;641.0;0.0;75.5;2504.5;0.0;0.0;12.5;0.0;1.04;1.25;0.0;;0.38;13.02;0.0;0.0;19.615000000000002;19.854999999999997;2.3099999999999996;25.42;;2024-08-20;05:00
93;Provence-Alpes-Côte d'Azur;Données définitives;3366.5;34.0;0.0;0.0;746.5;0.0;76.5;2499.0;0.0;0.0;11.0;0.0;1.01;1.25;0.0;;0.325;11.46;0.0;0.0;22.155;23.119999999999997;2.27;25.755000000000003;;2024-08-20;06:00
93;Provence-Alpes-Côte d'Azur;Données définitives;3470.5;34.5;0.0;17.0;902.5;0.0;78.0;2429.5;0.0;0.0;9.5;0.0;0.995;1.27;0.0;;0.275;9.9;0.485;0.74;25.985;27.950000000000003;2.245;26.26;;2024-08-20;07:00
93;Provence-Alpes-Côte d'Azur;Données définitives;3744.0;35.0;0.0;217.5;959.5;0.0;78.0;2443.5;0.0;0.0;10.0;0.0;0.935;1.29;0.0;;0.265;10.42;5.755000000000001;9.48;25.619999999999997;29.715;2.085;26.26;;2024-08-20;08:00
93;Provence-Alpes-Côte d'Azur;Données définitives;4075.5;34.5;0.0;679.0;968.5;0.0;78.0;2305.5;0.0;0.0;9.5;0.0;0.845;1.27;0.0;;0.235;9.9;16.61;29.599999999999998;23.775;29.995;1.915;26.26;;2024-08-20;09:00
93;Provence-Alpes-Côte d'Azur;Données définitives;4361.5;34.0;0.0;1136.5;852.0;0.0;77.0;2251.5;0.0;0.0;10.0;0.0;0.78;1.25;0.0;;0.23;10.42;26.025;49.545;19.55;26.384999999999998;1.77;25.93;;2024-08-20;10:00
93;Provence-Alpes-Côte d'Azur;Données définitives;4597.5;33.5;0.0;1473.0;583.0;0.0;76.5;2423.5;0.0;0.0;8.5;0.0;0.725;1.2349999999999999;0.0;;0.185;8.855;32.035;64.21;12.7;18.055;1.665;25.759999999999998;;2024-08-20;11:00
93;Provence-Alpes-Côte d'Azur;Données définitives;4833.0;33.0;0.0;1660.5;435.0;0.0;81.0;2617.5;0.0;0.0;5.5;0.0;0.6799999999999999;1.22;0.0;;0.115;5.73;34.355000000000004;72.38499999999999;8.995000000000001;13.475000000000001;1.6749999999999998;27.275;;2024-08-20;12:00
93;Provence-Alpes-Côte d'Azur;Données définitives;4970.0;32.0;0.0;1769.5;468.5;0.0;82.5;2614.5;0.0;0.0;3.0;0.0;0.645;1.18;0.0;;0.06;3.13;35.599999999999994;77.13499999999999;9.425;14.51;1.66;27.78;;2024-08-20;13:00
93;Provence-Alpes-Côte d'Azur;Données définitives;4970.5;32.5;0.0;1756.5;429.5;0.0;81.5;2668.5;0.0;0.0;2.0;0.0;0.655;1.2;0.0;;0.04;2.08;35.345;76.57;8.645;13.305;1.64;27.439999999999998;;2024-08-20;14:00
93;Provence-Alpes-Côte d'Azur;Données définitives;4950.0;32.5;0.0;1664.5;427.5;0.0;82.5;2743.0;0.0;0.0;1.0;0.0;0.66;1.2;0.0;;0.02;1.04;33.625;72.555;8.635000000000002;13.235;1.67;27.78;;2024-08-20;15:00
93;Provence-Alpes-Côte d'Azur;Données définitives;4840.0;32.5;0.0;1496.0;425.5;0.0;83.5;2799.5;0.0;0.0;3.0;0.0;0.67;1.2;0.0;;0.06;3.125;30.910000000000004;65.21000000000001;8.795;13.18;1.725;28.115000000000002;;2024-08-20;16:00
93;Provence-Alpes-Côte d'Azur;Données définitives;4776.5;34.0;0.0;1199.5;440.0;0.0;84.5;3015.5;0.0;0.0;4.0;0.0;0.71;1.25;0.0;;0.08;4.17;25.104999999999997;52.285;9.21;13.63;1.77;28.450000000000003;;2024-08-20;17:00
93;Provence-Alpes-Côte d'Azur;Données définitives;4770.5;33.5;0.0;817.0;652.5;0.0;85.0;3179.5;0.0;0.0;3.5;0.0;0.7;1.2349999999999999;0.0;;0.07;3.65;17.130000000000003;35.615;13.675;20.21;1.78;28.62;;2024-08-20;18:00
93;Provence-Alpes-Côte d'Azur;Données définitives;4792.5;32.0;0.0;356.0;1044.5;0.0;100.5;3256.0;0.0;0.0;4.0;0.0;0.67;1.18;0.0;;0.08;4.17;7.430000000000001;15.52;21.795;32.345;2.0949999999999998;33.84;;2024-08-20;19:00
93;Provence-Alpes-Côte d'Azur;Données définitives;4695.5;30.0;0.0;59.0;1085.0;0.0;112.5;3404.0;0.0;0.0;4.5;0.0;0.64;1.105;0.0;;0.095;4.6899999999999995;1.245;2.57;23.1;33.599999999999994;2.4;37.879999999999995;;2024-08-20;20:00
93;Provence-Alpes-Côte d'Azur;Données définitives;4587.5;32.0;0.0;0.0;1136.5;0.0;114.0;3301.5;0.0;0.0;3.5;0.0;0.7;1.18;0.0;;0.075;3.645;0.0;0.0;24.78;35.2;2.485;38.38;;2024-08-20;21:00
93;Provence-Alpes-Côte d'Azur;Données définitives;4368.5;32.0;0.0;0.0;1089.0;0.0;114.5;3131.0;0.0;0.0;2.0;0.0;0.735;1.18;0.0;;0.05;2.08;0.0;0.0;24.925;33.724999999999994;2.62;38.55;;2024-08-20;22:00
93;Provence-Alpes-Côte d'Azur;Données définitives;4447.5;32.0;0.0;0.0;981.5;0.0;116.0;3315.0;0.0;0.0;3.0;0.0;0.72;1.18;0.0;;0.07;3.125;0.0;0.0;22.145;30.395;2.6100000000000003;39.055;;2024-08-20;23:00
93;Provence-Alpes-Côte d'Azur;Données définitives;3646.0;59.5;0.0;0.0;972.0;0.0;106.0;2456.5;0.0;0.0;52.5;0.0;1.635;2.19;0.0;;1.44;54.685;0.0;0.0;26.67;30.105;2.91;35.69;;2024-09-12;00:00
93;Provence-Alpes-Côte d'Azur;Données définitives;3304.5;60.0;0.0;0.0;689.5;0.0;105.0;2403.5;0.0;0.0;47.5;0.0;1.815;2.21;0.0;;1.44;49.480000000000004;0.0;0.0;20.875;21.35;3.175;35.35;;2024-09-12;01:00
93;Provence-Alpes-Côte d'Azur;Données définitives;3279.0;59.5;0.0;0.0;609.0;0.0;102.5;2455.0;0.0;0.0;54.0;0.0;1.815;2.19;0.0;;1.65;56.25;0.0;0.0;18.575;18.86;3.125;34.510000000000005;;2024-09-12;02:00
93;Provence-Alpes-Côte d'Azur;Données définitives;3088.0;60.0;0.0;0.0;604.5;0.0;102.0;2280.0;0.0;0.0;41.5;0.0;1.94;2.21;0.0;;1.345;43.230000000000004;0.0;0.0;19.58;18.725;3.305;34.345;;2024-09-12;03:00
93;Provence-Alpes-Côte d'Azur;Données définitives;2970.0;60.0;0.0;0.0;600.5;0.0;106.0;2152.0;0.0;0.0;51.5;0.0;2.0199999999999996;2.21;0.0;;1.7349999999999999;53.650000000000006;0.0;0.0;20.215;18.595;3.5700000000000003;35.69;;2024-09-12;04:00
93;Provence-Alpes-Côte d'Azur;Données définitives;2948.5;60.0;0.0;0.0;599.0;0.0;108.0;2138.0;0.0;0.0;43.5;0.0;2.035;2.21;0.0;;1.475;45.31;0.0;0.0;20.32;18.55;3.66;36.36;;2024-09-12;05:00
93;Provence-Alpes-Côte d'Azur;Données définitives;3130.0;59.5;0.0;0.0;679.0;0.0;109.0;2250.0;0.0;0.0;32.5;0.0;1.9;2.19;0.0;;1.035;33.855000000000004;0.0;0.0;21.665;21.03;3.4850000000000003;36.7;;2024-09-12;06:00
93;Provence-Alpes-Côte d'Azur;Données définitives;3416.5;59.0;0.0;0.5;954.0;0.0;109.0;2249.5;0.0;0.0;45.5;0.0;1.73;2.17;0.0;;1.33;47.394999999999996;0.015;0.02;27.869999999999997;29.545;3.19;36.7;;2024-09-12;07:00
93;Provence-Alpes-Côte d'Azur;Données définitives;3665.5;60.0;0.0;60.0;1108.5;0.0;107.0;2283.0;0.0;0.0;47.5;0.0;1.6400000000000001;2.21;0.0;;1.2999999999999998;49.480000000000004;1.615;2.6149999999999998;30.240000000000002;34.325;2.92;36.03;;2024-09-12;08:00
93;Provence-Alpes-Côte d'Azur;Données définitives;3864.0;59.0;0.0;319.5;1141.5;0.0;106.0;2182.0;0.0;0.0;57.0;0.0;1.525;2.17;0.0;;1.475;59.375;8.245000000000001;13.925;29.54;35.35;2.74;35.69;;2024-09-12;09:00
93;Provence-Alpes-Côte d'Azur;Données définitives;3967.0;59.0;0.0;791.5;1073.5;0.0;105.5;1870.5;0.0;0.0;67.0;0.0;1.4849999999999999;2.17;0.0;;1.685;69.79499999999999;19.939999999999998;34.505;27.064999999999998;33.25;2.66;35.519999999999996;;2024-09-12;10:00
93;Provence-Alpes-Côte d'Azur;Données définitives;4064.5;60.0;0.0;1175.5;883.5;0.0;107.0;1765.5;0.0;0.0;72.5;0.0;1.48;2.21;0.0;;1.78;75.52000000000001;28.915;51.245000000000005;21.74;27.36;2.63;36.025000000000006;;2024-09-12;11:00
93;Provence-Alpes-Côte d'Azur;Données définitives;4191.5;59.5;0.0;1196.5;752.5;0.0;113.0;1998.5;0.0;0.0;71.5;0.0;1.42;2.19;0.0;;1.705;74.47999999999999;28.54;52.16;17.965;23.305;2.7;38.045;;2024-09-12;12:00
93;Provence-Alpes-Côte d'Azur;Données définitives;4200.5;59.0;0.0;1439.5;675.0;0.0;113.5;1839.0;0.0;0.0;75.0;0.0;1.4049999999999998;2.17;0.0;;1.7850000000000001;78.125;34.27;62.75;16.064999999999998;20.905;2.7;38.215;;2024-09-12;13:00
93;Provence-Alpes-Côte d'Azur;Données définitives;4123.5;58.5;0.0;1705.0;673.5;0.0;110.5;1497.0;0.0;0.0;78.0;0.0;1.42;2.1550000000000002;0.0;;1.89;81.25;41.345;74.32499999999999;16.335;20.86;2.6799999999999997;37.205;;2024-09-12;14:00
93;Provence-Alpes-Côte d'Azur;Données définitives;4090.5;56.0;0.0;1725.0;654.0;0.0;109.5;1465.5;0.0;0.0;79.5;0.0;1.37;2.065;0.0;;1.9449999999999998;82.81;42.17;75.195;15.985;20.255;2.675;36.864999999999995;;2024-09-12;15:00
93;Provence-Alpes-Côte d'Azur;Données définitives;3914.0;57.0;0.0;1505.0;645.0;0.0;111.5;1519.0;0.0;0.0;77.5;0.0;1.455;2.1;0.0;;1.98;80.72999999999999;38.44;65.605;16.479999999999997;19.975;2.8499999999999996;37.54;;2024-09-12;16:00
93;Provence-Alpes-Côte d'Azur;Données définitives;3845.5;58.0;0.0;1146.0;642.5;0.0;115.0;1809.0;0.0;0.0;75.0;0.0;1.51;2.14;0.0;;1.95;78.125;29.8;49.955;16.705;19.895;2.99;38.72;;2024-09-12;17:00
93;Provence-Alpes-Côte d'Azur;Données définitives;3879.0;59.0;0.0;658.5;697.0;0.0;111.5;2281.0;0.0;0.0;71.5;0.0;1.52;2.17;0.0;;1.845;74.48;17.009999999999998;28.705;17.955;21.585;2.875;37.54;;2024-09-12;18:00
93;Provence-Alpes-Côte d'Azur;Données définitives;4039.0;58.5;0.0;191.0;1026.5;0.0;109.0;2585.0;0.0;0.0;69.0;0.0;1.4449999999999998;2.1550000000000002;0.0;;1.71;71.875;4.745;8.325;25.405;31.79;2.6950000000000003;36.7;;2024-09-12;19:00
93;Provence-Alpes-Côte d'Azur;Données définitives;4084.5;60.0;0.0;6.0;1098.5;0.0;110.0;2742.0;0.0;0.0;69.0;0.0;1.47;2.21;0.0;;1.69;71.875;0.145;0.26;26.895;34.019999999999996;2.6950000000000003;37.04;;2024-09-12;20:00
93;Provence-Alpes-Côte d'Azur;Données définitives;3816.5;59.5;0.0;0.0;1099.0;0.0;110.5;2480.5;0.0;0.0;67.0;0.0;1.56;2.19;0.0;;1.755;69.79;0.0;0.0;28.810000000000002;34.035;2.9000000000000004;37.205;;2024-09-12;21:00
93;Provence-Alpes-Côte d'Azur;Données définitives;3679.0;61.0;0.0;0.0;1078.0;0.0;111.0;2363.5;0.0;0.0;65.5;0.0;1.66;2.25;0.0;;1.78;68.22999999999999;0.0;0.0;29.299999999999997;33.385;3.02;37.37;;2024-09-12;22:00
93;Provence-Alpes-Côte d'Azur;Données définitives;3765.0;59.0;0.0;0.0;1025.5;0.0;110.5;2508.5;0.0;0.0;62.0;0.0;1.57;2.17;0.0;;1.65;64.585;0.0;0.0;27.285;31.755000000000003;2.94;37.205;;2024-09-12;23:00
93;Provence-Alpes-Côte d'Azur;Données définitives;3635.5;52.0;0.0;0.0;1110.5;0.0;116.5;2355.0;0.0;0.0;2.0;0.0;1.435;1.91;0.0;;0.055;2.085;0.0;0.0;30.47;34.394999999999996;3.21;39.225;;2024-10-02;00:00
93;Provence-Alpes-Côte d'Azur;Données définitives;3299.0;52.0;0.0;0.0;931.0;0.0;116.5;2198.5;0.0;0.0;1.0;0.0;1.5750000000000002;1.91;0.0;;0.03;1.04;0.0;0.0;28.22;28.83;3.535;39.225;;2024-10-02;01:00
93;Provence-Alpes-Côte d'Azur;Données définitives;3294.0;59.0;0.0;0.0;748.0;0.0;115.0;2371.5;0.0;0.0;0.5;0.0;1.79;2.17;0.0;;0.015;0.52;0.0;0.0;22.740000000000002;23.165;3.495;38.72;;2024-10-02;02:00
93;Provence-Alpes-Côte d'Azur;Données définitives;3094.0;87.5;0.0;0.0;644.0;0.0;112.0;2248.0;0.0;0.0;3.0;0.0;2.83;3.22;0.0;;0.1;3.13;0.0;0.0;20.825000000000003;19.94;3.62;37.71;;2024-10-02;03:00
93;Provence-Alpes-Côte d'Azur;Données définitives;2940.5;88.0;0.0;0.0;743.5;0.0;112.0;1997.0;0.0;0.0;0.0;0.0;2.99;3.24;0.0;;0.0;0.0;0.0;0.0;25.29;23.03;3.8049999999999997;37.71;;2024-10-02;04:00
93;Provence-Alpes-Côte d'Azur;Données définitives;2928.5;103.0;0.0;0.0;757.0;0.0;112.0;1955.5;0.0;0.0;1.5;0.0;3.5149999999999997;3.79;0.0;;0.05;1.56;0.0;0.0;25.85;23.445;3.825;37.709999999999994;;2024-10-02;05:00
93;Provence-Alpes-Côte d'Azur;Données définitives;3105.0;129.0;0.0;0.0;809.5;0.0;112.0;2043.5;0.0;0.0;11.0;0.0;4.145;4.75;0.0;;0.355;11.46;0.0;0.0;26.05;25.07;3.6100000000000003;37.709999999999994;;2024-10-02;06:00
93;Provence-Alpes-Côte d'Azur;Données définitives;3401.5;233.5;0.0;0.0;1100.0;0.0;97.5;1948.5;0.0;0.0;22.5;0.0;6.855;8.6;0.0;;0.66;23.439999999999998;0.0;0.0;32.34;34.065;2.865;32.825;;2024-10-02;07:00
93;Provence-Alpes-Côte d'Azur;Données définitives;3640.5;355.0;0.0;46.5;1196.5;0.0;88.0;1930.0;0.0;0.0;25.0;0.0;9.745000000000001;13.07;0.0;;0.69;26.04;1.26;2.025;32.855000000000004;37.055;2.42;29.630000000000003;;2024-10-02;08:00
93;Provence-Alpes-Côte d'Azur;Données définitives;3851.5;379.0;0.0;255.0;1207.0;-0.5;76.0;1903.5;0.0;0.0;31.5;0.0;9.84;13.955;0.0;;0.82;32.815;6.595;11.114999999999998;31.35;37.379999999999995;1.9749999999999999;25.59;;2024-10-02;09:00
93;Provence-Alpes-Côte d'Azur;Données définitives;3993.5;361.5;0.0;531.0;926.0;0.0;75.0;2083.0;0.0;0.0;17.5;0.0;9.055;13.31;0.0;;0.435;18.23;13.29;23.145;23.19;28.68;1.88;25.25;;2024-10-02;10:00
93;Provence-Alpes-Côte d'Azur;Données définitives;4061.5;309.0;0.0;869.0;906.0;0.0;75.0;1880.0;0.0;0.0;23.0;0.0;7.609999999999999;11.379999999999999;0.0;;0.565;23.96;21.39;37.88;22.305;28.055;1.8450000000000002;25.25;;2024-10-02;11:00
93;Provence-Alpes-Côte d'Azur;Données définitives;4267.0;241.0;0.0;909.5;990.0;0.0;75.0;2013.5;0.0;0.0;37.5;0.0;5.65;8.875;0.0;;0.88;39.06;21.325;39.644999999999996;23.205;30.66;1.76;25.25;;2024-10-02;12:00
93;Provence-Alpes-Côte d'Azur;Données définitives;4300.5;228.0;0.0;798.5;1059.5;0.0;76.5;2096.5;0.0;0.0;40.5;0.0;5.300000000000001;8.39;0.0;;0.94;42.19;18.565;34.81;24.634999999999998;32.815;1.775;25.759999999999998;;2024-10-02;13:00
93;Provence-Alpes-Côte d'Azur;Données définitives;4198.0;228.5;0.0;964.5;956.0;0.0;77.5;1939.5;0.0;0.0;32.0;0.0;5.445;8.41;0.0;;0.76;33.335;22.975;42.045;22.775;29.61;1.8450000000000002;26.095;;2024-10-02;14:00
93;Provence-Alpes-Côte d'Azur;Données définitives;4079.0;229.0;0.0;928.5;864.5;0.0;75.5;1954.0;0.0;0.0;28.0;0.0;5.615;8.43;0.0;;0.685;29.17;22.759999999999998;40.475;21.195;26.770000000000003;1.85;25.42;;2024-10-02;15:00
93;Provence-Alpes-Côte d'Azur;Données définitives;3921.5;228.5;0.0;810.5;909.5;0.0;75.0;1878.0;0.0;0.0;20.5;0.0;5.83;8.41;0.0;;0.52;21.355;20.66;35.33;23.22;28.165;1.91;25.25;;2024-10-02;16:00
93;Provence-Alpes-Côte d'Azur;Données définitives;3835.0;228.0;0.0;464.0;1010.5;0.0;82.0;2036.5;0.0;0.0;15.0;0.0;5.945;8.39;0.0;;0.39;15.625;12.075;20.225;26.345;31.29;2.135;27.61;;2024-10-02;17:00
93;Provence-Alpes-Côte d'Azur;Données définitives;3871.0;286.5;0.0;167.5;1157.0;0.0;83.5;2170.5;0.0;0.0;5.5;0.0;7.385;10.55;0.0;;0.145;5.73;4.345;7.300000000000001;29.86;35.83;2.16;28.115000000000002;;2024-10-02;18:00
93;Provence-Alpes-Côte d'Azur;Données définitives;4192.0;379.0;0.0;18.0;1328.0;0.0;84.0;2379.5;0.0;0.0;3.5;0.0;9.045;13.955;0.0;;0.08;3.65;0.435;0.785;31.71;41.13;2.005;28.28;;2024-10-02;19:00
93;Provence-Alpes-Côte d'Azur;Données définitives;4204.0;354.0;0.0;0.0;1235.5;0.0;84.0;2526.5;0.0;0.0;4.5;0.0;8.42;13.035;0.0;;0.105;4.6899999999999995;0.0;0.0;29.395;38.260000000000005;1.995;28.285;;2024-10-02;20:00
93;Provence-Alpes-Côte d'Azur;Données définitives;3857.0;310.5;0.0;0.0;1100.5;0.0;85.0;2352.0;0.0;0.0;9.0;0.0;8.065;11.435;0.0;;0.235;9.375;0.0;0.0;28.505000000000003;34.08;2.205;28.62;;2024-10-02;21:00
93;Provence-Alpes-Côte d'Azur;Données définitives;3713.5;219.0;0.0;0.0;1091.0;0.0;86.0;2306.0;0.0;0.0;13.0;0.0;5.92;8.065000000000001;0.0;;0.35;13.545000000000002;0.0;0.0;29.375;33.79;2.315;28.96;;2024-10-02;22:00
93;Provence-Alpes-Côte d'Azur;Données définitives;3889.0;46.0;0.0;0.0;1110.0;0.0;86.0;2638.5;0.0;0.0;9.5;0.0;1.185;1.69;0.0;;0.245;9.9;0.0;0.0;28.61;34.375;2.215;28.955;;2024-10-02;23:00
93;Provence-Alpes-Côte d'Azur;Données définitives;3870.5;1145.5;0.0;0.0;961.0;0.0;102.5;1629.0;0.0;0.0;34.0;0.0;29.67;42.175;0.0;;0.875;35.415;0.0;0.0;24.810000000000002;29.759999999999998;2.65;34.510000000000005;;2024-11-08;00:00
93;Provence-Alpes-Côte d'Azur;Données définitives;3525.5;1052.5;0.0;0.0;864.0;0.0;102.0;1471.5;0.0;0.0;36.0;0.0;29.884999999999998;38.754999999999995;0.0;;1.02;37.505;0.0;0.0;24.515;26.755000000000003;2.895;34.34;;2024-11-08;01:00
93;Provence-Alpes-Côte d'Azur;Données définitives;3510.0;1418.0;0.0;0.0;881.5;0.0;101.0;1069.0;0.0;0.0;41.0;0.0;40.39;52.21;0.0;;1.17;42.71;0.0;0.0;25.11;27.295;2.88;34.005;;2024-11-08;02:00
93;Provence-Alpes-Côte d'Azur;Données définitives;3339.5;1348.5;0.0;0.0;900.0;0.0;100.5;955.5;0.0;0.0;35.5;0.0;40.39;49.650000000000006;0.0;;1.06;36.980000000000004;0.0;0.0;26.96;27.869999999999997;3.01;33.84;;2024-11-08;03:00
93;Provence-Alpes-Côte d'Azur;Données définitives;3209.0;1512.0;0.0;0.0;895.0;0.0;102.0;674.5;0.0;0.0;26.0;0.0;47.120000000000005;55.67;0.0;;0.81;27.085;0.0;0.0;27.89;27.715;3.1799999999999997;34.34;;2024-11-08;04:00
93;Provence-Alpes-Côte d'Azur;Données définitives;3223.0;1506.0;0.0;0.0;925.5;0.0;102.5;655.5;0.0;0.0;34.5;0.0;46.73;55.45;0.0;;1.07;35.94;0.0;0.0;28.715;28.66;3.1799999999999997;34.510000000000005;;2024-11-08;05:00
93;Provence-Alpes-Côte d'Azur;Données définitives;3443.5;1461.0;0.0;0.0;1005.0;0.0;100.0;848.5;0.0;0.0;29.5;0.0;42.43;53.79;0.0;;0.86;30.73;0.0;0.0;29.165;31.125;2.9050000000000002;33.67;;2024-11-08;06:00
93;Provence-Alpes-Côte d'Azur;Données définitives;3796.0;1710.0;0.0;0.0;1521.0;0.0;101.0;436.0;0.0;0.0;28.0;0.0;45.05;62.96;0.0;;0.735;29.17;0.0;0.0;40.06;47.105000000000004;2.66;34.01;;2024-11-08;07:00
93;Provence-Alpes-Côte d'Azur;Données définitives;4047.5;1763.0;0.0;75.0;1666.5;0.0;99.5;413.0;0.0;0.0;31.0;0.0;43.56;64.91;0.0;;0.765;32.295;1.8399999999999999;3.2649999999999997;41.17;51.61;2.46;33.5;;2024-11-08;08:00
93;Provence-Alpes-Côte d'Azur;Données définitives;4161.5;1754.5;0.0;383.5;1684.0;0.0;99.0;216.0;0.0;0.0;25.0;0.0;42.16;64.6;0.0;;0.6;26.04;9.2;16.72;40.47;52.15;2.38;33.33;;2024-11-08;09:00
93;Provence-Alpes-Côte d'Azur;Données définitives;4266.0;1746.5;0.0;727.5;1487.5;0.0;99.0;180.5;0.0;0.0;25.0;0.0;40.94;64.305;0.0;;0.585;26.045;17.060000000000002;31.715000000000003;34.865;46.065;2.32;33.33;;2024-11-08;10:00
93;Provence-Alpes-Côte d'Azur;Données définitives;4256.5;1735.0;0.0;1016.0;1143.0;0.0;98.5;238.0;0.0;0.0;26.5;0.0;40.760000000000005;63.88;0.0;;0.625;27.604999999999997;23.869999999999997;44.29;26.855;35.394999999999996;2.315;33.165;;2024-11-08;11:00
93;Provence-Alpes-Côte d'Azur;Données définitives;4335.0;1682.5;0.0;1160.0;1027.5;0.0;101.5;335.5;0.0;0.0;28.0;0.0;38.825;61.95;0.0;;0.645;29.17;26.759999999999998;50.565;23.71;31.82;2.34;34.175;;2024-11-08;12:00
93;Provence-Alpes-Côte d'Azur;Données définitives;4369.0;1657.0;0.0;1093.5;1010.0;0.0;115.0;468.0;0.0;0.0;25.0;0.0;37.925;61.010000000000005;0.0;;0.5700000000000001;26.045;25.035;47.67;23.12;31.28;2.635;38.72;;2024-11-08;13:00
93;Provence-Alpes-Côte d'Azur;Données définitives;4231.5;1692.0;0.0;976.0;1005.0;0.0;115.5;423.0;0.0;0.0;20.0;0.0;39.995000000000005;62.3;0.0;;0.475;20.83;23.06;42.545;23.75;31.125;2.73;38.89;;2024-11-08;14:00
93;Provence-Alpes-Côte d'Azur;Données définitives;4114.0;1746.5;0.0;705.5;1029.0;0.0;116.0;496.0;0.0;0.0;21.0;0.0;42.455;64.305;0.0;;0.51;21.875;17.14;30.75;25.015;31.869999999999997;2.8200000000000003;39.06;;2024-11-08;15:00
93;Provence-Alpes-Côte d'Azur;Données définitives;3932.5;1737.0;0.0;285.0;1226.0;0.0;116.5;542.0;0.0;0.0;28.0;0.0;44.175;63.955;0.0;;0.71;29.165;7.205;12.425;31.214999999999996;37.965;2.965;39.225;;2024-11-08;16:00
93;Provence-Alpes-Côte d'Azur;Données définitives;3974.5;1698.0;0.0;30.5;1670.5;0.0;115.5;435.0;0.0;0.0;25.0;0.0;42.745000000000005;62.519999999999996;0.0;;0.625;26.04;0.78;1.325;42.019999999999996;51.735;2.91;38.885000000000005;;2024-11-08;17:00
93;Provence-Alpes-Côte d'Azur;Données définitives;4266.5;1629.0;0.0;0.0;1793.5;0.0;116.0;698.0;0.0;0.0;31.0;0.0;38.195;59.980000000000004;0.0;;0.725;32.29;0.0;0.0;42.04;55.545;2.7199999999999998;39.055;;2024-11-08;18:00
93;Provence-Alpes-Côte d'Azur;Données définitives;4379.0;1671.5;0.0;0.0;1819.0;0.0;114.5;736.5;0.0;0.0;38.5;0.0;38.165;61.545;0.0;;0.88;40.105000000000004;0.0;0.0;41.54;56.33;2.615;38.55;;2024-11-08;19:00
93;Provence-Alpes-Côte d'Azur;Données définitives;4267.0;1747.5;0.0;0.0;1791.5;0.0;114.5;570.5;0.0;0.0;43.5;0.0;40.96;64.34;0.0;;1.02;45.31;0.0;0.0;41.985;55.485;2.685;38.55;;2024-11-08;20:00
93;Provence-Alpes-Côte d'Azur;Données définitives;3961.0;1702.5;0.0;0.0;1478.0;0.0;115.0;627.0;0.0;0.0;39.5;0.0;43.0;62.685;0.0;;0.995;41.150000000000006;0.0;0.0;37.230000000000004;45.769999999999996;2.9050000000000002;38.72;;2024-11-08;21:00
93;Provence-Alpes-Côte d'Azur;Données définitives;3846.5;1642.0;0.0;0.0;1230.0;0.0;114.0;817.0;0.0;0.0;43.5;0.0;42.7;60.455;0.0;;1.13;45.31;0.0;0.0;31.979999999999997;38.095;2.965;38.38;;2024-11-08;22:00
93;Provence-Alpes-Côte d'Azur;Données définitives;4069.5;1672.0;0.0;0.0;1308.5;0.0;114.5;928.0;0.0;0.0;47.0;0.0;41.144999999999996;61.56;0.0;;1.16;48.96;0.0;0.0;32.254999999999995;40.519999999999996;2.8150000000000004;38.55;;2024-11-08;23:00
93;Provence-Alpes-Côte d'Azur;Données définitives;5355.0;235.0;0.0;0.0;804.5;-23.5;113.5;4158.5;0.0;0.0;68.0;0.0;4.395;8.67;0.0;;1.27;58.12;0.0;0.0;15.045;24.91;2.12;36.97;;2024-12-20;00:00
93;Provence-Alpes-Côte d'Azur;Données définitives;5012.0;149.0;0.0;0.0;828.0;-51.0;122.0;3899.5;0.0;0.0;65.5;0.0;2.9699999999999998;5.5;0.0;;1.3050000000000002;55.980000000000004;0.0;0.0;16.52;25.634999999999998;2.435;39.739999999999995;;2024-12-20;01:00
93;Provence-Alpes-Côte d'Azur;Données définitives;4985.5;108.5;0.0;0.0;817.0;-51.0;121.5;3916.0;0.0;0.0;74.0;0.0;2.175;4.005;0.0;;1.495;63.675;0.0;0.0;16.39;25.295;2.44;39.575;;2024-12-20;02:00
93;Provence-Alpes-Côte d'Azur;Données définitives;4832.0;108.0;0.0;0.0;666.0;-51.0;121.0;3913.0;0.0;0.0;74.5;0.0;2.2350000000000003;3.99;0.0;;1.54;63.675;0.0;0.0;13.774999999999999;20.62;2.5;39.41;;2024-12-20;03:00
93;Provence-Alpes-Côte d'Azur;Données définitives;4703.0;108.0;0.0;0.0;610.5;-51.0;122.0;3839.0;0.0;0.0;75.0;0.0;2.295;3.99;0.0;;1.595;64.105;0.0;0.0;12.98;18.9;2.5949999999999998;39.739999999999995;;2024-12-20;04:00
93;Provence-Alpes-Côte d'Azur;Données définitives;4746.5;108.0;0.0;0.0;604.5;-51.0;124.0;3892.5;0.0;0.0;69.0;0.0;2.275;3.99;0.0;;1.45;58.975;0.0;0.0;12.74;18.715000000000003;2.615;40.394999999999996;;2024-12-20;05:00
93;Provence-Alpes-Côte d'Azur;Données définitives;5000.5;109.5;0.0;0.0;644.0;-51.0;123.0;4095.0;0.0;0.0;81.0;0.0;2.1950000000000003;4.039999999999999;0.0;;1.63;69.66;0.0;0.0;12.865;19.939999999999998;2.46;40.07;;2024-12-20;06:00
93;Provence-Alpes-Côte d'Azur;Données définitives;5439.5;111.5;0.0;0.0;911.0;-25.5;122.5;4236.0;0.0;0.0;85.0;0.0;2.05;4.115;0.0;;1.56;72.65;0.0;0.0;16.73;28.205;2.255;39.905;;2024-12-20;07:00
93;Provence-Alpes-Côte d'Azur;Données définitives;5689.5;114.0;0.0;5.0;1398.5;0.0;121.0;3963.0;0.0;0.0;88.0;0.0;2.005;4.21;0.0;;1.545;75.21;0.085;0.195;24.564999999999998;43.295;2.13;39.41;;2024-12-20;08:00
93;Provence-Alpes-Côte d'Azur;Données définitives;5824.0;128.0;0.0;191.5;1600.0;0.0;119.0;3698.0;0.0;0.0;87.5;0.0;2.195;4.725;0.0;;1.5;74.785;3.285;7.43;27.47;49.54;2.045;38.76;;2024-12-20;09:00
93;Provence-Alpes-Côte d'Azur;Données définitives;5775.5;147.0;0.0;619.5;1377.0;0.0;111.0;3436.0;0.0;0.0;85.5;0.0;2.55;5.43;0.0;;1.48;73.075;10.735;24.03;23.835;42.63;1.925;36.155;;2024-12-20;10:00
93;Provence-Alpes-Côte d'Azur;Données définitives;5674.5;163.0;0.0;1007.5;1038.5;0.0;108.5;3272.0;0.0;0.0;85.5;0.0;2.875;6.02;0.0;;1.505;73.075;17.759999999999998;39.08;18.295;32.15;1.915;35.34;;2024-12-20;11:00
93;Provence-Alpes-Côte d'Azur;Données définitives;5710.5;321.0;0.0;1222.0;962.5;0.0;123.5;2995.5;0.0;0.0;86.0;0.0;5.609999999999999;11.850000000000001;0.0;;1.505;73.505;21.395;47.400000000000006;16.855;29.795;2.165;40.230000000000004;;2024-12-20;12:00
93;Provence-Alpes-Côte d'Azur;Données définitives;5708.5;400.0;0.0;1256.0;865.0;0.0;124.0;2981.0;0.0;0.0;83.0;0.0;7.01;14.765;0.0;;1.455;70.94;22.0;48.72;15.15;26.78;2.17;40.39;;2024-12-20;13:00
93;Provence-Alpes-Côte d'Azur;Données définitives;5540.0;298.5;0.0;1090.0;863.5;0.0;123.0;3081.0;0.0;0.0;84.0;0.0;5.390000000000001;11.02;0.0;;1.5150000000000001;71.795;19.68;42.28;15.585;26.735;2.2199999999999998;40.07;;2024-12-20;14:00
93;Provence-Alpes-Côte d'Azur;Données définitives;5442.5;287.0;0.0;735.0;880.0;0.0;127.5;3329.0;0.0;0.0;84.5;0.0;5.27;10.595;0.0;;1.55;72.22;13.49;28.509999999999998;16.17;27.245;2.3449999999999998;41.53;;2024-12-20;15:00
93;Provence-Alpes-Côte d'Azur;Données définitives;5364.0;236.0;0.0;292.5;1139.0;0.0;125.0;3490.5;0.0;0.0;81.5;0.0;4.4;8.71;0.0;;1.52;69.655;5.44;11.35;21.25;35.265;2.33;40.72;;2024-12-20;16:00
93;Provence-Alpes-Côte d'Azur;Données définitives;5573.0;239.0;0.0;19.5;1615.5;0.0;121.5;3494.0;0.0;0.0;83.5;0.0;4.29;8.825;0.0;;1.505;71.79;0.36;0.755;28.990000000000002;50.015;2.18;39.575;;2024-12-20;17:00
93;Provence-Alpes-Côte d'Azur;Données définitives;5971.5;240.0;0.0;0.0;1686.0;0.0;123.5;3837.5;0.0;0.0;85.5;0.0;4.0200000000000005;8.86;0.0;;1.435;73.075;0.0;0.0;28.240000000000002;52.195;2.065;40.230000000000004;;2024-12-20;18:00
93;Provence-Alpes-Côte d'Azur;Données définitives;6185.0;237.5;0.0;0.0;1489.5;0.0;125.5;4247.0;0.0;0.0;86.5;0.0;3.84;8.765;0.0;;1.4;73.93;0.0;0.0;24.09;46.11;2.03;40.879999999999995;;2024-12-20;19:00
93;Provence-Alpes-Côte d'Azur;Données définitives;6067.0;234.0;0.0;0.0;1195.0;0.0;126.0;4429.0;0.0;0.0;82.5;0.0;3.855;8.635000000000002;0.0;;1.36;70.515;0.0;0.0;19.695;36.995000000000005;2.08;41.04;;2024-12-20;20:00
93;Provence-Alpes-Côte d'Azur;Données définitives;5822.0;231.5;0.0;0.0;1051.0;0.0;127.5;4336.5;0.0;0.0;76.5;0.0;3.9749999999999996;8.545;0.0;;1.315;65.38499999999999;0.0;0.0;18.05;32.54;2.19;41.53;;2024-12-20;21:00
93;Provence-Alpes-Côte d'Azur;Données définitives;5709.5;231.0;0.0;0.0;943.5;0.0;127.0;4335.5;0.0;0.0;73.0;0.0;4.045;8.53;0.0;;1.28;62.39;0.0;0.0;16.535;29.21;2.22;41.37;;2024-12-20;22:00
93;Provence-Alpes-Côte d'Azur;Données définitives;5889.5;231.0;0.0;0.0;745.0;0.0;129.0;4723.5;0.0;0.0;61.0;0.0;3.925;8.53;0.0;;1.04;52.135;0.0;0.0;12.67;23.064999999999998;2.1900000000000004;42.019999999999996;;2024-12-20;23:00
