Type_Ouvrage,Code_Ligne,Tension,Ville_Depart,Ville_Arrivee,Capacite_MW,Reg_Depart_Code,Reg_Depart,Reg_Arrivee_Code,Reg_Arrivee
AERIEN,P.SEPL61RATIE,225kV,PONT-SEPT,RATIER,400,28,Normandie,28,Normandie
AERIEN,P.SEPL61SANDO,225kV,PONT-SEPT,SANDOUVILLE,400,28,Normandie,28,Normandie
AERIEN,CERGYL71MEZE5,400kV,CERGY,MEZEROLLES,1500,11,Île-de-France,32,Hauts-de-France
AERIEN,CERGYL72MEZE5,400kV,CERGY,MEZEROLLES,1500,11,Île-de-France,32,Hauts-de-France
AERIEN,CREYSL71GEN.P,400kV,CREYS,GENISSIAT-POSTE,1500,84,Auvergne-Rhône-Alpes,84,Auvergne-Rhône-Alpes
AERIEN,ARDOIL61TAVEL,225kV,ARDOISE (L ),TAVEL,400,76,Occitanie,76,Occitanie
AERIEN,ARDOIL62TAVEL,225kV,ARDOISE (L ),TAVEL,400,76,Occitanie,76,Occitanie
AERIEN,GRISOL61S.PON,225kV,GRISOLLES,SERRE-PONCON,400,76,Occitanie,93,Provence-Alpes-Côte d'Azur
AERIEN,M.SEIL72VIELM,400kV,MERY-SUR-SEINE,VIELMOULIN,1500,44,Grand Est,27,Bourgogne-Franche-Comté
AERIEN,CARISL61SEREI,225kV,CARISEY,SEREIN,400,27,Bourgogne-Franche-Comté,27,Bourgogne-Franche-Comté
AERIEN,M.RADL61P.JER,225kV,MARAIS DE RADICATEL (LES),PORT-JEROME,400,28,Normandie,28,Normandie
AERIEN,P.JERL61RATIE,225kV,PORT-JEROME,RATIER,400,28,Normandie,28,Normandie
AERIEN,MERLAL61SIRMI,225kV,MERLATIERE,SIRMIERE,400,52,Pays de la Loire,75,Nouvelle-Aquitaine
AERIEN,BREN5L61VERFE,225kV,BRENS,VERFEIL,400,84,Auvergne-Rhône-Alpes,76,Occitanie
AERIEN,AUSSOL61P.AND,225kV,AUSSOIS,PRAZ-ST-ANDRE,400,84,Auvergne-Rhône-Alpes,84,Auvergne-Rhône-Alpes
AERIEN,CHEVAL71GAVRE,400kV,CHEVALET,GAVRELLE,1500,32,Hauts-de-France,32,Hauts-de-France
AERIEN,SOLEIL61VOLVO,225kV,SOLEIL (LE),VOLVON,400,84,Auvergne-Rhône-Alpes,84,Auvergne-Rhône-Alpes
AERIEN,CHAZ5L31SOLEI,225kV,CHAZELLES,SOLEIL (LE),400,84,Auvergne-Rhône-Alpes,84,Auvergne-Rhône-Alpes
AERIEN,AULNOL61P.SAM,225kV,AULNOYE,PONT-SUR-SAMBRE,400,32,Hauts-de-France,32,Hauts-de-France
AERIEN,MASTAL61P.SAM,225kV,MASTAING,PONT-SUR-SAMBRE,400,32,Hauts-de-France,32,Hauts-de-France
AERIEN,LIERSL61LOGES,225kV,LIERS,LOGES (LES),400,11,Île-de-France,28,Normandie
AERIEN,LIERSL61LOGES,225kV,LIERS,LOGES (LES),400,11,Île-de-France,28,Normandie
AERIEN,LOGESL61ZLINA,225kV,ESCARGOT,LOGES (LES),400,28,Normandie,28,Normandie
AERIEN,LOGESL61ZLINA,225kV,LOGES (LES),PETIT-BOIS (LE),400,28,Normandie,11,Île-de-France
AERIEN,MOLE L61SSPMA,225kV,MOLE (LA),ST-PIERRE-MAREGES,400,75,Nouvelle-Aquitaine,75,Nouvelle-Aquitaine
AERIEN,GARCHL61SSELO,225kV,GARCHIZY,ST-ELOI,400,27,Bourgogne-Franche-Comté,84,Auvergne-Rhône-Alpes
AERIEN,GARCHL61ZGIEN,225kV,GARCHIZY,GIEN,400,27,Bourgogne-Franche-Comté,24,Centre-Val de Loire
AERIEN,GARCHL61ZGIEN,225kV,GIEN,TABARDERIE,400,24,Centre-Val de Loire,24,Centre-Val de Loire
AERIEN,ESPI5L62ZESPI,225kV,CHAUNAY,DAMBRON,400,75,Nouvelle-Aquitaine,24,Centre-Val de Loire
AERIEN,ESPI5L62ZESPI,225kV,DAMBRON,ESPIERS (LES),400,24,Centre-Val de Loire,24,Centre-Val de Loire
AERIEN,CABRIL62REALT,225kV,CABRIES,REALTOR,400,93,Provence-Alpes-Côte d'Azur,93,Provence-Alpes-Côte d'Azur
AERIEN,VLEJUL61ZV.BR,225kV,ROBINSON,VILLEJUST,400,11,Île-de-France,11,Île-de-France
AERIEN,VLEJUL61ZV.BR,225kV,VILLEJUST,ULIS (LES),400,11,Île-de-France,11,Île-de-France
AERIEN,MOUL8L62VLEJU,225kV,MOULINEAUX,VILLEJUST,400,28,Normandie,11,Île-de-France
AERIEN,VLEJUL61ZV.BR,225kV,ROBINSON,VILLEJUST,400,11,Île-de-France,11,Île-de-France
AERIEN,VLEJUL61ZV.BR,225kV,VILLEJUST,ULIS (LES),400,11,Île-de-France,11,Île-de-France
AERIEN,LIVIEL61SSVIN,225kV,LIVIERE,ST VINCENT,400,93,Provence-Alpes-Côte d'Azur,76,Occitanie
AERIEN,LANDRL61ZR.MA,225kV,LANDRES,STENAY,400,44,Grand Est,44,Grand Est
AERIEN,LANDRL61ZR.MA,225kV,STENAY,JAMETZ,400,44,Grand Est,44,Grand Est
AERIEN,H.PAUL71VIELM,400kV,HENRI-PAUL,VIELMOULIN,1500,93,Provence-Alpes-Côte d'Azur,27,Bourgogne-Franche-Comté
AERIEN,DENNAL61WARAN,225kV,DENNA,WARANDE,400,32,Hauts-de-France,32,Hauts-de-France
AERIEN,THIERL61ZQUAR,225kV,QUAREZ,THIERS (BRUAY-SUR-L'ESCAUT),400,32,Hauts-de-France,32,Hauts-de-France
AERIEN,THIERL61ZQUAR,225kV,THIERS (BRUAY-SUR-L'ESCAUT),VALENCIENNES,400,32,Hauts-de-France,32,Hauts-de-France
AERIEN,FAMARL31THIER,225kV,FAMARS,THIERS,400,32,Hauts-de-France,32,Hauts-de-France
AERIEN,BISSYL61G.ILE,225kV,BISSY,GRANDE-ILE,400,27,Bourgogne-Franche-Comté,84,Auvergne-Rhône-Alpes
AERIEN,G.ILEL31ZC.BA,225kV,CHAPELLE DU BARD (LA),GRANDE-ILE,400,84,Auvergne-Rhône-Alpes,84,Auvergne-Rhône-Alpes
AERIEN,G.ILEL31ZC.BA,225kV,GRANDE-ILE,ST-PIERRE-D ALBIGNY,400,84,Auvergne-Rhône-Alpes,84,Auvergne-Rhône-Alpes
AERIEN,CANTEL61MOUGU,225kV,CANTEGRIT,MOUGUERRE,400,75,Nouvelle-Aquitaine,75,Nouvelle-Aquitaine
AERIEN,CZTRYL61PLISO,225kV,COURTRY,PLISON,400,11,Île-de-France,11,Île-de-France
AERIEN,CZTRYL61SENAR,225kV,COURTRY,SENART,400,11,Île-de-France,11,Île-de-France
AERIEN,FRASNL71GEN.P,400kV,FRASNE,GENISSIAT-POSTE,1500,27,Bourgogne-Franche-Comté,84,Auvergne-Rhône-Alpes
AERIEN,GEN.PL72VIELM,400kV,GENISSIAT-POSTE,VIELMOULIN,1500,84,Auvergne-Rhône-Alpes,27,Bourgogne-Franche-Comté
AERIEN,CHEV5L61ZBAST,225kV,BRAINS,CHEVIRE,400,52,Pays de la Loire,52,Pays de la Loire
AERIEN,CHEV5L61ZBAST,225kV,CHEVIRE,CORDEMAIS-POSTE,400,52,Pays de la Loire,52,Pays de la Loire
AERIEN,CHEV5L31SSPAZ,225kV,CHEVIRE,STE-PAZANNE,400,52,Pays de la Loire,52,Pays de la Loire
AERIEN,CHEV5L61ZBAST,225kV,BRAINS,CHEVIRE,400,52,Pays de la Loire,52,Pays de la Loire
AERIEN,CHEV5L61ZBAST,225kV,CHEVIRE,CORDEMAIS-POSTE,400,52,Pays de la Loire,52,Pays de la Loire
AERIEN,AVELIL71WEPPE,400kV,AVELIN,WEPPES,1500,32,Hauts-de-France,32,Hauts-de-France
AERIEN,AVELIL72WARAN,400kV,AVELIN,WARANDE,1500,32,Hauts-de-France,32,Hauts-de-France
AERIEN,B.MONL62ZB.VA,225kV,BEAUCHASTEL,BEAUMONT-MONTEUX,400,84,Auvergne-Rhône-Alpes,84,Auvergne-Rhône-Alpes
AERIEN,B.MONL62ZB.VA,225kV,BEAUMONT-MONTEUX,BOURG-LES-VALENCE,400,84,Auvergne-Rhône-Alpes,84,Auvergne-Rhône-Alpes
AERIEN,FLAMAL73MENUE,400kV,FLAMANVILLE,MENUEL DER TA2,1500,28,Normandie,44,Grand Est
AERIEN,VALE8L61ZMANG,225kV,ETOILE-SUR-RHONE,LOGIS-NEUF,400,84,Auvergne-Rhône-Alpes,84,Auvergne-Rhône-Alpes
AERIEN,VALE8L61ZMANG,225kV,LOGIS-NEUF,VALENCE,400,84,Auvergne-Rhône-Alpes,84,Auvergne-Rhône-Alpes
AERIEN,CPNIEL61PRUNI,225kV,CHAMPAGNIER,PRUNIERES,400,84,Auvergne-Rhône-Alpes,93,Provence-Alpes-Côte d'Azur
AERIEN,BXCHAL62ZB.VA,225kV,BEAUCHASTEL,BEAUMONT-MONTEUX,400,84,Auvergne-Rhône-Alpes,84,Auvergne-Rhône-Alpes
AERIEN,BXCHAL62ZB.VA,225kV,BEAUMONT-MONTEUX,BOURG-LES-VALENCE,400,84,Auvergne-Rhône-Alpes,84,Auvergne-Rhône-Alpes
AERIEN,AVIGNL61CTAUR,225kV,AVIGNON (POSTE),CHATEAURENARD,400,93,Provence-Alpes-Côte d'Azur,93,Provence-Alpes-Côte d'Azur
AERIEN,BARNAL71PALUE,400kV,BARNABOS,PALUEL,1500,28,Normandie,28,Normandie
AERIEN,BARNAL72PALUE,400kV,BARNABOS,PALUEL,1500,28,Normandie,28,Normandie
AERIEN,CHEVIL62RUNGI,225kV,CHEVILLY,RUNGIS,400,11,Île-de-France,11,Île-de-France
AERIEN,BORT L61MOLE,225kV,BORT,MOLE (LA),400,75,Nouvelle-Aquitaine,75,Nouvelle-Aquitaine
AERIEN,BXLIEL61ZGRA6,225kV,BEAULIEU,ROUMAGNOLLE,400,75,Nouvelle-Aquitaine,75,Nouvelle-Aquitaine
AERIEN,BXLIEL61ZGRA6,225kV,ROUMAGNOLLE,GRANZAY,400,75,Nouvelle-Aquitaine,75,Nouvelle-Aquitaine
AERIEN,P.GASL61PERSA,225kV,PLESSIS-GASSOT,PERSAN,400,11,Île-de-France,11,Île-de-France
AERIEN,CORDEL61ZSSCO,225kV,CORDEAC,PRUNIERES,400,84,Auvergne-Rhône-Alpes,93,Provence-Alpes-Côte d'Azur
AERIEN,CORDEL61ZSSCO,225kV,PRUNIERES,ST-PIERRE-COGNET,400,93,Provence-Alpes-Côte d'Azur,93,Provence-Alpes-Côte d'Azur
AERIEN,VINCEL61ZGOLB,225kV,GOLBEY,JEUXEY,400,44,Grand Est,44,Grand Est
AERIEN,VINCEL61ZGOLB,225kV,JEUXEY,VINCEY,400,44,Grand Est,44,Grand Est
AERIEN,VINCEL61ZSSNA,225kV,ETIVAL,ST-NABORD,400,44,Grand Est,44,Grand Est
AERIEN,VINCEL61ZSSNA,225kV,ST-NABORD,VINCEY,400,44,Grand Est,44,Grand Est
AERIEN,AVELIL62EPINE,225kV,AVELIN,EPINETTE,400,32,Hauts-de-France,32,Hauts-de-France
AERIEN,DAMERL61VESLE,225kV,DAMERY,VESLE,400,44,Grand Est,44,Grand Est
AERIEN,ORMESL61VESLE,225kV,ORMES,VESLE,400,32,Hauts-de-France,44,Grand Est
AERIEN,SAUS2L61ZV.MO,225kV,LONGEFAN,SAUSSAZ II (LA),400,84,Auvergne-Rhône-Alpes,84,Auvergne-Rhône-Alpes
AERIEN,SAUS2L61ZV.MO,225kV,SAUSSAZ II (LA),VIEUX-MOULIN,400,84,Auvergne-Rhône-Alpes,84,Auvergne-Rhône-Alpes
AERIEN,BONN6L61VALDI,225kV,BONNEAU,VALDIVIENNE,400,75,Nouvelle-Aquitaine,75,Nouvelle-Aquitaine
AERIEN,BONN6L62VALDI,225kV,BONNEAU,VALDIVIENNE,400,75,Nouvelle-Aquitaine,75,Nouvelle-Aquitaine
AERIEN,CHESNL63RENAR,225kV,CHESNOY (LE),RENARDIERES (LES),400,24,Centre-Val de Loire,24,Centre-Val de Loire
AERIEN,LAUNAL72TAUTE,400kV,LAUNAY,TAUTE,1500,28,Normandie,28,Normandie
AERIEN,CXNAYL61ZJUST,225kV,CHAUNAY,DAMBRON,400,75,Nouvelle-Aquitaine,24,Centre-Val de Loire
AERIEN,CXNAYL61ZJUST,225kV,DAMBRON,JUSTICE,400,24,Centre-Val de Loire,24,Centre-Val de Loire
AERIEN,CXNAYL41MALAG,225kV,CHAUNAY,MALAGUAY,400,75,Nouvelle-Aquitaine,75,Nouvelle-Aquitaine
AERIEN,GRIGNL62ZCOQ5,225kV,AQUEDUCS (LES),COQUIBUS,400,11,Île-de-France,32,Hauts-de-France
AERIEN,GRIGNL62ZCOQ5,225kV,COQUIBUS,GRIGNY,400,32,Hauts-de-France,32,Hauts-de-France
AERIEN,DARSEL61FEUIL,225kV,DARSE,FEUILLANE,400,93,Provence-Alpes-Côte d'Azur,93,Provence-Alpes-Côte d'Azur
AERIEN,DARSEL61FEUIL,225kV,DARSE,FEUILLANE,400,93,Provence-Alpes-Côte d'Azur,93,Provence-Alpes-Côte d'Azur
AERIEN,PLUVIL61PRINQ,225kV,PLUVIGNER,PRINQUIAU,400,53,Bretagne,52,Pays de la Loire
AERIEN,BONNIL61MEZE5,225kV,BONNIERES,MEZEROLLES,400,32,Hauts-de-France,32,Hauts-de-France
AERIEN,BONNIL61ZRIC5,225kV,ARPENTS (LES),BONNIERES,400,32,Hauts-de-France,32,Hauts-de-France
AERIEN,BONNIL61ZRIC5,225kV,BONNIERES,RICHEBOURG,400,32,Hauts-de-France,32,Hauts-de-France
AERIEN,VALENL61ZQUAR,225kV,QUAREZ,THIERS (BRUAY-SUR-L'ESCAUT),400,32,Hauts-de-France,32,Hauts-de-France
AERIEN,VALENL61ZQUAR,225kV,THIERS (BRUAY-SUR-L'ESCAUT),VALENCIENNES,400,32,Hauts-de-France,32,Hauts-de-France
AERIEN,MENUEL71TOLLE,400kV,MENUEL,TOLLEVAST,1500,28,Normandie,28,Normandie
AERIEN,GRANZL72PREGU,400kV,GRANZAY,PREGUILLAC,1500,75,Nouvelle-Aquitaine,75,Nouvelle-Aquitaine
AERIEN,POUGEL61SSVIC,225kV,POUGET (LE),ST-VICTOR,400,76,Occitanie,76,Occitanie
AERIEN,GRANZL61SSFLO,225kV,GRANZAY,ST-FLORENT,400,75,Nouvelle-Aquitaine,94,Corse
AERIEN,ALBERL71M.LAN,400kV,ALBERTVILLE,MONTAGNY-LES-LANCHES,1500,84,Auvergne-Rhône-Alpes,84,Auvergne-Rhône-Alpes
AERIEN,BREUIL62MOLE,225kV,BREUIL (LE),MOLE (LA),400,84,Auvergne-Rhône-Alpes,75,Nouvelle-Aquitaine
AERIEN,CERGYL61PORCH,225kV,CERGY,PORCHEVILLE,400,11,Île-de-France,11,Île-de-France
AERIEN,PORCHL61PUISE,225kV,PORCHEVILLE,PUISEUX,400,11,Île-de-France,44,Grand Est
AERIEN,EGUZOL72VALDI,400kV,EGUZON,VALDIVIENNE,1500,24,Centre-Val de Loire,75,Nouvelle-Aquitaine
AERIEN,CHOO5L61MAZUR,225kV,CHOOZ,MAZURES,400,44,Grand Est,44,Grand Est
AERIEN,CHOO5L62MAZUR,225kV,CHOOZ,MAZURES,400,44,Grand Est,44,Grand Est
AERIEN,MORBRL61ZORS6,225kV,MORBRAS,ORSONVILLE,400,11,Île-de-France,11,Île-de-France
AERIEN,MORBRL61ZORS6,225kV,ORSONVILLE,VILLEVAUDE,400,11,Île-de-France,11,Île-de-France
AERIEN,LANG6L61MORBR,225kV,LANGLOIS,MORBRAS,400,11,Île-de-France,11,Île-de-France
AERIEN,MORBRL61ZORS6,225kV,MORBRAS,ORSONVILLE,400,11,Île-de-France,11,Île-de-France
AERIEN,MORBRL61ZORS6,225kV,ORSONVILLE,VILLEVAUDE,400,11,Île-de-France,11,Île-de-France
AERIEN,DONZEL61FEROU,225kV,DONZENAC,FEROUGE,400,75,Nouvelle-Aquitaine,75,Nouvelle-Aquitaine
AERIEN,FEROUL61TALAM,225kV,FEROUGE,TALAMET,400,75,Nouvelle-Aquitaine,76,Occitanie
AERIEN,ALBERL71BATHI,400kV,ALBERTVILLE,BATHIE (LA),1500,84,Auvergne-Rhône-Alpes,84,Auvergne-Rhône-Alpes
AERIEN,GAMPAL61ZCPB5,225kV,BEAUMONT-MONTEUX,CHAMPBLAIN,400,84,Auvergne-Rhône-Alpes,84,Auvergne-Rhône-Alpes
AERIEN,GAMPAL61ZCPB5,225kV,CHAMPBLAIN,GAMPALOUP,400,84,Auvergne-Rhône-Alpes,84,Auvergne-Rhône-Alpes
AERIEN,B.MONL62GAMPA,225kV,BEAUMONT-MONTEUX,GAMPALOUP,400,84,Auvergne-Rhône-Alpes,84,Auvergne-Rhône-Alpes
AERIEN,CIVAUL76VALDI,400kV,CIVAUX,VALDIVIENNE,1500,75,Nouvelle-Aquitaine,75,Nouvelle-Aquitaine
AERIEN,CROIXL61P.ME5,225kV,CROIX (LA),PETIT-MENIN,400,32,Hauts-de-France,32,Hauts-de-France
AERIEN,CAIL5L61E.BOT,225kV,CAILLOLS,ENCO-DE-BOTTE,400,93,Provence-Alpes-Côte d'Azur,93,Provence-Alpes-Côte d'Azur
AERIEN,MASSYL62VLEJU,225kV,MASSY,VILLEJUST,400,11,Île-de-France,11,Île-de-France
AERIEN,MASSYL61VLEJU,225kV,MASSY,VILLEJUST,400,11,Île-de-France,11,Île-de-France
AERIEN,BXTO5L62LATEN,225kV,BEAUTOR(POSTE),LATENA,400,32,Hauts-de-France,32,Hauts-de-France
AERIEN,BXTO5L63LATEN,225kV,BEAUTOR(POSTE),LATENA,400,32,Hauts-de-France,32,Hauts-de-France
AERIEN,REALTL63SEPTE,225kV,REALTOR,SEPTEMES,400,93,Provence-Alpes-Côte d'Azur,93,Provence-Alpes-Côte d'Azur
AERIEN,MAMBEL61PUSY,225kV,MAMBELIN,PUSY,400,27,Bourgogne-Franche-Comté,27,Bourgogne-Franche-Comté
AERIEN,FARRAL61SAINT,225kV,FARRADIERE (LA),SAINTES,400,75,Nouvelle-Aquitaine,75,Nouvelle-Aquitaine
AERIEN,PREGUL61SAINT,225kV,PREGUILLAC,SAINTES,400,75,Nouvelle-Aquitaine,75,Nouvelle-Aquitaine
AERIEN,CATTEL71VIGY,400kV,CATTENOM,VIGY,1500,44,Grand Est,44,Grand Est
AERIEN,CERGYL61ZHERB,225kV,CERGY,CORMEILLES,400,11,Île-de-France,28,Normandie
AERIEN,CERGYL61ZHERB,225kV,CORMEILLES,HERBLAY,400,28,Normandie,11,Île-de-France
AERIEN,CERGYL61ZLIES,225kV,CERGY,HAUTE-BORNE,400,11,Île-de-France,11,Île-de-France
AERIEN,CERGYL61ZLIES,225kV,HAUTE-BORNE,LIESSE,400,11,Île-de-France,11,Île-de-France
AERIEN,CERGYL61ZLIE5,225kV,CERGY,LIESSE,400,11,Île-de-France,11,Île-de-France
AERIEN,CERGYL61ZLIE5,225kV,LIESSE,PLESSIS-GASSOT,400,11,Île-de-France,11,Île-de-France
AERIEN,CERGYL62ZHER7,225kV,CERGY,CORMEILLES,400,11,Île-de-France,28,Normandie
AERIEN,CERGYL62ZHER7,225kV,CORMEILLES,HERBLAY,400,28,Normandie,11,Île-de-France
AERIEN,COR.PL61GUERS,225kV,CORDEMAIS-POSTE,GUERSAC,400,52,Pays de la Loire,52,Pays de la Loire
AERIEN,GUERSL61ZPRIN,225kV,CORDEMAIS-POSTE,GUERSAC,400,52,Pays de la Loire,52,Pays de la Loire
AERIEN,GUERSL61ZPRIN,225kV,GUERSAC,THEIX,400,52,Pays de la Loire,53,Bretagne
AERIEN,CONCAL61P.ROU,225kV,CONCARNEAU,POTEAU-ROUGE,400,53,Bretagne,53,Bretagne
AERIEN,BXTO5L62LATEN,225kV,BEAUTOR(POSTE),LATENA,400,32,Hauts-de-France,32,Hauts-de-France
AERIEN,GUEBWL61VOGEL,225kV,GUEBWILLER,VOGELGRUN,400,44,Grand Est,44,Grand Est
AERIEN,.RIDDL61CORNI,225kV,CORNIER,RIDDES,400,84,Auvergne-Rhône-Alpes,0,Étranger
AERIEN,SSOREL61VERFE,225kV,ST-ORENS,VERFEIL,400,76,Occitanie,76,Occitanie
AERIEN,P.SIML62VERFE,225kV,PORTET-ST-SIMON,VERFEIL,400,76,Occitanie,76,Occitanie
AERIEN,ROBI5L61ZV.BR,225kV,ROBINSON,VILLEJUST,400,11,Île-de-France,11,Île-de-France
AERIEN,ROBI5L61ZV.BR,225kV,VILLEJUST,ULIS (LES),400,11,Île-de-France,11,Île-de-France
AERIEN,MOUL8L62VLEJU,225kV,MOULINEAUX,VILLEJUST,400,28,Normandie,11,Île-de-France
AERIEN,CUBNEL61MQIS,225kV,CUBNEZAIS,MARQUIS (LE),400,75,Nouvelle-Aquitaine,75,Nouvelle-Aquitaine
AERIEN,MQIS L31V.BLA,225kV,MARQUIS (LE),VILLENEUVE-DE-BLAYE,400,75,Nouvelle-Aquitaine,75,Nouvelle-Aquitaine
AERIEN,GRAFFL61SPORE,225kV,GRAFFENSTADEN,SPORENINSEL,400,44,Grand Est,0,Étranger
AERIEN,P.RHIL61STRAS,225kV,PORT-DU-RHIN,STRASBOURG,400,44,Grand Est,44,Grand Est
AERIEN,BEZAUL72VIGY,400kV,BEZAUMONT,VIGY,1500,44,Grand Est,44,Grand Est
AERIEN,BEZAUL71MARL6,400kV,BEZAUMONT,MARLENHEIM,1500,44,Grand Est,44,Grand Est
AERIEN,MARL6L71SCHEE,400kV,MARLENHEIM,SCHEER,1500,44,Grand Est,0,Étranger
AERIEN,H.VINL61HELLE,225kV,HAUT-VINAGE,HELLEMMES,400,32,Hauts-de-France,32,Hauts-de-France
AERIEN,TUILIL61ZSS11,225kV,CUBNEZAIS,SAINT-GERAUD-DE-CORPS,400,75,Nouvelle-Aquitaine,75,Nouvelle-Aquitaine
AERIEN,TUILIL61ZSS11,225kV,SAINT-GERAUD-DE-CORPS,TUILIERES,400,75,Nouvelle-Aquitaine,75,Nouvelle-Aquitaine
AERIEN,MAMBEL61PALEN,225kV,MAMBELIN,PALENTE,400,27,Bourgogne-Franche-Comté,27,Bourgogne-Franche-Comté
AERIEN,VLEJUL61ZLIN7,225kV,LIERS,VILLEJUST,400,11,Île-de-France,11,Île-de-France
AERIEN,VLEJUL61ZLIN7,225kV,VILLEJUST,PETIT-BOIS (LE),400,11,Île-de-France,11,Île-de-France
AERIEN,C.MERL61MOUGI,225kV,CAGNES-SUR-MER,MOUGINS,400,93,Provence-Alpes-Côte d'Azur,93,Provence-Alpes-Côte d'Azur
AERIEN,MOUGIL31VALBO,225kV,MOUGINS,VALBONNE,400,93,Provence-Alpes-Côte d'Azur,93,Provence-Alpes-Côte d'Azur
AERIEN,.ARKAL61ARGIA,225kV,ARGIA,ARKALE,400,75,Nouvelle-Aquitaine,75,Nouvelle-Aquitaine
AERIEN,HERMIL61LONG6,225kV,HERMILLON,LONGEFAN,400,84,Auvergne-Rhône-Alpes,84,Auvergne-Rhône-Alpes
AERIEN,BRUGEL61MQIS,225kV,BRUGES,MARQUIS (LE),400,75,Nouvelle-Aquitaine,75,Nouvelle-Aquitaine
AERIEN,GEN.PL61VOUGL,225kV,GENISSIAT-POSTE,VOUGLANS,400,84,Auvergne-Rhône-Alpes,84,Auvergne-Rhône-Alpes
AERIEN,BAYETL61SEMIN,225kV,BAYET,SEMINAIRE,400,84,Auvergne-Rhône-Alpes,84,Auvergne-Rhône-Alpes
AERIEN,E.BOTL62PALUN,225kV,ENCO-DE-BOTTE,PALUN (LA),400,93,Provence-Alpes-Côte d'Azur,93,Provence-Alpes-Côte d'Azur
AERIEN,NEMOUL61VLEMA,225kV,NEMOURS,VILLEMANDEUR,400,24,Centre-Val de Loire,24,Centre-Val de Loire
AERIEN,PENLYL71PENL5,400kV,PENLY (POSTE CENTRALE),PENLY (POSTE EVACUATION),1500,28,Normandie,28,Normandie
AERIEN,QUINTL61SSCAL,225kV,QUINTES (LES),ST-CALAIS,400,52,Pays de la Loire,52,Pays de la Loire
AERIEN,CLERAL71PLAUD,400kV,CLERAC,PLAUD,1500,75,Nouvelle-Aquitaine,75,Nouvelle-Aquitaine
AERIEN,CPBLAL61ZCPB5,225kV,BEAUMONT-MONTEUX,CHAMPBLAIN,400,84,Auvergne-Rhône-Alpes,84,Auvergne-Rhône-Alpes
AERIEN,CPBLAL61ZCPB5,225kV,CHAMPBLAIN,GAMPALOUP,400,84,Auvergne-Rhône-Alpes,84,Auvergne-Rhône-Alpes
AERIEN,CPBLAL61ZCPB5,225kV,BEAUMONT-MONTEUX,CHAMPBLAIN,400,84,Auvergne-Rhône-Alpes,84,Auvergne-Rhône-Alpes
AERIEN,CPBLAL61ZCPB5,225kV,CHAMPBLAIN,GAMPALOUP,400,84,Auvergne-Rhône-Alpes,84,Auvergne-Rhône-Alpes
AERIEN,ANNEYL31SSVAL,225kV,ANNEYRON,ST-VALLIER,400,84,Auvergne-Rhône-Alpes,84,Auvergne-Rhône-Alpes
AERIEN,D.BURL62TABAR,225kV,DAMPIERRE-EN-BURLY,TABARDERIE,400,24,Centre-Val de Loire,24,Centre-Val de Loire
AERIEN,P.GASL64ZFAN5,225kV,FALLOU,FANAUDES,400,11,Île-de-France,11,Île-de-France
AERIEN,P.GASL64ZFAN5,225kV,FANAUDES,PLESSIS-GASSOT,400,11,Île-de-France,11,Île-de-France
AERIEN,CHOO2L71LONNY,400kV,CHOOZ B,LONNY,1500,44,Grand Est,44,Grand Est
AERIEN,BOCTOL71MORBR,400kV,BOCTOIS,MORBRAS,1500,44,Grand Est,11,Île-de-France
AERIEN,MAMBEL62PALEN,225kV,MAMBELIN,PALENTE,400,27,Bourgogne-Franche-Comté,27,Bourgogne-Franche-Comté
AERIEN,BARNAL71ROUGE,400kV,BARNABOS,ROUGEMONTIER,1500,28,Normandie,28,Normandie
AERIEN,MANDAL71WARAN,400kV,MANDARINS,WARANDE,1500,32,Hauts-de-France,32,Hauts-de-France
AERIEN,ATTAQL72MANDA,400kV,ATTAQUES (LES),MANDARINS,1500,32,Hauts-de-France,32,Hauts-de-France
AERIEN,GRANZL71JUMEA,400kV,GRANZAY,JUMEAUX (LES),1500,75,Nouvelle-Aquitaine,84,Auvergne-Rhône-Alpes
AERIEN,CUPERL61ZCUPE,225kV,CUPERLY,RECY,400,44,Grand Est,44,Grand Est
AERIEN,CUPERL61ZCUPE,225kV,RECY,VESLE,400,44,Grand Est,44,Grand Est
AERIEN,COQUAL61ROUGE,225kV,COQUAINVILLIERS,ROUGEMONTIER,400,28,Normandie,28,Normandie
AERIEN,COQUAL62ROUGE,225kV,COQUAINVILLIERS,ROUGEMONTIER,400,28,Normandie,28,Normandie
AERIEN,CHESNL71VLECH,400kV,CHESNOY (LE),VILLECHETIVE,1500,24,Centre-Val de Loire,27,Bourgogne-Franche-Comté
AERIEN,SEREIL71VLECH,400kV,SEREIN,VILLECHETIVE,1500,27,Bourgogne-Franche-Comté,27,Bourgogne-Franche-Comté
AERIEN,B.EPIL61DOMLO,225kV,BELLE-EPINE,DOMLOUP,400,53,Bretagne,53,Bretagne
AERIEN,DOMLOL62ZSSL7,225kV,BELLE-EPINE,DOMLOUP,400,53,Bretagne,53,Bretagne
AERIEN,DOMLOL62ZSSL7,225kV,DOMLOUP,ST-LAURENT,400,53,Bretagne,44,Grand Est
AERIEN,BACALL61BRUGE,225kV,BACALAN,BRUGES,400,75,Nouvelle-Aquitaine,75,Nouvelle-Aquitaine
AERIEN,BACALL31BLAN5,225kV,BACALAN,BLANQUEFORT (FORD),400,75,Nouvelle-Aquitaine,76,Occitanie
AERIEN,CHESNL71M.SEI,400kV,CHESNOY (LE),MERY-SUR-SEINE,1500,24,Centre-Val de Loire,44,Grand Est
AERIEN,CHESNL72M.SEI,400kV,CHESNOY (LE),MERY-SUR-SEINE,1500,24,Centre-Val de Loire,44,Grand Est
AERIEN,ABLAIL61LATEN,225kV,ABLAINCOURT,LATENA,400,32,Hauts-de-France,32,Hauts-de-France
AERIEN,CUBNEL71DONZA,400kV,CUBNEZAIS,DONZAC,1500,75,Nouvelle-Aquitaine,75,Nouvelle-Aquitaine
AERIEN,H.PAUL71VIELM,400kV,HENRI-PAUL,VIELMOULIN,1500,93,Provence-Alpes-Côte d'Azur,27,Bourgogne-Franche-Comté
AERIEN,COMMUL61H.PAU,400kV,COMMUNE,HENRI-PAUL,1500,93,Provence-Alpes-Côte d'Azur,93,Provence-Alpes-Côte d'Azur
AERIEN,P.TRIL61ZP.TR,225kV,MONTPELLIER,PONT TRINQUAT,400,76,Occitanie,76,Occitanie
AERIEN,P.TRIL61ZP.TR,225kV,PONT TRINQUAT,ST CHRISTOL,400,76,Occitanie,84,Auvergne-Rhône-Alpes
AERIEN,SISTEL61ZBLAU,225kV,CURBANS,SISTERON,400,93,Provence-Alpes-Côte d'Azur,93,Provence-Alpes-Côte d'Azur
AERIEN,SISTEL61ZBLAU,225kV,SISTERON,BLAUX,400,93,Provence-Alpes-Côte d'Azur,93,Provence-Alpes-Côte d'Azur
AERIEN,CHEVIL63ZV.OR,225kV,CHEVILLY,ULIS (LES),400,11,Île-de-France,11,Île-de-France
AERIEN,CHEVIL63ZV.OR,225kV,ULIS (LES),VILLEJUST,400,11,Île-de-France,11,Île-de-France
AERIEN,MASSYL64ZMAS5,225kV,CHEVILLY,MASSY,400,11,Île-de-France,11,Île-de-France
AERIEN,MASSYL64ZMAS5,225kV,MASSY,VILLEJUST,400,11,Île-de-France,11,Île-de-France
AERIEN,VLEJUL64ZMAS5,225kV,CHEVILLY,MASSY,400,11,Île-de-France,11,Île-de-France
AERIEN,VLEJUL64ZMAS5,225kV,MASSY,VILLEJUST,400,11,Île-de-France,11,Île-de-France
AERIEN,RELE L61VANDI,225kV,RELE,VANDIERES,400,44,Grand Est,44,Grand Est
AERIEN,FLOIRL61PESSA,225kV,FLOIRAC EDF,PESSAC,400,75,Nouvelle-Aquitaine,75,Nouvelle-Aquitaine
AERIEN,CROIXL61H.VIN,225kV,CROIX (LA),HAUT-VINAGE,400,32,Hauts-de-France,32,Hauts-de-France
AERIEN,CHARPL72GREPI,400kV,CHARPENAY,GREPILLES,1500,84,Auvergne-Rhône-Alpes,84,Auvergne-Rhône-Alpes
AERIEN,PLAISL61ZAVRO,225kV,PLAISANCE,VILLEVAUDE,400,11,Île-de-France,11,Île-de-France
AERIEN,PLAISL61ZAVRO,225kV,VILLEVAUDE,AVRON,400,11,Île-de-France,11,Île-de-France
AERIEN,PLAISL62ZAVR5,225kV,PLAISANCE,VILLEVAUDE,400,11,Île-de-France,11,Île-de-France
AERIEN,PLAISL62ZAVR5,225kV,VILLEVAUDE,AVRON,400,11,Île-de-France,11,Île-de-France
AERIEN,GRANZL62SSFLO,225kV,GRANZAY,ST-FLORENT,400,75,Nouvelle-Aquitaine,94,Corse
AERIEN,DIRINL62ZTREF,225kV,DIRINON,MARTYRE (LA),400,53,Bretagne,53,Bretagne
AERIEN,DIRINL62ZTREF,225kV,MARTYRE (LA),SQUIVIDAN,400,53,Bretagne,53,Bretagne
AERIEN,EGUZOL61SSFEY,225kV,EGUZON,STE-FEYRE,400,24,Centre-Val de Loire,75,Nouvelle-Aquitaine
AERIEN,GRAFFL61REICH,225kV,GRAFFENSTADEN,REICHSTETT,400,44,Grand Est,44,Grand Est
AERIEN,DOMLOL72LOUIS,400kV,DOMLOUP,LOUISFERT (POSTE F),1500,53,Bretagne,52,Pays de la Loire
AERIEN,DOMLOL71LOUIS,400kV,DOMLOUP,LOUISFERT,1500,53,Bretagne,52,Pays de la Loire
AERIEN,ARPENL61ZRIC5,225kV,ARPENTS (LES),BONNIERES,400,32,Hauts-de-France,32,Hauts-de-France
AERIEN,ARPENL61ZRIC5,225kV,BONNIERES,RICHEBOURG,400,32,Hauts-de-France,32,Hauts-de-France
AERIEN,BEUVRL61VENDI,225kV,BEUVRY(LABOURSE),VENDIN,400,32,Hauts-de-France,32,Hauts-de-France
AERIEN,P.GASL61TILLI,225kV,PLESSIS-GASSOT,TILLIERS,400,11,Île-de-France,11,Île-de-France
AERIEN,P.GASL62V.BEL,225kV,PLESSIS-GASSOT,VILLIERS-LE-BEL,400,11,Île-de-France,11,Île-de-France
AERIEN,CPNIEL61MOIRA,225kV,CHAMPAGNIER,MOIRANS,400,84,Auvergne-Rhône-Alpes,84,Auvergne-Rhône-Alpes
AERIEN,CPNIEL61SINAR,225kV,CHAMPAGNIER,SINARD,400,84,Auvergne-Rhône-Alpes,84,Auvergne-Rhône-Alpes
AERIEN,G.COUL62SSROU,225kV,GRAND-COURONNE,ST-ETIENNE DU ROUVRAY,400,28,Normandie,28,Normandie
AERIEN,FARRAL61GRANZ,225kV,FARRADIERE (LA),GRANZAY,400,75,Nouvelle-Aquitaine,75,Nouvelle-Aquitaine
AERIEN,HOUDRL72M.SEI,400kV,HOUDREVILLE,MERY-SUR-SEINE,1500,44,Grand Est,44,Grand Est
AERIEN,HOUDRL71M.SEI,400kV,HOUDREVILLE,MERY-SUR-SEINE,1500,44,Grand Est,44,Grand Est
AERIEN,HOUDRL72M.SEI,400kV,HOUDREVILLE,MERY-SUR-SEINE,1500,44,Grand Est,44,Grand Est
AERIEN,LONNYL72MASTA,400kV,LONNY,MASTAING,1500,44,Grand Est,32,Hauts-de-France
AERIEN,LONNYL73MASTA,400kV,LONNY,MASTAING,1500,44,Grand Est,32,Hauts-de-France
AERIEN,PTARLL61SAONE,225kV,PONTARLIER,SAONE,400,27,Bourgogne-Franche-Comté,27,Bourgogne-Franche-Comté
AERIEN,ATTAQL61ECHIN,225kV,ATTAQUES (LES),ECHINGHEN,400,32,Hauts-de-France,32,Hauts-de-France
AERIEN,ATTAQL62ZRUMI,225kV,ATTAQUES (LES),HOLQUE,400,32,Hauts-de-France,32,Hauts-de-France
AERIEN,ATTAQL62ZRUMI,225kV,HOLQUE,RUMINGHEM,400,32,Hauts-de-France,32,Hauts-de-France
AERIEN,E.BOTL61PALUN,225kV,ENCO-DE-BOTTE,PALUN (LA),400,93,Provence-Alpes-Côte d'Azur,93,Provence-Alpes-Côte d'Azur
AERIEN,E.BOTL62PALUN,225kV,ENCO-DE-BOTTE,PALUN (LA),400,93,Provence-Alpes-Côte d'Azur,93,Provence-Alpes-Côte d'Azur
AERIEN,CHAN5L71QUINT,400kV,CHANCEAUX,QUINTES (LES),1500,24,Centre-Val de Loire,52,Pays de la Loire
AERIEN,BARP L61SAUCA,225kV,BARP(LE),SAUCAT,400,75,Nouvelle-Aquitaine,75,Nouvelle-Aquitaine
AERIEN,SSCESL61SSCHR,225kV,ST CESAIRE,ST CHRISTOL,400,75,Nouvelle-Aquitaine,84,Auvergne-Rhône-Alpes
AERIEN,CREYSL72GEN.P,400kV,CREYS,GENISSIAT-POSTE,1500,84,Auvergne-Rhône-Alpes,84,Auvergne-Rhône-Alpes
AERIEN,VAUPAL61YAINV,225kV,VAUPALIERE (LA),YAINVILLE,400,28,Normandie,28,Normandie
AERIEN,G.COUL62VAUPA,225kV,GRAND-COURONNE,VAUPALIERE (LA),400,28,Normandie,28,Normandie
AERIEN,G.COUL61ROUGE,225kV,GRAND-COURONNE,ROUGEMONTIER,400,28,Normandie,28,Normandie
AERIEN,G.COUL62ROUGE,225kV,GRAND-COURONNE,ROUGEMONTIER,400,28,Normandie,28,Normandie
AERIEN,COULAL72P.COR,400kV,COULANGE,PIVOZ CORDIER,1500,84,Auvergne-Rhône-Alpes,84,Auvergne-Rhône-Alpes
AERIEN,COR.PL61GUERS,225kV,CORDEMAIS-POSTE,GUERSAC,400,52,Pays de la Loire,52,Pays de la Loire
AERIEN,BREAUL61PRELE,225kV,BREAU,PRELES (LES),400,11,Île-de-France,27,Bourgogne-Franche-Comté
AERIEN,BREAUL31PRELE,225kV,BREAU,PRELES (LES),400,11,Île-de-France,27,Bourgogne-Franche-Comté
AERIEN,COR.PL71LOUIS,400kV,CORDEMAIS-P,LOUISFERT (POSTE F),1500,52,Pays de la Loire,52,Pays de la Loire
AERIEN,MENUEL73TAUTE,400kV,MENUEL,TAUTE,1500,28,Normandie,28,Normandie
AERIEN,PRRTTL61SEQUE,225kV,PIERRETTE (LA),SEQUEDIN,400,32,Hauts-de-France,32,Hauts-de-France
AERIEN,LAUNAL61RAN.P,225kV,LAUNAY,RANCE-POSTE,400,28,Normandie,28,Normandie
AERIEN,Q.SEIL61TAMAR,225kV,QUATRE SEIGNEURS,TAMAREAU,400,76,Occitanie,76,Occitanie
AERIEN,Q.SEIL62TAMAR,225kV,QUATRE SEIGNEURS,TAMAREAU,400,76,Occitanie,76,Occitanie
AERIEN,MARGEL61RUEYR,225kV,MARGERIDE,RUEYRES,400,76,Occitanie,76,Occitanie
AERIEN,MORBRL61SONNE,225kV,MORBRAS,SONNETTES,400,11,Île-de-France,11,Île-de-France
AERIEN,ANSERL61PRRTT,225kV,ANSEREUILLES (LES),PIERRETTE (LA),400,32,Hauts-de-France,32,Hauts-de-France
AERIEN,GOURJL61VERFE,225kV,GOURJADE,VERFEIL,400,76,Occitanie,76,Occitanie
AERIEN,GOURJL61ZMIOL,225kV,GOURJADE,MIOLLES,400,76,Occitanie,76,Occitanie
AERIEN,GOURJL61ZMIOL,225kV,MIOLLES,ST-VICTOR,400,76,Occitanie,76,Occitanie
AERIEN,AQUEDL61ZCOQU,225kV,AQUEDUCS (LES),COQUIBUS,400,11,Île-de-France,32,Hauts-de-France
AERIEN,AQUEDL61ZCOQU,225kV,COQUIBUS,GRIGNY,400,32,Hauts-de-France,32,Hauts-de-France
AERIEN,AQUEDL62ZCOQ5,225kV,AQUEDUCS (LES),COQUIBUS,400,11,Île-de-France,32,Hauts-de-France
AERIEN,AQUEDL62ZCOQ5,225kV,COQUIBUS,GRIGNY,400,32,Hauts-de-France,32,Hauts-de-France
AERIEN,B.HAML61ZB.HA,225kV,BASSE HAM,ST-HUBERT,400,44,Grand Est,44,Grand Est
AERIEN,B.HAML61ZB.HA,225kV,ST-HUBERT,VIGY,400,44,Grand Est,44,Grand Est
AERIEN,B.HAML61ZB.HA,225kV,BASSE HAM,ST-HUBERT,400,44,Grand Est,44,Grand Est
AERIEN,B.HAML61ZB.HA,225kV,ST-HUBERT,VIGY,400,44,Grand Est,44,Grand Est
AERIEN,CORNIL71M.LAN,400kV,CORNIER,MONTAGNY-LES-LANCHES,1500,84,Auvergne-Rhône-Alpes,84,Auvergne-Rhône-Alpes
AERIEN,BOISSL61MEYZI,225kV,BOISSE (LA),MEYZIEU,400,84,Auvergne-Rhône-Alpes,84,Auvergne-Rhône-Alpes
AERIEN,BOISSL62MIONS,225kV,BOISSE (LA),MIONS,400,84,Auvergne-Rhône-Alpes,84,Auvergne-Rhône-Alpes
AERIEN,BAIXAL72GAUDI,400kV,BAIXAS,LA GAUDIERE,1500,76,Occitanie,93,Provence-Alpes-Côte d'Azur
AERIEN,HOUDRL71VINCE,400kV,HOUDREVILLE,VINCEY,1500,44,Grand Est,44,Grand Est
AERIEN,.AUBAL61M.MA5,225kV,AUBANGE,MT-SAINT-MARTIN,400,0,Étranger,44,Grand Est
AERIEN,.AUBAL61MOULA,225kV,AUBANGE,MOULAINE,400,0,Étranger,44,Grand Est
AERIEN,ROUGEL72TILL5,400kV,ROUGEMONTIER,TILLEUL,1500,28,Normandie,28,Normandie
AERIEN,BATZEL61MARL6,225kV,BATZENDORF,MARLENHEIM,400,44,Grand Est,44,Grand Est
AERIEN,MARL6L61REICH,225kV,MARLENHEIM,REICHSTETT,400,44,Grand Est,44,Grand Est
AERIEN,P.GASL62V.BEL,225kV,PLESSIS-GASSOT,VILLIERS-LE-BEL,400,11,Île-de-France,11,Île-de-France
AERIEN,LONNYL72MASTA,400kV,LONNY,MASTAING,1500,44,Grand Est,32,Hauts-de-France
AERIEN,PRIMEL62SAUS5,225kV,PRIMEVERES,SAUSSET,400,93,Provence-Alpes-Côte d'Azur,93,Provence-Alpes-Côte d'Azur
AERIEN,H.VINL61HELLE,225kV,HAUT-VINAGE,HELLEMMES,400,32,Hauts-de-France,32,Hauts-de-France
AERIEN,H.VINL62HELLE,225kV,HAUT-VINAGE,HELLEMMES,400,32,Hauts-de-France,32,Hauts-de-France
AERIEN,FROMAL63ZFRO6,225kV,CERGY,CORMEILLES,400,11,Île-de-France,28,Normandie
AERIEN,FROMAL63ZFRO6,225kV,CORMEILLES,FROMAINVILLE,400,28,Normandie,28,Normandie
AERIEN,CHAV6L61GEN.P,225kV,CHAVANOD,GENISSIAT-POSTE,400,84,Auvergne-Rhône-Alpes,84,Auvergne-Rhône-Alpes
AERIEN,ROM  L71VALDI,400kV,ROM,VALDIVIENNE,1500,75,Nouvelle-Aquitaine,75,Nouvelle-Aquitaine
AERIEN,GRANZL72VALDI,400kV,GRANZAY,VALDIVIENNE,1500,75,Nouvelle-Aquitaine,75,Nouvelle-Aquitaine
AERIEN,COMPIL61MORU,225kV,COMPIEGNE,MORU,400,32,Hauts-de-France,11,Île-de-France
AERIEN,AVELIL72WARAN,400kV,AVELIN,WARANDE,1500,32,Hauts-de-France,32,Hauts-de-France
AERIEN,MEZE5L72TILL5,400kV,MEZEROLLES,TILLEUL,1500,32,Hauts-de-France,28,Normandie
AERIEN,G.ILEL61ZMER7,225kV,FROGES,GRANDE-ILE,400,84,Auvergne-Rhône-Alpes,84,Auvergne-Rhône-Alpes
AERIEN,G.ILEL61ZMER7,225kV,GRANDE-ILE,MERCIERS (LES),400,84,Auvergne-Rhône-Alpes,84,Auvergne-Rhône-Alpes
AERIEN,GRAV5L73WARAN,400kV,GRAVELINES (CENTRALE),WARANDE,1500,32,Hauts-de-France,32,Hauts-de-France
AERIEN,ARGIEL61SIERE,225kV,ARGIESANS,SIERENTZ,400,27,Bourgogne-Franche-Comté,44,Grand Est
AERIEN,D.FRAL61LINGO,225kV,DIGUE-DES-FRANCAIS,LINGOSTIERE,400,93,Provence-Alpes-Côte d'Azur,93,Provence-Alpes-Côte d'Azur
AERIEN,D.FRAL62LINGO,225kV,DIGUE-DES-FRANCAIS,LINGOSTIERE,400,93,Provence-Alpes-Côte d'Azur,93,Provence-Alpes-Côte d'Azur
AERIEN,H.BORL61ZLIES,225kV,CERGY,HAUTE-BORNE,400,11,Île-de-France,11,Île-de-France
AERIEN,H.BORL61ZLIES,225kV,HAUTE-BORNE,LIESSE,400,11,Île-de-France,11,Île-de-France
AERIEN,GRIM5L62TRANS,225kV,GRIMAUD,TRANS,400,93,Provence-Alpes-Côte d'Azur,93,Provence-Alpes-Côte d'Azur
AERIEN,MALLEL61RQROU,225kV,MALLEMORT (CLIENT),ROQUEROUSSE,400,93,Provence-Alpes-Côte d'Azur,93,Provence-Alpes-Côte d'Azur
AERIEN,MIOLLL61ZMIOL,225kV,GOURJADE,MIOLLES,400,76,Occitanie,76,Occitanie
AERIEN,MIOLLL61ZMIOL,225kV,MIOLLES,ST-VICTOR,400,76,Occitanie,76,Occitanie
AERIEN,G.CAIL61VALEN,225kV,GROS-CAILLOU,VALENCIENNES,400,11,Île-de-France,32,Hauts-de-France
AERIEN,HELLEL62M.LIL,225kV,HELLEMMES,MOULINS LILLE,400,32,Hauts-de-France,32,Hauts-de-France
AERIEN,BRAUDL74CUBNE,400kV,BRAUD,CUBNEZAIS,1500,75,Nouvelle-Aquitaine,75,Nouvelle-Aquitaine
AERIEN,DONZAL71LESQU,400kV,DONZAC,LESQUIVE,1500,75,Nouvelle-Aquitaine,76,Occitanie
AERIEN,DONZAL72VERFE,400kV,DONZAC,VERFEIL,1500,75,Nouvelle-Aquitaine,76,Occitanie
AERIEN,MORBRL72VLEVA,400kV,MORBRAS,VILLEVAUDE,1500,11,Île-de-France,11,Île-de-France
AERIEN,SEREIL61TONNE,225kV,SEREIN,TONNERRE,400,27,Bourgogne-Franche-Comté,27,Bourgogne-Franche-Comté
AERIEN,LANDRL61VIGY,225kV,LANDRES,VIGY,400,44,Grand Est,44,Grand Est
AERIEN,CPNIEL61MOIRA,225kV,CHAMPAGNIER,MOIRANS,400,84,Auvergne-Rhône-Alpes,84,Auvergne-Rhône-Alpes
AERIEN,S.PONL61SISTE,225kV,SERRE-PONCON,SISTERON,400,93,Provence-Alpes-Côte d'Azur,93,Provence-Alpes-Côte d'Azur
AERIEN,ORAISL61SISTE,225kV,ORAISON,SISTERON,400,93,Provence-Alpes-Côte d'Azur,93,Provence-Alpes-Côte d'Azur
AERIEN,S.PONL61SISTE,225kV,SERRE-PONCON,SISTERON,400,93,Provence-Alpes-Côte d'Azur,93,Provence-Alpes-Côte d'Azur
AERIEN,PRIONL71ZT.SU,400kV,PRIONNET,TAVEL,1500,76,Occitanie,76,Occitanie
AERIEN,PRIONL71ZT.SU,400kV,TAVEL,TORE SUPRA,1500,76,Occitanie,76,Occitanie
AERIEN,FEROUL61TALAM,225kV,FEROUGE,TALAMET,400,75,Nouvelle-Aquitaine,76,Occitanie
AERIEN,ARGOEL71TERRI,400kV,ARGOEUVES,TERRIER,1500,32,Hauts-de-France,11,Île-de-France
AERIEN,BAYETL71GAUGL,400kV,BAYET,GAUGLIN,1500,84,Auvergne-Rhône-Alpes,84,Auvergne-Rhône-Alpes
AERIEN,SSJULL62VIGY,225kV,ST-JULIEN,VIGY,400,27,Bourgogne-Franche-Comté,44,Grand Est
AERIEN,LAVEYL61MTGRO,225kV,LAVEYRUNE,MONTGROS,400,84,Auvergne-Rhône-Alpes,84,Auvergne-Rhône-Alpes
AERIEN,BARNAL74PALUE,400kV,BARNABOS,PALUEL,1500,28,Normandie,28,Normandie
AERIEN,BARNAL73PALUE,400kV,BARNABOS,PALUEL,1500,28,Normandie,28,Normandie
AERIEN,BARNAL74PALUE,400kV,BARNABOS,PALUEL,1500,28,Normandie,28,Normandie
AERIEN,AOSTEL61ZMAR8,225kV,AOSTE,BRENS,400,84,Auvergne-Rhône-Alpes,84,Auvergne-Rhône-Alpes
AERIEN,AOSTEL61ZMAR8,225kV,BRENS,MARNISE (LA),400,84,Auvergne-Rhône-Alpes,84,Auvergne-Rhône-Alpes
AERIEN,CHAFFL71SSV.O,400kV,CHAFFARD (LE),ST-VULBAS-OUEST,1500,84,Auvergne-Rhône-Alpes,84,Auvergne-Rhône-Alpes
AERIEN,CUBNEL72MQIS,400kV,CUBNEZAIS,MARQUIS (LE),1500,75,Nouvelle-Aquitaine,75,Nouvelle-Aquitaine
AERIEN,CIROLL72VLEJU,400kV,CIROLLIERS,VILLEJUST,1500,11,Île-de-France,11,Île-de-France
AERIEN,CIROLL71VLEJU,400kV,CIROLLIERS,VILLEJUST,1500,11,Île-de-France,11,Île-de-France
AERIEN,ARMENL62WEPPE,225kV,ARMENTIERES,WEPPES,400,32,Hauts-de-France,32,Hauts-de-France
AERIEN,FALLOL63ZFANA,225kV,FALLOU,FANAUDES,400,11,Île-de-France,11,Île-de-France
AERIEN,FALLOL63ZFANA,225kV,FANAUDES,PLESSIS-GASSOT,400,11,Île-de-France,11,Île-de-France
AERIEN,FALLOL64ZFAN5,225kV,FALLOU,FANAUDES,400,11,Île-de-France,11,Île-de-France
AERIEN,FALLOL64ZFAN5,225kV,FANAUDES,PLESSIS-GASSOT,400,11,Île-de-France,11,Île-de-France
AERIEN,GOUVIL61P.GAS,225kV,GOUVIEUX,PLESSIS-GASSOT,400,11,Île-de-France,11,Île-de-France
AERIEN,P.GASL61ZB.FR,225kV,CARRIERES,PLESSIS-GASSOT,400,11,Île-de-France,11,Île-de-France
AERIEN,P.GASL61ZB.FR,225kV,PLESSIS-GASSOT,BELLOY-EN-FRANCE,400,11,Île-de-France,11,Île-de-France
AERIEN,ROGNAL61RQROU,225kV,ROGNAC,ROQUEROUSSE,400,93,Provence-Alpes-Côte d'Azur,93,Provence-Alpes-Côte d'Azur
AERIEN,ROGNAL31RQROU,225kV,ROGNAC,ROQUEROUSSE,400,93,Provence-Alpes-Côte d'Azur,93,Provence-Alpes-Côte d'Azur
AERIEN,AMIENL62ARGOE,225kV,AMIENS,ARGOEUVES,400,32,Hauts-de-France,32,Hauts-de-France
AERIEN,GEN.PL61SERRI,225kV,GENISSIAT-POSTE,SERRIERES,400,84,Auvergne-Rhône-Alpes,84,Auvergne-Rhône-Alpes
AERIEN,FALLOL63ZFANA,225kV,FALLOU,FANAUDES,400,11,Île-de-France,11,Île-de-France
AERIEN,FALLOL63ZFANA,225kV,FANAUDES,PLESSIS-GASSOT,400,11,Île-de-France,11,Île-de-France
AERIEN,ZCARRL61ZSEMO,225kV,CARRES(LES),DAMBRON,400,24,Centre-Val de Loire,24,Centre-Val de Loire
AERIEN,ZCARRL61ZSEMO,225kV,DAMBRON,TIVERNON,400,24,Centre-Val de Loire,24,Centre-Val de Loire
AERIEN,ZCARRL61ZSEMO,225kV,TIVERNON,VILLEJUST,400,24,Centre-Val de Loire,11,Île-de-France
AERIEN,O.CHAL61RUEYR,225kV,ONET-LE-CHATEAU,RUEYRES,400,76,Occitanie,76,Occitanie
AERIEN,O.CHAL61ZS.CU,225kV,AYRES,SALLES CURAN,400,76,Occitanie,76,Occitanie
AERIEN,O.CHAL61ZS.CU,225kV,SALLES CURAN,ONET-LE-CHATEAU,400,76,Occitanie,76,Occitanie
AERIEN,CHAN5L71DISTR,400kV,CHANCEAUX,DISTRE,1500,24,Centre-Val de Loire,52,Pays de la Loire
AERIEN,CREC6L61LESTR,225kV,CRECHETS (LES),LESTREM,400,32,Hauts-de-France,32,Hauts-de-France
AERIEN,AVELIL61MASTA,225kV,AVELIN,MASTAING,400,32,Hauts-de-France,32,Hauts-de-France
AERIEN,CBRY L71PENC5,400kV,CHAMBRY,PENCHARD,1500,32,Hauts-de-France,11,Île-de-France
AERIEN,LAVERL63RENAI,225kV,LAVERA,RENAIRES,400,93,Provence-Alpes-Côte d'Azur,93,Provence-Alpes-Côte d'Azur
AERIEN,B.MONL61GERVA,225kV,BEAUMONT-MONTEUX,GERVANS,400,84,Auvergne-Rhône-Alpes,84,Auvergne-Rhône-Alpes
AERIEN,G.COLL62WARAN,225kV,GRAND COLOMBIER,WARANDE,400,32,Hauts-de-France,32,Hauts-de-France
AERIEN,SSNABL61ZSSNA,225kV,ETIVAL,ST-NABORD,400,44,Grand Est,44,Grand Est
AERIEN,SSNABL61ZSSNA,225kV,ST-NABORD,VINCEY,400,44,Grand Est,44,Grand Est
AERIEN,SSNABL61ZSSNA,225kV,ETIVAL,ST-NABORD,400,44,Grand Est,44,Grand Est
AERIEN,SSNABL61ZSSNA,225kV,ST-NABORD,VINCEY,400,44,Grand Est,44,Grand Est
AERIEN,SSNABL61ZSSNA,225kV,ETIVAL,ST-NABORD,400,44,Grand Est,44,Grand Est
AERIEN,SSNABL61ZSSNA,225kV,ST-NABORD,VINCEY,400,44,Grand Est,44,Grand Est
AERIEN,CREC6L61WEPPE,225kV,CRECHETS (LES),WEPPES,400,32,Hauts-de-France,32,Hauts-de-France
AERIEN,P.JERL61VAUPA,225kV,PORT-JEROME,VAUPALIERE (LA),400,28,Normandie,28,Normandie
AERIEN,SAINNL61YAINV,225kV,SAINNEVILLE,YAINVILLE,400,28,Normandie,28,Normandie
AERIEN,ARRIGL61MORBR,225kV,ARRIGHI,MORBRAS,400,94,Corse,11,Île-de-France
AERIEN,ARRIGL62MORBR,225kV,ARRIGHI,MORBRAS,400,94,Corse,11,Île-de-France
AERIEN,LONNYL71MOULA,400kV,LONNY,MOULAINE,1500,44,Grand Est,44,Grand Est
AERIEN,MARL6L61REICH,225kV,MARLENHEIM,REICHSTETT,400,44,Grand Est,44,Grand Est
AERIEN,P.SEPL61SANDO,225kV,PONT-SEPT,SANDOUVILLE,400,28,Normandie,28,Normandie
AERIEN,MORIHL62ZKERL,225kV,CHEVIRE,CORDEMAIS-POSTE,400,52,Pays de la Loire,52,Pays de la Loire
AERIEN,MORIHL62ZKERL,225kV,CORDEMAIS-POSTE,MORIHAN,400,52,Pays de la Loire,53,Bretagne
AERIEN,COUCHL61VIELM,225kV,COUCHEY,VIELMOULIN,400,27,Bourgogne-Franche-Comté,27,Bourgogne-Franche-Comté
AERIEN,AQUEDL63CIROL,225kV,AQUEDUCS (LES),CIROLLIERS,400,11,Île-de-France,11,Île-de-France
AERIEN,JALISL61LESQU,225kV,JALIS,LESQUIVE,400,76,Occitanie,76,Occitanie
AERIEN,LESQUL61VERLH,225kV,LESQUIVE,VERLHAGUET,400,76,Occitanie,76,Occitanie
AERIEN,.RIDDL61CORNI,225kV,CORNIER,RIDDES,400,84,Auvergne-Rhône-Alpes,0,Étranger
AERIEN,.SSTRL61CORNI,225kV,CORNIER,SAINT-TRIPHON,400,84,Auvergne-Rhône-Alpes,0,Étranger
AERIEN,TAVELL71ZT.SU,400kV,PRIONNET,TAVEL,1500,76,Occitanie,76,Occitanie
AERIEN,TAVELL71ZT.SU,400kV,TAVEL,TORE SUPRA,1500,76,Occitanie,76,Occitanie
AERIEN,AULNOL61P.SAM,225kV,AULNOYE,PONT-SUR-SAMBRE,400,32,Hauts-de-France,32,Hauts-de-France
AERIEN,BUIREL61P.SAM,225kV,BUIRE,PONT-SUR-SAMBRE,400,32,Hauts-de-France,32,Hauts-de-France
AERIEN,FEUILL61PONTE,225kV,FEUILLANE,PONTEAU,400,93,Provence-Alpes-Côte d'Azur,93,Provence-Alpes-Côte d'Azur
AERIEN,FEUILL62PONTE,225kV,FEUILLANE,PONTEAU,400,93,Provence-Alpes-Côte d'Azur,93,Provence-Alpes-Côte d'Azur
AERIEN,MOLE L61RUEYR,225kV,MOLE (LA),RUEYRES,400,75,Nouvelle-Aquitaine,76,Occitanie
AERIEN,MOLE L62RUEYR,225kV,MOLE (LA),RUEYRES,400,75,Nouvelle-Aquitaine,76,Occitanie
AERIEN,ROUGEL61YAINV,225kV,ROUGEMONTIER,YAINVILLE,400,28,Normandie,28,Normandie
AERIEN,CPNIEL62EYBEN,225kV,CHAMPAGNIER,EYBENS,400,84,Auvergne-Rhône-Alpes,84,Auvergne-Rhône-Alpes
AERIEN,CPNIEL61EYBEN,225kV,CHAMPAGNIER,EYBENS,400,84,Auvergne-Rhône-Alpes,84,Auvergne-Rhône-Alpes
AERIEN,BARBUL61CRENE,225kV,BARBUISE,CRENEY,400,44,Grand Est,44,Grand Est
AERIEN,AVOINL61QUINT,225kV,AVOINE,QUINTES (LES),400,24,Centre-Val de Loire,52,Pays de la Loire
AERIEN,MOIRAL61ZP.IL,225kV,CONFLUENT,MOIRANS,400,84,Auvergne-Rhône-Alpes,84,Auvergne-Rhône-Alpes
AERIEN,MOIRAL61ZP.IL,225kV,MOIRANS,PERELLE,400,84,Auvergne-Rhône-Alpes,84,Auvergne-Rhône-Alpes
AERIEN,GONESL61ZGONE,225kV,PLESSIS-GASSOT,SAUSSET,400,11,Île-de-France,93,Provence-Alpes-Côte d'Azur
AERIEN,GONESL61ZGONE,225kV,SAUSSET,GONESSE,400,93,Provence-Alpes-Côte d'Azur,11,Île-de-France
AERIEN,GAUDIL71TAMAR,400kV,LA GAUDIERE,TAMAREAU,1500,93,Provence-Alpes-Côte d'Azur,76,Occitanie
AERIEN,DAMBRL71YVE.O,400kV,DAMBRON,YVELINES-OUEST,1500,24,Centre-Val de Loire,11,Île-de-France
AERIEN,DAMBRL72VLEJU,400kV,DAMBRON,VILLEJUST,1500,24,Centre-Val de Loire,11,Île-de-France
AERIEN,REQUIL61ZLACA,225kV,PELISSIER,REQUISTA,400,76,Occitanie,76,Occitanie
AERIEN,REQUIL61ZLACA,225kV,REQUISTA,ST-VICTOR,400,76,Occitanie,76,Occitanie
AERIEN,BARNAL73PALUE,400kV,BARNABOS,PALUEL,1500,28,Normandie,28,Normandie
AERIEN,P.GASL61ZB.FR,225kV,CARRIERES,PLESSIS-GASSOT,400,11,Île-de-France,11,Île-de-France
AERIEN,P.GASL61ZB.FR,225kV,PLESSIS-GASSOT,BELLOY-EN-FRANCE,400,11,Île-de-France,11,Île-de-France
AERIEN,COULAL71CRUA5,400kV,COULANGE,CRUAS (-MEYSSE),1500,84,Auvergne-Rhône-Alpes,84,Auvergne-Rhône-Alpes
AERIEN,COULAL72CRUA5,400kV,COULANGE,CRUAS (-MEYSSE),1500,84,Auvergne-Rhône-Alpes,84,Auvergne-Rhône-Alpes
AERIEN,CERGYL64ZFRO7,225kV,CERGY,CORMEILLES,400,11,Île-de-France,28,Normandie
AERIEN,CERGYL64ZFRO7,225kV,CORMEILLES,FROMAINVILLE,400,28,Normandie,28,Normandie
AERIEN,CHAFFL72CPNIE,400kV,CHAFFARD (LE),CHAMPAGNIER,1500,84,Auvergne-Rhône-Alpes,84,Auvergne-Rhône-Alpes
AERIEN,CHESNL71CIROL,400kV,CHESNOY (LE),CIROLLIERS,1500,24,Centre-Val de Loire,11,Île-de-France
AERIEN,MANDAL71WARAN,400kV,MANDARINS,WARANDE,1500,32,Hauts-de-France,32,Hauts-de-France
AERIEN,COMMUL61H.PAU,225kV,COMMUNE,HENRI-PAUL,400,93,Provence-Alpes-Côte d'Azur,93,Provence-Alpes-Côte d'Azur
AERIEN,COMMUL61VIELM,225kV,COMMUNE,VIELMOULIN,400,93,Provence-Alpes-Côte d'Azur,27,Bourgogne-Franche-Comté
AERIEN,CARRIL61ZB.FR,225kV,CARRIERES,PLESSIS-GASSOT,400,11,Île-de-France,11,Île-de-France
AERIEN,CARRIL61ZB.FR,225kV,PLESSIS-GASSOT,BELLOY-EN-FRANCE,400,11,Île-de-France,11,Île-de-France
AERIEN,VINS L61ZGUE5,225kV,GUERACHE (LA),PIQUAGE A GUERACHE (LA),400,93,Provence-Alpes-Côte d'Azur,93,Provence-Alpes-Côte d'Azur
AERIEN,VINS L61ZGUE5,225kV,PIQUAGE A GUERACHE (LA),TRANS,400,93,Provence-Alpes-Côte d'Azur,93,Provence-Alpes-Côte d'Azur
AERIEN,VINS L61ZGUE5,225kV,TRANS,VINS,400,93,Provence-Alpes-Côte d'Azur,93,Provence-Alpes-Côte d'Azur
AERIEN,SSAVOL61VIGY,225kV,ST-AVOLD,VIGY,400,44,Grand Est,44,Grand Est
AERIEN,COLAYL61DONZA,225kV,COLAYRAC,DONZAC,400,75,Nouvelle-Aquitaine,75,Nouvelle-Aquitaine
AERIEN,HOLQUL62ZRUMI,225kV,ATTAQUES (LES),HOLQUE,400,32,Hauts-de-France,32,Hauts-de-France
AERIEN,HOLQUL62ZRUMI,225kV,HOLQUE,RUMINGHEM,400,32,Hauts-de-France,32,Hauts-de-France
AERIEN,MEZE5L62ZRIC6,225kV,ARPENTS (LES),MEZEROLLES,400,32,Hauts-de-France,32,Hauts-de-France
AERIEN,MEZE5L62ZRIC6,225kV,MEZEROLLES,RICHEBOURG,400,32,Hauts-de-France,32,Hauts-de-France
AERIEN,BREUIL71RUEYR,400kV,BREUIL (LE),RUEYRES,1500,84,Auvergne-Rhône-Alpes,76,Occitanie
AERIEN,MOUCHL61OULLI,225kV,MOUCHE (LA),OULLINS,400,84,Auvergne-Rhône-Alpes,84,Auvergne-Rhône-Alpes
AERIEN,CHAFFL72P.COR,400kV,CHAFFARD (LE),PIVOZ CORDIER,1500,84,Auvergne-Rhône-Alpes,84,Auvergne-Rhône-Alpes
AERIEN,H.PAUL71SSV.O,400kV,HENRI-PAUL,ST-VULBAS-OUEST,1500,93,Provence-Alpes-Côte d'Azur,84,Auvergne-Rhône-Alpes
AERIEN,TAUTEL71TERR6,400kV,TAUTE,TERRETTE,1500,28,Normandie,28,Normandie
AERIEN,TAUTEL71TERR6,400kV,TAUTE,TERRETTE,1500,28,Normandie,28,Normandie
AERIEN,TAUTEL72TERR6,400kV,TAUTE,TERRETTE,1500,28,Normandie,28,Normandie
AERIEN,MEES L61ZMEES,225kV,MEES (LES),ORAISON,400,93,Provence-Alpes-Côte d'Azur,93,Provence-Alpes-Côte d'Azur
AERIEN,MEES L61ZMEES,225kV,ORAISON,ST-AUBAN,400,93,Provence-Alpes-Côte d'Azur,93,Provence-Alpes-Côte d'Azur
AERIEN,NOGENL61ORMES,225kV,NOGENTEL,ORMES,400,32,Hauts-de-France,32,Hauts-de-France
AERIEN,ESTR6L61VALEN,225kV,ESTREUX,VALENCIENNES,400,32,Hauts-de-France,32,Hauts-de-France
AERIEN,.MONCL61CHOO5,225kV,MONCEAU,CHOOZ,400,32,Hauts-de-France,44,Grand Est
AERIEN,F.FREL71VESLE,400kV,FAUX-FRESNAY,VESLE,1500,44,Grand Est,44,Grand Est
AERIEN,SARR6L61ZSAR6,225kV,BERGHOLZ,SARREGUEMINES,400,0,Étranger,44,Grand Est
AERIEN,SARR6L61ZSAR6,225kV,SARREGUEMINES,ST-AVOLD,400,44,Grand Est,44,Grand Est
AERIEN,VLEJUL61ZROBI,225kV,CHATILLON (CLAMART),ROBINSON,400,11,Île-de-France,11,Île-de-France
AERIEN,VLEJUL61ZROBI,225kV,ROBINSON,VILLEJUST,400,11,Île-de-France,11,Île-de-France
AERIEN,VLEJUL62ZROB5,225kV,CHATILLON (CLAMART),ROBINSON,400,11,Île-de-France,11,Île-de-France
AERIEN,VLEJUL62ZROB5,225kV,ROBINSON,VILLEJUST,400,11,Île-de-France,11,Île-de-France
AERIEN,LEGUEL61P.SIM,225kV,LEGUEVIN,PORTET-ST-SIMON,400,76,Occitanie,76,Occitanie
AERIEN,DISTRL71JUMEA,400kV,DISTRE,JUMEAUX (LES),1500,52,Pays de la Loire,84,Auvergne-Rhône-Alpes
AERIEN,GERSTL61STRAS,225kV,GERSTHEIM,STRASBOURG,400,44,Grand Est,44,Grand Est
AERIEN,AUBETL62ROGNA,225kV,AUBETTE,ROGNAC,400,93,Provence-Alpes-Côte d'Azur,93,Provence-Alpes-Côte d'Azur
AERIEN,SSELOL61VNOL,225kV,ST-ELOI,VIGNOL,400,84,Auvergne-Rhône-Alpes,27,Bourgogne-Franche-Comté
AERIEN,DECHYL61MASTA,225kV,DECHY,MASTAING,400,32,Hauts-de-France,32,Hauts-de-France
AERIEN,G.CAIL63MASTA,225kV,GROS-CAILLOU,MASTAING,400,11,Île-de-France,32,Hauts-de-France
AERIEN,P.HA5L61ROSPE,225kV,PLAINE HAUTE,ROSPEZ,400,53,Bretagne,53,Bretagne
AERIEN,SSAU5L61ZMTJA,225kV,ST-AUBIN,MONTJAY,400,11,Île-de-France,11,Île-de-France
AERIEN,SSAU5L61ZMTJA,225kV,MONTJAY,VILLEJUST,400,11,Île-de-France,11,Île-de-France
AERIEN,MARCKL61VOGEL,225kV,MARCKOLSHEIM,VOGELGRUN,400,44,Grand Est,44,Grand Est
AERIEN,CHAN5L71LARCA,400kV,CHANCEAUX,LARCAY,1500,24,Centre-Val de Loire,24,Centre-Val de Loire
AERIEN,G.COUL61VAUPA,225kV,GRAND-COURONNE,VAUPALIERE (LA),400,28,Normandie,28,Normandie
AERIEN,G.COUL62VAUPA,225kV,GRAND-COURONNE,VAUPALIERE (LA),400,28,Normandie,28,Normandie
AERIEN,G.COUL63VAUPA,225kV,GRAND-COURONNE,VAUPALIERE (LA),400,28,Normandie,28,Normandie
AERIEN,BONNIL61MEZE5,225kV,BONNIERES,MEZEROLLES,400,32,Hauts-de-France,32,Hauts-de-France
AERIEN,PRELEL61SEREI,225kV,PRELES (LES),SEREIN,400,27,Bourgogne-Franche-Comté,27,Bourgogne-Franche-Comté
AERIEN,PRELEL62SEREI,225kV,PRELES (LES),SEREIN,400,27,Bourgogne-Franche-Comté,27,Bourgogne-Franche-Comté
AERIEN,RQROUL61SALON,225kV,ROQUEROUSSE,SALON,400,93,Provence-Alpes-Côte d'Azur,93,Provence-Alpes-Côte d'Azur
AERIEN,BAYETL71RULHA,400kV,BAYET,RULHAT,1500,84,Auvergne-Rhône-Alpes,84,Auvergne-Rhône-Alpes
AERIEN,P.GASL61ZLIE5,225kV,CERGY,LIESSE,400,11,Île-de-France,11,Île-de-France
AERIEN,P.GASL61ZLIE5,225kV,LIESSE,PLESSIS-GASSOT,400,11,Île-de-France,11,Île-de-France
AERIEN,PALUNL61SSTUL,225kV,PALUN (LA),STE-TULLE,400,93,Provence-Alpes-Côte d'Azur,93,Provence-Alpes-Côte d'Azur
AERIEN,O.CHAL61RUEYR,225kV,ONET-LE-CHATEAU,RUEYRES,400,76,Occitanie,76,Occitanie
AERIEN,GATI5L71GAUGL,400kV,GATINAIS,GAUGLIN,1500,24,Centre-Val de Loire,84,Auvergne-Rhône-Alpes
AERIEN,GATI5L72GAUGL,400kV,GATINAIS,GAUGLIN,1500,24,Centre-Val de Loire,84,Auvergne-Rhône-Alpes
AERIEN,TAVELL71TRI.P,400kV,TAVEL,TRICASTIN-POSTE (LE),1500,76,Occitanie,84,Auvergne-Rhône-Alpes
AERIEN,TAVELL72TRI.P,400kV,TAVEL,TRICASTIN-POSTE (LE),1500,76,Occitanie,84,Auvergne-Rhône-Alpes
AERIEN,B.MONL61ZCPB5,225kV,BEAUMONT-MONTEUX,CHAMPBLAIN,400,84,Auvergne-Rhône-Alpes,84,Auvergne-Rhône-Alpes
AERIEN,B.MONL61ZCPB5,225kV,CHAMPBLAIN,GAMPALOUP,400,84,Auvergne-Rhône-Alpes,84,Auvergne-Rhône-Alpes
AERIEN,RIVIEL61TREVA,225kV,RIVIERE (LA),TREVAS,400,75,Nouvelle-Aquitaine,75,Nouvelle-Aquitaine
AERIEN,CHAINL62DAMBR,225kV,CHAINGY,DAMBRON,400,24,Centre-Val de Loire,24,Centre-Val de Loire
AERIEN,CERGYL72MEZE5,400kV,CERGY,MEZEROLLES,1500,11,Île-de-France,32,Hauts-de-France
AERIEN,CORMEL64ZFRO7,225kV,CERGY,CORMEILLES,400,11,Île-de-France,28,Normandie
AERIEN,CORMEL64ZFRO7,225kV,CORMEILLES,FROMAINVILLE,400,28,Normandie,28,Normandie
AERIEN,CXNAYL62ZESPI,225kV,CHAUNAY,DAMBRON,400,75,Nouvelle-Aquitaine,24,Centre-Val de Loire
AERIEN,CXNAYL62ZESPI,225kV,DAMBRON,ESPIERS (LES),400,24,Centre-Val de Loire,24,Centre-Val de Loire
AERIEN,DAMBRL62G.DEN,225kV,DAMBRON,GAULT-SAINT-DENIS,400,24,Centre-Val de Loire,24,Centre-Val de Loire
AERIEN,GAMBSL61SELTZ,225kV,GAMBSHEIM,SELTZ,400,44,Grand Est,44,Grand Est
AERIEN,BEINHL31ROESC,225kV,BEINHEIM,ROESCHWOOG,400,44,Grand Est,44,Grand Est
AERIEN,BAYETL71GREPI,400kV,BAYET,GREPILLES,1500,84,Auvergne-Rhône-Alpes,84,Auvergne-Rhône-Alpes
AERIEN,DONZAL72VERFE,400kV,DONZAC,VERFEIL,1500,75,Nouvelle-Aquitaine,76,Occitanie
AERIEN,BATZEL61REICH,225kV,BATZENDORF,REICHSTETT,400,44,Grand Est,44,Grand Est
AERIEN,G.COUL62ROUGE,225kV,GRAND-COURONNE,ROUGEMONTIER,400,28,Normandie,28,Normandie
AERIEN,CHEVAL72LATEN,400kV,CHEVALET,LATENA,1500,32,Hauts-de-France,32,Hauts-de-France
AERIEN,CHEVIL62VLEJU,225kV,CHEVILLY,VILLEJUST,400,11,Île-de-France,11,Île-de-France
AERIEN,GAMPAL61PAPIN,225kV,GAMPALOUP,PAPIN,400,84,Auvergne-Rhône-Alpes,11,Île-de-France
AERIEN,GAMPAL31VERN9,225kV,GAMPALOUP,VERNOSC,400,84,Auvergne-Rhône-Alpes,84,Auvergne-Rhône-Alpes
AERIEN,LIERSL61ZLIN7,225kV,LIERS,VILLEJUST,400,11,Île-de-France,11,Île-de-France
AERIEN,LIERSL61ZLIN7,225kV,VILLEJUST,PETIT-BOIS (LE),400,11,Île-de-France,11,Île-de-France
AERIEN,BOLL5L61PRRLA,225kV,BOLLENE,PIERRELATTE (COGEMA A PIERRELATTE) (225kV),400,93,Provence-Alpes-Côte d'Azur,84,Auvergne-Rhône-Alpes
AERIEN,BOLL5L62TRI.P,225kV,BOLLENE,TRICASTIN-POSTE (LE),400,93,Provence-Alpes-Côte d'Azur,84,Auvergne-Rhône-Alpes
AERIEN,BOSCHL61ROUGE,225kV,BOSCHERVILLE,ROUGEMONTIER,400,28,Normandie,28,Normandie
AERIEN,BOSCHL61ROUGE,225kV,BOSCHERVILLE,ROUGEMONTIER,400,28,Normandie,28,Normandie
AERIEN,DONZAL61VERLH,225kV,DONZAC,VERLHAGUET,400,75,Nouvelle-Aquitaine,76,Occitanie
AERIEN,CPNIEL72VAUJA,400kV,CHAMPAGNIER,VAUJANY,1500,84,Auvergne-Rhône-Alpes,84,Auvergne-Rhône-Alpes
AERIEN,CREYSL71G.ILE,400kV,CREYS,GRANDE-ILE,1500,84,Auvergne-Rhône-Alpes,84,Auvergne-Rhône-Alpes
AERIEN,FLOIRL62MQIS,225kV,FLOIRAC EDF,MARQUIS (LE),400,75,Nouvelle-Aquitaine,75,Nouvelle-Aquitaine
AERIEN,GERSTL61RHINA,225kV,GERSTHEIM,RHINAU,400,44,Grand Est,44,Grand Est
AERIEN,GERSTL31RHINA,225kV,GERSTHEIM,RHINAU,400,44,Grand Est,44,Grand Est
AERIEN,DONZEL61ZDONZ,225kV,BREUIL,CHASTANG 1,400,84,Auvergne-Rhône-Alpes,75,Nouvelle-Aquitaine
AERIEN,DONZEL61ZDONZ,225kV,CHASTANG 1,DONZENAC,400,75,Nouvelle-Aquitaine,75,Nouvelle-Aquitaine
AERIEN,GRENAL61MIONS,225kV,GRENAY,MIONS,400,84,Auvergne-Rhône-Alpes,84,Auvergne-Rhône-Alpes
AERIEN,GRENAL61ZGREN,225kV,AOSTE,GRENAY,400,84,Auvergne-Rhône-Alpes,84,Auvergne-Rhône-Alpes
AERIEN,GRENAL61ZGREN,225kV,GRENAY,MIONS,400,84,Auvergne-Rhône-Alpes,84,Auvergne-Rhône-Alpes
AERIEN,MENUEL71TOLLE,400kV,MENUEL,TOLLEVAST,1500,28,Normandie,28,Normandie
AERIEN,MENUEL72TOLLE,400kV,MENUEL,TOLLEVAST,1500,28,Normandie,28,Normandie
AERIEN,BARNAL71ROUGE,400kV,BARNABOS,ROUGEMONTIER,1500,28,Normandie,28,Normandie
AERIEN,BARNAL72ROUGE,400kV,BARNABOS,ROUGEMONTIER,1500,28,Normandie,28,Normandie
AERIEN,BAYETL61SEMIN,225kV,BAYET,SEMINAIRE,400,84,Auvergne-Rhône-Alpes,84,Auvergne-Rhône-Alpes
AERIEN,BAYETL61SEMIN,225kV,BAYET,SEMINAIRE,400,84,Auvergne-Rhône-Alpes,84,Auvergne-Rhône-Alpes
AERIEN,FALLOL64ZFAN5,225kV,FALLOU,FANAUDES,400,11,Île-de-France,11,Île-de-France
AERIEN,FALLOL64ZFAN5,225kV,FANAUDES,PLESSIS-GASSOT,400,11,Île-de-France,11,Île-de-France
AERIEN,CHABRL61ZCBAU,225kV,BEAUMONT-MONTEUX,CHABRILLAN,400,84,Auvergne-Rhône-Alpes,84,Auvergne-Rhône-Alpes
AERIEN,CHABRL61ZCBAU,225kV,CHABRILLAN,CHAMBAUD,400,84,Auvergne-Rhône-Alpes,84,Auvergne-Rhône-Alpes
AERIEN,L.NEUL61ZMANG,225kV,ETOILE-SUR-RHONE,LOGIS-NEUF,400,84,Auvergne-Rhône-Alpes,84,Auvergne-Rhône-Alpes
AERIEN,L.NEUL61ZMANG,225kV,LOGIS-NEUF,VALENCE,400,84,Auvergne-Rhône-Alpes,84,Auvergne-Rhône-Alpes
AERIEN,CORNIL71GEN.P,400kV,CORNIER,GENISSIAT-POSTE,1500,84,Auvergne-Rhône-Alpes,84,Auvergne-Rhône-Alpes
AERIEN,CORNIL71M.LAN,400kV,CORNIER,MONTAGNY-LES-LANCHES,1500,84,Auvergne-Rhône-Alpes,84,Auvergne-Rhône-Alpes
AERIEN,PRATCL61SANSS,225kV,PRATCLAUX,SANSSAC (L EGLISE),400,84,Auvergne-Rhône-Alpes,84,Auvergne-Rhône-Alpes
AERIEN,PRATCL61TREVA,225kV,PRATCLAUX,TREVAS,400,84,Auvergne-Rhône-Alpes,75,Nouvelle-Aquitaine
AERIEN,ROMAIL61VLEVA,225kV,ROMAINVILLE,VILLEVAUDE,400,11,Île-de-France,11,Île-de-France
AERIEN,ROMAIL62VLEVA,225kV,ROMAINVILLE,VILLEVAUDE,400,11,Île-de-France,11,Île-de-France
AERIEN,E.BOTL61MAZAR,225kV,ENCO-DE-BOTTE,MAZARGUES,400,93,Provence-Alpes-Côte d'Azur,93,Provence-Alpes-Côte d'Azur
AERIEN,E.BOTL61MAZAR,225kV,ENCO-DE-BOTTE,MAZARGUES,400,93,Provence-Alpes-Côte d'Azur,93,Provence-Alpes-Côte d'Azur
AERIEN,BOUDEL61MTPEZ,225kV,BOUDEYRE,MONTPEZAT,400,76,Occitanie,76,Occitanie
AERIEN,HERS5L71LATEN,400kV,HERSE(LA),LATENA,1500,11,Île-de-France,32,Hauts-de-France
AERIEN,HERS5L71VLEVA,400kV,HERSE(LA),VILLEVAUDE,1500,11,Île-de-France,11,Île-de-France
AERIEN,COR.PL71GALOR,400kV,CORDEMAIS-POSTE,GALOREAUX (LES),1500,52,Pays de la Loire,52,Pays de la Loire
AERIEN,COR.PL72DISTR,400kV,CORDEMAIS-POSTE,DISTRE,1500,52,Pays de la Loire,52,Pays de la Loire
AERIEN,GUEUGL61H.PAU,225kV,GUEUGNON,HENRI-PAUL,400,27,Bourgogne-Franche-Comté,93,Provence-Alpes-Côte d'Azur
AERIEN,COQU5L61ZCOQU,225kV,AQUEDUCS (LES),COQUIBUS,400,11,Île-de-France,32,Hauts-de-France
AERIEN,COQU5L61ZCOQU,225kV,COQUIBUS,GRIGNY,400,32,Hauts-de-France,32,Hauts-de-France
AERIEN,COQU5L62ZCOQ5,225kV,AQUEDUCS (LES),COQUIBUS,400,11,Île-de-France,32,Hauts-de-France
AERIEN,COQU5L62ZCOQ5,225kV,COQUIBUS,GRIGNY,400,32,Hauts-de-France,32,Hauts-de-France
AERIEN,ECHALL61RIVIE,225kV,ECHALAS,RIVIERE (LA),400,84,Auvergne-Rhône-Alpes,75,Nouvelle-Aquitaine
AERIEN,RIVIEL31ZTERR,225kV,CHAMP-DU-GEAI,RIVIERE (LA),400,75,Nouvelle-Aquitaine,75,Nouvelle-Aquitaine
AERIEN,RIVIEL31ZTERR,225kV,RIVIERE (LA),TERRENOIRE,400,75,Nouvelle-Aquitaine,75,Nouvelle-Aquitaine
AERIEN,BARQUL61BOSCH,225kV,BARQUET,BOSCHERVILLE,400,28,Normandie,28,Normandie
AERIEN,BEZAUL61CUSTI,225kV,BEZAUMONT,CUSTINE,400,44,Grand Est,44,Grand Est
AERIEN,BEZAUL31CPIGN,225kV,BEZAUMONT,CHAMPIGNEULLES,400,44,Grand Est,44,Grand Est
AERIEN,CSLL8L61TAMAR,225kV,CASTELLE (LA),TAMAREAU,400,76,Occitanie,76,Occitanie
AERIEN,MTPELL62TAMAR,225kV,MONTPELLIER,TAMAREAU,400,76,Occitanie,76,Occitanie
AERIEN,BEZAUL61VANDI,225kV,BEZAUMONT,VANDIERES,400,44,Grand Est,44,Grand Est
AERIEN,VANDIL61VOID,225kV,VANDIERES,VOID,400,44,Grand Est,44,Grand Est
AERIEN,REMISL71TERRI,400kV,REMISE,TERRIER,1500,28,Normandie,11,Île-de-France
AERIEN,REMISL72TERRI,400kV,REMISE,TERRIER,1500,28,Normandie,11,Île-de-France
AERIEN,C.BOIL61VLEVA,225kV,CLICHY-SOUS-BOIS,VILLEVAUDE,400,11,Île-de-France,11,Île-de-France
AERIEN,COR.PL62PRINQ,225kV,CORDEMAIS-POSTE,PRINQUIAU,400,52,Pays de la Loire,52,Pays de la Loire
AERIEN,P.ANDL71ZP.AN,400kV,PRAZ ST ANDRE 1,PRAZ ST ANDRE 2,1500,84,Auvergne-Rhône-Alpes,84,Auvergne-Rhône-Alpes
AERIEN,P.ANDL71ZP.AN,400kV,PRAZ ST ANDRE 2,VILLARODIN,1500,84,Auvergne-Rhône-Alpes,84,Auvergne-Rhône-Alpes
AERIEN,BATHIL61G.COE,225kV,BATHIE (LA),GRAND-COEUR,400,84,Auvergne-Rhône-Alpes,84,Auvergne-Rhône-Alpes
AERIEN,CUDRAL31ZFEIS,225kV,CUDRAZ,FEISSONS,400,84,Auvergne-Rhône-Alpes,84,Auvergne-Rhône-Alpes
AERIEN,CUDRAL31ZFEIS,225kV,FEISSONS,GRAND-COEUR,400,84,Auvergne-Rhône-Alpes,84,Auvergne-Rhône-Alpes
AERIEN,HOLQUL61RUMIN,225kV,HOLQUE,RUMINGHEM,400,32,Hauts-de-France,32,Hauts-de-France
AERIEN,HOLQUL62ZRUMI,225kV,ATTAQUES (LES),HOLQUE,400,32,Hauts-de-France,32,Hauts-de-France
AERIEN,HOLQUL62ZRUMI,225kV,HOLQUE,RUMINGHEM,400,32,Hauts-de-France,32,Hauts-de-France
AERIEN,CRENEL71REVIG,400kV,CRENEY,REVIGNY,1500,44,Grand Est,44,Grand Est
AERIEN,P.GASL73TERRI,400kV,PLESSIS-GASSOT,TERRIER,1500,11,Île-de-France,11,Île-de-France
AERIEN,P.GASL74TERRI,400kV,PLESSIS-GASSOT,TERRIER,1500,11,Île-de-France,11,Île-de-France
AERIEN,FLOIRL61PESSA,225kV,FLOIRAC EDF,PESSAC,400,75,Nouvelle-Aquitaine,75,Nouvelle-Aquitaine
AERIEN,FLOIRL31PESSA,225kV,FLOIRAC,PESSAC,400,75,Nouvelle-Aquitaine,75,Nouvelle-Aquitaine
AERIEN,ALBERL61LONG6,225kV,ALBERTVILLE,LONGEFAN,400,84,Auvergne-Rhône-Alpes,84,Auvergne-Rhône-Alpes
AERIEN,ALBERL62ZRAN6,225kV,ALBERTVILLE,LONGEFAN,400,84,Auvergne-Rhône-Alpes,84,Auvergne-Rhône-Alpes
AERIEN,ALBERL62ZRAN6,225kV,LONGEFAN,RANDENS,400,84,Auvergne-Rhône-Alpes,84,Auvergne-Rhône-Alpes
AERIEN,JONQUL61SSCES,225kV,JONQUIERES,ST-CESAIRE,400,76,Occitanie,75,Nouvelle-Aquitaine
AERIEN,NIMESL31SSCES,225kV,NIMES (-TALABOT),ST-CESAIRE,400,76,Occitanie,75,Nouvelle-Aquitaine
AERIEN,AVELIL61ZHEL5,225kV,AVELIN,HAUT-VINAGE,400,32,Hauts-de-France,32,Hauts-de-France
AERIEN,AVELIL61ZHEL5,225kV,HAUT-VINAGE,HELLEMMES,400,32,Hauts-de-France,32,Hauts-de-France
AERIEN,AVELIL62HELLE,225kV,AVELIN,HELLEMMES,400,32,Hauts-de-France,32,Hauts-de-France
AERIEN,SSAUBL61ZSAL6,225kV,SALIGNAC,SISTERON,400,93,Provence-Alpes-Côte d'Azur,93,Provence-Alpes-Côte d'Azur
AERIEN,SSAUBL61ZSAL6,225kV,SISTERON,ST-AUBAN,400,93,Provence-Alpes-Côte d'Azur,93,Provence-Alpes-Côte d'Azur
AERIEN,COLAYL61GUPIE,225kV,COLAYRAC,GUPIE,400,75,Nouvelle-Aquitaine,75,Nouvelle-Aquitaine
AERIEN,GUPIEL61ZFONC,225kV,GREZILLAC,GUPIE,400,75,Nouvelle-Aquitaine,75,Nouvelle-Aquitaine
AERIEN,GUPIEL61ZFONC,225kV,GUPIE,SAUVETERRE-DE-GUYENNE,400,75,Nouvelle-Aquitaine,75,Nouvelle-Aquitaine
AERIEN,P.GASL63SEINE,225kV,PLESSIS-GASSOT,SEINE,400,11,Île-de-France,11,Île-de-France
AERIEN,P.GASL64SEINE,225kV,PLESSIS-GASSOT,SEINE,400,11,Île-de-France,11,Île-de-France
AERIEN,H.BORL61P.GAS,225kV,HTE BORNE,PLESSIS-GASSOT,400,11,Île-de-France,11,Île-de-France
AERIEN,H.BORL61ZLIES,225kV,CERGY,HAUTE-BORNE,400,11,Île-de-France,11,Île-de-France
AERIEN,H.BORL61ZLIES,225kV,HAUTE-BORNE,LIESSE,400,11,Île-de-France,11,Île-de-France
AERIEN,GONESL61P.GAS,225kV,GONESSE,PLESSIS-GASSOT,400,11,Île-de-France,11,Île-de-France
AERIEN,P.GASL61ZGONE,225kV,PLESSIS-GASSOT,SAUSSET,400,11,Île-de-France,93,Provence-Alpes-Côte d'Azur
AERIEN,P.GASL61ZGONE,225kV,SAUSSET,GONESSE,400,93,Provence-Alpes-Côte d'Azur,11,Île-de-France
AERIEN,P.SIML61TARAS,225kV,PORTET-ST-SIMON,TARASCON,400,76,Occitanie,76,Occitanie
AERIEN,TARASL61ZMERE,225kV,HOSPITALET (L ),MERENS,400,76,Occitanie,76,Occitanie
AERIEN,TARASL61ZMERE,225kV,MERENS,TARASCON,400,76,Occitanie,76,Occitanie
AERIEN,AYRESL62SSVIC,225kV,AYRES,ST-VICTOR,400,76,Occitanie,76,Occitanie
AERIEN,RUEYRL61SAVIG,225kV,RUEYRES,SAVIGNAC,400,76,Occitanie,76,Occitanie
AERIEN,SEREIL71VIELM,400kV,SEREIN,VIELMOULIN,1500,27,Bourgogne-Franche-Comté,27,Bourgogne-Franche-Comté
AERIEN,BOISSL71CHAFF,400kV,BOISSE (LA),CHAFFARD (LE),1500,84,Auvergne-Rhône-Alpes,84,Auvergne-Rhône-Alpes
AERIEN,BEZONL61P.ROU,225kV,BEZON,POTEAU-ROUGE,400,52,Pays de la Loire,53,Bretagne
AERIEN,BEZONL61PTCHA,225kV,BEZON,PONTCHATEAU,400,52,Pays de la Loire,52,Pays de la Loire
AERIEN,MERENL61ZMERE,225kV,HOSPITALET (L ),MERENS,400,76,Occitanie,76,Occitanie
AERIEN,MERENL61ZMERE,225kV,MERENS,TARASCON,400,76,Occitanie,76,Occitanie
AERIEN,.ROMAL71B.TOL,400kV,BOIS-TOLLOT,ROMANEL,1500,84,Auvergne-Rhône-Alpes,0,Étranger
AERIEN,.VAUXL61.VERB,400kV,VAUX (SUISSE),VERBOIS,1500,84,Auvergne-Rhône-Alpes,0,Étranger
AERIEN,COR.PL61ZPRIN,225kV,CORDEMAIS-POSTE,GUERSAC,400,52,Pays de la Loire,52,Pays de la Loire
AERIEN,COR.PL61ZPRIN,225kV,GUERSAC,THEIX,400,52,Pays de la Loire,53,Bretagne
AERIEN,DARSEL62FEUIL,225kV,DARSE,FEUILLANE,400,93,Provence-Alpes-Côte d'Azur,93,Provence-Alpes-Côte d'Azur
AERIEN,BOUTRL71P.ORG,400kV,BOUTRE,PLAN-D ORGON,1500,93,Provence-Alpes-Côte d'Azur,93,Provence-Alpes-Côte d'Azur
AERIEN,P.ORGL71TAVEL,400kV,PLAN-D ORGON,TAVEL,1500,93,Provence-Alpes-Côte d'Azur,76,Occitanie
AERIEN,AOSTEL61BISSY,225kV,AOSTE,BISSY,400,84,Auvergne-Rhône-Alpes,27,Bourgogne-Franche-Comté
AERIEN,AOSTEL61ZMAR8,225kV,AOSTE,BRENS,400,84,Auvergne-Rhône-Alpes,84,Auvergne-Rhône-Alpes
AERIEN,AOSTEL61ZMAR8,225kV,BRENS,MARNISE (LA),400,84,Auvergne-Rhône-Alpes,84,Auvergne-Rhône-Alpes
AERIEN,GROSNL61ZCUR5,225kV,CURTIL,GROSNE,400,27,Bourgogne-Franche-Comté,27,Bourgogne-Franche-Comté
AERIEN,GROSNL61ZCUR5,225kV,GROSNE,HENRI-PAUL,400,27,Bourgogne-Franche-Comté,93,Provence-Alpes-Côte d'Azur
AERIEN,H.PAUL61ZCUR5,225kV,CURTIL,GROSNE,400,27,Bourgogne-Franche-Comté,27,Bourgogne-Franche-Comté
AERIEN,H.PAUL61ZCUR5,225kV,GROSNE,HENRI-PAUL,400,27,Bourgogne-Franche-Comté,93,Provence-Alpes-Côte d'Azur
AERIEN,ZQUINL61ZSSCR,225kV,QUINSON,ROUMOULES,400,93,Provence-Alpes-Côte d'Azur,93,Provence-Alpes-Côte d'Azur
AERIEN,ZQUINL61ZSSCR,225kV,ROUMOULES,STE-CROIX,400,93,Provence-Alpes-Côte d'Azur,84,Auvergne-Rhône-Alpes
AERIEN,ZQUINL61ZSSCR,225kV,STE-CROIX,STE-TULLE,400,84,Auvergne-Rhône-Alpes,93,Provence-Alpes-Côte d'Azur
AERIEN,CHAL7L61SIERE,225kV,CHALAMPE,SIERENTZ,400,44,Grand Est,44,Grand Est
AERIEN,KEMBSL61OTTMA,225kV,KEMBS,OTTMARSHEIM,400,44,Grand Est,44,Grand Est
AERIEN,JONQUL61SSCES,225kV,JONQUIERES,ST-CESAIRE,400,76,Occitanie,75,Nouvelle-Aquitaine
AERIEN,H.PAUL71VIELM,400kV,HENRI-PAUL,VIELMOULIN,1500,93,Provence-Alpes-Côte d'Azur,27,Bourgogne-Franche-Comté
AERIEN,COMMUL61VIELM,400kV,COMMUNE,VIELMOULIN,1500,93,Provence-Alpes-Côte d'Azur,27,Bourgogne-Franche-Comté
AERIEN,SARRYL61SEREI,225kV,SARRY,SEREIN,400,44,Grand Est,27,Bourgogne-Franche-Comté
AERIEN,SEREIL61ZTONN,225kV,JOUX-LA-VILLE,SEREIN,400,27,Bourgogne-Franche-Comté,27,Bourgogne-Franche-Comté
AERIEN,SEREIL61ZTONN,225kV,SEREIN,TONNERRE,400,27,Bourgogne-Franche-Comté,27,Bourgogne-Franche-Comté
AERIEN,BXTO5L63LATEN,225kV,BEAUTOR(POSTE),LATENA,400,32,Hauts-de-France,32,Hauts-de-France
AERIEN,LANEUL61ZSAU9,225kV,LANEUVEVILLE,SAULNOIS,400,44,Grand Est,44,Grand Est
AERIEN,LANEUL61ZSAU9,225kV,SAULNOIS,ST-AVOLD,400,44,Grand Est,44,Grand Est
AERIEN,P.JERL61RATIE,225kV,PORT-JEROME,RATIER,400,28,Normandie,28,Normandie
AERIEN,P.SEPL61SANDO,225kV,PONT-SEPT,SANDOUVILLE,400,28,Normandie,28,Normandie
AERIEN,CANTEL62NAOUT,225kV,CANTEGRIT,NAOUTOT,400,75,Nouvelle-Aquitaine,75,Nouvelle-Aquitaine
AERIEN,CHARPL71ECHAL,400kV,CHARPENAY,ECHALAS,1500,84,Auvergne-Rhône-Alpes,84,Auvergne-Rhône-Alpes
AERIEN,CHARPL72ECHAL,400kV,CHARPENAY,ECHALAS,1500,84,Auvergne-Rhône-Alpes,84,Auvergne-Rhône-Alpes
AERIEN,BAIXAL72GAUDI,400kV,BAIXAS,LA GAUDIERE,1500,76,Occitanie,93,Provence-Alpes-Côte d'Azur
AERIEN,BAIXAL72GAUDI,400kV,BAIXAS,LA GAUDIERE,1500,76,Occitanie,93,Provence-Alpes-Côte d'Azur
AERIEN,SSCESL61SSCHR,225kV,ST CESAIRE,ST CHRISTOL,400,75,Nouvelle-Aquitaine,84,Auvergne-Rhône-Alpes
AERIEN,JONQUL62SSCES,225kV,JONQUIERES,ST-CESAIRE,400,76,Occitanie,75,Nouvelle-Aquitaine
AERIEN,HERBLL61ZHERB,225kV,CERGY,CORMEILLES,400,11,Île-de-France,28,Normandie
AERIEN,HERBLL61ZHERB,225kV,CORMEILLES,HERBLAY,400,28,Normandie,11,Île-de-France
AERIEN,HERBLL62ZHER7,225kV,CERGY,CORMEILLES,400,11,Île-de-France,28,Normandie
AERIEN,HERBLL62ZHER7,225kV,CORMEILLES,HERBLAY,400,28,Normandie,11,Île-de-France
AERIEN,ALLINL61CORNI,225kV,ALLINGES,CORNIER,400,84,Auvergne-Rhône-Alpes,84,Auvergne-Rhône-Alpes
AERIEN,ALLINL61ZALL7,225kV,ALLINGES,CORNIER,400,84,Auvergne-Rhône-Alpes,84,Auvergne-Rhône-Alpes
AERIEN,ALLINL61ZALL7,225kV,CORNIER,JUVIGNY,400,84,Auvergne-Rhône-Alpes,84,Auvergne-Rhône-Alpes
AERIEN,JACQUL61SOLEI,225kV,JACQUARD,SOLEIL (LE),400,84,Auvergne-Rhône-Alpes,84,Auvergne-Rhône-Alpes
AERIEN,BEC  L31SOLEI,225kV,BEC (LE),SOLEIL (LE),400,84,Auvergne-Rhône-Alpes,84,Auvergne-Rhône-Alpes
AERIEN,B.CARL61T.VIC,225kV,BROC-CARROS (LE),TRINITE-VICTOR,400,93,Provence-Alpes-Côte d'Azur,93,Provence-Alpes-Côte d'Azur
AERIEN,ROUMAL61ZGRA6,225kV,BEAULIEU,ROUMAGNOLLE,400,75,Nouvelle-Aquitaine,75,Nouvelle-Aquitaine
AERIEN,ROUMAL61ZGRA6,225kV,ROUMAGNOLLE,GRANZAY,400,75,Nouvelle-Aquitaine,75,Nouvelle-Aquitaine
AERIEN,ALBERL61CONTA,225kV,ALBERTVILLE,CONTAMINE,400,84,Auvergne-Rhône-Alpes,84,Auvergne-Rhône-Alpes
AERIEN,CONTAL31G.COE,225kV,CONTAMINE,GRAND-COEUR,400,84,Auvergne-Rhône-Alpes,84,Auvergne-Rhône-Alpes
AERIEN,HOURAL61MARSI,225kV,HOURAT,MARSILLON,400,75,Nouvelle-Aquitaine,75,Nouvelle-Aquitaine
AERIEN,BRAUDL72PREGU,400kV,BRAUD,PREGUILLAC,1500,75,Nouvelle-Aquitaine,75,Nouvelle-Aquitaine
AERIEN,CERGYL71TERRI,400kV,CERGY,TERRIER,1500,11,Île-de-France,11,Île-de-France
AERIEN,GAUDIL62ZMORE,225kV,GAUDIERE (LA),MOREAU,400,93,Provence-Alpes-Côte d'Azur,93,Provence-Alpes-Côte d'Azur
AERIEN,GAUDIL62ZMORE,225kV,MOREAU,CONQUES-SUR-ORBIEL,400,93,Provence-Alpes-Côte d'Azur,76,Occitanie
AERIEN,LESQUL71VERFE,400kV,LESQUIVE,VERFEIL,1500,76,Occitanie,76,Occitanie
AERIEN,DONZAL72VERFE,400kV,DONZAC,VERFEIL,1500,75,Nouvelle-Aquitaine,76,Occitanie
AERIEN,GRANZL71ROM,400kV,GRANZAY,ROM,1500,75,Nouvelle-Aquitaine,75,Nouvelle-Aquitaine
AERIEN,.RONDL71ALBER,400kV,ALBERTVILLE,RONDISSONE,1500,84,Auvergne-Rhône-Alpes,0,Étranger
AERIEN,AVIGNL61MOTT5,225kV,AVIGNON(POSTE),MOTTE (LA) (V.-LES-AVIGNON),400,93,Provence-Alpes-Côte d'Azur,53,Bretagne
AERIEN,AVIG6L61MOTT5,225kV,AVIGNON (C.N.R.),MOTTE (LA) (V.-LES-AVIGNON),400,93,Provence-Alpes-Côte d'Azur,53,Bretagne
AERIEN,REALTL63SEPTE,225kV,REALTOR,SEPTEMES,400,93,Provence-Alpes-Côte d'Azur,93,Provence-Alpes-Côte d'Azur
AERIEN,REALTL63SEPTE,225kV,REALTOR,SEPTEMES,400,93,Provence-Alpes-Côte d'Azur,93,Provence-Alpes-Côte d'Azur
AERIEN,BOLL5L61C.RHO,225kV,BOLLENE,CHATEAUNEUF-DU-RHONE,400,93,Provence-Alpes-Côte d'Azur,84,Auvergne-Rhône-Alpes
AERIEN,BOLL5L31GARDO,225kV,BOLLENE,GARDON,400,93,Provence-Alpes-Côte d'Azur,93,Provence-Alpes-Côte d'Azur
AERIEN,BOISSL61C.FO6,225kV,BOISSE (LA),CAILLOUX-SUR-FONTAINE,400,84,Auvergne-Rhône-Alpes,84,Auvergne-Rhône-Alpes
AERIEN,H.PAUL71SSV.O,400kV,HENRI-PAUL,ST-VULBAS-OUEST,1500,93,Provence-Alpes-Côte d'Azur,84,Auvergne-Rhône-Alpes
AERIEN,H.PAUL71SSV.O,400kV,HENRI-PAUL,ST-VULBAS-OUEST,1500,93,Provence-Alpes-Côte d'Azur,84,Auvergne-Rhône-Alpes
AERIEN,VLEJUL61ZLINA,225kV,LOGES (LES),PETIT-BOIS (LE),400,28,Normandie,11,Île-de-France
AERIEN,VLEJUL61ZLINA,225kV,PETIT-BOIS (LE),VILLEJUST,400,11,Île-de-France,11,Île-de-France
AERIEN,VLEJUL61ZLIN7,225kV,LIERS,VILLEJUST,400,11,Île-de-France,11,Île-de-France
AERIEN,VLEJUL61ZLIN7,225kV,VILLEJUST,PETIT-BOIS (LE),400,11,Île-de-France,11,Île-de-France
AERIEN,AMPONL61PORCH,225kV,AMPONT,PORCHEVILLE,400,11,Île-de-France,11,Île-de-France
AERIEN,SSCROL61ZSSCR,225kV,QUINSON,ROUMOULES,400,93,Provence-Alpes-Côte d'Azur,93,Provence-Alpes-Côte d'Azur
AERIEN,SSCROL61ZSSCR,225kV,ROUMOULES,STE-CROIX,400,93,Provence-Alpes-Côte d'Azur,84,Auvergne-Rhône-Alpes
AERIEN,SSCROL61ZSSCR,225kV,STE-CROIX,STE-TULLE,400,84,Auvergne-Rhône-Alpes,93,Provence-Alpes-Côte d'Azur
AERIEN,LESCAL61MARSI,225kV,LESCAR,MARSILLON,400,75,Nouvelle-Aquitaine,75,Nouvelle-Aquitaine
AERIEN,LESCAL62MARSI,225kV,LESCAR,MARSILLON,400,75,Nouvelle-Aquitaine,75,Nouvelle-Aquitaine
AERIEN,BARP L61ZBARP,225kV,MASQUET,SAUCATS,400,75,Nouvelle-Aquitaine,75,Nouvelle-Aquitaine
AERIEN,BARP L61ZBARP,225kV,SAUCATS,LE BARP,400,75,Nouvelle-Aquitaine,75,Nouvelle-Aquitaine
AERIEN,BARP L61SAUCA,225kV,BARP(LE),SAUCAT,400,75,Nouvelle-Aquitaine,75,Nouvelle-Aquitaine
AERIEN,BARP L61ZBARP,225kV,MASQUET,SAUCATS,400,75,Nouvelle-Aquitaine,75,Nouvelle-Aquitaine
AERIEN,BARP L61ZBARP,225kV,SAUCATS,LE BARP,400,75,Nouvelle-Aquitaine,75,Nouvelle-Aquitaine
AERIEN,LANNEL61PRAGN,225kV,LANNEMEZAN,PRAGNERES,400,76,Occitanie,76,Occitanie
AERIEN,.ENSDL72VIGY,400kV,ENSDORF,VIGY,1500,0,Étranger,44,Grand Est
AERIEN,LUMESL61MAZUR,225kV,LUMES,MAZURES,400,44,Grand Est,44,Grand Est
AERIEN,LUMESL62MAZUR,225kV,LUMES,MAZURES,400,44,Grand Est,44,Grand Est
AERIEN,BAYETL71RULHA,400kV,BAYET,RULHAT,1500,84,Auvergne-Rhône-Alpes,84,Auvergne-Rhône-Alpes
AERIEN,BAYETL72RULHA,400kV,BAYET,RULHAT,1500,84,Auvergne-Rhône-Alpes,84,Auvergne-Rhône-Alpes
AERIEN,BALMAL61VERFE,225kV,BALMA (POSTE),VERFEIL,400,76,Occitanie,76,Occitanie
AERIEN,GRAMOL61VERFE,225kV,GRAMONT,VERFEIL,400,76,Occitanie,76,Occitanie
AERIEN,BREUIL61ZTALA,225kV,BREUIL,LAVAL-DE-CERE,400,84,Auvergne-Rhône-Alpes,76,Occitanie
AERIEN,BREUIL61ZTALA,225kV,LAVAL-DE-CERE,TALAMET,400,76,Occitanie,76,Occitanie
AERIEN,BREUIL63CHAST,225kV,BREUIL (LE),CHASTANG (LE),400,84,Auvergne-Rhône-Alpes,75,Nouvelle-Aquitaine
AERIEN,CHESNL61PATOU,225kV,CHESNOY (LE),PATOU,400,24,Centre-Val de Loire,24,Centre-Val de Loire
AERIEN,B.EPIL62ZSSL7,225kV,BELLE-EPINE,DOMLOUP,400,53,Bretagne,53,Bretagne
AERIEN,B.EPIL62ZSSL7,225kV,DOMLOUP,ST-LAURENT,400,53,Bretagne,44,Grand Est
AERIEN,CIROLL72GATI5,400kV,CIROLLIERS,GATINAIS,1500,11,Île-de-France,24,Centre-Val de Loire
AERIEN,MOUL8L61VLEJU,225kV,MOULINEAUX,VILLEJUST,400,28,Normandie,11,Île-de-France
AERIEN,ROBI5L61ZV.BR,225kV,ROBINSON,VILLEJUST,400,11,Île-de-France,11,Île-de-France
AERIEN,ROBI5L61ZV.BR,225kV,VILLEJUST,ULIS (LES),400,11,Île-de-France,11,Île-de-France
AERIEN,VLEJUL611CLAM,225kV,CLAMART,VILLEJUST,400,11,Île-de-France,11,Île-de-France
AERIEN,MOUL8L62VLEJU,225kV,MOULINEAUX,VILLEJUST,400,28,Normandie,11,Île-de-France
AERIEN,LATENL61ROYE,225kV,LATENA,ROYE,400,32,Hauts-de-France,27,Bourgogne-Franche-Comté
AERIEN,H.VINL61ZHEL5,225kV,AVELIN,HAUT-VINAGE,400,32,Hauts-de-France,32,Hauts-de-France
AERIEN,H.VINL61ZHEL5,225kV,HAUT-VINAGE,HELLEMMES,400,32,Hauts-de-France,32,Hauts-de-France
AERIEN,ANSTAL41H.VIN,225kV,ANSTAING,HAUT-VINAGE,400,32,Hauts-de-France,32,Hauts-de-France
AERIEN,FOUTEL61G.SYN,225kV,FOUTEIN,GRANDE-SYNTHE,400,32,Hauts-de-France,32,Hauts-de-France
AERIEN,FLAMAL71MENUE,400kV,FLAMANVILLE,MENUEL,1500,28,Normandie,28,Normandie
AERIEN,FLAMAL72MENUE,400kV,FLAMANVILLE,MENUEL DER TA3,1500,28,Normandie,44,Grand Est
AERIEN,MORBRL71VLEVA,400kV,MORBRAS,VILLEVAUDE,1500,11,Île-de-France,11,Île-de-France
AERIEN,ARGIAL71CANTE,400kV,ARGIA,CANTEGRIT,1500,75,Nouvelle-Aquitaine,75,Nouvelle-Aquitaine
AERIEN,PRATCL61TREVA,225kV,PRATCLAUX,TREVAS,400,84,Auvergne-Rhône-Alpes,75,Nouvelle-Aquitaine
AERIEN,RIVIEL61SANSS,225kV,RIVIERE (LA),SANSSAC (L EGLISE),400,75,Nouvelle-Aquitaine,84,Auvergne-Rhône-Alpes
AERIEN,ORMESL63VESLE,225kV,ORMES,VESLE,400,32,Hauts-de-France,44,Grand Est
AERIEN,GEN.PL73VIELM,400kV,GENISSIAT-POSTE,VIELMOULIN,1500,84,Auvergne-Rhône-Alpes,27,Bourgogne-Franche-Comté
AERIEN,BALARL61MTPEL,225kV,BALARUC,MONTPELLIER,400,76,Occitanie,76,Occitanie
AERIEN,BALARL62MTPEL,225kV,BALARUC,MONTPELLIER,400,76,Occitanie,76,Occitanie
AERIEN,LONG6L61ZV.MO,225kV,LONGEFAN,SAUSSAZ II (LA),400,84,Auvergne-Rhône-Alpes,84,Auvergne-Rhône-Alpes
AERIEN,LONG6L61ZV.MO,225kV,SAUSSAZ II (LA),VIEUX-MOULIN,400,84,Auvergne-Rhône-Alpes,84,Auvergne-Rhône-Alpes
AERIEN,LANDRL61VIGY,225kV,LANDRES,VIGY,400,44,Grand Est,44,Grand Est
AERIEN,SAFE L61VIGY,225kV,S.A.F.E.,VIGY,400,44,Grand Est,44,Grand Est
AERIEN,BRAUDL72CUBNE,400kV,BRAUD,CUBNEZAIS,1500,75,Nouvelle-Aquitaine,75,Nouvelle-Aquitaine
AERIEN,CUBNEL72MQIS,400kV,CUBNEZAIS,MARQUIS (LE),1500,75,Nouvelle-Aquitaine,75,Nouvelle-Aquitaine
AERIEN,LAVERL61SEPTE,225kV,LAVERA,SEPTEMES,400,93,Provence-Alpes-Côte d'Azur,93,Provence-Alpes-Côte d'Azur
AERIEN,CPNOLL61GEN.P,225kV,CHAMPAGNOLE,GENISSIAT-POSTE,400,27,Bourgogne-Franche-Comté,84,Auvergne-Rhône-Alpes
AERIEN,CPNOLL61SAONE,225kV,CHAMPAGNOLE,SAONE,400,27,Bourgogne-Franche-Comté,27,Bourgogne-Franche-Comté
AERIEN,CONF5L61PARIS,225kV,CONFLUENT,PARISET,400,84,Auvergne-Rhône-Alpes,84,Auvergne-Rhône-Alpes
AERIEN,BREUIL71MARMA,400kV,BREUIL (LE),MARMAGNE,1500,84,Auvergne-Rhône-Alpes,24,Centre-Val de Loire
AERIEN,.EICHL61VOGEL,225kV,EICHSTETTEN,VOGELGRUN,400,0,Étranger,44,Grand Est
AERIEN,SSTULL62ZG.BA,225kV,BOUTRE,GREOUX LES BAINS,400,93,Provence-Alpes-Côte d'Azur,93,Provence-Alpes-Côte d'Azur
AERIEN,SSTULL62ZG.BA,225kV,GREOUX LES BAINS,STE-TULLE,400,93,Provence-Alpes-Côte d'Azur,93,Provence-Alpes-Côte d'Azur
AERIEN,ROUGEL61YAINV,225kV,ROUGEMONTIER,YAINVILLE,400,28,Normandie,28,Normandie
AERIEN,GANTEL41YAINV,225kV,GANTERIE,YAINVILLE,400,28,Normandie,28,Normandie
AERIEN,YAINVL41ZETRE,225kV,ETREVILLE,PONT-AUDEMER,400,28,Normandie,28,Normandie
AERIEN,YAINVL41ZETRE,225kV,PONT-AUDEMER,YAINVILLE,400,28,Normandie,28,Normandie
AERIEN,BARJAL61ZLAFI,225kV,BARJAC,PIED-DE-BORNE,400,76,Occitanie,76,Occitanie
AERIEN,BARJAL61ZLAFI,225kV,PIED-DE-BORNE,LAFIGERE,400,76,Occitanie,76,Occitanie
AERIEN,BOLL5L61TERRA,225kV,BOLLENE,TERRADOU,400,93,Provence-Alpes-Côte d'Azur,93,Provence-Alpes-Côte d'Azur
AERIEN,MOUISL61TERRA,225kV,MOUISSONNES,TERRADOU,400,93,Provence-Alpes-Côte d'Azur,93,Provence-Alpes-Côte d'Azur
AERIEN,CHARPL71GREPI,400kV,CHARPENAY,GREPILLES,1500,84,Auvergne-Rhône-Alpes,84,Auvergne-Rhône-Alpes
AERIEN,CHARPL72GREPI,400kV,CHARPENAY,GREPILLES,1500,84,Auvergne-Rhône-Alpes,84,Auvergne-Rhône-Alpes
AERIEN,AUSSOL61P.AND,225kV,AUSSOIS,PRAZ-ST-ANDRE,400,84,Auvergne-Rhône-Alpes,84,Auvergne-Rhône-Alpes
AERIEN,AUSSOL61P.AND,225kV,AUSSOIS,PRAZ-ST-ANDRE,400,84,Auvergne-Rhône-Alpes,84,Auvergne-Rhône-Alpes
AERIEN,BEZAUL71VIGY,400kV,BEZAUMONT,VIGY,1500,44,Grand Est,44,Grand Est
AERIEN,REVIGL71VIGY,400kV,REVIGNY,VIGY,1500,44,Grand Est,44,Grand Est
AERIEN,SARRYL61SEREI,225kV,SARRY,SEREIN,400,44,Grand Est,27,Bourgogne-Franche-Comté
AERIEN,SARRYL61VIELM,225kV,SARRY,VIELMOULIN,400,44,Grand Est,27,Bourgogne-Franche-Comté
AERIEN,CORNIL61ZALL7,225kV,ALLINGES,CORNIER,400,84,Auvergne-Rhône-Alpes,84,Auvergne-Rhône-Alpes
AERIEN,CORNIL61ZALL7,225kV,CORNIER,JUVIGNY,400,84,Auvergne-Rhône-Alpes,84,Auvergne-Rhône-Alpes
AERIEN,DISTRL71PICOC,400kV,DISTRE,PICOCHERIE (LA),1500,52,Pays de la Loire,52,Pays de la Loire
AERIEN,PICOCL71VLERB,400kV,PICOCHERIE (LA),VILLERBON,1500,52,Pays de la Loire,24,Centre-Val de Loire
AERIEN,CARR5L62ZCAR6,225kV,CARRES(LES),DAMBRON,400,24,Centre-Val de Loire,24,Centre-Val de Loire
AERIEN,CARR5L62ZCAR6,225kV,DAMBRON,VILLEJUST,400,24,Centre-Val de Loire,11,Île-de-France
AERIEN,ECHALL71P.COR,400kV,ECHALAS,PIVOZ-CORDIER,1500,84,Auvergne-Rhône-Alpes,84,Auvergne-Rhône-Alpes
AERIEN,GENITL61VLEVA,225kV,GENITOY,VILLEVAUDE,400,11,Île-de-France,11,Île-de-France
AERIEN,VLEVAL61ZORS6,225kV,MORBRAS,ORSONVILLE,400,11,Île-de-France,11,Île-de-France
AERIEN,VLEVAL61ZORS6,225kV,ORSONVILLE,VILLEVAUDE,400,11,Île-de-France,11,Île-de-France
AERIEN,BAYETL71GAUGL,400kV,BAYET,GAUGLIN,1500,84,Auvergne-Rhône-Alpes,84,Auvergne-Rhône-Alpes
AERIEN,GAUGLL72SSELO,400kV,GAUGLIN,ST-ELOI,1500,84,Auvergne-Rhône-Alpes,84,Auvergne-Rhône-Alpes
AERIEN,MALGOL61PASSY,225kV,MALGOVERT,PASSY,400,84,Auvergne-Rhône-Alpes,84,Auvergne-Rhône-Alpes
AERIEN,VESLEL61ZCUPE,225kV,CUPERLY,RECY,400,44,Grand Est,44,Grand Est
AERIEN,VESLEL61ZCUPE,225kV,RECY,VESLE,400,44,Grand Est,44,Grand Est
AERIEN,ANCIZL61ZANCI,225kV,ANCIZES (Y631),COMPS,400,84,Auvergne-Rhône-Alpes,84,Auvergne-Rhône-Alpes
AERIEN,ANCIZL61ZANCI,225kV,COMPS,VOLVIC,400,84,Auvergne-Rhône-Alpes,84,Auvergne-Rhône-Alpes
AERIEN,VOLVIL61ZANCI,225kV,ANCIZES (Y631),COMPS,400,84,Auvergne-Rhône-Alpes,84,Auvergne-Rhône-Alpes
AERIEN,VOLVIL61ZANCI,225kV,COMPS,VOLVIC,400,84,Auvergne-Rhône-Alpes,84,Auvergne-Rhône-Alpes
AERIEN,DOBERL61TREGU,225kV,DOBERIE,TREGUEUX,400,53,Bretagne,53,Bretagne
AERIEN,CARRIL61MORU,225kV,CARRIERES,MORU,400,11,Île-de-France,11,Île-de-France
AERIEN,CARRIL62MORU,225kV,CARRIERES,MORU,400,11,Île-de-France,11,Île-de-France
AERIEN,C.RHOL62L.NEU,225kV,CHATEAUNEUF-DU-RHONE,LOGIS-NEUF,400,84,Auvergne-Rhône-Alpes,84,Auvergne-Rhône-Alpes
AERIEN,ENVALL61VOLVI,225kV,ENVAL,VOLVIC,400,84,Auvergne-Rhône-Alpes,84,Auvergne-Rhône-Alpes
AERIEN,MENUEL71TAUTE,400kV,MENUEL,TAUTE,1500,28,Normandie,28,Normandie
AERIEN,MENUEL72TAUTE,400kV,MENUEL,TAUTE,1500,28,Normandie,28,Normandie
AERIEN,CHAFFL71COULA,400kV,CHAFFARD (LE),COULANGE,1500,84,Auvergne-Rhône-Alpes,84,Auvergne-Rhône-Alpes
AERIEN,CHABOL61CHEV5,225kV,CHABOSSIERE (LA),CHEVIRE,400,52,Pays de la Loire,52,Pays de la Loire
AERIEN,CHEV5L62ZKERL,225kV,CHEVIRE,CORDEMAIS-POSTE,400,52,Pays de la Loire,52,Pays de la Loire
AERIEN,CHEV5L62ZKERL,225kV,CORDEMAIS-POSTE,MORIHAN,400,52,Pays de la Loire,53,Bretagne
AERIEN,CHABOL31CHEV5,225kV,CHABOSSIERE (LA),CHEVIRE,400,52,Pays de la Loire,52,Pays de la Loire
AERIEN,ECHALL61GIVOR,225kV,ECHALAS,GIVORS,400,84,Auvergne-Rhône-Alpes,84,Auvergne-Rhône-Alpes
AERIEN,ANSERL61ZBERC,225kV,ANSEREUILLES (LES),BERCLAU,400,32,Hauts-de-France,32,Hauts-de-France
AERIEN,ANSERL61ZBERC,225kV,BERCLAU,DOUVRIN,400,32,Hauts-de-France,32,Hauts-de-France
AERIEN,BLOCAL61ZH.B5,225kV,ARGOEUVES,BLOCAUX,400,32,Hauts-de-France,32,Hauts-de-France
AERIEN,BLOCAL61ZH.B5,225kV,BLOCAUX,HORNOY-LE-BOURG,400,32,Hauts-de-France,32,Hauts-de-France
AERIEN,REMISL72TERRI,400kV,REMISE,TERRIER,1500,28,Normandie,11,Île-de-France
AERIEN,GEN.PL71VIELM,400kV,GENISSIAT-POSTE,VIELMOULIN,1500,84,Auvergne-Rhône-Alpes,27,Bourgogne-Franche-Comté
AERIEN,GEN.PL73VIELM,400kV,GENISSIAT-POSTE,VIELMOULIN,1500,84,Auvergne-Rhône-Alpes,27,Bourgogne-Franche-Comté
AERIEN,ARNAGL61ZQUI5,225kV,ARNAGE,CLAIRE-FONTAINE,400,52,Pays de la Loire,52,Pays de la Loire
AERIEN,ARNAGL61ZQUI5,225kV,CLAIRE-FONTAINE,QUINTES (LES),400,52,Pays de la Loire,52,Pays de la Loire
AERIEN,CIROLL71GATI5,400kV,CIROLLIERS,GATINAIS,1500,11,Île-de-France,24,Centre-Val de Loire
AERIEN,P.SEPL61SAINN,225kV,PONT-SEPT,SAINNEVILLE,400,28,Normandie,28,Normandie
AERIEN,MTIVIL41P.SEP,225kV,MONTIVILLIERS,PONT-SEPT,400,28,Normandie,28,Normandie
AERIEN,ARRIGL61CHEVI,225kV,ARRIGHI,CHEVILLY,400,94,Corse,11,Île-de-France
AERIEN,ARRIGL61SSMR,225kV,ARRIGHI,ST-MAUR,400,94,Corse,24,Centre-Val de Loire
AERIEN,FLAMEL61WEPPE,225kV,FLAMENGRIE,WEPPES,400,32,Hauts-de-France,32,Hauts-de-France
AERIEN,OUDONL71QUINT,400kV,OUDON,QUINTES (LES),1500,52,Pays de la Loire,52,Pays de la Loire
AERIEN,CORMEL61ZHERB,225kV,CERGY,CORMEILLES,400,11,Île-de-France,28,Normandie
AERIEN,CORMEL61ZHERB,225kV,CORMEILLES,HERBLAY,400,28,Normandie,11,Île-de-France
AERIEN,CORMEL62ZHER7,225kV,CERGY,CORMEILLES,400,11,Île-de-France,28,Normandie
AERIEN,CORMEL62ZHER7,225kV,CORMEILLES,HERBLAY,400,28,Normandie,11,Île-de-France
AERIEN,REALTL61SEPTE,225kV,REALTOR,SEPTEMES,400,93,Provence-Alpes-Côte d'Azur,93,Provence-Alpes-Côte d'Azur
AERIEN,CHABOL61CHEV5,225kV,CHABOSSIERE (LA),CHEVIRE,400,52,Pays de la Loire,52,Pays de la Loire
AERIEN,LONNYL71VESLE,400kV,LONNY,VESLE,1500,44,Grand Est,44,Grand Est
AERIEN,MOLIEL71OUDON,400kV,MOLIERE,OUDON,1500,52,Pays de la Loire,52,Pays de la Loire
AERIEN,MUHLBL71SIERE,400kV,MUHLBACH,SIERENTZ,1500,44,Grand Est,44,Grand Est
AERIEN,MUHLBL72SIERE,400kV,MUHLBACH,SIERENTZ,1500,44,Grand Est,44,Grand Est
AERIEN,BEZAUL61C.MET,225kV,BEZAUMONT,CROIX-DE-METZ,400,44,Grand Est,44,Grand Est
AERIEN,C.METL61LANEU,225kV,CROIX-DE-METZ,LANEUVEVILLE,400,44,Grand Est,44,Grand Est
AERIEN,EGUZOL61MAURE,225kV,EGUZON,MAUREIX (LE),400,24,Centre-Val de Loire,24,Centre-Val de Loire
AERIEN,COULAL73CRUA5,400kV,COULANGE,CRUAS (-MEYSSE),1500,84,Auvergne-Rhône-Alpes,84,Auvergne-Rhône-Alpes
AERIEN,CERNAL62VESLE,225kV,CERNAY,VESLE,400,44,Grand Est,44,Grand Est
AERIEN,CERNAL61VESLE,225kV,CERNAY,VESLE,400,44,Grand Est,44,Grand Est
AERIEN,CERNAL62VESLE,225kV,CERNAY,VESLE,400,44,Grand Est,44,Grand Est
AERIEN,MOUS5L61PAUDY,225kV,MOUSSEAUX,PAUDY,400,24,Centre-Val de Loire,24,Centre-Val de Loire
AERIEN,VALESL61ZB.ME,225kV,ROYE,VALESCOURT,400,27,Bourgogne-Franche-Comté,32,Hauts-de-France
AERIEN,VALESL61ZB.ME,225kV,VALESCOURT,BUS-LA-MESIERE,400,32,Hauts-de-France,32,Hauts-de-France
AERIEN,CUPERL61VESLE,225kV,CUPERLY,VESLE,400,44,Grand Est,44,Grand Est
AERIEN,CUPERL61ZCUPE,225kV,CUPERLY,RECY,400,44,Grand Est,44,Grand Est
AERIEN,CUPERL61ZCUPE,225kV,RECY,VESLE,400,44,Grand Est,44,Grand Est
AERIEN,H.PAUL61ZCUR5,225kV,CURTIL,GROSNE,400,27,Bourgogne-Franche-Comté,27,Bourgogne-Franche-Comté
AERIEN,H.PAUL61ZCUR5,225kV,GROSNE,HENRI-PAUL,400,27,Bourgogne-Franche-Comté,93,Provence-Alpes-Côte d'Azur
AERIEN,CAZARL71VERFE,400kV,CAZARIL,VERFEIL,1500,76,Occitanie,76,Occitanie
AERIEN,CAZARL72VERFE,400kV,CAZARIL,VERFEIL,1500,76,Occitanie,76,Occitanie
AERIEN,SAUS5L71VLEVA,400kV,SAUSSET,VILLEVAUDE,1500,93,Provence-Alpes-Côte d'Azur,11,Île-de-France
AERIEN,P.GASL74VLEVA,400kV,PLESSIS-GASSOT,VILLEVAUDE,1500,11,Île-de-France,11,Île-de-France
AERIEN,TOURBL61ZEMAL,225kV,EMALES(LES),RANVILLE,400,28,Normandie,28,Normandie
AERIEN,TOURBL61ZEMAL,225kV,RANVILLE,TOURBE,400,28,Normandie,28,Normandie
AERIEN,BOLL5L61CROI6,225kV,BOLLENE,CROISIERE,400,93,Provence-Alpes-Côte d'Azur,93,Provence-Alpes-Côte d'Azur
AERIEN,BOLL5L62CROI6,225kV,BOLLENE,CROISIERE,400,93,Provence-Alpes-Côte d'Azur,93,Provence-Alpes-Côte d'Azur
AERIEN,CRENEL61ROSIE,225kV,CRENEY,ROSIERES,400,44,Grand Est,84,Auvergne-Rhône-Alpes
AERIEN,BOUTRL62ZG.BA,225kV,BOUTRE,GREOUX LES BAINS,400,93,Provence-Alpes-Côte d'Azur,93,Provence-Alpes-Côte d'Azur
AERIEN,BOUTRL62ZG.BA,225kV,GREOUX LES BAINS,STE-TULLE,400,93,Provence-Alpes-Côte d'Azur,93,Provence-Alpes-Côte d'Azur
AERIEN,ROUMOL51SSTUL,225kV,ROUMOULES,STE-TULLE,400,93,Provence-Alpes-Côte d'Azur,93,Provence-Alpes-Côte d'Azur
AERIEN,GUARBL61ISBE5,225kV,GUARBECQUE,ISBERGUES(UGINE ACIERS) (225kV),400,32,Hauts-de-France,32,Hauts-de-France
AERIEN,GUARBL62ISBE5,225kV,GUARBECQUE,ISBERGUES(UGINE ACIERS) (225kV),400,32,Hauts-de-France,32,Hauts-de-France
AERIEN,LINGOL61ZVA10,225kV,LINGOSTIERE,ROUMOULES,400,93,Provence-Alpes-Côte d'Azur,93,Provence-Alpes-Côte d'Azur
AERIEN,LINGOL61ZVA10,225kV,ROUMOULES,VALDEROURE,400,93,Provence-Alpes-Côte d'Azur,93,Provence-Alpes-Côte d'Azur
AERIEN,BOUTRL71P.ORG,400kV,BOUTRE,PLAN-D ORGON,1500,93,Provence-Alpes-Côte d'Azur,93,Provence-Alpes-Côte d'Azur
AERIEN,TAVELL71ZT.SU,400kV,PRIONNET,TAVEL,1500,76,Occitanie,76,Occitanie
AERIEN,TAVELL71ZT.SU,400kV,TAVEL,TORE SUPRA,1500,76,Occitanie,76,Occitanie
AERIEN,P.HA5L61TREGU,225kV,PLAINE HAUTE,TREGUEUX,400,53,Bretagne,53,Bretagne
AERIEN,P.HA5L62TREGU,225kV,PLAINE HAUTE,TREGUEUX,400,53,Bretagne,53,Bretagne
AERIEN,CSLLEL61ESCAI,225kV,CASTELLET (LE),ESCAILLON (L ),400,93,Provence-Alpes-Côte d'Azur,93,Provence-Alpes-Côte d'Azur
AERIEN,GRAFFL61REICH,225kV,GRAFFENSTADEN,REICHSTETT,400,44,Grand Est,44,Grand Est
AERIEN,MARL6L62REICH,225kV,MARLENHEIM,REICHSTETT,400,44,Grand Est,44,Grand Est
AERIEN,ROUGEL71TOURB,400kV,ROUGEMONTIER,TOURBE,1500,28,Normandie,28,Normandie
AERIEN,ROUGEL72TOURB,400kV,ROUGEMONTIER,TOURBE,1500,28,Normandie,28,Normandie
AERIEN,ROUGEL71TILL5,400kV,ROUGEMONTIER,TILLEUL,1500,28,Normandie,28,Normandie
AERIEN,ROUGEL72TILL5,400kV,ROUGEMONTIER,TILLEUL,1500,28,Normandie,28,Normandie
AERIEN,RUEYRL61ZLANA,225kV,RUEYRES,GRANDVAL,400,76,Occitanie,84,Auvergne-Rhône-Alpes
AERIEN,RUEYRL61ZLANA,225kV,GRANDVAL,LANAU,400,84,Auvergne-Rhône-Alpes,84,Auvergne-Rhône-Alpes
AERIEN,CRENEL61ZP.V5,225kV,CRENEY,PONT-LA-VILLE,400,44,Grand Est,44,Grand Est
AERIEN,CRENEL61ZP.V5,225kV,PONT-LA-VILLE,ROLAMPONT,400,44,Grand Est,44,Grand Est
AERIEN,CHAN5L71DISTR,400kV,CHANCEAUX,DISTRE,1500,24,Centre-Val de Loire,52,Pays de la Loire
AERIEN,CHAN5L71VLERB,400kV,CHANCEAUX,VILLERBON,1500,24,Centre-Val de Loire,24,Centre-Val de Loire
AERIEN,DUNESL61ZQ.EC,225kV,DUNES (LES),GRANDE-SYNTHE,400,32,Hauts-de-France,32,Hauts-de-France
AERIEN,DUNESL61ZQ.EC,225kV,GRANDE-SYNTHE,QUATRE-ECLUSES,400,32,Hauts-de-France,32,Hauts-de-France
AERIEN,CORBIL61DISTR,225kV,CORBIERE (LA),DISTRE,400,52,Pays de la Loire,52,Pays de la Loire
AERIEN,H.PAUL71SSV.O,400kV,HENRI-PAUL,ST-VULBAS-OUEST,1500,93,Provence-Alpes-Côte d'Azur,84,Auvergne-Rhône-Alpes
AERIEN,H.PAUL61ZCUR5,400kV,CURTIL,GROSNE,1500,27,Bourgogne-Franche-Comté,27,Bourgogne-Franche-Comté
AERIEN,H.PAUL61ZCUR5,400kV,GROSNE,HENRI-PAUL,1500,27,Bourgogne-Franche-Comté,93,Provence-Alpes-Côte d'Azur
AERIEN,MENUEL73TAUTE,400kV,MENUEL,TAUTE,1500,28,Normandie,28,Normandie
AERIEN,MENUEL74TAUTE,400kV,MENUEL,TAUTE,1500,28,Normandie,28,Normandie
AERIEN,J.VILL61ZTONN,225kV,JOUX-LA-VILLE,SEREIN,400,27,Bourgogne-Franche-Comté,27,Bourgogne-Franche-Comté
AERIEN,J.VILL61ZTONN,225kV,SEREIN,TONNERRE,400,27,Bourgogne-Franche-Comté,27,Bourgogne-Franche-Comté
AERIEN,ARGOEL61BXCH5,225kV,ARGOEUVES,BEAUCHAMPS,400,32,Hauts-de-France,28,Normandie
AERIEN,CHAINL71VERGE,400kV,CHAINGY,VERGER,1500,24,Centre-Val de Loire,53,Bretagne
AERIEN,CHAINL72VERGE,400kV,CHAINGY,VERGER,1500,24,Centre-Val de Loire,53,Bretagne
AERIEN,ROUSSL61SEREI,225kV,ROUSSON,SEREIN,400,76,Occitanie,27,Bourgogne-Franche-Comté
AERIEN,CRUA5L62L.NEU,225kV,CRUAS (-MEYSSE),LOGIS-NEUF,400,84,Auvergne-Rhône-Alpes,84,Auvergne-Rhône-Alpes
AERIEN,BONNIL61ZRIC5,225kV,ARPENTS (LES),BONNIERES,400,32,Hauts-de-France,32,Hauts-de-France
AERIEN,BONNIL61ZRIC5,225kV,BONNIERES,RICHEBOURG,400,32,Hauts-de-France,32,Hauts-de-France
AERIEN,MEZE5L62ZRIC6,225kV,ARPENTS (LES),MEZEROLLES,400,32,Hauts-de-France,32,Hauts-de-France
AERIEN,MEZE5L62ZRIC6,225kV,MEZEROLLES,RICHEBOURG,400,32,Hauts-de-France,32,Hauts-de-France
AERIEN,GEN.PL61IZERN,225kV,GENISSIAT-POSTE,IZERNORE,400,84,Auvergne-Rhône-Alpes,84,Auvergne-Rhône-Alpes
AERIEN,CLUS5L32IZERN,225kV,CLUSE (LA),IZERNORE,400,27,Bourgogne-Franche-Comté,84,Auvergne-Rhône-Alpes
AERIEN,PREGUL61SAINT,225kV,PREGUILLAC,SAINTES,400,75,Nouvelle-Aquitaine,75,Nouvelle-Aquitaine
AERIEN,PREGUL41SAINT,225kV,PREGUILLAC,SAINTES,400,75,Nouvelle-Aquitaine,75,Nouvelle-Aquitaine
AERIEN,ASTONL61TARAS,225kV,ASTON,TARASCON,400,76,Occitanie,76,Occitanie
AERIEN,MOUCHL61OULLI,225kV,MOUCHE (LA),OULLINS,400,84,Auvergne-Rhône-Alpes,84,Auvergne-Rhône-Alpes
AERIEN,MOUCHL32ZP.BE,225kV,BELLE-ETOILE,MOUCHE (LA),400,84,Auvergne-Rhône-Alpes,84,Auvergne-Rhône-Alpes
AERIEN,MOUCHL32ZP.BE,225kV,MOUCHE (LA),PIERRE-BENITE,400,84,Auvergne-Rhône-Alpes,84,Auvergne-Rhône-Alpes
AERIEN,COR.PL62ZKERL,225kV,CHEVIRE,CORDEMAIS-POSTE,400,52,Pays de la Loire,52,Pays de la Loire
AERIEN,COR.PL62ZKERL,225kV,CORDEMAIS-POSTE,MORIHAN,400,52,Pays de la Loire,53,Bretagne
AERIEN,MAGNYL61ZMAGN,225kV,CHAMPS-REGNAUD,CHAMPVANS,400,27,Bourgogne-Franche-Comté,27,Bourgogne-Franche-Comté
AERIEN,MAGNYL61ZMAGN,225kV,CHAMPVANS,MAGNY(-SUR-TILLE),400,27,Bourgogne-Franche-Comté,24,Centre-Val de Loire
AERIEN,MAGNYL61ZMAGN,225kV,CHAMPS-REGNAUD,CHAMPVANS,400,27,Bourgogne-Franche-Comté,27,Bourgogne-Franche-Comté
AERIEN,MAGNYL61ZMAGN,225kV,CHAMPVANS,MAGNY(-SUR-TILLE),400,27,Bourgogne-Franche-Comté,24,Centre-Val de Loire
AERIEN,PESSAL61ZPARR,225kV,BRUGES,GARIES,400,75,Nouvelle-Aquitaine,76,Occitanie
AERIEN,PESSAL61ZPARR,225kV,GARIES,PESSAC,400,76,Occitanie,75,Nouvelle-Aquitaine
AERIEN,MERIGL31PESSA,225kV,MERIGNAC,PESSAC,400,75,Nouvelle-Aquitaine,75,Nouvelle-Aquitaine
AERIEN,BRODEL61ZDUV5,225kV,BRODE,DUVIGNEAU,400,32,Hauts-de-France,32,Hauts-de-France
AERIEN,BRODEL61ZDUV5,225kV,DUVIGNEAU,FLANDRE MARITIME,400,32,Hauts-de-France,32,Hauts-de-France
AERIEN,ORAISL61SSTUL,225kV,ORAISON,STE-TULLE,400,93,Provence-Alpes-Côte d'Azur,93,Provence-Alpes-Côte d'Azur
AERIEN,BOUTRL71PRION,400kV,BOUTRE,PRIONNET,1500,93,Provence-Alpes-Côte d'Azur,76,Occitanie
AERIEN,PRIONL71ZT.SU,400kV,PRIONNET,TAVEL,1500,76,Occitanie,76,Occitanie
AERIEN,PRIONL71ZT.SU,400kV,TAVEL,TORE SUPRA,1500,76,Occitanie,76,Occitanie
AERIEN,MTEZ5L71RUEYR,400kV,MONTEZIC (POSTE EXTERIEUR),RUEYRES,1500,76,Occitanie,76,Occitanie
AERIEN,BRIO6L61NIORT,225kV,BRIOUX-SUR-BOUTONNE,NIORT,400,75,Nouvelle-Aquitaine,75,Nouvelle-Aquitaine
AERIEN,ALBERL61CHAV6,225kV,ALBERTVILLE,CHAVANOD,400,84,Auvergne-Rhône-Alpes,84,Auvergne-Rhône-Alpes
AERIEN,CHEV8L31M.LAN,225kV,CHEVENE,MONTAGNY-LES-LANCHES,400,84,Auvergne-Rhône-Alpes,84,Auvergne-Rhône-Alpes
AERIEN,GRISOL61PRAL5,225kV,GRISOLLES,PRALONG,400,76,Occitanie,84,Auvergne-Rhône-Alpes
AERIEN,MEZE5L71YVE.O,400kV,MEZEROLLES,YVELINES-OUEST,1500,32,Hauts-de-France,11,Île-de-France
AERIEN,CREC6L61GUARB,225kV,CRECHETS (LES),GUARBECQUE,400,32,Hauts-de-France,32,Hauts-de-France
AERIEN,BAILLL41CREC6,225kV,BAILLEUL,CRECHETS (LES),400,32,Hauts-de-France,32,Hauts-de-France
AERIEN,H.PAUL71SSV.O,400kV,HENRI-PAUL,ST-VULBAS-OUEST,1500,93,Provence-Alpes-Côte d'Azur,84,Auvergne-Rhône-Alpes
AERIEN,BOISSL61ZJOUX,400kV,BOISSE (LA),JOUX,1500,84,Auvergne-Rhône-Alpes,84,Auvergne-Rhône-Alpes
AERIEN,BOISSL61ZJOUX,400kV,JOUX,MACON,1500,84,Auvergne-Rhône-Alpes,27,Bourgogne-Franche-Comté
AERIEN,CURBAL61GRISO,225kV,CURBANS,GRISOLLES,400,93,Provence-Alpes-Côte d'Azur,76,Occitanie
AERIEN,P.ESCL61SSGUI,225kV,PONT-ESCOFFIER,ST-GUILLERME,400,84,Auvergne-Rhône-Alpes,84,Auvergne-Rhône-Alpes
AERIEN,BXCAIL61JONQU,225kV,BEAUCAIRE(CENTRALE CNR),JONQUIERES,400,76,Occitanie,76,Occitanie
AERIEN,MARTYL62ZTREF,225kV,DIRINON,MARTYRE (LA),400,53,Bretagne,53,Bretagne
AERIEN,MARTYL62ZTREF,225kV,MARTYRE (LA),SQUIVIDAN,400,53,Bretagne,53,Bretagne
AERIEN,TERR6L71TOURB,400kV,TERRETTE,TOURBE,1500,28,Normandie,28,Normandie
AERIEN,TERR6L72TOURB,400kV,TERRETTE,TOURBE,1500,28,Normandie,28,Normandie
AERIEN,GRENAL61MIONS,225kV,GRENAY,MIONS,400,84,Auvergne-Rhône-Alpes,84,Auvergne-Rhône-Alpes
AERIEN,MIONSL61ZGREN,225kV,AOSTE,GRENAY,400,84,Auvergne-Rhône-Alpes,84,Auvergne-Rhône-Alpes
AERIEN,MIONSL61ZGREN,225kV,GRENAY,MIONS,400,84,Auvergne-Rhône-Alpes,84,Auvergne-Rhône-Alpes
AERIEN,CHAL7L61SIERE,225kV,CHALAMPE,SIERENTZ,400,44,Grand Est,44,Grand Est
AERIEN,FESSEL61OTTMA,225kV,FESSENHEIM (CENTRALE HYDRAULIQUE),OTTMARSHEIM,400,44,Grand Est,44,Grand Est
AERIEN,CHESNL65MTERE,225kV,CHESNOY (LE),MONTEREAU,400,24,Centre-Val de Loire,24,Centre-Val de Loire
AERIEN,H.TOUL61ZH.TO,225kV,HAYANGE TOURNEBRIDE,LANDRES,400,44,Grand Est,44,Grand Est
AERIEN,H.TOUL61ZH.TO,225kV,LANDRES,ST-HUBERT,400,44,Grand Est,44,Grand Est
AERIEN,H.TOUL61ZH.TO,225kV,HAYANGE TOURNEBRIDE,LANDRES,400,44,Grand Est,44,Grand Est
AERIEN,H.TOUL61ZH.TO,225kV,LANDRES,ST-HUBERT,400,44,Grand Est,44,Grand Est
AERIEN,CURTIL61GROSN,225kV,CURTIL,GROSNE,400,27,Bourgogne-Franche-Comté,27,Bourgogne-Franche-Comté
AERIEN,GROSNL61ZCUR5,225kV,CURTIL,GROSNE,400,27,Bourgogne-Franche-Comté,27,Bourgogne-Franche-Comté
AERIEN,GROSNL61ZCUR5,225kV,GROSNE,HENRI-PAUL,400,27,Bourgogne-Franche-Comté,93,Provence-Alpes-Côte d'Azur
AERIEN,CORBIL62DISTR,225kV,CORBIERE (LA),DISTRE,400,52,Pays de la Loire,52,Pays de la Loire
AERIEN,CORBIL63DISTR,225kV,CORBIERE (LA),DISTRE,400,52,Pays de la Loire,52,Pays de la Loire
AERIEN,P.GASL61PERSA,225kV,PLESSIS-GASSOT,PERSAN,400,11,Île-de-France,11,Île-de-France
AERIEN,CERGYL61P.GAS,225kV,CERGY,PLESSIS-GASSOT,400,11,Île-de-France,11,Île-de-France
AERIEN,FEUILL61SSCHA,225kV,FEUILLANE,ST-CHAMAS,400,93,Provence-Alpes-Côte d'Azur,93,Provence-Alpes-Côte d'Azur
AERIEN,RASSUL61S.AIR,225kV,RASSUEN,SALON-BEL-AIR,400,93,Provence-Alpes-Côte d'Azur,93,Provence-Alpes-Côte d'Azur
AERIEN,CHESNL61VOULZ,225kV,CHESNOY (LE),VOULZIE (LA),400,24,Centre-Val de Loire,24,Centre-Val de Loire
AERIEN,CHESNL62VOULZ,225kV,CHESNOY (LE),VOULZIE (LA),400,24,Centre-Val de Loire,24,Centre-Val de Loire
AERIEN,CHAN5L71VLERB,400kV,CHANCEAUX,VILLERBON,1500,24,Centre-Val de Loire,24,Centre-Val de Loire
AERIEN,DISTRL71PICOC,400kV,DISTRE,PICOCHERIE (LA),1500,52,Pays de la Loire,52,Pays de la Loire
AERIEN,PASSYL61PRESS,225kV,PASSY,PRESSY,400,84,Auvergne-Rhône-Alpes,84,Auvergne-Rhône-Alpes
AERIEN,CHED5L21ZCHED,225kV,ABBAYE (S.N.C.F.),CHEDDE (S.N.C.F.),400,84,Auvergne-Rhône-Alpes,84,Auvergne-Rhône-Alpes
AERIEN,CHED5L21ZCHED,225kV,CHEDDE (S.N.C.F.),PASSY,400,84,Auvergne-Rhône-Alpes,84,Auvergne-Rhône-Alpes
AERIEN,CPNIEL61PARIS,225kV,CHAMPAGNIER,PARISET,400,84,Auvergne-Rhône-Alpes,84,Auvergne-Rhône-Alpes
AERIEN,GAMPAL61MIONS,225kV,GAMPALOUP,MIONS,400,84,Auvergne-Rhône-Alpes,84,Auvergne-Rhône-Alpes
AERIEN,GAMPAL61P.EVE,225kV,GAMPALOUP,PONT-EVEQUE,400,84,Auvergne-Rhône-Alpes,84,Auvergne-Rhône-Alpes
AERIEN,PLAISL61ROMAI,225kV,PLAISANCE,ROMAINVILLE,400,11,Île-de-France,11,Île-de-France
AERIEN,ROMAIL64ZGALE,225kV,GALERES,ROMAINVILLE,400,11,Île-de-France,11,Île-de-France
AERIEN,ROMAIL64ZGALE,225kV,ROMAINVILLE,VILLEVAUDE,400,11,Île-de-France,11,Île-de-France
AERIEN,COR.PL71GALOR,400kV,CORDEMAIS-POSTE,GALOREAUX (LES),1500,52,Pays de la Loire,52,Pays de la Loire
AERIEN,ROUGEL72TOURB,400kV,ROUGEMONTIER,TOURBE,1500,28,Normandie,28,Normandie
AERIEN,CHEVIL63ZV.OR,225kV,CHEVILLY,ULIS (LES),400,11,Île-de-France,11,Île-de-France
AERIEN,CHEVIL63ZV.OR,225kV,ULIS (LES),VILLEJUST,400,11,Île-de-France,11,Île-de-France
AERIEN,TARASL61ZMERE,225kV,HOSPITALET (L ),MERENS,400,76,Occitanie,76,Occitanie
AERIEN,TARASL61ZMERE,225kV,MERENS,TARASCON,400,76,Occitanie,76,Occitanie
AERIEN,DARSEL61RASSU,225kV,DARSE,RASSUEN,400,93,Provence-Alpes-Côte d'Azur,93,Provence-Alpes-Côte d'Azur
AERIEN,DARSEL62FEUIL,225kV,DARSE,FEUILLANE,400,93,Provence-Alpes-Côte d'Azur,93,Provence-Alpes-Côte d'Azur
AERIEN,TABARL61ZGLAC,225kV,GIEN,TABARDERIE,400,24,Centre-Val de Loire,24,Centre-Val de Loire
AERIEN,TABARL61ZGLAC,225kV,TABARDERIE,VILLEMANDEUR,400,24,Centre-Val de Loire,24,Centre-Val de Loire
AERIEN,CANTEL61NAOUT,225kV,CANTEGRIT,NAOUTOT,400,75,Nouvelle-Aquitaine,75,Nouvelle-Aquitaine
AERIEN,GODINL61RUEYR,225kV,GODIN,RUEYRES,400,76,Occitanie,76,Occitanie
AERIEN,DARSEL61GRACI,225kV,DARSE,GRACIEUSE (LA),400,93,Provence-Alpes-Côte d'Azur,93,Provence-Alpes-Côte d'Azur
AERIEN,VERGEL71VLERB,400kV,VERGER,VILLERBON,1500,53,Bretagne,24,Centre-Val de Loire
AERIEN,VERGEL72VLERB,400kV,VERGER,VILLERBON,1500,53,Bretagne,24,Centre-Val de Loire
AERIEN,CHEVIL64ZMAS5,225kV,CHEVILLY,MASSY,400,11,Île-de-France,11,Île-de-France
AERIEN,CHEVIL64ZMAS5,225kV,MASSY,VILLEJUST,400,11,Île-de-France,11,Île-de-France
AERIEN,ELANCL61MEZE5,225kV,ELANCOURT,MEZEROLLES,400,11,Île-de-France,32,Hauts-de-France
AERIEN,ELANCL61VERIN,225kV,ELANCOURT,VERINNERIE (LA),400,11,Île-de-France,11,Île-de-France
AERIEN,GAUDIL71ISSEL,400kV,GAUDIERE (LA),ISSEL,1500,93,Provence-Alpes-Côte d'Azur,76,Occitanie
AERIEN,GAUDIL72ISSEL,400kV,LA GAUDIERE,ISSEL,1500,93,Provence-Alpes-Côte d'Azur,76,Occitanie
AERIEN,ARNAGL61QUINT,225kV,ARNAGE,QUINTES (LES),400,52,Pays de la Loire,52,Pays de la Loire
AERIEN,BASTIL61LANNE,225kV,BASTILLAC,LANNEMEZAN,400,76,Occitanie,76,Occitanie
AERIEN,LANNEL61PRAGN,225kV,LANNEMEZAN,PRAGNERES,400,76,Occitanie,76,Occitanie
AERIEN,MOTT5L61ROUGI,225kV,MOTTE (LA) (V.-LES-AVIGNON),ROUGIER,400,53,Bretagne,53,Bretagne
AERIEN,COLO6L31ZCOLO,225kV,AVIGNON(POSTE),COLOMB,400,93,Provence-Alpes-Côte d'Azur,93,Provence-Alpes-Côte d'Azur
AERIEN,COLO6L31ZCOLO,225kV,COLOMB,MOTTE (LA) (V.-LES-AVIGNON),400,93,Provence-Alpes-Côte d'Azur,53,Bretagne
AERIEN,CXSSEL61RECY,225kV,CHAUSSEE (LA),RECY,400,44,Grand Est,44,Grand Est
AERIEN,RECY L61ZCUPE,225kV,CUPERLY,RECY,400,44,Grand Est,44,Grand Est
AERIEN,RECY L61ZCUPE,225kV,RECY,VESLE,400,44,Grand Est,44,Grand Est
AERIEN,C.FONL61ZQUI5,225kV,ARNAGE,CLAIRE-FONTAINE,400,52,Pays de la Loire,52,Pays de la Loire
AERIEN,C.FONL61ZQUI5,225kV,CLAIRE-FONTAINE,QUINTES (LES),400,52,Pays de la Loire,52,Pays de la Loire
AERIEN,QUINTL61ZAMIG,225kV,CLAIRE-FONTAINE,COMMERVEIL,400,52,Pays de la Loire,52,Pays de la Loire
AERIEN,QUINTL61ZAMIG,225kV,COMMERVEIL,QUINTES (LES),400,52,Pays de la Loire,52,Pays de la Loire
AERIEN,CHAPOL61T.DOM,225kV,CHAPON,TROIS DOMAINES,400,44,Grand Est,44,Grand Est
AERIEN,BREN5L61VERFE,225kV,BRENS,VERFEIL,400,84,Auvergne-Rhône-Alpes,76,Occitanie
AERIEN,SSSULL31VERFE,225kV,ST-SULPICE,VERFEIL,400,84,Auvergne-Rhône-Alpes,76,Occitanie
AERIEN,SAUL5L61ZSAU9,225kV,LANEUVEVILLE,SAULNOIS,400,44,Grand Est,44,Grand Est
AERIEN,SAUL5L61ZSAU9,225kV,SAULNOIS,ST-AVOLD,400,44,Grand Est,44,Grand Est
AERIEN,PESSAL62SAUCA,225kV,PESSAC,SAUCATS,400,75,Nouvelle-Aquitaine,75,Nouvelle-Aquitaine
AERIEN,THEIXL61ZPRIN,225kV,CORDEMAIS-POSTE,GUERSAC,400,52,Pays de la Loire,52,Pays de la Loire
AERIEN,THEIXL61ZPRIN,225kV,GUERSAC,THEIX,400,52,Pays de la Loire,53,Bretagne
AERIEN,MAZURL73REVI5,400kV,MAZURES,REVIN,1500,44,Grand Est,44,Grand Est
AERIEN,MAZURL74REVI5,400kV,MAZURES,REVIN,1500,44,Grand Est,44,Grand Est
AERIEN,DOMLOL71LAUNA,400kV,DOMLOUP,LAUNAY,1500,53,Bretagne,28,Normandie
AERIEN,DOMLOL72LAUNA,400kV,DOMLOUP,LAUNAY,1500,53,Bretagne,28,Normandie
AERIEN,.ENSDL71VIGY,400kV,ENSDORF,VIGY,1500,0,Étranger,44,Grand Est
AERIEN,BISC6L61JONQU,225kV,BISCARRAT,JONQUIERES,400,76,Occitanie,76,Occitanie
AERIEN,BISC6L62JONQU,225kV,BISCARRAT,JONQUIERES,400,76,Occitanie,76,Occitanie
AERIEN,MOUGIL61P.GR5,225kV,MOUGINS,PLAN-DE-GRASSE,400,93,Provence-Alpes-Côte d'Azur,93,Provence-Alpes-Côte d'Azur
AERIEN,H.PAUL71SSV.O,400kV,HENRI-PAUL,ST-VULBAS-OUEST,1500,93,Provence-Alpes-Côte d'Azur,84,Auvergne-Rhône-Alpes
AERIEN,GROSNL61MACON,400kV,GROSNE,MACON,1500,27,Bourgogne-Franche-Comté,27,Bourgogne-Franche-Comté
AERIEN,EGUZOL71VERGE,400kV,EGUZON,VERGER,1500,24,Centre-Val de Loire,53,Bretagne
AERIEN,CPNIEL71VAUJA,400kV,CHAMPAGNIER,VAUJANY,1500,84,Auvergne-Rhône-Alpes,84,Auvergne-Rhône-Alpes
AERIEN,CPNIEL72VAUJA,400kV,CHAMPAGNIER,VAUJANY,1500,84,Auvergne-Rhône-Alpes,84,Auvergne-Rhône-Alpes
AERIEN,MEZE5L62NOURO,225kV,MEZEROLLES,NOUROTTES,400,32,Hauts-de-France,11,Île-de-France
AERIEN,DRONNL61TOURB,225kV,DRONNIERE (LA),TOURBE,400,28,Normandie,28,Normandie
AERIEN,DRONNL62TOURB,225kV,DRONNIERE (LA),TOURBE,400,28,Normandie,28,Normandie
AERIEN,CORNIL61PRESS,225kV,CORNIER,PRESSY,400,84,Auvergne-Rhône-Alpes,84,Auvergne-Rhône-Alpes
AERIEN,PRESSL61VALLO,225kV,PRESSY,VALLORCINE,400,84,Auvergne-Rhône-Alpes,84,Auvergne-Rhône-Alpes
AERIEN,FOUTEL61G.SYN,225kV,FOUTEIN,GRANDE-SYNTHE,400,32,Hauts-de-France,32,Hauts-de-France
AERIEN,FOUTEL62G.SYN,225kV,FOUTEIN,GRANDE-SYNTHE,400,32,Hauts-de-France,32,Hauts-de-France
AERIEN,L.CHAL61S.DAM,225kV,LONG-CHAMP (LE),SOISSONS-NOTRE-DAME,400,32,Hauts-de-France,32,Hauts-de-France
AERIEN,S.DAML61ZRUPR,225kV,BEAUTOR(POSTE),RUPREUX,400,32,Hauts-de-France,32,Hauts-de-France
AERIEN,S.DAML61ZRUPR,225kV,RUPREUX,SOISSONS-NOTRE-DAME,400,32,Hauts-de-France,32,Hauts-de-France
AERIEN,ECHALL61RIVIE,225kV,ECHALAS,RIVIERE (LA),400,84,Auvergne-Rhône-Alpes,75,Nouvelle-Aquitaine
AERIEN,C.GEAL31ZTERR,225kV,CHAMP-DU-GEAI,RIVIERE (LA),400,75,Nouvelle-Aquitaine,75,Nouvelle-Aquitaine
AERIEN,C.GEAL31ZTERR,225kV,RIVIERE (LA),TERRENOIRE,400,75,Nouvelle-Aquitaine,75,Nouvelle-Aquitaine
AERIEN,GAUDIL61MOREA,225kV,LA GAUDIERE,MOREAU,400,93,Provence-Alpes-Côte d'Azur,93,Provence-Alpes-Côte d'Azur
AERIEN,COQU5L62ZCOQ5,225kV,AQUEDUCS (LES),COQUIBUS,400,11,Île-de-France,32,Hauts-de-France
AERIEN,COQU5L62ZCOQ5,225kV,COQUIBUS,GRIGNY,400,32,Hauts-de-France,32,Hauts-de-France
AERIEN,COQU5L61ZCOQU,225kV,AQUEDUCS (LES),COQUIBUS,400,11,Île-de-France,32,Hauts-de-France
AERIEN,COQU5L61ZCOQU,225kV,COQUIBUS,GRIGNY,400,32,Hauts-de-France,32,Hauts-de-France
AERIEN,P.ROSL61SARR6,225kV,PETITE-ROSSELLE,SARREGUEMINES,400,44,Grand Est,44,Grand Est
AERIEN,FLEACL61SANIL,225kV,FLEAC,SANILHAC,400,75,Nouvelle-Aquitaine,84,Auvergne-Rhône-Alpes
AERIEN,ARGIAL62MOUGU,225kV,ARGIA,MOUGUERRE,400,75,Nouvelle-Aquitaine,75,Nouvelle-Aquitaine
AERIEN,ARGOEL71PENL5,400kV,ARGOEUVES,PENLY (POSTE EVACUATION),1500,32,Hauts-de-France,28,Normandie
AERIEN,LIMEUL71PENL5,400kV,LIMEUX,PENLY (POSTE EVACUATION),1500,32,Hauts-de-France,28,Normandie
AERIEN,QUINSL61ZQUIN,225kV,QUINSON,ROUMOULES,400,93,Provence-Alpes-Côte d'Azur,93,Provence-Alpes-Côte d'Azur
AERIEN,QUINSL61ZQUIN,225kV,ROUMOULES,STE-CROIX,400,93,Provence-Alpes-Côte d'Azur,84,Auvergne-Rhône-Alpes
AERIEN,QUINSL61ZQUIN,225kV,STE-CROIX,STE-TULLE,400,84,Auvergne-Rhône-Alpes,93,Provence-Alpes-Côte d'Azur
AERIEN,CHENEL61SENAR,225kV,CHENET,SENART,400,11,Île-de-France,11,Île-de-France
AERIEN,CIROLL61MALEC,225kV,CIROLLIERS,MALECOT,400,11,Île-de-France,11,Île-de-France
AERIEN,FROGEL61ZLANC,225kV,EYBENS,FROGES,400,84,Auvergne-Rhône-Alpes,84,Auvergne-Rhône-Alpes
AERIEN,FROGEL61ZLANC,225kV,FROGES,LANCEY,400,84,Auvergne-Rhône-Alpes,84,Auvergne-Rhône-Alpes
AERIEN,ARRIGL61MORBR,225kV,ARRIGHI,MORBRAS,400,94,Corse,11,Île-de-France
AERIEN,CARRIL61MORU,225kV,CARRIERES,MORU,400,11,Île-de-France,11,Île-de-France
AERIEN,BRENOL31CARRI,225kV,BRENOUILLE,CARRIERES,400,32,Hauts-de-France,11,Île-de-France
AERIEN,G.COUL61SSROU,225kV,GRAND-COURONNE,ST-ETIENNE DU ROUVRAY,400,28,Normandie,28,Normandie
AERIEN,G.COUL62SSROU,225kV,GRAND-COURONNE,ST-ETIENNE DU ROUVRAY,400,28,Normandie,28,Normandie
AERIEN,HOUDRL71LOGEL,400kV,HOUDREVILLE,LOGELBACH,1500,44,Grand Est,44,Grand Est
AERIEN,HOUDRL71VINCE,400kV,HOUDREVILLE,VINCEY,1500,44,Grand Est,44,Grand Est
AERIEN,P.ORGL61RQROU,225kV,PLAN-D ORGON,ROQUEROUSSE,400,93,Provence-Alpes-Côte d'Azur,93,Provence-Alpes-Côte d'Azur
AERIEN,SSEA2L72VERGE,400kV,ST-LAURENT-DES-EAUX B,VERGER,1500,53,Bretagne,53,Bretagne
AERIEN,GAMPAL61SABLO,225kV,GAMPALOUP,SABLONS (CLIENT),400,84,Auvergne-Rhône-Alpes,75,Nouvelle-Aquitaine
AERIEN,GAMPAL31SABLO,225kV,GAMPALOUP,SABLONS (CLIENT),400,84,Auvergne-Rhône-Alpes,75,Nouvelle-Aquitaine
AERIEN,AVALLL61VNOL,225kV,AVALLON,VIGNOL,400,27,Bourgogne-Franche-Comté,27,Bourgogne-Franche-Comté
AERIEN,ECHALL72P.COR,400kV,ECHALAS,PIVOZ CORDIER,1500,84,Auvergne-Rhône-Alpes,84,Auvergne-Rhône-Alpes
AERIEN,B.MONL61VALE8,225kV,BEAUMONT-MONTEUX,VALENCE,400,84,Auvergne-Rhône-Alpes,84,Auvergne-Rhône-Alpes
AERIEN,B.MONL61ZCBAU,225kV,BEAUMONT-MONTEUX,CHABRILLAN,400,84,Auvergne-Rhône-Alpes,84,Auvergne-Rhône-Alpes
AERIEN,B.MONL61ZCBAU,225kV,CHABRILLAN,CHAMBAUD,400,84,Auvergne-Rhône-Alpes,84,Auvergne-Rhône-Alpes
AERIEN,CBAUDL61G.CO6,225kV,CHAMBAUD,GRAND-COURBIS,400,84,Auvergne-Rhône-Alpes,84,Auvergne-Rhône-Alpes
AERIEN,LAVALL61ZCOR6,225kV,BEAUCOUZE,CORBIERE (LA),400,52,Pays de la Loire,52,Pays de la Loire
AERIEN,LAVALL61ZCOR6,225kV,CORBIERE (LA),LAVAL,400,52,Pays de la Loire,52,Pays de la Loire
AERIEN,MARL6L71VIGY,400kV,MARLENHEIM,VIGY,1500,44,Grand Est,44,Grand Est
AERIEN,BERGHL61ZSAR6,400kV,BERGHOLZ,SARREGUEMINES,1500,0,Étranger,44,Grand Est
AERIEN,BERGHL61ZSAR6,400kV,SARREGUEMINES,ST-AVOLD,1500,44,Grand Est,44,Grand Est
AERIEN,ELANCL61SAULE,225kV,ELANCOURT,SAULES,400,11,Île-de-France,27,Bourgogne-Franche-Comté
AERIEN,ELANCL62SAULE,225kV,ELANCOURT,SAULES,400,11,Île-de-France,27,Bourgogne-Franche-Comté
AERIEN,CAZARL71MARSI,400kV,CAZARIL,MARSILLON,1500,76,Occitanie,75,Nouvelle-Aquitaine
AERIEN,LONNYL71VESLE,400kV,LONNY,VESLE,1500,44,Grand Est,44,Grand Est
AERIEN,SEUILL71VESLE,400kV,SEUIL,VESLE,1500,44,Grand Est,44,Grand Est
AERIEN,MOLE L61RUEYR,225kV,MOLE (LA),RUEYRES,400,75,Nouvelle-Aquitaine,76,Occitanie
AERIEN,MOLE L62RUEYR,225kV,MOLE (LA),RUEYRES,400,75,Nouvelle-Aquitaine,76,Occitanie
AERIEN,CARRIL61TERRI,225kV,CARRIERES,TERRIER,400,11,Île-de-France,11,Île-de-France
AERIEN,CARRIL62TERRI,225kV,CARRIERES,TERRIER,400,11,Île-de-France,11,Île-de-France
AERIEN,.MONCL61CHOO5,225kV,MONCEAU,CHOOZ,400,32,Hauts-de-France,44,Grand Est
AERIEN,CHOO5L31GIVET,225kV,CHOOZ,GIVET,400,44,Grand Est,44,Grand Est
AERIEN,BARNAL71REMIS,400kV,BARNABOS,REMISE,1500,28,Normandie,28,Normandie
AERIEN,ARDOIL63TAVEL,225kV,ARDOISE (L ),TAVEL,400,76,Occitanie,76,Occitanie
AERIEN,CUPERL61VESLE,225kV,CUPERLY,VESLE,400,44,Grand Est,44,Grand Est
AERIEN,VESLEL61ZCUPE,225kV,CUPERLY,RECY,400,44,Grand Est,44,Grand Est
AERIEN,VESLEL61ZCUPE,225kV,RECY,VESLE,400,44,Grand Est,44,Grand Est
AERIEN,COLAYL61GUPIE,225kV,COLAYRAC,GUPIE,400,75,Nouvelle-Aquitaine,75,Nouvelle-Aquitaine
AERIEN,ECHALL61GIVOR,225kV,ECHALAS,GIVORS,400,84,Auvergne-Rhône-Alpes,84,Auvergne-Rhône-Alpes
AERIEN,ECHALL62GIVOR,225kV,ECHALAS,GIVORS,400,84,Auvergne-Rhône-Alpes,84,Auvergne-Rhône-Alpes
AERIEN,ELANCL61SAULE,225kV,ELANCOURT,SAULES,400,11,Île-de-France,27,Bourgogne-Franche-Comté
AERIEN,GRAFFL61MARL6,225kV,GRAFFENSTADEN,MARLENHEIM,400,44,Grand Est,44,Grand Est
AERIEN,GRAFFL61REICH,225kV,GRAFFENSTADEN,REICHSTETT,400,44,Grand Est,44,Grand Est
AERIEN,VLEJUL61VLERA,225kV,VILLEJUST,VILLERAS,400,11,Île-de-France,11,Île-de-France
AERIEN,P.SEPL61SAINN,225kV,PONT-SEPT,SAINNEVILLE,400,28,Normandie,28,Normandie
AERIEN,MTIVIL41SAINN,225kV,MONTIVILLIERS,SAINNEVILLE,400,28,Normandie,28,Normandie
AERIEN,VLEJUL61ZMTJA,225kV,ST-AUBIN,MONTJAY,400,11,Île-de-France,11,Île-de-France
AERIEN,VLEJUL61ZMTJA,225kV,MONTJAY,VILLEJUST,400,11,Île-de-France,11,Île-de-France
AERIEN,CAIL5L61E.BOT,225kV,CAILLOLS,ENCO-DE-BOTTE,400,93,Provence-Alpes-Côte d'Azur,93,Provence-Alpes-Côte d'Azur
AERIEN,CAIL5L61RABAT,225kV,CAILLOLS,RABATAU,400,93,Provence-Alpes-Côte d'Azur,93,Provence-Alpes-Côte d'Azur
AERIEN,P.SIML61RIVEN,225kV,PORTET-ST-SIMON,RIVENEUVE,400,76,Occitanie,76,Occitanie
AERIEN,ARGOEL61B.CO6,225kV,ARGOEUVES,BRAILLY-CORNEHOTTE,400,32,Hauts-de-France,32,Hauts-de-France
AERIEN,HIRSIL61ZHIRS,225kV,ETUPES,HIRSINGUE,400,27,Bourgogne-Franche-Comté,44,Grand Est
AERIEN,HIRSIL61ZHIRS,225kV,HIRSINGUE,SIERENTZ,400,44,Grand Est,44,Grand Est
AERIEN,PERIZL61ZCP.M,225kV,MONT-VARIN,PERIZET (LE),400,32,Hauts-de-France,32,Hauts-de-France
AERIEN,PERIZL61ZCP.M,225kV,PERIZET (LE),SETIER,400,32,Hauts-de-France,32,Hauts-de-France
AERIEN,P.GASL62ZBRIC,225kV,PLESSIS-GASSOT,SEINE,400,11,Île-de-France,11,Île-de-France
AERIEN,P.GASL62ZBRIC,225kV,SEINE,BRICHE (LA),400,11,Île-de-France,11,Île-de-France
AERIEN,SEINEL62ZBRIC,225kV,PLESSIS-GASSOT,SEINE,400,11,Île-de-France,11,Île-de-France
AERIEN,SEINEL62ZBRIC,225kV,SEINE,BRICHE (LA),400,11,Île-de-France,11,Île-de-France
AERIEN,FOUSCL62TAMAR,225kV,FOUSCAIS,TAMAREAU,400,76,Occitanie,76,Occitanie
AERIEN,ROLAML61ZP.V5,225kV,CRENEY,PONT-LA-VILLE,400,44,Grand Est,44,Grand Est
AERIEN,ROLAML61ZP.V5,225kV,PONT-LA-VILLE,ROLAMPONT,400,44,Grand Est,44,Grand Est
AERIEN,ARVIGL61SENAR,225kV,ARVIGNY,SENART,400,11,Île-de-France,11,Île-de-France
AERIEN,GROSNL71SSV.O,400kV,GROSNE,ST-VULBAS-OUEST,1500,27,Bourgogne-Franche-Comté,84,Auvergne-Rhône-Alpes
AERIEN,H.PAUL71SSV.O,400kV,HENRI-PAUL,ST-VULBAS-OUEST,1500,93,Provence-Alpes-Côte d'Azur,84,Auvergne-Rhône-Alpes
AERIEN,ARGIAL61MOUGU,225kV,ARGIA,MOUGUERRE,400,75,Nouvelle-Aquitaine,75,Nouvelle-Aquitaine
AERIEN,ARGIAL62MOUGU,225kV,ARGIA,MOUGUERRE,400,75,Nouvelle-Aquitaine,75,Nouvelle-Aquitaine
AERIEN,Q.SEIL61TAMAR,225kV,QUATRE SEIGNEURS,TAMAREAU,400,76,Occitanie,76,Occitanie
AERIEN,Q.SEIL61TAMAR,225kV,QUATRE SEIGNEURS,TAMAREAU,400,76,Occitanie,76,Occitanie
AERIEN,G.QUEL61VAUPA,225kV,GRAND-QUEVILLY,VAUPALIERE (LA),400,28,Normandie,28,Normandie
AERIEN,CUPERL61VESLE,225kV,CUPERLY,VESLE,400,44,Grand Est,44,Grand Est
AERIEN,RHENAL62VOGEL,225kV,RHENALU,VOGELGRUN,400,44,Grand Est,44,Grand Est
AERIEN,VIGY L61ZB.HA,225kV,BASSE HAM,ST-HUBERT,400,44,Grand Est,44,Grand Est
AERIEN,VIGY L61ZB.HA,225kV,ST-HUBERT,VIGY,400,44,Grand Est,44,Grand Est
AERIEN,ALLINL61ZALL7,225kV,ALLINGES,CORNIER,400,84,Auvergne-Rhône-Alpes,84,Auvergne-Rhône-Alpes
AERIEN,ALLINL61ZALL7,225kV,CORNIER,JUVIGNY,400,84,Auvergne-Rhône-Alpes,84,Auvergne-Rhône-Alpes
AERIEN,P.HA5L61ZCORO,225kV,BRENNILIS,PLAINE HAUTE,400,53,Bretagne,53,Bretagne
AERIEN,P.HA5L61ZCORO,225kV,PLAINE HAUTE,ROSPEZ,400,53,Bretagne,53,Bretagne
AERIEN,MIONSL62VENIS,225kV,MIONS,VENISSIEUX,400,84,Auvergne-Rhône-Alpes,84,Auvergne-Rhône-Alpes
AERIEN,AVELIL71GAVRE,400kV,AVELIN,GAVRELLE,1500,32,Hauts-de-France,32,Hauts-de-France
AERIEN,CANTEL73SAUCA,400kV,CANTEGRIT,SAUCATS,1500,75,Nouvelle-Aquitaine,75,Nouvelle-Aquitaine
AERIEN,ASTURL61CZRIE,225kV,ASTURIES,COURRIERES,400,32,Hauts-de-France,32,Hauts-de-France
AERIEN,AVELIL61CZRIE,225kV,AVELIN,COURRIERES,400,32,Hauts-de-France,32,Hauts-de-France
AERIEN,P.SIML61RIVEN,225kV,PORTET-ST-SIMON,RIVENEUVE,400,76,Occitanie,76,Occitanie
AERIEN,RIVENL61TARAS,225kV,RIVENEUVE,TARASCON,400,76,Occitanie,76,Occitanie
AERIEN,MTGROL62PRATC,225kV,MONTGROS,PRATCLAUX,400,84,Auvergne-Rhône-Alpes,84,Auvergne-Rhône-Alpes
AERIEN,BARBUL61CRENE,225kV,BARBUISE,CRENEY,400,44,Grand Est,44,Grand Est
AERIEN,BARBUL61FOSSE,225kV,BARBUISE,FOSSES (LES),400,44,Grand Est,11,Île-de-France
AERIEN,H.DIEL62VAUPA,225kV,HOTEL DIEU,VAUPALIERE (LA),400,28,Normandie,28,Normandie
AERIEN,ECHALL61MADE5,225kV,ECHALAS,MADELEINE (LA)(CREUSOT LOIRE INDUSTRIE A RIVE-DE-GIERS),400,84,Auvergne-Rhône-Alpes,32,Hauts-de-France
AERIEN,ECHALL62SOLEI,225kV,ECHALAS,SOLEIL (LE),400,84,Auvergne-Rhône-Alpes,84,Auvergne-Rhône-Alpes
AERIEN,C.SEIL61ZC.SE,225kV,CHATILLON-SUR-SEINE,DARCEY,400,27,Bourgogne-Franche-Comté,27,Bourgogne-Franche-Comté
AERIEN,C.SEIL61ZC.SE,225kV,DARCEY,ROSIERES,400,27,Bourgogne-Franche-Comté,84,Auvergne-Rhône-Alpes
AERIEN,C.SEIL31TONNE,225kV,CHATILLON-SUR-SEINE,TONNERRE,400,27,Bourgogne-Franche-Comté,27,Bourgogne-Franche-Comté
AERIEN,P.GASL61P.GAS,225kV,PLESSIS-GASSOT,PLESSIS-GASSOT,400,11,Île-de-France,11,Île-de-France
AERIEN,AVELIL71MASTA,400kV,AVELIN,MASTAING,1500,32,Hauts-de-France,32,Hauts-de-France
AERIEN,PUSY L61ZRIGO,225kV,PUSY,RIGOTTE (LA),400,27,Bourgogne-Franche-Comté,44,Grand Est
AERIEN,PUSY L61ZRIGO,225kV,RIGOTTE (LA),ROLAMPONT,400,44,Grand Est,44,Grand Est
AERIEN,P.ORGL71TAVEL,400kV,PLAN-D ORGON,TAVEL,1500,93,Provence-Alpes-Côte d'Azur,76,Occitanie
AERIEN,TAVELL71ZT.SU,400kV,PRIONNET,TAVEL,1500,76,Occitanie,76,Occitanie
AERIEN,TAVELL71ZT.SU,400kV,TAVEL,TORE SUPRA,1500,76,Occitanie,76,Occitanie
AERIEN,COUDOL61OLLI5,225kV,COUDON (LE),OLLIERES,400,93,Provence-Alpes-Côte d'Azur,93,Provence-Alpes-Côte d'Azur
AERIEN,C.REGL61ZMAGN,225kV,CHAMPS-REGNAUD,CHAMPVANS,400,27,Bourgogne-Franche-Comté,27,Bourgogne-Franche-Comté
AERIEN,C.REGL61ZMAGN,225kV,CHAMPVANS,MAGNY(-SUR-TILLE),400,27,Bourgogne-Franche-Comté,24,Centre-Val de Loire
AERIEN,MIONSL61MOUCH,225kV,MIONS,MOUCHE (LA),400,84,Auvergne-Rhône-Alpes,84,Auvergne-Rhône-Alpes
AERIEN,BXCOUL61ZCOR6,225kV,BEAUCOUZE,CORBIERE (LA),400,52,Pays de la Loire,52,Pays de la Loire
AERIEN,BXCOUL61ZCOR6,225kV,CORBIERE (LA),LAVAL,400,52,Pays de la Loire,52,Pays de la Loire
AERIEN,BXCOUL41ZBXC5,225kV,BELFROY,BEAUCOUZE,400,52,Pays de la Loire,52,Pays de la Loire
AERIEN,BXCOUL41ZBXC5,225kV,BEAUCOUZE,ST-SYLVAIN-D'ANJOU,400,52,Pays de la Loire,52,Pays de la Loire
AERIEN,FROGEL61ZMER7,225kV,FROGES,GRANDE-ILE,400,84,Auvergne-Rhône-Alpes,84,Auvergne-Rhône-Alpes
AERIEN,FROGEL61ZMER7,225kV,GRANDE-ILE,MERCIERS (LES),400,84,Auvergne-Rhône-Alpes,84,Auvergne-Rhône-Alpes
AERIEN,FROGEL31MERCI,225kV,FROGES,MERCIERS (LES),400,84,Auvergne-Rhône-Alpes,84,Auvergne-Rhône-Alpes
AERIEN,S.DAML61ZRUPR,225kV,BEAUTOR(POSTE),RUPREUX,400,32,Hauts-de-France,32,Hauts-de-France
AERIEN,S.DAML61ZRUPR,225kV,RUPREUX,SOISSONS-NOTRE-DAME,400,32,Hauts-de-France,32,Hauts-de-France
AERIEN,L.CHAL31SOISS,225kV,LONG-CHAMP (LE),SOISSONS-SAINT-PAUL,400,32,Hauts-de-France,32,Hauts-de-France
AERIEN,SSAUBL61SSTUL,225kV,ST-AUBAN,STE-TULLE,400,93,Provence-Alpes-Côte d'Azur,93,Provence-Alpes-Côte d'Azur
AERIEN,SSAUBL61SSTUL,225kV,ST-AUBAN,STE-TULLE,400,93,Provence-Alpes-Côte d'Azur,93,Provence-Alpes-Côte d'Azur
AERIEN,.VENAL71VLARO,400kV,VENAUS,VILLARODIN,1500,0,Étranger,84,Auvergne-Rhône-Alpes
AERIEN,FRASNL71MAMBE,400kV,FRASNE,MAMBELIN,1500,27,Bourgogne-Franche-Comté,27,Bourgogne-Franche-Comté
AERIEN,MIONSL61SSV.E,225kV,MIONS,ST-VULBAS-EST,400,84,Auvergne-Rhône-Alpes,84,Auvergne-Rhône-Alpes
AERIEN,GENASL31MIONS,225kV,GENAS,MIONS,400,84,Auvergne-Rhône-Alpes,84,Auvergne-Rhône-Alpes
AERIEN,CPNOLL61FRASN,225kV,CHAMPAGNOLE,FRASNE,400,27,Bourgogne-Franche-Comté,27,Bourgogne-Franche-Comté
AERIEN,CPNOLL31ZC.BR,225kV,CHAMPAGNOLE,GRANGES-STE-MARIE,400,27,Bourgogne-Franche-Comté,27,Bourgogne-Franche-Comté
AERIEN,CPNOLL31ZC.BR,225kV,GRANGES-STE-MARIE,PONTARLIER,400,27,Bourgogne-Franche-Comté,27,Bourgogne-Franche-Comté
AERIEN,COULAL71TAVEL,400kV,COULANGE,TAVEL,1500,84,Auvergne-Rhône-Alpes,76,Occitanie
AERIEN,TAVELL73TRI.P,400kV,TAVEL,TRICASTIN-POSTE (LE),1500,76,Occitanie,84,Auvergne-Rhône-Alpes
AERIEN,MANDAL71WARAN,400kV,MANDARINS,WARANDE,1500,32,Hauts-de-France,32,Hauts-de-France
AERIEN,ATTAQL72WARAN,400kV,ATTAQUES (LES),WARANDE,1500,32,Hauts-de-France,32,Hauts-de-France
AERIEN,AYRESL61COUFF,225kV,AYRES,COUFFRAU,400,76,Occitanie,76,Occitanie
AERIEN,CHARPL71GREPI,400kV,CHARPENAY,GREPILLES,1500,84,Auvergne-Rhône-Alpes,84,Auvergne-Rhône-Alpes
AERIEN,CHARPL71SSV.O,400kV,CHARPENAY,ST-VULBAS-OUEST,1500,84,Auvergne-Rhône-Alpes,84,Auvergne-Rhône-Alpes
AERIEN,CHARPL72GREPI,400kV,CHARPENAY,GREPILLES,1500,84,Auvergne-Rhône-Alpes,84,Auvergne-Rhône-Alpes
AERIEN,CHARPL72SSV.O,400kV,CHARPENAY,ST-VULBAS-OUEST,1500,84,Auvergne-Rhône-Alpes,84,Auvergne-Rhône-Alpes
AERIEN,PALENL61SAONE,225kV,PALENTE,SAONE,400,27,Bourgogne-Franche-Comté,27,Bourgogne-Franche-Comté
AERIEN,DARSEL61RASSU,225kV,DARSE,RASSUEN,400,93,Provence-Alpes-Côte d'Azur,93,Provence-Alpes-Côte d'Azur
AERIEN,CTAURL61ZVILA,225kV,CHATEAURENARD,MONTAGNETTE (LA),400,93,Provence-Alpes-Côte d'Azur,93,Provence-Alpes-Côte d'Azur
AERIEN,CTAURL61ZVILA,225kV,MONTAGNETTE (LA),ROQUEROUSSE,400,93,Provence-Alpes-Côte d'Azur,93,Provence-Alpes-Côte d'Azur
AERIEN,BREU5L61H.PAU,225kV,BREUIL,HENRI-PAUL,400,84,Auvergne-Rhône-Alpes,93,Provence-Alpes-Côte d'Azur
AERIEN,CPNOLL61SAONE,225kV,CHAMPAGNOLE,SAONE,400,27,Bourgogne-Franche-Comté,27,Bourgogne-Franche-Comté
AERIEN,PTARLL61SAONE,225kV,PONTARLIER,SAONE,400,27,Bourgogne-Franche-Comté,27,Bourgogne-Franche-Comté
AERIEN,BLAY5L61MQIS,225kV,BLAYAIS (POSTE AEROSOUTERRAIN),MARQUIS (LE),400,75,Nouvelle-Aquitaine,75,Nouvelle-Aquitaine
AERIEN,CHARPL71SSV.O,400kV,CHARPENAY,ST-VULBAS-OUEST,1500,84,Auvergne-Rhône-Alpes,84,Auvergne-Rhône-Alpes
AERIEN,CHARPL72SSV.O,400kV,CHARPENAY,ST-VULBAS-OUEST,1500,84,Auvergne-Rhône-Alpes,84,Auvergne-Rhône-Alpes
AERIEN,VINCEL61ZSSNA,225kV,ETIVAL,ST-NABORD,400,44,Grand Est,44,Grand Est
AERIEN,VINCEL61ZSSNA,225kV,ST-NABORD,VINCEY,400,44,Grand Est,44,Grand Est
AERIEN,BEZAUL71VIGY,400kV,BEZAUMONT,VIGY,1500,44,Grand Est,44,Grand Est
AERIEN,BEZAUL72VIGY,400kV,BEZAUMONT,VIGY,1500,44,Grand Est,44,Grand Est
AERIEN,AUBE L61COMM7,225kV,AUBE,COMMERVEIL,400,44,Grand Est,52,Pays de la Loire
AERIEN,MOLIEL71QUINT,400kV,MOLIERE,LES-QUINTES,1500,52,Pays de la Loire,52,Pays de la Loire
AERIEN,CHAFFL71MIONS,400kV,CHAFFARD (LE),MIONS,1500,84,Auvergne-Rhône-Alpes,84,Auvergne-Rhône-Alpes
AERIEN,COUDOL61NEOUL,225kV,COUDON (LE),NEOULES,400,93,Provence-Alpes-Côte d'Azur,93,Provence-Alpes-Côte d'Azur
AERIEN,COUDOL62NEOUL,225kV,COUDON (LE),NEOULES,400,93,Provence-Alpes-Côte d'Azur,93,Provence-Alpes-Côte d'Azur
AERIEN,C.REGL61VIELM,225kV,CHAMPS-REGNAUD,VIELMOULIN,400,27,Bourgogne-Franche-Comté,27,Bourgogne-Franche-Comté
AERIEN,C.REGL32MARC6,225kV,CHAMPS-REGNAUD,MARCILLY,400,27,Bourgogne-Franche-Comté,28,Normandie
AERIEN,VAIREL62VLEVA,225kV,VAIRES,VILLEVAUDE,400,11,Île-de-France,11,Île-de-France
AERIEN,VLEVAL62ZLAN8,225kV,LANGLOIS,MORBRAS,400,11,Île-de-France,11,Île-de-France
AERIEN,VLEVAL62ZLAN8,225kV,MORBRAS,VILLEVAUDE,400,11,Île-de-France,11,Île-de-France
AERIEN,COCHEL71P.AND,400kV,COCHE (LA),PRAZ-ST-ANDRE,1500,84,Auvergne-Rhône-Alpes,84,Auvergne-Rhône-Alpes
AERIEN,VLAROL71ZP.AN,400kV,PRAZ ST ANDRE 1,PRAZ ST ANDRE 2,1500,84,Auvergne-Rhône-Alpes,84,Auvergne-Rhône-Alpes
AERIEN,VLAROL71ZP.AN,400kV,PRAZ ST ANDRE 2,VILLARODIN,1500,84,Auvergne-Rhône-Alpes,84,Auvergne-Rhône-Alpes
AERIEN,P.GASL61ZBRI5,225kV,PLESSIS-GASSOT,SEINE,400,11,Île-de-France,11,Île-de-France
AERIEN,P.GASL61ZBRI5,225kV,SEINE,BRICHE (LA),400,11,Île-de-France,11,Île-de-France
AERIEN,P.GASL64ZFAN5,225kV,FALLOU,FANAUDES,400,11,Île-de-France,11,Île-de-France
AERIEN,P.GASL64ZFAN5,225kV,FANAUDES,PLESSIS-GASSOT,400,11,Île-de-France,11,Île-de-France
AERIEN,BERG9L61MARSI,225kV,BERGE,MARSILLON,400,75,Nouvelle-Aquitaine,75,Nouvelle-Aquitaine
AERIEN,MIONSL61VENIS,225kV,MIONS,VENISSIEUX,400,84,Auvergne-Rhône-Alpes,84,Auvergne-Rhône-Alpes
AERIEN,MIONSL62MOUCH,225kV,MIONS,MOUCHE (LA),400,84,Auvergne-Rhône-Alpes,84,Auvergne-Rhône-Alpes
AERIEN,CHOLEL61MAUGE,225kV,CHOLET,MAUGES (LES),400,52,Pays de la Loire,52,Pays de la Loire
AERIEN,CHOLEL62DISTR,225kV,CHOLET,DISTRE,400,52,Pays de la Loire,52,Pays de la Loire
AERIEN,SSTULL61ZQUIN,225kV,QUINSON,ROUMOULES,400,93,Provence-Alpes-Côte d'Azur,93,Provence-Alpes-Côte d'Azur
AERIEN,SSTULL61ZQUIN,225kV,ROUMOULES,STE-CROIX,400,93,Provence-Alpes-Côte d'Azur,84,Auvergne-Rhône-Alpes
AERIEN,SSTULL61ZQUIN,225kV,STE-CROIX,STE-TULLE,400,84,Auvergne-Rhône-Alpes,93,Provence-Alpes-Côte d'Azur
AERIEN,GAMPAL61MIONS,225kV,GAMPALOUP,MIONS,400,84,Auvergne-Rhône-Alpes,84,Auvergne-Rhône-Alpes
AERIEN,MIONSL61P.EVE,225kV,MIONS,PONT-EVEQUE,400,84,Auvergne-Rhône-Alpes,84,Auvergne-Rhône-Alpes
AERIEN,AYRESL71RUEYR,400kV,AYRES,RUEYRES,1500,76,Occitanie,76,Occitanie
AERIEN,HAVR5L61P.SEP,225kV,HAVRE (LE) (POSTE),PONT-SEPT,400,28,Normandie,28,Normandie
AERIEN,VLEJUL62ZROB5,225kV,CHATILLON (CLAMART),ROBINSON,400,11,Île-de-France,11,Île-de-France
AERIEN,VLEJUL62ZROB5,225kV,ROBINSON,VILLEJUST,400,11,Île-de-France,11,Île-de-France
AERIEN,AYRESL71GAUDI,400kV,AYRES,LA GAUDIERE,1500,76,Occitanie,93,Provence-Alpes-Côte d'Azur
AERIEN,B.CARL71BIANC,400kV,BROC-CARROS (LE),BIANCON,1500,93,Provence-Alpes-Côte d'Azur,93,Provence-Alpes-Côte d'Azur
AERIEN,B.CARL72BIANC,400kV,BROC-CARROS,BIANCON,1500,93,Provence-Alpes-Côte d'Azur,93,Provence-Alpes-Côte d'Azur
AERIEN,LONNYL72MAZUR,400kV,LONNY,MAZURES,1500,44,Grand Est,44,Grand Est
AERIEN,CERGYL61PORCH,225kV,CERGY,PORCHEVILLE,400,11,Île-de-France,11,Île-de-France
AERIEN,VLEVAL62ZGAL5,225kV,GALERES,PLAISANCE,400,11,Île-de-France,11,Île-de-France
AERIEN,VLEVAL62ZGAL5,225kV,PLAISANCE,VILLEVAUDE,400,11,Île-de-France,11,Île-de-France
AERIEN,VLEVAL64ZGALE,225kV,GALERES,ROMAINVILLE,400,11,Île-de-France,11,Île-de-France
AERIEN,VLEVAL64ZGALE,225kV,ROMAINVILLE,VILLEVAUDE,400,11,Île-de-France,11,Île-de-France
AERIEN,FALLOL61TILLI,225kV,FALLOU,TILLIERS,400,11,Île-de-France,11,Île-de-France
AERIEN,FALLOL62ZV.BE,225kV,FALLOU,PLESSIS-GASSOT,400,11,Île-de-France,11,Île-de-France
AERIEN,FALLOL62ZV.BE,225kV,PLESSIS-GASSOT,VILLIERS-LE-BEL,400,11,Île-de-France,11,Île-de-France
AERIEN,HELLEL61M.LIL,225kV,HELLEMMES,MOULINS,400,32,Hauts-de-France,32,Hauts-de-France
AERIEN,HELLEL61M.LIL,225kV,MOULINS,LILLE,400,32,Hauts-de-France,32,Hauts-de-France
AERIEN,HELLEL62M.LIL,225kV,HELLEMMES,MOULINS LILLE,400,32,Hauts-de-France,32,Hauts-de-France
AERIEN,CONCAL61P.ROU,225kV,CONCARNEAU,POTEAU-ROUGE,400,53,Bretagne,53,Bretagne
AERIEN,CONCAL61SQUIV,225kV,CONCARNEAU,SQUIVIDAN,400,53,Bretagne,53,Bretagne
AERIEN,AQUEDL62CIROL,225kV,AQUEDUCS (LES),CIROLLIERS,400,11,Île-de-France,11,Île-de-France
AERIEN,AQUEDL63CIROL,225kV,AQUEDUCS (LES),CIROLLIERS,400,11,Île-de-France,11,Île-de-France
AERIEN,CLOCHL62DECHY,225kV,CLOCHETTE (LA),DECHY,400,32,Hauts-de-France,32,Hauts-de-France
AERIEN,GAMPAL61ZCPB5,225kV,BEAUMONT-MONTEUX,CHAMPBLAIN,400,84,Auvergne-Rhône-Alpes,84,Auvergne-Rhône-Alpes
AERIEN,GAMPAL61ZCPB5,225kV,CHAMPBLAIN,GAMPALOUP,400,84,Auvergne-Rhône-Alpes,84,Auvergne-Rhône-Alpes
AERIEN,BAYETL71GREPI,400kV,BAYET,GREPILLES,1500,84,Auvergne-Rhône-Alpes,84,Auvergne-Rhône-Alpes
AERIEN,BAYETL72GREPI,400kV,BAYET,GREPILLES,1500,84,Auvergne-Rhône-Alpes,84,Auvergne-Rhône-Alpes
AERIEN,LINGOL61T.LAS,225kV,LINGOSTIERE,TOUR LASCARIS,400,93,Provence-Alpes-Côte d'Azur,93,Provence-Alpes-Côte d'Azur
AERIEN,LINGOL31T.LAS,225kV,LINGOSTIERE,TOUR LASCARIS,400,93,Provence-Alpes-Côte d'Azur,93,Provence-Alpes-Côte d'Azur
AERIEN,DAMBRL61ZJUST,225kV,CHAUNAY,DAMBRON,400,75,Nouvelle-Aquitaine,24,Centre-Val de Loire
AERIEN,DAMBRL61ZJUST,225kV,DAMBRON,JUSTICE,400,24,Centre-Val de Loire,24,Centre-Val de Loire
AERIEN,DAMBRL61G.DEN,225kV,DAMBRON,GAULT-SAINT-DENIS,400,24,Centre-Val de Loire,24,Centre-Val de Loire
AERIEN,DAMBRL61ZJUST,225kV,CHAUNAY,DAMBRON,400,75,Nouvelle-Aquitaine,24,Centre-Val de Loire
AERIEN,DAMBRL61ZJUST,225kV,DAMBRON,JUSTICE,400,24,Centre-Val de Loire,24,Centre-Val de Loire
AERIEN,LONNYL71MAZUR,400kV,LONNY,MAZURES,1500,44,Grand Est,44,Grand Est
AERIEN,H.VINL61ZHEL5,225kV,AVELIN,HAUT-VINAGE,400,32,Hauts-de-France,32,Hauts-de-France
AERIEN,H.VINL61ZHEL5,225kV,HAUT-VINAGE,HELLEMMES,400,32,Hauts-de-France,32,Hauts-de-France
AERIEN,ANSTAL41WATTI,225kV,ANSTAING,WATTIGNIES,400,32,Hauts-de-France,32,Hauts-de-France
AERIEN,HOLQUL62LONG9,225kV,HOLQUE,LONGUENESSE,400,32,Hauts-de-France,32,Hauts-de-France
AERIEN,VLEJUL61ZCARR,225kV,CARRES(LES),DAMBRON,400,24,Centre-Val de Loire,24,Centre-Val de Loire
AERIEN,VLEJUL61ZCARR,225kV,DAMBRON,TIVERNON,400,24,Centre-Val de Loire,24,Centre-Val de Loire
AERIEN,VLEJUL61ZCARR,225kV,TIVERNON,VILLEJUST,400,24,Centre-Val de Loire,11,Île-de-France
AERIEN,SSCHRL61ZP.TR,225kV,MONTPELLIER,PONT TRINQUAT,400,76,Occitanie,76,Occitanie
AERIEN,SSCHRL61ZP.TR,225kV,PONT TRINQUAT,ST CHRISTOL,400,76,Occitanie,84,Auvergne-Rhône-Alpes
AERIEN,B.EPIL61RENNE,225kV,BELLE-EPINE,RENNES,400,53,Bretagne,53,Bretagne
AERIEN,BIANCL71TRANS,400kV,BIANCON,TRANS,1500,93,Provence-Alpes-Côte d'Azur,93,Provence-Alpes-Côte d'Azur
AERIEN,DISTRL71GALOR,400kV,DISTRE,GALOREAUX (LES),1500,52,Pays de la Loire,52,Pays de la Loire
AERIEN,COR.PL72DISTR,400kV,CORDEMAIS-POSTE,DISTRE,1500,52,Pays de la Loire,52,Pays de la Loire
AERIEN,F.FREL71M.SEI,400kV,FAUX-FRESNAY,MERY-SUR-SEINE,1500,44,Grand Est,44,Grand Est
AERIEN,MIONSL61SSV.E,225kV,MIONS,ST-VULBAS-EST,400,84,Auvergne-Rhône-Alpes,84,Auvergne-Rhône-Alpes
AERIEN,BAYETL71MARMA,400kV,BAYET,MARMAGNE,1500,84,Auvergne-Rhône-Alpes,24,Centre-Val de Loire
AERIEN,BAYETL72MARMA,400kV,BAYET,MARMAGNE,1500,84,Auvergne-Rhône-Alpes,24,Centre-Val de Loire
AERIEN,BOISSL63SSV.E,225kV,BOISSE (LA),ST-VULBAS-EST,400,84,Auvergne-Rhône-Alpes,84,Auvergne-Rhône-Alpes
AERIEN,BOISSL62SSV.O,225kV,BOISSE (LA),ST-VULBAS-OUEST,400,84,Auvergne-Rhône-Alpes,84,Auvergne-Rhône-Alpes
AERIEN,MUREML61ZG.HA,225kV,MUREMONT,SAINTOIS,400,44,Grand Est,44,Grand Est
AERIEN,MUREML61ZG.HA,225kV,SAINTOIS,VINCEY,400,44,Grand Est,44,Grand Est
AERIEN,P.GASL61SAUS5,225kV,PLESSIS-GASSOT,SAUSSET,400,11,Île-de-France,93,Provence-Alpes-Côte d'Azur
AERIEN,SAUS5L61ZGONE,225kV,PLESSIS-GASSOT,SAUSSET,400,11,Île-de-France,93,Provence-Alpes-Côte d'Azur
AERIEN,SAUS5L61ZGONE,225kV,SAUSSET,GONESSE,400,93,Provence-Alpes-Côte d'Azur,11,Île-de-France
AERIEN,P.GASL61SAUS5,225kV,PLESSIS-GASSOT,SAUSSET,400,11,Île-de-France,93,Provence-Alpes-Côte d'Azur
AERIEN,SAUS5L61ZGONE,225kV,PLESSIS-GASSOT,SAUSSET,400,11,Île-de-France,93,Provence-Alpes-Côte d'Azur
AERIEN,SAUS5L61ZGONE,225kV,SAUSSET,GONESSE,400,93,Provence-Alpes-Côte d'Azur,11,Île-de-France
AERIEN,CATTEL71VIGY,400kV,CATTENOM,VIGY,1500,44,Grand Est,44,Grand Est
AERIEN,CATTEL72VIGY,400kV,CATTENOM,VIGY,1500,44,Grand Est,44,Grand Est
AERIEN,BIANCL72TRANS,400kV,BIANCON,TRANS,1500,93,Provence-Alpes-Côte d'Azur,93,Provence-Alpes-Côte d'Azur
AERIEN,MOUL8L61VLEJU,225kV,MOULINEAUX,VILLEJUST,400,28,Normandie,11,Île-de-France
AERIEN,LOGELL61ZL.NO,225kV,ANOULD,LAC-NOIR,400,44,Grand Est,44,Grand Est
AERIEN,LOGELL61ZL.NO,225kV,LAC-NOIR,LOGELBACH,400,44,Grand Est,44,Grand Est
AERIEN,CERGYL61ZHERB,225kV,CERGY,CORMEILLES,400,11,Île-de-France,28,Normandie
AERIEN,CERGYL61ZHERB,225kV,CORMEILLES,HERBLAY,400,28,Normandie,11,Île-de-France
AERIEN,CERGYL62ZHER7,225kV,CERGY,CORMEILLES,400,11,Île-de-France,28,Normandie
AERIEN,CERGYL62ZHER7,225kV,CORMEILLES,HERBLAY,400,28,Normandie,11,Île-de-France
AERIEN,CORNIL61ZCRUS,225kV,CORNIER,CRUSEILLES,400,84,Auvergne-Rhône-Alpes,84,Auvergne-Rhône-Alpes
AERIEN,CORNIL61ZCRUS,225kV,CRUSEILLES,GENISSIAT-POSTE,400,84,Auvergne-Rhône-Alpes,84,Auvergne-Rhône-Alpes
AERIEN,AMNEVL61ZGAN5,225kV,AMNEVILLE,ST-HUBERT,400,44,Grand Est,44,Grand Est
AERIEN,AMNEVL61ZGAN5,225kV,ST-HUBERT,VIGY,400,44,Grand Est,44,Grand Est
AERIEN,LATENL71VLEVA,400kV,LATENA,VILLEVAUDE,1500,32,Hauts-de-France,11,Île-de-France
AERIEN,MARL6L71SCHEE,400kV,MARLENHEIM,SCHEER,1500,44,Grand Est,0,Étranger
AERIEN,CARRIL61GOUVI,225kV,CARRIERES,GOUVIEUX,400,11,Île-de-France,11,Île-de-France
AERIEN,B.MONL61G.CO6,225kV,BEAUMONT-MONTEUX,GRAND-COURBIS,400,84,Auvergne-Rhône-Alpes,84,Auvergne-Rhône-Alpes
AERIEN,B.MONL31SSHIL,225kV,BEAUMONT-MONTEUX,ST-HILAIRE,400,84,Auvergne-Rhône-Alpes,84,Auvergne-Rhône-Alpes
AERIEN,B.MONL61G.CO6,225kV,BEAUMONT-MONTEUX,GRAND-COURBIS,400,84,Auvergne-Rhône-Alpes,84,Auvergne-Rhône-Alpes
AERIEN,CUBNEL61ZSS11,225kV,CUBNEZAIS,SAINT-GERAUD-DE-CORPS,400,75,Nouvelle-Aquitaine,75,Nouvelle-Aquitaine
AERIEN,CUBNEL61ZSS11,225kV,SAINT-GERAUD-DE-CORPS,TUILIERES,400,75,Nouvelle-Aquitaine,75,Nouvelle-Aquitaine
AERIEN,S.CURL61ZS.CU,225kV,AYRES,SALLES CURAN,400,76,Occitanie,76,Occitanie
AERIEN,S.CURL61ZS.CU,225kV,SALLES CURAN,ONET-LE-CHATEAU,400,76,Occitanie,76,Occitanie
AERIEN,ARGENL61S.PON,225kV,ARGENTIERE (L),SERRE-PONCON,400,93,Provence-Alpes-Côte d'Azur,93,Provence-Alpes-Côte d'Azur
AERIEN,MENUEL72TOLLE,400kV,MENUEL,TOLLEVAST,1500,28,Normandie,28,Normandie
AERIEN,CONF5L61CPNIE,225kV,CHAMPAGNIER,CONFLUENT,400,84,Auvergne-Rhône-Alpes,84,Auvergne-Rhône-Alpes
AERIEN,CONF5L61ZP.IL,225kV,CONFLUENT,MOIRANS,400,84,Auvergne-Rhône-Alpes,84,Auvergne-Rhône-Alpes
AERIEN,CONF5L61ZP.IL,225kV,MOIRANS,PERELLE,400,84,Auvergne-Rhône-Alpes,84,Auvergne-Rhône-Alpes
AERIEN,BOISSL61MEYZI,225kV,BOISSE (LA),MEYZIEU,400,84,Auvergne-Rhône-Alpes,84,Auvergne-Rhône-Alpes
AERIEN,BONNIL61MEZE5,225kV,BONNIERES,MEZEROLLES,400,32,Hauts-de-France,32,Hauts-de-France
AERIEN,MEZE5L62ZRIC6,225kV,ARPENTS (LES),MEZEROLLES,400,32,Hauts-de-France,32,Hauts-de-France
AERIEN,MEZE5L62ZRIC6,225kV,MEZEROLLES,RICHEBOURG,400,32,Hauts-de-France,32,Hauts-de-France
AERIEN,MARMAL61PAUDY,225kV,MARMAGNE,PAUDY,400,24,Centre-Val de Loire,24,Centre-Val de Loire
AERIEN,MARMAL61VARE5,225kV,MARMAGNE,VARENNES (-SUR-FOUZON),400,24,Centre-Val de Loire,75,Nouvelle-Aquitaine
AERIEN,CIROLL73VLEJU,400kV,CIROLLIERS,VILLEJUST,1500,11,Île-de-France,11,Île-de-France
AERIEN,CIROLL73VLEJU,400kV,CIROLLIERS,VILLEJUST,1500,11,Île-de-France,11,Île-de-France
AERIEN,CIROLL73VLEJU,400kV,CIROLLIERS,VILLEJUST,1500,11,Île-de-France,11,Île-de-France
AERIEN,CARISL62SEREI,225kV,CARISEY,SEREIN,400,27,Bourgogne-Franche-Comté,27,Bourgogne-Franche-Comté
AERIEN,D.BURL61TABAR,225kV,DAMPIERRE-EN-BURLY,TABARDERIE,400,24,Centre-Val de Loire,24,Centre-Val de Loire
AERIEN,FLERSL61ZBUTT,225kV,BUTTAVENT,FLERS,400,28,Normandie,28,Normandie
AERIEN,FLERSL61ZBUTT,225kV,FLERS,LAVAL,400,28,Normandie,52,Pays de la Loire
AERIEN,M.PONL71PONTE,400kV,MARTIGUES-PONTEAU,PONTEAU,1500,93,Provence-Alpes-Côte d'Azur,93,Provence-Alpes-Côte d'Azur
AERIEN,COUDOL61GARD7,225kV,COUDON (LE),GARDE (LA),400,93,Provence-Alpes-Côte d'Azur,93,Provence-Alpes-Côte d'Azur
AERIEN,ATTAQL72MANDA,400kV,ATTAQUES (LES),MANDARINS,1500,32,Hauts-de-France,32,Hauts-de-France
AERIEN,SSJOSL61ZORVA,225kV,CORDEMAIS-POSTE,ST JOSEPH,400,52,Pays de la Loire,52,Pays de la Loire
AERIEN,SSJOSL61ZORVA,225kV,ST JOSEPH,ORVAULT,400,52,Pays de la Loire,52,Pays de la Loire
AERIEN,FRUGEL71MANDA,400kV,FRUGES,MANDARINS,1500,32,Hauts-de-France,32,Hauts-de-France
AERIEN,AMIENL61ZARGO,225kV,AMARGUE,AMIENS,400,32,Hauts-de-France,32,Hauts-de-France
AERIEN,AMIENL61ZARGO,225kV,AMIENS,ARGOEUVES,400,32,Hauts-de-France,32,Hauts-de-France
AERIEN,AMIENL61ZBXV6,225kV,AMIENS,AVESNES-LE-COMTE,400,32,Hauts-de-France,32,Hauts-de-France
AERIEN,AMIENL61ZBXV6,225kV,AVESNES-LE-COMTE,VICOGNE (LA),400,32,Hauts-de-France,32,Hauts-de-France
AERIEN,MASTAL61P.SAM,225kV,MASTAING,PONT-SUR-SAMBRE,400,32,Hauts-de-France,32,Hauts-de-France
AERIEN,DONZAL71GOLF5,400kV,DONZAC,GOLFECH (AUXILIAIRES,1500,75,Nouvelle-Aquitaine,75,Nouvelle-Aquitaine
AERIEN,ROBI5L61ZV.BR,225kV,ROBINSON,VILLEJUST,400,11,Île-de-France,11,Île-de-France
AERIEN,ROBI5L61ZV.BR,225kV,VILLEJUST,ULIS (LES),400,11,Île-de-France,11,Île-de-France
AERIEN,VLEJUL61VLERA,225kV,VILLEJUST,VILLERAS,400,11,Île-de-France,11,Île-de-France
AERIEN,MOUL8L62VLEJU,225kV,MOULINEAUX,VILLEJUST,400,28,Normandie,11,Île-de-France
AERIEN,BOUTRL61ORAIS,225kV,BOUTRE,ORAISON,400,93,Provence-Alpes-Côte d'Azur,93,Provence-Alpes-Côte d'Azur
AERIEN,BOUTRL62ZG.BA,225kV,BOUTRE,GREOUX LES BAINS,400,93,Provence-Alpes-Côte d'Azur,93,Provence-Alpes-Côte d'Azur
AERIEN,BOUTRL62ZG.BA,225kV,GREOUX LES BAINS,STE-TULLE,400,93,Provence-Alpes-Côte d'Azur,93,Provence-Alpes-Côte d'Azur
AERIEN,BOUTRL61ORAIS,225kV,BOUTRE,ORAISON,400,93,Provence-Alpes-Côte d'Azur,93,Provence-Alpes-Côte d'Azur
AERIEN,S.PONL61SISTE,225kV,SERRE-PONCON,SISTERON,400,93,Provence-Alpes-Côte d'Azur,93,Provence-Alpes-Côte d'Azur
AERIEN,SISTEL61ZBLAU,225kV,CURBANS,SISTERON,400,93,Provence-Alpes-Côte d'Azur,93,Provence-Alpes-Côte d'Azur
AERIEN,SISTEL61ZBLAU,225kV,SISTERON,BLAUX,400,93,Provence-Alpes-Côte d'Azur,93,Provence-Alpes-Côte d'Azur
AERIEN,ANOULL61ETIVA,225kV,ANOULD,ETIVAL,400,44,Grand Est,44,Grand Est
AERIEN,ETIVAL61ZSSNA,225kV,ETIVAL,ST-NABORD,400,44,Grand Est,44,Grand Est
AERIEN,ETIVAL61ZSSNA,225kV,ST-NABORD,VINCEY,400,44,Grand Est,44,Grand Est
AERIEN,COSSIL61COUBE,225kV,COSSIGNY,COUBERT,400,11,Île-de-France,11,Île-de-France
AERIEN,SARRYL61SEREI,225kV,SARRY,SEREIN,400,44,Grand Est,27,Bourgogne-Franche-Comté
AERIEN,P.SEPL61RATIE,225kV,PONT-SEPT,RATIER,400,28,Normandie,28,Normandie
AERIEN,GERSTL61STRAS,225kV,GERSTHEIM,STRASBOURG,400,44,Grand Est,44,Grand Est
AERIEN,GRAFFL61STRAS,225kV,GRAFFENSTADEN,STRASBOURG,400,44,Grand Est,44,Grand Est
AERIEN,VINCEL61ZGOLB,225kV,GOLBEY,JEUXEY,400,44,Grand Est,44,Grand Est
AERIEN,VINCEL61ZGOLB,225kV,JEUXEY,VINCEY,400,44,Grand Est,44,Grand Est
AERIEN,BOUTRL71PRION,400kV,BOUTRE,PRIONNET,1500,93,Provence-Alpes-Côte d'Azur,76,Occitanie
AERIEN,P.ESCL61SSGUI,225kV,PONT-ESCOFFIER,ST-GUILLERME,400,84,Auvergne-Rhône-Alpes,84,Auvergne-Rhône-Alpes
AERIEN,P.ESCL61SSGUI,225kV,PONT-ESCOFFIER,ST-GUILLERME,400,84,Auvergne-Rhône-Alpes,84,Auvergne-Rhône-Alpes
AERIEN,DOMLOL71LOUIS,400kV,DOMLOUP,LOUISFERT,1500,53,Bretagne,52,Pays de la Loire
AERIEN,DOMLOL72LOUIS,400kV,DOMLOUP,LOUISFERT (POSTE F),1500,53,Bretagne,52,Pays de la Loire
AERIEN,MIONSL61SSV.E,225kV,MIONS,ST-VULBAS-EST,400,84,Auvergne-Rhône-Alpes,84,Auvergne-Rhône-Alpes
AERIEN,GENASL31MEYZI,225kV,GENAS,MEYZIEU,400,84,Auvergne-Rhône-Alpes,84,Auvergne-Rhône-Alpes
AERIEN,COR.PL61ZORVA,225kV,CORDEMAIS-POSTE,ST JOSEPH,400,52,Pays de la Loire,52,Pays de la Loire
AERIEN,COR.PL61ZORVA,225kV,ST JOSEPH,ORVAULT,400,52,Pays de la Loire,52,Pays de la Loire
AERIEN,TAMARL72TAVEL,400kV,TAMAREAU,TAVEL,1500,76,Occitanie,76,Occitanie
AERIEN,ARPENL62ZRIC6,225kV,ARPENTS (LES),MEZEROLLES,400,32,Hauts-de-France,32,Hauts-de-France
AERIEN,ARPENL62ZRIC6,225kV,MEZEROLLES,RICHEBOURG,400,32,Hauts-de-France,32,Hauts-de-France
AERIEN,BEUVRL61ZBEU5,225kV,BEUVRY(LABOURSE),MAZINGARBE,400,32,Hauts-de-France,32,Hauts-de-France
AERIEN,BEUVRL61ZBEU5,225kV,MAZINGARBE,VENDIN,400,32,Hauts-de-France,32,Hauts-de-France
AERIEN,.ASPHL71SIERE,400kV,ASPHARD,SIERENTZ,1500,44,Grand Est,44,Grand Est
AERIEN,CHOO2L72LONNY,400kV,CHOOZ B,LONNY,1500,44,Grand Est,44,Grand Est
AERIEN,COMM7L61CPFL5,225kV,CHAMPFLEUR,COMMERVEIL,400,52,Pays de la Loire,52,Pays de la Loire
AERIEN,COMM7L41CPFL5,225kV,CHAMPFLEUR,COMMERVEIL,400,52,Pays de la Loire,52,Pays de la Loire
AERIEN,REALTL72TAVEL,400kV,REALTOR,TAVEL,1500,93,Provence-Alpes-Côte d'Azur,76,Occitanie
AERIEN,CPNOLL61SAONE,225kV,CHAMPAGNOLE,SAONE,400,27,Bourgogne-Franche-Comté,27,Bourgogne-Franche-Comté
AERIEN,CRENEL61MAROL,225kV,CRENEY,MAROLLES,400,44,Grand Est,44,Grand Est
AERIEN,MAROLL61REVIG,225kV,MAROLLES,REVIGNY,400,44,Grand Est,44,Grand Est
AERIEN,CHAN5L72QUINT,400kV,CHANCEAUX,QUINTES (LES),1500,24,Centre-Val de Loire,52,Pays de la Loire
AERIEN,CORNIL61ZCRUS,225kV,CORNIER,CRUSEILLES,400,84,Auvergne-Rhône-Alpes,84,Auvergne-Rhône-Alpes
AERIEN,CORNIL61ZCRUS,225kV,CRUSEILLES,GENISSIAT-POSTE,400,84,Auvergne-Rhône-Alpes,84,Auvergne-Rhône-Alpes
AERIEN,CORNIL62GEN.P,225kV,CORNIER,GENISSIAT-POSTE,400,84,Auvergne-Rhône-Alpes,84,Auvergne-Rhône-Alpes
AERIEN,CHEY6L71G.ILE,400kV,CHEYLAS (LE),GRANDE-ILE,1500,84,Auvergne-Rhône-Alpes,84,Auvergne-Rhône-Alpes
AERIEN,ESTR6L61VALEN,225kV,ESTREUX,VALENCIENNES,400,32,Hauts-de-France,32,Hauts-de-France
AERIEN,THIERL61VALEN,225kV,THIERS (BRUAY-SUR-L'ESCAUT),VALENCIENNES,400,32,Hauts-de-France,32,Hauts-de-France
AERIEN,COULAL71P.COR,400kV,COULANGE,PIVOZ CORDIER,1500,84,Auvergne-Rhône-Alpes,84,Auvergne-Rhône-Alpes
AERIEN,ALBERL72G.ILE,400kV,ALBERTVILLE,GRANDE-ILE,1500,84,Auvergne-Rhône-Alpes,84,Auvergne-Rhône-Alpes
AERIEN,ALBERL71G.ILE,400kV,ALBERTVILLE,GRANDE-ILE,1500,84,Auvergne-Rhône-Alpes,84,Auvergne-Rhône-Alpes
AERIEN,REQUIL61ZLACA,225kV,PELISSIER,REQUISTA,400,76,Occitanie,76,Occitanie
AERIEN,REQUIL61ZLACA,225kV,REQUISTA,ST-VICTOR,400,76,Occitanie,76,Occitanie
AERIEN,REQUIL31ZTREB,225kV,CROUX,REQUISTA -TREBAS,400,76,Occitanie,76,Occitanie
AERIEN,CORBIL63DISTR,225kV,CORBIERE (LA),DISTRE,400,52,Pays de la Loire,52,Pays de la Loire
AERIEN,CRENEL61ROSIE,225kV,CRENEY,ROSIERES,400,44,Grand Est,84,Auvergne-Rhône-Alpes
AERIEN,ROSIEL61ZC.SE,225kV,CHATILLON-SUR-SEINE,DARCEY,400,27,Bourgogne-Franche-Comté,27,Bourgogne-Franche-Comté
AERIEN,ROSIEL61ZC.SE,225kV,DARCEY,ROSIERES,400,27,Bourgogne-Franche-Comté,84,Auvergne-Rhône-Alpes
AERIEN,SSHUBL61ZB.HA,225kV,BASSE HAM,ST-HUBERT,400,44,Grand Est,44,Grand Est
AERIEN,SSHUBL61ZB.HA,225kV,ST-HUBERT,VIGY,400,44,Grand Est,44,Grand Est
AERIEN,REVIGL71VIGY,400kV,REVIGNY,VIGY,1500,44,Grand Est,44,Grand Est
AERIEN,VIGY L61ZPELT,400kV,BEZAUMONT,PELTRE,1500,44,Grand Est,44,Grand Est
AERIEN,VIGY L61ZPELT,400kV,PELTRE,VIGY,1500,44,Grand Est,44,Grand Est
AERIEN,MEZE5L62PORCH,225kV,MEZEROLLES,PORCHEVILLE,400,32,Hauts-de-France,11,Île-de-France
AERIEN,P.GASL61TILLI,225kV,PLESSIS-GASSOT,TILLIERS,400,11,Île-de-France,11,Île-de-France
AERIEN,FALLOL62ZV.BE,225kV,FALLOU,PLESSIS-GASSOT,400,11,Île-de-France,11,Île-de-France
AERIEN,FALLOL62ZV.BE,225kV,PLESSIS-GASSOT,VILLIERS-LE-BEL,400,11,Île-de-France,11,Île-de-France
AERIEN,MARMAL61SSVA6,225kV,MARMAGNE,ST-CYR-EN-VAL,400,24,Centre-Val de Loire,24,Centre-Val de Loire
AERIEN,PRRTTL62SEQUE,225kV,PIERRETTE (LA),SEQUEDIN,400,32,Hauts-de-France,32,Hauts-de-France
AERIEN,BXTO5L61ZCES6,225kV,BEAUTOR (POSTE),SETIER,400,32,Hauts-de-France,32,Hauts-de-France
AERIEN,BXTO5L61ZCES6,225kV,SETIER,CESSIER (LE),400,32,Hauts-de-France,32,Hauts-de-France
AERIEN,GAMPAL61P.EVE,225kV,GAMPALOUP,PONT-EVEQUE,400,84,Auvergne-Rhône-Alpes,84,Auvergne-Rhône-Alpes
AERIEN,CREYSL71GEN.P,400kV,CREYS,GENISSIAT-POSTE,1500,84,Auvergne-Rhône-Alpes,84,Auvergne-Rhône-Alpes
AERIEN,CREYSL72GEN.P,400kV,CREYS,GENISSIAT-POSTE,1500,84,Auvergne-Rhône-Alpes,84,Auvergne-Rhône-Alpes
AERIEN,BATHIL61G.COE,225kV,BATHIE (LA),GRAND-COEUR,400,84,Auvergne-Rhône-Alpes,84,Auvergne-Rhône-Alpes
AERIEN,MORBRL61SONNE,225kV,MORBRAS,SONNETTES,400,11,Île-de-France,11,Île-de-France
AERIEN,MORBRL62SONNE,225kV,MORBRAS,SONNETTES,400,11,Île-de-France,11,Île-de-France
AERIEN,TRANSL61ZGUE5,225kV,GUERACHE (LA),PIQUAGE A GUERACHE (LA),400,93,Provence-Alpes-Côte d'Azur,93,Provence-Alpes-Côte d'Azur
AERIEN,TRANSL61ZGUE5,225kV,PIQUAGE A GUERACHE (LA),TRANS,400,93,Provence-Alpes-Côte d'Azur,93,Provence-Alpes-Côte d'Azur
AERIEN,TRANSL61ZGUE5,225kV,TRANS,VINS,400,93,Provence-Alpes-Côte d'Azur,93,Provence-Alpes-Côte d'Azur
AERIEN,VINS L61ZROCB,225kV,NEOULES,ROCBARON,400,93,Provence-Alpes-Côte d'Azur,93,Provence-Alpes-Côte d'Azur
AERIEN,VINS L61ZROCB,225kV,ROCBARON,VINS,400,93,Provence-Alpes-Côte d'Azur,93,Provence-Alpes-Côte d'Azur
AERIEN,AQUEDL62CIROL,225kV,AQUEDUCS (LES),CIROLLIERS,400,11,Île-de-France,11,Île-de-France
AERIEN,LANAUL61ZLANA,225kV,RUEYRES,GRANDVAL,400,76,Occitanie,84,Auvergne-Rhône-Alpes
AERIEN,LANAUL61ZLANA,225kV,GRANDVAL,LANAU,400,84,Auvergne-Rhône-Alpes,84,Auvergne-Rhône-Alpes
AERIEN,VLEJUL63ZV.OR,225kV,CHEVILLY,ULIS (LES),400,11,Île-de-France,11,Île-de-France
AERIEN,VLEJUL63ZV.OR,225kV,ULIS (LES),VILLEJUST,400,11,Île-de-France,11,Île-de-France
AERIEN,VLEJUL64ZMAS5,225kV,CHEVILLY,MASSY,400,11,Île-de-France,11,Île-de-France
AERIEN,VLEJUL64ZMAS5,225kV,MASSY,VILLEJUST,400,11,Île-de-France,11,Île-de-France
AERIEN,JEUXEL61ZGOLB,225kV,GOLBEY,JEUXEY,400,44,Grand Est,44,Grand Est
AERIEN,JEUXEL61ZGOLB,225kV,JEUXEY,VINCEY,400,44,Grand Est,44,Grand Est
AERIEN,DOGNEL31JEUXE,225kV,DOGNEVILLE,JEUXEY,400,44,Grand Est,44,Grand Est
AERIEN,SSAVOL61SUIS5,225kV,ST-AVOLD,SUISSE,400,44,Grand Est,44,Grand Est
AERIEN,SSAVOL61ZSAU9,225kV,LANEUVEVILLE,SAULNOIS,400,44,Grand Est,44,Grand Est
AERIEN,SSAVOL61ZSAU9,225kV,SAULNOIS,ST-AVOLD,400,44,Grand Est,44,Grand Est
AERIEN,COULAL73TRI.P,400kV,COULANGE,TRICASTIN-POSTE (LE),1500,84,Auvergne-Rhône-Alpes,84,Auvergne-Rhône-Alpes
AERIEN,BONNIL61ZRIC5,225kV,ARPENTS (LES),BONNIERES,400,32,Hauts-de-France,32,Hauts-de-France
AERIEN,BONNIL61ZRIC5,225kV,BONNIERES,RICHEBOURG,400,32,Hauts-de-France,32,Hauts-de-France
AERIEN,PYMONL61VOUGL,225kV,PYMONT,VOUGLANS,400,27,Bourgogne-Franche-Comté,84,Auvergne-Rhône-Alpes
AERIEN,CUBNEL61GREZI,225kV,CUBNEZAIS,GREZILLAC,400,75,Nouvelle-Aquitaine,75,Nouvelle-Aquitaine
AERIEN,CUBNEL61MTGUY,225kV,CUBNEZAIS,MONTGUYON,400,75,Nouvelle-Aquitaine,75,Nouvelle-Aquitaine
AERIEN,CUBNEL61ZSS11,225kV,CUBNEZAIS,SAINT-GERAUD-DE-CORPS,400,75,Nouvelle-Aquitaine,75,Nouvelle-Aquitaine
AERIEN,CUBNEL61ZSS11,225kV,SAINT-GERAUD-DE-CORPS,TUILIERES,400,75,Nouvelle-Aquitaine,75,Nouvelle-Aquitaine
AERIEN,CUBNEL61GREZI,225kV,CUBNEZAIS,GREZILLAC,400,75,Nouvelle-Aquitaine,75,Nouvelle-Aquitaine
AERIEN,SSAVOL61ZSAU9,225kV,LANEUVEVILLE,SAULNOIS,400,44,Grand Est,44,Grand Est
AERIEN,SSAVOL61ZSAU9,225kV,SAULNOIS,ST-AVOLD,400,44,Grand Est,44,Grand Est
AERIEN,AUBE L61COMM7,225kV,AUBE,COMMERVEIL,400,44,Grand Est,52,Pays de la Loire
AERIEN,COMM7L61ZAMIG,225kV,CLAIRE-FONTAINE,COMMERVEIL,400,52,Pays de la Loire,52,Pays de la Loire
AERIEN,COMM7L61ZAMIG,225kV,COMMERVEIL,QUINTES (LES),400,52,Pays de la Loire,52,Pays de la Loire
AERIEN,CONF5L61ZP.IL,225kV,CONFLUENT,MOIRANS,400,84,Auvergne-Rhône-Alpes,84,Auvergne-Rhône-Alpes
AERIEN,CONF5L61ZP.IL,225kV,MOIRANS,PERELLE,400,84,Auvergne-Rhône-Alpes,84,Auvergne-Rhône-Alpes
AERIEN,BREUIL63CHAST,225kV,BREUIL (LE),CHASTANG (LE),400,84,Auvergne-Rhône-Alpes,75,Nouvelle-Aquitaine
AERIEN,LOGESL61ZLINA,225kV,ESCARGOT,LOGES (LES),400,28,Normandie,28,Normandie
AERIEN,LOGESL61ZLINA,225kV,LOGES (LES),PETIT-BOIS (LE),400,28,Normandie,11,Île-de-France
AERIEN,PRELEL61SEREI,225kV,PRELES (LES),SEREIN,400,27,Bourgogne-Franche-Comté,27,Bourgogne-Franche-Comté
AERIEN,GERMIL31PRELE,225kV,GERMIGNY,PRELES (LES),400,44,Grand Est,27,Bourgogne-Franche-Comté
AERIEN,DOUVRL61VENDI,225kV,DOUVRIN,VENDIN,400,32,Hauts-de-France,32,Hauts-de-France
AERIEN,CHABRL61L.NEU,225kV,CHABRILLAN,LOGIS-NEUF,400,84,Auvergne-Rhône-Alpes,84,Auvergne-Rhône-Alpes
AERIEN,CUBNEL61MTGUY,225kV,CUBNEZAIS,MONTGUYON,400,75,Nouvelle-Aquitaine,75,Nouvelle-Aquitaine
AERIEN,GRIGNL61ZCOQU,225kV,AQUEDUCS (LES),COQUIBUS,400,11,Île-de-France,32,Hauts-de-France
AERIEN,GRIGNL61ZCOQU,225kV,COQUIBUS,GRIGNY,400,32,Hauts-de-France,32,Hauts-de-France
AERIEN,FRONCL61ZEPIZ,225kV,FRONCLES,EPIZON,400,44,Grand Est,44,Grand Est
AERIEN,FRONCL61ZEPIZ,225kV,EPIZON,MUREMONT,400,44,Grand Est,44,Grand Est
AERIEN,CHESNL66MTERE,225kV,CHESNOY (LE),MONTEREAU,400,24,Centre-Val de Loire,24,Centre-Val de Loire
AERIEN,BARBUL61FOSSE,225kV,BARBUISE,FOSSES (LES),400,44,Grand Est,11,Île-de-France
AERIEN,CPNIEL61ZSABL,225kV,CHAMPAGNIER,CORDEAC,400,84,Auvergne-Rhône-Alpes,84,Auvergne-Rhône-Alpes
AERIEN,CPNIEL61ZSABL,225kV,CORDEAC,SABLES (LES),400,84,Auvergne-Rhône-Alpes,84,Auvergne-Rhône-Alpes
AERIEN,LATENL61ZC.OM,225kV,LATENA,PERTAIN,400,32,Hauts-de-France,32,Hauts-de-France
AERIEN,LATENL61ZC.OM,225kV,PERTAIN,CRESSY-OMENCOURT,400,32,Hauts-de-France,32,Hauts-de-France
AERIEN,P.GASL61ZBRI5,225kV,PLESSIS-GASSOT,SEINE,400,11,Île-de-France,11,Île-de-France
AERIEN,P.GASL61ZBRI5,225kV,SEINE,BRICHE (LA),400,11,Île-de-France,11,Île-de-France
AERIEN,SEINEL61ZBRI5,225kV,PLESSIS-GASSOT,SEINE,400,11,Île-de-France,11,Île-de-France
AERIEN,SEINEL61ZBRI5,225kV,SEINE,BRICHE (LA),400,11,Île-de-France,11,Île-de-France
AERIEN,CABANL61DARSE,225kV,CABAN,DARSE,400,93,Provence-Alpes-Côte d'Azur,93,Provence-Alpes-Côte d'Azur
AERIEN,ENCHAL61ZENCH,225kV,BREUIL,GATELLIER,400,84,Auvergne-Rhône-Alpes,84,Auvergne-Rhône-Alpes
AERIEN,ENCHAL61ZENCH,225kV,GATELLIER,ENCHANET,400,84,Auvergne-Rhône-Alpes,84,Auvergne-Rhône-Alpes
AERIEN,COR.PL72LOUIS,400kV,CORDEMAIS-P,LOUISFERT (POSTE F),1500,52,Pays de la Loire,52,Pays de la Loire
AERIEN,CHAFFL71G.ILE,400kV,CHAFFARD,GRANDE-ILE,1500,84,Auvergne-Rhône-Alpes,84,Auvergne-Rhône-Alpes
AERIEN,DONZAL72GOLF5,400kV,DONZAC,GOLFECH (AUXILIAIRES,1500,75,Nouvelle-Aquitaine,75,Nouvelle-Aquitaine
AERIEN,MERLAL62SOULL,225kV,MERLATIERE,SOULLANS,400,52,Pays de la Loire,52,Pays de la Loire
AERIEN,B.EPIL61RENNE,225kV,BELLE-EPINE,RENNES,400,53,Bretagne,53,Bretagne
AERIEN,B.EPIL62RENNE,225kV,BELLE-EPINE,RENNES,400,53,Bretagne,53,Bretagne
AERIEN,MASSYL64ZMAS5,225kV,CHEVILLY,MASSY,400,11,Île-de-France,11,Île-de-France
AERIEN,MASSYL64ZMAS5,225kV,MASSY,VILLEJUST,400,11,Île-de-France,11,Île-de-France
AERIEN,MAUREL61P.CHA,225kV,MAUREIX (LE),PEYRAT-LE-CHATEAU,400,24,Centre-Val de Loire,75,Nouvelle-Aquitaine
AERIEN,MEZE5L63PORCH,225kV,MEZEROLLES,PORCHEVILLE,400,32,Hauts-de-France,11,Île-de-France
AERIEN,LONG6L62ZRAN6,225kV,ALBERTVILLE,LONGEFAN,400,84,Auvergne-Rhône-Alpes,84,Auvergne-Rhône-Alpes
AERIEN,LONG6L62ZRAN6,225kV,LONGEFAN,RANDENS,400,84,Auvergne-Rhône-Alpes,84,Auvergne-Rhône-Alpes
AERIEN,MUREAL61NOURO,225kV,MUREAUX (LES),NOUROTTES,400,11,Île-de-France,11,Île-de-France
AERIEN,MEZE5L61MUREA,225kV,MEZEROLLES,MUREAUX (LES),400,32,Hauts-de-France,11,Île-de-France
AERIEN,MOLIEL71QUINT,400kV,MOLIERE,LES-QUINTES,1500,52,Pays de la Loire,52,Pays de la Loire
AERIEN,OUDONL71QUINT,400kV,OUDON,QUINTES (LES),1500,52,Pays de la Loire,52,Pays de la Loire
AERIEN,LUTTEL61SIERE,225kV,LUTTERBACH,SIERENTZ,400,44,Grand Est,44,Grand Est
AERIEN,LUTTEL62SIERE,225kV,LUTTERBACH,SIERENTZ,400,44,Grand Est,44,Grand Est
AERIEN,OUDONL71TAUTE,400kV,OUDON,TAUTE,1500,52,Pays de la Loire,28,Normandie
AERIEN,.EICHL71MUHLB,400kV,EICHSTETTEN,MUHLBACH,1500,0,Étranger,44,Grand Est
AERIEN,FESSEL61VOGEL,400kV,FESSENHEIM (CENTRALE HYDRAULIQUE),VOGELGRUN,1500,44,Grand Est,44,Grand Est
AERIEN,.ACHEL71LONNY,400kV,ACHENE,LONNY,1500,0,Étranger,44,Grand Est
AERIEN,ETIVAL61ZSSNA,225kV,ETIVAL,ST-NABORD,400,44,Grand Est,44,Grand Est
AERIEN,ETIVAL61ZSSNA,225kV,ST-NABORD,VINCEY,400,44,Grand Est,44,Grand Est
AERIEN,VERLHL61ZNEG5,225kV,GODIN,NEGREPELISSE,400,76,Occitanie,76,Occitanie
AERIEN,VERLHL61ZNEG5,225kV,NEGREPELISSE,VERLHAGUET,400,76,Occitanie,76,Occitanie
AERIEN,BERG9L61CANTE,225kV,BERGE,CANTEGRIT,400,75,Nouvelle-Aquitaine,75,Nouvelle-Aquitaine
AERIEN,CHEVAL71WARAN,400kV,CHEVALET,WARANDE,1500,32,Hauts-de-France,32,Hauts-de-France
AERIEN,CAZARL71VERFE,400kV,CAZARIL,VERFEIL,1500,76,Occitanie,76,Occitanie
AERIEN,H.VINL62WATTR,225kV,HAUT-VINAGE,WATTRELOS,400,32,Hauts-de-France,32,Hauts-de-France
AERIEN,CHAFFL72CPNIE,400kV,CHAFFARD (LE),CHAMPAGNIER,1500,84,Auvergne-Rhône-Alpes,84,Auvergne-Rhône-Alpes
AERIEN,CPNIEL61MOIRA,400kV,CHAMPAGNIER,MOIRANS,1500,84,Auvergne-Rhône-Alpes,84,Auvergne-Rhône-Alpes
AERIEN,C.MERL61LINGO,225kV,CAGNES-SUR-MER,LINGOSTIERE,400,93,Provence-Alpes-Côte d'Azur,93,Provence-Alpes-Côte d'Azur
AERIEN,G.PORL61WARAN,225kV,GRAND-PORT,WARANDE,400,32,Hauts-de-France,32,Hauts-de-France
AERIEN,G.PORL61WARAN,225kV,GRAND-PORT,WARANDE,400,32,Hauts-de-France,32,Hauts-de-France
AERIEN,G.PORL62WARAN,225kV,GRAND-PORT,WARANDE,400,32,Hauts-de-France,32,Hauts-de-France
AERIEN,JAMETL61ZR.MA,225kV,LANDRES,STENAY,400,44,Grand Est,44,Grand Est
AERIEN,JAMETL61ZR.MA,225kV,STENAY,JAMETZ,400,44,Grand Est,44,Grand Est
AERIEN,ORAISL61SISTE,225kV,ORAISON,SISTERON,400,93,Provence-Alpes-Côte d'Azur,93,Provence-Alpes-Côte d'Azur
AERIEN,BEUVRL61VENDI,225kV,BEUVRY(LABOURSE),VENDIN,400,32,Hauts-de-France,32,Hauts-de-France
AERIEN,BEUVRL61ZBEU5,225kV,BEUVRY(LABOURSE),MAZINGARBE,400,32,Hauts-de-France,32,Hauts-de-France
AERIEN,BEUVRL61ZBEU5,225kV,MAZINGARBE,VENDIN,400,32,Hauts-de-France,32,Hauts-de-France
AERIEN,CORNIL61PRESS,225kV,CORNIER,PRESSY,400,84,Auvergne-Rhône-Alpes,84,Auvergne-Rhône-Alpes
AERIEN,CORNIL61PRESS,225kV,CORNIER,PRESSY,400,84,Auvergne-Rhône-Alpes,84,Auvergne-Rhône-Alpes
AERIEN,CESSIL61ZCES6,225kV,BEAUTOR (POSTE),SETIER,400,32,Hauts-de-France,32,Hauts-de-France
AERIEN,CESSIL61ZCES6,225kV,SETIER,CESSIER (LE),400,32,Hauts-de-France,32,Hauts-de-France
AERIEN,PLAISL62ZGAL5,225kV,GALERES,PLAISANCE,400,11,Île-de-France,11,Île-de-France
AERIEN,PLAISL62ZGAL5,225kV,PLAISANCE,VILLEVAUDE,400,11,Île-de-France,11,Île-de-France
AERIEN,CHESNL62VOULZ,225kV,CHESNOY (LE),VOULZIE (LA),400,24,Centre-Val de Loire,24,Centre-Val de Loire
AERIEN,BAYETL72SSELO,400kV,BAYET,ST-ELOI,1500,84,Auvergne-Rhône-Alpes,84,Auvergne-Rhône-Alpes
AERIEN,CANTEL72SAUCA,400kV,CANTEGRIT,SAUCATS,1500,75,Nouvelle-Aquitaine,75,Nouvelle-Aquitaine
AERIEN,CALA5L71COR.P,400kV,CALAN,CORDEMAIS-POSTE,1500,53,Bretagne,52,Pays de la Loire
AERIEN,AMNEVL61RICHE,225kV,AMNEVILLE,RICHEMONT,400,44,Grand Est,44,Grand Est
AERIEN,AMNEVL61ZGAN5,225kV,AMNEVILLE,ST-HUBERT,400,44,Grand Est,44,Grand Est
AERIEN,AMNEVL61ZGAN5,225kV,ST-HUBERT,VIGY,400,44,Grand Est,44,Grand Est
AERIEN,CREC6L61GUARB,225kV,CRECHETS (LES),GUARBECQUE,400,32,Hauts-de-France,32,Hauts-de-France
AERIEN,GINESL61LESQU,225kV,GINESTOUS,LESQUIVE,400,76,Occitanie,76,Occitanie
AERIEN,GINESL62LESQU,225kV,GINESTOUS,LESQUIVE,400,76,Occitanie,76,Occitanie
AERIEN,BOISSL62MIONS,225kV,BOISSE (LA),MIONS,400,84,Auvergne-Rhône-Alpes,84,Auvergne-Rhône-Alpes
AERIEN,AQUEDL61CHENE,225kV,AQUEDUCS (LES),CHENET,400,11,Île-de-France,11,Île-de-France
AERIEN,AQUEDL62CHENE,225kV,AQUEDUCS (LES),CHENET,400,11,Île-de-France,11,Île-de-France
AERIEN,BXCOUL61ZCOR6,225kV,BEAUCOUZE,CORBIERE (LA),400,52,Pays de la Loire,52,Pays de la Loire
AERIEN,BXCOUL61ZCOR6,225kV,CORBIERE (LA),LAVAL,400,52,Pays de la Loire,52,Pays de la Loire
AERIEN,BXCOUL61ZCOR6,225kV,BEAUCOUZE,CORBIERE (LA),400,52,Pays de la Loire,52,Pays de la Loire
AERIEN,BXCOUL61ZCOR6,225kV,CORBIERE (LA),LAVAL,400,52,Pays de la Loire,52,Pays de la Loire
AERIEN,JONQUL72TAVEL,400kV,JONQUIERES,TAVEL,1500,76,Occitanie,76,Occitanie
AERIEN,FROMAL64ZFRO7,225kV,CERGY,CORMEILLES,400,11,Île-de-France,28,Normandie
AERIEN,FROMAL64ZFRO7,225kV,CORMEILLES,FROMAINVILLE,400,28,Normandie,28,Normandie
AERIEN,BXTO5L61ZRUPR,225kV,BEAUTOR(POSTE),RUPREUX,400,32,Hauts-de-France,32,Hauts-de-France
AERIEN,BXTO5L61ZRUPR,225kV,RUPREUX,SOISSONS-NOTRE-DAME,400,32,Hauts-de-France,32,Hauts-de-France
AERIEN,DAMERL61NOGEN,225kV,DAMERY,NOGENTEL,400,44,Grand Est,32,Hauts-de-France
AERIEN,NOGENL61ORMES,225kV,NOGENTEL,ORMES,400,32,Hauts-de-France,32,Hauts-de-France
AERIEN,DAMERL61NOGEN,225kV,DAMERY,NOGENTEL,400,44,Grand Est,32,Hauts-de-France
AERIEN,MAZURL71REVI5,400kV,MAZURES,REVIN,1500,44,Grand Est,44,Grand Est
AERIEN,COULAL71TRI.P,400kV,COULANGE,TRICASTIN-POSTE (LE),1500,84,Auvergne-Rhône-Alpes,84,Auvergne-Rhône-Alpes
AERIEN,CAPELL71MASTA,400kV,CAPELLE (LA),MASTAING,1500,32,Hauts-de-France,32,Hauts-de-France
AERIEN,MEZE5L72VLEJU,400kV,MEZEROLLES,VILLEJUST,1500,32,Hauts-de-France,11,Île-de-France
AERIEN,CHENEL61SENAR,225kV,CHENET,SENART,400,11,Île-de-France,11,Île-de-France
AERIEN,MALECL61PLISO,225kV,MALECOT,PLISON,400,11,Île-de-France,11,Île-de-France
AERIEN,BEC5 L62MQIS,225kV,BEC,MARQUIS (LE),400,75,Nouvelle-Aquitaine,75,Nouvelle-Aquitaine
AERIEN,BEC5 L62MQIS,225kV,BEC,MARQUIS (LE),400,75,Nouvelle-Aquitaine,75,Nouvelle-Aquitaine
AERIEN,AVOI5L71LARCA,400kV,AVOINE(POSTE 400 kV),LARCAY,1500,24,Centre-Val de Loire,24,Centre-Val de Loire
AERIEN,AVOI5L72LARCA,400kV,AVOINE(POSTE 400 kV),LARCAY,1500,24,Centre-Val de Loire,24,Centre-Val de Loire
AERIEN,CHEV5L61MERLA,225kV,CHEVIRE,MERLATIERE,400,52,Pays de la Loire,52,Pays de la Loire
AERIEN,CHEV5L61RECOU,225kV,CHEVIRE,RECOUVRANCE,400,52,Pays de la Loire,52,Pays de la Loire
AERIEN,CHEV5L61RECOU,225kV,CHEVIRE,RECOUVRANCE,400,52,Pays de la Loire,52,Pays de la Loire
AERIEN,CHEV5L61MERLA,225kV,CHEVIRE,MERLATIERE,400,52,Pays de la Loire,52,Pays de la Loire
AERIEN,ALBERL61CONTA,225kV,ALBERTVILLE,CONTAMINE,400,84,Auvergne-Rhône-Alpes,84,Auvergne-Rhône-Alpes
AERIEN,ALBERL61MALGO,225kV,ALBERTVILLE,MALGOVERT,400,84,Auvergne-Rhône-Alpes,84,Auvergne-Rhône-Alpes
AERIEN,LONNYL72MOULA,400kV,LONNY,MOULAINE,1500,44,Grand Est,44,Grand Est
AERIEN,G.COUL61VAUPA,225kV,GRAND-COURONNE,VAUPALIERE (LA),400,28,Normandie,28,Normandie
AERIEN,BEZONL61PTCHA,225kV,BEZON,PONTCHATEAU,400,52,Pays de la Loire,52,Pays de la Loire
AERIEN,MARMAL61VARE5,225kV,MARMAGNE,VARENNES (-SUR-FOUZON),400,24,Centre-Val de Loire,75,Nouvelle-Aquitaine
AERIEN,BUIREL61P.SAM,225kV,BUIRE,PONT-SUR-SAMBRE,400,32,Hauts-de-France,32,Hauts-de-France
AERIEN,CAPELL61P.SAM,225kV,CAPELLE (LA),PONT-SUR-SAMBRE,400,32,Hauts-de-France,32,Hauts-de-France
AERIEN,EGUZOL71MARMA,400kV,EGUZON,MARMAGNE,1500,24,Centre-Val de Loire,24,Centre-Val de Loire
AERIEN,AVELIL61ZHEL5,225kV,AVELIN,HAUT-VINAGE,400,32,Hauts-de-France,32,Hauts-de-France
AERIEN,AVELIL61ZHEL5,225kV,HAUT-VINAGE,HELLEMMES,400,32,Hauts-de-France,32,Hauts-de-France
AERIEN,CESTAL61PESSA,225kV,CESTAS,PESSAC,400,75,Nouvelle-Aquitaine,75,Nouvelle-Aquitaine
AERIEN,LESQUL62VERLH,225kV,LESQUIVE,VERLHAGUET,400,76,Occitanie,76,Occitanie
AERIEN,FEUILL62PONTE,225kV,FEUILLANE,PONTEAU,400,93,Provence-Alpes-Côte d'Azur,93,Provence-Alpes-Côte d'Azur
AERIEN,PATISL61REMIS,225kV,PATIS,REMISE,400,28,Normandie,28,Normandie
AERIEN,CIZE L61FLEYR,225kV,CIZE,FLEYRIAT,400,84,Auvergne-Rhône-Alpes,84,Auvergne-Rhône-Alpes
AERIEN,CIZE L61FLEYR,225kV,CIZE,FLEYRIAT,400,84,Auvergne-Rhône-Alpes,84,Auvergne-Rhône-Alpes
AERIEN,BREVIL61MALGO,225kV,BREVIERES (LES),MALGOVERT,400,84,Auvergne-Rhône-Alpes,84,Auvergne-Rhône-Alpes
AERIEN,MALGOL31ZVICL,225kV,BREVIERES (LES),MALGOVERT,400,84,Auvergne-Rhône-Alpes,84,Auvergne-Rhône-Alpes
AERIEN,MALGOL31ZVICL,225kV,MALGOVERT,VICLAIRE,400,84,Auvergne-Rhône-Alpes,84,Auvergne-Rhône-Alpes
AERIEN,CPNIEL61SINAR,225kV,CHAMPAGNIER,SINARD,400,84,Auvergne-Rhône-Alpes,84,Auvergne-Rhône-Alpes
AERIEN,GRAV5L71WARAN,400kV,GRAVELINES (CENTRALE),WARANDE,1500,32,Hauts-de-France,32,Hauts-de-France
AERIEN,CROUZL61GODIN,225kV,CROUZET (LE),GODIN,400,27,Bourgogne-Franche-Comté,76,Occitanie
AERIEN,SSVICL61ZLACA,225kV,PELISSIER,REQUISTA,400,76,Occitanie,76,Occitanie
AERIEN,SSVICL61ZLACA,225kV,REQUISTA,ST-VICTOR,400,76,Occitanie,76,Occitanie
AERIEN,CONTAL61MALGO,225kV,CONTAMINE,MALGOVERT,400,84,Auvergne-Rhône-Alpes,84,Auvergne-Rhône-Alpes
AERIEN,CERGYL63ZFRO6,225kV,CERGY,CORMEILLES,400,11,Île-de-France,28,Normandie
AERIEN,CERGYL63ZFRO6,225kV,CORMEILLES,FROMAINVILLE,400,28,Normandie,28,Normandie
AERIEN,CERGYL63ZFRO6,225kV,CERGY,CORMEILLES,400,11,Île-de-France,28,Normandie
AERIEN,CERGYL63ZFRO6,225kV,CORMEILLES,FROMAINVILLE,400,28,Normandie,28,Normandie
AERIEN,CERGYL64ZFRO7,225kV,CERGY,CORMEILLES,400,11,Île-de-France,28,Normandie
AERIEN,CERGYL64ZFRO7,225kV,CORMEILLES,FROMAINVILLE,400,28,Normandie,28,Normandie
AERIEN,ALBERL61VEN.P,225kV,ALBERTVILLE,VENTHON-POSTE,400,84,Auvergne-Rhône-Alpes,84,Auvergne-Rhône-Alpes
AERIEN,CHESNL72TABAR,400kV,CHESNOY (LE),TABARDERIE,1500,24,Centre-Val de Loire,24,Centre-Val de Loire
AERIEN,H.BORL61P.GAS,225kV,HTE BORNE,PLESSIS-GASSOT,400,11,Île-de-France,11,Île-de-France
AERIEN,ARDOIL61MOTT5,225kV,ARDOISE (L ),MOTTE (LA) (V.-LES-AVIGNON),400,76,Occitanie,53,Bretagne
AERIEN,RQROUL61S.AIR,225kV,ROQUEROUSSE,SALON-BEL-AIR,400,93,Provence-Alpes-Côte d'Azur,93,Provence-Alpes-Côte d'Azur
AERIEN,ARVIGL61SENAR,225kV,ARVIGNY,SENART,400,11,Île-de-France,11,Île-de-France
AERIEN,ARVIGL62SENAR,225kV,ARVIGNY,SENART,400,11,Île-de-France,11,Île-de-France
AERIEN,TAVELL62VIRAD,225kV,TAVEL,VIRADEL,400,76,Occitanie,76,Occitanie
AERIEN,ALBERL61CHAV6,225kV,ALBERTVILLE,CHAVANOD,400,84,Auvergne-Rhône-Alpes,84,Auvergne-Rhône-Alpes
AERIEN,ALBERL61VEN.P,225kV,ALBERTVILLE,VENTHON-POSTE,400,84,Auvergne-Rhône-Alpes,84,Auvergne-Rhône-Alpes
AERIEN,HOLQUL61RUMIN,225kV,HOLQUE,RUMINGHEM,400,32,Hauts-de-France,32,Hauts-de-France
AERIEN,VLEVAL61ZAVRO,225kV,PLAISANCE,VILLEVAUDE,400,11,Île-de-France,11,Île-de-France
AERIEN,VLEVAL61ZAVRO,225kV,VILLEVAUDE,AVRON,400,11,Île-de-France,11,Île-de-France
AERIEN,ROMAIL62VLEVA,225kV,ROMAINVILLE,VILLEVAUDE,400,11,Île-de-France,11,Île-de-France
AERIEN,GAVREL62VENDI,225kV,GAVRELLE,VENDIN,400,32,Hauts-de-France,32,Hauts-de-France
AERIEN,ARNAGL62QUINT,225kV,ARNAGE,QUINTES (LES),400,52,Pays de la Loire,52,Pays de la Loire
AERIEN,RIGOTL61ZRIGO,225kV,PUSY,RIGOTTE (LA),400,27,Bourgogne-Franche-Comté,44,Grand Est
AERIEN,RIGOTL61ZRIGO,225kV,RIGOTTE (LA),ROLAMPONT,400,44,Grand Est,44,Grand Est
AERIEN,AVELIL61CZRIE,225kV,AVELIN,COURRIERES,400,32,Hauts-de-France,32,Hauts-de-France
AERIEN,AVELIL61VENDI,225kV,AVELIN,VENDIN,400,32,Hauts-de-France,32,Hauts-de-France
AERIEN,GROSNL71SSV.O,400kV,GROSNE,ST-VULBAS-OUEST,1500,27,Bourgogne-Franche-Comté,84,Auvergne-Rhône-Alpes
AERIEN,HOUDRL71LOGEL,400kV,HOUDREVILLE,LOGELBACH,1500,44,Grand Est,44,Grand Est
AERIEN,LOGELL71MUHLB,400kV,LOGELBACH,MUHLBACH,1500,44,Grand Est,44,Grand Est
AERIEN,LESTAL61ZPLAC,225kV,DOUVRIN,LESTARQUIT,400,32,Hauts-de-France,53,Bretagne
AERIEN,LESTAL61ZPLAC,225kV,LESTARQUIT,PLACHY (LE),400,53,Bretagne,32,Hauts-de-France
AERIEN,REVIGL71VIGY,400kV,REVIGNY,VIGY,1500,44,Grand Est,44,Grand Est
AERIEN,BAYETL61ZBILL,225kV,BAYET,BILLY,400,84,Auvergne-Rhône-Alpes,84,Auvergne-Rhône-Alpes
AERIEN,BAYETL61ZBILL,225kV,BILLY,FONT (LA),400,84,Auvergne-Rhône-Alpes,84,Auvergne-Rhône-Alpes
AERIEN,BIANCL61P.GR5,225kV,BIANCON,PLAN-DE-GRASSE,400,93,Provence-Alpes-Côte d'Azur,93,Provence-Alpes-Côte d'Azur
AERIEN,CHAINL71VERGE,400kV,CHAINGY,VERGER,1500,24,Centre-Val de Loire,53,Bretagne
AERIEN,CHAFFL73SSV.O,400kV,CHAFFARD (LE),ST-VULBAS-OUEST,1500,84,Auvergne-Rhône-Alpes,84,Auvergne-Rhône-Alpes
AERIEN,GROSNL61MACON,225kV,GROSNE,MACON,400,27,Bourgogne-Franche-Comté,27,Bourgogne-Franche-Comté
AERIEN,GRANZL72JUMEA,400kV,GRANZAY,JUMEAUX (LES),1500,75,Nouvelle-Aquitaine,84,Auvergne-Rhône-Alpes
AERIEN,NEMOUL61VLEMA,225kV,NEMOURS,VILLEMANDEUR,400,24,Centre-Val de Loire,24,Centre-Val de Loire
AERIEN,VLEMAL61ZGLAC,225kV,GIEN,TABARDERIE,400,24,Centre-Val de Loire,24,Centre-Val de Loire
AERIEN,VLEMAL61ZGLAC,225kV,TABARDERIE,VILLEMANDEUR,400,24,Centre-Val de Loire,24,Centre-Val de Loire
AERIEN,VLEMAL61ZGLAC,225kV,GIEN,TABARDERIE,400,24,Centre-Val de Loire,24,Centre-Val de Loire
AERIEN,VLEMAL61ZGLAC,225kV,TABARDERIE,VILLEMANDEUR,400,24,Centre-Val de Loire,24,Centre-Val de Loire
AERIEN,CAZARL63LANNE,225kV,CAZARIL,LANNEMEZAN,400,76,Occitanie,76,Occitanie
AERIEN,ELANCL61SSAU5,225kV,ELANCOURT,ST-AUBIN,400,11,Île-de-France,11,Île-de-France
AERIEN,ELANCL61ZMTJ5,225kV,ELANCOURT,VILLEJUST,400,11,Île-de-France,11,Île-de-France
AERIEN,ELANCL61ZMTJ5,225kV,VILLEJUST,MONTJAY,400,11,Île-de-France,11,Île-de-France
AERIEN,BEZAUL71HOUDR,400kV,BEZAUMONT,HOUDREVILLE,1500,44,Grand Est,44,Grand Est
AERIEN,BEZAUL72HOUDR,400kV,BEZAUMONT,HOUDREVILLE,1500,44,Grand Est,44,Grand Est
AERIEN,GOUVIL61P.GAS,225kV,GOUVIEUX,PLESSIS-GASSOT,400,11,Île-de-France,11,Île-de-France
AERIEN,GRAMOL61VERFE,225kV,GRAMONT,VERFEIL,400,76,Occitanie,76,Occitanie
AERIEN,AUBETL61ROGNA,225kV,AUBETTE,ROGNAC,400,93,Provence-Alpes-Côte d'Azur,93,Provence-Alpes-Côte d'Azur
AERIEN,COR.PL72MARTY,400kV,CORDEMAIS-POSTE,MARTYRE (LA),1500,52,Pays de la Loire,53,Bretagne
AERIEN,CALA5L71MARTY,400kV,CALAN,MARTYRE (LA),1500,53,Bretagne,53,Bretagne
AERIEN,COR.PL72MARTY,400kV,CORDEMAIS-POSTE,MARTYRE (LA),1500,52,Pays de la Loire,53,Bretagne
AERIEN,G.CAIL63MASTA,225kV,GROS-CAILLOU,MASTAING,400,11,Île-de-France,32,Hauts-de-France
AERIEN,B.CARL72BIANC,400kV,BROC-CARROS,BIANCON,1500,93,Provence-Alpes-Côte d'Azur,93,Provence-Alpes-Côte d'Azur
AERIEN,CHESNL62CZTRY,225kV,CHESNOY (LE),COURTRY,400,24,Centre-Val de Loire,11,Île-de-France
AERIEN,ZCARRL61ZSEMO,225kV,CARRES(LES),DAMBRON,400,24,Centre-Val de Loire,24,Centre-Val de Loire
AERIEN,ZCARRL61ZSEMO,225kV,DAMBRON,TIVERNON,400,24,Centre-Val de Loire,24,Centre-Val de Loire
AERIEN,ZCARRL61ZSEMO,225kV,TIVERNON,VILLEJUST,400,24,Centre-Val de Loire,11,Île-de-France
AERIEN,DAMBRL62ZCAR6,225kV,CARRES(LES),DAMBRON,400,24,Centre-Val de Loire,24,Centre-Val de Loire
AERIEN,DAMBRL62ZCAR6,225kV,DAMBRON,VILLEJUST,400,24,Centre-Val de Loire,11,Île-de-France
AERIEN,ROBI5L61ZV.BR,225kV,ROBINSON,VILLEJUST,400,11,Île-de-France,11,Île-de-France
AERIEN,ROBI5L61ZV.BR,225kV,VILLEJUST,ULIS (LES),400,11,Île-de-France,11,Île-de-France
AERIEN,VLEJUL61VLERA,225kV,VILLEJUST,VILLERAS,400,11,Île-de-France,11,Île-de-France
AERIEN,MOUL8L62VLEJU,225kV,MOULINEAUX,VILLEJUST,400,28,Normandie,11,Île-de-France
AERIEN,PALA5L31SSAU5,225kV,PALAISEAU,ST-AUBIN,400,11,Île-de-France,11,Île-de-France
AERIEN,ARRIGL61CHEVI,225kV,ARRIGHI,CHEVILLY,400,94,Corse,11,Île-de-France
AERIEN,CHEVIL61V.GEO,225kV,CHEVILLY,VILLENEUVE-ST-GEORGES,400,11,Île-de-France,11,Île-de-France
AERIEN,TAVELL72TRI.P,400kV,TAVEL,TRICASTIN-POSTE (LE),1500,76,Occitanie,84,Auvergne-Rhône-Alpes
AERIEN,TAVELL71TRI.P,400kV,TAVEL,TRICASTIN-POSTE (LE),1500,76,Occitanie,84,Auvergne-Rhône-Alpes
AERIEN,CIROLL61LOGES,225kV,CIROLLIERS,LOGES (LES),400,11,Île-de-France,28,Normandie
AERIEN,B.MONL61ZCPB5,225kV,BEAUMONT-MONTEUX,CHAMPBLAIN,400,84,Auvergne-Rhône-Alpes,84,Auvergne-Rhône-Alpes
AERIEN,B.MONL61ZCPB5,225kV,CHAMPBLAIN,GAMPALOUP,400,84,Auvergne-Rhône-Alpes,84,Auvergne-Rhône-Alpes
AERIEN,B.MONL62GAMPA,225kV,BEAUMONT-MONTEUX,GAMPALOUP,400,84,Auvergne-Rhône-Alpes,84,Auvergne-Rhône-Alpes
AERIEN,CORMEL63ZFRO6,225kV,CERGY,CORMEILLES,400,11,Île-de-France,28,Normandie
AERIEN,CORMEL63ZFRO6,225kV,CORMEILLES,FROMAINVILLE,400,28,Normandie,28,Normandie
AERIEN,BOISSL61MEUNI,225kV,BOISSE (LA),MEUNIERES (LES),400,84,Auvergne-Rhône-Alpes,84,Auvergne-Rhône-Alpes
AERIEN,BOISSL61ZJOUX,225kV,BOISSE (LA),JOUX,400,84,Auvergne-Rhône-Alpes,84,Auvergne-Rhône-Alpes
AERIEN,BOISSL61ZJOUX,225kV,JOUX,MACON,400,84,Auvergne-Rhône-Alpes,27,Bourgogne-Franche-Comté
AERIEN,CAIL5L61RABAT,225kV,CAILLOLS,RABATAU,400,93,Provence-Alpes-Côte d'Azur,93,Provence-Alpes-Côte d'Azur
AERIEN,E.BOTL61MAZAR,225kV,ENCO-DE-BOTTE,MAZARGUES,400,93,Provence-Alpes-Côte d'Azur,93,Provence-Alpes-Côte d'Azur
AERIEN,BAYETL72GREPI,400kV,BAYET,GREPILLES,1500,84,Auvergne-Rhône-Alpes,84,Auvergne-Rhône-Alpes
AERIEN,LIERSL61LOGES,225kV,LIERS,LOGES (LES),400,11,Île-de-France,28,Normandie
AERIEN,LIERSL61ZLIN7,225kV,LIERS,VILLEJUST,400,11,Île-de-France,11,Île-de-France
AERIEN,LIERSL61ZLIN7,225kV,VILLEJUST,PETIT-BOIS (LE),400,11,Île-de-France,11,Île-de-France
AERIEN,PLAISL62ZAVR5,225kV,PLAISANCE,VILLEVAUDE,400,11,Île-de-France,11,Île-de-France
AERIEN,PLAISL62ZAVR5,225kV,VILLEVAUDE,AVRON,400,11,Île-de-France,11,Île-de-France
AERIEN,AYRESL61GODIN,225kV,AYRES,GODIN,400,76,Occitanie,76,Occitanie
AERIEN,AYRESL61SSVIC,225kV,AYRES,ST-VICTOR,400,76,Occitanie,76,Occitanie
AERIEN,AVOI5L72DISTR,400kV,AVOINE(POSTE 400 kV),DISTRE,1500,24,Centre-Val de Loire,52,Pays de la Loire
AERIEN,CATTEL73VIGY,400kV,CATTENOM,VIGY,1500,44,Grand Est,44,Grand Est
AERIEN,GRENAL61ZGREN,225kV,AOSTE,GRENAY,400,84,Auvergne-Rhône-Alpes,84,Auvergne-Rhône-Alpes
AERIEN,GRENAL61ZGREN,225kV,GRENAY,MIONS,400,84,Auvergne-Rhône-Alpes,84,Auvergne-Rhône-Alpes
AERIEN,LANDEL62MARTY,225kV,LANDERNEAU,MARTYRE (LA),400,53,Bretagne,53,Bretagne
AERIEN,CERGYL61PORCH,225kV,CERGY,PORCHEVILLE,400,11,Île-de-France,11,Île-de-France
AERIEN,CERGYL61PUISE,225kV,CERGY,PUISEUX,400,11,Île-de-France,44,Grand Est
AERIEN,DAMBRL71VERGE,400kV,DAMBRON,VERGER,1500,24,Centre-Val de Loire,53,Bretagne
AERIEN,DAMBRL72VERGE,400kV,DAMBRON,VERGER,1500,24,Centre-Val de Loire,53,Bretagne
AERIEN,BOISSL63SSV.E,225kV,BOISSE (LA),ST-VULBAS-EST,400,84,Auvergne-Rhône-Alpes,84,Auvergne-Rhône-Alpes
AERIEN,EMALEL61ZEMAL,225kV,EMALES(LES),RANVILLE,400,28,Normandie,28,Normandie
AERIEN,EMALEL61ZEMAL,225kV,RANVILLE,TOURBE,400,28,Normandie,28,Normandie
AERIEN,ROUGEL61YAINV,225kV,ROUGEMONTIER,YAINVILLE,400,28,Normandie,28,Normandie
AERIEN,G.COUL41GANTE,225kV,GANTERIE,GRAND-COURONNE,400,28,Normandie,28,Normandie
AERIEN,DAMERL61VESLE,225kV,DAMERY,VESLE,400,44,Grand Est,44,Grand Est
AERIEN,NOGENL61ORMES,225kV,NOGENTEL,ORMES,400,32,Hauts-de-France,32,Hauts-de-France
AERIEN,CHALOL61CPVAN,225kV,CHALON,CHAMPVANS,400,84,Auvergne-Rhône-Alpes,27,Bourgogne-Franche-Comté
AERIEN,GEN.PL71VIELM,400kV,GENISSIAT-POSTE,VIELMOULIN,1500,84,Auvergne-Rhône-Alpes,27,Bourgogne-Franche-Comté
AERIEN,GEN.PL72VIELM,400kV,GENISSIAT-POSTE,VIELMOULIN,1500,84,Auvergne-Rhône-Alpes,27,Bourgogne-Franche-Comté
AERIEN,ROMAIL64ZGALE,225kV,GALERES,ROMAINVILLE,400,11,Île-de-France,11,Île-de-France
AERIEN,ROMAIL64ZGALE,225kV,ROMAINVILLE,VILLEVAUDE,400,11,Île-de-France,11,Île-de-France
AERIEN,BREUIL61ZDONZ,225kV,BREUIL,CHASTANG 1,400,84,Auvergne-Rhône-Alpes,75,Nouvelle-Aquitaine
AERIEN,BREUIL61ZDONZ,225kV,CHASTANG 1,DONZENAC,400,75,Nouvelle-Aquitaine,75,Nouvelle-Aquitaine
AERIEN,L.DELL61PRRTT,225kV,LILLE DELIVRANCE,PIERRETTE (LA),400,32,Hauts-de-France,32,Hauts-de-France
AERIEN,BEZAUL61VANDI,225kV,BEZAUMONT,VANDIERES,400,44,Grand Est,44,Grand Est
AERIEN,BEZAUL62VANDI,225kV,BEZAUMONT,VANDIERES,400,44,Grand Est,44,Grand Est
AERIEN,CORDEL61SAUTE,225kV,CORDEAC,SAUTET (LE),400,84,Auvergne-Rhône-Alpes,84,Auvergne-Rhône-Alpes
AERIEN,SQUIVL62ZTREF,225kV,DIRINON,MARTYRE (LA),400,53,Bretagne,53,Bretagne
AERIEN,SQUIVL62ZTREF,225kV,MARTYRE (LA),SQUIVIDAN,400,53,Bretagne,53,Bretagne
AERIEN,B.MONL72CHAFF,400kV,BEAUMONT-MONTEUX,CHAFFARD (LE),1500,84,Auvergne-Rhône-Alpes,84,Auvergne-Rhône-Alpes
AERIEN,CHAFFL71COULA,400kV,CHAFFARD (LE),COULANGE,1500,84,Auvergne-Rhône-Alpes,84,Auvergne-Rhône-Alpes
AERIEN,B.MONL72CHAFF,400kV,BEAUMONT-MONTEUX,CHAFFARD (LE),1500,84,Auvergne-Rhône-Alpes,84,Auvergne-Rhône-Alpes
AERIEN,COUPVL61VLEVA,225kV,COUPVRAY,VILLEVAUDE,400,11,Île-de-France,11,Île-de-France
AERIEN,OLLI5L61ZPELA,225kV,BOUTRE,OLLIERES,400,93,Provence-Alpes-Côte d'Azur,93,Provence-Alpes-Côte d'Azur
AERIEN,OLLI5L61ZPELA,225kV,OLLIERES,PELADE,400,93,Provence-Alpes-Côte d'Azur,93,Provence-Alpes-Côte d'Azur
AERIEN,PICOCL71VLERB,400kV,PICOCHERIE (LA),VILLERBON,1500,52,Pays de la Loire,24,Centre-Val de Loire
AERIEN,CURBAL61ZBLAU,225kV,CURBANS,SISTERON,400,93,Provence-Alpes-Côte d'Azur,93,Provence-Alpes-Côte d'Azur
AERIEN,CURBAL61ZBLAU,225kV,SISTERON,BLAUX,400,93,Provence-Alpes-Côte d'Azur,93,Provence-Alpes-Côte d'Azur
AERIEN,AVELIL71MASTA,400kV,AVELIN,MASTAING,1500,32,Hauts-de-France,32,Hauts-de-France
AERIEN,AVELIL61MASTA,400kV,AVELIN,MASTAING,1500,32,Hauts-de-France,32,Hauts-de-France
AERIEN,DIRINL62ZTREF,225kV,DIRINON,MARTYRE (LA),400,53,Bretagne,53,Bretagne
AERIEN,DIRINL62ZTREF,225kV,MARTYRE (LA),SQUIVIDAN,400,53,Bretagne,53,Bretagne
AERIEN,PLOUGL31ZSSUR,225kV,LANDERNEAU,PLOUGASTEL,400,53,Bretagne,53,Bretagne
AERIEN,PLOUGL31ZSSUR,225kV,PLOUGASTEL,RUMENGOL,400,53,Bretagne,53,Bretagne
AERIEN,CPNIEL61S.PON,225kV,CHAMPAGNIER,SERRE-PONCON,400,84,Auvergne-Rhône-Alpes,93,Provence-Alpes-Côte d'Azur
AERIEN,BRENNL61MARTY,225kV,BRENNILIS,MARTYRE (LA),400,53,Bretagne,53,Bretagne
AERIEN,VLEJUL61ZMTJ5,225kV,ELANCOURT,VILLEJUST,400,11,Île-de-France,11,Île-de-France
AERIEN,VLEJUL61ZMTJ5,225kV,VILLEJUST,MONTJAY,400,11,Île-de-France,11,Île-de-France
AERIEN,BASTIL61LANNE,225kV,BASTILLAC,LANNEMEZAN,400,76,Occitanie,76,Occitanie
AERIEN,V.BIGL31ZBIA7,225kV,BASTILLAC,BIACAVE,400,76,Occitanie,76,Occitanie
AERIEN,V.BIGL31ZBIA7,225kV,BIACAVE,VIC EN BIGORRE,400,76,Occitanie,76,Occitanie
AERIEN,.VERBL61GEN.P,225kV,GENISSIAT-POSTE,VERBOIS,400,84,Auvergne-Rhône-Alpes,0,Étranger
AERIEN,ESTR6L61FAMAR,225kV,ESTREUX,FAMARS,400,32,Hauts-de-France,32,Hauts-de-France
AERIEN,FAMARL61G.CAI,225kV,FAMARS,GROS-CAILLOU,400,32,Hauts-de-France,11,Île-de-France
AERIEN,PRIMEL61SAUS5,225kV,PRIMEVERES,SAUSSET,400,93,Provence-Alpes-Côte d'Azur,93,Provence-Alpes-Côte d'Azur
AERIEN,PRIMEL62SAUS5,225kV,PRIMEVERES,SAUSSET,400,93,Provence-Alpes-Côte d'Azur,93,Provence-Alpes-Côte d'Azur
AERIEN,DAMBRL71GATI5,400kV,DAMBRON,GATINAIS,1500,24,Centre-Val de Loire,24,Centre-Val de Loire
AERIEN,COUESL61COUES,225kV,COUESQUE,COUESQUE G1,400,76,Occitanie,76,Occitanie
AERIEN,RUPREL61ZRUPR,225kV,BEAUTOR(POSTE),RUPREUX,400,32,Hauts-de-France,32,Hauts-de-France
AERIEN,RUPREL61ZRUPR,225kV,RUPREUX,SOISSONS-NOTRE-DAME,400,32,Hauts-de-France,32,Hauts-de-France
AERIEN,FLOIRL61MQIS,225kV,FLOIRAC EDF,MARQUIS (LE),400,75,Nouvelle-Aquitaine,75,Nouvelle-Aquitaine
AERIEN,FLOIRL62MQIS,225kV,FLOIRAC EDF,MARQUIS (LE),400,75,Nouvelle-Aquitaine,75,Nouvelle-Aquitaine
AERIEN,CHALOL61GROSN,225kV,CHALON,GROSNE,400,84,Auvergne-Rhône-Alpes,27,Bourgogne-Franche-Comté
AERIEN,FEUILL61SSCHA,225kV,FEUILLANE,ST-CHAMAS,400,93,Provence-Alpes-Côte d'Azur,93,Provence-Alpes-Côte d'Azur
AERIEN,P.BOUL31RASSU,225kV,PORT-DE-BOUC,RASSUEN,400,93,Provence-Alpes-Côte d'Azur,93,Provence-Alpes-Côte d'Azur
AERIEN,H.VINL61WATTR,225kV,HAUT-VINAGE,WATTRELOS,400,32,Hauts-de-France,32,Hauts-de-France
AERIEN,H.VINL62WATTR,225kV,HAUT-VINAGE,WATTRELOS,400,32,Hauts-de-France,32,Hauts-de-France
AERIEN,CHOLEL61DISTR,225kV,CHOLET,DISTRE,400,52,Pays de la Loire,52,Pays de la Loire
AERIEN,FEUILL61ROCAD,225kV,FEUILLANE,ROCADE,400,93,Provence-Alpes-Côte d'Azur,93,Provence-Alpes-Côte d'Azur
AERIEN,METHAL32ZMETH,225kV,DARSE,FEUILLANE,400,93,Provence-Alpes-Côte d'Azur,93,Provence-Alpes-Côte d'Azur
AERIEN,METHAL32ZMETH,225kV,FEUILLANE,METHANIER(TERMINAL DE FOS-SUR-MER),400,93,Provence-Alpes-Côte d'Azur,93,Provence-Alpes-Côte d'Azur
AERIEN,NIORTL61V.SEV,225kV,NIORT,VAL DE SEVRE,400,75,Nouvelle-Aquitaine,75,Nouvelle-Aquitaine
AERIEN,P.JERL61VAUPA,225kV,PORT-JEROME,VAUPALIERE (LA),400,28,Normandie,28,Normandie
AERIEN,CRIQUL41P.JER,225kV,CRIQUET,PORT-JEROME,400,28,Normandie,28,Normandie
AERIEN,MTAHUL61SSVIN,225kV,MONTAHUT,ST VINCENT,400,76,Occitanie,76,Occitanie
AERIEN,ECHALL61RIVIE,225kV,ECHALAS,RIVIERE (LA),400,84,Auvergne-Rhône-Alpes,75,Nouvelle-Aquitaine
AERIEN,ECHALL61SOLEI,225kV,ECHALAS,SOLEIL (LE),400,84,Auvergne-Rhône-Alpes,84,Auvergne-Rhône-Alpes
AERIEN,GRAV5L61WARAN,225kV,GRAVELINES (CENTRALE),WARANDE,400,32,Hauts-de-France,32,Hauts-de-France
AERIEN,EGUZOL61ORANG,225kV,EGUZON,ORANGERIE (L),400,24,Centre-Val de Loire,24,Centre-Val de Loire
AERIEN,C.METL61LANEU,225kV,CROIX-DE-METZ,LANEUVEVILLE,400,44,Grand Est,44,Grand Est
AERIEN,G.SYNL62WESTH,225kV,GRANDE-SYNTHE,WESTHOUCK(COPENOR G.I.E.),400,32,Hauts-de-France,32,Hauts-de-France
AERIEN,MIONSL61ZGREN,225kV,AOSTE,GRENAY,400,84,Auvergne-Rhône-Alpes,84,Auvergne-Rhône-Alpes
AERIEN,MIONSL61ZGREN,225kV,GRENAY,MIONS,400,84,Auvergne-Rhône-Alpes,84,Auvergne-Rhône-Alpes
AERIEN,AVOINL61QUINT,225kV,AVOINE,QUINTES (LES),400,24,Centre-Val de Loire,52,Pays de la Loire
AERIEN,AVOINL61QUINT,225kV,AVOINE,QUINTES (LES),400,24,Centre-Val de Loire,52,Pays de la Loire
AERIEN,ECHINL61MANDA,225kV,ECHINGHEN,MANDARINS,400,32,Hauts-de-France,32,Hauts-de-France
AERIEN,I.NAPL61LUTTE,225kV,ILE-NAPOLEON,LUTTERBACH,400,44,Grand Est,44,Grand Est
AERIEN,QUAREL61ZQUAR,225kV,QUAREZ,THIERS (BRUAY-SUR-L'ESCAUT),400,32,Hauts-de-France,32,Hauts-de-France
AERIEN,QUAREL61ZQUAR,225kV,THIERS (BRUAY-SUR-L'ESCAUT),VALENCIENNES,400,32,Hauts-de-France,32,Hauts-de-France
AERIEN,BOUTRL71PRION,400kV,BOUTRE,PRIONNET,1500,93,Provence-Alpes-Côte d'Azur,76,Occitanie
AERIEN,TAVELL71ZT.SU,400kV,PRIONNET,TAVEL,1500,76,Occitanie,76,Occitanie
AERIEN,TAVELL71ZT.SU,400kV,TAVEL,TORE SUPRA,1500,76,Occitanie,76,Occitanie
AERIEN,PLAISL61ROMAI,225kV,PLAISANCE,ROMAINVILLE,400,11,Île-de-France,11,Île-de-France
AERIEN,PLAISL62ROMAI,225kV,PLAISANCE,ROMAINVILLE,400,11,Île-de-France,11,Île-de-France
AERIEN,ECHALL61SOLEI,225kV,ECHALAS,SOLEIL (LE),400,84,Auvergne-Rhône-Alpes,84,Auvergne-Rhône-Alpes
AERIEN,ECHALL62SOLEI,225kV,ECHALAS,SOLEIL (LE),400,84,Auvergne-Rhône-Alpes,84,Auvergne-Rhône-Alpes
AERIEN,SEREIL61ZTONN,225kV,JOUX-LA-VILLE,SEREIN,400,27,Bourgogne-Franche-Comté,27,Bourgogne-Franche-Comté
AERIEN,SEREIL61ZTONN,225kV,SEREIN,TONNERRE,400,27,Bourgogne-Franche-Comté,27,Bourgogne-Franche-Comté
AERIEN,MAZINL61ZBEU5,225kV,BEUVRY(LABOURSE),MAZINGARBE,400,32,Hauts-de-France,32,Hauts-de-France
AERIEN,MAZINL61ZBEU5,225kV,MAZINGARBE,VENDIN,400,32,Hauts-de-France,32,Hauts-de-France
AERIEN,ATTAQL61MANDA,225kV,ATTAQUES (LES),MANDARINS,400,32,Hauts-de-France,32,Hauts-de-France
AERIEN,ATTAQL61MANDA,225kV,ATTAQUES (LES),MANDARINS,400,32,Hauts-de-France,32,Hauts-de-France
AERIEN,ATTAQL41MANDA,225kV,ATTAQUES (LES),MANDARINS,400,32,Hauts-de-France,32,Hauts-de-France
AERIEN,L.NOIL61ZL.NO,225kV,ANOULD,LAC-NOIR,400,44,Grand Est,44,Grand Est
AERIEN,L.NOIL61ZL.NO,225kV,LAC-NOIR,LOGELBACH,400,44,Grand Est,44,Grand Est
AERIEN,BORT L61MOLE,225kV,BORT,MOLE (LA),400,75,Nouvelle-Aquitaine,75,Nouvelle-Aquitaine
AERIEN,BORT L62MOLE,225kV,BORT,MOLE (LA),400,75,Nouvelle-Aquitaine,75,Nouvelle-Aquitaine
AERIEN,GUARBL62ISBE5,225kV,GUARBECQUE,ISBERGUES(UGINE ACIERS) (225kV),400,32,Hauts-de-France,32,Hauts-de-France
AERIEN,MANOIL61SSBAI,225kV,MANOIR (LE),ST-PIERRE-DE-BAILLEUL,400,28,Normandie,28,Normandie
AERIEN,PORCHL61SSBAI,225kV,PORCHEVILLE,ST-PIERRE-DE-BAILLEUL,400,11,Île-de-France,28,Normandie
AERIEN,MEZE5L71TILL5,400kV,MEZEROLLES,TILLEUL,1500,32,Hauts-de-France,28,Normandie
AERIEN,MEZE5L72TILL5,400kV,MEZEROLLES,TILLEUL,1500,32,Hauts-de-France,28,Normandie
AERIEN,LINGOL61T.LAS,225kV,LINGOSTIERE,TOUR LASCARIS,400,93,Provence-Alpes-Côte d'Azur,93,Provence-Alpes-Côte d'Azur
AERIEN,V.MOUL61ZV.MO,225kV,LONGEFAN,SAUSSAZ II (LA),400,84,Auvergne-Rhône-Alpes,84,Auvergne-Rhône-Alpes
AERIEN,V.MOUL61ZV.MO,225kV,SAUSSAZ II (LA),VIEUX-MOULIN,400,84,Auvergne-Rhône-Alpes,84,Auvergne-Rhône-Alpes
AERIEN,GODINL61ZSSG7,225kV,BREUIL (LE),GATELLIER,400,84,Auvergne-Rhône-Alpes,84,Auvergne-Rhône-Alpes
AERIEN,GODINL61ZSSG7,225kV,GATELLIER,GODIN,400,84,Auvergne-Rhône-Alpes,76,Occitanie
AERIEN,VLAROL71ZP.AN,400kV,PRAZ ST ANDRE 1,PRAZ ST ANDRE 2,1500,84,Auvergne-Rhône-Alpes,84,Auvergne-Rhône-Alpes
AERIEN,VLAROL71ZP.AN,400kV,PRAZ ST ANDRE 2,VILLARODIN,1500,84,Auvergne-Rhône-Alpes,84,Auvergne-Rhône-Alpes
AERIEN,CHESNL63RENAR,225kV,CHESNOY (LE),RENARDIERES (LES),400,24,Centre-Val de Loire,24,Centre-Val de Loire
AERIEN,CHESNL64RENAR,225kV,CHESNOY (LE),RENARDIERES (LES),400,24,Centre-Val de Loire,24,Centre-Val de Loire
AERIEN,CHESNL64RENAR,225kV,CHESNOY (LE),RENARDIERES (LES),400,24,Centre-Val de Loire,24,Centre-Val de Loire
AERIEN,AOSTEL61ZGREN,225kV,AOSTE,GRENAY,400,84,Auvergne-Rhône-Alpes,84,Auvergne-Rhône-Alpes
AERIEN,AOSTEL61ZGREN,225kV,GRENAY,MIONS,400,84,Auvergne-Rhône-Alpes,84,Auvergne-Rhône-Alpes
AERIEN,AOSTEL31BURCI,225kV,AOSTE,BURCIN,400,84,Auvergne-Rhône-Alpes,84,Auvergne-Rhône-Alpes
AERIEN,BXTO5L61L.CHA,225kV,BEAUTOR(POSTE),LONG-CHAMP (LE),400,32,Hauts-de-France,32,Hauts-de-France
AERIEN,L.CHAL61VEZIL,225kV,LONG-CHAMP (LE),VEZILLY,400,32,Hauts-de-France,32,Hauts-de-France
AERIEN,CONF5L61PARIS,225kV,CONFLUENT,PARISET,400,84,Auvergne-Rhône-Alpes,84,Auvergne-Rhône-Alpes
AERIEN,FURONL31PARIS,225kV,FURON,PARISET,400,84,Auvergne-Rhône-Alpes,84,Auvergne-Rhône-Alpes
AERIEN,LAUNAL71TAUTE,400kV,LAUNAY,TAUTE,1500,28,Normandie,28,Normandie
AERIEN,GAMPAL61P.EVE,225kV,GAMPALOUP,PONT-EVEQUE,400,84,Auvergne-Rhône-Alpes,84,Auvergne-Rhône-Alpes
AERIEN,MIONSL61P.EVE,225kV,MIONS,PONT-EVEQUE,400,84,Auvergne-Rhône-Alpes,84,Auvergne-Rhône-Alpes
AERIEN,ARGOEL61ZARGO,225kV,AMARGUE,AMIENS,400,32,Hauts-de-France,32,Hauts-de-France
AERIEN,ARGOEL61ZARGO,225kV,AMIENS,ARGOEUVES,400,32,Hauts-de-France,32,Hauts-de-France
AERIEN,CHAN6L62REVIG,225kV,CHANCENAY,REVIGNY,400,44,Grand Est,44,Grand Est
AERIEN,MIONSL61P.EVE,225kV,MIONS,PONT-EVEQUE,400,84,Auvergne-Rhône-Alpes,84,Auvergne-Rhône-Alpes
AERIEN,DARSEL61FEUIL,225kV,DARSE,FEUILLANE,400,93,Provence-Alpes-Côte d'Azur,93,Provence-Alpes-Côte d'Azur
AERIEN,DARSEL61RELA5,225kV,DARSE,RELAIS,400,93,Provence-Alpes-Côte d'Azur,93,Provence-Alpes-Côte d'Azur
AERIEN,BASTIL61LANNE,225kV,BASTILLAC,LANNEMEZAN,400,76,Occitanie,76,Occitanie
AERIEN,ROMAIL61VLEVA,225kV,ROMAINVILLE,VILLEVAUDE,400,11,Île-de-France,11,Île-de-France
AERIEN,G.COUL61SSROU,225kV,GRAND-COURONNE,ST-ETIENNE DU ROUVRAY,400,28,Normandie,28,Normandie
AERIEN,M.SEIL71VIELM,400kV,MERY-SUR-SEINE,VIELMOULIN,1500,44,Grand Est,27,Bourgogne-Franche-Comté
AERIEN,GRIM5L61TRANS,225kV,GRIMAUD,TRANS,400,93,Provence-Alpes-Côte d'Azur,93,Provence-Alpes-Côte d'Azur
AERIEN,GRIM5L62TRANS,225kV,GRIMAUD,TRANS,400,93,Provence-Alpes-Côte d'Azur,93,Provence-Alpes-Côte d'Azur
AERIEN,CHABRL61L.NEU,225kV,CHABRILLAN,LOGIS-NEUF,400,84,Auvergne-Rhône-Alpes,84,Auvergne-Rhône-Alpes
AERIEN,CHABRL61ZCBAU,225kV,BEAUMONT-MONTEUX,CHABRILLAN,400,84,Auvergne-Rhône-Alpes,84,Auvergne-Rhône-Alpes
AERIEN,CHABRL61ZCBAU,225kV,CHABRILLAN,CHAMBAUD,400,84,Auvergne-Rhône-Alpes,84,Auvergne-Rhône-Alpes
AERIEN,TONNEL61ZTONN,225kV,JOUX-LA-VILLE,SEREIN,400,27,Bourgogne-Franche-Comté,27,Bourgogne-Franche-Comté
AERIEN,TONNEL61ZTONN,225kV,SEREIN,TONNERRE,400,27,Bourgogne-Franche-Comté,27,Bourgogne-Franche-Comté
AERIEN,CONCAL61SQUIV,225kV,CONCARNEAU,SQUIVIDAN,400,53,Bretagne,53,Bretagne
AERIEN,G.PORL61G.SYN,225kV,GRAND-PORT,GRANDE-SYNTHE,400,32,Hauts-de-France,32,Hauts-de-France
AERIEN,GRAFFL61MARL6,225kV,GRAFFENSTADEN,MARLENHEIM,400,44,Grand Est,44,Grand Est
AERIEN,G.CAIL62MASTA,225kV,GROS-CAILLOU,MASTAING,400,11,Île-de-France,32,Hauts-de-France
AERIEN,CHEVIL61VLEJU,225kV,CHEVILLY,VILLEJUST,400,11,Île-de-France,11,Île-de-France
AERIEN,CHEVIL62VLEJU,225kV,CHEVILLY,VILLEJUST,400,11,Île-de-France,11,Île-de-France
AERIEN,CHOO5L62MAZUR,225kV,CHOOZ,MAZURES,400,44,Grand Est,44,Grand Est
AERIEN,BARNAL72TERRI,400kV,BARNABOS,TERRIER,1500,28,Normandie,11,Île-de-France
AERIEN,DONZEL61FEROU,225kV,DONZENAC,FEROUGE,400,75,Nouvelle-Aquitaine,75,Nouvelle-Aquitaine
AERIEN,A.COML61ZBXV6,225kV,AMIENS,AVESNES-LE-COMTE,400,32,Hauts-de-France,32,Hauts-de-France
AERIEN,A.COML61ZBXV6,225kV,AVESNES-LE-COMTE,VICOGNE (LA),400,32,Hauts-de-France,32,Hauts-de-France
AERIEN,M.MORL61VLEVA,225kV,MITRY,MORY (E.D.F.),400,11,Île-de-France,32,Hauts-de-France
AERIEN,M.MORL61VLEVA,225kV,MORY (E.D.F.),VILLEVAUDE,400,32,Hauts-de-France,11,Île-de-France
AERIEN,G.COUL62VAUPA,225kV,GRAND-COURONNE,VAUPALIERE (LA),400,28,Normandie,28,Normandie
AERIEN,G.COUL63VAUPA,225kV,GRAND-COURONNE,VAUPALIERE (LA),400,28,Normandie,28,Normandie
AERIEN,CHAN5L71VLERB,400kV,CHANCEAUX,VILLERBON,1500,24,Centre-Val de Loire,24,Centre-Val de Loire
AERIEN,CHARPL72ECHAL,400kV,CHARPENAY,ECHALAS,1500,84,Auvergne-Rhône-Alpes,84,Auvergne-Rhône-Alpes
AERIEN,B.TOLL71GEN.P,400kV,BOIS-TOLLOT,GENISSIAT-POSTE,1500,84,Auvergne-Rhône-Alpes,84,Auvergne-Rhône-Alpes
AERIEN,HOLQUL61LONG9,225kV,HOLQUE,LONGUENESSE,400,32,Hauts-de-France,32,Hauts-de-France
AERIEN,HOLQUL62LONG9,225kV,HOLQUE,LONGUENESSE,400,32,Hauts-de-France,32,Hauts-de-France
AERIEN,AYRESL61SSVIC,225kV,AYRES,ST-VICTOR,400,76,Occitanie,76,Occitanie
AERIEN,MARL6L62REICH,225kV,MARLENHEIM,REICHSTETT,400,44,Grand Est,44,Grand Est
AERIEN,MARMAL72TABAR,400kV,MARMAGNE,TABARDERIE,1500,24,Centre-Val de Loire,24,Centre-Val de Loire
AERIEN,DAMBRL62ZESPI,225kV,CHAUNAY,DAMBRON,400,75,Nouvelle-Aquitaine,24,Centre-Val de Loire
AERIEN,DAMBRL62ZESPI,225kV,DAMBRON,ESPIERS (LES),400,24,Centre-Val de Loire,24,Centre-Val de Loire
AERIEN,MARCKL61SCHEE,225kV,MARCKOLSHEIM,SCHEER,400,44,Grand Est,0,Étranger
AERIEN,MEZE5L61MUREA,225kV,MEZEROLLES,MUREAUX (LES),400,32,Hauts-de-France,11,Île-de-France
AERIEN,MEZE5L62NOURO,225kV,MEZEROLLES,NOUROTTES,400,32,Hauts-de-France,11,Île-de-France
AERIEN,FARRAL61SAINT,225kV,FARRADIERE (LA),SAINTES,400,75,Nouvelle-Aquitaine,75,Nouvelle-Aquitaine
AERIEN,CATTEL72VIGY,400kV,CATTENOM,VIGY,1500,44,Grand Est,44,Grand Est
AERIEN,AVOINL61DISTR,225kV,AVOINE,DISTRE,400,24,Centre-Val de Loire,52,Pays de la Loire
AERIEN,P.RHIL61STRAS,225kV,PORT-DU-RHIN,STRASBOURG,400,44,Grand Est,44,Grand Est
AERIEN,P.RHIL31STRAS,225kV,PORT-DU-RHIN,STRASBOURG,400,44,Grand Est,44,Grand Est
AERIEN,GUARBL61ISBE5,225kV,GUARBECQUE,ISBERGUES(UGINE ACIERS) (225kV),400,32,Hauts-de-France,32,Hauts-de-France
AERIEN,NEOULL72REALT,400kV,NEOULES,REALTOR,1500,93,Provence-Alpes-Côte d'Azur,93,Provence-Alpes-Côte d'Azur
AERIEN,ALBERL71COCHE,400kV,ALBERTVILLE,COCHE (LA),1500,84,Auvergne-Rhône-Alpes,84,Auvergne-Rhône-Alpes
AERIEN,ALBERL73G.ILE,400kV,ALBERTVILLE,GRANDE-ILE,1500,84,Auvergne-Rhône-Alpes,84,Auvergne-Rhône-Alpes
AERIEN,ALBERL73G.ILE,400kV,ALBERTVILLE,GRANDE-ILE,1500,84,Auvergne-Rhône-Alpes,84,Auvergne-Rhône-Alpes
AERIEN,CSLLEL61E.BOT,225kV,CASTELLET (LE),ENCO-DE-BOTTE,400,93,Provence-Alpes-Côte d'Azur,93,Provence-Alpes-Côte d'Azur
AERIEN,VLEJUL611CLAM,225kV,CLAMART,VILLEJUST,400,11,Île-de-France,11,Île-de-France
AERIEN,GUEBWL61LOGEL,225kV,GUEBWILLER,LOGELBACH,400,44,Grand Est,44,Grand Est
AERIEN,CHARPL61VAISE,225kV,CHARPENAY,VAISE,400,84,Auvergne-Rhône-Alpes,84,Auvergne-Rhône-Alpes
AERIEN,PREGUL61SAINT,225kV,PREGUILLAC,SAINTES,400,75,Nouvelle-Aquitaine,75,Nouvelle-Aquitaine
AERIEN,LONNYL71SEUIL,400kV,LONNY,SEUIL,1500,44,Grand Est,44,Grand Est
AERIEN,LONNYL71VESLE,400kV,LONNY,VESLE,1500,44,Grand Est,44,Grand Est
AERIEN,GRAFFL61MARCK,225kV,GRAFFENSTADEN,MARCKOLSHEIM,400,44,Grand Est,44,Grand Est
AERIEN,GRAFFL61SCHEE,225kV,GRAFFENSTADEN,SCHEER,400,44,Grand Est,0,Étranger
AERIEN,H.VINL62HELLE,225kV,HAUT-VINAGE,HELLEMMES,400,32,Hauts-de-France,32,Hauts-de-France
AERIEN,H.VINL61ZHEL5,225kV,AVELIN,HAUT-VINAGE,400,32,Hauts-de-France,32,Hauts-de-France
AERIEN,H.VINL61ZHEL5,225kV,HAUT-VINAGE,HELLEMMES,400,32,Hauts-de-France,32,Hauts-de-France
AERIEN,MTLUCL61MTVIC,225kV,MONTLUCON,MONTVICQ,400,84,Auvergne-Rhône-Alpes,84,Auvergne-Rhône-Alpes
AERIEN,DISTRL71GALOR,400kV,DISTRE,GALOREAUX (LES),1500,52,Pays de la Loire,52,Pays de la Loire
AERIEN,C.OMEL61ZC.OM,225kV,LATENA,PERTAIN,400,32,Hauts-de-France,32,Hauts-de-France
AERIEN,C.OMEL61ZC.OM,225kV,PERTAIN,CRESSY-OMENCOURT,400,32,Hauts-de-France,32,Hauts-de-France
AERIEN,CHEVIL63ZV.OR,225kV,CHEVILLY,ULIS (LES),400,11,Île-de-France,11,Île-de-France
AERIEN,CHEVIL63ZV.OR,225kV,ULIS (LES),VILLEJUST,400,11,Île-de-France,11,Île-de-France
AERIEN,CHEVIL64ZMAS5,225kV,CHEVILLY,MASSY,400,11,Île-de-France,11,Île-de-France
AERIEN,CHEVIL64ZMAS5,225kV,MASSY,VILLEJUST,400,11,Île-de-France,11,Île-de-France
AERIEN,MORCHL61ZTRAN,225kV,MORCHIES,PERTAIN,400,32,Hauts-de-France,32,Hauts-de-France
AERIEN,MORCHL61ZTRAN,225kV,PERTAIN,TRANSLOY (LE),400,32,Hauts-de-France,32,Hauts-de-France
AERIEN,COQUAL61DRONN,225kV,COQUAINVILLIERS,DRONNIERE (LA),400,28,Normandie,28,Normandie
AERIEN,G.QUEL61VAUPA,225kV,GRAND-QUEVILLY,VAUPALIERE (LA),400,28,Normandie,28,Normandie
AERIEN,VAUPAL41ZDIEP,225kV,DIEPPEDALLE,GRAND-QUEVILLY,400,28,Normandie,28,Normandie
AERIEN,VAUPAL41ZDIEP,225kV,GRAND-QUEVILLY,VAUPALIERE (LA),400,28,Normandie,28,Normandie
AERIEN,GRANZL61NIORT,225kV,GRANZAY,NIORT,400,75,Nouvelle-Aquitaine,75,Nouvelle-Aquitaine
AERIEN,GRANZL62NIORT,225kV,GRANZAY,NIORT,400,75,Nouvelle-Aquitaine,75,Nouvelle-Aquitaine
AERIEN,P.GASL61V.BEL,225kV,PLESSIS-GASSOT,VILLIERS-LE-BEL,400,11,Île-de-France,11,Île-de-France
AERIEN,TERRIL61V.SEP,225kV,TERRIER,VILLERS-SAINT-SEPULCRE,400,11,Île-de-France,32,Hauts-de-France
AERIEN,MALECL61PLISO,225kV,MALECOT,PLISON,400,11,Île-de-France,11,Île-de-France
AERIEN,COUDOL62GARD7,225kV,COUDON (LE),GARDE (LA),400,93,Provence-Alpes-Côte d'Azur,93,Provence-Alpes-Côte d'Azur
AERIEN,ROUMOL61ZSSCR,225kV,QUINSON,ROUMOULES,400,93,Provence-Alpes-Côte d'Azur,93,Provence-Alpes-Côte d'Azur
AERIEN,ROUMOL61ZSSCR,225kV,ROUMOULES,STE-CROIX,400,93,Provence-Alpes-Côte d'Azur,84,Auvergne-Rhône-Alpes
AERIEN,ROUMOL61ZSSCR,225kV,STE-CROIX,STE-TULLE,400,84,Auvergne-Rhône-Alpes,93,Provence-Alpes-Côte d'Azur
AERIEN,HELLEL61ZHEL5,225kV,AVELIN,HAUT-VINAGE,400,32,Hauts-de-France,32,Hauts-de-France
AERIEN,HELLEL61ZHEL5,225kV,HAUT-VINAGE,HELLEMMES,400,32,Hauts-de-France,32,Hauts-de-France
AERIEN,GIVORL61OULLI,225kV,GIVORS,OULLINS,400,84,Auvergne-Rhône-Alpes,84,Auvergne-Rhône-Alpes
AERIEN,AYRESL61ZS.CU,225kV,AYRES,SALLES CURAN,400,76,Occitanie,76,Occitanie
AERIEN,AYRESL61ZS.CU,225kV,SALLES CURAN,ONET-LE-CHATEAU,400,76,Occitanie,76,Occitanie
AERIEN,AYRESL62SSVIC,225kV,AYRES,ST-VICTOR,400,76,Occitanie,76,Occitanie
AERIEN,O.CHAL61ZS.CU,225kV,AYRES,SALLES CURAN,400,76,Occitanie,76,Occitanie
AERIEN,O.CHAL61ZS.CU,225kV,SALLES CURAN,ONET-LE-CHATEAU,400,76,Occitanie,76,Occitanie
AERIEN,BRAEKL61G.SYN,225kV,BRAEK,GRANDE-SYNTHE,400,32,Hauts-de-France,32,Hauts-de-France
AERIEN,REVIGL71VIGY,400kV,REVIGNY,VIGY,1500,44,Grand Est,44,Grand Est
AERIEN,BEZAUL61ZPELT,400kV,BEZAUMONT,PELTRE,1500,44,Grand Est,44,Grand Est
AERIEN,BEZAUL61ZPELT,400kV,PELTRE,VIGY,1500,44,Grand Est,44,Grand Est
AERIEN,SEREIL71VLECH,400kV,SEREIN,VILLECHETIVE,1500,27,Bourgogne-Franche-Comté,27,Bourgogne-Franche-Comté
AERIEN,G.BANL63GIVOR,225kV,GIVORS,GIVORS-BANS,400,84,Auvergne-Rhône-Alpes,84,Auvergne-Rhône-Alpes
AERIEN,GEN.PL61IZERN,225kV,GENISSIAT-POSTE,IZERNORE,400,84,Auvergne-Rhône-Alpes,84,Auvergne-Rhône-Alpes
AERIEN,DOMLOL62ZSSL7,225kV,BELLE-EPINE,DOMLOUP,400,53,Bretagne,53,Bretagne
AERIEN,DOMLOL62ZSSL7,225kV,DOMLOUP,ST-LAURENT,400,53,Bretagne,44,Grand Est
AERIEN,BOUTRL62ZG.BA,225kV,BOUTRE,GREOUX LES BAINS,400,93,Provence-Alpes-Côte d'Azur,93,Provence-Alpes-Côte d'Azur
AERIEN,BOUTRL62ZG.BA,225kV,GREOUX LES BAINS,STE-TULLE,400,93,Provence-Alpes-Côte d'Azur,93,Provence-Alpes-Côte d'Azur
AERIEN,BARNAL71PALUE,400kV,BARNABOS,PALUEL,1500,28,Normandie,28,Normandie
AERIEN,SOLEIL61VOLVO,225kV,SOLEIL (LE),VOLVON,400,84,Auvergne-Rhône-Alpes,84,Auvergne-Rhône-Alpes
AERIEN,L.NEUL61ZMANG,225kV,ETOILE-SUR-RHONE,LOGIS-NEUF,400,84,Auvergne-Rhône-Alpes,84,Auvergne-Rhône-Alpes
AERIEN,L.NEUL61ZMANG,225kV,LOGIS-NEUF,VALENCE,400,84,Auvergne-Rhône-Alpes,84,Auvergne-Rhône-Alpes
AERIEN,ROUMOL61ZVA10,225kV,LINGOSTIERE,ROUMOULES,400,93,Provence-Alpes-Côte d'Azur,93,Provence-Alpes-Côte d'Azur
AERIEN,ROUMOL61ZVA10,225kV,ROUMOULES,VALDEROURE,400,93,Provence-Alpes-Côte d'Azur,93,Provence-Alpes-Côte d'Azur
AERIEN,BAYETL61VOLVI,225kV,BAYET,VOLVIC,400,84,Auvergne-Rhône-Alpes,84,Auvergne-Rhône-Alpes
AERIEN,ETUPEL61ZHIRS,225kV,ETUPES,HIRSINGUE,400,27,Bourgogne-Franche-Comté,44,Grand Est
AERIEN,ETUPEL61ZHIRS,225kV,HIRSINGUE,SIERENTZ,400,44,Grand Est,44,Grand Est
AERIEN,GRAFFL61SCHEE,225kV,GRAFFENSTADEN,SCHEER,400,44,Grand Est,0,Étranger
AERIEN,MOIMOL61P.GAS,225kV,MOIMONT,PLESSIS-GASSOT,400,11,Île-de-France,11,Île-de-France
AERIEN,DURANL61ROGNA,225kV,DURANNE (LA),ROGNAC,400,93,Provence-Alpes-Côte d'Azur,93,Provence-Alpes-Côte d'Azur
AERIEN,CXSSEL61RECY,225kV,CHAUSSEE (LA),RECY,400,44,Grand Est,44,Grand Est
AERIEN,.ASPHL71SIERE,400kV,ASPHARD,SIERENTZ,1500,44,Grand Est,44,Grand Est
AERIEN,.LAUFL71SIERE,400kV,LAUFENBOURG,SIERENTZ,1500,0,Étranger,44,Grand Est
AERIEN,GAMBSL61SELTZ,225kV,GAMBSHEIM,SELTZ,400,44,Grand Est,44,Grand Est
AERIEN,C.REGL61VIELM,225kV,CHAMPS-REGNAUD,VIELMOULIN,400,27,Bourgogne-Franche-Comté,27,Bourgogne-Franche-Comté
AERIEN,GRANZL71PREGU,400kV,GRANZAY,PREGUILLAC,1500,75,Nouvelle-Aquitaine,75,Nouvelle-Aquitaine
AERIEN,BATZEL61MARL6,225kV,BATZENDORF,MARLENHEIM,400,44,Grand Est,44,Grand Est
AERIEN,DETTWL61MARL6,225kV,DETTWILLER,MARLENHEIM,400,44,Grand Est,44,Grand Est
AERIEN,SAUS5L61VLEVA,225kV,SAUSSET,VILLEVAUDE,400,93,Provence-Alpes-Côte d'Azur,11,Île-de-France
AERIEN,NEOULL61ZROCB,225kV,NEOULES,ROCBARON,400,93,Provence-Alpes-Côte d'Azur,93,Provence-Alpes-Côte d'Azur
AERIEN,NEOULL61ZROCB,225kV,ROCBARON,VINS,400,93,Provence-Alpes-Côte d'Azur,93,Provence-Alpes-Côte d'Azur
AERIEN,COMM7L61CPFL5,225kV,CHAMPFLEUR,COMMERVEIL,400,52,Pays de la Loire,52,Pays de la Loire
AERIEN,QUINTL61ZAMIG,225kV,CLAIRE-FONTAINE,COMMERVEIL,400,52,Pays de la Loire,52,Pays de la Loire
AERIEN,QUINTL61ZAMIG,225kV,COMMERVEIL,QUINTES (LES),400,52,Pays de la Loire,52,Pays de la Loire
AERIEN,BATZEL61GAMBS,225kV,BATZENDORF,GAMBSHEIM,400,44,Grand Est,44,Grand Est
AERIEN,CLEONL61G.COU,225kV,CLEON,GRAND-COURONNE,400,28,Normandie,28,Normandie
AERIEN,LOSCOL61MARTY,225kV,LOSCOAT,MARTYRE (LA),400,53,Bretagne,53,Bretagne
AERIEN,ARGOEL72TERRI,400kV,ARGOEUVES,TERRIER,1500,32,Hauts-de-France,11,Île-de-France
AERIEN,FLEYRL61VOUGL,225kV,FLEYRIAT,VOUGLANS,400,84,Auvergne-Rhône-Alpes,84,Auvergne-Rhône-Alpes
AERIEN,GAMPAL61SABLO,225kV,GAMPALOUP,SABLONS (CLIENT),400,84,Auvergne-Rhône-Alpes,75,Nouvelle-Aquitaine
AERIEN,ATTAQL62ZRUMI,225kV,ATTAQUES (LES),HOLQUE,400,32,Hauts-de-France,32,Hauts-de-France
AERIEN,ATTAQL62ZRUMI,225kV,HOLQUE,RUMINGHEM,400,32,Hauts-de-France,32,Hauts-de-France
AERIEN,MACONL61ZJOUX,225kV,BOISSE (LA),JOUX,400,84,Auvergne-Rhône-Alpes,84,Auvergne-Rhône-Alpes
AERIEN,MACONL61ZJOUX,225kV,JOUX,MACON,400,84,Auvergne-Rhône-Alpes,27,Bourgogne-Franche-Comté
AERIEN,GAUDIL71TAMAR,400kV,LA GAUDIERE,TAMAREAU,1500,93,Provence-Alpes-Côte d'Azur,76,Occitanie
AERIEN,GAUDIL72TAMAR,400kV,LA GAUDIERE,TAMAREAU,1500,93,Provence-Alpes-Côte d'Azur,76,Occitanie
AERIEN,HELLEL61M.LIL,225kV,HELLEMMES,MOULINS,400,32,Hauts-de-France,32,Hauts-de-France
AERIEN,HELLEL61M.LIL,225kV,MOULINS,LILLE,400,32,Hauts-de-France,32,Hauts-de-France
AERIEN,THIERL61VALEN,225kV,THIERS (BRUAY-SUR-L'ESCAUT),VALENCIENNES,400,32,Hauts-de-France,32,Hauts-de-France
AERIEN,CORBIL62DISTR,225kV,CORBIERE (LA),DISTRE,400,52,Pays de la Loire,52,Pays de la Loire
AERIEN,ORMESL62SSBR5,225kV,ORMES,ST-BRICE,400,32,Hauts-de-France,32,Hauts-de-France
AERIEN,ORMESL61SSBR5,225kV,ORMES,ST-BRICE,400,32,Hauts-de-France,32,Hauts-de-France
AERIEN,H.PAUL61ZCUR5,225kV,CURTIL,GROSNE,400,27,Bourgogne-Franche-Comté,27,Bourgogne-Franche-Comté
AERIEN,H.PAUL61ZCUR5,225kV,GROSNE,HENRI-PAUL,400,27,Bourgogne-Franche-Comté,93,Provence-Alpes-Côte d'Azur
AERIEN,H.PAUL61ZCUR5,225kV,CURTIL,GROSNE,400,27,Bourgogne-Franche-Comté,27,Bourgogne-Franche-Comté
AERIEN,H.PAUL61ZCUR5,225kV,GROSNE,HENRI-PAUL,400,27,Bourgogne-Franche-Comté,93,Provence-Alpes-Côte d'Azur
AERIEN,SSHUBL61ZB.HA,225kV,BASSE HAM,ST-HUBERT,400,44,Grand Est,44,Grand Est
AERIEN,SSHUBL61ZB.HA,225kV,ST-HUBERT,VIGY,400,44,Grand Est,44,Grand Est
AERIEN,SSHUBL62VIGY,225kV,ST-HUBERT,VIGY,400,44,Grand Est,44,Grand Est
AERIEN,COUBEL61MOISE,225kV,COUBERT,MOISENAY,400,11,Île-de-France,11,Île-de-France
AERIEN,CZTRYL61MOISE,225kV,COURTRY,MOISENAY,400,11,Île-de-France,11,Île-de-France
AERIEN,COR.PL71LOUIS,400kV,CORDEMAIS-P,LOUISFERT (POSTE F),1500,52,Pays de la Loire,52,Pays de la Loire
AERIEN,COR.PL72LOUIS,400kV,CORDEMAIS-P,LOUISFERT (POSTE F),1500,52,Pays de la Loire,52,Pays de la Loire
AERIEN,BEZAUL61CUSTI,225kV,BEZAUMONT,CUSTINE,400,44,Grand Est,44,Grand Est
AERIEN,BEZAUL31CUSTI,225kV,BEZAUMONT,CUSTINE,400,44,Grand Est,44,Grand Est
AERIEN,P.GASL61TILLI,225kV,PLESSIS-GASSOT,TILLIERS,400,11,Île-de-France,11,Île-de-France
AERIEN,BRAUDL72CUBNE,400kV,BRAUD,CUBNEZAIS,1500,75,Nouvelle-Aquitaine,75,Nouvelle-Aquitaine
AERIEN,.SOTEL61MOULA,225kV,MOULAINE,SOTEL,400,44,Grand Est,44,Grand Est
AERIEN,MOULAL31ZAUB7,225kV,AUBRIVES,ERROUVILLE,400,44,Grand Est,44,Grand Est
AERIEN,MOULAL31ZAUB7,225kV,ERROUVILLE,MOULAINE,400,44,Grand Est,44,Grand Est
AERIEN,COQUAL62ROUGE,225kV,COQUAINVILLIERS,ROUGEMONTIER,400,28,Normandie,28,Normandie
AERIEN,G.CAIL61VALEN,225kV,GROS-CAILLOU,VALENCIENNES,400,11,Île-de-France,32,Hauts-de-France
AERIEN,G.CAIL62VALEN,225kV,GROS-CAILLOU,VALENCIENNES,400,11,Île-de-France,32,Hauts-de-France
AERIEN,GAVREL61MORCH,225kV,GAVRELLE,MORCHIES,400,32,Hauts-de-France,32,Hauts-de-France
AERIEN,PARC L62QUINT,225kV,PARC (LE),QUINTES (LES),400,28,Normandie,52,Pays de la Loire
AERIEN,BAYETL61MTVIC,225kV,BAYET,MONTVICQ,400,84,Auvergne-Rhône-Alpes,84,Auvergne-Rhône-Alpes
AERIEN,MTLUCL61MTVIC,225kV,MONTLUCON,MONTVICQ,400,84,Auvergne-Rhône-Alpes,84,Auvergne-Rhône-Alpes
AERIEN,C.METL61VOID,225kV,CROIX-DE-METZ,VOID,400,44,Grand Est,44,Grand Est
AERIEN,BATHIL61G.COE,225kV,BATHIE (LA),GRAND-COEUR,400,84,Auvergne-Rhône-Alpes,84,Auvergne-Rhône-Alpes
AERIEN,T.SAVL31ZVER5,225kV,CUDRAZ,TOURS EN SAVOIE,400,84,Auvergne-Rhône-Alpes,84,Auvergne-Rhône-Alpes
AERIEN,T.SAVL31ZVER5,225kV,TOURS EN SAVOIE,VERNAYS (LES),400,84,Auvergne-Rhône-Alpes,84,Auvergne-Rhône-Alpes
AERIEN,CHAFFL71SSV.O,400kV,CHAFFARD (LE),ST-VULBAS-OUEST,1500,84,Auvergne-Rhône-Alpes,84,Auvergne-Rhône-Alpes
AERIEN,CHAFFL72SSV.O,400kV,CHAFFARD (LE),ST-VULBAS-OUEST,1500,84,Auvergne-Rhône-Alpes,84,Auvergne-Rhône-Alpes
AERIEN,TAVELL73TRI.P,400kV,TAVEL,TRICASTIN-POSTE (LE),1500,76,Occitanie,84,Auvergne-Rhône-Alpes
AERIEN,CHAINL62DAMBR,225kV,CHAINGY,DAMBRON,400,24,Centre-Val de Loire,24,Centre-Val de Loire
AERIEN,CHAINL63DAMBR,225kV,CHAINGY,DAMBRON,400,24,Centre-Val de Loire,24,Centre-Val de Loire
AERIEN,COQUAL61TOURB,225kV,COQUAINVILLIERS,TOURBE,400,28,Normandie,28,Normandie
AERIEN,VALDEL61ZVA10,225kV,LINGOSTIERE,ROUMOULES,400,93,Provence-Alpes-Côte d'Azur,93,Provence-Alpes-Côte d'Azur
AERIEN,VALDEL61ZVA10,225kV,ROUMOULES,VALDEROURE,400,93,Provence-Alpes-Côte d'Azur,93,Provence-Alpes-Côte d'Azur
AERIEN,BATHIL61G.COE,225kV,BATHIE (LA),GRAND-COEUR,400,84,Auvergne-Rhône-Alpes,84,Auvergne-Rhône-Alpes
AERIEN,G.COEL31ZFEIS,225kV,CUDRAZ,FEISSONS,400,84,Auvergne-Rhône-Alpes,84,Auvergne-Rhône-Alpes
AERIEN,G.COEL31ZFEIS,225kV,FEISSONS,GRAND-COEUR,400,84,Auvergne-Rhône-Alpes,84,Auvergne-Rhône-Alpes
AERIEN,COCHEL71P.AND,400kV,COCHE (LA),PRAZ-ST-ANDRE,1500,84,Auvergne-Rhône-Alpes,84,Auvergne-Rhône-Alpes
AERIEN,VIGY L61ZB.HA,225kV,BASSE HAM,ST-HUBERT,400,44,Grand Est,44,Grand Est
AERIEN,VIGY L61ZB.HA,225kV,ST-HUBERT,VIGY,400,44,Grand Est,44,Grand Est
AERIEN,SSHUBL62VIGY,225kV,ST-HUBERT,VIGY,400,44,Grand Est,44,Grand Est
AERIEN,BUSSUL61MAMBE,225kV,BUSSUREL,MAMBELIN,400,27,Bourgogne-Franche-Comté,27,Bourgogne-Franche-Comté
AERIEN,BAIXAL71GAUDI,400kV,BAIXAS,LA GAUDIERE,1500,76,Occitanie,93,Provence-Alpes-Côte d'Azur
AERIEN,BAIXAL72GAUDI,400kV,BAIXAS,LA GAUDIERE,1500,76,Occitanie,93,Provence-Alpes-Côte d'Azur
AERIEN,LANDRL61MOULA,225kV,LANDRES,MOULAINE,400,44,Grand Est,44,Grand Est
AERIEN,ROUGEL71TILL5,400kV,ROUGEMONTIER,TILLEUL,1500,28,Normandie,28,Normandie
AERIEN,C.ROUL61CHARP,225kV,CHARPENAY,CROIX-ROUSSE,400,84,Auvergne-Rhône-Alpes,84,Auvergne-Rhône-Alpes
AERIEN,AUBE L61THIOT,225kV,AUBE,THIOT,400,44,Grand Est,44,Grand Est
AERIEN,BARBUL61FOSSE,225kV,BARBUISE,FOSSES (LES),400,44,Grand Est,11,Île-de-France
AERIEN,FOSSEL61ORSON,225kV,FOSSES (LES),ORSONVILLE,400,11,Île-de-France,11,Île-de-France
AERIEN,GRAV5L73WARAN,400kV,GRAVELINES (CENTRALE),WARANDE,1500,32,Hauts-de-France,32,Hauts-de-France
AERIEN,GRAV5L74WARAN,400kV,GRAVELINES (CENTRALE),WARANDE,1500,32,Hauts-de-France,32,Hauts-de-France
AERIEN,LONNYL73MASTA,400kV,LONNY,MASTAING,1500,44,Grand Est,32,Hauts-de-France
AERIEN,CROIXL62H.VIN,225kV,CROIX (LA),HAUT-VINAGE,400,32,Hauts-de-France,32,Hauts-de-France
AERIEN,ECHALL62GIVOR,225kV,ECHALAS,GIVORS,400,84,Auvergne-Rhône-Alpes,84,Auvergne-Rhône-Alpes
AERIEN,CHEV5L61ZDOUL,225kV,CHEVIRE,DOULON,400,52,Pays de la Loire,52,Pays de la Loire
AERIEN,CHEV5L61ZDOUL,225kV,DOULON,ST-JOSEPH,400,52,Pays de la Loire,52,Pays de la Loire
AERIEN,HERS5L71LATEN,400kV,HERSE(LA),LATENA,1500,11,Île-de-France,32,Hauts-de-France
AERIEN,OXYGAL61SSHUB,225kV,OXYGAZ,ST-HUBERT,400,44,Grand Est,44,Grand Est
AERIEN,ALBERL61MALGO,225kV,ALBERTVILLE,MALGOVERT,400,84,Auvergne-Rhône-Alpes,84,Auvergne-Rhône-Alpes
AERIEN,GRAV5L74WARAN,400kV,GRAVELINES (CENTRALE),WARANDE,1500,32,Hauts-de-France,32,Hauts-de-France
AERIEN,ARGIEL61ETUPE,225kV,ARGIESANS,ETUPES,400,27,Bourgogne-Franche-Comté,27,Bourgogne-Franche-Comté
AERIEN,ARGIEL61SIERE,225kV,ARGIESANS,SIERENTZ,400,27,Bourgogne-Franche-Comté,44,Grand Est
AERIEN,CHOO2L71LONNY,400kV,CHOOZ B,LONNY,1500,44,Grand Est,44,Grand Est
AERIEN,CHOO2L73LONNY,400kV,CHOOZ B,LONNY,1500,44,Grand Est,44,Grand Est
AERIEN,BACALL61BRUGE,225kV,BACALAN,BRUGES,400,75,Nouvelle-Aquitaine,75,Nouvelle-Aquitaine
AERIEN,BRUGEL61MQIS,225kV,BRUGES,MARQUIS (LE),400,75,Nouvelle-Aquitaine,75,Nouvelle-Aquitaine
AERIEN,P.GASL61ZGONE,225kV,PLESSIS-GASSOT,SAUSSET,400,11,Île-de-France,93,Provence-Alpes-Côte d'Azur
AERIEN,P.GASL61ZGONE,225kV,SAUSSET,GONESSE,400,93,Provence-Alpes-Côte d'Azur,11,Île-de-France
AERIEN,VLEVAL62ZAVR5,225kV,PLAISANCE,VILLEVAUDE,400,11,Île-de-France,11,Île-de-France
AERIEN,VLEVAL62ZAVR5,225kV,VILLEVAUDE,AVRON,400,11,Île-de-France,11,Île-de-France
AERIEN,SSHUBL62VIGY,225kV,ST-HUBERT,VIGY,400,44,Grand Est,44,Grand Est
AERIEN,CHESNL61CZTRY,225kV,CHESNOY (LE),COURTRY,400,24,Centre-Val de Loire,11,Île-de-France
AERIEN,G.COUL61ROUGE,225kV,GRAND-COURONNE,ROUGEMONTIER,400,28,Normandie,28,Normandie
AERIEN,LUMESL61MOHON,225kV,LUMES,MOHON,400,44,Grand Est,53,Bretagne
AERIEN,P.JERL61VAUPA,225kV,PORT-JEROME,VAUPALIERE (LA),400,28,Normandie,28,Normandie
AERIEN,LUTTEL61SIERE,225kV,LUTTERBACH,SIERENTZ,400,44,Grand Est,44,Grand Est
AERIEN,LIERSL61ZLIN7,225kV,LIERS,VILLEJUST,400,11,Île-de-France,11,Île-de-France
AERIEN,LIERSL61ZLIN7,225kV,VILLEJUST,PETIT-BOIS (LE),400,11,Île-de-France,11,Île-de-France
AERIEN,LOGESL61ZLINA,225kV,ESCARGOT,LOGES (LES),400,28,Normandie,28,Normandie
AERIEN,LOGESL61ZLINA,225kV,LOGES (LES),PETIT-BOIS (LE),400,28,Normandie,11,Île-de-France
AERIEN,BISC6L62JONQU,225kV,BISCARRAT,JONQUIERES,400,76,Occitanie,76,Occitanie
AERIEN,CHEVIL61V.GEO,225kV,CHEVILLY,VILLENEUVE-ST-GEORGES,400,11,Île-de-France,11,Île-de-France
AERIEN,NEGR5L61ZNEG5,225kV,GODIN,NEGREPELISSE,400,76,Occitanie,76,Occitanie
AERIEN,NEGR5L61ZNEG5,225kV,NEGREPELISSE,VERLHAGUET,400,76,Occitanie,76,Occitanie
AERIEN,TALAML61ZTALA,225kV,BREUIL,LAVAL-DE-CERE,400,84,Auvergne-Rhône-Alpes,76,Occitanie
AERIEN,TALAML61ZTALA,225kV,LAVAL-DE-CERE,TALAMET,400,76,Occitanie,76,Occitanie
AERIEN,MARCKL62VOGEL,225kV,MARCKOLSHEIM,VOGELGRUN,400,44,Grand Est,44,Grand Est
AERIEN,BEZAUL61CUSTI,225kV,BEZAUMONT,CUSTINE,400,44,Grand Est,44,Grand Est
AERIEN,DISTRL61MONDI,225kV,DISTRE,MONDION,400,52,Pays de la Loire,75,Nouvelle-Aquitaine
AERIEN,GROSNL61GUEUG,225kV,GROSNE,GUEUGNON,400,27,Bourgogne-Franche-Comté,27,Bourgogne-Franche-Comté
AERIEN,CIZE L61IZERN,225kV,CIZE,IZERNORE,400,84,Auvergne-Rhône-Alpes,84,Auvergne-Rhône-Alpes
AERIEN,GRAV5L62WARAN,225kV,GRAVELINES (CENTRALE),WARANDE,400,32,Hauts-de-France,32,Hauts-de-France
AERIEN,CHESNL61VOULZ,225kV,CHESNOY (LE),VOULZIE (LA),400,24,Centre-Val de Loire,24,Centre-Val de Loire
AERIEN,VINS L61ZROCB,225kV,NEOULES,ROCBARON,400,93,Provence-Alpes-Côte d'Azur,93,Provence-Alpes-Côte d'Azur
AERIEN,VINS L61ZROCB,225kV,ROCBARON,VINS,400,93,Provence-Alpes-Côte d'Azur,93,Provence-Alpes-Côte d'Azur
AERIEN,.SOTEL61MOULA,225kV,MOULAINE,SOTEL,400,44,Grand Est,44,Grand Est
AERIEN,JONQUL61MTAG5,225kV,JONQUIERES,MONTAGNETTE (LA),400,76,Occitanie,93,Provence-Alpes-Côte d'Azur
AERIEN,CORMEL61ZHERB,225kV,CERGY,CORMEILLES,400,11,Île-de-France,28,Normandie
AERIEN,CORMEL61ZHERB,225kV,CORMEILLES,HERBLAY,400,28,Normandie,11,Île-de-France
AERIEN,TAVELL75TRI.P,400kV,TAVEL,TRICASTIN-POSTE (LE),1500,76,Occitanie,84,Auvergne-Rhône-Alpes
AERIEN,MUHLBL71SIERE,400kV,MUHLBACH,SIERENTZ,1500,44,Grand Est,44,Grand Est
AERIEN,P.SIML63VERFE,225kV,PORTET,ST-SIMON-VERFEIL,400,75,Nouvelle-Aquitaine,75,Nouvelle-Aquitaine
AERIEN,DOMLOL71LAUNA,400kV,DOMLOUP,LAUNAY,1500,53,Bretagne,28,Normandie
AERIEN,P.ORGL71TAVEL,400kV,PLAN-D ORGON,TAVEL,1500,93,Provence-Alpes-Côte d'Azur,76,Occitanie
AERIEN,BXRE6L61T.NO6,225kV,BEAUREGARD(SAINT-LAURENT-NOUAN),TERRES-NOIRES(RFF A VILLEFRANCHE SUR CHER ),400,84,Auvergne-Rhône-Alpes,84,Auvergne-Rhône-Alpes
AERIEN,GRANZL71JUMEA,400kV,GRANZAY,JUMEAUX (LES),1500,75,Nouvelle-Aquitaine,84,Auvergne-Rhône-Alpes
AERIEN,GRANZL72JUMEA,400kV,GRANZAY,JUMEAUX (LES),1500,75,Nouvelle-Aquitaine,84,Auvergne-Rhône-Alpes
AERIEN,P.JERL61ROUGE,225kV,PORT-JEROME,ROUGEMONTIER,400,28,Normandie,28,Normandie
AERIEN,CERGYL61ZLIE5,225kV,CERGY,LIESSE,400,11,Île-de-France,11,Île-de-France
AERIEN,CERGYL61ZLIE5,225kV,LIESSE,PLESSIS-GASSOT,400,11,Île-de-France,11,Île-de-France
AERIEN,CERGYL61ZLIES,225kV,CERGY,HAUTE-BORNE,400,11,Île-de-France,11,Île-de-France
AERIEN,CERGYL61ZLIES,225kV,HAUTE-BORNE,LIESSE,400,11,Île-de-France,11,Île-de-France
AERIEN,CERGYL61ZLIE5,225kV,CERGY,LIESSE,400,11,Île-de-France,11,Île-de-France
AERIEN,CERGYL61ZLIE5,225kV,LIESSE,PLESSIS-GASSOT,400,11,Île-de-France,11,Île-de-France
AERIEN,BARNAL72VAUPA,400kV,BARNABOS,VAUPALIERE (LA),1500,28,Normandie,28,Normandie
AERIEN,PONTEL61REALT,225kV,PONTEAU,REALTOR,400,93,Provence-Alpes-Côte d'Azur,93,Provence-Alpes-Côte d'Azur
AERIEN,PONTEL72REALT,400kV,PONTEAU,REALTOR,1500,93,Provence-Alpes-Côte d'Azur,93,Provence-Alpes-Côte d'Azur
AERIEN,CSLL8L61TAMAR,225kV,CASTELLE (LA),TAMAREAU,400,76,Occitanie,76,Occitanie
AERIEN,MTPELL61ZP.TR,225kV,MONTPELLIER,PONT TRINQUAT,400,76,Occitanie,76,Occitanie
AERIEN,MTPELL61ZP.TR,225kV,PONT TRINQUAT,ST CHRISTOL,400,76,Occitanie,84,Auvergne-Rhône-Alpes
AERIEN,CSLL8L61TAMAR,225kV,CASTELLE (LA),TAMAREAU,400,76,Occitanie,76,Occitanie
AERIEN,DISTRL71PICOC,400kV,DISTRE,PICOCHERIE (LA),1500,52,Pays de la Loire,52,Pays de la Loire
AERIEN,ORAISL61SISTE,225kV,ORAISON,SISTERON,400,93,Provence-Alpes-Côte d'Azur,93,Provence-Alpes-Côte d'Azur
AERIEN,SISTEL61ZSAL6,225kV,SALIGNAC,SISTERON,400,93,Provence-Alpes-Côte d'Azur,93,Provence-Alpes-Côte d'Azur
AERIEN,SISTEL61ZSAL6,225kV,SISTERON,ST-AUBAN,400,93,Provence-Alpes-Côte d'Azur,93,Provence-Alpes-Côte d'Azur
AERIEN,ARGOEL71MANDA,400kV,ARGOEUVES,MANDARINS,1500,32,Hauts-de-France,32,Hauts-de-France
AERIEN,COULAL71TAVEL,400kV,COULANGE,TAVEL,1500,84,Auvergne-Rhône-Alpes,76,Occitanie
AERIEN,COULAL71TAVEL,400kV,COULANGE,TAVEL,1500,84,Auvergne-Rhône-Alpes,76,Occitanie
AERIEN,COULAL71TRI.P,400kV,COULANGE,TRICASTIN-POSTE (LE),1500,84,Auvergne-Rhône-Alpes,84,Auvergne-Rhône-Alpes
AERIEN,FIRM5L61JACQU,225kV,FIRMINY,JACQUARD,400,84,Auvergne-Rhône-Alpes,84,Auvergne-Rhône-Alpes
AERIEN,G.COUL61VAUPA,225kV,GRAND-COURONNE,VAUPALIERE (LA),400,28,Normandie,28,Normandie
AERIEN,G.COUL41GANTE,225kV,GANTERIE,GRAND-COURONNE,400,28,Normandie,28,Normandie
AERIEN,AVOI5L72LARCA,400kV,AVOINE(POSTE 400 kV),LARCAY,1500,24,Centre-Val de Loire,24,Centre-Val de Loire
AERIEN,SISTEL61ZSAL6,225kV,SALIGNAC,SISTERON,400,93,Provence-Alpes-Côte d'Azur,93,Provence-Alpes-Côte d'Azur
AERIEN,SISTEL61ZSAL6,225kV,SISTERON,ST-AUBAN,400,93,Provence-Alpes-Côte d'Azur,93,Provence-Alpes-Côte d'Azur
AERIEN,P.GASL63ZFANA,225kV,FALLOU,FANAUDES,400,11,Île-de-France,11,Île-de-France
AERIEN,P.GASL63ZFANA,225kV,FANAUDES,PLESSIS-GASSOT,400,11,Île-de-France,11,Île-de-France
AERIEN,PORCHL61SSBAI,225kV,PORCHEVILLE,ST-PIERRE-DE-BAILLEUL,400,11,Île-de-France,28,Normandie
AERIEN,SAINNL61YAINV,225kV,SAINNEVILLE,YAINVILLE,400,28,Normandie,28,Normandie
AERIEN,BOUTRL71P.ORG,400kV,BOUTRE,PLAN-D ORGON,1500,93,Provence-Alpes-Côte d'Azur,93,Provence-Alpes-Côte d'Azur
AERIEN,MAUGEL61VERTO,225kV,MAUGES (LES),VERTOU,400,52,Pays de la Loire,52,Pays de la Loire
AERIEN,.AUBAL61M.MA5,225kV,AUBANGE,MT-SAINT-MARTIN,400,0,Étranger,44,Grand Est
AERIEN,BAYETL61MTVIC,225kV,BAYET,MONTVICQ,400,84,Auvergne-Rhône-Alpes,84,Auvergne-Rhône-Alpes
AERIEN,CHESNL71VLECH,400kV,CHESNOY (LE),VILLECHETIVE,1500,24,Centre-Val de Loire,27,Bourgogne-Franche-Comté
AERIEN,MOUL8L61VLEJU,225kV,MOULINEAUX,VILLEJUST,400,28,Normandie,11,Île-de-France
AERIEN,VLEJUL611CLAM,225kV,CLAMART,VILLEJUST,400,11,Île-de-France,11,Île-de-France
AERIEN,VLEJUL61ZROBI,225kV,CHATILLON (CLAMART),ROBINSON,400,11,Île-de-France,11,Île-de-France
AERIEN,VLEJUL61ZROBI,225kV,ROBINSON,VILLEJUST,400,11,Île-de-France,11,Île-de-France
AERIEN,VLEJUL62ZROB5,225kV,CHATILLON (CLAMART),ROBINSON,400,11,Île-de-France,11,Île-de-France
AERIEN,VLEJUL62ZROB5,225kV,ROBINSON,VILLEJUST,400,11,Île-de-France,11,Île-de-France
AERIEN,MOUL8L61VLEJU,225kV,MOULINEAUX,VILLEJUST,400,28,Normandie,11,Île-de-France
AERIEN,VLEJUL611CLAM,225kV,CLAMART,VILLEJUST,400,11,Île-de-France,11,Île-de-France
AERIEN,MAMBEL71SIERE,400kV,MAMBELIN,SIERENTZ,1500,27,Bourgogne-Franche-Comté,44,Grand Est
AERIEN,AYVELL62LUMES,225kV,AYVELLES (LES),LUMES,400,44,Grand Est,44,Grand Est
AERIEN,MQIS L71SAUCA,400kV,MARQUIS (LE),SAUCATS,1500,75,Nouvelle-Aquitaine,75,Nouvelle-Aquitaine
AERIEN,VINCEL61VITTE,225kV,VINCEY,VITTEL,400,44,Grand Est,44,Grand Est
AERIEN,VINCEL32VITTE,225kV,VINCEY,VITTEL,400,44,Grand Est,44,Grand Est
AERIEN,MERLAL61SOULL,225kV,MERLATIERE,SOULLANS,400,52,Pays de la Loire,52,Pays de la Loire
AERIEN,MERLAL62SOULL,225kV,MERLATIERE,SOULLANS,400,52,Pays de la Loire,52,Pays de la Loire
AERIEN,DECHYL61GAVRE,225kV,DECHY,GAVRELLE,400,32,Hauts-de-France,32,Hauts-de-France
AERIEN,MTPELL61TAMAR,225kV,MONTPELLIER,TAMAREAU,400,76,Occitanie,76,Occitanie
AERIEN,MTPELL63TAMAR,225kV,MONTPELLIER,TAMAREAU,400,76,Occitanie,76,Occitanie
AERIEN,BREVIL61MALGO,225kV,BREVIERES (LES),MALGOVERT,400,84,Auvergne-Rhône-Alpes,84,Auvergne-Rhône-Alpes
AERIEN,CERGYL71TERRI,400kV,CERGY,TERRIER,1500,11,Île-de-France,11,Île-de-France
AERIEN,CERGYL72TERRI,400kV,CERGY,TERRIER,1500,11,Île-de-France,11,Île-de-France
AERIEN,BRAEKL62G.SYN,225kV,BRAEK,GRANDE-SYNTHE,400,32,Hauts-de-France,32,Hauts-de-France
AERIEN,GRAV5L72WARAN,400kV,GRAVELINES (CENTRALE),WARANDE,1500,32,Hauts-de-France,32,Hauts-de-France
AERIEN,GRAV5L71WARAN,400kV,GRAVELINES (CENTRALE),WARANDE,1500,32,Hauts-de-France,32,Hauts-de-France
AERIEN,GRAV5L72WARAN,400kV,GRAVELINES (CENTRALE),WARANDE,1500,32,Hauts-de-France,32,Hauts-de-France
AERIEN,P.GASL72TERRI,400kV,PLESSIS-GASSOT,TERRIER,1500,11,Île-de-France,11,Île-de-France
AERIEN,LONNYL71MOULA,400kV,LONNY,MOULAINE,1500,44,Grand Est,44,Grand Est
AERIEN,LONNYL72MOULA,400kV,LONNY,MOULAINE,1500,44,Grand Est,44,Grand Est
AERIEN,CHESNL72MORBR,400kV,CHESNOY (LE),MORBRAS,1500,24,Centre-Val de Loire,11,Île-de-France
AERIEN,.VERBL71B.TOL,400kV,BOIS-TOLLOT,VERBOIS,1500,84,Auvergne-Rhône-Alpes,0,Étranger
AERIEN,COULAL72CRUA5,400kV,COULANGE,CRUAS (-MEYSSE),1500,84,Auvergne-Rhône-Alpes,84,Auvergne-Rhône-Alpes
AERIEN,AMNEVL61RICHE,225kV,AMNEVILLE,RICHEMONT,400,44,Grand Est,44,Grand Est
AERIEN,GEN.PL61ZCRUS,225kV,CORNIER,CRUSEILLES,400,84,Auvergne-Rhône-Alpes,84,Auvergne-Rhône-Alpes
AERIEN,GEN.PL61ZCRUS,225kV,CRUSEILLES,GENISSIAT-POSTE,400,84,Auvergne-Rhône-Alpes,84,Auvergne-Rhône-Alpes
AERIEN,CATTEL73VIGY,400kV,CATTENOM,VIGY,1500,44,Grand Est,44,Grand Est
AERIEN,CATTEL74VIGY,400kV,CATTENOM,VIGY,1500,44,Grand Est,44,Grand Est
AERIEN,ATTAQL72WARAN,400kV,ATTAQUES (LES),WARANDE,1500,32,Hauts-de-France,32,Hauts-de-France
AERIEN,MIONSL61MOIRA,225kV,MIONS,MOIRANS,400,84,Auvergne-Rhône-Alpes,84,Auvergne-Rhône-Alpes
AERIEN,COMMUL61VIELM,225kV,COMMUNE,VIELMOULIN,400,93,Provence-Alpes-Côte d'Azur,27,Bourgogne-Franche-Comté
AERIEN,MEZE5L61VERIN,225kV,MEZEROLLES,VERINNERIE (LA),400,32,Hauts-de-France,11,Île-de-France
AERIEN,H.VINL61HANNA,225kV,HANNART,HAUT-VINAGE,400,32,Hauts-de-France,32,Hauts-de-France
AERIEN,ARGOEL71PENL5,400kV,ARGOEUVES,PENLY (POSTE EVACUATION),1500,32,Hauts-de-France,28,Normandie
AERIEN,TAVELL61VIRAD,225kV,TAVEL,VIRADEL,400,76,Occitanie,76,Occitanie
AERIEN,TAVELL62VIRAD,225kV,TAVEL,VIRADEL,400,76,Occitanie,76,Occitanie
AERIEN,FREJUL62TRANS,225kV,FREJUS,TRANS,400,93,Provence-Alpes-Côte d'Azur,93,Provence-Alpes-Côte d'Azur
AERIEN,FREJUL61TRANS,225kV,FREJUS,TRANS,400,93,Provence-Alpes-Côte d'Azur,93,Provence-Alpes-Côte d'Azur
AERIEN,FREJUL61TRANS,225kV,FREJUS,TRANS,400,93,Provence-Alpes-Côte d'Azur,93,Provence-Alpes-Côte d'Azur
AERIEN,FREJUL62TRANS,225kV,FREJUS,TRANS,400,93,Provence-Alpes-Côte d'Azur,93,Provence-Alpes-Côte d'Azur
AERIEN,BRIO6L61FLEAC,225kV,BRIOUX-SUR-BOUTONNE,FLEAC,400,75,Nouvelle-Aquitaine,75,Nouvelle-Aquitaine
AERIEN,ASTURL61CZRIE,225kV,ASTURIES,COURRIERES,400,32,Hauts-de-France,32,Hauts-de-France
AERIEN,ASTURL61DECHY,225kV,ASTURIES,DECHY,400,32,Hauts-de-France,32,Hauts-de-France
AERIEN,ASTURL61CZRIE,225kV,ASTURIES,COURRIERES,400,32,Hauts-de-France,32,Hauts-de-France
AERIEN,FLAMAL72MENUE,400kV,FLAMANVILLE,MENUEL DER TA3,1500,28,Normandie,44,Grand Est
AERIEN,CORBIL61SSBA5,225kV,CORBIERE (LA),ST-BARTHELEMY,400,52,Pays de la Loire,52,Pays de la Loire
AERIEN,LUMESL63MOHON,225kV,LUMES,MOHON,400,44,Grand Est,53,Bretagne
AERIEN,SSAUBL61ZMEES,225kV,MEES (LES),ORAISON,400,93,Provence-Alpes-Côte d'Azur,93,Provence-Alpes-Côte d'Azur
AERIEN,SSAUBL61ZMEES,225kV,ORAISON,ST-AUBAN,400,93,Provence-Alpes-Côte d'Azur,93,Provence-Alpes-Côte d'Azur
AERIEN,LOGELL71MUHLB,400kV,LOGELBACH,MUHLBACH,1500,44,Grand Est,44,Grand Est
AERIEN,MUHLBL71VINCE,400kV,MUHLBACH,VINCEY,1500,44,Grand Est,44,Grand Est
AERIEN,DARSEL61FEUIL,225kV,DARSE,FEUILLANE,400,93,Provence-Alpes-Côte d'Azur,93,Provence-Alpes-Côte d'Azur
AERIEN,FEUILL61ROCAD,225kV,FEUILLANE,ROCADE,400,93,Provence-Alpes-Côte d'Azur,93,Provence-Alpes-Côte d'Azur
AERIEN,CHAFFL73SSV.O,400kV,CHAFFARD (LE),ST-VULBAS-OUEST,1500,84,Auvergne-Rhône-Alpes,84,Auvergne-Rhône-Alpes
AERIEN,CHAFFL74SSV.O,400kV,CHAFFARD,ST-VULBAS-OUEST,1500,84,Auvergne-Rhône-Alpes,84,Auvergne-Rhône-Alpes
AERIEN,C.RHOL61L.NEU,225kV,CHATEAUNEUF-DU-RHONE,LOGIS-NEUF,400,84,Auvergne-Rhône-Alpes,84,Auvergne-Rhône-Alpes
AERIEN,P.ROSL61SARR6,225kV,PETITE-ROSSELLE,SARREGUEMINES,400,44,Grand Est,44,Grand Est
AERIEN,SARR6L61ZSAR6,225kV,BERGHOLZ,SARREGUEMINES,400,0,Étranger,44,Grand Est
AERIEN,SARR6L61ZSAR6,225kV,SARREGUEMINES,ST-AVOLD,400,44,Grand Est,44,Grand Est
AERIEN,AMIENL61ZBXV6,225kV,AMIENS,AVESNES-LE-COMTE,400,32,Hauts-de-France,32,Hauts-de-France
AERIEN,AMIENL61ZBXV6,225kV,AVESNES-LE-COMTE,VICOGNE (LA),400,32,Hauts-de-France,32,Hauts-de-France
AERIEN,SAUCAL61ZBARP,225kV,MASQUET,SAUCATS,400,75,Nouvelle-Aquitaine,75,Nouvelle-Aquitaine
AERIEN,SAUCAL61ZBARP,225kV,SAUCATS,LE BARP,400,75,Nouvelle-Aquitaine,75,Nouvelle-Aquitaine
AERIEN,CARRIL62TERRI,225kV,CARRIERES,TERRIER,400,11,Île-de-France,11,Île-de-France
AERIEN,G.SYNL61WESTH,225kV,GRANDE-SYNTHE,WESTHOUCK (COPENOR G.I.E.),400,32,Hauts-de-France,32,Hauts-de-France
AERIEN,SANILL61TUILI,225kV,SANILHAC,TUILIERES,400,84,Auvergne-Rhône-Alpes,75,Nouvelle-Aquitaine
AERIEN,CHESNL71M.SEI,400kV,CHESNOY (LE),MERY-SUR-SEINE,1500,24,Centre-Val de Loire,44,Grand Est
AERIEN,CXNAYL62ZESPI,225kV,CHAUNAY,DAMBRON,400,75,Nouvelle-Aquitaine,24,Centre-Val de Loire
AERIEN,CXNAYL62ZESPI,225kV,DAMBRON,ESPIERS (LES),400,24,Centre-Val de Loire,24,Centre-Val de Loire
AERIEN,CXNAYL41GELLA,225kV,CHAUNAY,GELLAINVILLE,400,75,Nouvelle-Aquitaine,24,Centre-Val de Loire
AERIEN,CXNAYL62ZESPI,225kV,CHAUNAY,DAMBRON,400,75,Nouvelle-Aquitaine,24,Centre-Val de Loire
AERIEN,CXNAYL62ZESPI,225kV,DAMBRON,ESPIERS (LES),400,24,Centre-Val de Loire,24,Centre-Val de Loire
AERIEN,G.COUL62VAUPA,225kV,GRAND-COURONNE,VAUPALIERE (LA),400,28,Normandie,28,Normandie
AERIEN,G.COUL63VAUPA,225kV,GRAND-COURONNE,VAUPALIERE (LA),400,28,Normandie,28,Normandie
AERIEN,BACALL61MQIS,225kV,BACALAN,MARQUIS (LE),400,75,Nouvelle-Aquitaine,75,Nouvelle-Aquitaine
AERIEN,BACALL31ZBASS,225kV,BACALAN,MARQUIS,400,75,Nouvelle-Aquitaine,75,Nouvelle-Aquitaine
AERIEN,BACALL31ZBASS,225kV,MARQUIS,BASSENS,400,75,Nouvelle-Aquitaine,75,Nouvelle-Aquitaine
AERIEN,DRONNL61FLERS,225kV,DRONNIERE (LA),FLERS,400,28,Normandie,28,Normandie
AERIEN,GRAFFL61SPORE,225kV,GRAFFENSTADEN,SPORENINSEL,400,44,Grand Est,0,Étranger
AERIEN,MOULAL72VIGY,400kV,MOULAINE,VIGY,1500,44,Grand Est,44,Grand Est
AERIEN,MOULAL71VIGY,400kV,MOULAINE,VIGY,1500,44,Grand Est,44,Grand Est
AERIEN,DRONNL61TOURB,225kV,DRONNIERE (LA),TOURBE,400,28,Normandie,28,Normandie
AERIEN,AIRVAL61BONN6,225kV,AIRVAULT,BONNEAU,400,75,Nouvelle-Aquitaine,75,Nouvelle-Aquitaine
AERIEN,AIRVAL61JUMEA,225kV,AIRVAULT,JUMEAUX (LES),400,75,Nouvelle-Aquitaine,84,Auvergne-Rhône-Alpes
AERIEN,AIRVAL61BONN6,225kV,AIRVAULT,BONNEAU,400,75,Nouvelle-Aquitaine,75,Nouvelle-Aquitaine
AERIEN,CPVANL61TAVAU,225kV,CHAMPVANS,TAVAUX(STE SOLVAY A TAVAUX),400,27,Bourgogne-Franche-Comté,27,Bourgogne-Franche-Comté
AERIEN,CIROLL62LOGES,225kV,CIROLLIERS,LOGES (LES),400,11,Île-de-France,28,Normandie
AERIEN,B.MONL62GAMPA,225kV,BEAUMONT-MONTEUX,GAMPALOUP,400,84,Auvergne-Rhône-Alpes,84,Auvergne-Rhône-Alpes
AERIEN,C.RHOL61L.NEU,225kV,CHATEAUNEUF-DU-RHONE,LOGIS-NEUF,400,84,Auvergne-Rhône-Alpes,84,Auvergne-Rhône-Alpes
AERIEN,C.RHOL62L.NEU,225kV,CHATEAUNEUF-DU-RHONE,LOGIS-NEUF,400,84,Auvergne-Rhône-Alpes,84,Auvergne-Rhône-Alpes
AERIEN,P.ROUL61SQUIV,225kV,POTEAU-ROUGE,SQUIVIDAN,400,53,Bretagne,53,Bretagne
AERIEN,GAUGLL72SSELO,400kV,GAUGLIN,ST-ELOI,1500,84,Auvergne-Rhône-Alpes,84,Auvergne-Rhône-Alpes
AERIEN,DAMBRL62G.DEN,225kV,DAMBRON,GAULT-SAINT-DENIS,400,24,Centre-Val de Loire,24,Centre-Val de Loire
AERIEN,CHEVAL71LATEN,400kV,CHEVALET,LATENA,1500,32,Hauts-de-France,32,Hauts-de-France
AERIEN,CHEVAL72LATEN,400kV,CHEVALET,LATENA,1500,32,Hauts-de-France,32,Hauts-de-France
AERIEN,CPVANL61PYMON,225kV,CHAMPVANS,PYMONT,400,27,Bourgogne-Franche-Comté,27,Bourgogne-Franche-Comté
AERIEN,RIVIEL61SANSS,225kV,RIVIERE (LA),SANSSAC (L EGLISE),400,75,Nouvelle-Aquitaine,84,Auvergne-Rhône-Alpes
AERIEN,CHARPL72SSV.O,400kV,CHARPENAY,ST-VULBAS-OUEST,1500,84,Auvergne-Rhône-Alpes,84,Auvergne-Rhône-Alpes
AERIEN,MAUBEL61P.SAM,225kV,MAUBEUGE,PONT-SUR-SAMBRE,400,32,Hauts-de-France,32,Hauts-de-France
AERIEN,LOGELL71MUHLB,400kV,LOGELBACH,MUHLBACH,1500,44,Grand Est,44,Grand Est
AERIEN,ATTAQL61ECHIN,225kV,ATTAQUES (LES),ECHINGHEN,400,32,Hauts-de-France,32,Hauts-de-France
AERIEN,BEZAUL71HOUDR,400kV,BEZAUMONT,HOUDREVILLE,1500,44,Grand Est,44,Grand Est
AERIEN,BEZAUL72HOUDR,400kV,BEZAUMONT,HOUDREVILLE,1500,44,Grand Est,44,Grand Est
AERIEN,CHAFFL71CPNIE,400kV,CHAFFARD (LE),CHAMPAGNIER,1500,84,Auvergne-Rhône-Alpes,84,Auvergne-Rhône-Alpes
AERIEN,CHAFFL72MIONS,400kV,CHAFFARD (LE),MIONS,1500,84,Auvergne-Rhône-Alpes,84,Auvergne-Rhône-Alpes
AERIEN,FLOIRL61MQIS,225kV,FLOIRAC EDF,MARQUIS (LE),400,75,Nouvelle-Aquitaine,75,Nouvelle-Aquitaine
AERIEN,AVOI5L71DISTR,400kV,AVOINE(POSTE 400 kV),DISTRE,1500,24,Centre-Val de Loire,52,Pays de la Loire
AERIEN,BARNAL71PENL5,400kV,BARNABOS,PENLY (POSTE EVACUATION),1500,28,Normandie,28,Normandie
AERIEN,BARNAL71PENL5,400kV,BARNABOS,PENLY (POSTE EVACUATION),1500,28,Normandie,28,Normandie
AERIEN,BARNAL72PENL5,400kV,BARNABOS,PENLY (POSTE EVACUATION),1500,28,Normandie,28,Normandie
AERIEN,CURTIL61GROSN,225kV,CURTIL,GROSNE,400,27,Bourgogne-Franche-Comté,27,Bourgogne-Franche-Comté
AERIEN,ISSOIL61PRATC,225kV,ISSOIRE,PRATCLAUX,400,84,Auvergne-Rhône-Alpes,84,Auvergne-Rhône-Alpes
AERIEN,ISSOIL62PRATC,225kV,ISSOIRE,PRATCLAUX,400,84,Auvergne-Rhône-Alpes,84,Auvergne-Rhône-Alpes
AERIEN,AMARGL61ARGOE,225kV,AMARGUE,ARGOEUVES,400,32,Hauts-de-France,32,Hauts-de-France
AERIEN,CROIXL61P.ME5,225kV,CROIX (LA),PETIT-MENIN,400,32,Hauts-de-France,32,Hauts-de-France
AERIEN,CROIXL62P.ME5,225kV,CROIX (LA),PETIT-MENIN,400,32,Hauts-de-France,32,Hauts-de-France
AERIEN,AIRVAL61BONN6,225kV,AIRVAULT,BONNEAU,400,75,Nouvelle-Aquitaine,75,Nouvelle-Aquitaine
AERIEN,AIRVAL42MIREB,225kV,AIRVAULT,MIREBEAU,400,75,Nouvelle-Aquitaine,75,Nouvelle-Aquitaine
AERIEN,PATISL61REMIS,225kV,PATIS,REMISE,400,28,Normandie,28,Normandie
AERIEN,PATISL31REMIS,225kV,PATIS,REMISE,400,28,Normandie,28,Normandie
AERIEN,G.BANL62GIVOR,225kV,GIVORS,GIVORS-BANS,400,84,Auvergne-Rhône-Alpes,84,Auvergne-Rhône-Alpes
AERIEN,GAUDIL61SSVIN,225kV,LA GAUDIERE,ST VINCENT,400,93,Provence-Alpes-Côte d'Azur,76,Occitanie
AERIEN,AUBUSL61SSFEY,225kV,AUBUSSON,STE-FEYRE,400,75,Nouvelle-Aquitaine,75,Nouvelle-Aquitaine
AERIEN,EGUZOL61SSFEY,225kV,EGUZON,STE-FEYRE,400,24,Centre-Val de Loire,75,Nouvelle-Aquitaine
AERIEN,CPNIEL61S.PON,225kV,CHAMPAGNIER,SERRE-PONCON,400,84,Auvergne-Rhône-Alpes,93,Provence-Alpes-Côte d'Azur
AERIEN,GRISOL61S.PON,225kV,GRISOLLES,SERRE-PONCON,400,76,Occitanie,93,Provence-Alpes-Côte d'Azur
AERIEN,BXLIEL61FARRA,225kV,BEAULIEU,FARRADIERE (LA),400,75,Nouvelle-Aquitaine,75,Nouvelle-Aquitaine
AERIEN,M.PONL65PONTE,225kV,MARTIGUES-PONTEAU,PONTEAU,400,93,Provence-Alpes-Côte d'Azur,93,Provence-Alpes-Côte d'Azur
AERIEN,LAUNAL71TAUTE,400kV,LAUNAY,TAUTE,1500,28,Normandie,28,Normandie
AERIEN,LAUNAL72TAUTE,400kV,LAUNAY,TAUTE,1500,28,Normandie,28,Normandie
AERIEN,PALUNL61SEPTE,225kV,PALUN (LA),SEPTEMES,400,93,Provence-Alpes-Côte d'Azur,93,Provence-Alpes-Côte d'Azur
AERIEN,PALUNL62SEPTE,225kV,PALUN (LA),SEPTEMES,400,93,Provence-Alpes-Côte d'Azur,93,Provence-Alpes-Côte d'Azur
AERIEN,CHENEL61SENAR,225kV,CHENET,SENART,400,11,Île-de-France,11,Île-de-France
AERIEN,CZTRYL61SENAR,225kV,COURTRY,SENART,400,11,Île-de-France,11,Île-de-France
AERIEN,BOUTRL61FAVAR,225kV,BOUTRE,FAVARY,400,93,Provence-Alpes-Côte d'Azur,93,Provence-Alpes-Côte d'Azur
AERIEN,SAFE L61VIGY,225kV,S.A.F.E.,VIGY,400,44,Grand Est,44,Grand Est
AERIEN,CHEVAL71GAVRE,400kV,CHEVALET,GAVRELLE,1500,32,Hauts-de-France,32,Hauts-de-France
AERIEN,CHEVAL72GAVRE,400kV,CHEVALET,GAVRELLE,1500,32,Hauts-de-France,32,Hauts-de-France
AERIEN,.VICHL71BAIXA,400kV,VICH,BAIXAS,1500,0,Étranger,76,Occitanie
AERIEN,M.BRUL51NENTI,400kV,MAS BRUNO,NENTILLA,1500,76,Occitanie,0,Étranger
AERIEN,HERS5L71LATEN,400kV,HERSE(LA),LATENA,1500,11,Île-de-France,32,Hauts-de-France
AERIEN,LATENL71VLEVA,400kV,LATENA,VILLEVAUDE,1500,32,Hauts-de-France,11,Île-de-France
AERIEN,WOESTL61ZWOES,225kV,GUARBECQUE,HOLQUE,400,32,Hauts-de-France,32,Hauts-de-France
AERIEN,WOESTL61ZWOES,225kV,HOLQUE,WOESTYNE,400,32,Hauts-de-France,0,Étranger
AERIEN,DANTOL61VERLH,225kV,DANTOU,VERLHAGUET,400,75,Nouvelle-Aquitaine,76,Occitanie
AERIEN,H.PAUL61ZCUR5,225kV,CURTIL,GROSNE,400,27,Bourgogne-Franche-Comté,27,Bourgogne-Franche-Comté
AERIEN,H.PAUL61ZCUR5,225kV,GROSNE,HENRI-PAUL,400,27,Bourgogne-Franche-Comté,93,Provence-Alpes-Côte d'Azur
AERIEN,H.PAUL71SSV.O,225kV,HENRI-PAUL,ST-VULBAS-OUEST,400,93,Provence-Alpes-Côte d'Azur,84,Auvergne-Rhône-Alpes
AERIEN,CHAFFL71CPNIE,400kV,CHAFFARD (LE),CHAMPAGNIER,1500,84,Auvergne-Rhône-Alpes,84,Auvergne-Rhône-Alpes
AERIEN,CHAFFL72CPNIE,400kV,CHAFFARD (LE),CHAMPAGNIER,1500,84,Auvergne-Rhône-Alpes,84,Auvergne-Rhône-Alpes
AERIEN,MORBRL71VLEVA,400kV,MORBRAS,VILLEVAUDE,1500,11,Île-de-France,11,Île-de-France
AERIEN,MORBRL72VLEVA,400kV,MORBRAS,VILLEVAUDE,1500,11,Île-de-France,11,Île-de-France
AERIEN,BOCTOL71MORBR,400kV,BOCTOIS,MORBRAS,1500,44,Grand Est,11,Île-de-France
AERIEN,BOCTOL72MORBR,400kV,BOCTOIS,MORBRAS,1500,44,Grand Est,11,Île-de-France
AERIEN,MAMBEL61SAONE,225kV,MAMBELIN,SAONE,400,27,Bourgogne-Franche-Comté,27,Bourgogne-Franche-Comté
AERIEN,MAMBEL62PALEN,225kV,MAMBELIN,PALENTE,400,27,Bourgogne-Franche-Comté,27,Bourgogne-Franche-Comté
AERIEN,BREUIL61MOLE,225kV,BREUIL (LE),MOLE (LA),400,84,Auvergne-Rhône-Alpes,75,Nouvelle-Aquitaine
AERIEN,ISSOIL61LIGNA,225kV,ISSOIRE,LIGNAT,400,84,Auvergne-Rhône-Alpes,84,Auvergne-Rhône-Alpes
AERIEN,AMBE5L31ISSOI,225kV,AMBERT,ISSOIRE,400,84,Auvergne-Rhône-Alpes,84,Auvergne-Rhône-Alpes
AERIEN,FLAMAL73MENUE,400kV,FLAMANVILLE,MENUEL DER TA2,1500,28,Normandie,44,Grand Est
AERIEN,FLAMAL74MENUE,400kV,FLAMANVILLE,MENUEL,1500,28,Normandie,28,Normandie
AERIEN,GATI5L71TABAR,400kV,GATINAIS,TABARDERIE,1500,24,Centre-Val de Loire,24,Centre-Val de Loire
AERIEN,GATI5L72TABAR,400kV,GATINAIS,TABARDERIE,1500,24,Centre-Val de Loire,24,Centre-Val de Loire
AERIEN,MANOSL61SSTUL,225kV,MANOSQUE,STE-TULLE,400,93,Provence-Alpes-Côte d'Azur,93,Provence-Alpes-Côte d'Azur
AERIEN,GRAFFL61MARCK,225kV,GRAFFENSTADEN,MARCKOLSHEIM,400,44,Grand Est,44,Grand Est
AERIEN,MARCKL61SCHEE,225kV,MARCKOLSHEIM,SCHEER,400,44,Grand Est,0,Étranger
AERIEN,EGUZOL63MOLE,225kV,EGUZON,MOLE (LA),400,24,Centre-Val de Loire,75,Nouvelle-Aquitaine
AERIEN,DOMLOL71OUDON,400kV,DOMLOUP,OUDON,1500,53,Bretagne,52,Pays de la Loire
AERIEN,DOMLOL72OUDON,400kV,DOMLOUP,OUDON,1500,53,Bretagne,52,Pays de la Loire
AERIEN,BRENSL61ZMAR8,225kV,AOSTE,BRENS,400,84,Auvergne-Rhône-Alpes,84,Auvergne-Rhône-Alpes
AERIEN,BRENSL61ZMAR8,225kV,BRENS,MARNISE (LA),400,84,Auvergne-Rhône-Alpes,84,Auvergne-Rhône-Alpes
AERIEN,BALARL61FLORE,225kV,BALARUC,FLORENSAC,400,76,Occitanie,76,Occitanie
AERIEN,FLOREL61SSVIN,225kV,FLORENSAC,ST VINCENT,400,76,Occitanie,76,Occitanie
AERIEN,CHAINL61DAMBR,225kV,CHAINGY,DAMBRON,400,24,Centre-Val de Loire,24,Centre-Val de Loire
AERIEN,H.BORL61ZLIES,225kV,CERGY,HAUTE-BORNE,400,11,Île-de-France,11,Île-de-France
AERIEN,H.BORL61ZLIES,225kV,HAUTE-BORNE,LIESSE,400,11,Île-de-France,11,Île-de-France
AERIEN,P.GASL61ZLIE5,225kV,CERGY,LIESSE,400,11,Île-de-France,11,Île-de-France
AERIEN,P.GASL61ZLIE5,225kV,LIESSE,PLESSIS-GASSOT,400,11,Île-de-France,11,Île-de-France
AERIEN,B.EPIL61RAN.P,225kV,BELLE-EPINE,RANCE-POSTE,400,53,Bretagne,28,Normandie
AERIEN,BRUNNL61RHINA,225kV,BRUNNENWASSER,RHINAU,400,0,Étranger,44,Grand Est
AERIEN,CAZARL61LANNE,225kV,CAZARIL,LANNEMEZAN,400,76,Occitanie,76,Occitanie
AERIEN,MARL6L62REICH,225kV,MARLENHEIM,REICHSTETT,400,44,Grand Est,44,Grand Est
AERIEN,REICHL31TRUCH,225kV,REICHSTETT,TRUCHTERSHEIM,400,44,Grand Est,44,Grand Est
AERIEN,MARGEL61PRATC,225kV,MARGERIDE,PRATCLAUX,400,76,Occitanie,84,Auvergne-Rhône-Alpes
AERIEN,MEZE5L61MUREA,225kV,MEZEROLLES,MUREAUX (LES),400,32,Hauts-de-France,11,Île-de-France
AERIEN,MUREAL61NOURO,225kV,MUREAUX (LES),NOUROTTES,400,11,Île-de-France,11,Île-de-France
AERIEN,CLERAL71CUBNE,400kV,CLERAC,CUBNEZAIS,1500,75,Nouvelle-Aquitaine,75,Nouvelle-Aquitaine
AERIEN,H.VINL61HANNA,225kV,HANNART,HAUT-VINAGE,400,32,Hauts-de-France,32,Hauts-de-France
AERIEN,CROIXL41H.VIN,225kV,CROIX (LA),HAUT-VINAGE,400,32,Hauts-de-France,32,Hauts-de-France
AERIEN,GAUDIL71ISSEL,400kV,GAUDIERE (LA),ISSEL,1500,93,Provence-Alpes-Côte d'Azur,76,Occitanie
AERIEN,GAUDIL72ISSEL,400kV,LA GAUDIERE,ISSEL,1500,93,Provence-Alpes-Côte d'Azur,76,Occitanie
AERIEN,BRAEKL61G.SYN,225kV,BRAEK,GRANDE-SYNTHE,400,32,Hauts-de-France,32,Hauts-de-France
AERIEN,BRAEKL62G.SYN,225kV,BRAEK,GRANDE-SYNTHE,400,32,Hauts-de-France,32,Hauts-de-France
AERIEN,COUESL62COUES,225kV,COUESQUE,COUESQUE G2,400,76,Occitanie,76,Occitanie
AERIEN,LUTTEL61THUR,225kV,LUTTERBACH,THUR (LA),400,44,Grand Est,44,Grand Est
AERIEN,HAVR5L61P.SEP,225kV,HAVRE (LE) (POSTE),PONT-SEPT,400,28,Normandie,28,Normandie
AERIEN,HAVR5L62P.SEP,225kV,HAVRE (LE) (POSTE),PONT-SEPT,400,28,Normandie,28,Normandie
AERIEN,CESTAL61MASQU,225kV,CESTAS,MASQUET,400,75,Nouvelle-Aquitaine,75,Nouvelle-Aquitaine
AERIEN,DAMBRL71GATI5,400kV,DAMBRON,GATINAIS,1500,24,Centre-Val de Loire,24,Centre-Val de Loire
AERIEN,DAMBRL72GATI5,400kV,DAMBRON,GATINAIS,1500,24,Centre-Val de Loire,24,Centre-Val de Loire
AERIEN,G.BANL61GIVOR,225kV,GIVORS,GIVORS-BANS,400,84,Auvergne-Rhône-Alpes,84,Auvergne-Rhône-Alpes
AERIEN,BEZAUL75BLENO,400kV,BEZAUMONT,BLENOD,1500,44,Grand Est,44,Grand Est
AERIEN,EPIZOL61ZEPIZ,225kV,FRONCLES,EPIZON,400,44,Grand Est,44,Grand Est
AERIEN,EPIZOL61ZEPIZ,225kV,EPIZON,MUREMONT,400,44,Grand Est,44,Grand Est
AERIEN,ROMAIL62VLEVA,225kV,ROMAINVILLE,VILLEVAUDE,400,11,Île-de-France,11,Île-de-France
AERIEN,COR.PL61PRINQ,225kV,CORDEMAIS-POSTE,PRINQUIAU,400,52,Pays de la Loire,52,Pays de la Loire
AERIEN,GROSNL71VIELM,400kV,GROSNE,VIELMOULIN,1500,27,Bourgogne-Franche-Comté,27,Bourgogne-Franche-Comté
AERIEN,BERANL61BONNI,225kV,BERANVILLE,BONNIERES,400,32,Hauts-de-France,32,Hauts-de-France
AERIEN,BONNIL41GROUX,225kV,BONNIERES,GROUX (LES),400,32,Hauts-de-France,32,Hauts-de-France
AERIEN,L.CE2L61ZTALA,225kV,BREUIL,LAVAL-DE-CERE,400,84,Auvergne-Rhône-Alpes,76,Occitanie
AERIEN,L.CE2L61ZTALA,225kV,LAVAL-DE-CERE,TALAMET,400,76,Occitanie,76,Occitanie
AERIEN,VENDIL61ZBEU5,225kV,BEUVRY(LABOURSE),MAZINGARBE,400,32,Hauts-de-France,32,Hauts-de-France
AERIEN,VENDIL61ZBEU5,225kV,MAZINGARBE,VENDIN,400,32,Hauts-de-France,32,Hauts-de-France
AERIEN,LANEUL61SUIS5,225kV,LANEUVEVILLE,SUISSE,400,44,Grand Est,44,Grand Est
AERIEN,LANEUL61ZSAU9,225kV,LANEUVEVILLE,SAULNOIS,400,44,Grand Est,44,Grand Est
AERIEN,LANEUL61ZSAU9,225kV,SAULNOIS,ST-AVOLD,400,44,Grand Est,44,Grand Est
AERIEN,RANVIL61ZEMAL,225kV,EMALES(LES),RANVILLE,400,28,Normandie,28,Normandie
AERIEN,RANVIL61ZEMAL,225kV,RANVILLE,TOURBE,400,28,Normandie,28,Normandie
AERIEN,ALBERL61MALGO,225kV,ALBERTVILLE,MALGOVERT,400,84,Auvergne-Rhône-Alpes,84,Auvergne-Rhône-Alpes
AERIEN,CONTAL61MALGO,225kV,CONTAMINE,MALGOVERT,400,84,Auvergne-Rhône-Alpes,84,Auvergne-Rhône-Alpes
AERIEN,GIVORL61MIONS,225kV,GIVORS,MIONS,400,84,Auvergne-Rhône-Alpes,84,Auvergne-Rhône-Alpes
AERIEN,FIRM5L61JACQU,225kV,FIRMINY,JACQUARD,400,84,Auvergne-Rhône-Alpes,84,Auvergne-Rhône-Alpes
AERIEN,BEC  L31SOLEI,225kV,BEC (LE),SOLEIL (LE),400,84,Auvergne-Rhône-Alpes,84,Auvergne-Rhône-Alpes
AERIEN,PERTAL61ROYE,225kV,PERTAIN,ROYE,400,32,Hauts-de-France,27,Bourgogne-Franche-Comté
AERIEN,ISSELL72VERFE,400kV,ISSEL,VERFEIL,1500,76,Occitanie,76,Occitanie
AERIEN,HERBLL62ZHER7,225kV,CERGY,CORMEILLES,400,11,Île-de-France,28,Normandie
AERIEN,HERBLL62ZHER7,225kV,CORMEILLES,HERBLAY,400,28,Normandie,11,Île-de-France
AERIEN,GOLBEL61ZGOLB,225kV,GOLBEY,JEUXEY,400,44,Grand Est,44,Grand Est
AERIEN,GOLBEL61ZGOLB,225kV,JEUXEY,VINCEY,400,44,Grand Est,44,Grand Est
AERIEN,GUERSL61SSNAZ,225kV,GUERSAC,ST-NAZAIRE,400,52,Pays de la Loire,76,Occitanie
AERIEN,GUERSL32SSNAZ,225kV,GUERSAC,ST-NAZAIRE,400,52,Pays de la Loire,76,Occitanie
AERIEN,TAVELL74TRI.P,400kV,TAVEL,TRICASTIN-POSTE (LE),1500,76,Occitanie,84,Auvergne-Rhône-Alpes
AERIEN,TAVELL75TRI.P,400kV,TAVEL,TRICASTIN-POSTE (LE),1500,76,Occitanie,84,Auvergne-Rhône-Alpes
AERIEN,CRENEL71VIELM,400kV,CRENEY,VIELMOULIN,1500,44,Grand Est,27,Bourgogne-Franche-Comté
AERIEN,RANDEL62ZRAN6,225kV,ALBERTVILLE,LONGEFAN,400,84,Auvergne-Rhône-Alpes,84,Auvergne-Rhône-Alpes
AERIEN,RANDEL62ZRAN6,225kV,LONGEFAN,RANDENS,400,84,Auvergne-Rhône-Alpes,84,Auvergne-Rhône-Alpes
AERIEN,ESCAIL61NEOUL,225kV,ESCAILLON (L ),NEOULES,400,93,Provence-Alpes-Côte d'Azur,93,Provence-Alpes-Côte d'Azur
AERIEN,ROYE L61ZB.ME,225kV,ROYE,VALESCOURT,400,27,Bourgogne-Franche-Comté,32,Hauts-de-France
AERIEN,ROYE L61ZB.ME,225kV,VALESCOURT,BUS-LA-MESIERE,400,32,Hauts-de-France,32,Hauts-de-France
AERIEN,ECHALL71P.COR,400kV,ECHALAS,PIVOZ-CORDIER,1500,84,Auvergne-Rhône-Alpes,84,Auvergne-Rhône-Alpes
AERIEN,ECHALL72P.COR,400kV,ECHALAS,PIVOZ CORDIER,1500,84,Auvergne-Rhône-Alpes,84,Auvergne-Rhône-Alpes
AERIEN,BOLL5L61C.RHO,225kV,BOLLENE,CHATEAUNEUF-DU-RHONE,400,93,Provence-Alpes-Côte d'Azur,84,Auvergne-Rhône-Alpes
AERIEN,CHAINL72VERGE,400kV,CHAINGY,VERGER,1500,24,Centre-Val de Loire,53,Bretagne
AERIEN,I.NAPL61OTTMA,225kV,ILE-NAPOLEON,OTTMARSHEIM,400,44,Grand Est,44,Grand Est
AERIEN,ELANCL61VERIN,225kV,ELANCOURT,VERINNERIE (LA),400,11,Île-de-France,11,Île-de-France
AERIEN,LONNYL71MAZUR,400kV,LONNY,MAZURES,1500,44,Grand Est,44,Grand Est
AERIEN,LONNYL72MAZUR,400kV,LONNY,MAZURES,1500,44,Grand Est,44,Grand Est
AERIEN,CHOLEL61RECOU,225kV,CHOLET,RECOUVRANCE,400,52,Pays de la Loire,52,Pays de la Loire
AERIEN,ARGOEL71FRUGE,400kV,ARGOEUVES,FRUGES,1500,32,Hauts-de-France,32,Hauts-de-France
AERIEN,ARGOEL71MANDA,400kV,ARGOEUVES,MANDARINS,1500,32,Hauts-de-France,32,Hauts-de-France
AERIEN,HAVR5L72ROUGE,400kV,HAVRE (LE) (POSTE),ROUGEMONTIER,1500,28,Normandie,28,Normandie
AERIEN,SSROCL61VERTE,225kV,ST-ROCH,VERTEFEUILLE,400,24,Centre-Val de Loire,32,Hauts-de-France
AERIEN,SSROCL62VERTE,225kV,ST-ROCH,VERTEFEUILLE,400,24,Centre-Val de Loire,32,Hauts-de-France
AERIEN,KEMBSL61SIERE,225kV,KEMBS,SIERENTZ,400,44,Grand Est,44,Grand Est
AERIEN,ATTAQL61ECHIN,225kV,ATTAQUES (LES),ECHINGHEN,400,32,Hauts-de-France,32,Hauts-de-France
AERIEN,ECHINL61MANDA,225kV,ECHINGHEN,MANDARINS,400,32,Hauts-de-France,32,Hauts-de-France
AERIEN,MUREAL61NOURO,225kV,MUREAUX (LES),NOUROTTES,400,11,Île-de-France,11,Île-de-France
AERIEN,MEZE5L62NOURO,225kV,MEZEROLLES,NOUROTTES,400,32,Hauts-de-France,11,Île-de-France
AERIEN,E.BOTL61RABAT,225kV,ENCO-DE-BOTTE,RABATAU,400,93,Provence-Alpes-Côte d'Azur,93,Provence-Alpes-Côte d'Azur
AERIEN,E.BOTL61RABAT,225kV,ENCO-DE-BOTTE,RABATAU,400,93,Provence-Alpes-Côte d'Azur,93,Provence-Alpes-Côte d'Azur
AERIEN,.CAMPL61ZMENT,225kV,CAMPOROSSO,MENTON,400,0,Étranger,93,Provence-Alpes-Côte d'Azur
AERIEN,.CAMPL61ZMENT,225kV,MENTON,TRINITE-VICTOR,400,93,Provence-Alpes-Côte d'Azur,93,Provence-Alpes-Côte d'Azur
AERIEN,NEOULL71TRANS,400kV,NEOULES,TRANS,1500,93,Provence-Alpes-Côte d'Azur,93,Provence-Alpes-Côte d'Azur
AERIEN,VLEJUL61VLERA,225kV,VILLEJUST,VILLERAS,400,11,Île-de-France,11,Île-de-France
AERIEN,PALA5L31SSAU5,225kV,PALAISEAU,ST-AUBIN,400,11,Île-de-France,11,Île-de-France
AERIEN,ISSOIL61LIGNA,225kV,ISSOIRE,LIGNAT,400,84,Auvergne-Rhône-Alpes,84,Auvergne-Rhône-Alpes
AERIEN,BEZAUL71MARL6,400kV,BEZAUMONT,MARLENHEIM,1500,44,Grand Est,44,Grand Est
AERIEN,BEZAUL72VIGY,400kV,BEZAUMONT,VIGY,1500,44,Grand Est,44,Grand Est
AERIEN,DENNAL61WARAN,225kV,DENNA,WARANDE,400,32,Hauts-de-France,32,Hauts-de-France
AERIEN,G.COLL61WARAN,225kV,GRAND COLOMBIER,WARANDE,400,32,Hauts-de-France,32,Hauts-de-France
AERIEN,GRAFFL61SPORE,225kV,GRAFFENSTADEN,SPORENINSEL,400,44,Grand Est,0,Étranger
AERIEN,GRAFFL61SPORE,225kV,GRAFFENSTADEN,SPORENINSEL,400,44,Grand Est,0,Étranger
AERIEN,G.SYNL61ROZEB,225kV,GRANDE-SYNTHE,ROZEBOOM,400,32,Hauts-de-France,0,Étranger
AERIEN,FOUSCL61TAMAR,225kV,FOUSCAIS,TAMAREAU,400,76,Occitanie,76,Occitanie
AERIEN,FOUSCL62TAMAR,225kV,FOUSCAIS,TAMAREAU,400,76,Occitanie,76,Occitanie
AERIEN,PLAISL61ROMAI,225kV,PLAISANCE,ROMAINVILLE,400,11,Île-de-France,11,Île-de-France
AERIEN,CLEONL61MANOI,225kV,CLEON,MANOIR,400,28,Normandie,28,Normandie
AERIEN,MANOIL61SSBAI,225kV,MANOIR (LE),ST-PIERRE-DE-BAILLEUL,400,28,Normandie,28,Normandie
AERIEN,ARGOEL73TERRI,400kV,ARGOEUVES,TERRIER,1500,32,Hauts-de-France,11,Île-de-France
AERIEN,TERRIL61V.SEP,400kV,TERRIER,VILLERS-SAINT-SEPULCRE,1500,11,Île-de-France,32,Hauts-de-France
AERIEN,MORBRL61V.GEO,225kV,MORBRAS,VILLENEUVE-ST-GEORGES,400,11,Île-de-France,11,Île-de-France
AERIEN,FLAMAL71MENUE,400kV,FLAMANVILLE,MENUEL,1500,28,Normandie,28,Normandie
AERIEN,COUDOL61ESCAI,225kV,COUDON (LE),ESCAILLON (L ),400,93,Provence-Alpes-Côte d'Azur,93,Provence-Alpes-Côte d'Azur
AERIEN,CURTIL61ZCUR5,225kV,CURTIL,GROSNE,400,27,Bourgogne-Franche-Comté,27,Bourgogne-Franche-Comté
AERIEN,CURTIL61ZCUR5,225kV,GROSNE,HENRI-PAUL,400,27,Bourgogne-Franche-Comté,93,Provence-Alpes-Côte d'Azur
AERIEN,.EICHL71MUHLB,400kV,EICHSTETTEN,MUHLBACH,1500,0,Étranger,44,Grand Est
AERIEN,ARGOEL71CHEVA,400kV,ARGOEUVES,CHEVALET,1500,32,Hauts-de-France,32,Hauts-de-France
AERIEN,ARGOEL72CHEVA,400kV,ARGOEUVES,CHEVALET,1500,32,Hauts-de-France,32,Hauts-de-France
AERIEN,GARCHL61SSELO,225kV,GARCHIZY,ST-ELOI,400,27,Bourgogne-Franche-Comté,84,Auvergne-Rhône-Alpes
AERIEN,CLEONL61G.COU,225kV,CLEON,GRAND-COURONNE,400,28,Normandie,28,Normandie
AERIEN,CLEONL62G.COU,225kV,CLEON,GRAND-COURONNE,400,28,Normandie,28,Normandie
AERIEN,LONG6L62ZRAN6,225kV,ALBERTVILLE,LONGEFAN,400,84,Auvergne-Rhône-Alpes,84,Auvergne-Rhône-Alpes
AERIEN,LONG6L62ZRAN6,225kV,LONGEFAN,RANDENS,400,84,Auvergne-Rhône-Alpes,84,Auvergne-Rhône-Alpes
AERIEN,LONG6L21ZGLAN,225kV,GLANDON,LONGEFAN,400,75,Nouvelle-Aquitaine,84,Auvergne-Rhône-Alpes
AERIEN,LONG6L21ZGLAN,225kV,LONGEFAN,ST-AVRE,400,84,Auvergne-Rhône-Alpes,84,Auvergne-Rhône-Alpes
AERIEN,NEOULL72TRANS,400kV,NEOULES,TRANS,1500,93,Provence-Alpes-Côte d'Azur,93,Provence-Alpes-Côte d'Azur
AERIEN,ALBERL61CONTA,225kV,ALBERTVILLE,CONTAMINE,400,84,Auvergne-Rhône-Alpes,84,Auvergne-Rhône-Alpes
AERIEN,CHAN5L71VLERB,400kV,CHANCEAUX,VILLERBON,1500,24,Centre-Val de Loire,24,Centre-Val de Loire
AERIEN,PICOCL71VLERB,400kV,PICOCHERIE (LA),VILLERBON,1500,52,Pays de la Loire,24,Centre-Val de Loire
AERIEN,B.MONL61ZCBAU,225kV,BEAUMONT-MONTEUX,CHABRILLAN,400,84,Auvergne-Rhône-Alpes,84,Auvergne-Rhône-Alpes
AERIEN,B.MONL61ZCBAU,225kV,CHABRILLAN,CHAMBAUD,400,84,Auvergne-Rhône-Alpes,84,Auvergne-Rhône-Alpes
AERIEN,BEZAUL61ZPELT,225kV,BEZAUMONT,PELTRE,400,44,Grand Est,44,Grand Est
AERIEN,BEZAUL61ZPELT,225kV,PELTRE,VIGY,400,44,Grand Est,44,Grand Est
AERIEN,ELANCL62SAULE,225kV,ELANCOURT,SAULES,400,11,Île-de-France,27,Bourgogne-Franche-Comté
AERIEN,BRUNNL61MARCK,225kV,BRUNNENWASSER,MARCKOLSHEIM,400,0,Étranger,44,Grand Est
AERIEN,FEUILL61LAVER,225kV,FEUILLANE,LAVERA,400,93,Provence-Alpes-Côte d'Azur,93,Provence-Alpes-Côte d'Azur
AERIEN,LAVERL61P.BOU,225kV,LAVERA,PORT-DE-BOUC,400,93,Provence-Alpes-Côte d'Azur,93,Provence-Alpes-Côte d'Azur
AERIEN,SSJULL63VIGY,225kV,ST-JULIEN,VIGY,400,27,Bourgogne-Franche-Comté,44,Grand Est
AERIEN,SSJULL63VIGY,225kV,ST-JULIEN,VIGY,400,27,Bourgogne-Franche-Comté,44,Grand Est
AERIEN,CHESNL71RENAR,400kV,CHESNOY (LE),RENARDIERES (LES),1500,24,Centre-Val de Loire,24,Centre-Val de Loire
AERIEN,CORDEL61P.ESC,225kV,CORDEAC,PONT-ESCOFFIER,400,84,Auvergne-Rhône-Alpes,84,Auvergne-Rhône-Alpes
AERIEN,PRATCL61SANSS,225kV,PRATCLAUX,SANSSAC (L EGLISE),400,84,Auvergne-Rhône-Alpes,84,Auvergne-Rhône-Alpes
AERIEN,CROIXL61WEPPE,225kV,CROIX (LA),WEPPES,400,32,Hauts-de-France,32,Hauts-de-France
AERIEN,VERTEL61WEPPE,225kV,VERTEFEUILLE,WEPPES,400,32,Hauts-de-France,32,Hauts-de-France
AERIEN,H.BOUL61ZH.B5,225kV,ARGOEUVES,BLOCAUX,400,32,Hauts-de-France,32,Hauts-de-France
AERIEN,H.BOUL61ZH.B5,225kV,BLOCAUX,HORNOY-LE-BOURG,400,32,Hauts-de-France,32,Hauts-de-France
AERIEN,B.MONL61VALE8,225kV,BEAUMONT-MONTEUX,VALENCE,400,84,Auvergne-Rhône-Alpes,84,Auvergne-Rhône-Alpes
AERIEN,CHABRL61ZCBAU,225kV,BEAUMONT-MONTEUX,CHABRILLAN,400,84,Auvergne-Rhône-Alpes,84,Auvergne-Rhône-Alpes
AERIEN,CHABRL61ZCBAU,225kV,CHABRILLAN,CHAMBAUD,400,84,Auvergne-Rhône-Alpes,84,Auvergne-Rhône-Alpes
AERIEN,CORNIL71GEN.P,400kV,CORNIER,GENISSIAT-POSTE,1500,84,Auvergne-Rhône-Alpes,84,Auvergne-Rhône-Alpes
AERIEN,BXTO5L61L.CHA,225kV,BEAUTOR(POSTE),LONG-CHAMP (LE),400,32,Hauts-de-France,32,Hauts-de-France
AERIEN,BXTO5L61ZRUPR,225kV,BEAUTOR(POSTE),RUPREUX,400,32,Hauts-de-France,32,Hauts-de-France
AERIEN,BXTO5L61ZRUPR,225kV,RUPREUX,SOISSONS-NOTRE-DAME,400,32,Hauts-de-France,32,Hauts-de-France
AERIEN,P.HA5L61TREGU,225kV,PLAINE HAUTE,TREGUEUX,400,53,Bretagne,53,Bretagne
AERIEN,P.HA5L62TREGU,225kV,PLAINE HAUTE,TREGUEUX,400,53,Bretagne,53,Bretagne
AERIEN,CHOLEL61V.SEV,225kV,CHOLET,VAL DE SEVRE,400,52,Pays de la Loire,75,Nouvelle-Aquitaine
AERIEN,BEZONL61P.ROU,225kV,BEZON,POTEAU-ROUGE,400,52,Pays de la Loire,53,Bretagne
AERIEN,PLUVIL61PRINQ,225kV,PLUVIGNER,PRINQUIAU,400,53,Bretagne,52,Pays de la Loire
AERIEN,G.SYNL61HOLQU,225kV,GRANDE-SYNTHE,HOLQUE,400,32,Hauts-de-France,32,Hauts-de-France
AERIEN,BLOCAL61LIMEU,225kV,BLOCAUX,LIMEUX,400,32,Hauts-de-France,32,Hauts-de-France
AERIEN,CHAFFL71G.ILE,400kV,CHAFFARD,GRANDE-ILE,1500,84,Auvergne-Rhône-Alpes,84,Auvergne-Rhône-Alpes
AERIEN,CHAFFL72G.ILE,400kV,CHAFFARD,GRANDE-ILE,1500,84,Auvergne-Rhône-Alpes,84,Auvergne-Rhône-Alpes
AERIEN,ESTR6L61MAUBE,225kV,ESTREUX,MAUBEUGE,400,32,Hauts-de-France,32,Hauts-de-France
AERIEN,MAUBEL61P.SAM,225kV,MAUBEUGE,PONT-SUR-SAMBRE,400,32,Hauts-de-France,32,Hauts-de-France
AERIEN,G.SYNL61WARAN,225kV,GRANDE-SYNTHE,WARANDE,400,32,Hauts-de-France,32,Hauts-de-France
AERIEN,G.SYNL62WARAN,225kV,GRANDE-SYNTHE,WARANDE,400,32,Hauts-de-France,32,Hauts-de-France
AERIEN,LESQUL71VERFE,400kV,LESQUIVE,VERFEIL,1500,76,Occitanie,76,Occitanie
AERIEN,CPNIEL61GRISO,225kV,CHAMPAGNIER,GRISOLLES,400,84,Auvergne-Rhône-Alpes,76,Occitanie
AERIEN,CIROLL71GATI5,400kV,CIROLLIERS,GATINAIS,1500,11,Île-de-France,24,Centre-Val de Loire
AERIEN,CIROLL72GATI5,400kV,CIROLLIERS,GATINAIS,1500,11,Île-de-France,24,Centre-Val de Loire
AERIEN,CHESNL62CZTRY,225kV,CHESNOY (LE),COURTRY,400,24,Centre-Val de Loire,11,Île-de-France
AERIEN,CHESNL63CZTRY,225kV,CHESNOY (LE),COURTRY,400,24,Centre-Val de Loire,11,Île-de-France
AERIEN,BXTO5L61L.CHA,225kV,BEAUTOR(POSTE),LONG-CHAMP (LE),400,32,Hauts-de-France,32,Hauts-de-France
AERIEN,T.SUPL71ZT.SU,400kV,PRIONNET,TAVEL,1500,76,Occitanie,76,Occitanie
AERIEN,T.SUPL71ZT.SU,400kV,TAVEL,TORE SUPRA,1500,76,Occitanie,76,Occitanie
AERIEN,SIEREL61ZHIRS,225kV,ETUPES,HIRSINGUE,400,27,Bourgogne-Franche-Comté,44,Grand Est
AERIEN,SIEREL61ZHIRS,225kV,HIRSINGUE,SIERENTZ,400,44,Grand Est,44,Grand Est
AERIEN,P.GASL61ZBRI5,225kV,PLESSIS-GASSOT,SEINE,400,11,Île-de-France,11,Île-de-France
AERIEN,P.GASL61ZBRI5,225kV,SEINE,BRICHE (LA),400,11,Île-de-France,11,Île-de-France
AERIEN,P.GASL62ZBRIC,225kV,PLESSIS-GASSOT,SEINE,400,11,Île-de-France,11,Île-de-France
AERIEN,P.GASL62ZBRIC,225kV,SEINE,BRICHE (LA),400,11,Île-de-France,11,Île-de-France
AERIEN,CHALOL61GROSN,225kV,CHALON,GROSNE,400,84,Auvergne-Rhône-Alpes,27,Bourgogne-Franche-Comté
AERIEN,CHALOL62GROSN,225kV,CHALON,GROSNE,400,84,Auvergne-Rhône-Alpes,27,Bourgogne-Franche-Comté
AERIEN,SOLEIL62VOLVO,225kV,SOLEIL (LE),VOLVON,400,84,Auvergne-Rhône-Alpes,84,Auvergne-Rhône-Alpes
AERIEN,JACQUL61SOLEI,225kV,JACQUARD,SOLEIL (LE),400,84,Auvergne-Rhône-Alpes,84,Auvergne-Rhône-Alpes
AERIEN,SOLEIL62VOLVO,225kV,SOLEIL (LE),VOLVON,400,84,Auvergne-Rhône-Alpes,84,Auvergne-Rhône-Alpes
AERIEN,P.SIML61SSORE,225kV,PORTET-ST-SIMON,ST-ORENS,400,76,Occitanie,76,Occitanie
AERIEN,BEZAUL61C.MET,225kV,BEZAUMONT,CROIX-DE-METZ,400,44,Grand Est,44,Grand Est
AERIEN,AYVELL61LUMES,225kV,AYVELLES (LES),LUMES,400,44,Grand Est,44,Grand Est
AERIEN,MOUL8L62VLEJU,225kV,MOULINEAUX,VILLEJUST,400,28,Normandie,11,Île-de-France
AERIEN,PERTAL61ZTRAN,225kV,MORCHIES,PERTAIN,400,32,Hauts-de-France,32,Hauts-de-France
AERIEN,PERTAL61ZTRAN,225kV,PERTAIN,TRANSLOY (LE),400,32,Hauts-de-France,32,Hauts-de-France
AERIEN,GRANDL61PRATC,225kV,GRANDVAL,PRATCLAUX,400,84,Auvergne-Rhône-Alpes,84,Auvergne-Rhône-Alpes
AERIEN,SSAVOL61ZSAR6,225kV,BERGHOLZ,SARREGUEMINES,400,0,Étranger,44,Grand Est
AERIEN,SSAVOL61ZSAR6,225kV,SARREGUEMINES,ST-AVOLD,400,44,Grand Est,44,Grand Est
AERIEN,B.CARL62LINGO,225kV,BROC-CARROS (LE),LINGOSTIERE,400,93,Provence-Alpes-Côte d'Azur,93,Provence-Alpes-Côte d'Azur
AERIEN,NOGENL61ORMES,225kV,NOGENTEL,ORMES,400,32,Hauts-de-France,32,Hauts-de-France
AERIEN,ORMESL61VESLE,225kV,ORMES,VESLE,400,32,Hauts-de-France,44,Grand Est
AERIEN,P.BORL61ZLAFI,225kV,BARJAC,PIED-DE-BORNE,400,76,Occitanie,76,Occitanie
AERIEN,P.BORL61ZLAFI,225kV,PIED-DE-BORNE,LAFIGERE,400,76,Occitanie,76,Occitanie
AERIEN,AVELIL72GAVRE,400kV,AVELIN,GAVRELLE,1500,32,Hauts-de-France,32,Hauts-de-France
AERIEN,MADE6L61ZMAD6,225kV,LA MADELEINE,LANEUVEVILLE,400,32,Hauts-de-France,44,Grand Est
AERIEN,MADE6L61ZMAD6,225kV,LANEUVEVILLE,VINCEY,400,44,Grand Est,44,Grand Est
AERIEN,RUMINL62ZRUMI,225kV,ATTAQUES (LES),HOLQUE,400,32,Hauts-de-France,32,Hauts-de-France
AERIEN,RUMINL62ZRUMI,225kV,HOLQUE,RUMINGHEM,400,32,Hauts-de-France,32,Hauts-de-France
AERIEN,MTGROL61MTPEZ,225kV,MONTGROS,MONTPEZAT,400,84,Auvergne-Rhône-Alpes,76,Occitanie
AERIEN,CARISL61SEREI,225kV,CARISEY,SEREIN,400,27,Bourgogne-Franche-Comté,27,Bourgogne-Franche-Comté
AERIEN,CARISL62SEREI,225kV,CARISEY,SEREIN,400,27,Bourgogne-Franche-Comté,27,Bourgogne-Franche-Comté
AERIEN,REALTL71TAVEL,400kV,REALTOR,TAVEL,1500,93,Provence-Alpes-Côte d'Azur,76,Occitanie
AERIEN,REALTL71TAVEL,400kV,REALTOR,TAVEL,1500,93,Provence-Alpes-Côte d'Azur,76,Occitanie
AERIEN,REALTL72TAVEL,400kV,REALTOR,TAVEL,1500,93,Provence-Alpes-Côte d'Azur,76,Occitanie
AERIEN,PERTAL61ZC.OM,225kV,LATENA,PERTAIN,400,32,Hauts-de-France,32,Hauts-de-France
AERIEN,PERTAL61ZC.OM,225kV,PERTAIN,CRESSY-OMENCOURT,400,32,Hauts-de-France,32,Hauts-de-France
AERIEN,MARL6L61REICH,225kV,MARLENHEIM,REICHSTETT,400,44,Grand Est,44,Grand Est
AERIEN,MARL6L62REICH,225kV,MARLENHEIM,REICHSTETT,400,44,Grand Est,44,Grand Est
AERIEN,GOURJL61VERFE,225kV,GOURJADE,VERFEIL,400,76,Occitanie,76,Occitanie
AERIEN,GOURJL61ZMIOL,225kV,GOURJADE,MIOLLES,400,76,Occitanie,76,Occitanie
AERIEN,GOURJL61ZMIOL,225kV,MIOLLES,ST-VICTOR,400,76,Occitanie,76,Occitanie
AERIEN,C.SEIL61ZC.SE,225kV,CHATILLON-SUR-SEINE,DARCEY,400,27,Bourgogne-Franche-Comté,27,Bourgogne-Franche-Comté
AERIEN,C.SEIL61ZC.SE,225kV,DARCEY,ROSIERES,400,27,Bourgogne-Franche-Comté,84,Auvergne-Rhône-Alpes
AERIEN,CZTRYL61PLISO,225kV,COURTRY,PLISON,400,11,Île-de-France,11,Île-de-France
AERIEN,BXRE6L61CHAIN,225kV,BEAUREGARD(SAINT-LAURENT-NOUAN),CHAINGY,400,84,Auvergne-Rhône-Alpes,24,Centre-Val de Loire
AERIEN,BREAUL61PRELE,225kV,BREAU,PRELES (LES),400,11,Île-de-France,27,Bourgogne-Franche-Comté
AERIEN,DAMBRL62G.DEN,225kV,DAMBRON,GAULT-SAINT-DENIS,400,24,Centre-Val de Loire,24,Centre-Val de Loire
AERIEN,DAMBRL62ZESPI,225kV,CHAUNAY,DAMBRON,400,75,Nouvelle-Aquitaine,24,Centre-Val de Loire
AERIEN,DAMBRL62ZESPI,225kV,DAMBRON,ESPIERS (LES),400,24,Centre-Val de Loire,24,Centre-Val de Loire
AERIEN,G.COUL61VAUPA,225kV,GRAND-COURONNE,VAUPALIERE (LA),400,28,Normandie,28,Normandie
AERIEN,G.COUL63VAUPA,225kV,GRAND-COURONNE,VAUPALIERE (LA),400,28,Normandie,28,Normandie
AERIEN,CABRIL61REALT,225kV,CABRIES,REALTOR,400,93,Provence-Alpes-Côte d'Azur,93,Provence-Alpes-Côte d'Azur
AERIEN,COMPIL61MORU,225kV,COMPIEGNE,MORU,400,32,Hauts-de-France,11,Île-de-France
AERIEN,MOIMOL61MORU,225kV,MOIMONT,MORU,400,11,Île-de-France,11,Île-de-France
AERIEN,E.BOTL61REALT,225kV,ENCO-DE-BOTTE,REALTOR,400,93,Provence-Alpes-Côte d'Azur,93,Provence-Alpes-Côte d'Azur
AERIEN,REALTL61SEPTE,225kV,REALTOR,SEPTEMES,400,93,Provence-Alpes-Côte d'Azur,93,Provence-Alpes-Côte d'Azur
AERIEN,C.REGL61ZMAGN,225kV,CHAMPS-REGNAUD,CHAMPVANS,400,27,Bourgogne-Franche-Comté,27,Bourgogne-Franche-Comté
AERIEN,C.REGL61ZMAGN,225kV,CHAMPVANS,MAGNY(-SUR-TILLE),400,27,Bourgogne-Franche-Comté,24,Centre-Val de Loire
AERIEN,C.REGL62VIELM,225kV,CHAMPS-REGNAUD,VIELMOULIN,400,27,Bourgogne-Franche-Comté,27,Bourgogne-Franche-Comté
AERIEN,FIRM5L61JACQU,225kV,FIRMINY,JACQUARD,400,84,Auvergne-Rhône-Alpes,84,Auvergne-Rhône-Alpes
AERIEN,JACQUL61RIVIE,225kV,JACQUARD,RIVIERE (LA),400,84,Auvergne-Rhône-Alpes,75,Nouvelle-Aquitaine
AERIEN,L.CHAL61VEZIL,225kV,LONG-CHAMP (LE),VEZILLY,400,32,Hauts-de-France,32,Hauts-de-France
AERIEN,ORMESL61VEZIL,225kV,ORMES,VEZILLY,400,32,Hauts-de-France,32,Hauts-de-France
AERIEN,.VERBL61GEN.P,225kV,GENISSIAT-POSTE,VERBOIS,400,84,Auvergne-Rhône-Alpes,0,Étranger
AERIEN,.VERBL62GEN.P,225kV,GENISSIAT-POSTE,VERBOIS,400,84,Auvergne-Rhône-Alpes,0,Étranger
AERIEN,.VERBL62GEN.P,225kV,GENISSIAT-POSTE,VERBOIS,400,84,Auvergne-Rhône-Alpes,0,Étranger
AERIEN,C.METL61VOID,225kV,CROIX-DE-METZ,VOID,400,44,Grand Est,44,Grand Est
AERIEN,C.METL31CHOLO,225kV,CHOLOY,CROIX-DE-METZ,400,44,Grand Est,44,Grand Est
AERIEN,FALLOL62ZV.BE,225kV,FALLOU,PLESSIS-GASSOT,400,11,Île-de-France,11,Île-de-France
AERIEN,FALLOL62ZV.BE,225kV,PLESSIS-GASSOT,VILLIERS-LE-BEL,400,11,Île-de-France,11,Île-de-France
AERIEN,GAUDIL61LIVIE,225kV,LA GAUDIERE,LIVIERE,400,93,Provence-Alpes-Côte d'Azur,93,Provence-Alpes-Côte d'Azur
AERIEN,GAUDIL61LIVIE,225kV,LA GAUDIERE,LIVIERE,400,93,Provence-Alpes-Côte d'Azur,93,Provence-Alpes-Côte d'Azur
AERIEN,GAUDIL61LIVIE,225kV,LA GAUDIERE,LIVIERE,400,93,Provence-Alpes-Côte d'Azur,93,Provence-Alpes-Côte d'Azur
AERIEN,E.BOTL61MAZAR,225kV,ENCO-DE-BOTTE,MAZARGUES,400,93,Provence-Alpes-Côte d'Azur,93,Provence-Alpes-Côte d'Azur
AERIEN,PASSYL61PRESS,225kV,PASSY,PRESSY,400,84,Auvergne-Rhône-Alpes,84,Auvergne-Rhône-Alpes
AERIEN,B.MONL61BXCHA,225kV,BEAUCHASTEL,BEAUMONT-MONTEUX,400,84,Auvergne-Rhône-Alpes,84,Auvergne-Rhône-Alpes
AERIEN,TRIT5L61ZTRIT,225kV,GROS-CAILLOU,TRITH-ST-LEGER(PORT-ARTHUR LME),400,11,Île-de-France,32,Hauts-de-France
AERIEN,TRIT5L61ZTRIT,225kV,TRITH-ST-LEGER(PORT-ARTHUR LME),TRITH-ST-LEGER(L.M.E.),400,32,Hauts-de-France,32,Hauts-de-France
AERIEN,AVELIL71WEPPE,400kV,AVELIN,WEPPES,1500,32,Hauts-de-France,32,Hauts-de-France
AERIEN,BOLL5L61TRI.P,225kV,BOLLENE,TRICASTIN-POSTE (LE),400,93,Provence-Alpes-Côte d'Azur,84,Auvergne-Rhône-Alpes
AERIEN,BOLL5L32TRICA,225kV,BOLLENE,TRICASTIN (LE),400,93,Provence-Alpes-Côte d'Azur,84,Auvergne-Rhône-Alpes
AERIEN,CHABRL61ZCBAU,225kV,BEAUMONT-MONTEUX,CHABRILLAN,400,84,Auvergne-Rhône-Alpes,84,Auvergne-Rhône-Alpes
AERIEN,CHABRL61ZCBAU,225kV,CHABRILLAN,CHAMBAUD,400,84,Auvergne-Rhône-Alpes,84,Auvergne-Rhône-Alpes
AERIEN,VALE8L61ZMANG,225kV,ETOILE-SUR-RHONE,LOGIS-NEUF,400,84,Auvergne-Rhône-Alpes,84,Auvergne-Rhône-Alpes
AERIEN,VALE8L61ZMANG,225kV,LOGIS-NEUF,VALENCE,400,84,Auvergne-Rhône-Alpes,84,Auvergne-Rhône-Alpes
AERIEN,MOTT5L61ROUGI,225kV,MOTTE (LA) (V.-LES-AVIGNON),ROUGIER,400,53,Bretagne,53,Bretagne
AERIEN,FROGEL61ZMER7,225kV,FROGES,GRANDE-ILE,400,84,Auvergne-Rhône-Alpes,84,Auvergne-Rhône-Alpes
AERIEN,FROGEL61ZMER7,225kV,GRANDE-ILE,MERCIERS (LES),400,84,Auvergne-Rhône-Alpes,84,Auvergne-Rhône-Alpes
AERIEN,BRAUDL71PREGU,400kV,BRAUD,PREGUILLAC,1500,75,Nouvelle-Aquitaine,75,Nouvelle-Aquitaine
AERIEN,DURANL61REALT,225kV,DURANNE (LA),REALTOR,400,93,Provence-Alpes-Côte d'Azur,93,Provence-Alpes-Côte d'Azur
AERIEN,DURANL61REALT,225kV,DURANNE (LA),REALTOR,400,93,Provence-Alpes-Côte d'Azur,93,Provence-Alpes-Côte d'Azur
AERIEN,T.DOML61VANDI,225kV,TROIS DOMAINES,VANDIERES,400,44,Grand Est,44,Grand Est
AERIEN,LESQUL61VERLH,225kV,LESQUIVE,VERLHAGUET,400,76,Occitanie,76,Occitanie
AERIEN,ARRIGL61CHEVI,225kV,ARRIGHI,CHEVILLY,400,94,Corse,11,Île-de-France
AERIEN,ARRIGL61V.GEO,225kV,ARRIGHI,VILLENEUVE-ST-GEORGES,400,94,Corse,11,Île-de-France
AERIEN,MARL6L71VIGY,400kV,MARLENHEIM,VIGY,1500,44,Grand Est,44,Grand Est
AERIEN,BERGHL61MARL6,400kV,BERGHOLZ,MARLENHEIM,1500,0,Étranger,44,Grand Est
AERIEN,ALBERL71COCHE,400kV,ALBERTVILLE,COCHE (LA),1500,84,Auvergne-Rhône-Alpes,84,Auvergne-Rhône-Alpes
AERIEN,COCHEL71P.AND,400kV,COCHE (LA),PRAZ-ST-ANDRE,1500,84,Auvergne-Rhône-Alpes,84,Auvergne-Rhône-Alpes
AERIEN,G.SYNL62WARAN,225kV,GRANDE-SYNTHE,WARANDE,400,32,Hauts-de-France,32,Hauts-de-France
AERIEN,CRUSEL61ZCRUS,225kV,CORNIER,CRUSEILLES,400,84,Auvergne-Rhône-Alpes,84,Auvergne-Rhône-Alpes
AERIEN,CRUSEL61ZCRUS,225kV,CRUSEILLES,GENISSIAT-POSTE,400,84,Auvergne-Rhône-Alpes,84,Auvergne-Rhône-Alpes
AERIEN,FLAMAL74MENUE,400kV,FLAMANVILLE,MENUEL,1500,28,Normandie,28,Normandie
AERIEN,BORT L62MOLE,225kV,BORT,MOLE (LA),400,75,Nouvelle-Aquitaine,75,Nouvelle-Aquitaine
AERIEN,FLOIRL61PESSA,225kV,FLOIRAC EDF,PESSAC,400,75,Nouvelle-Aquitaine,75,Nouvelle-Aquitaine
AERIEN,PESSAL32PTAC,225kV,PESSAC,PONTAC,400,75,Nouvelle-Aquitaine,75,Nouvelle-Aquitaine
AERIEN,CHAN5L71LARCA,400kV,CHANCEAUX,LARCAY,1500,24,Centre-Val de Loire,24,Centre-Val de Loire
AERIEN,CHAN5L72LARCA,400kV,CHANCEAUX,LARCAY,1500,24,Centre-Val de Loire,24,Centre-Val de Loire
AERIEN,GRAV5L75WARAN,400kV,GRAVELINES (CENTRALE),WARANDE,1500,32,Hauts-de-France,32,Hauts-de-France
AERIEN,T.VICL61ZMENT,225kV,CAMPOROSSO,MENTON,400,0,Étranger,93,Provence-Alpes-Côte d'Azur
AERIEN,T.VICL61ZMENT,225kV,MENTON,TRINITE-VICTOR,400,93,Provence-Alpes-Côte d'Azur,93,Provence-Alpes-Côte d'Azur
AERIEN,BLAY5L61MQIS,225kV,BLAYAIS (POSTE AEROSOUTERRAIN),MARQUIS (LE),400,75,Nouvelle-Aquitaine,75,Nouvelle-Aquitaine
AERIEN,FLEACL61MQIS,225kV,FLEAC,MARQUIS (LE),400,75,Nouvelle-Aquitaine,75,Nouvelle-Aquitaine
AERIEN,MOULAL71VIGY,400kV,MOULAINE,VIGY,1500,44,Grand Est,44,Grand Est
AERIEN,MOULAL72VIGY,400kV,MOULAINE,VIGY,1500,44,Grand Est,44,Grand Est
AERIEN,CONTAL61G.COE,225kV,CONTAMINE,GRAND-COEUR,400,84,Auvergne-Rhône-Alpes,84,Auvergne-Rhône-Alpes
AERIEN,CONTAL31G.COE,225kV,CONTAMINE,GRAND-COEUR,400,84,Auvergne-Rhône-Alpes,84,Auvergne-Rhône-Alpes
AERIEN,GUERSL61ZPRIN,225kV,CORDEMAIS-POSTE,GUERSAC,400,52,Pays de la Loire,52,Pays de la Loire
AERIEN,GUERSL61ZPRIN,225kV,GUERSAC,THEIX,400,52,Pays de la Loire,53,Bretagne
AERIEN,CAPELL61H.VIE,225kV,CAPELLE (LA),HERIE-LA-VIEVILLE,400,32,Hauts-de-France,32,Hauts-de-France
AERIEN,AUBE L61BARQU,225kV,AUBE,BARQUET,400,44,Grand Est,28,Normandie
AERIEN,CERGYL61ZLIES,225kV,CERGY,HAUTE-BORNE,400,11,Île-de-France,11,Île-de-France
AERIEN,CERGYL61ZLIES,225kV,HAUTE-BORNE,LIESSE,400,11,Île-de-France,11,Île-de-France
AERIEN,COR.PL61PTCHA,225kV,CORDEMAIS-POSTE,PONTCHATEAU,400,52,Pays de la Loire,52,Pays de la Loire
AERIEN,DAMERL61VESLE,225kV,DAMERY,VESLE,400,44,Grand Est,44,Grand Est
AERIEN,CRUA5L61L.NEU,225kV,CRUAS (-MEYSSE),LOGIS-NEUF,400,84,Auvergne-Rhône-Alpes,84,Auvergne-Rhône-Alpes
AERIEN,CRUA5L61L.NEU,225kV,CRUAS (-MEYSSE),LOGIS-NEUF,400,84,Auvergne-Rhône-Alpes,84,Auvergne-Rhône-Alpes
AERIEN,CRUA5L62L.NEU,225kV,CRUAS (-MEYSSE),LOGIS-NEUF,400,84,Auvergne-Rhône-Alpes,84,Auvergne-Rhône-Alpes
AERIEN,BASTIL61LANNE,225kV,BASTILLAC,LANNEMEZAN,400,76,Occitanie,76,Occitanie
AERIEN,BASTIL31ZBIA7,225kV,BASTILLAC,BIACAVE,400,76,Occitanie,76,Occitanie
AERIEN,BASTIL31ZBIA7,225kV,BIACAVE,VIC EN BIGORRE,400,76,Occitanie,76,Occitanie
AERIEN,CREYSL71G.ILE,400kV,CREYS,GRANDE-ILE,1500,84,Auvergne-Rhône-Alpes,84,Auvergne-Rhône-Alpes
AERIEN,CREYSL72G.ILE,400kV,CREYS,GRANDE-ILE,1500,84,Auvergne-Rhône-Alpes,84,Auvergne-Rhône-Alpes
AERIEN,CLOCHL61DECHY,225kV,CLOCHETTE (LA),DECHY,400,32,Hauts-de-France,32,Hauts-de-France
AERIEN,GERSTL61RHINA,225kV,GERSTHEIM,RHINAU,400,44,Grand Est,44,Grand Est
AERIEN,M.SEIL71VIELM,400kV,MERY-SUR-SEINE,VIELMOULIN,1500,44,Grand Est,27,Bourgogne-Franche-Comté
AERIEN,M.SEIL72VIELM,400kV,MERY-SUR-SEINE,VIELMOULIN,1500,44,Grand Est,27,Bourgogne-Franche-Comté
AERIEN,SARRYL61VIELM,225kV,SARRY,VIELMOULIN,400,44,Grand Est,27,Bourgogne-Franche-Comté
AERIEN,BREVIL61MALGO,225kV,BREVIERES (LES),MALGOVERT,400,84,Auvergne-Rhône-Alpes,84,Auvergne-Rhône-Alpes
AERIEN,BREVIL31ZVICL,225kV,BREVIERES (LES),MALGOVERT,400,84,Auvergne-Rhône-Alpes,84,Auvergne-Rhône-Alpes
AERIEN,BREVIL31ZVICL,225kV,MALGOVERT,VICLAIRE,400,84,Auvergne-Rhône-Alpes,84,Auvergne-Rhône-Alpes
AERIEN,RQROUL61SSEST,225kV,ROQUEROUSSE,ST-ESTEVE,400,93,Provence-Alpes-Côte d'Azur,76,Occitanie
AERIEN,TABARL61ZGIEN,225kV,GARCHIZY,GIEN,400,27,Bourgogne-Franche-Comté,24,Centre-Val de Loire
AERIEN,TABARL61ZGIEN,225kV,GIEN,TABARDERIE,400,24,Centre-Val de Loire,24,Centre-Val de Loire
AERIEN,CERGYL71MEZE5,400kV,CERGY,MEZEROLLES,1500,11,Île-de-France,32,Hauts-de-France
AERIEN,HOUDRL71VINCE,400kV,HOUDREVILLE,VINCEY,1500,44,Grand Est,44,Grand Est
AERIEN,MUHLBL71VINCE,400kV,MUHLBACH,VINCEY,1500,44,Grand Est,44,Grand Est
AERIEN,DARSEL61RELA5,225kV,DARSE,RELAIS,400,93,Provence-Alpes-Côte d'Azur,93,Provence-Alpes-Côte d'Azur
AERIEN,VALENL61ZQUAR,225kV,QUAREZ,THIERS (BRUAY-SUR-L'ESCAUT),400,32,Hauts-de-France,32,Hauts-de-France
AERIEN,VALENL61ZQUAR,225kV,THIERS (BRUAY-SUR-L'ESCAUT),VALENCIENNES,400,32,Hauts-de-France,32,Hauts-de-France
AERIEN,FAMARL61VALEN,225kV,FAMARS,VALENCIENNES,400,32,Hauts-de-France,32,Hauts-de-France
AERIEN,S.DAML61ZRUPR,225kV,BEAUTOR(POSTE),RUPREUX,400,32,Hauts-de-France,32,Hauts-de-France
AERIEN,S.DAML61ZRUPR,225kV,RUPREUX,SOISSONS-NOTRE-DAME,400,32,Hauts-de-France,32,Hauts-de-France
AERIEN,P.SIML61SSORE,225kV,PORTET-ST-SIMON,ST-ORENS,400,76,Occitanie,76,Occitanie
AERIEN,P.SIML62VERFE,225kV,PORTET-ST-SIMON,VERFEIL,400,76,Occitanie,76,Occitanie
AERIEN,MARL6L71VIGY,400kV,MARLENHEIM,VIGY,1500,44,Grand Est,44,Grand Est
AERIEN,SSAVOL71VIGY,400kV,ST-AVOLD,VIGY,1500,44,Grand Est,44,Grand Est
AERIEN,MOIMOL61MORU,225kV,MOIMONT,MORU,400,11,Île-de-France,11,Île-de-France
AERIEN,P.GASL64SEINE,225kV,PLESSIS-GASSOT,SEINE,400,11,Île-de-France,11,Île-de-France
AERIEN,CHEV5L62ZKERL,225kV,CHEVIRE,CORDEMAIS-POSTE,400,52,Pays de la Loire,52,Pays de la Loire
AERIEN,CHEV5L62ZKERL,225kV,CORDEMAIS-POSTE,MORIHAN,400,52,Pays de la Loire,53,Bretagne
AERIEN,ELANCL61ZMTJ5,225kV,ELANCOURT,VILLEJUST,400,11,Île-de-France,11,Île-de-France
AERIEN,ELANCL61ZMTJ5,225kV,VILLEJUST,MONTJAY,400,11,Île-de-France,11,Île-de-France
AERIEN,SSAU5L61ZMTJA,225kV,ST-AUBIN,MONTJAY,400,11,Île-de-France,11,Île-de-France
AERIEN,SSAU5L61ZMTJA,225kV,MONTJAY,VILLEJUST,400,11,Île-de-France,11,Île-de-France
AERIEN,ARMENL61WEPPE,225kV,ARMENTIERES,WEPPES,400,32,Hauts-de-France,32,Hauts-de-France
AERIEN,MUHLBL71SCHEE,400kV,MUHLBACH,SCHEER,1500,44,Grand Est,0,Étranger
AERIEN,CRENEL61FRONC,225kV,CRENEY,FRONCLES,400,44,Grand Est,44,Grand Est
AERIEN,ECHALL62SOLEI,225kV,ECHALAS,SOLEIL (LE),400,84,Auvergne-Rhône-Alpes,84,Auvergne-Rhône-Alpes
AERIEN,CIZE L61IZERN,225kV,CIZE,IZERNORE,400,84,Auvergne-Rhône-Alpes,84,Auvergne-Rhône-Alpes
AERIEN,CIZE L31IZERN,225kV,CIZE,IZERNORE,400,84,Auvergne-Rhône-Alpes,84,Auvergne-Rhône-Alpes
AERIEN,BOLL5L61CROI6,225kV,BOLLENE,CROISIERE,400,93,Provence-Alpes-Côte d'Azur,93,Provence-Alpes-Côte d'Azur
AERIEN,VICOGL61ZBXV6,225kV,AMIENS,AVESNES-LE-COMTE,400,32,Hauts-de-France,32,Hauts-de-France
AERIEN,VICOGL61ZBXV6,225kV,AVESNES-LE-COMTE,VICOGNE (LA),400,32,Hauts-de-France,32,Hauts-de-France
AERIEN,VINCEL61VITTE,225kV,VINCEY,VITTEL,400,44,Grand Est,44,Grand Est
AERIEN,BATZEL61MARL6,225kV,BATZENDORF,MARLENHEIM,400,44,Grand Est,44,Grand Est
AERIEN,COUDOL61GARD7,225kV,COUDON (LE),GARDE (LA),400,93,Provence-Alpes-Côte d'Azur,93,Provence-Alpes-Côte d'Azur
AERIEN,COUDOL62GARD7,225kV,COUDON (LE),GARDE (LA),400,93,Provence-Alpes-Côte d'Azur,93,Provence-Alpes-Côte d'Azur
AERIEN,CBRY L71M.SEI,400kV,CHAMBRY,MERY-SUR-SEINE,1500,32,Hauts-de-France,44,Grand Est
AERIEN,FLEACL61MQIS,225kV,FLEAC,MARQUIS (LE),400,75,Nouvelle-Aquitaine,75,Nouvelle-Aquitaine
AERIEN,BOISSL61CUS.P,225kV,BOISSE (LA),CUSSET-POSTE,400,84,Auvergne-Rhône-Alpes,84,Auvergne-Rhône-Alpes
AERIEN,M.RADL61SANDO,225kV,MARAIS DE RADICATEL (LES),SANDOUVILLE,400,28,Normandie,28,Normandie
AERIEN,FLEACL61MTGUY,225kV,FLEAC,MONTGUYON,400,75,Nouvelle-Aquitaine,75,Nouvelle-Aquitaine
AERIEN,GATI5L71TABAR,400kV,GATINAIS,TABARDERIE,1500,24,Centre-Val de Loire,24,Centre-Val de Loire
AERIEN,P.SIML62VERFE,225kV,PORTET-ST-SIMON,VERFEIL,400,76,Occitanie,76,Occitanie
AERIEN,SSOREL61VERFE,225kV,ST-ORENS,VERFEIL,400,76,Occitanie,76,Occitanie
AERIEN,.VICHL71BAIXA,400kV,VICH,BAIXAS,1500,0,Étranger,76,Occitanie
AERIEN,.VICHL71BAIXA,400kV,VICH,BAIXAS,1500,0,Étranger,76,Occitanie
AERIEN,LANDEL61MARTY,225kV,LANDERNEAU,MARTYRE (LA),400,53,Bretagne,53,Bretagne
AERIEN,GAMBSL61SELTZ,225kV,GAMBSHEIM,SELTZ,400,44,Grand Est,44,Grand Est
AERIEN,BEINHL31SELTZ,225kV,BEINHEIM,SELTZ,400,44,Grand Est,44,Grand Est
AERIEN,MENUEL71TAUTE,400kV,MENUEL,TAUTE,1500,28,Normandie,28,Normandie
AERIEN,CHESNL71MORBR,400kV,CHESNOY (LE),MORBRAS,1500,24,Centre-Val de Loire,11,Île-de-France
AERIEN,CHESNL72MORBR,400kV,CHESNOY (LE),MORBRAS,1500,24,Centre-Val de Loire,11,Île-de-France
AERIEN,CHESNL71MORBR,400kV,CHESNOY (LE),MORBRAS,1500,24,Centre-Val de Loire,11,Île-de-France
AERIEN,LEGUEL61P.SIM,225kV,LEGUEVIN,PORTET-ST-SIMON,400,76,Occitanie,76,Occitanie
AERIEN,P.SIML31SEYS5,225kV,PORTET-ST-SIMON,SEYSSES,400,76,Occitanie,76,Occitanie
AERIEN,CARRIL61VALES,225kV,CARRIERES,VALESCOURT,400,11,Île-de-France,32,Hauts-de-France
AERIEN,SSESTL61SSTUL,225kV,ST-ESTEVE,STE-TULLE,400,76,Occitanie,93,Provence-Alpes-Côte d'Azur
AERIEN,CARRIL61GOUVI,225kV,CARRIERES,GOUVIEUX,400,11,Île-de-France,11,Île-de-France
AERIEN,CARRIL61ZB.FR,225kV,CARRIERES,PLESSIS-GASSOT,400,11,Île-de-France,11,Île-de-France
AERIEN,CARRIL61ZB.FR,225kV,PLESSIS-GASSOT,BELLOY-EN-FRANCE,400,11,Île-de-France,11,Île-de-France
AERIEN,TUILIL61ZSS11,225kV,CUBNEZAIS,SAINT-GERAUD-DE-CORPS,400,75,Nouvelle-Aquitaine,75,Nouvelle-Aquitaine
AERIEN,TUILIL61ZSS11,225kV,SAINT-GERAUD-DE-CORPS,TUILIERES,400,75,Nouvelle-Aquitaine,75,Nouvelle-Aquitaine
AERIEN,CAUDEL31TUILI,225kV,CAUDEAU,TUILIERES,400,75,Nouvelle-Aquitaine,75,Nouvelle-Aquitaine
AERIEN,DAMBRL72VERGE,400kV,DAMBRON,VERGER,1500,24,Centre-Val de Loire,53,Bretagne
AERIEN,ARGIAL61MOUGU,225kV,ARGIA,MOUGUERRE,400,75,Nouvelle-Aquitaine,75,Nouvelle-Aquitaine
AERIEN,PRUNIL61ZSSCO,225kV,CORDEAC,PRUNIERES,400,84,Auvergne-Rhône-Alpes,93,Provence-Alpes-Côte d'Azur
AERIEN,PRUNIL61ZSSCO,225kV,PRUNIERES,ST-PIERRE-COGNET,400,93,Provence-Alpes-Côte d'Azur,93,Provence-Alpes-Côte d'Azur
AERIEN,SSCOGL61ZSSCO,225kV,CORDEAC,PRUNIERES,400,84,Auvergne-Rhône-Alpes,93,Provence-Alpes-Côte d'Azur
AERIEN,SSCOGL61ZSSCO,225kV,PRUNIERES,ST-PIERRE-COGNET,400,93,Provence-Alpes-Côte d'Azur,93,Provence-Alpes-Côte d'Azur
AERIEN,ALBERL72BATHI,400kV,ALBERTVILLE,BATHIE (LA),1500,84,Auvergne-Rhône-Alpes,84,Auvergne-Rhône-Alpes
AERIEN,EGUZOL61MARMA,225kV,EGUZON,MARMAGNE,400,24,Centre-Val de Loire,24,Centre-Val de Loire
AERIEN,ARGOEL71CHEVA,400kV,ARGOEUVES,CHEVALET,1500,32,Hauts-de-France,32,Hauts-de-France
AERIEN,B.TOLL71CERN,400kV,BOIS-TOLLOT,C.E.R.N.,1500,84,Auvergne-Rhône-Alpes,0,Étranger
AERIEN,JEUXEL61ZGOLB,225kV,GOLBEY,JEUXEY,400,44,Grand Est,44,Grand Est
AERIEN,JEUXEL61ZGOLB,225kV,JEUXEY,VINCEY,400,44,Grand Est,44,Grand Est
AERIEN,SSJULL61VIGY,225kV,ST-JULIEN,VIGY,400,27,Bourgogne-Franche-Comté,44,Grand Est
AERIEN,BOCTOL72MORBR,400kV,BOCTOIS,MORBRAS,1500,44,Grand Est,11,Île-de-France
AERIEN,E.BOTL61PALUN,225kV,ENCO-DE-BOTTE,PALUN (LA),400,93,Provence-Alpes-Côte d'Azur,93,Provence-Alpes-Côte d'Azur
AERIEN,CONTAL61G.COE,225kV,CONTAMINE,GRAND-COEUR,400,84,Auvergne-Rhône-Alpes,84,Auvergne-Rhône-Alpes
AERIEN,CONTAL61G.COE,225kV,CONTAMINE,GRAND-COEUR,400,84,Auvergne-Rhône-Alpes,84,Auvergne-Rhône-Alpes
AERIEN,CONTAL61MALGO,225kV,CONTAMINE,MALGOVERT,400,84,Auvergne-Rhône-Alpes,84,Auvergne-Rhône-Alpes
AERIEN,TUILIL61ZSS11,225kV,CUBNEZAIS,SAINT-GERAUD-DE-CORPS,400,75,Nouvelle-Aquitaine,75,Nouvelle-Aquitaine
AERIEN,TUILIL61ZSS11,225kV,SAINT-GERAUD-DE-CORPS,TUILIERES,400,75,Nouvelle-Aquitaine,75,Nouvelle-Aquitaine
AERIEN,TUILIL61ZSS11,225kV,CUBNEZAIS,SAINT-GERAUD-DE-CORPS,400,75,Nouvelle-Aquitaine,75,Nouvelle-Aquitaine
AERIEN,TUILIL61ZSS11,225kV,SAINT-GERAUD-DE-CORPS,TUILIERES,400,75,Nouvelle-Aquitaine,75,Nouvelle-Aquitaine
AERIEN,CONF5L61CPNIE,225kV,CHAMPAGNIER,CONFLUENT,400,84,Auvergne-Rhône-Alpes,84,Auvergne-Rhône-Alpes
AERIEN,COQUAL61DRONN,225kV,COQUAINVILLIERS,DRONNIERE (LA),400,28,Normandie,28,Normandie
AERIEN,COQUAL61TOURB,225kV,COQUAINVILLIERS,TOURBE,400,28,Normandie,28,Normandie
AERIEN,CZTRYL61SENAR,225kV,COURTRY,SENART,400,11,Île-de-France,11,Île-de-France
AERIEN,MALECL61PLISO,225kV,MALECOT,PLISON,400,11,Île-de-France,11,Île-de-France
AERIEN,FOUTEL62G.SYN,225kV,FOUTEIN,GRANDE-SYNTHE,400,32,Hauts-de-France,32,Hauts-de-France
AERIEN,CROIXL61VERTE,225kV,CROIX (LA),VERTEFEUILLE,400,32,Hauts-de-France,32,Hauts-de-France
AERIEN,CROIXL61WEPPE,225kV,CROIX (LA),WEPPES,400,32,Hauts-de-France,32,Hauts-de-France
AERIEN,MIONSL62MOUCH,225kV,MIONS,MOUCHE (LA),400,84,Auvergne-Rhône-Alpes,84,Auvergne-Rhône-Alpes
AERIEN,ARGOEL73TERRI,400kV,ARGOEUVES,TERRIER,1500,32,Hauts-de-France,11,Île-de-France
AERIEN,BONN6L61ORANG,225kV,BONNEAU,ORANGERIE (L),400,75,Nouvelle-Aquitaine,24,Centre-Val de Loire
AERIEN,PRRTTL61SEQUE,225kV,PIERRETTE (LA),SEQUEDIN,400,32,Hauts-de-France,32,Hauts-de-France
AERIEN,PRRTTL62SEQUE,225kV,PIERRETTE (LA),SEQUEDIN,400,32,Hauts-de-France,32,Hauts-de-France
AERIEN,BAYETL72MARMA,400kV,BAYET,MARMAGNE,1500,84,Auvergne-Rhône-Alpes,24,Centre-Val de Loire
AERIEN,JEUXEL61ZGOLB,225kV,GOLBEY,JEUXEY,400,44,Grand Est,44,Grand Est
AERIEN,JEUXEL61ZGOLB,225kV,JEUXEY,VINCEY,400,44,Grand Est,44,Grand Est
AERIEN,DOGNEL32VINCE,225kV,DOGNEVILLE,VINCEY,400,44,Grand Est,44,Grand Est
AERIEN,AVELIL62HELLE,225kV,AVELIN,HELLEMMES,400,32,Hauts-de-France,32,Hauts-de-France
AERIEN,FLERSL61THIOT,225kV,FLERS,THIOT,400,28,Normandie,44,Grand Est
AERIEN,AMIENL61ZARGO,225kV,AMARGUE,AMIENS,400,32,Hauts-de-France,32,Hauts-de-France
AERIEN,AMIENL61ZARGO,225kV,AMIENS,ARGOEUVES,400,32,Hauts-de-France,32,Hauts-de-France
AERIEN,BREUIL61ZTALA,225kV,BREUIL,LAVAL-DE-CERE,400,84,Auvergne-Rhône-Alpes,76,Occitanie
AERIEN,BREUIL61ZTALA,225kV,LAVAL-DE-CERE,TALAMET,400,76,Occitanie,76,Occitanie
AERIEN,COMPIL61LATEN,225kV,COMPIEGNE,LATENA,400,32,Hauts-de-France,32,Hauts-de-France
AERIEN,ABLAIL61LATEN,225kV,ABLAINCOURT,LATENA,400,32,Hauts-de-France,32,Hauts-de-France
AERIEN,LATENL61ZC.OM,225kV,LATENA,PERTAIN,400,32,Hauts-de-France,32,Hauts-de-France
AERIEN,LATENL61ZC.OM,225kV,PERTAIN,CRESSY-OMENCOURT,400,32,Hauts-de-France,32,Hauts-de-France
AERIEN,EGUZOL71RUEYR,400kV,EGUZON,RUEYRES,1500,24,Centre-Val de Loire,76,Occitanie
AERIEN,HOUDRL71LOGEL,400kV,HOUDREVILLE,LOGELBACH,1500,44,Grand Est,44,Grand Est
AERIEN,BARJAL61CROI6,225kV,BARJAC,CROISIERE,400,76,Occitanie,93,Provence-Alpes-Côte d'Azur
AERIEN,EYBENL61ZLANC,225kV,EYBENS,FROGES,400,84,Auvergne-Rhône-Alpes,84,Auvergne-Rhône-Alpes
AERIEN,EYBENL61ZLANC,225kV,FROGES,LANCEY,400,84,Auvergne-Rhône-Alpes,84,Auvergne-Rhône-Alpes
AERIEN,H.VINL61HANNA,225kV,HANNART,HAUT-VINAGE,400,32,Hauts-de-France,32,Hauts-de-France
AERIEN,H.VINL62HANNA,225kV,HANNART,HAUT-VINAGE,400,32,Hauts-de-France,32,Hauts-de-France
AERIEN,BOISSL61GEN.P,225kV,BOISSE (LA),GENISSIAT-POSTE,400,84,Auvergne-Rhône-Alpes,84,Auvergne-Rhône-Alpes
AERIEN,KEMBSL61OTTMA,225kV,KEMBS,OTTMARSHEIM,400,44,Grand Est,44,Grand Est
AERIEN,CAZARL62LANNE,225kV,CAZARIL,LANNEMEZAN,400,76,Occitanie,76,Occitanie
AERIEN,CAZARL63LANNE,225kV,CAZARIL,LANNEMEZAN,400,76,Occitanie,76,Occitanie
AERIEN,LANCEL61ZLANC,225kV,EYBENS,FROGES,400,84,Auvergne-Rhône-Alpes,84,Auvergne-Rhône-Alpes
AERIEN,LANCEL61ZLANC,225kV,FROGES,LANCEY,400,84,Auvergne-Rhône-Alpes,84,Auvergne-Rhône-Alpes
AERIEN,CHAFFL72G.ILE,400kV,CHAFFARD,GRANDE-ILE,1500,84,Auvergne-Rhône-Alpes,84,Auvergne-Rhône-Alpes
AERIEN,CHEVIL61VLEJU,225kV,CHEVILLY,VILLEJUST,400,11,Île-de-France,11,Île-de-France
AERIEN,LUMESL61MOHON,225kV,LUMES,MOHON,400,44,Grand Est,53,Bretagne
AERIEN,LEFORL31MOHON,225kV,LEFORT,MOHON,400,53,Bretagne,53,Bretagne
AERIEN,GEN.PL61SERRI,225kV,GENISSIAT-POSTE,SERRIERES,400,84,Auvergne-Rhône-Alpes,84,Auvergne-Rhône-Alpes
AERIEN,GEN.PL61SERRI,225kV,GENISSIAT-POSTE,SERRIERES,400,84,Auvergne-Rhône-Alpes,84,Auvergne-Rhône-Alpes
AERIEN,ARPENL61ZRIC5,225kV,ARPENTS (LES),BONNIERES,400,32,Hauts-de-France,32,Hauts-de-France
AERIEN,ARPENL61ZRIC5,225kV,BONNIERES,RICHEBOURG,400,32,Hauts-de-France,32,Hauts-de-France
AERIEN,ARPENL62ZRIC6,225kV,ARPENTS (LES),MEZEROLLES,400,32,Hauts-de-France,32,Hauts-de-France
AERIEN,ARPENL62ZRIC6,225kV,MEZEROLLES,RICHEBOURG,400,32,Hauts-de-France,32,Hauts-de-France
AERIEN,AVELIL61EPINE,225kV,AVELIN,EPINETTE,400,32,Hauts-de-France,32,Hauts-de-France
AERIEN,BREN5L61PELIS,225kV,BRENS,PELISSIER,400,84,Auvergne-Rhône-Alpes,76,Occitanie
AERIEN,PESSAL61ZPARR,225kV,BRUGES,GARIES,400,75,Nouvelle-Aquitaine,76,Occitanie
AERIEN,PESSAL61ZPARR,225kV,GARIES,PESSAC,400,76,Occitanie,75,Nouvelle-Aquitaine
AERIEN,BERANL61BONNI,225kV,BERANVILLE,BONNIERES,400,32,Hauts-de-France,32,Hauts-de-France
AERIEN,LANG6L62ZLAN8,225kV,LANGLOIS,MORBRAS,400,11,Île-de-France,11,Île-de-France
AERIEN,LANG6L62ZLAN8,225kV,MORBRAS,VILLEVAUDE,400,11,Île-de-France,11,Île-de-France
AERIEN,GROSNL61ZCUR5,225kV,CURTIL,GROSNE,400,27,Bourgogne-Franche-Comté,27,Bourgogne-Franche-Comté
AERIEN,GROSNL61ZCUR5,225kV,GROSNE,HENRI-PAUL,400,27,Bourgogne-Franche-Comté,93,Provence-Alpes-Côte d'Azur
AERIEN,P.GASL63SEINE,225kV,PLESSIS-GASSOT,SEINE,400,11,Île-de-France,11,Île-de-France
AERIEN,CUBNEL61GREZI,225kV,CUBNEZAIS,GREZILLAC,400,75,Nouvelle-Aquitaine,75,Nouvelle-Aquitaine
AERIEN,CUBNEL61GREZI,225kV,CUBNEZAIS,GREZILLAC,400,75,Nouvelle-Aquitaine,75,Nouvelle-Aquitaine
AERIEN,GARRIL61ZGARR,225kV,COUFFRAU,MONTAHUT,400,76,Occitanie,76,Occitanie
AERIEN,GARRIL61ZGARR,225kV,MONTAHUT,GARRIGOU,400,76,Occitanie,76,Occitanie
AERIEN,COUFFL61ZGARR,225kV,COUFFRAU,MONTAHUT,400,76,Occitanie,76,Occitanie
AERIEN,COUFFL61ZGARR,225kV,MONTAHUT,GARRIGOU,400,76,Occitanie,76,Occitanie
AERIEN,CIZE L61FLEYR,225kV,CIZE,FLEYRIAT,400,84,Auvergne-Rhône-Alpes,84,Auvergne-Rhône-Alpes
AERIEN,MANOIL61SSBAI,225kV,MANOIR (LE),ST-PIERRE-DE-BAILLEUL,400,28,Normandie,28,Normandie
AERIEN,MTVARL61ZCP.M,225kV,MONT-VARIN,PERIZET (LE),400,32,Hauts-de-France,32,Hauts-de-France
AERIEN,MTVARL61ZCP.M,225kV,PERIZET (LE),SETIER,400,32,Hauts-de-France,32,Hauts-de-France
AERIEN,SETIEL61ZCP.M,225kV,MONT-VARIN,PERIZET (LE),400,32,Hauts-de-France,32,Hauts-de-France
AERIEN,SETIEL61ZCP.M,225kV,PERIZET (LE),SETIER,400,32,Hauts-de-France,32,Hauts-de-France
AERIEN,H.PAUL71SSV.O,400kV,HENRI-PAUL,ST-VULBAS-OUEST,1500,93,Provence-Alpes-Côte d'Azur,84,Auvergne-Rhône-Alpes
AERIEN,MACONL61ZJOUX,400kV,BOISSE (LA),JOUX,1500,84,Auvergne-Rhône-Alpes,84,Auvergne-Rhône-Alpes
AERIEN,MACONL61ZJOUX,400kV,JOUX,MACON,1500,84,Auvergne-Rhône-Alpes,27,Bourgogne-Franche-Comté
AERIEN,CPNIEL61SABL5,225kV,CHAMPAGNIER,SABLES (LES),400,84,Auvergne-Rhône-Alpes,84,Auvergne-Rhône-Alpes
AERIEN,SABL5L61ZSABL,225kV,CHAMPAGNIER,CORDEAC,400,84,Auvergne-Rhône-Alpes,84,Auvergne-Rhône-Alpes
AERIEN,SABL5L61ZSABL,225kV,CORDEAC,SABLES (LES),400,84,Auvergne-Rhône-Alpes,84,Auvergne-Rhône-Alpes
AERIEN,BATHIL61G.COE,225kV,BATHIE (LA),GRAND-COEUR,400,84,Auvergne-Rhône-Alpes,84,Auvergne-Rhône-Alpes
AERIEN,CUDRAL31ZVER5,225kV,CUDRAZ,TOURS EN SAVOIE,400,84,Auvergne-Rhône-Alpes,84,Auvergne-Rhône-Alpes
AERIEN,CUDRAL31ZVER5,225kV,TOURS EN SAVOIE,VERNAYS (LES),400,84,Auvergne-Rhône-Alpes,84,Auvergne-Rhône-Alpes
AERIEN,VAUPAL61YAINV,225kV,VAUPALIERE (LA),YAINVILLE,400,28,Normandie,28,Normandie
AERIEN,G.SYNL61ZQ.EC,225kV,DUNES (LES),GRANDE-SYNTHE,400,32,Hauts-de-France,32,Hauts-de-France
AERIEN,G.SYNL61ZQ.EC,225kV,GRANDE-SYNTHE,QUATRE-ECLUSES,400,32,Hauts-de-France,32,Hauts-de-France
AERIEN,ALBERL71G.ILE,400kV,ALBERTVILLE,GRANDE-ILE,1500,84,Auvergne-Rhône-Alpes,84,Auvergne-Rhône-Alpes
AERIEN,ALBERL72G.ILE,400kV,ALBERTVILLE,GRANDE-ILE,1500,84,Auvergne-Rhône-Alpes,84,Auvergne-Rhône-Alpes
AERIEN,COR.PL61GUERS,225kV,CORDEMAIS-POSTE,GUERSAC,400,52,Pays de la Loire,52,Pays de la Loire
AERIEN,COR.PL61ZPRIN,225kV,CORDEMAIS-POSTE,GUERSAC,400,52,Pays de la Loire,52,Pays de la Loire
AERIEN,COR.PL61ZPRIN,225kV,GUERSAC,THEIX,400,52,Pays de la Loire,53,Bretagne
AERIEN,ROSIEL61ZC.SE,225kV,CHATILLON-SUR-SEINE,DARCEY,400,27,Bourgogne-Franche-Comté,27,Bourgogne-Franche-Comté
AERIEN,ROSIEL61ZC.SE,225kV,DARCEY,ROSIERES,400,27,Bourgogne-Franche-Comté,84,Auvergne-Rhône-Alpes
AERIEN,ARGOEL72CHEVA,400kV,ARGOEUVES,CHEVALET,1500,32,Hauts-de-France,32,Hauts-de-France
AERIEN,DOMLOL71P.HA5,400kV,DOMLOUP,PLAINE HAUTE,1500,53,Bretagne,53,Bretagne
AERIEN,DOMLOL71P.HA5,400kV,DOMLOUP,PLAINE HAUTE,1500,53,Bretagne,53,Bretagne
AERIEN,ENVALL61ISSOI,225kV,ENVAL,ISSOIRE,400,84,Auvergne-Rhône-Alpes,84,Auvergne-Rhône-Alpes
AERIEN,VINCEL61ZGOLB,225kV,GOLBEY,JEUXEY,400,44,Grand Est,44,Grand Est
AERIEN,VINCEL61ZGOLB,225kV,JEUXEY,VINCEY,400,44,Grand Est,44,Grand Est
AERIEN,DOGNEL32VINCE,225kV,DOGNEVILLE,VINCEY,400,44,Grand Est,44,Grand Est
AERIEN,GOLBEL61ZGOLB,225kV,GOLBEY,JEUXEY,400,44,Grand Est,44,Grand Est
AERIEN,GOLBEL61ZGOLB,225kV,JEUXEY,VINCEY,400,44,Grand Est,44,Grand Est
AERIEN,GOLBEL61ZGOLB,225kV,GOLBEY,JEUXEY,400,44,Grand Est,44,Grand Est
AERIEN,GOLBEL61ZGOLB,225kV,JEUXEY,VINCEY,400,44,Grand Est,44,Grand Est
AERIEN,BRAUDL71MQIS,400kV,BRAUD,MARQUIS (LE),1500,75,Nouvelle-Aquitaine,75,Nouvelle-Aquitaine
AERIEN,BRAUDL72CUBNE,400kV,BRAUD,CUBNEZAIS,1500,75,Nouvelle-Aquitaine,75,Nouvelle-Aquitaine
AERIEN,CALA5L71MARTY,400kV,CALAN,MARTYRE (LA),1500,53,Bretagne,53,Bretagne
AERIEN,DARCEL61ZC.SE,225kV,CHATILLON-SUR-SEINE,DARCEY,400,27,Bourgogne-Franche-Comté,27,Bourgogne-Franche-Comté
AERIEN,DARCEL61ZC.SE,225kV,DARCEY,ROSIERES,400,27,Bourgogne-Franche-Comté,84,Auvergne-Rhône-Alpes
AERIEN,GUERSL61SSNAZ,225kV,GUERSAC,ST-NAZAIRE,400,52,Pays de la Loire,76,Occitanie
AERIEN,BOUTRL61ZPELA,225kV,BOUTRE,OLLIERES,400,93,Provence-Alpes-Côte d'Azur,93,Provence-Alpes-Côte d'Azur
AERIEN,BOUTRL61ZPELA,225kV,OLLIERES,PELADE,400,93,Provence-Alpes-Côte d'Azur,93,Provence-Alpes-Côte d'Azur
AERIEN,LAVERL61PONTE,225kV,LAVERA,PONTEAU,400,93,Provence-Alpes-Côte d'Azur,93,Provence-Alpes-Côte d'Azur
AERIEN,MORBRL62SONNE,225kV,MORBRAS,SONNETTES,400,11,Île-de-France,11,Île-de-France
AERIEN,VLEJUL63ZV.OR,225kV,CHEVILLY,ULIS (LES),400,11,Île-de-France,11,Île-de-France
AERIEN,VLEJUL63ZV.OR,225kV,ULIS (LES),VILLEJUST,400,11,Île-de-France,11,Île-de-France
AERIEN,VLEJUL64ZMAS5,225kV,CHEVILLY,MASSY,400,11,Île-de-France,11,Île-de-France
AERIEN,VLEJUL64ZMAS5,225kV,MASSY,VILLEJUST,400,11,Île-de-France,11,Île-de-France
AERIEN,CPVANL61PYMON,225kV,CHAMPVANS,PYMONT,400,27,Bourgogne-Franche-Comté,27,Bourgogne-Franche-Comté
AERIEN,PYMONL61VOUGL,225kV,PYMONT,VOUGLANS,400,27,Bourgogne-Franche-Comté,84,Auvergne-Rhône-Alpes
AERIEN,GATI5L72TABAR,400kV,GATINAIS,TABARDERIE,1500,24,Centre-Val de Loire,24,Centre-Val de Loire
AERIEN,P.ANDL72ZP.AN,400kV,PRAZ ST ANDRE 1,PRAZ ST ANDRE 2,1500,84,Auvergne-Rhône-Alpes,84,Auvergne-Rhône-Alpes
AERIEN,P.ANDL72ZP.AN,400kV,PRAZ ST ANDRE 2,VILLARODIN,1500,84,Auvergne-Rhône-Alpes,84,Auvergne-Rhône-Alpes
AERIEN,EGUZOL61MTLUC,225kV,EGUZON,MONTLUCON,400,24,Centre-Val de Loire,84,Auvergne-Rhône-Alpes
AERIEN,AOSTEL61ZGREN,225kV,AOSTE,GRENAY,400,84,Auvergne-Rhône-Alpes,84,Auvergne-Rhône-Alpes
AERIEN,AOSTEL61ZGREN,225kV,GRENAY,MIONS,400,84,Auvergne-Rhône-Alpes,84,Auvergne-Rhône-Alpes
AERIEN,P.GASL73TERRI,400kV,PLESSIS-GASSOT,TERRIER,1500,11,Île-de-France,11,Île-de-France
AERIEN,BUSSUL61MAMBE,225kV,BUSSUREL,MAMBELIN,400,27,Bourgogne-Franche-Comté,27,Bourgogne-Franche-Comté
AERIEN,MAMBEL61PUSY,225kV,MAMBELIN,PUSY,400,27,Bourgogne-Franche-Comté,27,Bourgogne-Franche-Comté
AERIEN,BOLL5L61TRI.P,225kV,BOLLENE,TRICASTIN-POSTE (LE),400,93,Provence-Alpes-Côte d'Azur,84,Auvergne-Rhône-Alpes
AERIEN,.AUBAL61MOULA,225kV,AUBANGE,MOULAINE,400,0,Étranger,44,Grand Est
AERIEN,MOUISL61P.ORG,225kV,MOUISSONNES,PLAN-D ORGON,400,93,Provence-Alpes-Côte d'Azur,93,Provence-Alpes-Côte d'Azur
AERIEN,QUINTL61ZQUI5,225kV,ARNAGE,CLAIRE-FONTAINE,400,52,Pays de la Loire,52,Pays de la Loire
AERIEN,QUINTL61ZQUI5,225kV,CLAIRE-FONTAINE,QUINTES (LES),400,52,Pays de la Loire,52,Pays de la Loire
AERIEN,QUINTL61ZAMIG,225kV,CLAIRE-FONTAINE,COMMERVEIL,400,52,Pays de la Loire,52,Pays de la Loire
AERIEN,QUINTL61ZAMIG,225kV,COMMERVEIL,QUINTES (LES),400,52,Pays de la Loire,52,Pays de la Loire
AERIEN,QUINTL61ZQUI5,225kV,ARNAGE,CLAIRE-FONTAINE,400,52,Pays de la Loire,52,Pays de la Loire
AERIEN,QUINTL61ZQUI5,225kV,CLAIRE-FONTAINE,QUINTES (LES),400,52,Pays de la Loire,52,Pays de la Loire
AERIEN,BOLL5L61TERRA,225kV,BOLLENE,TERRADOU,400,93,Provence-Alpes-Côte d'Azur,93,Provence-Alpes-Côte d'Azur
AERIEN,P.GASL62ZBRIC,225kV,PLESSIS-GASSOT,SEINE,400,11,Île-de-France,11,Île-de-France
AERIEN,P.GASL62ZBRIC,225kV,SEINE,BRICHE (LA),400,11,Île-de-France,11,Île-de-France
AERIEN,P.GASL74VLEVA,400kV,PLESSIS-GASSOT,VILLEVAUDE,1500,11,Île-de-France,11,Île-de-France
AERIEN,COR.PL61ZBAST,225kV,BRAINS,CHEVIRE,400,52,Pays de la Loire,52,Pays de la Loire
AERIEN,COR.PL61ZBAST,225kV,CHEVIRE,CORDEMAIS-POSTE,400,52,Pays de la Loire,52,Pays de la Loire
AERIEN,LANDRL61MTOIS,225kV,LANDRES,MONTOIS,400,44,Grand Est,44,Grand Est
AERIEN,Q.SEIL61TAMAR,225kV,QUATRE SEIGNEURS,TAMAREAU,400,76,Occitanie,76,Occitanie
AERIEN,PRIMEL61SAUS5,225kV,PRIMEVERES,SAUSSET,400,93,Provence-Alpes-Côte d'Azur,93,Provence-Alpes-Côte d'Azur
AERIEN,MAZURL72REVI5,400kV,MAZURES,REVIN,1500,44,Grand Est,44,Grand Est
AERIEN,DOBERL61RAN.P,225kV,DOBERIE,RANCE-POSTE,400,53,Bretagne,28,Normandie
AERIEN,CHEV5L61VERTO,225kV,CHEVIRE,VERTOU,400,52,Pays de la Loire,52,Pays de la Loire
AERIEN,CHEV5L61ZDOUL,225kV,CHEVIRE,DOULON,400,52,Pays de la Loire,52,Pays de la Loire
AERIEN,CHEV5L61ZDOUL,225kV,DOULON,ST-JOSEPH,400,52,Pays de la Loire,52,Pays de la Loire
AERIEN,CXSSEL61REVIG,225kV,CHAUSSEE (LA),REVIGNY,400,44,Grand Est,44,Grand Est
AERIEN,DAMBRL71YVE.O,400kV,DAMBRON,YVELINES-OUEST,1500,24,Centre-Val de Loire,11,Île-de-France
AERIEN,GONESL61P.GAS,225kV,GONESSE,PLESSIS-GASSOT,400,11,Île-de-France,11,Île-de-France
AERIEN,PRELEL61SEREI,225kV,PRELES (LES),SEREIN,400,27,Bourgogne-Franche-Comté,27,Bourgogne-Franche-Comté
AERIEN,BOCTOL72M.SEI,400kV,BOCTOIS,MERY-SUR-SEINE,1500,44,Grand Est,44,Grand Est
AERIEN,B.EPIL62RENNE,225kV,BELLE-EPINE,RENNES,400,53,Bretagne,53,Bretagne
AERIEN,EGUZOL71PLAUD,400kV,EGUZON,PLAUD,1500,24,Centre-Val de Loire,75,Nouvelle-Aquitaine
AERIEN,GRAV5L76WARAN,400kV,GRAVELINES (CENTRALE),WARANDE,1500,32,Hauts-de-France,32,Hauts-de-France
AERIEN,HOLQUL61LONG9,225kV,HOLQUE,LONGUENESSE,400,32,Hauts-de-France,32,Hauts-de-France
AERIEN,CAZARL72MARSI,400kV,CAZARIL,MARSILLON,1500,76,Occitanie,75,Nouvelle-Aquitaine
AERIEN,ESTR6L61MAUBE,225kV,ESTREUX,MAUBEUGE,400,32,Hauts-de-France,32,Hauts-de-France
AERIEN,BXTO5L61LATEN,225kV,BEAUTOR(POSTE),LATENA,400,32,Hauts-de-France,32,Hauts-de-France
AERIEN,CPNIEL61SABL5,225kV,CHAMPAGNIER,SABLES (LES),400,84,Auvergne-Rhône-Alpes,84,Auvergne-Rhône-Alpes
AERIEN,LUTTEL62SIERE,225kV,LUTTERBACH,SIERENTZ,400,44,Grand Est,44,Grand Est
AERIEN,OUDONL71TAUTE,400kV,OUDON,TAUTE,1500,52,Pays de la Loire,28,Normandie
AERIEN,OUDONL72TAUTE,400kV,OUDON,TAUTE,1500,52,Pays de la Loire,28,Normandie
AERIEN,CHESNL71CIROL,400kV,CHESNOY (LE),CIROLLIERS,1500,24,Centre-Val de Loire,11,Île-de-France
AERIEN,CHESNL72CIROL,400kV,CHESNOY (LE),CIROLLIERS,1500,24,Centre-Val de Loire,11,Île-de-France
AERIEN,.ACHEL71LONNY,400kV,ACHENE,LONNY,1500,0,Étranger,44,Grand Est
AERIEN,CHOO2L72LONNY,400kV,CHOOZ B,LONNY,1500,44,Grand Est,44,Grand Est
AERIEN,ANOULL61ETIVA,225kV,ANOULD,ETIVAL,400,44,Grand Est,44,Grand Est
AERIEN,ARRIGL61CHEVI,225kV,ARRIGHI,CHEVILLY,400,94,Corse,11,Île-de-France
AERIEN,MARCKL61VOGEL,225kV,MARCKOLSHEIM,VOGELGRUN,400,44,Grand Est,44,Grand Est
AERIEN,MARCKL62VOGEL,225kV,MARCKOLSHEIM,VOGELGRUN,400,44,Grand Est,44,Grand Est
AERIEN,FONT L61RIORG,225kV,FONT (LA),RIORGES,400,84,Auvergne-Rhône-Alpes,84,Auvergne-Rhône-Alpes
AERIEN,GAUDIL72TAMAR,400kV,LA GAUDIERE,TAMAREAU,1500,93,Provence-Alpes-Côte d'Azur,76,Occitanie
AERIEN,HAVR5L73ROUGE,400kV,HAVRE (LE) (POSTE),ROUGEMONTIER,1500,28,Normandie,28,Normandie
AERIEN,BXLIEL61SIRMI,225kV,BEAULIEU,SIRMIERE,400,75,Nouvelle-Aquitaine,75,Nouvelle-Aquitaine
AERIEN,BXLIEL41MARA7,225kV,BEAULIEU,MARANS,400,75,Nouvelle-Aquitaine,75,Nouvelle-Aquitaine
AERIEN,GRANZL61NIORT,225kV,GRANZAY,NIORT,400,75,Nouvelle-Aquitaine,75,Nouvelle-Aquitaine
AERIEN,CHEVAL72WARAN,400kV,CHEVALET,WARANDE,1500,32,Hauts-de-France,32,Hauts-de-France
AERIEN,CHEVAL71WARAN,400kV,CHEVALET,WARANDE,1500,32,Hauts-de-France,32,Hauts-de-France
AERIEN,CHEVAL72WARAN,400kV,CHEVALET,WARANDE,1500,32,Hauts-de-France,32,Hauts-de-France
AERIEN,H.VINL61WATTR,225kV,HAUT-VINAGE,WATTRELOS,400,32,Hauts-de-France,32,Hauts-de-France
AERIEN,BOLL5L62CROI6,225kV,BOLLENE,CROISIERE,400,93,Provence-Alpes-Côte d'Azur,93,Provence-Alpes-Côte d'Azur
AERIEN,JONQUL62SSCES,225kV,JONQUIERES,ST-CESAIRE,400,76,Occitanie,75,Nouvelle-Aquitaine
AERIEN,STENAL61ZR.MA,225kV,LANDRES,STENAY,400,44,Grand Est,44,Grand Est
AERIEN,STENAL61ZR.MA,225kV,STENAY,JAMETZ,400,44,Grand Est,44,Grand Est
AERIEN,CORNIL61PRESS,225kV,CORNIER,PRESSY,400,84,Auvergne-Rhône-Alpes,84,Auvergne-Rhône-Alpes
AERIEN,VLEVAL61ZORS6,225kV,MORBRAS,ORSONVILLE,400,11,Île-de-France,11,Île-de-France
AERIEN,VLEVAL61ZORS6,225kV,ORSONVILLE,VILLEVAUDE,400,11,Île-de-France,11,Île-de-France
AERIEN,CARRIL61TERRI,225kV,CARRIERES,TERRIER,400,11,Île-de-France,11,Île-de-France
AERIEN,BAYETL71GAUGL,400kV,BAYET,GAUGLIN,1500,84,Auvergne-Rhône-Alpes,84,Auvergne-Rhône-Alpes
AERIEN,BAYETL72SSELO,400kV,BAYET,ST-ELOI,1500,84,Auvergne-Rhône-Alpes,84,Auvergne-Rhône-Alpes
AERIEN,CAEN L61DRONN,225kV,CAEN,DRONNIERE (LA),400,28,Normandie,28,Normandie
AERIEN,CALA5L71COR.P,400kV,CALAN,CORDEMAIS-POSTE,1500,53,Bretagne,52,Pays de la Loire
AERIEN,COR.PL72MARTY,400kV,CORDEMAIS-POSTE,MARTYRE (LA),1500,52,Pays de la Loire,53,Bretagne
AERIEN,BRENNL61ZCORO,225kV,BRENNILIS,PLAINE HAUTE,400,53,Bretagne,53,Bretagne
AERIEN,BRENNL61ZCORO,225kV,PLAINE HAUTE,ROSPEZ,400,53,Bretagne,53,Bretagne
AERIEN,BREUIL61ZSSG7,225kV,BREUIL (LE),GATELLIER,400,84,Auvergne-Rhône-Alpes,84,Auvergne-Rhône-Alpes
AERIEN,BREUIL61ZSSG7,225kV,GATELLIER,GODIN,400,84,Auvergne-Rhône-Alpes,76,Occitanie
AERIEN,MARTYL61SQUIV,225kV,MARTYRE (LA),SQUIVIDAN,400,53,Bretagne,53,Bretagne
AERIEN,SQUIVL62ZTREF,225kV,DIRINON,MARTYRE (LA),400,53,Bretagne,53,Bretagne
AERIEN,SQUIVL62ZTREF,225kV,MARTYRE (LA),SQUIVIDAN,400,53,Bretagne,53,Bretagne
AERIEN,BATZEL61MARL6,225kV,BATZENDORF,MARLENHEIM,400,44,Grand Est,44,Grand Est
AERIEN,DETTWL31TRUCH,225kV,DETTWILLER,TRUCHTERSHEIM,400,44,Grand Est,44,Grand Est
AERIEN,AVELIL61VENDI,225kV,AVELIN,VENDIN,400,32,Hauts-de-France,32,Hauts-de-France
AERIEN,ARMENL61WEPPE,225kV,ARMENTIERES,WEPPES,400,32,Hauts-de-France,32,Hauts-de-France
AERIEN,ARMENL62WEPPE,225kV,ARMENTIERES,WEPPES,400,32,Hauts-de-France,32,Hauts-de-France
AERIEN,ROMAIL61VLEVA,225kV,ROMAINVILLE,VILLEVAUDE,400,11,Île-de-France,11,Île-de-France
AERIEN,VLEVAL62ZAVR5,225kV,PLAISANCE,VILLEVAUDE,400,11,Île-de-France,11,Île-de-France
AERIEN,VLEVAL62ZAVR5,225kV,VILLEVAUDE,AVRON,400,11,Île-de-France,11,Île-de-France
AERIEN,SERRIL61SSV.E,225kV,SERRIERES,ST-VULBAS-EST,400,84,Auvergne-Rhône-Alpes,84,Auvergne-Rhône-Alpes
AERIEN,CARRIL61MORU,225kV,CARRIERES,MORU,400,11,Île-de-France,11,Île-de-France
AERIEN,MORU L31SSMAX,225kV,MORU,STE-MAXENCE,400,11,Île-de-France,32,Hauts-de-France
AERIEN,P.JERL61RATIE,225kV,PORT-JEROME,RATIER,400,28,Normandie,28,Normandie
AERIEN,P.SEPL61RATIE,225kV,PONT-SEPT,RATIER,400,28,Normandie,28,Normandie
AERIEN,TAVELL74TRI.P,400kV,TAVEL,TRICASTIN-POSTE (LE),1500,76,Occitanie,84,Auvergne-Rhône-Alpes
AERIEN,SSAU5L61VLERA,225kV,ST-AUBIN,VILLERAS,400,11,Île-de-France,11,Île-de-France
AERIEN,MASTAL61PERIZ,225kV,MASTAING,PERIZET (LE),400,32,Hauts-de-France,32,Hauts-de-France
AERIEN,P.GASL62ZV.BE,225kV,FALLOU,PLESSIS-GASSOT,400,11,Île-de-France,11,Île-de-France
AERIEN,P.GASL62ZV.BE,225kV,PLESSIS-GASSOT,VILLIERS-LE-BEL,400,11,Île-de-France,11,Île-de-France
AERIEN,ELANCL61SSAU5,225kV,ELANCOURT,ST-AUBIN,400,11,Île-de-France,11,Île-de-France
AERIEN,SSAU5L61ZMTJA,225kV,ST-AUBIN,MONTJAY,400,11,Île-de-France,11,Île-de-France
AERIEN,SSAU5L61ZMTJA,225kV,MONTJAY,VILLEJUST,400,11,Île-de-France,11,Île-de-France
AERIEN,JONQUL71TAVEL,400kV,JONQUIERES,TAVEL,1500,76,Occitanie,76,Occitanie
AERIEN,B.EPIL61DOMLO,225kV,BELLE-EPINE,DOMLOUP,400,53,Bretagne,53,Bretagne
AERIEN,ALBERL61UGINE,225kV,ALBERTVILLE,UGINE (UGINE SAVOIE A UGINE)1,400,84,Auvergne-Rhône-Alpes,84,Auvergne-Rhône-Alpes
AERIEN,BAYETL72RULHA,400kV,BAYET,RULHAT,1500,84,Auvergne-Rhône-Alpes,84,Auvergne-Rhône-Alpes
AERIEN,BZGUIL61MAMBE,225kV,BOURGUIGNON,MAMBELIN,400,27,Bourgogne-Franche-Comté,27,Bourgogne-Franche-Comté
AERIEN,LANG6L61MORBR,225kV,LANGLOIS,MORBRAS,400,11,Île-de-France,11,Île-de-France
AERIEN,AQUEDL62CHENE,225kV,AQUEDUCS (LES),CHENET,400,11,Île-de-France,11,Île-de-France
AERIEN,ARGOEL71FRUGE,400kV,ARGOEUVES,FRUGES,1500,32,Hauts-de-France,32,Hauts-de-France
AERIEN,RUEYRL61ZCOUE,225kV,GOLINHAC,RUEYRES,400,76,Occitanie,76,Occitanie
AERIEN,RUEYRL61ZCOUE,225kV,RUEYRES,COUESQUE,400,76,Occitanie,76,Occitanie
AERIEN,RUEYRL61ZCOUE,225kV,COUESQUE,LARDIT,400,76,Occitanie,76,Occitanie
AERIEN,CREC6L62WEPPE,225kV,CRECHETS (LES),WEPPES,400,32,Hauts-de-France,32,Hauts-de-France
AERIEN,VLEVAL62ZGAL5,225kV,GALERES,PLAISANCE,400,11,Île-de-France,11,Île-de-France
AERIEN,VLEVAL62ZGAL5,225kV,PLAISANCE,VILLEVAUDE,400,11,Île-de-France,11,Île-de-France
AERIEN,VLEVAL64ZGALE,225kV,GALERES,ROMAINVILLE,400,11,Île-de-France,11,Île-de-France
AERIEN,VLEVAL64ZGALE,225kV,ROMAINVILLE,VILLEVAUDE,400,11,Île-de-France,11,Île-de-France
AERIEN,FALLOL61TILLI,225kV,FALLOU,TILLIERS,400,11,Île-de-France,11,Île-de-France
AERIEN,GAMPAL61MIONS,225kV,GAMPALOUP,MIONS,400,84,Auvergne-Rhône-Alpes,84,Auvergne-Rhône-Alpes
AERIEN,DOMLOL61MORIH,225kV,DOMLOUP,MORIHAN,400,53,Bretagne,53,Bretagne
AERIEN,.HERNL71ARGIA,400kV,ARGIA,HERNANI,1500,75,Nouvelle-Aquitaine,0,Étranger
AERIEN,CHAV6L61GEN.P,225kV,CHAVANOD,GENISSIAT-POSTE,400,84,Auvergne-Rhône-Alpes,84,Auvergne-Rhône-Alpes
AERIEN,SEYSSL31ZSEYS,225kV,ARLOD,GENISSIAT(PORTIQUE),400,84,Auvergne-Rhône-Alpes,84,Auvergne-Rhône-Alpes
AERIEN,SEYSSL31ZSEYS,225kV,GENISSIAT(PORTIQUE),SEYSSEL,400,84,Auvergne-Rhône-Alpes,84,Auvergne-Rhône-Alpes
AERIEN,CHENEL61SENAR,225kV,CHENET,SENART,400,11,Île-de-France,11,Île-de-France
AERIEN,LEGUEL61LESQU,225kV,LEGUEVIN,LESQUIVE,400,76,Occitanie,76,Occitanie
AERIEN,LESQUL62VERLH,225kV,LESQUIVE,VERLHAGUET,400,76,Occitanie,76,Occitanie
AERIEN,CAPELL61P.SAM,225kV,CAPELLE (LA),PONT-SUR-SAMBRE,400,32,Hauts-de-France,32,Hauts-de-France
AERIEN,MAZURL73REVI5,400kV,MAZURES,REVIN,1500,44,Grand Est,44,Grand Est
AERIEN,MAZURL74REVI5,400kV,MAZURES,REVIN,1500,44,Grand Est,44,Grand Est
AERIEN,VERTEL61WEPPE,225kV,VERTEFEUILLE,WEPPES,400,32,Hauts-de-France,32,Hauts-de-France
AERIEN,CROIXL61WEPPE,225kV,CROIX (LA),WEPPES,400,32,Hauts-de-France,32,Hauts-de-France
AERIEN,P.ROUL61PLUVI,225kV,PLUVIGNER,POTEAU-ROUGE,400,53,Bretagne,53,Bretagne
AERIEN,TERR6L71TOURB,400kV,TERRETTE,TOURBE,1500,28,Normandie,28,Normandie
AERIEN,MTPELL61TAMAR,225kV,MONTPELLIER,TAMAREAU,400,76,Occitanie,76,Occitanie
AERIEN,MTPELL63TAMAR,225kV,MONTPELLIER,TAMAREAU,400,76,Occitanie,76,Occitanie
AERIEN,CORNIL62GEN.P,225kV,CORNIER,GENISSIAT-POSTE,400,84,Auvergne-Rhône-Alpes,84,Auvergne-Rhône-Alpes
AERIEN,DAMBRL72VLEJU,400kV,DAMBRON,VILLEJUST,1500,24,Centre-Val de Loire,11,Île-de-France
AERIEN,SSEA2L71VERGE,400kV,ST-LAURENT-DES-EAUX B,VERGER,1500,53,Bretagne,53,Bretagne
AERIEN,SSEA2L72VERGE,400kV,ST-LAURENT-DES-EAUX B,VERGER,1500,53,Bretagne,53,Bretagne
AERIEN,BEC5 L62MQIS,225kV,BEC,MARQUIS (LE),400,75,Nouvelle-Aquitaine,75,Nouvelle-Aquitaine
AERIEN,B.MONL61VALE8,225kV,BEAUMONT-MONTEUX,VALENCE,400,84,Auvergne-Rhône-Alpes,84,Auvergne-Rhône-Alpes
AERIEN,CHASTL61ZDONZ,225kV,BREUIL,CHASTANG 1,400,84,Auvergne-Rhône-Alpes,75,Nouvelle-Aquitaine
AERIEN,CHASTL61ZDONZ,225kV,CHASTANG 1,DONZENAC,400,75,Nouvelle-Aquitaine,75,Nouvelle-Aquitaine
AERIEN,COULAL71CRUA5,400kV,COULANGE,CRUAS (-MEYSSE),1500,84,Auvergne-Rhône-Alpes,84,Auvergne-Rhône-Alpes
AERIEN,ALBERL61CHAV6,225kV,ALBERTVILLE,CHAVANOD,400,84,Auvergne-Rhône-Alpes,84,Auvergne-Rhône-Alpes
AERIEN,CHESNL73TABAR,400kV,CHESNOY (LE),TABARDERIE,1500,24,Centre-Val de Loire,24,Centre-Val de Loire
AERIEN,G.CAIL62VALEN,225kV,GROS-CAILLOU,VALENCIENNES,400,11,Île-de-France,32,Hauts-de-France
AERIEN,G.CAIL61HORNA,225kV,GROS-CAILLOU,HORNAING,400,11,Île-de-France,32,Hauts-de-France
AERIEN,MARMAL61PAUDY,225kV,MARMAGNE,PAUDY,400,24,Centre-Val de Loire,24,Centre-Val de Loire
AERIEN,BEZONL61P.ROU,225kV,BEZON,POTEAU-ROUGE,400,52,Pays de la Loire,53,Bretagne
AERIEN,CHARPL71ECHAL,400kV,CHARPENAY,ECHALAS,1500,84,Auvergne-Rhône-Alpes,84,Auvergne-Rhône-Alpes
AERIEN,ECHALL61MADE5,225kV,ECHALAS,MADELEINE (LA)(CREUSOT LOIRE INDUSTRIE A RIVE-DE-GIERS),400,84,Auvergne-Rhône-Alpes,32,Hauts-de-France
AERIEN,LUMESL61STENA,225kV,LUMES,STENAY,400,44,Grand Est,44,Grand Est
AERIEN,STENAL61ZR.MA,225kV,LANDRES,STENAY,400,44,Grand Est,44,Grand Est
AERIEN,STENAL61ZR.MA,225kV,STENAY,JAMETZ,400,44,Grand Est,44,Grand Est
AERIEN,H.VINL62HANNA,225kV,HANNART,HAUT-VINAGE,400,32,Hauts-de-France,32,Hauts-de-France
AERIEN,TAVELL61VIRAD,225kV,TAVEL,VIRADEL,400,76,Occitanie,76,Occitanie
AERIEN,VINCEL61ZG.HA,225kV,MUREMONT,SAINTOIS,400,44,Grand Est,44,Grand Est
AERIEN,VINCEL61ZG.HA,225kV,SAINTOIS,VINCEY,400,44,Grand Est,44,Grand Est
AERIEN,VINCEL61ZMAD6,225kV,LA MADELEINE,LANEUVEVILLE,400,32,Hauts-de-France,44,Grand Est
AERIEN,VINCEL61ZMAD6,225kV,LANEUVEVILLE,VINCEY,400,44,Grand Est,44,Grand Est
AERIEN,VINCEL61ZG.HA,225kV,MUREMONT,SAINTOIS,400,44,Grand Est,44,Grand Est
AERIEN,VINCEL61ZG.HA,225kV,SAINTOIS,VINCEY,400,44,Grand Est,44,Grand Est
AERIEN,CHESNL61NEMOU,225kV,CHESNOY (LE),NEMOURS,400,24,Centre-Val de Loire,24,Centre-Val de Loire
AERIEN,VLEVAL61ZAVRO,225kV,PLAISANCE,VILLEVAUDE,400,11,Île-de-France,11,Île-de-France
AERIEN,VLEVAL61ZAVRO,225kV,VILLEVAUDE,AVRON,400,11,Île-de-France,11,Île-de-France
AERIEN,DECHYL61GAVRE,225kV,DECHY,GAVRELLE,400,32,Hauts-de-France,32,Hauts-de-France
AERIEN,GAVREL62VENDI,225kV,GAVRELLE,VENDIN,400,32,Hauts-de-France,32,Hauts-de-France
AERIEN,GODINL61ZNEG5,225kV,GODIN,NEGREPELISSE,400,76,Occitanie,76,Occitanie
AERIEN,GODINL61ZNEG5,225kV,NEGREPELISSE,VERLHAGUET,400,76,Occitanie,76,Occitanie
AERIEN,CHAFFL71P.COR,400kV,CHAFFARD (LE),PIVOZ CORDIER,1500,84,Auvergne-Rhône-Alpes,84,Auvergne-Rhône-Alpes
AERIEN,ASTURL61DECHY,225kV,ASTURIES,DECHY,400,32,Hauts-de-France,32,Hauts-de-France
AERIEN,CERGYL73TERRI,400kV,CERGY,TERRIER,1500,11,Île-de-France,11,Île-de-France
AERIEN,E.BOTL61RABAT,225kV,ENCO-DE-BOTTE,RABATAU,400,93,Provence-Alpes-Côte d'Azur,93,Provence-Alpes-Côte d'Azur
AERIEN,CHAFFL72CPNIE,400kV,CHAFFARD (LE),CHAMPAGNIER,1500,84,Auvergne-Rhône-Alpes,84,Auvergne-Rhône-Alpes
AERIEN,CHAFFL72CPNIE,400kV,CHAFFARD (LE),CHAMPAGNIER,1500,84,Auvergne-Rhône-Alpes,84,Auvergne-Rhône-Alpes
AERIEN,DARSEL61FEUIL,225kV,DARSE,FEUILLANE,400,93,Provence-Alpes-Côte d'Azur,93,Provence-Alpes-Côte d'Azur
AERIEN,RASSUL61S.AIR,225kV,RASSUEN,SALON-BEL-AIR,400,93,Provence-Alpes-Côte d'Azur,93,Provence-Alpes-Côte d'Azur
AERIEN,.AVELL71MASTA,400kV,AVELGEM,MASTAING,1500,0,Étranger,32,Hauts-de-France
AERIEN,AVELIL72MASTA,400kV,AVELIN,MASTAING,1500,32,Hauts-de-France,32,Hauts-de-France
AERIEN,MTPELL62TAMAR,225kV,MONTPELLIER,TAMAREAU,400,76,Occitanie,76,Occitanie
AERIEN,M.MA5L61MOULA,225kV,MT-SAINT-MARTIN,MOULAINE,400,44,Grand Est,44,Grand Est
AERIEN,PLAISL61ROMAI,225kV,PLAISANCE,ROMAINVILLE,400,11,Île-de-France,11,Île-de-France
AERIEN,ROMAIL64ZGALE,225kV,GALERES,ROMAINVILLE,400,11,Île-de-France,11,Île-de-France
AERIEN,ROMAIL64ZGALE,225kV,ROMAINVILLE,VILLEVAUDE,400,11,Île-de-France,11,Île-de-France
AERIEN,PLAISL62ROMAI,225kV,PLAISANCE,ROMAINVILLE,400,11,Île-de-France,11,Île-de-France
AERIEN,MAROLL61REVIG,225kV,MAROLLES,REVIGNY,400,44,Grand Est,44,Grand Est
AERIEN,FLEACL61ROUMA,225kV,FLEAC,ROUMAGNOLLE,400,75,Nouvelle-Aquitaine,75,Nouvelle-Aquitaine
AERIEN,TERR6L72TOURB,400kV,TERRETTE,TOURBE,1500,28,Normandie,28,Normandie
AERIEN,VLEJUL61ZROBI,225kV,CHATILLON (CLAMART),ROBINSON,400,11,Île-de-France,11,Île-de-France
AERIEN,VLEJUL61ZROBI,225kV,ROBINSON,VILLEJUST,400,11,Île-de-France,11,Île-de-France
AERIEN,AUBE L61MEZE5,225kV,AUBE,MEZEROLLES,400,44,Grand Est,32,Hauts-de-France
AERIEN,MEZE5L63PORCH,225kV,MEZEROLLES,PORCHEVILLE,400,32,Hauts-de-France,11,Île-de-France
AERIEN,CAZARL62LANNE,225kV,CAZARIL,LANNEMEZAN,400,76,Occitanie,76,Occitanie
AERIEN,CARRIL61ZB.FR,225kV,CARRIERES,PLESSIS-GASSOT,400,11,Île-de-France,11,Île-de-France
AERIEN,CARRIL61ZB.FR,225kV,PLESSIS-GASSOT,BELLOY-EN-FRANCE,400,11,Île-de-France,11,Île-de-France
AERIEN,GOUVIL61P.GAS,225kV,GOUVIEUX,PLESSIS-GASSOT,400,11,Île-de-France,11,Île-de-France
AERIEN,DANTOL61TUILI,225kV,DANTOU,TUILIERES,400,75,Nouvelle-Aquitaine,75,Nouvelle-Aquitaine
AERIEN,CANCOL62DANTO,225kV,CANCON,DANTOU,400,75,Nouvelle-Aquitaine,75,Nouvelle-Aquitaine
AERIEN,DANTOL61TUILI,225kV,DANTOU,TUILIERES,400,75,Nouvelle-Aquitaine,75,Nouvelle-Aquitaine
AERIEN,DISTRL72JUMEA,400kV,DISTRE,JUMEAUX (LES),1500,52,Pays de la Loire,84,Auvergne-Rhône-Alpes
AERIEN,GERSTL61STRAS,225kV,GERSTHEIM,STRASBOURG,400,44,Grand Est,44,Grand Est
AERIEN,GERSTL31STRAS,225kV,GERSTHEIM,STRASBOURG,400,44,Grand Est,44,Grand Est
AERIEN,ALBERL62ZRAN6,225kV,ALBERTVILLE,LONGEFAN,400,84,Auvergne-Rhône-Alpes,84,Auvergne-Rhône-Alpes
AERIEN,ALBERL62ZRAN6,225kV,LONGEFAN,RANDENS,400,84,Auvergne-Rhône-Alpes,84,Auvergne-Rhône-Alpes
AERIEN,CHAN5L72LARCA,400kV,CHANCEAUX,LARCAY,1500,24,Centre-Val de Loire,24,Centre-Val de Loire
AERIEN,CHESNL63CZTRY,225kV,CHESNOY (LE),COURTRY,400,24,Centre-Val de Loire,11,Île-de-France
AERIEN,DRONNL62TOURB,225kV,DRONNIERE (LA),TOURBE,400,28,Normandie,28,Normandie
AERIEN,C.MERL61MOUGI,225kV,CAGNES-SUR-MER,MOUGINS,400,93,Provence-Alpes-Côte d'Azur,93,Provence-Alpes-Côte d'Azur
AERIEN,ELANCL61MEZE5,225kV,ELANCOURT,MEZEROLLES,400,11,Île-de-France,32,Hauts-de-France
AERIEN,RIVIEL61SANSS,225kV,RIVIERE (LA),SANSSAC (L EGLISE),400,75,Nouvelle-Aquitaine,84,Auvergne-Rhône-Alpes
AERIEN,RIVIEL61TREVA,225kV,RIVIERE (LA),TREVAS,400,75,Nouvelle-Aquitaine,75,Nouvelle-Aquitaine
AERIEN,G.CAIL62VALEN,225kV,GROS-CAILLOU,VALENCIENNES,400,11,Île-de-France,32,Hauts-de-France
AERIEN,BONN6L61VALDI,225kV,BONNEAU,VALDIVIENNE,400,75,Nouvelle-Aquitaine,75,Nouvelle-Aquitaine
AERIEN,BARNAL72REMIS,400kV,BARNABOS,REMISE,1500,28,Normandie,28,Normandie
AERIEN,BARNAL71REMIS,400kV,BARNABOS,REMISE,1500,28,Normandie,28,Normandie
AERIEN,BARNAL72REMIS,400kV,BARNABOS,REMISE,1500,28,Normandie,28,Normandie
AERIEN,WARANL61ZDUV5,225kV,BRODE,DUVIGNEAU,400,32,Hauts-de-France,32,Hauts-de-France
AERIEN,WARANL61ZDUV5,225kV,DUVIGNEAU,WARANDE,400,32,Hauts-de-France,32,Hauts-de-France
AERIEN,CAIL5L61RABAT,225kV,CAILLOLS,RABATAU,400,93,Provence-Alpes-Côte d'Azur,93,Provence-Alpes-Côte d'Azur
AERIEN,BRUGEL61ZPARR,225kV,BRUGES,GARIES,400,75,Nouvelle-Aquitaine,76,Occitanie
AERIEN,BRUGEL61ZPARR,225kV,GARIES,PESSAC,400,76,Occitanie,75,Nouvelle-Aquitaine
AERIEN,CHAFFL74SSV.O,400kV,CHAFFARD,ST-VULBAS-OUEST,1500,84,Auvergne-Rhône-Alpes,84,Auvergne-Rhône-Alpes
AERIEN,ELANCL61ZMTJ5,225kV,ELANCOURT,VILLEJUST,400,11,Île-de-France,11,Île-de-France
AERIEN,ELANCL61ZMTJ5,225kV,VILLEJUST,MONTJAY,400,11,Île-de-France,11,Île-de-France
AERIEN,VAIREL62VLEVA,225kV,VAIRES,VILLEVAUDE,400,11,Île-de-France,11,Île-de-France
AERIEN,BOLL5L62TRI.P,225kV,BOLLENE,TRICASTIN-POSTE (LE),400,93,Provence-Alpes-Côte d'Azur,84,Auvergne-Rhône-Alpes
AERIEN,BOSCHL61ROUGE,225kV,BOSCHERVILLE,ROUGEMONTIER,400,28,Normandie,28,Normandie
AERIEN,CPNIEL71VAUJA,400kV,CHAMPAGNIER,VAUJANY,1500,84,Auvergne-Rhône-Alpes,84,Auvergne-Rhône-Alpes
AERIEN,CREYSL72G.ILE,400kV,CREYS,GRANDE-ILE,1500,84,Auvergne-Rhône-Alpes,84,Auvergne-Rhône-Alpes
AERIEN,CHAFFL72MIONS,400kV,CHAFFARD (LE),MIONS,1500,84,Auvergne-Rhône-Alpes,84,Auvergne-Rhône-Alpes
AERIEN,BISC6L61JONQU,225kV,BISCARRAT,JONQUIERES,400,76,Occitanie,76,Occitanie
AERIEN,BALARL61FLORE,225kV,BALARUC,FLORENSAC,400,76,Occitanie,76,Occitanie
AERIEN,CATTEL74VIGY,400kV,CATTENOM,VIGY,1500,44,Grand Est,44,Grand Est
AERIEN,GRENAL61MIONS,225kV,GRENAY,MIONS,400,84,Auvergne-Rhône-Alpes,84,Auvergne-Rhône-Alpes
AERIEN,CHAFFL72SSV.O,400kV,CHAFFARD (LE),ST-VULBAS-OUEST,1500,84,Auvergne-Rhône-Alpes,84,Auvergne-Rhône-Alpes
AERIEN,BEZAUL61VANDI,225kV,BEZAUMONT,VANDIERES,400,44,Grand Est,44,Grand Est
AERIEN,ROLAML61ZRIGO,225kV,PUSY,RIGOTTE (LA),400,27,Bourgogne-Franche-Comté,44,Grand Est
AERIEN,ROLAML61ZRIGO,225kV,RIGOTTE (LA),ROLAMPONT,400,44,Grand Est,44,Grand Est
AERIEN,ASTONL61LAPAR,225kV,ASTON,LAPARAN,400,76,Occitanie,94,Corse
AERIEN,CHOO2L71LONNY,400kV,CHOOZ B,LONNY,1500,44,Grand Est,44,Grand Est
AERIEN,CHOO5L62MAZUR,400kV,CHOOZ,MAZURES,1500,44,Grand Est,44,Grand Est
AERIEN,CHOO2L72LONNY,400kV,CHOOZ B,LONNY,1500,44,Grand Est,44,Grand Est
AERIEN,CHOO5L61MAZUR,400kV,CHOOZ,MAZURES,1500,44,Grand Est,44,Grand Est
AERIEN,CHAFFL71COULA,400kV,CHAFFARD (LE),COULANGE,1500,84,Auvergne-Rhône-Alpes,84,Auvergne-Rhône-Alpes
AERIEN,B.MONL72COULA,400kV,BEAUMONT-MONTEUX,COULANGE,1500,84,Auvergne-Rhône-Alpes,84,Auvergne-Rhône-Alpes
AERIEN,PESSAL61SAUCA,225kV,PESSAC,SAUCATS,400,75,Nouvelle-Aquitaine,75,Nouvelle-Aquitaine
AERIEN,PESSAL62SAUCA,225kV,PESSAC,SAUCATS,400,75,Nouvelle-Aquitaine,75,Nouvelle-Aquitaine
AERIEN,CAPELL71LONNY,400kV,CAPELLE (LA),LONNY,1500,32,Hauts-de-France,44,Grand Est
AERIEN,COUESL61ZCOUE,225kV,GOLINHAC,RUEYRES,400,76,Occitanie,76,Occitanie
AERIEN,COUESL61ZCOUE,225kV,RUEYRES,COUESQUE,400,76,Occitanie,76,Occitanie
AERIEN,COUESL61ZCOUE,225kV,COUESQUE,LARDIT,400,76,Occitanie,76,Occitanie
AERIEN,MOLIEL71OUDON,400kV,MOLIERE,OUDON,1500,52,Pays de la Loire,52,Pays de la Loire
AERIEN,OUDONL71QUINT,400kV,OUDON,QUINTES (LES),1500,52,Pays de la Loire,52,Pays de la Loire
AERIEN,MEZE5L71YVE.O,400kV,MEZEROLLES,YVELINES-OUEST,1500,32,Hauts-de-France,11,Île-de-France
AERIEN,MEZE5L72VLEJU,400kV,MEZEROLLES,VILLEJUST,1500,32,Hauts-de-France,11,Île-de-France
AERIEN,AVIGNL61CTAUR,225kV,AVIGNON (POSTE),CHATEAURENARD,400,93,Provence-Alpes-Côte d'Azur,93,Provence-Alpes-Côte d'Azur
AERIEN,CTAURL61ZVILA,225kV,CHATEAURENARD,MONTAGNETTE (LA),400,93,Provence-Alpes-Côte d'Azur,93,Provence-Alpes-Côte d'Azur
AERIEN,CTAURL61ZVILA,225kV,MONTAGNETTE (LA),ROQUEROUSSE,400,93,Provence-Alpes-Côte d'Azur,93,Provence-Alpes-Côte d'Azur
AERIEN,.ROMAL71B.TOL,400kV,BOIS-TOLLOT,ROMANEL,1500,84,Auvergne-Rhône-Alpes,0,Étranger
AERIEN,B.MONL61G.CO6,225kV,BEAUMONT-MONTEUX,GRAND-COURBIS,400,84,Auvergne-Rhône-Alpes,84,Auvergne-Rhône-Alpes
AERIEN,CBAUDL61G.CO6,225kV,CHAMBAUD,GRAND-COURBIS,400,84,Auvergne-Rhône-Alpes,84,Auvergne-Rhône-Alpes
AERIEN,FEUILL61PONTE,225kV,FEUILLANE,PONTEAU,400,93,Provence-Alpes-Côte d'Azur,93,Provence-Alpes-Côte d'Azur
AERIEN,LAVERL61PONTE,225kV,LAVERA,PONTEAU,400,93,Provence-Alpes-Côte d'Azur,93,Provence-Alpes-Côte d'Azur
AERIEN,FEUILL62PONTE,225kV,FEUILLANE,PONTEAU,400,93,Provence-Alpes-Côte d'Azur,93,Provence-Alpes-Côte d'Azur
AERIEN,MTAHUL61ZGARR,225kV,COUFFRAU,MONTAHUT,400,76,Occitanie,76,Occitanie
AERIEN,MTAHUL61ZGARR,225kV,MONTAHUT,GARRIGOU,400,76,Occitanie,76,Occitanie
AERIEN,SSJULL63VIGY,225kV,ST-JULIEN,VIGY,400,27,Bourgogne-Franche-Comté,44,Grand Est
AERIEN,PALUNL61SEPTE,225kV,PALUN (LA),SEPTEMES,400,93,Provence-Alpes-Côte d'Azur,93,Provence-Alpes-Côte d'Azur
AERIEN,EGUZOL61T.NO6,225kV,EGUZON,TERRES-NOIRES(RFF A VILLEFRANCHE SUR CHER ),400,24,Centre-Val de Loire,84,Auvergne-Rhône-Alpes
AERIEN,AVALLL61J.VIL,225kV,AVALLON,JOUX-LA-VILLE,400,27,Bourgogne-Franche-Comté,27,Bourgogne-Franche-Comté
AERIEN,CHEVAL72GAVRE,400kV,CHEVALET,GAVRELLE,1500,32,Hauts-de-France,32,Hauts-de-France
AERIEN,BRUGEL61ZPARR,225kV,BRUGES,GARIES,400,75,Nouvelle-Aquitaine,76,Occitanie
AERIEN,BRUGEL61ZPARR,225kV,GARIES,PESSAC,400,76,Occitanie,75,Nouvelle-Aquitaine
AERIEN,MERIGL31PESSA,225kV,MERIGNAC,PESSAC,400,75,Nouvelle-Aquitaine,75,Nouvelle-Aquitaine
AERIEN,GRANDL61ZLANA,225kV,RUEYRES,GRANDVAL,400,76,Occitanie,84,Auvergne-Rhône-Alpes
AERIEN,GRANDL61ZLANA,225kV,GRANDVAL,LANAU,400,84,Auvergne-Rhône-Alpes,84,Auvergne-Rhône-Alpes
AERIEN,G.CAIL61MASTA,225kV,GROS-CAILLOU,MASTAING,400,11,Île-de-France,32,Hauts-de-France
AERIEN,P.VILL61ZP.V5,225kV,CRENEY,PONT-LA-VILLE,400,44,Grand Est,44,Grand Est
AERIEN,P.VILL61ZP.V5,225kV,PONT-LA-VILLE,ROLAMPONT,400,44,Grand Est,44,Grand Est
AERIEN,CUBNEL61MTGUY,225kV,CUBNEZAIS,MONTGUYON,400,75,Nouvelle-Aquitaine,75,Nouvelle-Aquitaine
AERIEN,FLEACL61MTGUY,225kV,FLEAC,MONTGUYON,400,75,Nouvelle-Aquitaine,75,Nouvelle-Aquitaine
AERIEN,CPVANL61ZMAGN,225kV,CHAMPS-REGNAUD,CHAMPVANS,400,27,Bourgogne-Franche-Comté,27,Bourgogne-Franche-Comté
AERIEN,CPVANL61ZMAGN,225kV,CHAMPVANS,MAGNY(-SUR-TILLE),400,27,Bourgogne-Franche-Comté,24,Centre-Val de Loire
AERIEN,MASSYL62VLEJU,225kV,MASSY,VILLEJUST,400,11,Île-de-France,11,Île-de-France
AERIEN,FARRAL61GRANZ,225kV,FARRADIERE (LA),GRANZAY,400,75,Nouvelle-Aquitaine,75,Nouvelle-Aquitaine
AERIEN,GRANZL61ZGRA6,225kV,BEAULIEU,ROUMAGNOLLE,400,75,Nouvelle-Aquitaine,75,Nouvelle-Aquitaine
AERIEN,GRANZL61ZGRA6,225kV,ROUMAGNOLLE,GRANZAY,400,75,Nouvelle-Aquitaine,75,Nouvelle-Aquitaine
AERIEN,AYVELL61LUMES,225kV,AYVELLES (LES),LUMES,400,44,Grand Est,44,Grand Est
AERIEN,LUMESL61MOHON,225kV,LUMES,MOHON,400,44,Grand Est,53,Bretagne
AERIEN,LAVERL61P.BOU,225kV,LAVERA,PORT-DE-BOUC,400,93,Provence-Alpes-Côte d'Azur,93,Provence-Alpes-Côte d'Azur
AERIEN,P.BOUL31RASSU,225kV,PORT-DE-BOUC,RASSUEN,400,93,Provence-Alpes-Côte d'Azur,93,Provence-Alpes-Côte d'Azur
AERIEN,PATISL61V.SEP,225kV,PATIS,VILLERS-SAINT-SEPULCRE,400,28,Normandie,32,Hauts-de-France
AERIEN,BAYETL61SEMIN,225kV,BAYET,SEMINAIRE,400,84,Auvergne-Rhône-Alpes,84,Auvergne-Rhône-Alpes
AERIEN,CRESSL31SEMIN,225kV,CRESSANGES,SEMINAIRE,400,84,Auvergne-Rhône-Alpes,84,Auvergne-Rhône-Alpes
AERIEN,BOUTRL61SSTUL,225kV,BOUTRE,STE-TULLE,400,93,Provence-Alpes-Côte d'Azur,93,Provence-Alpes-Côte d'Azur
AERIEN,CHAPOL61REVIG,225kV,CHAPON,REVIGNY,400,44,Grand Est,44,Grand Est
AERIEN,MASQUL61ZBARP,225kV,MASQUET,SAUCATS,400,75,Nouvelle-Aquitaine,75,Nouvelle-Aquitaine
AERIEN,MASQUL61ZBARP,225kV,SAUCATS,LE BARP,400,75,Nouvelle-Aquitaine,75,Nouvelle-Aquitaine
AERIEN,MASQUL61ZBARP,225kV,MASQUET,SAUCATS,400,75,Nouvelle-Aquitaine,75,Nouvelle-Aquitaine
AERIEN,MASQUL61ZBARP,225kV,SAUCATS,LE BARP,400,75,Nouvelle-Aquitaine,75,Nouvelle-Aquitaine
AERIEN,GANGEL61VIRAD,225kV,GANGES,VIRADEL,400,76,Occitanie,76,Occitanie
AERIEN,B.TOLL71GEN.P,400kV,BOIS-TOLLOT,GENISSIAT-POSTE,1500,84,Auvergne-Rhône-Alpes,84,Auvergne-Rhône-Alpes
AERIEN,CORNIL71GEN.P,400kV,CORNIER,GENISSIAT-POSTE,1500,84,Auvergne-Rhône-Alpes,84,Auvergne-Rhône-Alpes
AERIEN,MTGROL61PRATC,225kV,MONTGROS,PRATCLAUX,400,84,Auvergne-Rhône-Alpes,84,Auvergne-Rhône-Alpes
AERIEN,CHESNL61ROUSS,225kV,CHESNOY (LE),ROUSSON,400,24,Centre-Val de Loire,76,Occitanie
AERIEN,DENNAL61WARAN,225kV,DENNA,WARANDE,400,32,Hauts-de-France,32,Hauts-de-France
AERIEN,WARANL61ZDUV5,225kV,BRODE,DUVIGNEAU,400,32,Hauts-de-France,32,Hauts-de-France
AERIEN,WARANL61ZDUV5,225kV,DUVIGNEAU,WARANDE,400,32,Hauts-de-France,32,Hauts-de-France
AERIEN,BREUIL61ZENCH,225kV,BREUIL,GATELLIER,400,84,Auvergne-Rhône-Alpes,84,Auvergne-Rhône-Alpes
AERIEN,BREUIL61ZENCH,225kV,GATELLIER,ENCHANET,400,84,Auvergne-Rhône-Alpes,84,Auvergne-Rhône-Alpes
AERIEN,BRENNL61P.CHR,225kV,BRENNILIS,PLEYBER CHRIST,400,53,Bretagne,53,Bretagne
AERIEN,BOLL5L62PRRLA,225kV,BOLLENE,PIERRELATTE (COGEMA A PIERRELATTE) (225kV),400,93,Provence-Alpes-Côte d'Azur,84,Auvergne-Rhône-Alpes
AERIEN,PLACHL61ZPLAC,225kV,DOUVRIN,LESTARQUIT,400,32,Hauts-de-France,53,Bretagne
AERIEN,PLACHL61ZPLAC,225kV,LESTARQUIT,PLACHY (LE),400,53,Bretagne,32,Hauts-de-France
AERIEN,FESSEL61OTTMA,225kV,FESSENHEIM (CENTRALE HYDRAULIQUE),OTTMARSHEIM,400,44,Grand Est,44,Grand Est
AERIEN,B.CO6L61SORRU,225kV,BRAILLY-CORNEHOTTE,SORRUS,400,32,Hauts-de-France,32,Hauts-de-France
AERIEN,ECHINL61SORRU,225kV,ECHINGHEN,SORRUS,400,32,Hauts-de-France,32,Hauts-de-France
AERIEN,CIROLL71VLEJU,400kV,CIROLLIERS,VILLEJUST,1500,11,Île-de-France,11,Île-de-France
AERIEN,CIROLL72VLEJU,400kV,CIROLLIERS,VILLEJUST,1500,11,Île-de-France,11,Île-de-France
AERIEN,DAMBRL71YVE.O,400kV,DAMBRON,YVELINES-OUEST,1500,24,Centre-Val de Loire,11,Île-de-France
AERIEN,MEZE5L72VLEJU,400kV,MEZEROLLES,VILLEJUST,1500,32,Hauts-de-France,11,Île-de-France
AERIEN,MUREML61ZEPIZ,225kV,FRONCLES,EPIZON,400,44,Grand Est,44,Grand Est
AERIEN,MUREML61ZEPIZ,225kV,EPIZON,MUREMONT,400,44,Grand Est,44,Grand Est
AERIEN,CHAFFL71P.COR,400kV,CHAFFARD (LE),PIVOZ CORDIER,1500,84,Auvergne-Rhône-Alpes,84,Auvergne-Rhône-Alpes
AERIEN,CHAFFL72P.COR,400kV,CHAFFARD (LE),PIVOZ CORDIER,1500,84,Auvergne-Rhône-Alpes,84,Auvergne-Rhône-Alpes
AERIEN,AYRESL61GANGE,225kV,AYRES,GANGES,400,76,Occitanie,76,Occitanie
AERIEN,VALENL61ZQUAR,225kV,QUAREZ,THIERS (BRUAY-SUR-L'ESCAUT),400,32,Hauts-de-France,32,Hauts-de-France
AERIEN,VALENL61ZQUAR,225kV,THIERS (BRUAY-SUR-L'ESCAUT),VALENCIENNES,400,32,Hauts-de-France,32,Hauts-de-France
AERIEN,FAMARL31THIER,225kV,FAMARS,THIERS,400,32,Hauts-de-France,32,Hauts-de-France
AERIEN,WARANL71WEPPE,400kV,WARANDE,WEPPES,1500,32,Hauts-de-France,32,Hauts-de-France
AERIEN,AUZATL61TARAS,225kV,AUZAT,TARASCON,400,76,Occitanie,76,Occitanie
AERIEN,MAZURL71REVI5,400kV,MAZURES,REVIN,1500,44,Grand Est,44,Grand Est
AERIEN,MAZURL72REVI5,400kV,MAZURES,REVIN,1500,44,Grand Est,44,Grand Est
AERIEN,VANDIL61VOID,225kV,VANDIERES,VOID,400,44,Grand Est,44,Grand Est
AERIEN,DARSEL62RELA5,225kV,DARSE,RELAIS,400,93,Provence-Alpes-Côte d'Azur,93,Provence-Alpes-Côte d'Azur
AERIEN,DARSEL62RELA5,225kV,DARSE,RELAIS,400,93,Provence-Alpes-Côte d'Azur,93,Provence-Alpes-Côte d'Azur
AERIEN,MARMAL71TABAR,400kV,MARMAGNE,TABARDERIE,1500,24,Centre-Val de Loire,24,Centre-Val de Loire
AERIEN,AUBETL61ROGNA,225kV,AUBETTE,ROGNAC,400,93,Provence-Alpes-Côte d'Azur,93,Provence-Alpes-Côte d'Azur
AERIEN,AUBETL62ROGNA,225kV,AUBETTE,ROGNAC,400,93,Provence-Alpes-Côte d'Azur,93,Provence-Alpes-Côte d'Azur
AERIEN,GALERL62ZGAL5,225kV,GALERES,PLAISANCE,400,11,Île-de-France,11,Île-de-France
AERIEN,GALERL62ZGAL5,225kV,PLAISANCE,VILLEVAUDE,400,11,Île-de-France,11,Île-de-France
AERIEN,BACALL61MQIS,225kV,BACALAN,MARQUIS (LE),400,75,Nouvelle-Aquitaine,75,Nouvelle-Aquitaine
AERIEN,BASSEL31MQIS,225kV,BASSENS,MARQUIS (LE),400,75,Nouvelle-Aquitaine,75,Nouvelle-Aquitaine
AERIEN,MQIS L31ZBASS,225kV,BACALAN,MARQUIS,400,75,Nouvelle-Aquitaine,75,Nouvelle-Aquitaine
AERIEN,MQIS L31ZBASS,225kV,MARQUIS,BASSENS,400,75,Nouvelle-Aquitaine,75,Nouvelle-Aquitaine
AERIEN,GIVORL62MIONS,225kV,GIVORS,MIONS,400,84,Auvergne-Rhône-Alpes,84,Auvergne-Rhône-Alpes
AERIEN,MASQUL61ZBARP,225kV,MASQUET,SAUCATS,400,75,Nouvelle-Aquitaine,75,Nouvelle-Aquitaine
AERIEN,MASQUL61ZBARP,225kV,SAUCATS,LE BARP,400,75,Nouvelle-Aquitaine,75,Nouvelle-Aquitaine
AERIEN,P.SIML61TARAS,225kV,PORTET-ST-SIMON,TARASCON,400,76,Occitanie,76,Occitanie
AERIEN,B.CARL61LINGO,225kV,BROC-CARROS (LE),LINGOSTIERE,400,93,Provence-Alpes-Côte d'Azur,93,Provence-Alpes-Côte d'Azur
AERIEN,HERBLL61ZHERB,225kV,CERGY,CORMEILLES,400,11,Île-de-France,28,Normandie
AERIEN,HERBLL61ZHERB,225kV,CORMEILLES,HERBLAY,400,28,Normandie,11,Île-de-France
AERIEN,CSLL8L61SAUMA,225kV,CASTELLE (LA),SAUMADE,400,76,Occitanie,76,Occitanie
AERIEN,MTPELL61ZP.TR,225kV,MONTPELLIER,PONT TRINQUAT,400,76,Occitanie,76,Occitanie
AERIEN,MTPELL61ZP.TR,225kV,PONT TRINQUAT,ST CHRISTOL,400,76,Occitanie,84,Auvergne-Rhône-Alpes
AERIEN,G.PORL61G.SYN,225kV,GRAND-PORT,GRANDE-SYNTHE,400,32,Hauts-de-France,32,Hauts-de-France
AERIEN,HOLQUL61WARAN,225kV,HOLQUE,WARANDE,400,32,Hauts-de-France,32,Hauts-de-France
AERIEN,BOISSL61CUS.P,225kV,BOISSE (LA),CUSSET-POSTE,400,84,Auvergne-Rhône-Alpes,84,Auvergne-Rhône-Alpes
AERIEN,BOISSL62CUS.P,225kV,BOISSE (LA),CUSSET-POSTE,400,84,Auvergne-Rhône-Alpes,84,Auvergne-Rhône-Alpes
AERIEN,CORBIL61SSBA5,225kV,CORBIERE (LA),ST-BARTHELEMY,400,52,Pays de la Loire,52,Pays de la Loire
AERIEN,CORBIL41SSBA5,225kV,CORBIERE (LA),ST-BARTHELEMY,400,52,Pays de la Loire,52,Pays de la Loire
AERIEN,GRIGNL61ZCOQU,225kV,AQUEDUCS (LES),COQUIBUS,400,11,Île-de-France,32,Hauts-de-France
AERIEN,GRIGNL61ZCOQU,225kV,COQUIBUS,GRIGNY,400,32,Hauts-de-France,32,Hauts-de-France
AERIEN,GRIGNL62ZCOQ5,225kV,AQUEDUCS (LES),COQUIBUS,400,11,Île-de-France,32,Hauts-de-France
AERIEN,GRIGNL62ZCOQ5,225kV,COQUIBUS,GRIGNY,400,32,Hauts-de-France,32,Hauts-de-France
AERIEN,SSELOL61VNOL,225kV,ST-ELOI,VIGNOL,400,84,Auvergne-Rhône-Alpes,27,Bourgogne-Franche-Comté
AERIEN,GARCHL31ZDOUD,225kV,CHARITE-SUR-LOIRE (LA),DOUDOYE,400,27,Bourgogne-Franche-Comté,27,Bourgogne-Franche-Comté
AERIEN,GARCHL31ZDOUD,225kV,DOUDOYE,GARCHIZY,400,27,Bourgogne-Franche-Comté,27,Bourgogne-Franche-Comté
AERIEN,LUMESL61STENA,225kV,LUMES,STENAY,400,44,Grand Est,44,Grand Est
AERIEN,CHEV5L61ZDOUL,225kV,CHEVIRE,DOULON,400,52,Pays de la Loire,52,Pays de la Loire
AERIEN,CHEV5L61ZDOUL,225kV,DOULON,ST-JOSEPH,400,52,Pays de la Loire,52,Pays de la Loire
AERIEN,CARQ5L31ZBLOT,225kV,CARQUEFOU,LION D OR,400,52,Pays de la Loire,52,Pays de la Loire
AERIEN,CARQ5L31ZBLOT,225kV,LION D OR,BLOTTEREAU,400,52,Pays de la Loire,52,Pays de la Loire
AERIEN,TRANSL61ZGUE5,225kV,GUERACHE (LA),PIQUAGE A GUERACHE (LA),400,93,Provence-Alpes-Côte d'Azur,93,Provence-Alpes-Côte d'Azur
AERIEN,TRANSL61ZGUE5,225kV,PIQUAGE A GUERACHE (LA),TRANS,400,93,Provence-Alpes-Côte d'Azur,93,Provence-Alpes-Côte d'Azur
AERIEN,TRANSL61ZGUE5,225kV,TRANS,VINS,400,93,Provence-Alpes-Côte d'Azur,93,Provence-Alpes-Côte d'Azur
AERIEN,LIGNAL61RULHA,225kV,LIGNAT,RULHAT,400,84,Auvergne-Rhône-Alpes,84,Auvergne-Rhône-Alpes
AERIEN,.RONDL71ALBER,400kV,ALBERTVILLE,RONDISSONE,1500,84,Auvergne-Rhône-Alpes,0,Étranger
AERIEN,.RONDL72ALBER,400kV,ALBERTVILLE,RONDISSONE,1500,84,Auvergne-Rhône-Alpes,0,Étranger
AERIEN,JONQUL71TAVEL,400kV,JONQUIERES,TAVEL,1500,76,Occitanie,76,Occitanie
AERIEN,JONQUL72TAVEL,400kV,JONQUIERES,TAVEL,1500,76,Occitanie,76,Occitanie
AERIEN,BOISSL61C.FO6,225kV,BOISSE (LA),CAILLOUX-SUR-FONTAINE,400,84,Auvergne-Rhône-Alpes,84,Auvergne-Rhône-Alpes
AERIEN,BOISSL31C.FO6,225kV,BOISSE (LA),CAILLOUX-SUR-FONTAINE,400,84,Auvergne-Rhône-Alpes,84,Auvergne-Rhône-Alpes
AERIEN,CERGYL72TERRI,400kV,CERGY,TERRIER,1500,11,Île-de-France,11,Île-de-France
AERIEN,BATZEL61REICH,225kV,BATZENDORF,REICHSTETT,400,44,Grand Est,44,Grand Est
AERIEN,MARL6L61REICH,225kV,MARLENHEIM,REICHSTETT,400,44,Grand Est,44,Grand Est
AERIEN,SEUILL71VESLE,400kV,SEUIL,VESLE,1500,44,Grand Est,44,Grand Est
AERIEN,PALUNL62SEPTE,225kV,PALUN (LA),SEPTEMES,400,93,Provence-Alpes-Côte d'Azur,93,Provence-Alpes-Côte d'Azur
AERIEN,ALBERL61BATHI,225kV,ALBERTVILLE,BATHIE (LA),400,84,Auvergne-Rhône-Alpes,84,Auvergne-Rhône-Alpes
AERIEN,HAVR5L72ROUGE,400kV,HAVRE (LE) (POSTE),ROUGEMONTIER,1500,28,Normandie,28,Normandie
AERIEN,HAVR5L73ROUGE,400kV,HAVRE (LE) (POSTE),ROUGEMONTIER,1500,28,Normandie,28,Normandie
AERIEN,BERG9L61CANTE,225kV,BERGE,CANTEGRIT,400,75,Nouvelle-Aquitaine,75,Nouvelle-Aquitaine
AERIEN,CANTEL61MARSI,225kV,LIAISON 225kV N0 1CANTEGRIT,MARSILLON,400,75,Nouvelle-Aquitaine,75,Nouvelle-Aquitaine
AERIEN,COULAL71TRI.P,400kV,COULANGE,TRICASTIN-POSTE (LE),1500,84,Auvergne-Rhône-Alpes,84,Auvergne-Rhône-Alpes
AERIEN,COULAL72TRI.P,400kV,COULANGE,TRICASTIN-POSTE (LE),1500,84,Auvergne-Rhône-Alpes,84,Auvergne-Rhône-Alpes
AERIEN,COULAL73TRI.P,400kV,COULANGE,TRICASTIN-POSTE (LE),1500,84,Auvergne-Rhône-Alpes,84,Auvergne-Rhône-Alpes
AERIEN,TAVELL73TRI.P,400kV,TAVEL,TRICASTIN-POSTE (LE),1500,76,Occitanie,84,Auvergne-Rhône-Alpes
AERIEN,LANEUL61SUIS5,225kV,LANEUVEVILLE,SUISSE,400,44,Grand Est,44,Grand Est
AERIEN,SSAVOL61ZSAU9,225kV,LANEUVEVILLE,SAULNOIS,400,44,Grand Est,44,Grand Est
AERIEN,SSAVOL61ZSAU9,225kV,SAULNOIS,ST-AVOLD,400,44,Grand Est,44,Grand Est
AERIEN,SSROCL61VERTE,225kV,ST-ROCH,VERTEFEUILLE,400,24,Centre-Val de Loire,32,Hauts-de-France
AERIEN,SARRYL61SEREI,225kV,SARRY,SEREIN,400,44,Grand Est,27,Bourgogne-Franche-Comté
AERIEN,SEREIL61TONNE,225kV,SEREIN,TONNERRE,400,27,Bourgogne-Franche-Comté,27,Bourgogne-Franche-Comté
AERIEN,P.ROUL61THEIX,225kV,POTEAU-ROUGE,THEIX,400,53,Bretagne,53,Bretagne
AERIEN,CREYSL71SSV.O,400kV,CREYS,ST-VULBAS-OUEST,1500,84,Auvergne-Rhône-Alpes,84,Auvergne-Rhône-Alpes
AERIEN,CREYSL72SSV.O,400kV,CREYS,ST-VULBAS-OUEST,1500,84,Auvergne-Rhône-Alpes,84,Auvergne-Rhône-Alpes
AERIEN,BOUTRL61SSTUL,225kV,BOUTRE,STE-TULLE,400,93,Provence-Alpes-Côte d'Azur,93,Provence-Alpes-Côte d'Azur
AERIEN,ROUMOL51SSTUL,225kV,ROUMOULES,STE-TULLE,400,93,Provence-Alpes-Côte d'Azur,93,Provence-Alpes-Côte d'Azur
AERIEN,ANSERL61AVELI,225kV,ANSEREUILLES (LES),AVELIN,400,32,Hauts-de-France,32,Hauts-de-France
AERIEN,AVELIL61VENDI,225kV,AVELIN,VENDIN,400,32,Hauts-de-France,32,Hauts-de-France
AERIEN,GRAV5L61WARAN,225kV,GRAVELINES (CENTRALE),WARANDE,400,32,Hauts-de-France,32,Hauts-de-France
AERIEN,G.COLL62WARAN,225kV,GRAND COLOMBIER,WARANDE,400,32,Hauts-de-France,32,Hauts-de-France
AERIEN,LUMESL62MAZUR,225kV,LUMES,MAZURES,400,44,Grand Est,44,Grand Est
AERIEN,VLEJUL62ZCAR6,225kV,CARRES(LES),DAMBRON,400,24,Centre-Val de Loire,24,Centre-Val de Loire
AERIEN,VLEJUL62ZCAR6,225kV,DAMBRON,VILLEJUST,400,24,Centre-Val de Loire,11,Île-de-France
AERIEN,ROGNAL61SSCHA,225kV,ROGNAC,ST-CHAMAS,400,93,Provence-Alpes-Côte d'Azur,93,Provence-Alpes-Côte d'Azur
AERIEN,NEOULL71TRANS,400kV,NEOULES,TRANS,1500,93,Provence-Alpes-Côte d'Azur,93,Provence-Alpes-Côte d'Azur
AERIEN,NEOULL72TRANS,400kV,NEOULES,TRANS,1500,93,Provence-Alpes-Côte d'Azur,93,Provence-Alpes-Côte d'Azur
AERIEN,P.GASL61V.BEL,225kV,PLESSIS-GASSOT,VILLIERS-LE-BEL,400,11,Île-de-France,11,Île-de-France
AERIEN,P.GASL63V.BEL,225kV,PLESSIS-GASSOT,VILLIERS-LE-BEL,400,11,Île-de-France,11,Île-de-France
AERIEN,PARC L61QUINT,225kV,PARC (LE),QUINTES (LES),400,28,Normandie,52,Pays de la Loire
AERIEN,CAEN L61RANVI,225kV,CAEN,RANVILLE,400,28,Normandie,28,Normandie
AERIEN,RICH5L61ZRIC5,225kV,ARPENTS (LES),BONNIERES,400,32,Hauts-de-France,32,Hauts-de-France
AERIEN,RICH5L61ZRIC5,225kV,BONNIERES,RICHEBOURG,400,32,Hauts-de-France,32,Hauts-de-France
AERIEN,RICH5L62ZRIC6,225kV,ARPENTS (LES),MEZEROLLES,400,32,Hauts-de-France,32,Hauts-de-France
AERIEN,RICH5L62ZRIC6,225kV,MEZEROLLES,RICHEBOURG,400,32,Hauts-de-France,32,Hauts-de-France
AERIEN,LANDEL61LOSCO,225kV,LANDERNEAU,LOSCOAT,400,53,Bretagne,53,Bretagne
AERIEN,EGUZOL71VALDI,400kV,EGUZON,VALDIVIENNE,1500,24,Centre-Val de Loire,75,Nouvelle-Aquitaine
AERIEN,AUSSOL61P.AND,225kV,AUSSOIS,PRAZ-ST-ANDRE,400,84,Auvergne-Rhône-Alpes,84,Auvergne-Rhône-Alpes
AERIEN,AUSSOL31BISSO,225kV,AUSSOIS,BISSORTE,400,84,Auvergne-Rhône-Alpes,84,Auvergne-Rhône-Alpes
AERIEN,SSJOSL61ZORVA,225kV,CORDEMAIS-POSTE,ST JOSEPH,400,52,Pays de la Loire,52,Pays de la Loire
AERIEN,SSJOSL61ZORVA,225kV,ST JOSEPH,ORVAULT,400,52,Pays de la Loire,52,Pays de la Loire
AERIEN,CONRAL31SSJOS,225kV,CONRAIE (LA),ST-JOSEPH,400,52,Pays de la Loire,52,Pays de la Loire
AERIEN,CPNIEL61MOIRA,225kV,CHAMPAGNIER,MOIRANS,400,84,Auvergne-Rhône-Alpes,84,Auvergne-Rhône-Alpes
AERIEN,MIONSL61MOIRA,225kV,MIONS,MOIRANS,400,84,Auvergne-Rhône-Alpes,84,Auvergne-Rhône-Alpes
AERIEN,REMISL71TERRI,400kV,REMISE,TERRIER,1500,28,Normandie,11,Île-de-France
AERIEN,HOLQUL61ZWOES,225kV,GUARBECQUE,HOLQUE,400,32,Hauts-de-France,32,Hauts-de-France
AERIEN,HOLQUL61ZWOES,225kV,HOLQUE,WOESTYNE,400,32,Hauts-de-France,0,Étranger
AERIEN,ANOULL61ZL.NO,225kV,ANOULD,LAC-NOIR,400,44,Grand Est,44,Grand Est
AERIEN,ANOULL61ZL.NO,225kV,LAC-NOIR,LOGELBACH,400,44,Grand Est,44,Grand Est
AERIEN,BRAUDL71PREGU,400kV,BRAUD,PREGUILLAC,1500,75,Nouvelle-Aquitaine,75,Nouvelle-Aquitaine
AERIEN,BRAUDL72PREGU,400kV,BRAUD,PREGUILLAC,1500,75,Nouvelle-Aquitaine,75,Nouvelle-Aquitaine
AERIEN,SOLEIL61VOLVO,225kV,SOLEIL (LE),VOLVON,400,84,Auvergne-Rhône-Alpes,84,Auvergne-Rhône-Alpes
AERIEN,SOLEIL62VOLVO,225kV,SOLEIL (LE),VOLVON,400,84,Auvergne-Rhône-Alpes,84,Auvergne-Rhône-Alpes
AERIEN,LANEUL61ZMAD6,225kV,LA MADELEINE,LANEUVEVILLE,400,32,Hauts-de-France,44,Grand Est
AERIEN,LANEUL61ZMAD6,225kV,LANEUVEVILLE,VINCEY,400,44,Grand Est,44,Grand Est
AERIEN,BERGHL61ZSAR6,225kV,BERGHOLZ,SARREGUEMINES,400,0,Étranger,44,Grand Est
AERIEN,BERGHL61ZSAR6,225kV,SARREGUEMINES,ST-AVOLD,400,44,Grand Est,44,Grand Est
AERIEN,LANG6L61MORBR,225kV,LANGLOIS,MORBRAS,400,11,Île-de-France,11,Île-de-France
AERIEN,VLEVAL61ZORS6,225kV,MORBRAS,ORSONVILLE,400,11,Île-de-France,11,Île-de-France
AERIEN,VLEVAL61ZORS6,225kV,ORSONVILLE,VILLEVAUDE,400,11,Île-de-France,11,Île-de-France
AERIEN,BERCLL61ZBERC,225kV,ANSEREUILLES (LES),BERCLAU,400,32,Hauts-de-France,32,Hauts-de-France
AERIEN,BERCLL61ZBERC,225kV,BERCLAU,DOUVRIN,400,32,Hauts-de-France,32,Hauts-de-France
AERIEN,DOUVRL61ZBERC,225kV,ANSEREUILLES (LES),BERCLAU,400,32,Hauts-de-France,32,Hauts-de-France
AERIEN,DOUVRL61ZBERC,225kV,BERCLAU,DOUVRIN,400,32,Hauts-de-France,32,Hauts-de-France
AERIEN,CAZARL71MARSI,400kV,CAZARIL,MARSILLON,1500,76,Occitanie,75,Nouvelle-Aquitaine
AERIEN,CAZARL72MARSI,400kV,CAZARIL,MARSILLON,1500,76,Occitanie,75,Nouvelle-Aquitaine
AERIEN,MOTT5L61ROUGI,225kV,MOTTE (LA) (V.-LES-AVIGNON),ROUGIER,400,53,Bretagne,53,Bretagne
AERIEN,MOTT5L31ZCOLO,225kV,AVIGNON(POSTE),COLOMB,400,93,Provence-Alpes-Côte d'Azur,93,Provence-Alpes-Côte d'Azur
AERIEN,MOTT5L31ZCOLO,225kV,COLOMB,MOTTE (LA) (V.-LES-AVIGNON),400,93,Provence-Alpes-Côte d'Azur,53,Bretagne
AERIEN,RICH5L62ZRIC6,225kV,ARPENTS (LES),MEZEROLLES,400,32,Hauts-de-France,32,Hauts-de-France
AERIEN,RICH5L62ZRIC6,225kV,MEZEROLLES,RICHEBOURG,400,32,Hauts-de-France,32,Hauts-de-France
AERIEN,RICH5L61ZRIC5,225kV,ARPENTS (LES),BONNIERES,400,32,Hauts-de-France,32,Hauts-de-France
AERIEN,RICH5L61ZRIC5,225kV,BONNIERES,RICHEBOURG,400,32,Hauts-de-France,32,Hauts-de-France
AERIEN,BEZAUL71MARL6,400kV,BEZAUMONT,MARLENHEIM,1500,44,Grand Est,44,Grand Est
AERIEN,MUHLBL71SCHEE,400kV,MUHLBACH,SCHEER,1500,44,Grand Est,0,Étranger
AERIEN,ARLODL61GEN.P,225kV,ARLOD,GENISSIAT-POSTE,400,84,Auvergne-Rhône-Alpes,84,Auvergne-Rhône-Alpes
AERIEN,BARP L61SAUCA,225kV,BARP(LE),SAUCAT,400,75,Nouvelle-Aquitaine,75,Nouvelle-Aquitaine
AERIEN,SAUCAL61ZBARP,225kV,MASQUET,SAUCATS,400,75,Nouvelle-Aquitaine,75,Nouvelle-Aquitaine
AERIEN,SAUCAL61ZBARP,225kV,SAUCATS,LE BARP,400,75,Nouvelle-Aquitaine,75,Nouvelle-Aquitaine
AERIEN,BAYETL61BILLY,225kV,BAYET,BILLY,400,84,Auvergne-Rhône-Alpes,84,Auvergne-Rhône-Alpes
AERIEN,CIZE L61FLEYR,225kV,CIZE,FLEYRIAT,400,84,Auvergne-Rhône-Alpes,84,Auvergne-Rhône-Alpes
AERIEN,FLEYRL61VOUGL,225kV,FLEYRIAT,VOUGLANS,400,84,Auvergne-Rhône-Alpes,84,Auvergne-Rhône-Alpes
AERIEN,HOUDRL71N.MAI,400kV,HOUDREVILLE,NEUVES-MAISONS,1500,44,Grand Est,44,Grand Est
AERIEN,CRENEL71M.SEI,400kV,CRENEY,MERY-SUR-SEINE,1500,44,Grand Est,44,Grand Est
AERIEN,GIEN L61ZGLAC,225kV,GIEN,TABARDERIE,400,24,Centre-Val de Loire,24,Centre-Val de Loire
AERIEN,GIEN L61ZGLAC,225kV,TABARDERIE,VILLEMANDEUR,400,24,Centre-Val de Loire,24,Centre-Val de Loire
AERIEN,TABARL61ZGIEN,225kV,GARCHIZY,GIEN,400,27,Bourgogne-Franche-Comté,24,Centre-Val de Loire
AERIEN,TABARL61ZGIEN,225kV,GIEN,TABARDERIE,400,24,Centre-Val de Loire,24,Centre-Val de Loire
AERIEN,P.SIML61PALAY,225kV,PORTET-ST-SIMON,PALAYRE,400,76,Occitanie,76,Occitanie
AERIEN,FLOREL61SSVIN,225kV,FLORENSAC,ST VINCENT,400,76,Occitanie,76,Occitanie
AERIEN,G.PORL61G.SYN,225kV,GRAND-PORT,GRANDE-SYNTHE,400,32,Hauts-de-France,32,Hauts-de-France
AERIEN,G.SYNL61HOLQU,225kV,GRANDE-SYNTHE,HOLQUE,400,32,Hauts-de-France,32,Hauts-de-France
AERIEN,MAGNYL61ZMAGN,225kV,CHAMPS-REGNAUD,CHAMPVANS,400,27,Bourgogne-Franche-Comté,27,Bourgogne-Franche-Comté
AERIEN,MAGNYL61ZMAGN,225kV,CHAMPVANS,MAGNY(-SUR-TILLE),400,27,Bourgogne-Franche-Comté,24,Centre-Val de Loire
AERIEN,GRAFFL61STRAS,225kV,GRAFFENSTADEN,STRASBOURG,400,44,Grand Est,44,Grand Est
AERIEN,GRAFFL61STRAS,225kV,GRAFFENSTADEN,STRASBOURG,400,44,Grand Est,44,Grand Est
AERIEN,CPNIEL61GRISO,225kV,CHAMPAGNIER,GRISOLLES,400,84,Auvergne-Rhône-Alpes,76,Occitanie
AERIEN,CPNIEL61S.PON,225kV,CHAMPAGNIER,SERRE-PONCON,400,84,Auvergne-Rhône-Alpes,93,Provence-Alpes-Côte d'Azur
AERIEN,GIEN L61ZGIEN,225kV,GARCHIZY,GIEN,400,27,Bourgogne-Franche-Comté,24,Centre-Val de Loire
AERIEN,GIEN L61ZGIEN,225kV,GIEN,TABARDERIE,400,24,Centre-Val de Loire,24,Centre-Val de Loire
AERIEN,BUSSUL61ETUPE,225kV,BUSSUREL,ETUPES,400,27,Bourgogne-Franche-Comté,27,Bourgogne-Franche-Comté
AERIEN,A.COML61MTCRO,225kV,AVESNES-LE-COMTE,MONTCROISETTE,400,32,Hauts-de-France,32,Hauts-de-France
AERIEN,P.SIML61RIVEN,225kV,PORTET-ST-SIMON,RIVENEUVE,400,76,Occitanie,76,Occitanie
AERIEN,BERATL31P.SIM,225kV,BERAT,PORTET-ST-SIMON,400,76,Occitanie,76,Occitanie
AERIEN,RQROUL61ZVILA,225kV,CHATEAURENARD,MONTAGNETTE (LA),400,93,Provence-Alpes-Côte d'Azur,93,Provence-Alpes-Côte d'Azur
AERIEN,RQROUL61ZVILA,225kV,MONTAGNETTE (LA),ROQUEROUSSE,400,93,Provence-Alpes-Côte d'Azur,93,Provence-Alpes-Côte d'Azur
AERIEN,JACQUL61SOLEI,225kV,JACQUARD,SOLEIL (LE),400,84,Auvergne-Rhône-Alpes,84,Auvergne-Rhône-Alpes
AERIEN,MTOISL61SSHUB,225kV,MONTOIS,ST-HUBERT,400,44,Grand Est,44,Grand Est
AERIEN,H.PAUL71VIELM,400kV,HENRI-PAUL,VIELMOULIN,1500,93,Provence-Alpes-Côte d'Azur,27,Bourgogne-Franche-Comté
AERIEN,H.PAUL71VIELM,400kV,HENRI-PAUL,VIELMOULIN,1500,93,Provence-Alpes-Côte d'Azur,27,Bourgogne-Franche-Comté
AERIEN,HAVR5L62P.SEP,225kV,HAVRE (LE) (POSTE),PONT-SEPT,400,28,Normandie,28,Normandie
AERIEN,GREZIL61ZFONC,225kV,GREZILLAC,GUPIE,400,75,Nouvelle-Aquitaine,75,Nouvelle-Aquitaine
AERIEN,GREZIL61ZFONC,225kV,GUPIE,SAUVETERRE-DE-GUYENNE,400,75,Nouvelle-Aquitaine,75,Nouvelle-Aquitaine
AERIEN,EGUZOL61MAURE,225kV,EGUZON,MAUREIX (LE),400,24,Centre-Val de Loire,24,Centre-Val de Loire
AERIEN,MAUREL61P.CHA,225kV,MAUREIX (LE),PEYRAT-LE-CHATEAU,400,24,Centre-Val de Loire,75,Nouvelle-Aquitaine
AERIEN,PLAISL61ZAVRO,225kV,PLAISANCE,VILLEVAUDE,400,11,Île-de-France,11,Île-de-France
AERIEN,PLAISL61ZAVRO,225kV,VILLEVAUDE,AVRON,400,11,Île-de-France,11,Île-de-France
AERIEN,TRAN5L61ZTRAN,225kV,MORCHIES,PERTAIN,400,32,Hauts-de-France,32,Hauts-de-France
AERIEN,TRAN5L61ZTRAN,225kV,PERTAIN,TRANSLOY (LE),400,32,Hauts-de-France,32,Hauts-de-France
AERIEN,LEGUEL61LESQU,225kV,LEGUEVIN,LESQUIVE,400,76,Occitanie,76,Occitanie
AERIEN,LAVALL61ZBUTT,225kV,BUTTAVENT,FLERS,400,28,Normandie,28,Normandie
AERIEN,LAVALL61ZBUTT,225kV,FLERS,LAVAL,400,28,Normandie,52,Pays de la Loire
AERIEN,B.CARL61LINGO,225kV,BROC-CARROS (LE),LINGOSTIERE,400,93,Provence-Alpes-Côte d'Azur,93,Provence-Alpes-Côte d'Azur
AERIEN,B.CARL62LINGO,225kV,BROC-CARROS (LE),LINGOSTIERE,400,93,Provence-Alpes-Côte d'Azur,93,Provence-Alpes-Côte d'Azur
AERIEN,MIONSL61VENIS,225kV,MIONS,VENISSIEUX,400,84,Auvergne-Rhône-Alpes,84,Auvergne-Rhône-Alpes
AERIEN,ALLINL61CORNI,225kV,ALLINGES,CORNIER,400,84,Auvergne-Rhône-Alpes,84,Auvergne-Rhône-Alpes
AERIEN,CORNIL61ZALL7,225kV,ALLINGES,CORNIER,400,84,Auvergne-Rhône-Alpes,84,Auvergne-Rhône-Alpes
AERIEN,CORNIL61ZALL7,225kV,CORNIER,JUVIGNY,400,84,Auvergne-Rhône-Alpes,84,Auvergne-Rhône-Alpes
AERIEN,P.HA5L61ROSPE,225kV,PLAINE HAUTE,ROSPEZ,400,53,Bretagne,53,Bretagne
AERIEN,P.HA5L61ZCORO,225kV,BRENNILIS,PLAINE HAUTE,400,53,Bretagne,53,Bretagne
AERIEN,P.HA5L61ZCORO,225kV,PLAINE HAUTE,ROSPEZ,400,53,Bretagne,53,Bretagne
AERIEN,ARDOIL62TAVEL,225kV,ARDOISE (L ),TAVEL,400,76,Occitanie,76,Occitanie
AERIEN,BARNAL72PENL5,400kV,BARNABOS,PENLY (POSTE EVACUATION),1500,28,Normandie,28,Normandie
AERIEN,COMM7L61ZAMIG,225kV,CLAIRE-FONTAINE,COMMERVEIL,400,52,Pays de la Loire,52,Pays de la Loire
AERIEN,COMM7L61ZAMIG,225kV,COMMERVEIL,QUINTES (LES),400,52,Pays de la Loire,52,Pays de la Loire
AERIEN,RIVENL61TARAS,225kV,RIVENEUVE,TARASCON,400,76,Occitanie,76,Occitanie
AERIEN,MASSYL62VLEJU,225kV,MASSY,VILLEJUST,400,11,Île-de-France,11,Île-de-France
AERIEN,MASSYL64ZMAS5,225kV,CHEVILLY,MASSY,400,11,Île-de-France,11,Île-de-France
AERIEN,MASSYL64ZMAS5,225kV,MASSY,VILLEJUST,400,11,Île-de-France,11,Île-de-France
AERIEN,MASSYL61VLEJU,225kV,MASSY,VILLEJUST,400,11,Île-de-France,11,Île-de-France
AERIEN,LESCAL62MARSI,225kV,LESCAR,MARSILLON,400,75,Nouvelle-Aquitaine,75,Nouvelle-Aquitaine
AERIEN,GROSNL61GUEUG,225kV,GROSNE,GUEUGNON,400,27,Bourgogne-Franche-Comté,27,Bourgogne-Franche-Comté
AERIEN,GROSNL61MACON,225kV,GROSNE,MACON,400,27,Bourgogne-Franche-Comté,27,Bourgogne-Franche-Comté
AERIEN,SSEA2L71VERGE,400kV,ST-LAURENT-DES-EAUX B,VERGER,1500,53,Bretagne,53,Bretagne
AERIEN,CUBNEL71DONZA,400kV,CUBNEZAIS,DONZAC,1500,75,Nouvelle-Aquitaine,75,Nouvelle-Aquitaine
AERIEN,CUBNEL72DONZA,400kV,CUBNEZAIS,DONZAC,1500,75,Nouvelle-Aquitaine,75,Nouvelle-Aquitaine
AERIEN,SSJOSL61ZDOUL,225kV,CHEVIRE,DOULON,400,52,Pays de la Loire,52,Pays de la Loire
AERIEN,SSJOSL61ZDOUL,225kV,DOULON,ST-JOSEPH,400,52,Pays de la Loire,52,Pays de la Loire
AERIEN,M.RADL61SANDO,225kV,MARAIS DE RADICATEL (LES),SANDOUVILLE,400,28,Normandie,28,Normandie
AERIEN,P.JERL61RATIE,225kV,PORT-JEROME,RATIER,400,28,Normandie,28,Normandie
AERIEN,CHEVIL63ZV.OR,225kV,CHEVILLY,ULIS (LES),400,11,Île-de-France,11,Île-de-France
AERIEN,CHEVIL63ZV.OR,225kV,ULIS (LES),VILLEJUST,400,11,Île-de-France,11,Île-de-France
AERIEN,VLEJUL64ZMAS5,225kV,CHEVILLY,MASSY,400,11,Île-de-France,11,Île-de-France
AERIEN,VLEJUL64ZMAS5,225kV,MASSY,VILLEJUST,400,11,Île-de-France,11,Île-de-France
AERIEN,ARGOEL71LIMEU,400kV,ARGOEUVES,LIMEUX,1500,32,Hauts-de-France,32,Hauts-de-France
AERIEN,ARGOEL71LIMEU,400kV,ARGOEUVES,LIMEUX,1500,32,Hauts-de-France,32,Hauts-de-France
AERIEN,ARGOEL71PENL5,400kV,ARGOEUVES,PENLY (POSTE EVACUATION),1500,32,Hauts-de-France,28,Normandie
AERIEN,CUBNEL72DONZA,400kV,CUBNEZAIS,DONZAC,1500,75,Nouvelle-Aquitaine,75,Nouvelle-Aquitaine
AERIEN,CABRIL61REALT,225kV,CABRIES,REALTOR,400,93,Provence-Alpes-Côte d'Azur,93,Provence-Alpes-Côte d'Azur
AERIEN,CABRIL62REALT,225kV,CABRIES,REALTOR,400,93,Provence-Alpes-Côte d'Azur,93,Provence-Alpes-Côte d'Azur
AERIEN,ORMESL61SSBR5,225kV,ORMES,ST-BRICE,400,32,Hauts-de-France,32,Hauts-de-France
AERIEN,ORMESL62SSBR5,225kV,ORMES,ST-BRICE,400,32,Hauts-de-France,32,Hauts-de-France
AERIEN,MARL6L71VIGY,400kV,MARLENHEIM,VIGY,1500,44,Grand Est,44,Grand Est
AERIEN,SSAVOL61ZSAR6,400kV,BERGHOLZ,SARREGUEMINES,1500,0,Étranger,44,Grand Est
AERIEN,SSAVOL61ZSAR6,400kV,SARREGUEMINES,ST-AVOLD,1500,44,Grand Est,44,Grand Est
AERIEN,TABARL61ZGIEN,225kV,GARCHIZY,GIEN,400,27,Bourgogne-Franche-Comté,24,Centre-Val de Loire
AERIEN,TABARL61ZGIEN,225kV,GIEN,TABARDERIE,400,24,Centre-Val de Loire,24,Centre-Val de Loire
AERIEN,TABARL61ZGLAC,225kV,GIEN,TABARDERIE,400,24,Centre-Val de Loire,24,Centre-Val de Loire
AERIEN,TABARL61ZGLAC,225kV,TABARDERIE,VILLEMANDEUR,400,24,Centre-Val de Loire,24,Centre-Val de Loire
AERIEN,AVIGNL61MOTT5,225kV,AVIGNON(POSTE),MOTTE (LA) (V.-LES-AVIGNON),400,93,Provence-Alpes-Côte d'Azur,53,Bretagne
AERIEN,PELADL61ZPELA,225kV,BOUTRE,OLLIERES,400,93,Provence-Alpes-Côte d'Azur,93,Provence-Alpes-Côte d'Azur
AERIEN,PELADL61ZPELA,225kV,OLLIERES,PELADE,400,93,Provence-Alpes-Côte d'Azur,93,Provence-Alpes-Côte d'Azur
AERIEN,SAIN5L61ZG.HA,225kV,MUREMONT,SAINTOIS,400,44,Grand Est,44,Grand Est
AERIEN,SAIN5L61ZG.HA,225kV,SAINTOIS,VINCEY,400,44,Grand Est,44,Grand Est
AERIEN,BXRE6L61SSEA2,225kV,BEAUREGARD(SAINT-LAURENT-NOUAN),ST-LAURENT-DES-EAUX B,400,84,Auvergne-Rhône-Alpes,53,Bretagne
AERIEN,BIANCL61MOUGI,225kV,BIANCON,MOUGINS,400,93,Provence-Alpes-Côte d'Azur,93,Provence-Alpes-Côte d'Azur
AERIEN,BIANCL61MOUGI,225kV,BIANCON,MOUGINS,400,93,Provence-Alpes-Côte d'Azur,93,Provence-Alpes-Côte d'Azur
AERIEN,MOUGIL61P.GR5,225kV,MOUGINS,PLAN-DE-GRASSE,400,93,Provence-Alpes-Côte d'Azur,93,Provence-Alpes-Côte d'Azur
AERIEN,ECHALL61SOLEI,225kV,ECHALAS,SOLEIL (LE),400,84,Auvergne-Rhône-Alpes,84,Auvergne-Rhône-Alpes
AERIEN,CORMEL63ZFRO6,225kV,CERGY,CORMEILLES,400,11,Île-de-France,28,Normandie
AERIEN,CORMEL63ZFRO6,225kV,CORMEILLES,FROMAINVILLE,400,28,Normandie,28,Normandie
AERIEN,CORMEL64ZFRO7,225kV,CERGY,CORMEILLES,400,11,Île-de-France,28,Normandie
AERIEN,CORMEL64ZFRO7,225kV,CORMEILLES,FROMAINVILLE,400,28,Normandie,28,Normandie
AERIEN,BOLL5L61PRRLA,225kV,BOLLENE,PIERRELATTE (COGEMA A PIERRELATTE) (225kV),400,93,Provence-Alpes-Côte d'Azur,84,Auvergne-Rhône-Alpes
AERIEN,GARCHL61ZGIEN,225kV,GARCHIZY,GIEN,400,27,Bourgogne-Franche-Comté,24,Centre-Val de Loire
AERIEN,GARCHL61ZGIEN,225kV,GIEN,TABARDERIE,400,24,Centre-Val de Loire,24,Centre-Val de Loire
AERIEN,JOUX L61ZJOUX,225kV,BOISSE (LA),JOUX,400,84,Auvergne-Rhône-Alpes,84,Auvergne-Rhône-Alpes
AERIEN,JOUX L61ZJOUX,225kV,JOUX,MACON,400,84,Auvergne-Rhône-Alpes,27,Bourgogne-Franche-Comté
AERIEN,C.REGL62VIELM,225kV,CHAMPS-REGNAUD,VIELMOULIN,400,27,Bourgogne-Franche-Comté,27,Bourgogne-Franche-Comté
AERIEN,JACQUL61RIVIE,225kV,JACQUARD,RIVIERE (LA),400,84,Auvergne-Rhône-Alpes,75,Nouvelle-Aquitaine
AERIEN,ARGOEL71TERRI,400kV,ARGOEUVES,TERRIER,1500,32,Hauts-de-France,11,Île-de-France
AERIEN,ARGOEL72TERRI,400kV,ARGOEUVES,TERRIER,1500,32,Hauts-de-France,11,Île-de-France
AERIEN,L.CHAL61VEZIL,225kV,LONG-CHAMP (LE),VEZILLY,400,32,Hauts-de-France,32,Hauts-de-France
AERIEN,BOCTOL71M.SEI,400kV,BOCTOIS,MERY-SUR-SEINE,1500,44,Grand Est,44,Grand Est
AERIEN,BOCTOL72M.SEI,400kV,BOCTOIS,MERY-SUR-SEINE,1500,44,Grand Est,44,Grand Est
AERIEN,B.VALL62ZB.VA,225kV,BEAUCHASTEL,BEAUMONT-MONTEUX,400,84,Auvergne-Rhône-Alpes,84,Auvergne-Rhône-Alpes
AERIEN,B.VALL62ZB.VA,225kV,BEAUMONT-MONTEUX,BOURG-LES-VALENCE,400,84,Auvergne-Rhône-Alpes,84,Auvergne-Rhône-Alpes
AERIEN,BXLIEL61GRANZ,225kV,BEAULIEU,GRANZAY,400,75,Nouvelle-Aquitaine,75,Nouvelle-Aquitaine
AERIEN,BXLIEL41MARA7,225kV,BEAULIEU,MARANS,400,75,Nouvelle-Aquitaine,75,Nouvelle-Aquitaine
AERIEN,CHALOL62GROSN,225kV,CHALON,GROSNE,400,84,Auvergne-Rhône-Alpes,27,Bourgogne-Franche-Comté
AERIEN,TRITHL61ZTRIT,225kV,GROS-CAILLOU,TRITH-ST-LEGER(PORT-ARTHUR LME),400,11,Île-de-France,32,Hauts-de-France
AERIEN,TRITHL61ZTRIT,225kV,TRITH-ST-LEGER(PORT-ARTHUR LME),TRITH-ST-LEGER(L.M.E.),400,32,Hauts-de-France,32,Hauts-de-France
AERIEN,ORAISL61ZMEES,225kV,MEES (LES),ORAISON,400,93,Provence-Alpes-Côte d'Azur,93,Provence-Alpes-Côte d'Azur
AERIEN,ORAISL61ZMEES,225kV,ORAISON,ST-AUBAN,400,93,Provence-Alpes-Côte d'Azur,93,Provence-Alpes-Côte d'Azur
AERIEN,GIVORL61MIONS,225kV,GIVORS,MIONS,400,84,Auvergne-Rhône-Alpes,84,Auvergne-Rhône-Alpes
AERIEN,GIVORL62MIONS,225kV,GIVORS,MIONS,400,84,Auvergne-Rhône-Alpes,84,Auvergne-Rhône-Alpes
AERIEN,HOURAL61MIEGE,225kV,HOURAT,MIEGEBAT,400,75,Nouvelle-Aquitaine,75,Nouvelle-Aquitaine
AERIEN,MEZE5L61PORCH,225kV,MEZEROLLES,PORCHEVILLE,400,32,Hauts-de-France,11,Île-de-France
AERIEN,MEZE5L62PORCH,225kV,MEZEROLLES,PORCHEVILLE,400,32,Hauts-de-France,11,Île-de-France
AERIEN,AQUEDL62ZCOQ5,225kV,AQUEDUCS (LES),COQUIBUS,400,11,Île-de-France,32,Hauts-de-France
AERIEN,AQUEDL62ZCOQ5,225kV,COQUIBUS,GRIGNY,400,32,Hauts-de-France,32,Hauts-de-France
AERIEN,DARSEL62FEUIL,225kV,DARSE,FEUILLANE,400,93,Provence-Alpes-Côte d'Azur,93,Provence-Alpes-Côte d'Azur
AERIEN,DARSEL62FEUIL,225kV,DARSE,FEUILLANE,400,93,Provence-Alpes-Côte d'Azur,93,Provence-Alpes-Côte d'Azur
AERIEN,CREC6L61WEPPE,225kV,CRECHETS (LES),WEPPES,400,32,Hauts-de-France,32,Hauts-de-France
AERIEN,CREC6L62WEPPE,225kV,CRECHETS (LES),WEPPES,400,32,Hauts-de-France,32,Hauts-de-France
AERIEN,BARNAL72PALUE,400kV,BARNABOS,PALUEL,1500,28,Normandie,28,Normandie
AERIEN,DAMBRL61G.DEN,225kV,DAMBRON,GAULT-SAINT-DENIS,400,24,Centre-Val de Loire,24,Centre-Val de Loire
AERIEN,BERGHL61MARL6,225kV,BERGHOLZ,MARLENHEIM,400,0,Étranger,44,Grand Est
AERIEN,ALBERL71M.LAN,400kV,ALBERTVILLE,MONTAGNY-LES-LANCHES,1500,84,Auvergne-Rhône-Alpes,84,Auvergne-Rhône-Alpes
AERIEN,ALBERL61CHAV6,400kV,ALBERTVILLE,CHAVANOD,1500,84,Auvergne-Rhône-Alpes,84,Auvergne-Rhône-Alpes
AERIEN,ARRIGL61V.GEO,225kV,ARRIGHI,VILLENEUVE-ST-GEORGES,400,94,Corse,11,Île-de-France
AERIEN,BIANCL61MOUGI,225kV,BIANCON,MOUGINS,400,93,Provence-Alpes-Côte d'Azur,93,Provence-Alpes-Côte d'Azur
AERIEN,BIANCL61P.GR5,225kV,BIANCON,PLAN-DE-GRASSE,400,93,Provence-Alpes-Côte d'Azur,93,Provence-Alpes-Côte d'Azur
AERIEN,G.SYNL61WARAN,225kV,GRANDE-SYNTHE,WARANDE,400,32,Hauts-de-France,32,Hauts-de-France
AERIEN,PELTRL61ZPELT,225kV,BEZAUMONT,PELTRE,400,44,Grand Est,44,Grand Est
AERIEN,PELTRL61ZPELT,225kV,PELTRE,VIGY,400,44,Grand Est,44,Grand Est
AERIEN,D.FRAL61LINGO,225kV,DIGUE-DES-FRANCAIS,LINGOSTIERE,400,93,Provence-Alpes-Côte d'Azur,93,Provence-Alpes-Côte d'Azur
AERIEN,D.FRAL62LINGO,225kV,DIGUE-DES-FRANCAIS,LINGOSTIERE,400,93,Provence-Alpes-Côte d'Azur,93,Provence-Alpes-Côte d'Azur
AERIEN,DURANL61REALT,225kV,DURANNE (LA),REALTOR,400,93,Provence-Alpes-Côte d'Azur,93,Provence-Alpes-Côte d'Azur
AERIEN,DURANL61ROGNA,225kV,DURANNE (LA),ROGNAC,400,93,Provence-Alpes-Côte d'Azur,93,Provence-Alpes-Côte d'Azur
AERIEN,COUCHL61CPVAN,225kV,COUCHEY,CHAMPVANS,400,27,Bourgogne-Franche-Comté,27,Bourgogne-Franche-Comté
AERIEN,CORMEL62ZHER7,225kV,CERGY,CORMEILLES,400,11,Île-de-France,28,Normandie
AERIEN,CORMEL62ZHER7,225kV,CORMEILLES,HERBLAY,400,28,Normandie,11,Île-de-France
AERIEN,PORCHL61PUISE,225kV,PORCHEVILLE,PUISEUX,400,11,Île-de-France,44,Grand Est
AERIEN,AVELIL61EPINE,225kV,AVELIN,EPINETTE,400,32,Hauts-de-France,32,Hauts-de-France
AERIEN,AVELIL62EPINE,225kV,AVELIN,EPINETTE,400,32,Hauts-de-France,32,Hauts-de-France
AERIEN,BUIREL61P.SAM,225kV,BUIRE,PONT-SUR-SAMBRE,400,32,Hauts-de-France,32,Hauts-de-France
AERIEN,CAPELL61H.VIE,225kV,CAPELLE (LA),HERIE-LA-VIEVILLE,400,32,Hauts-de-France,32,Hauts-de-France
AERIEN,ORMESL61VESLE,225kV,ORMES,VESLE,400,32,Hauts-de-France,44,Grand Est
AERIEN,DOUVRL61PLACH,225kV,DOUVRIN,PLACHY (LE),400,32,Hauts-de-France,32,Hauts-de-France
AERIEN,DOUVRL61ZPLAC,225kV,DOUVRIN,LESTARQUIT,400,32,Hauts-de-France,53,Bretagne
AERIEN,DOUVRL61ZPLAC,225kV,LESTARQUIT,PLACHY (LE),400,53,Bretagne,32,Hauts-de-France
AERIEN,DOUVRL61PLACH,225kV,DOUVRIN,PLACHY (LE),400,32,Hauts-de-France,32,Hauts-de-France
AERIEN,CROIXL62P.ME5,225kV,CROIX (LA),PETIT-MENIN,400,32,Hauts-de-France,32,Hauts-de-France
AERIEN,BXLIEL61GRANZ,225kV,BEAULIEU,GRANZAY,400,75,Nouvelle-Aquitaine,75,Nouvelle-Aquitaine
AERIEN,GRANZL61NIORT,225kV,GRANZAY,NIORT,400,75,Nouvelle-Aquitaine,75,Nouvelle-Aquitaine
AERIEN,COUDOL62NEOUL,225kV,COUDON (LE),NEOULES,400,93,Provence-Alpes-Côte d'Azur,93,Provence-Alpes-Côte d'Azur
AERIEN,MEZE5L71TILL5,400kV,MEZEROLLES,TILLEUL,1500,32,Hauts-de-France,28,Normandie
AERIEN,PONTEL72REALT,400kV,PONTEAU,REALTOR,1500,93,Provence-Alpes-Côte d'Azur,93,Provence-Alpes-Côte d'Azur
AERIEN,PONTEL61REALT,400kV,PONTEAU,REALTOR,1500,93,Provence-Alpes-Côte d'Azur,93,Provence-Alpes-Côte d'Azur
AERIEN,CLOCHL61DECHY,225kV,CLOCHETTE (LA),DECHY,400,32,Hauts-de-France,32,Hauts-de-France
AERIEN,CLOCHL62DECHY,225kV,CLOCHETTE (LA),DECHY,400,32,Hauts-de-France,32,Hauts-de-France
AERIEN,MARSIL61PRAGN,225kV,MARSILLON,PRAGNERES,400,75,Nouvelle-Aquitaine,76,Occitanie
AERIEN,CHOLEL62DISTR,225kV,CHOLET,DISTRE,400,52,Pays de la Loire,52,Pays de la Loire
AERIEN,CHOLEL61MAUGE,225kV,CHOLET,MAUGES (LES),400,52,Pays de la Loire,52,Pays de la Loire
AERIEN,CRENEL61FRONC,225kV,CRENEY,FRONCLES,400,44,Grand Est,44,Grand Est
AERIEN,FRONCL61ZEPIZ,225kV,FRONCLES,EPIZON,400,44,Grand Est,44,Grand Est
AERIEN,FRONCL61ZEPIZ,225kV,EPIZON,MUREMONT,400,44,Grand Est,44,Grand Est
AERIEN,BLAUXL61ZBLAU,225kV,CURBANS,SISTERON,400,93,Provence-Alpes-Côte d'Azur,93,Provence-Alpes-Côte d'Azur
AERIEN,BLAUXL61ZBLAU,225kV,SISTERON,BLAUX,400,93,Provence-Alpes-Côte d'Azur,93,Provence-Alpes-Côte d'Azur
AERIEN,GALERL64ZGALE,225kV,GALERES,ROMAINVILLE,400,11,Île-de-France,11,Île-de-France
AERIEN,GALERL64ZGALE,225kV,ROMAINVILLE,VILLEVAUDE,400,11,Île-de-France,11,Île-de-France
AERIEN,H.DIEL61VAUPA,225kV,HOTEL DIEU,VAUPALIERE (LA),400,28,Normandie,28,Normandie
AERIEN,LINGOL61T.VIC,225kV,LINGOSTIERE,TRINITE-VICTOR,400,93,Provence-Alpes-Côte d'Azur,93,Provence-Alpes-Côte d'Azur
AERIEN,.BIESL61PRAGN,225kV,BIESCAS,PRAGNERES,400,0,Étranger,76,Occitanie
AERIEN,CUBNEL71SAUCA,400kV,CUBNEZAIS,SAUCATS,1500,75,Nouvelle-Aquitaine,75,Nouvelle-Aquitaine
AERIEN,CUBNEL72SAUCA,400kV,CUBNEZAIS,SAUCATS,1500,75,Nouvelle-Aquitaine,75,Nouvelle-Aquitaine
AERIEN,CUBNEL71SAUCA,400kV,CUBNEZAIS,SAUCATS,1500,75,Nouvelle-Aquitaine,75,Nouvelle-Aquitaine
AERIEN,GRANZL71PREGU,400kV,GRANZAY,PREGUILLAC,1500,75,Nouvelle-Aquitaine,75,Nouvelle-Aquitaine
AERIEN,GRANZL72PREGU,400kV,GRANZAY,PREGUILLAC,1500,75,Nouvelle-Aquitaine,75,Nouvelle-Aquitaine
AERIEN,C.FONL61ZQUI5,225kV,ARNAGE,CLAIRE-FONTAINE,400,52,Pays de la Loire,52,Pays de la Loire
AERIEN,C.FONL61ZQUI5,225kV,CLAIRE-FONTAINE,QUINTES (LES),400,52,Pays de la Loire,52,Pays de la Loire
AERIEN,MARL6L71VIGY,400kV,MARLENHEIM,VIGY,1500,44,Grand Est,44,Grand Est
AERIEN,AVOI5L71DISTR,400kV,AVOINE(POSTE 400 kV),DISTRE,1500,24,Centre-Val de Loire,52,Pays de la Loire
AERIEN,AVOI5L72DISTR,400kV,AVOINE(POSTE 400 kV),DISTRE,1500,24,Centre-Val de Loire,52,Pays de la Loire
AERIEN,.AVELL72AVELI,400kV,AVELGEM,AVELIN,1500,0,Étranger,32,Hauts-de-France
AERIEN,.AVELL71MASTA,400kV,AVELGEM,MASTAING,1500,0,Étranger,32,Hauts-de-France
AERIEN,.AVELL72AVELI,400kV,AVELGEM,AVELIN,1500,0,Étranger,32,Hauts-de-France
AERIEN,ARRIGL62MORBR,225kV,ARRIGHI,MORBRAS,400,94,Corse,11,Île-de-France
AERIEN,SEREIL61TONNE,225kV,SEREIN,TONNERRE,400,27,Bourgogne-Franche-Comté,27,Bourgogne-Franche-Comté
AERIEN,TONNEL61ZTONN,225kV,JOUX-LA-VILLE,SEREIN,400,27,Bourgogne-Franche-Comté,27,Bourgogne-Franche-Comté
AERIEN,TONNEL61ZTONN,225kV,SEREIN,TONNERRE,400,27,Bourgogne-Franche-Comté,27,Bourgogne-Franche-Comté
AERIEN,CPNOLL61GEN.P,225kV,CHAMPAGNOLE,GENISSIAT-POSTE,400,27,Bourgogne-Franche-Comté,84,Auvergne-Rhône-Alpes
AERIEN,FEUILL61SSCHA,225kV,FEUILLANE,ST-CHAMAS,400,93,Provence-Alpes-Côte d'Azur,93,Provence-Alpes-Côte d'Azur
AERIEN,CIROLL61MALEC,225kV,CIROLLIERS,MALECOT,400,11,Île-de-France,11,Île-de-France
AERIEN,CAEN L61DRONN,225kV,CAEN,DRONNIERE (LA),400,28,Normandie,28,Normandie
AERIEN,CAEN L61DRONN,225kV,CAEN,DRONNIERE (LA),400,28,Normandie,28,Normandie
AERIEN,BXCAIL62JONQU,225kV,BEAUCAIRE(CENTRALE CNR),JONQUIERES,400,76,Occitanie,76,Occitanie
AERIEN,BARNAL71TERRI,400kV,BARNABOS,TERRIER,1500,28,Normandie,11,Île-de-France
AERIEN,RUEYRL61SARRA,225kV,RUEYRES,SARRANS,400,76,Occitanie,76,Occitanie
AERIEN,RUEYRL61SARRA,225kV,RUEYRES,SARRANS,400,76,Occitanie,76,Occitanie
AERIEN,VLEVAL61ZAVRO,225kV,PLAISANCE,VILLEVAUDE,400,11,Île-de-France,11,Île-de-France
AERIEN,VLEVAL61ZAVRO,225kV,VILLEVAUDE,AVRON,400,11,Île-de-France,11,Île-de-France
AERIEN,VLEVAL62ZAVR5,225kV,PLAISANCE,VILLEVAUDE,400,11,Île-de-France,11,Île-de-France
AERIEN,VLEVAL62ZAVR5,225kV,VILLEVAUDE,AVRON,400,11,Île-de-France,11,Île-de-France
AERIEN,CAZARL61JALIS,225kV,CAZARIL,JALIS,400,76,Occitanie,76,Occitanie
AERIEN,JALISL61LESQU,225kV,JALIS,LESQUIVE,400,76,Occitanie,76,Occitanie
AERIEN,E.BOTL61FAVAR,225kV,ENCO-DE-BOTTE,FAVARY,400,93,Provence-Alpes-Côte d'Azur,93,Provence-Alpes-Côte d'Azur
AERIEN,E.BOTL61REALT,225kV,ENCO-DE-BOTTE,REALTOR,400,93,Provence-Alpes-Côte d'Azur,93,Provence-Alpes-Côte d'Azur
AERIEN,RHENAL61VOGEL,225kV,RHENALU,VOGELGRUN,400,44,Grand Est,44,Grand Est
AERIEN,GOURJL61VERFE,225kV,GOURJADE,VERFEIL,400,76,Occitanie,76,Occitanie
AERIEN,P.SIML63VERFE,225kV,PORTET,ST-SIMON-VERFEIL,400,75,Nouvelle-Aquitaine,75,Nouvelle-Aquitaine
AERIEN,AUBE L61THIOT,225kV,AUBE,THIOT,400,44,Grand Est,44,Grand Est
AERIEN,FLERSL61THIOT,225kV,FLERS,THIOT,400,28,Normandie,44,Grand Est
AERIEN,GRAFFL61MARCK,225kV,GRAFFENSTADEN,MARCKOLSHEIM,400,44,Grand Est,44,Grand Est
AERIEN,DOMLOL71OUDON,400kV,DOMLOUP,OUDON,1500,53,Bretagne,52,Pays de la Loire
AERIEN,BAYETL71MARMA,400kV,BAYET,MARMAGNE,1500,84,Auvergne-Rhône-Alpes,24,Centre-Val de Loire
AERIEN,MAMBEL61SAONE,225kV,MAMBELIN,SAONE,400,27,Bourgogne-Franche-Comté,27,Bourgogne-Franche-Comté
AERIEN,GARCHL61ZGIEN,225kV,GARCHIZY,GIEN,400,27,Bourgogne-Franche-Comté,24,Centre-Val de Loire
AERIEN,GARCHL61ZGIEN,225kV,GIEN,TABARDERIE,400,24,Centre-Val de Loire,24,Centre-Val de Loire
AERIEN,GARCHL31ZDOUD,225kV,CHARITE-SUR-LOIRE (LA),DOUDOYE,400,27,Bourgogne-Franche-Comté,27,Bourgogne-Franche-Comté
AERIEN,GARCHL31ZDOUD,225kV,DOUDOYE,GARCHIZY,400,27,Bourgogne-Franche-Comté,27,Bourgogne-Franche-Comté
AERIEN,FLERSL61LAUNA,225kV,FLERS,LAUNAY,400,28,Normandie,28,Normandie
AERIEN,ROSPEL61ZCORO,225kV,BRENNILIS,PLAINE HAUTE,400,53,Bretagne,53,Bretagne
AERIEN,ROSPEL61ZCORO,225kV,PLAINE HAUTE,ROSPEZ,400,53,Bretagne,53,Bretagne
AERIEN,BOISSL62CUS.P,225kV,BOISSE (LA),CUSSET-POSTE,400,84,Auvergne-Rhône-Alpes,84,Auvergne-Rhône-Alpes
AERIEN,CHAPEL61SSROU,225kV,CHAPELLE (LA) (CHAPELLE D ARBLAY),ST-ETIENNE-DU-ROUVRAY,400,28,Normandie,28,Normandie
AERIEN,CESTAL61PESSA,225kV,CESTAS,PESSAC,400,75,Nouvelle-Aquitaine,75,Nouvelle-Aquitaine
AERIEN,GUITAL31PESSA,225kV,GUITAYNE,PESSAC,400,75,Nouvelle-Aquitaine,75,Nouvelle-Aquitaine
AERIEN,P.JERL61ROUGE,225kV,PORT-JEROME,ROUGEMONTIER,400,28,Normandie,28,Normandie
AERIEN,P.JERL31ZVARE,225kV,PORT-JEROME,PIQUAGE A HONFLEUR,400,28,Normandie,28,Normandie
AERIEN,BXTO5L61LATEN,225kV,BEAUTOR(POSTE),LATENA,400,32,Hauts-de-France,32,Hauts-de-France
AERIEN,BXTO5L62LATEN,225kV,BEAUTOR(POSTE),LATENA,400,32,Hauts-de-France,32,Hauts-de-France
AERIEN,CABANL61DARSE,225kV,CABAN,DARSE,400,93,Provence-Alpes-Côte d'Azur,93,Provence-Alpes-Côte d'Azur
AERIEN,CABANL62DARSE,225kV,CABAN,DARSE,400,93,Provence-Alpes-Côte d'Azur,93,Provence-Alpes-Côte d'Azur
AERIEN,NEOULL71REALT,400kV,NEOULES,REALTOR,1500,93,Provence-Alpes-Côte d'Azur,93,Provence-Alpes-Côte d'Azur
AERIEN,NEOULL72REALT,400kV,NEOULES,REALTOR,1500,93,Provence-Alpes-Côte d'Azur,93,Provence-Alpes-Côte d'Azur
AERIEN,ALBERL71COCHE,400kV,ALBERTVILLE,COCHE (LA),1500,84,Auvergne-Rhône-Alpes,84,Auvergne-Rhône-Alpes
AERIEN,.SSTRL61CORNI,225kV,CORNIER,SAINT-TRIPHON,400,84,Auvergne-Rhône-Alpes,0,Étranger
AERIEN,AVELIL61CZRIE,225kV,AVELIN,COURRIERES,400,32,Hauts-de-France,32,Hauts-de-France
AERIEN,SSAVOL71VIGY,400kV,ST-AVOLD,VIGY,1500,44,Grand Est,44,Grand Est
AERIEN,MENUEL72TAUTE,400kV,MENUEL,TAUTE,1500,28,Normandie,28,Normandie
AERIEN,MIONSL61MOUCH,225kV,MIONS,MOUCHE (LA),400,84,Auvergne-Rhône-Alpes,84,Auvergne-Rhône-Alpes
AERIEN,MIONSL62VENIS,225kV,MIONS,VENISSIEUX,400,84,Auvergne-Rhône-Alpes,84,Auvergne-Rhône-Alpes
AERIEN,LONNYL71SEUIL,400kV,LONNY,SEUIL,1500,44,Grand Est,44,Grand Est
AERIEN,B.HAML61ZB.HA,225kV,BASSE HAM,ST-HUBERT,400,44,Grand Est,44,Grand Est
AERIEN,B.HAML61ZB.HA,225kV,ST-HUBERT,VIGY,400,44,Grand Est,44,Grand Est
AERIEN,BEZAUL71MARL6,400kV,BEZAUMONT,MARLENHEIM,1500,44,Grand Est,44,Grand Est
AERIEN,CREYSL71SSV.O,400kV,CREYS,ST-VULBAS-OUEST,1500,84,Auvergne-Rhône-Alpes,84,Auvergne-Rhône-Alpes
AERIEN,MAMBEL61PALEN,225kV,MAMBELIN,PALENTE,400,27,Bourgogne-Franche-Comté,27,Bourgogne-Franche-Comté
AERIEN,MAMBEL62PALEN,225kV,MAMBELIN,PALENTE,400,27,Bourgogne-Franche-Comté,27,Bourgogne-Franche-Comté
AERIEN,VLEJUL61ZLINA,225kV,LOGES (LES),PETIT-BOIS (LE),400,28,Normandie,11,Île-de-France
AERIEN,VLEJUL61ZLINA,225kV,PETIT-BOIS (LE),VILLEJUST,400,11,Île-de-France,11,Île-de-France
AERIEN,BALARL61MTPEL,225kV,BALARUC,MONTPELLIER,400,76,Occitanie,76,Occitanie
AERIEN,DOMLOL72LAUNA,400kV,DOMLOUP,LAUNAY,1500,53,Bretagne,28,Normandie
AERIEN,SSJULL61VIGY,225kV,ST-JULIEN,VIGY,400,27,Bourgogne-Franche-Comté,44,Grand Est
AERIEN,SSJULL62VIGY,225kV,ST-JULIEN,VIGY,400,27,Bourgogne-Franche-Comté,44,Grand Est
AERIEN,P.GASL61ZBRI5,225kV,PLESSIS-GASSOT,SEINE,400,11,Île-de-France,11,Île-de-France
AERIEN,P.GASL61ZBRI5,225kV,SEINE,BRICHE (LA),400,11,Île-de-France,11,Île-de-France
AERIEN,P.SEPL61SAINN,225kV,PONT-SEPT,SAINNEVILLE,400,28,Normandie,28,Normandie
AERIEN,P.ANDL61SAUS2,225kV,PRAZ-ST-ANDRE,SAUSSAZ II (LA),400,84,Auvergne-Rhône-Alpes,84,Auvergne-Rhône-Alpes
AERIEN,ABLAIL61LATEN,225kV,ABLAINCOURT,LATENA,400,32,Hauts-de-France,32,Hauts-de-France
AERIEN,PERTAL61ZC.OM,225kV,LATENA,PERTAIN,400,32,Hauts-de-France,32,Hauts-de-France
AERIEN,PERTAL61ZC.OM,225kV,PERTAIN,CRESSY-OMENCOURT,400,32,Hauts-de-France,32,Hauts-de-France
AERIEN,CHESNL61NEMOU,225kV,CHESNOY (LE),NEMOURS,400,24,Centre-Val de Loire,24,Centre-Val de Loire
AERIEN,NEMOUL61VLEMA,225kV,NEMOURS,VILLEMANDEUR,400,24,Centre-Val de Loire,24,Centre-Val de Loire
AERIEN,CLERAL71CUBNE,400kV,CLERAC,CUBNEZAIS,1500,75,Nouvelle-Aquitaine,75,Nouvelle-Aquitaine
AERIEN,CLERAL71PLAUD,400kV,CLERAC,PLAUD,1500,75,Nouvelle-Aquitaine,75,Nouvelle-Aquitaine
AERIEN,CHARPL71SSV.O,400kV,CHARPENAY,ST-VULBAS-OUEST,1500,84,Auvergne-Rhône-Alpes,84,Auvergne-Rhône-Alpes
AERIEN,CROIXL61VERTE,225kV,CROIX (LA),VERTEFEUILLE,400,32,Hauts-de-France,32,Hauts-de-France
AERIEN,CHESNL71TABAR,400kV,CHESNOY (LE),TABARDERIE,1500,24,Centre-Val de Loire,24,Centre-Val de Loire
AERIEN,RASSUL61S.AIR,225kV,RASSUEN,SALON-BEL-AIR,400,93,Provence-Alpes-Côte d'Azur,93,Provence-Alpes-Côte d'Azur
AERIEN,P.BOUL31RASSU,225kV,PORT-DE-BOUC,RASSUEN,400,93,Provence-Alpes-Côte d'Azur,93,Provence-Alpes-Côte d'Azur
AERIEN,CREYSL72SSV.O,400kV,CREYS,ST-VULBAS-OUEST,1500,84,Auvergne-Rhône-Alpes,84,Auvergne-Rhône-Alpes
AERIEN,ANSERL61AVELI,225kV,ANSEREUILLES (LES),AVELIN,400,32,Hauts-de-France,32,Hauts-de-France
AERIEN,HELLEL61ZHEL5,225kV,AVELIN,HAUT-VINAGE,400,32,Hauts-de-France,32,Hauts-de-France
AERIEN,HELLEL61ZHEL5,225kV,HAUT-VINAGE,HELLEMMES,400,32,Hauts-de-France,32,Hauts-de-France
AERIEN,AVELIL62HELLE,225kV,AVELIN,HELLEMMES,400,32,Hauts-de-France,32,Hauts-de-France
AERIEN,MORBRL62ZLAN8,225kV,LANGLOIS,MORBRAS,400,11,Île-de-France,11,Île-de-France
AERIEN,MORBRL62ZLAN8,225kV,MORBRAS,VILLEVAUDE,400,11,Île-de-France,11,Île-de-France
AERIEN,MERCIL61ZMER7,225kV,FROGES,GRANDE-ILE,400,84,Auvergne-Rhône-Alpes,84,Auvergne-Rhône-Alpes
AERIEN,MERCIL61ZMER7,225kV,GRANDE-ILE,MERCIERS (LES),400,84,Auvergne-Rhône-Alpes,84,Auvergne-Rhône-Alpes
AERIEN,MENTOL61ZMENT,225kV,CAMPOROSSO,MENTON,400,0,Étranger,93,Provence-Alpes-Côte d'Azur
AERIEN,MENTOL61ZMENT,225kV,MENTON,TRINITE-VICTOR,400,93,Provence-Alpes-Côte d'Azur,93,Provence-Alpes-Côte d'Azur
AERIEN,BARJAL61CROI6,225kV,BARJAC,CROISIERE,400,76,Occitanie,93,Provence-Alpes-Côte d'Azur
AERIEN,BOLL5L31ZSABR,225kV,BAGNOLS-SUR-CEZE,BOLLENE,400,76,Occitanie,93,Provence-Alpes-Côte d'Azur
AERIEN,BOLL5L31ZSABR,225kV,BOLLENE,SABRAN,400,93,Provence-Alpes-Côte d'Azur,76,Occitanie
AERIEN,CHENEL61SENAR,225kV,CHENET,SENART,400,11,Île-de-France,11,Île-de-France
AERIEN,VLERSL31ZDAVI,225kV,AQUEDUCS (LES),DAVID-VILLERS,400,11,Île-de-France,44,Grand Est
AERIEN,COMMUL61H.PAU,225kV,COMMUNE,HENRI-PAUL,400,93,Provence-Alpes-Côte d'Azur,93,Provence-Alpes-Côte d'Azur
AERIEN,MTPELL61ZP.TR,225kV,MONTPELLIER,PONT TRINQUAT,400,76,Occitanie,76,Occitanie
AERIEN,MTPELL61ZP.TR,225kV,PONT TRINQUAT,ST CHRISTOL,400,76,Occitanie,84,Auvergne-Rhône-Alpes
AERIEN,SSNABL61ZSSNA,225kV,ETIVAL,ST-NABORD,400,44,Grand Est,44,Grand Est
AERIEN,SSNABL61ZSSNA,225kV,ST-NABORD,VINCEY,400,44,Grand Est,44,Grand Est
AERIEN,JEUXEL31SSNAB,225kV,JEUXEY,ST-NABORD,400,44,Grand Est,44,Grand Est
AERIEN,BXLIEL61GRANZ,225kV,BEAULIEU,GRANZAY,400,75,Nouvelle-Aquitaine,75,Nouvelle-Aquitaine
AERIEN,ARENCL61SEPTE,225kV,ARENC,SEPTEMES,400,93,Provence-Alpes-Côte d'Azur,93,Provence-Alpes-Côte d'Azur
AERIEN,RELE L62VANDI,225kV,RELE,VANDIERES,400,44,Grand Est,44,Grand Est
AERIEN,VERGEL71VLERB,400kV,VERGER,VILLERBON,1500,53,Bretagne,24,Centre-Val de Loire
AERIEN,COSSIL61MORBR,225kV,COSSIGNY,MORBRAS,400,11,Île-de-France,11,Île-de-France
AERIEN,FEUILL61LAVER,225kV,FEUILLANE,LAVERA,400,93,Provence-Alpes-Côte d'Azur,93,Provence-Alpes-Côte d'Azur
AERIEN,LAVERL61P.BOU,225kV,LAVERA,PORT-DE-BOUC,400,93,Provence-Alpes-Côte d'Azur,93,Provence-Alpes-Côte d'Azur
AERIEN,LAVERL31MRGUE,225kV,LAVERA,MARTIGUES,400,93,Provence-Alpes-Côte d'Azur,93,Provence-Alpes-Côte d'Azur
AERIEN,FEUILL61LAVER,225kV,FEUILLANE,LAVERA,400,93,Provence-Alpes-Côte d'Azur,93,Provence-Alpes-Côte d'Azur
AERIEN,LAVERL61P.BOU,225kV,LAVERA,PORT-DE-BOUC,400,93,Provence-Alpes-Côte d'Azur,93,Provence-Alpes-Côte d'Azur
AERIEN,PRRTTL61VERTE,225kV,PIERRETTE (LA),VERTEFEUILLE,400,32,Hauts-de-France,32,Hauts-de-France
AERIEN,CREYSL71GEN.P,400kV,CREYS,GENISSIAT-POSTE,1500,84,Auvergne-Rhône-Alpes,84,Auvergne-Rhône-Alpes
AERIEN,CREYSL72GEN.P,400kV,CREYS,GENISSIAT-POSTE,1500,84,Auvergne-Rhône-Alpes,84,Auvergne-Rhône-Alpes
AERIEN,BOISSL61GEN.P,400kV,BOISSE (LA),GENISSIAT-POSTE,1500,84,Auvergne-Rhône-Alpes,84,Auvergne-Rhône-Alpes
AERIEN,.AVELL71MASTA,400kV,AVELGEM,MASTAING,1500,0,Étranger,32,Hauts-de-France
AERIEN,BXCOUL61ZCOR6,225kV,BEAUCOUZE,CORBIERE (LA),400,52,Pays de la Loire,52,Pays de la Loire
AERIEN,BXCOUL61ZCOR6,225kV,CORBIERE (LA),LAVAL,400,52,Pays de la Loire,52,Pays de la Loire
AERIEN,CORDEL61ZSABL,225kV,CHAMPAGNIER,CORDEAC,400,84,Auvergne-Rhône-Alpes,84,Auvergne-Rhône-Alpes
AERIEN,CORDEL61ZSABL,225kV,CORDEAC,SABLES (LES),400,84,Auvergne-Rhône-Alpes,84,Auvergne-Rhône-Alpes
AERIEN,GRAFFL61STRAS,225kV,GRAFFENSTADEN,STRASBOURG,400,44,Grand Est,44,Grand Est
AERIEN,GOLINL61ZLARD,225kV,GOLINHAC,RUEYRES,400,76,Occitanie,76,Occitanie
AERIEN,GOLINL61ZLARD,225kV,RUEYRES,COUESQUE,400,76,Occitanie,76,Occitanie
AERIEN,GOLINL61ZLARD,225kV,COUESQUE,LARDIT,400,76,Occitanie,76,Occitanie
AERIEN,CLEONL62G.COU,225kV,CLEON,GRAND-COURONNE,400,28,Normandie,28,Normandie
AERIEN,SSLAUL62ZSSL7,225kV,BELLE-EPINE,DOMLOUP,400,53,Bretagne,53,Bretagne
AERIEN,SSLAUL62ZSSL7,225kV,DOMLOUP,ST-LAURENT,400,53,Bretagne,44,Grand Est
AERIEN,TAMARL71TAVEL,400kV,TAMAREAU,TAVEL,1500,76,Occitanie,76,Occitanie
AERIEN,CUBNEL72SAUCA,400kV,CUBNEZAIS,SAUCATS,1500,75,Nouvelle-Aquitaine,75,Nouvelle-Aquitaine
AERIEN,COULAL72TRI.P,400kV,COULANGE,TRICASTIN-POSTE (LE),1500,84,Auvergne-Rhône-Alpes,84,Auvergne-Rhône-Alpes
AERIEN,COULAL73TRI.P,400kV,COULANGE,TRICASTIN-POSTE (LE),1500,84,Auvergne-Rhône-Alpes,84,Auvergne-Rhône-Alpes
AERIEN,ROUGEL71TOURB,400kV,ROUGEMONTIER,TOURBE,1500,28,Normandie,28,Normandie
AERIEN,.LAUFL71SIERE,400kV,LAUFENBOURG,SIERENTZ,1500,0,Étranger,44,Grand Est
AERIEN,BAYETL61BILLY,225kV,BAYET,BILLY,400,84,Auvergne-Rhône-Alpes,84,Auvergne-Rhône-Alpes
AERIEN,BILLYL61ZBILL,225kV,BAYET,BILLY,400,84,Auvergne-Rhône-Alpes,84,Auvergne-Rhône-Alpes
AERIEN,BILLYL61ZBILL,225kV,BILLY,FONT (LA),400,84,Auvergne-Rhône-Alpes,84,Auvergne-Rhône-Alpes
AERIEN,BILLYL61ZBILL,225kV,BAYET,BILLY,400,84,Auvergne-Rhône-Alpes,84,Auvergne-Rhône-Alpes
AERIEN,BILLYL61ZBILL,225kV,BILLY,FONT (LA),400,84,Auvergne-Rhône-Alpes,84,Auvergne-Rhône-Alpes
AERIEN,COR.PL72DISTR,400kV,CORDEMAIS-POSTE,DISTRE,1500,52,Pays de la Loire,52,Pays de la Loire
AERIEN,CPNIEL61MOIRA,225kV,CHAMPAGNIER,MOIRANS,400,84,Auvergne-Rhône-Alpes,84,Auvergne-Rhône-Alpes
AERIEN,CPNIEL61MOIRA,225kV,CHAMPAGNIER,MOIRANS,400,84,Auvergne-Rhône-Alpes,84,Auvergne-Rhône-Alpes
AERIEN,HOUDRL71M.SEI,400kV,HOUDREVILLE,MERY-SUR-SEINE,1500,44,Grand Est,44,Grand Est
AERIEN,CHAINL63DAMBR,225kV,CHAINGY,DAMBRON,400,24,Centre-Val de Loire,24,Centre-Val de Loire
AERIEN,.ARKAL61ARGIA,225kV,ARGIA,ARKALE,400,75,Nouvelle-Aquitaine,75,Nouvelle-Aquitaine
AERIEN,ARGIAL31PULUT,225kV,ARGIA,PULUTENIA,400,75,Nouvelle-Aquitaine,75,Nouvelle-Aquitaine
AERIEN,COULAL71P.COR,400kV,COULANGE,PIVOZ CORDIER,1500,84,Auvergne-Rhône-Alpes,84,Auvergne-Rhône-Alpes
AERIEN,COULAL72P.COR,400kV,COULANGE,PIVOZ CORDIER,1500,84,Auvergne-Rhône-Alpes,84,Auvergne-Rhône-Alpes
AERIEN,FLAMEL62WEPPE,225kV,FLAMENGRIE,WEPPES,400,32,Hauts-de-France,32,Hauts-de-France
AERIEN,BACALL61MQIS,225kV,BACALAN,MARQUIS (LE),400,75,Nouvelle-Aquitaine,75,Nouvelle-Aquitaine
AERIEN,MUHLBL71VINCE,400kV,MUHLBACH,VINCEY,1500,44,Grand Est,44,Grand Est
AERIEN,GROSNL61MACON,225kV,GROSNE,MACON,400,27,Bourgogne-Franche-Comté,27,Bourgogne-Franche-Comté
AERIEN,MACONL61ZJOUX,225kV,BOISSE (LA),JOUX,400,84,Auvergne-Rhône-Alpes,84,Auvergne-Rhône-Alpes
AERIEN,MACONL61ZJOUX,225kV,JOUX,MACON,400,84,Auvergne-Rhône-Alpes,27,Bourgogne-Franche-Comté
AERIEN,ROM  L71VALDI,400kV,ROM,VALDIVIENNE,1500,75,Nouvelle-Aquitaine,75,Nouvelle-Aquitaine
AERIEN,GRANZL72VALDI,400kV,GRANZAY,VALDIVIENNE,1500,75,Nouvelle-Aquitaine,75,Nouvelle-Aquitaine
AERIEN,CHAN5L71QUINT,400kV,CHANCEAUX,QUINTES (LES),1500,24,Centre-Val de Loire,52,Pays de la Loire
AERIEN,CHAN5L72QUINT,400kV,CHANCEAUX,QUINTES (LES),1500,24,Centre-Val de Loire,52,Pays de la Loire
AERIEN,AOSTEL61ZGREN,225kV,AOSTE,GRENAY,400,84,Auvergne-Rhône-Alpes,84,Auvergne-Rhône-Alpes
AERIEN,AOSTEL61ZGREN,225kV,GRENAY,MIONS,400,84,Auvergne-Rhône-Alpes,84,Auvergne-Rhône-Alpes
AERIEN,AOSTEL31ZF.TO,225kV,AOSTE,ISLE D ABEAU,400,84,Auvergne-Rhône-Alpes,84,Auvergne-Rhône-Alpes
AERIEN,AOSTEL31ZF.TO,225kV,ISLE D ABEAU,TOUR-DU-PIN (LA),400,84,Auvergne-Rhône-Alpes,84,Auvergne-Rhône-Alpes
AERIEN,BREUIL61P.CHA,225kV,BREUIL (LE),PEYRAT-LE-CHATEAU,400,84,Auvergne-Rhône-Alpes,75,Nouvelle-Aquitaine
AERIEN,BOISSL61ZJOUX,225kV,BOISSE (LA),JOUX,400,84,Auvergne-Rhône-Alpes,84,Auvergne-Rhône-Alpes
AERIEN,BOISSL61ZJOUX,225kV,JOUX,MACON,400,84,Auvergne-Rhône-Alpes,27,Bourgogne-Franche-Comté
AERIEN,CHEY6L71G.ILE,400kV,CHEYLAS (LE),GRANDE-ILE,1500,84,Auvergne-Rhône-Alpes,84,Auvergne-Rhône-Alpes
AERIEN,G.ILEL61ZMER7,400kV,FROGES,GRANDE-ILE,1500,84,Auvergne-Rhône-Alpes,84,Auvergne-Rhône-Alpes
AERIEN,G.ILEL61ZMER7,400kV,GRANDE-ILE,MERCIERS (LES),1500,84,Auvergne-Rhône-Alpes,84,Auvergne-Rhône-Alpes
AERIEN,ISSELL71VERFE,400kV,ISSEL,VERFEIL,1500,76,Occitanie,76,Occitanie
AERIEN,ISSELL72VERFE,400kV,ISSEL,VERFEIL,1500,76,Occitanie,76,Occitanie
AERIEN,ARRIGL61COLON,225kV,ARRIGHI,COLONIE,400,94,Corse,94,Corse
AERIEN,AVRONL61ZAVRO,225kV,PLAISANCE,VILLEVAUDE,400,11,Île-de-France,11,Île-de-France
AERIEN,AVRONL61ZAVRO,225kV,VILLEVAUDE,AVRON,400,11,Île-de-France,11,Île-de-France
AERIEN,TOURBL61ZEMAL,225kV,EMALES(LES),RANVILLE,400,28,Normandie,28,Normandie
AERIEN,TOURBL61ZEMAL,225kV,RANVILLE,TOURBE,400,28,Normandie,28,Normandie
AERIEN,RANVIL61TOURB,225kV,RANVILLE,TOURBE,400,28,Normandie,28,Normandie
AERIEN,COQUAL61TOURB,225kV,COQUAINVILLIERS,TOURBE,400,28,Normandie,28,Normandie
AERIEN,TOURBL61ZEMAL,225kV,EMALES(LES),RANVILLE,400,28,Normandie,28,Normandie
AERIEN,TOURBL61ZEMAL,225kV,RANVILLE,TOURBE,400,28,Normandie,28,Normandie
AERIEN,G.SYNL61Q.ECL,225kV,GRANDE-SYNTHE,QUATRE-ECLUSES,400,32,Hauts-de-France,32,Hauts-de-France
AERIEN,THIERL61ZQUAR,225kV,QUAREZ,THIERS (BRUAY-SUR-L'ESCAUT),400,32,Hauts-de-France,32,Hauts-de-France
AERIEN,THIERL61ZQUAR,225kV,THIERS (BRUAY-SUR-L'ESCAUT),VALENCIENNES,400,32,Hauts-de-France,32,Hauts-de-France
AERIEN,TAMARL71TAVEL,400kV,TAMAREAU,TAVEL,1500,76,Occitanie,76,Occitanie
AERIEN,TAMARL72TAVEL,400kV,TAMAREAU,TAVEL,1500,76,Occitanie,76,Occitanie
AERIEN,BOUTRL71P.ORG,400kV,BOUTRE,PLAN-D ORGON,1500,93,Provence-Alpes-Côte d'Azur,93,Provence-Alpes-Côte d'Azur
AERIEN,BOUTRL71PRION,400kV,BOUTRE,PRIONNET,1500,93,Provence-Alpes-Côte d'Azur,76,Occitanie
AERIEN,GUEBWL61LOGEL,225kV,GUEBWILLER,LOGELBACH,400,44,Grand Est,44,Grand Est
AERIEN,LOGELL61ZL.NO,225kV,ANOULD,LAC-NOIR,400,44,Grand Est,44,Grand Est
AERIEN,LOGELL61ZL.NO,225kV,LAC-NOIR,LOGELBACH,400,44,Grand Est,44,Grand Est
AERIEN,AYRESL61ZS.CU,225kV,AYRES,SALLES CURAN,400,76,Occitanie,76,Occitanie
AERIEN,AYRESL61ZS.CU,225kV,SALLES CURAN,ONET-LE-CHATEAU,400,76,Occitanie,76,Occitanie
AERIEN,SSHUBL61ZH.TO,225kV,HAYANGE TOURNEBRIDE,LANDRES,400,44,Grand Est,44,Grand Est
AERIEN,SSHUBL61ZH.TO,225kV,LANDRES,ST-HUBERT,400,44,Grand Est,44,Grand Est
AERIEN,BRAUDL73CUBNE,400kV,BRAUD,CUBNEZAIS,1500,75,Nouvelle-Aquitaine,75,Nouvelle-Aquitaine
AERIEN,BRAUDL74CUBNE,400kV,BRAUD,CUBNEZAIS,1500,75,Nouvelle-Aquitaine,75,Nouvelle-Aquitaine
AERIEN,EGUZOL61MOUS5,225kV,EGUZON,MOUSSEAUX,400,24,Centre-Val de Loire,24,Centre-Val de Loire
AERIEN,GRAFFL61STRAS,225kV,GRAFFENSTADEN,STRASBOURG,400,44,Grand Est,44,Grand Est
AERIEN,ILLKIL31STRAS,225kV,ILLKIRCH,STRASBOURG,400,44,Grand Est,44,Grand Est
AERIEN,DECHYL61MASTA,225kV,DECHY,MASTAING,400,32,Hauts-de-France,32,Hauts-de-France
AERIEN,C.ROUL61CHARP,225kV,CHARPENAY,CROIX-ROUSSE,400,84,Auvergne-Rhône-Alpes,84,Auvergne-Rhône-Alpes
AERIEN,CHARPL61VAISE,225kV,CHARPENAY,VAISE,400,84,Auvergne-Rhône-Alpes,84,Auvergne-Rhône-Alpes
AERIEN,AQUEDL61CIROL,225kV,AQUEDUCS (LES),CIROLLIERS,400,11,Île-de-France,11,Île-de-France
AERIEN,AMARGL61ARGOE,225kV,AMARGUE,ARGOEUVES,400,32,Hauts-de-France,32,Hauts-de-France
AERIEN,AMARGL61ZARGO,225kV,AMARGUE,AMIENS,400,32,Hauts-de-France,32,Hauts-de-France
AERIEN,AMARGL61ZARGO,225kV,AMIENS,ARGOEUVES,400,32,Hauts-de-France,32,Hauts-de-France
AERIEN,HERS5L71VLEVA,400kV,HERSE(LA),VILLEVAUDE,1500,11,Île-de-France,11,Île-de-France
AERIEN,LATENL71VLEVA,400kV,LATENA,VILLEVAUDE,1500,32,Hauts-de-France,11,Île-de-France
AERIEN,GEN.PL71VIELM,400kV,GENISSIAT-POSTE,VIELMOULIN,1500,84,Auvergne-Rhône-Alpes,27,Bourgogne-Franche-Comté
AERIEN,GEN.PL72VIELM,400kV,GENISSIAT-POSTE,VIELMOULIN,1500,84,Auvergne-Rhône-Alpes,27,Bourgogne-Franche-Comté
AERIEN,CHAL7L61FESSE,225kV,CHALAMPE,FESSENHEIM(CENTRALE HYDRAULIQUE),400,44,Grand Est,44,Grand Est
AERIEN,FESSEL61OTTMA,225kV,FESSENHEIM (CENTRALE HYDRAULIQUE),OTTMARSHEIM,400,44,Grand Est,44,Grand Est
AERIEN,P.GASL71SAUS5,400kV,PLESSIS-GASSOT,SAUSSET,1500,11,Île-de-France,93,Provence-Alpes-Côte d'Azur
AERIEN,BERG9L61MARSI,225kV,BERGE,MARSILLON,400,75,Nouvelle-Aquitaine,75,Nouvelle-Aquitaine
AERIEN,CANTEL61MARSI,225kV,LIAISON 225kV N0 1CANTEGRIT,MARSILLON,400,75,Nouvelle-Aquitaine,75,Nouvelle-Aquitaine
AERIEN,JOUX L61MEUNI,225kV,JOUX,MEUNIERES (LES),400,84,Auvergne-Rhône-Alpes,84,Auvergne-Rhône-Alpes
AERIEN,COR.PL66CORD5,225kV,CORDEMAIS-POSTE,CORDEMAIS (EDF),400,52,Pays de la Loire,52,Pays de la Loire
AERIEN,BIANCL71TRANS,400kV,BIANCON,TRANS,1500,93,Provence-Alpes-Côte d'Azur,93,Provence-Alpes-Côte d'Azur
AERIEN,BIANCL72TRANS,400kV,BIANCON,TRANS,1500,93,Provence-Alpes-Côte d'Azur,93,Provence-Alpes-Côte d'Azur
AERIEN,CHOO2L71LONNY,400kV,CHOOZ B,LONNY,1500,44,Grand Est,44,Grand Est
AERIEN,CHOO2L71LONNY,400kV,CHOOZ B,LONNY,1500,44,Grand Est,44,Grand Est
AERIEN,WARANL71WEPPE,400kV,WARANDE,WEPPES,1500,32,Hauts-de-France,32,Hauts-de-France
AERIEN,AVELIL72WARAN,400kV,AVELIN,WARANDE,1500,32,Hauts-de-France,32,Hauts-de-France
AERIEN,BARNAL72ROUGE,400kV,BARNABOS,ROUGEMONTIER,1500,28,Normandie,28,Normandie
AERIEN,HOLQUL61WARAN,225kV,HOLQUE,WARANDE,400,32,Hauts-de-France,32,Hauts-de-France
AERIEN,GATELL61ZENCH,225kV,BREUIL,GATELLIER,400,84,Auvergne-Rhône-Alpes,84,Auvergne-Rhône-Alpes
AERIEN,GATELL61ZENCH,225kV,GATELLIER,ENCHANET,400,84,Auvergne-Rhône-Alpes,84,Auvergne-Rhône-Alpes
AERIEN,GAMBSL61SELTZ,225kV,GAMBSHEIM,SELTZ,400,44,Grand Est,44,Grand Est
AERIEN,ROESCL31ROHRW,225kV,ROESCHWOOG,ROHRWILLER,400,44,Grand Est,44,Grand Est
AERIEN,M.MORL61SAUS5,225kV,MITRY,MORY (E.D.F.),400,11,Île-de-France,32,Hauts-de-France
AERIEN,M.MORL61SAUS5,225kV,MORY (E.D.F.),SAUSSET,400,32,Hauts-de-France,93,Provence-Alpes-Côte d'Azur
AERIEN,M.MORL61VLEVA,225kV,MITRY,MORY (E.D.F.),400,11,Île-de-France,32,Hauts-de-France
AERIEN,M.MORL61VLEVA,225kV,MORY (E.D.F.),VILLEVAUDE,400,32,Hauts-de-France,11,Île-de-France
AERIEN,MEYZIL61MIONS,225kV,MEYZIEU,MIONS,400,84,Auvergne-Rhône-Alpes,84,Auvergne-Rhône-Alpes
AERIEN,GRANZL61ZGRA6,225kV,BEAULIEU,ROUMAGNOLLE,400,75,Nouvelle-Aquitaine,75,Nouvelle-Aquitaine
AERIEN,GRANZL61ZGRA6,225kV,ROUMAGNOLLE,GRANZAY,400,75,Nouvelle-Aquitaine,75,Nouvelle-Aquitaine
AERIEN,B.CARL61T.VIC,225kV,BROC-CARROS (LE),TRINITE-VICTOR,400,93,Provence-Alpes-Côte d'Azur,93,Provence-Alpes-Côte d'Azur
AERIEN,B.CARL62T.VIC,225kV,BROC-CARROS (LE),TRINITE-VICTOR,400,93,Provence-Alpes-Côte d'Azur,93,Provence-Alpes-Côte d'Azur
AERIEN,BXTO5L61H.VIE,225kV,BEAUTOR (POSTE),HERIE-LA-VIEVILLE,400,32,Hauts-de-France,32,Hauts-de-France
AERIEN,CAIL5L61E.BOT,225kV,CAILLOLS,ENCO-DE-BOTTE,400,93,Provence-Alpes-Côte d'Azur,93,Provence-Alpes-Côte d'Azur
AERIEN,E.BOTL61RABAT,225kV,ENCO-DE-BOTTE,RABATAU,400,93,Provence-Alpes-Côte d'Azur,93,Provence-Alpes-Côte d'Azur
AERIEN,CHEV5L61RECOU,225kV,CHEVIRE,RECOUVRANCE,400,52,Pays de la Loire,52,Pays de la Loire
AERIEN,CHOLEL61RECOU,225kV,CHOLET,RECOUVRANCE,400,52,Pays de la Loire,52,Pays de la Loire
AERIEN,DAMBRL61G.DEN,225kV,DAMBRON,GAULT-SAINT-DENIS,400,24,Centre-Val de Loire,24,Centre-Val de Loire
AERIEN,DAMBRL62G.DEN,225kV,DAMBRON,GAULT-SAINT-DENIS,400,24,Centre-Val de Loire,24,Centre-Val de Loire
AERIEN,ARGOEL61ZH.B5,225kV,ARGOEUVES,BLOCAUX,400,32,Hauts-de-France,32,Hauts-de-France
AERIEN,ARGOEL61ZH.B5,225kV,BLOCAUX,HORNOY-LE-BOURG,400,32,Hauts-de-France,32,Hauts-de-France
AERIEN,D.BURL61TABAR,225kV,DAMPIERRE-EN-BURLY,TABARDERIE,400,24,Centre-Val de Loire,24,Centre-Val de Loire
AERIEN,D.BURL62TABAR,225kV,DAMPIERRE-EN-BURLY,TABARDERIE,400,24,Centre-Val de Loire,24,Centre-Val de Loire
AERIEN,C.METL61VOID,225kV,CROIX-DE-METZ,VOID,400,44,Grand Est,44,Grand Est
AERIEN,VANDIL61VOID,225kV,VANDIERES,VOID,400,44,Grand Est,44,Grand Est
AERIEN,DARSEL62RELA5,225kV,DARSE,RELAIS,400,93,Provence-Alpes-Côte d'Azur,93,Provence-Alpes-Côte d'Azur
AERIEN,MTCROL61VENDI,225kV,MONTCROISETTE,VENDIN,400,32,Hauts-de-France,32,Hauts-de-France
AERIEN,G.SYNL61WESTH,225kV,GRANDE-SYNTHE,WESTHOUCK (COPENOR G.I.E.),400,32,Hauts-de-France,32,Hauts-de-France
AERIEN,G.SYNL62WESTH,225kV,GRANDE-SYNTHE,WESTHOUCK(COPENOR G.I.E.),400,32,Hauts-de-France,32,Hauts-de-France
AERIEN,CHAV6L61GEN.P,225kV,CHAVANOD,GENISSIAT-POSTE,400,84,Auvergne-Rhône-Alpes,84,Auvergne-Rhône-Alpes
AERIEN,M.LANL31VNERE,225kV,MONTAGNY-LES-LANCHES,VIGNERES,400,84,Auvergne-Rhône-Alpes,84,Auvergne-Rhône-Alpes
AERIEN,EGUZOL71VALDI,400kV,EGUZON,VALDIVIENNE,1500,24,Centre-Val de Loire,75,Nouvelle-Aquitaine
AERIEN,EGUZOL72VALDI,400kV,EGUZON,VALDIVIENNE,1500,24,Centre-Val de Loire,75,Nouvelle-Aquitaine
AERIEN,MIONSL61VENIS,225kV,MIONS,VENISSIEUX,400,84,Auvergne-Rhône-Alpes,84,Auvergne-Rhône-Alpes
AERIEN,VENISL61ZVENI,225kV,VENISSIEUX,VENIS / MIONS MOUCH 2,400,84,Auvergne-Rhône-Alpes,84,Auvergne-Rhône-Alpes
AERIEN,PALENL61SAONE,225kV,PALENTE,SAONE,400,27,Bourgogne-Franche-Comté,27,Bourgogne-Franche-Comté
AERIEN,PALENL31ZNOVI,225kV,NOVILLARS,PALENTE,400,27,Bourgogne-Franche-Comté,27,Bourgogne-Franche-Comté
AERIEN,PALENL31ZNOVI,225kV,PALENTE,PRES-DE-VAUX,400,27,Bourgogne-Franche-Comté,27,Bourgogne-Franche-Comté
AERIEN,GRANZL61SSFLO,225kV,GRANZAY,ST-FLORENT,400,75,Nouvelle-Aquitaine,94,Corse
AERIEN,GRANZL62SSFLO,225kV,GRANZAY,ST-FLORENT,400,75,Nouvelle-Aquitaine,94,Corse
AERIEN,BARNAL71VAUPA,400kV,BARNABOS,VAUPALIERE (LA),1500,28,Normandie,28,Normandie
AERIEN,BARNAL72VAUPA,400kV,BARNABOS,VAUPALIERE (LA),1500,28,Normandie,28,Normandie
AERIEN,PELISL61ZLACA,225kV,PELISSIER,REQUISTA,400,76,Occitanie,76,Occitanie
AERIEN,PELISL61ZLACA,225kV,REQUISTA,ST-VICTOR,400,76,Occitanie,76,Occitanie
AERIEN,MIONSL61MOIRA,225kV,MIONS,MOIRANS,400,84,Auvergne-Rhône-Alpes,84,Auvergne-Rhône-Alpes
AERIEN,MIONSL31VERCH,225kV,MIONS,VERCHERES (LES),400,84,Auvergne-Rhône-Alpes,84,Auvergne-Rhône-Alpes
AERIEN,ABLAIL61LATEN,225kV,ABLAINCOURT,LATENA,400,32,Hauts-de-France,32,Hauts-de-France
AERIEN,ABLAIL62PERTA,225kV,ABLAINCOURT,PERTAIN,400,32,Hauts-de-France,32,Hauts-de-France
AERIEN,P.GASL71PENC5,400kV,PENCHARD,PLESSIS-GASSOT,1500,11,Île-de-France,11,Île-de-France
AERIEN,VIGY L61ZGAN5,225kV,AMNEVILLE,ST-HUBERT,400,44,Grand Est,44,Grand Est
AERIEN,VIGY L61ZGAN5,225kV,ST-HUBERT,VIGY,400,44,Grand Est,44,Grand Est
AERIEN,H.BORL61P.GAS,225kV,HTE BORNE,PLESSIS-GASSOT,400,11,Île-de-France,11,Île-de-France
AERIEN,P.GASL61ZLIE5,225kV,CERGY,LIESSE,400,11,Île-de-France,11,Île-de-France
AERIEN,P.GASL61ZLIE5,225kV,LIESSE,PLESSIS-GASSOT,400,11,Île-de-France,11,Île-de-France
AERIEN,CHAN6L62REVIG,225kV,CHANCENAY,REVIGNY,400,44,Grand Est,44,Grand Est
AERIEN,CHAN6L31REVIG,225kV,CHANCENAY,REVIGNY,400,44,Grand Est,44,Grand Est
AERIEN,COUDOL61NEOUL,225kV,COUDON (LE),NEOULES,400,93,Provence-Alpes-Côte d'Azur,93,Provence-Alpes-Côte d'Azur
AERIEN,MENUEL74TAUTE,400kV,MENUEL,TAUTE,1500,28,Normandie,28,Normandie
AERIEN,.AUBAL61MOULA,225kV,AUBANGE,MOULAINE,400,0,Étranger,44,Grand Est
AERIEN,M.MA5L61MOULA,225kV,MT-SAINT-MARTIN,MOULAINE,400,44,Grand Est,44,Grand Est
AERIEN,RELE L61VANDI,225kV,RELE,VANDIERES,400,44,Grand Est,44,Grand Est
AERIEN,RELE L62VANDI,225kV,RELE,VANDIERES,400,44,Grand Est,44,Grand Est
AERIEN,B.MESL61ZB.ME,225kV,ROYE,VALESCOURT,400,27,Bourgogne-Franche-Comté,32,Hauts-de-France
AERIEN,B.MESL61ZB.ME,225kV,VALESCOURT,BUS-LA-MESIERE,400,32,Hauts-de-France,32,Hauts-de-France
AERIEN,B.CARL62T.VIC,225kV,BROC-CARROS (LE),TRINITE-VICTOR,400,93,Provence-Alpes-Côte d'Azur,93,Provence-Alpes-Côte d'Azur
AERIEN,LOSCOL61MARTY,225kV,LOSCOAT,MARTYRE (LA),400,53,Bretagne,53,Bretagne
AERIEN,LANN6L32LOSCO,225kV,LANNILIS,LOSCOAT,400,53,Bretagne,53,Bretagne
AERIEN,M.RADL61P.JER,225kV,MARAIS DE RADICATEL (LES),PORT-JEROME,400,28,Normandie,28,Normandie
AERIEN,GEN.PL61ZCRUS,225kV,CORNIER,CRUSEILLES,400,84,Auvergne-Rhône-Alpes,84,Auvergne-Rhône-Alpes
AERIEN,GEN.PL61ZCRUS,225kV,CRUSEILLES,GENISSIAT-POSTE,400,84,Auvergne-Rhône-Alpes,84,Auvergne-Rhône-Alpes
AERIEN,CORNIL62GEN.P,225kV,CORNIER,GENISSIAT-POSTE,400,84,Auvergne-Rhône-Alpes,84,Auvergne-Rhône-Alpes
AERIEN,MALINL61RULHA,225kV,MALINTRAT,RULHAT,400,84,Auvergne-Rhône-Alpes,84,Auvergne-Rhône-Alpes
AERIEN,C.FONL61ZAMIG,225kV,CLAIRE-FONTAINE,COMMERVEIL,400,52,Pays de la Loire,52,Pays de la Loire
AERIEN,C.FONL61ZAMIG,225kV,COMMERVEIL,QUINTES (LES),400,52,Pays de la Loire,52,Pays de la Loire
AERIEN,C.FONL61ZAMIG,225kV,CLAIRE-FONTAINE,COMMERVEIL,400,52,Pays de la Loire,52,Pays de la Loire
AERIEN,C.FONL61ZAMIG,225kV,COMMERVEIL,QUINTES (LES),400,52,Pays de la Loire,52,Pays de la Loire
AERIEN,C.FONL61ZQUI5,225kV,ARNAGE,CLAIRE-FONTAINE,400,52,Pays de la Loire,52,Pays de la Loire
AERIEN,C.FONL61ZQUI5,225kV,CLAIRE-FONTAINE,QUINTES (LES),400,52,Pays de la Loire,52,Pays de la Loire
AERIEN,MIONSL61MOUCH,225kV,MIONS,MOUCHE (LA),400,84,Auvergne-Rhône-Alpes,84,Auvergne-Rhône-Alpes
AERIEN,MIONSL62MOUCH,225kV,MIONS,MOUCHE (LA),400,84,Auvergne-Rhône-Alpes,84,Auvergne-Rhône-Alpes
AERIEN,PLAISL62ZGAL5,225kV,GALERES,PLAISANCE,400,11,Île-de-France,11,Île-de-France
AERIEN,PLAISL62ZGAL5,225kV,PLAISANCE,VILLEVAUDE,400,11,Île-de-France,11,Île-de-France
AERIEN,ROMAIL64ZGALE,225kV,GALERES,ROMAINVILLE,400,11,Île-de-France,11,Île-de-France
AERIEN,ROMAIL64ZGALE,225kV,ROMAINVILLE,VILLEVAUDE,400,11,Île-de-France,11,Île-de-France
AERIEN,GRANZL71ROM,400kV,GRANZAY,ROM,1500,75,Nouvelle-Aquitaine,75,Nouvelle-Aquitaine
AERIEN,GRANZL72VALDI,400kV,GRANZAY,VALDIVIENNE,1500,75,Nouvelle-Aquitaine,75,Nouvelle-Aquitaine
AERIEN,GIEN L61ZGLAC,225kV,GIEN,TABARDERIE,400,24,Centre-Val de Loire,24,Centre-Val de Loire
AERIEN,GIEN L61ZGLAC,225kV,TABARDERIE,VILLEMANDEUR,400,24,Centre-Val de Loire,24,Centre-Val de Loire
AERIEN,ROUGEL61YAINV,225kV,ROUGEMONTIER,YAINVILLE,400,28,Normandie,28,Normandie
AERIEN,ROUGEL61VAUPA,225kV,ROUGEMONTIER,VAUPALIERE (LA),400,28,Normandie,28,Normandie
AERIEN,GUARBL61ZWOES,225kV,GUARBECQUE,HOLQUE,400,32,Hauts-de-France,32,Hauts-de-France
AERIEN,GUARBL61ZWOES,225kV,HOLQUE,WOESTYNE,400,32,Hauts-de-France,0,Étranger
AERIEN,PALUNL62SEPTE,225kV,PALUN (LA),SEPTEMES,400,93,Provence-Alpes-Côte d'Azur,93,Provence-Alpes-Côte d'Azur
AERIEN,PALUNL31SEPTE,225kV,PALUN (LA),SEPTEMES,400,93,Provence-Alpes-Côte d'Azur,93,Provence-Alpes-Côte d'Azur
AERIEN,SALIGL61ZSAL6,225kV,SALIGNAC,SISTERON,400,93,Provence-Alpes-Côte d'Azur,93,Provence-Alpes-Côte d'Azur
AERIEN,SALIGL61ZSAL6,225kV,SISTERON,ST-AUBAN,400,93,Provence-Alpes-Côte d'Azur,93,Provence-Alpes-Côte d'Azur
AERIEN,BAIXAL71GAUDI,400kV,BAIXAS,LA GAUDIERE,1500,76,Occitanie,93,Provence-Alpes-Côte d'Azur
AERIEN,A.LI6L61G.SYN,225kV,AIR-LIQUIDE(A GRANDE SYNTHE),GRANDE-SYNTHE,400,32,Hauts-de-France,32,Hauts-de-France
AERIEN,SSROCL62VERTE,225kV,ST-ROCH,VERTEFEUILLE,400,24,Centre-Val de Loire,32,Hauts-de-France
AERIEN,P.GASL72TERRI,400kV,PLESSIS-GASSOT,TERRIER,1500,11,Île-de-France,11,Île-de-France
AERIEN,CERGYL73TERRI,400kV,CERGY,TERRIER,1500,11,Île-de-France,11,Île-de-France
AERIEN,LESCAL61MARSI,225kV,LESCAR,MARSILLON,400,75,Nouvelle-Aquitaine,75,Nouvelle-Aquitaine
AERIEN,.ENSDL71VIGY,400kV,ENSDORF,VIGY,1500,0,Étranger,44,Grand Est
AERIEN,.ENSDL72VIGY,400kV,ENSDORF,VIGY,1500,0,Étranger,44,Grand Est
AERIEN,P.GASL74TERRI,400kV,PLESSIS-GASSOT,TERRIER,1500,11,Île-de-France,11,Île-de-France
AERIEN,ARGOEL71MANDA,400kV,ARGOEUVES,MANDARINS,1500,32,Hauts-de-France,32,Hauts-de-France
AERIEN,FRUGEL71MANDA,400kV,FRUGES,MANDARINS,1500,32,Hauts-de-France,32,Hauts-de-France
AERIEN,MUHLBL72SIERE,400kV,MUHLBACH,SIERENTZ,1500,44,Grand Est,44,Grand Est
AERIEN,B.EPIL61DOMLO,225kV,BELLE-EPINE,DOMLOUP,400,53,Bretagne,53,Bretagne
AERIEN,B.EPIL62ZSSL7,225kV,BELLE-EPINE,DOMLOUP,400,53,Bretagne,53,Bretagne
AERIEN,B.EPIL62ZSSL7,225kV,DOMLOUP,ST-LAURENT,400,53,Bretagne,44,Grand Est
AERIEN,LARDIL61ZLARD,225kV,GOLINHAC,RUEYRES,400,76,Occitanie,76,Occitanie
AERIEN,LARDIL61ZLARD,225kV,RUEYRES,COUESQUE,400,76,Occitanie,76,Occitanie
AERIEN,LARDIL61ZLARD,225kV,COUESQUE,LARDIT,400,76,Occitanie,76,Occitanie
AERIEN,BOUDEL61C.RHO,225kV,BOUDEYRE,CHATEAUNEUF-DU-RHONE,400,76,Occitanie,84,Auvergne-Rhône-Alpes
AERIEN,.BASSL71MAMBE,400kV,BASSECOURT,MAMBELIN,1500,0,Étranger,27,Bourgogne-Franche-Comté
AERIEN,FAMARL61G.CAI,225kV,FAMARS,GROS-CAILLOU,400,32,Hauts-de-France,11,Île-de-France
AERIEN,CSLL8L61SAUMA,225kV,CASTELLE (LA),SAUMADE,400,76,Occitanie,76,Occitanie
AERIEN,P.GASL72TERRI,400kV,PLESSIS-GASSOT,TERRIER,1500,11,Île-de-France,11,Île-de-France
AERIEN,ARGOEL71P.GAS,400kV,ARGOEUVES,PLESSIS-GASSOT,1500,32,Hauts-de-France,11,Île-de-France
AERIEN,GEN.PL61IZERN,225kV,GENISSIAT-POSTE,IZERNORE,400,84,Auvergne-Rhône-Alpes,84,Auvergne-Rhône-Alpes
AERIEN,GEN.PL61IZERN,225kV,GENISSIAT-POSTE,IZERNORE,400,84,Auvergne-Rhône-Alpes,84,Auvergne-Rhône-Alpes
AERIEN,L.CHAL61S.DAM,225kV,LONG-CHAMP (LE),SOISSONS-NOTRE-DAME,400,32,Hauts-de-France,32,Hauts-de-France
AERIEN,DAMBRL61ZSEMO,225kV,CARRES(LES),DAMBRON,400,24,Centre-Val de Loire,24,Centre-Val de Loire
AERIEN,DAMBRL61ZSEMO,225kV,DAMBRON,TIVERNON,400,24,Centre-Val de Loire,24,Centre-Val de Loire
AERIEN,DAMBRL61ZSEMO,225kV,TIVERNON,VILLEJUST,400,24,Centre-Val de Loire,11,Île-de-France
AERIEN,PASSYL61PRESS,225kV,PASSY,PRESSY,400,84,Auvergne-Rhône-Alpes,84,Auvergne-Rhône-Alpes
AERIEN,PRESSL32VOUGY,225kV,PRESSY,VOUGY,400,84,Auvergne-Rhône-Alpes,84,Auvergne-Rhône-Alpes
AERIEN,A.LI6L61G.SYN,225kV,AIR-LIQUIDE(A GRANDE SYNTHE),GRANDE-SYNTHE,400,32,Hauts-de-France,32,Hauts-de-France
AERIEN,G.SYNL61ROZEB,225kV,GRANDE-SYNTHE,ROZEBOOM,400,32,Hauts-de-France,0,Étranger
AERIEN,BOISSL71MIONS,400kV,BOISSE (LA),MIONS,1500,84,Auvergne-Rhône-Alpes,84,Auvergne-Rhône-Alpes
AERIEN,FOUSCL61TAMAR,225kV,FOUSCAIS,TAMAREAU,400,76,Occitanie,76,Occitanie
AERIEN,BZGUIL61ETUPE,225kV,BOURGUIGNON,ETUPES,400,27,Bourgogne-Franche-Comté,27,Bourgogne-Franche-Comté
AERIEN,LIMEUL71PENL5,400kV,LIMEUX,PENLY (POSTE EVACUATION),1500,32,Hauts-de-France,28,Normandie
AERIEN,CLEONL61MANOI,225kV,CLEON,MANOIR,400,28,Normandie,28,Normandie
AERIEN,CARR5L61ZCARR,225kV,CARRES(LES),DAMBRON,400,24,Centre-Val de Loire,24,Centre-Val de Loire
AERIEN,CARR5L61ZCARR,225kV,DAMBRON,TIVERNON,400,24,Centre-Val de Loire,24,Centre-Val de Loire
AERIEN,CARR5L61ZCARR,225kV,TIVERNON,VILLEJUST,400,24,Centre-Val de Loire,11,Île-de-France
AERIEN,RICHEL61SSHUB,225kV,RICHEMONT,ST-HUBERT,400,44,Grand Est,44,Grand Est
AERIEN,CIVAUL75VALDI,400kV,CIVAUX,VALDIVIENNE,1500,75,Nouvelle-Aquitaine,75,Nouvelle-Aquitaine
AERIEN,SSELOL61VNOL,225kV,ST-ELOI,VIGNOL,400,84,Auvergne-Rhône-Alpes,27,Bourgogne-Franche-Comté
AERIEN,GARCHL31SSELO,225kV,GARCHIZY,ST-ELOI,400,27,Bourgogne-Franche-Comté,84,Auvergne-Rhône-Alpes
AERIEN,G.BA5L62ZG.BA,225kV,BOUTRE,GREOUX LES BAINS,400,93,Provence-Alpes-Côte d'Azur,93,Provence-Alpes-Côte d'Azur
AERIEN,G.BA5L62ZG.BA,225kV,GREOUX LES BAINS,STE-TULLE,400,93,Provence-Alpes-Côte d'Azur,93,Provence-Alpes-Côte d'Azur
AERIEN,SSGCOL61ZSS11,225kV,CUBNEZAIS,SAINT-GERAUD-DE-CORPS,400,75,Nouvelle-Aquitaine,75,Nouvelle-Aquitaine
AERIEN,SSGCOL61ZSS11,225kV,SAINT-GERAUD-DE-CORPS,TUILIERES,400,75,Nouvelle-Aquitaine,75,Nouvelle-Aquitaine
AERIEN,CUBNEL61ZSS11,225kV,CUBNEZAIS,SAINT-GERAUD-DE-CORPS,400,75,Nouvelle-Aquitaine,75,Nouvelle-Aquitaine
AERIEN,CUBNEL61ZSS11,225kV,SAINT-GERAUD-DE-CORPS,TUILIERES,400,75,Nouvelle-Aquitaine,75,Nouvelle-Aquitaine
AERIEN,CUBNEL61ZSS11,225kV,CUBNEZAIS,SAINT-GERAUD-DE-CORPS,400,75,Nouvelle-Aquitaine,75,Nouvelle-Aquitaine
AERIEN,CUBNEL61ZSS11,225kV,SAINT-GERAUD-DE-CORPS,TUILIERES,400,75,Nouvelle-Aquitaine,75,Nouvelle-Aquitaine
AERIEN,BIANCL61P.GR5,225kV,BIANCON,PLAN-DE-GRASSE,400,93,Provence-Alpes-Côte d'Azur,93,Provence-Alpes-Côte d'Azur
AERIEN,MOUGIL61P.GR5,225kV,MOUGINS,PLAN-DE-GRASSE,400,93,Provence-Alpes-Côte d'Azur,93,Provence-Alpes-Côte d'Azur
AERIEN,SSHUBL61ZGAN5,225kV,AMNEVILLE,ST-HUBERT,400,44,Grand Est,44,Grand Est
AERIEN,SSHUBL61ZGAN5,225kV,ST-HUBERT,VIGY,400,44,Grand Est,44,Grand Est
AERIEN,DUVIGL61ZDUV5,225kV,BRODE,DUVIGNEAU,400,32,Hauts-de-France,32,Hauts-de-France
AERIEN,DUVIGL61ZDUV5,225kV,DUVIGNEAU,FLANDRE MARITIME,400,32,Hauts-de-France,32,Hauts-de-France
AERIEN,CHARPL71GREPI,400kV,CHARPENAY,GREPILLES,1500,84,Auvergne-Rhône-Alpes,84,Auvergne-Rhône-Alpes
AERIEN,CISSAL61MQIS,225kV,CISSAC,MARQUIS (LE),400,75,Nouvelle-Aquitaine,75,Nouvelle-Aquitaine
AERIEN,ARRIGL61COLON,225kV,ARRIGHI,COLONIE,400,94,Corse,94,Corse
AERIEN,ARRIGL61V.GEO,225kV,ARRIGHI,VILLENEUVE-ST-GEORGES,400,94,Corse,11,Île-de-France
AERIEN,AVELIL71GAVRE,400kV,AVELIN,GAVRELLE,1500,32,Hauts-de-France,32,Hauts-de-France
AERIEN,AVELIL72GAVRE,400kV,AVELIN,GAVRELLE,1500,32,Hauts-de-France,32,Hauts-de-France
AERIEN,CZRIEL61VENDI,225kV,COURRIERES,VENDIN,400,32,Hauts-de-France,32,Hauts-de-France
AERIEN,G.COLL61WARAN,225kV,GRAND COLOMBIER,WARANDE,400,32,Hauts-de-France,32,Hauts-de-France
AERIEN,BLOCAL61LIMEU,225kV,BLOCAUX,LIMEUX,400,32,Hauts-de-France,32,Hauts-de-France
AERIEN,BLOCAL61ZH.B5,225kV,ARGOEUVES,BLOCAUX,400,32,Hauts-de-France,32,Hauts-de-France
AERIEN,BLOCAL61ZH.B5,225kV,BLOCAUX,HORNOY-LE-BOURG,400,32,Hauts-de-France,32,Hauts-de-France
AERIEN,CARRIL61MORU,225kV,CARRIERES,MORU,400,11,Île-de-France,11,Île-de-France
AERIEN,BRENOL31SSMAX,225kV,BRENOUILLE,STE-MAXENCE,400,32,Hauts-de-France,32,Hauts-de-France
AERIEN,PENLYL72PENL5,400kV,PENLY (POSTE CENTRALE),PENLY (POSTE EVACUATION),1500,28,Normandie,28,Normandie
AERIEN,ARLODL61GEN.P,225kV,ARLOD,GENISSIAT-POSTE,400,84,Auvergne-Rhône-Alpes,84,Auvergne-Rhône-Alpes
AERIEN,ARLODL61GEN.P,225kV,ARLOD,GENISSIAT-POSTE,400,84,Auvergne-Rhône-Alpes,84,Auvergne-Rhône-Alpes
AERIEN,HOSPIL61ZMERE,225kV,HOSPITALET (L ),MERENS,400,76,Occitanie,76,Occitanie
AERIEN,HOSPIL61ZMERE,225kV,MERENS,TARASCON,400,76,Occitanie,76,Occitanie
AERIEN,VIGY L61ZPELT,225kV,BEZAUMONT,PELTRE,400,44,Grand Est,44,Grand Est
AERIEN,VIGY L61ZPELT,225kV,PELTRE,VIGY,400,44,Grand Est,44,Grand Est
AERIEN,CPNOLL61FRASN,225kV,CHAMPAGNOLE,FRASNE,400,27,Bourgogne-Franche-Comté,27,Bourgogne-Franche-Comté
AERIEN,B.MONL72COULA,400kV,BEAUMONT-MONTEUX,COULANGE,1500,84,Auvergne-Rhône-Alpes,84,Auvergne-Rhône-Alpes
AERIEN,PRATCL61TREVA,225kV,PRATCLAUX,TREVAS,400,84,Auvergne-Rhône-Alpes,75,Nouvelle-Aquitaine
AERIEN,M.MORL61SAUS5,225kV,MITRY,MORY (E.D.F.),400,11,Île-de-France,32,Hauts-de-France
AERIEN,M.MORL61SAUS5,225kV,MORY (E.D.F.),SAUSSET,400,32,Hauts-de-France,93,Provence-Alpes-Côte d'Azur
AERIEN,CARRIL61VALES,225kV,CARRIERES,VALESCOURT,400,11,Île-de-France,32,Hauts-de-France
AERIEN,VALESL61ZB.ME,225kV,ROYE,VALESCOURT,400,27,Bourgogne-Franche-Comté,32,Hauts-de-France
AERIEN,VALESL61ZB.ME,225kV,VALESCOURT,BUS-LA-MESIERE,400,32,Hauts-de-France,32,Hauts-de-France
AERIEN,BARNAL71TERRI,400kV,BARNABOS,TERRIER,1500,28,Normandie,11,Île-de-France
AERIEN,BARNAL72TERRI,400kV,BARNABOS,TERRIER,1500,28,Normandie,11,Île-de-France
AERIEN,BRAUDL71MQIS,400kV,BRAUD,MARQUIS (LE),1500,75,Nouvelle-Aquitaine,75,Nouvelle-Aquitaine
AERIEN,CUBNEL72MQIS,400kV,CUBNEZAIS,MARQUIS (LE),1500,75,Nouvelle-Aquitaine,75,Nouvelle-Aquitaine
AERIEN,ARRIGL61SSMR,225kV,ARRIGHI,ST-MAUR,400,94,Corse,24,Centre-Val de Loire
AERIEN,BUSSUL61ETUPE,225kV,BUSSUREL,ETUPES,400,27,Bourgogne-Franche-Comté,27,Bourgogne-Franche-Comté
AERIEN,MAMBEL61PUSY,225kV,MAMBELIN,PUSY,400,27,Bourgogne-Franche-Comté,27,Bourgogne-Franche-Comté
AERIEN,LONG6L61V.MOU,225kV,LONGEFAN,VIEUX-MOULIN,400,84,Auvergne-Rhône-Alpes,84,Auvergne-Rhône-Alpes
AERIEN,CHABRL61L.NEU,225kV,CHABRILLAN,LOGIS-NEUF,400,84,Auvergne-Rhône-Alpes,84,Auvergne-Rhône-Alpes
AERIEN,L.NEUL61ZMANG,225kV,ETOILE-SUR-RHONE,LOGIS-NEUF,400,84,Auvergne-Rhône-Alpes,84,Auvergne-Rhône-Alpes
AERIEN,L.NEUL61ZMANG,225kV,LOGIS-NEUF,VALENCE,400,84,Auvergne-Rhône-Alpes,84,Auvergne-Rhône-Alpes
AERIEN,DOMLOL72OUDON,400kV,DOMLOUP,OUDON,1500,53,Bretagne,52,Pays de la Loire
AERIEN,VLEJUL61ZMTJA,225kV,ST-AUBIN,MONTJAY,400,11,Île-de-France,11,Île-de-France
AERIEN,VLEJUL61ZMTJA,225kV,MONTJAY,VILLEJUST,400,11,Île-de-France,11,Île-de-France
AERIEN,VLEJUL61ZMTJ5,225kV,ELANCOURT,VILLEJUST,400,11,Île-de-France,11,Île-de-France
AERIEN,VLEJUL61ZMTJ5,225kV,VILLEJUST,MONTJAY,400,11,Île-de-France,11,Île-de-France
AERIEN,ZCOUEL61ZLARD,225kV,GOLINHAC,RUEYRES,400,76,Occitanie,76,Occitanie
AERIEN,ZCOUEL61ZLARD,225kV,RUEYRES,COUESQUE,400,76,Occitanie,76,Occitanie
AERIEN,ZCOUEL61ZLARD,225kV,COUESQUE,LARDIT,400,76,Occitanie,76,Occitanie
AERIEN,H.DIEL61VAUPA,225kV,HOTEL DIEU,VAUPALIERE (LA),400,28,Normandie,28,Normandie
AERIEN,H.DIEL62VAUPA,225kV,HOTEL DIEU,VAUPALIERE (LA),400,28,Normandie,28,Normandie
AERIEN,MARNIL61ZMAR8,225kV,AOSTE,BRENS,400,84,Auvergne-Rhône-Alpes,84,Auvergne-Rhône-Alpes
AERIEN,MARNIL61ZMAR8,225kV,BRENS,MARNISE (LA),400,84,Auvergne-Rhône-Alpes,84,Auvergne-Rhône-Alpes
AERIEN,DOUVRL61ZPLAC,225kV,DOUVRIN,LESTARQUIT,400,32,Hauts-de-France,53,Bretagne
AERIEN,DOUVRL61ZPLAC,225kV,LESTARQUIT,PLACHY (LE),400,53,Bretagne,32,Hauts-de-France
AERIEN,AQUEDL61ZCOQU,225kV,AQUEDUCS (LES),COQUIBUS,400,11,Île-de-France,32,Hauts-de-France
AERIEN,AQUEDL61ZCOQU,225kV,COQUIBUS,GRIGNY,400,32,Hauts-de-France,32,Hauts-de-France
AERIEN,FRASNL71GEN.P,400kV,FRASNE,GENISSIAT-POSTE,1500,27,Bourgogne-Franche-Comté,84,Auvergne-Rhône-Alpes
AERIEN,COULAL74CRUA5,400kV,COULANGE,CRUAS (-MEYSSE),1500,84,Auvergne-Rhône-Alpes,84,Auvergne-Rhône-Alpes
AERIEN,COULAL73CRUA5,400kV,COULANGE,CRUAS (-MEYSSE),1500,84,Auvergne-Rhône-Alpes,84,Auvergne-Rhône-Alpes
AERIEN,COULAL74CRUA5,400kV,COULANGE,CRUAS (-MEYSSE),1500,84,Auvergne-Rhône-Alpes,84,Auvergne-Rhône-Alpes
AERIEN,CERNAL61VESLE,225kV,CERNAY,VESLE,400,44,Grand Est,44,Grand Est
AERIEN,MOIMOL61MORU,225kV,MOIMONT,MORU,400,11,Île-de-France,11,Île-de-France
AERIEN,MOIMOL61P.GAS,225kV,MOIMONT,PLESSIS-GASSOT,400,11,Île-de-France,11,Île-de-France
AERIEN,BUTTAL61ZBUTT,225kV,BUTTAVENT,FLERS,400,28,Normandie,28,Normandie
AERIEN,BUTTAL61ZBUTT,225kV,FLERS,LAVAL,400,28,Normandie,52,Pays de la Loire
AERIEN,DONZEL61FEROU,225kV,DONZENAC,FEROUGE,400,75,Nouvelle-Aquitaine,75,Nouvelle-Aquitaine
AERIEN,DONZEL61FEROU,225kV,DONZENAC,FEROUGE,400,75,Nouvelle-Aquitaine,75,Nouvelle-Aquitaine
AERIEN,FEUILL61ROCAD,225kV,FEUILLANE,ROCADE,400,93,Provence-Alpes-Côte d'Azur,93,Provence-Alpes-Côte d'Azur
AERIEN,G.SYNL61Q.ECL,225kV,GRANDE-SYNTHE,QUATRE-ECLUSES,400,32,Hauts-de-France,32,Hauts-de-France
AERIEN,G.SYNL61ZQ.EC,225kV,DUNES (LES),GRANDE-SYNTHE,400,32,Hauts-de-France,32,Hauts-de-France
AERIEN,G.SYNL61ZQ.EC,225kV,GRANDE-SYNTHE,QUATRE-ECLUSES,400,32,Hauts-de-France,32,Hauts-de-France
AERIEN,MEZE5L61PORCH,225kV,MEZEROLLES,PORCHEVILLE,400,32,Hauts-de-France,11,Île-de-France
AERIEN,COUBEL61MOISE,225kV,COUBERT,MOISENAY,400,11,Île-de-France,11,Île-de-France
AERIEN,CZTRYL61MOISE,225kV,COURTRY,MOISENAY,400,11,Île-de-France,11,Île-de-France
AERIEN,DOMLOL71P.HA5,400kV,DOMLOUP,PLAINE HAUTE,1500,53,Bretagne,53,Bretagne
AERIEN,BISSYL61G.ILE,225kV,BISSY,GRANDE-ILE,400,27,Bourgogne-Franche-Comté,84,Auvergne-Rhône-Alpes
AERIEN,B.RONL31BISSY,225kV,BISSY,BUISSON ROND,400,27,Bourgogne-Franche-Comté,27,Bourgogne-Franche-Comté
AERIEN,P.ROSL61SSAVO,225kV,PETITE-ROSSELLE,ST-AVOLD,400,44,Grand Est,44,Grand Est
AERIEN,VAIREL61VLEVA,225kV,VAIRES (-SUR-MARNE),VILLEVAUDE,400,11,Île-de-France,11,Île-de-France
AERIEN,VAIREL61VLEVA,225kV,VAIRES (-SUR-MARNE),VILLEVAUDE,400,11,Île-de-France,11,Île-de-France
AERIEN,DARCEL61VIELM,225kV,DARCEY,VIELMOULIN,400,27,Bourgogne-Franche-Comté,27,Bourgogne-Franche-Comté
AERIEN,.RONDL72ALBER,400kV,ALBERTVILLE,RONDISSONE,1500,84,Auvergne-Rhône-Alpes,0,Étranger
AERIEN,COQUAL61ROUGE,225kV,COQUAINVILLIERS,ROUGEMONTIER,400,28,Normandie,28,Normandie
AERIEN,CBAUDL61ZCBAU,225kV,BEAUMONT-MONTEUX,CHABRILLAN,400,84,Auvergne-Rhône-Alpes,84,Auvergne-Rhône-Alpes
AERIEN,CBAUDL61ZCBAU,225kV,CHABRILLAN,CHAMBAUD,400,84,Auvergne-Rhône-Alpes,84,Auvergne-Rhône-Alpes
AERIEN,P.ANDL61SAUS2,225kV,PRAZ-ST-ANDRE,SAUSSAZ II (LA),400,84,Auvergne-Rhône-Alpes,84,Auvergne-Rhône-Alpes
AERIEN,P.ANDL61SAUS2,225kV,PRAZ-ST-ANDRE,SAUSSAZ II (LA),400,84,Auvergne-Rhône-Alpes,84,Auvergne-Rhône-Alpes
AERIEN,.BASSL71SIERE,400kV,BASSECOURT,SIERENTZ,1500,0,Étranger,44,Grand Est
AERIEN,MTAG5L61ZVILA,225kV,CHATEAURENARD,MONTAGNETTE (LA),400,93,Provence-Alpes-Côte d'Azur,93,Provence-Alpes-Côte d'Azur
AERIEN,MTAG5L61ZVILA,225kV,MONTAGNETTE (LA),ROQUEROUSSE,400,93,Provence-Alpes-Côte d'Azur,93,Provence-Alpes-Côte d'Azur
AERIEN,PARC L61QUINT,225kV,PARC (LE),QUINTES (LES),400,28,Normandie,52,Pays de la Loire
AERIEN,PARC L62QUINT,225kV,PARC (LE),QUINTES (LES),400,28,Normandie,52,Pays de la Loire
AERIEN,CXNAYL61ZJUST,225kV,CHAUNAY,DAMBRON,400,75,Nouvelle-Aquitaine,24,Centre-Val de Loire
AERIEN,CXNAYL61ZJUST,225kV,DAMBRON,JUSTICE,400,24,Centre-Val de Loire,24,Centre-Val de Loire
AERIEN,LAFIGL61ZLAFI,225kV,BARJAC,PIED-DE-BORNE,400,76,Occitanie,76,Occitanie
AERIEN,LAFIGL61ZLAFI,225kV,PIED-DE-BORNE,LAFIGERE,400,76,Occitanie,76,Occitanie
AERIEN,SSAVOL61SUIS5,225kV,ST-AVOLD,SUISSE,400,44,Grand Est,44,Grand Est
AERIEN,COULAL72TRI.P,400kV,COULANGE,TRICASTIN-POSTE (LE),1500,84,Auvergne-Rhône-Alpes,84,Auvergne-Rhône-Alpes
AERIEN,RECY L61ZCUPE,225kV,CUPERLY,RECY,400,44,Grand Est,44,Grand Est
AERIEN,RECY L61ZCUPE,225kV,RECY,VESLE,400,44,Grand Est,44,Grand Est
AERIEN,LANEUL61SUIS5,225kV,LANEUVEVILLE,SUISSE,400,44,Grand Est,44,Grand Est
AERIEN,.VICHL71BAIXA,400kV,VICH,BAIXAS,1500,0,Étranger,76,Occitanie
AERIEN,MARTYL61SQUIV,225kV,MARTYRE (LA),SQUIVIDAN,400,53,Bretagne,53,Bretagne
AERIEN,MARTYL62ZTREF,225kV,DIRINON,MARTYRE (LA),400,53,Bretagne,53,Bretagne
AERIEN,MARTYL62ZTREF,225kV,MARTYRE (LA),SQUIVIDAN,400,53,Bretagne,53,Bretagne
AERIEN,DAMBRL72GATI5,400kV,DAMBRON,GATINAIS,1500,24,Centre-Val de Loire,24,Centre-Val de Loire
AERIEN,ECHINL61MANDA,225kV,ECHINGHEN,MANDARINS,400,32,Hauts-de-France,32,Hauts-de-France
AERIEN,MANDAL41MQISE,225kV,MANDARINS,MARQUISE,400,32,Hauts-de-France,32,Hauts-de-France
AERIEN,CHAL7L61FESSE,225kV,CHALAMPE,FESSENHEIM(CENTRALE HYDRAULIQUE),400,44,Grand Est,44,Grand Est
AERIEN,P.ANDL61SAUS2,225kV,PRAZ-ST-ANDRE,SAUSSAZ II (LA),400,84,Auvergne-Rhône-Alpes,84,Auvergne-Rhône-Alpes
AERIEN,BISSOL21SAUS2,225kV,BISSORTE,SAUSSAZ II (LA),400,84,Auvergne-Rhône-Alpes,84,Auvergne-Rhône-Alpes
AERIEN,MOUISL61TERRA,225kV,MOUISSONNES,TERRADOU,400,93,Provence-Alpes-Côte d'Azur,93,Provence-Alpes-Côte d'Azur
AERIEN,CAZARL61JALIS,225kV,CAZARIL,JALIS,400,76,Occitanie,76,Occitanie
AERIEN,MONDIL61ORANG,225kV,MONDION,ORANGERIE (L),400,75,Nouvelle-Aquitaine,24,Centre-Val de Loire
AERIEN,AUBUSL62MOLE,225kV,AUBUSSON,MOLE (LA),400,75,Nouvelle-Aquitaine,75,Nouvelle-Aquitaine
AERIEN,CUBNEL61MTGUY,225kV,CUBNEZAIS,MONTGUYON,400,75,Nouvelle-Aquitaine,75,Nouvelle-Aquitaine
AERIEN,CUBNEL61ZSS11,225kV,CUBNEZAIS,SAINT-GERAUD-DE-CORPS,400,75,Nouvelle-Aquitaine,75,Nouvelle-Aquitaine
AERIEN,CUBNEL61ZSS11,225kV,SAINT-GERAUD-DE-CORPS,TUILIERES,400,75,Nouvelle-Aquitaine,75,Nouvelle-Aquitaine
AERIEN,MAREGL61MOLE,225kV,MAREGES,MOLE (LA),400,75,Nouvelle-Aquitaine,75,Nouvelle-Aquitaine
AERIEN,FOSSEL61ORSON,225kV,FOSSES (LES),ORSONVILLE,400,11,Île-de-France,11,Île-de-France
AERIEN,LANDRL61MTOIS,225kV,LANDRES,MONTOIS,400,44,Grand Est,44,Grand Est
AERIEN,LANDRL61VIGY,225kV,LANDRES,VIGY,400,44,Grand Est,44,Grand Est
AERIEN,CROIXL61H.VIN,225kV,CROIX (LA),HAUT-VINAGE,400,32,Hauts-de-France,32,Hauts-de-France
AERIEN,CROIXL62H.VIN,225kV,CROIX (LA),HAUT-VINAGE,400,32,Hauts-de-France,32,Hauts-de-France
AERIEN,.ENSDL61SSAVO,225kV,ENSDORF,ST-AVOLD,400,0,Étranger,44,Grand Est
AERIEN,CHEV5L61VERTO,225kV,CHEVIRE,VERTOU,400,52,Pays de la Loire,52,Pays de la Loire
AERIEN,ECHINL61SORRU,225kV,ECHINGHEN,SORRUS,400,32,Hauts-de-France,32,Hauts-de-France
AERIEN,B.CO6L61SORRU,225kV,BRAILLY-CORNEHOTTE,SORRUS,400,32,Hauts-de-France,32,Hauts-de-France
AERIEN,OUDONL72TAUTE,400kV,OUDON,TAUTE,1500,52,Pays de la Loire,28,Normandie
AERIEN,ARGIEL61ETUPE,225kV,ARGIESANS,ETUPES,400,27,Bourgogne-Franche-Comté,27,Bourgogne-Franche-Comté
AERIEN,BACALL61BRUGE,225kV,BACALAN,BRUGES,400,75,Nouvelle-Aquitaine,75,Nouvelle-Aquitaine
AERIEN,AVRONL62ZAVR5,225kV,PLAISANCE,VILLEVAUDE,400,11,Île-de-France,11,Île-de-France
AERIEN,AVRONL62ZAVR5,225kV,VILLEVAUDE,AVRON,400,11,Île-de-France,11,Île-de-France
AERIEN,MARMAL61PAUDY,225kV,MARMAGNE,PAUDY,400,24,Centre-Val de Loire,24,Centre-Val de Loire
AERIEN,MARMAL61PAUDY,225kV,MARMAGNE,PAUDY,400,24,Centre-Val de Loire,24,Centre-Val de Loire
AERIEN,CARRIL61MORU,225kV,CARRIERES,MORU,400,11,Île-de-France,11,Île-de-France
AERIEN,PRELEL62SEREI,225kV,PRELES (LES),SEREIN,400,27,Bourgogne-Franche-Comté,27,Bourgogne-Franche-Comté
AERIEN,MOUCHL61OULLI,225kV,MOUCHE (LA),OULLINS,400,84,Auvergne-Rhône-Alpes,84,Auvergne-Rhône-Alpes
AERIEN,MOUCHL31OULLI,225kV,MOUCHE (LA),OULLINS,400,84,Auvergne-Rhône-Alpes,84,Auvergne-Rhône-Alpes
AERIEN,BOCTOL71M.SEI,400kV,BOCTOIS,MERY-SUR-SEINE,1500,44,Grand Est,44,Grand Est
AERIEN,P.RHIL61STRAS,225kV,PORT-DU-RHIN,STRASBOURG,400,44,Grand Est,44,Grand Est
AERIEN,ORMESL61VEZIL,225kV,ORMES,VEZILLY,400,32,Hauts-de-France,32,Hauts-de-France
AERIEN,ALLINL61CORNI,225kV,ALLINGES,CORNIER,400,84,Auvergne-Rhône-Alpes,84,Auvergne-Rhône-Alpes
AERIEN,G.PORL62WARAN,225kV,GRAND-PORT,WARANDE,400,32,Hauts-de-France,32,Hauts-de-France
AERIEN,GRAV5L75WARAN,400kV,GRAVELINES (CENTRALE),WARANDE,1500,32,Hauts-de-France,32,Hauts-de-France
AERIEN,GRAV5L76WARAN,400kV,GRAVELINES (CENTRALE),WARANDE,1500,32,Hauts-de-France,32,Hauts-de-France
AERIEN,H.TOUL61ZH.TO,225kV,HAYANGE TOURNEBRIDE,LANDRES,400,44,Grand Est,44,Grand Est
AERIEN,H.TOUL61ZH.TO,225kV,LANDRES,ST-HUBERT,400,44,Grand Est,44,Grand Est
AERIEN,GRIM5L61TRANS,225kV,GRIMAUD,TRANS,400,93,Provence-Alpes-Côte d'Azur,93,Provence-Alpes-Côte d'Azur
AERIEN,ECHALL61RIVIE,225kV,ECHALAS,RIVIERE (LA),400,84,Auvergne-Rhône-Alpes,75,Nouvelle-Aquitaine
AERIEN,FEUILL61LAVER,225kV,FEUILLANE,LAVERA,400,93,Provence-Alpes-Côte d'Azur,93,Provence-Alpes-Côte d'Azur
AERIEN,FEUILL61SSCHA,225kV,FEUILLANE,ST-CHAMAS,400,93,Provence-Alpes-Côte d'Azur,93,Provence-Alpes-Côte d'Azur
AERIEN,SABL5L61ZSABL,225kV,CHAMPAGNIER,CORDEAC,400,84,Auvergne-Rhône-Alpes,84,Auvergne-Rhône-Alpes
AERIEN,SABL5L61ZSABL,225kV,CORDEAC,SABLES (LES),400,84,Auvergne-Rhône-Alpes,84,Auvergne-Rhône-Alpes
AERIEN,SSVICL61ZMIOL,225kV,GOURJADE,MIOLLES,400,76,Occitanie,76,Occitanie
AERIEN,SSVICL61ZMIOL,225kV,MIOLLES,ST-VICTOR,400,76,Occitanie,76,Occitanie
AERIEN,LANDRL61ZH.TO,225kV,HAYANGE TOURNEBRIDE,LANDRES,400,44,Grand Est,44,Grand Est
AERIEN,LANDRL61ZH.TO,225kV,LANDRES,ST-HUBERT,400,44,Grand Est,44,Grand Est
AERIEN,FESSEL61VOGEL,225kV,FESSENHEIM (CENTRALE HYDRAULIQUE),VOGELGRUN,400,44,Grand Est,44,Grand Est
AERIEN,DARBLL61G.COU,225kV,DARBLAY,GRAND-COURONNE,400,28,Normandie,28,Normandie
AERIEN,AUBUSL61SSFEY,225kV,AUBUSSON,STE-FEYRE,400,75,Nouvelle-Aquitaine,75,Nouvelle-Aquitaine
AERIEN,GENITL61VLEVA,225kV,GENITOY,VILLEVAUDE,400,11,Île-de-France,11,Île-de-France
AERIEN,AYRESL61GODIN,225kV,AYRES,GODIN,400,76,Occitanie,76,Occitanie
AERIEN,VAIREL61VLEVA,225kV,VAIRES (-SUR-MARNE),VILLEVAUDE,400,11,Île-de-France,11,Île-de-France
AERIEN,NEOULL71REALT,400kV,NEOULES,REALTOR,1500,93,Provence-Alpes-Côte d'Azur,93,Provence-Alpes-Côte d'Azur
AERIEN,SETIEL61ZCES6,225kV,BEAUTOR (POSTE),SETIER,400,32,Hauts-de-France,32,Hauts-de-France
AERIEN,SETIEL61ZCES6,225kV,SETIER,CESSIER (LE),400,32,Hauts-de-France,32,Hauts-de-France
AERIEN,ESTR6L61FAMAR,225kV,ESTREUX,FAMARS,400,32,Hauts-de-France,32,Hauts-de-France
AERIEN,PRESSL61VALLO,225kV,PRESSY,VALLORCINE,400,84,Auvergne-Rhône-Alpes,84,Auvergne-Rhône-Alpes
AERIEN,GATI5L72GAUGL,400kV,GATINAIS,GAUGLIN,1500,24,Centre-Val de Loire,84,Auvergne-Rhône-Alpes
AERIEN,CHEVIL61RUNGI,225kV,CHEVILLY,RUNGIS,400,11,Île-de-France,11,Île-de-France
AERIEN,CHESNL71TABAR,400kV,CHESNOY (LE),TABARDERIE,1500,24,Centre-Val de Loire,24,Centre-Val de Loire
AERIEN,MARMAL72TABAR,400kV,MARMAGNE,TABARDERIE,1500,24,Centre-Val de Loire,24,Centre-Val de Loire
AERIEN,CHABOL61COR.P,225kV,CHABOSSIERE (LA),CORDEMAIS-POSTE,400,52,Pays de la Loire,52,Pays de la Loire
AERIEN,BONN6L62VALDI,225kV,BONNEAU,VALDIVIENNE,400,75,Nouvelle-Aquitaine,75,Nouvelle-Aquitaine
AERIEN,ROCBAL61ZROCB,225kV,NEOULES,ROCBARON,400,93,Provence-Alpes-Côte d'Azur,93,Provence-Alpes-Côte d'Azur
AERIEN,ROCBAL61ZROCB,225kV,ROCBARON,VINS,400,93,Provence-Alpes-Côte d'Azur,93,Provence-Alpes-Côte d'Azur
AERIEN,DISTRL71JUMEA,400kV,DISTRE,JUMEAUX (LES),1500,52,Pays de la Loire,84,Auvergne-Rhône-Alpes
AERIEN,DISTRL72JUMEA,400kV,DISTRE,JUMEAUX (LES),1500,52,Pays de la Loire,84,Auvergne-Rhône-Alpes
AERIEN,E.BOTL61FAVAR,225kV,ENCO-DE-BOTTE,FAVARY,400,93,Provence-Alpes-Côte d'Azur,93,Provence-Alpes-Côte d'Azur
AERIEN,CORBIL61ZCOR6,225kV,BEAUCOUZE,CORBIERE (LA),400,52,Pays de la Loire,52,Pays de la Loire
AERIEN,CORBIL61ZCOR6,225kV,CORBIERE (LA),LAVAL,400,52,Pays de la Loire,52,Pays de la Loire
AERIEN,AOSTEL61BISSY,225kV,AOSTE,BISSY,400,84,Auvergne-Rhône-Alpes,27,Bourgogne-Franche-Comté
AERIEN,BEZAUL62VANDI,225kV,BEZAUMONT,VANDIERES,400,44,Grand Est,44,Grand Est
AERIEN,GINESL61LESQU,225kV,GINESTOUS,LESQUIVE,400,76,Occitanie,76,Occitanie
AERIEN,GINESL62LESQU,225kV,GINESTOUS,LESQUIVE,400,76,Occitanie,76,Occitanie
AERIEN,PESSAL61SAUCA,225kV,PESSAC,SAUCATS,400,75,Nouvelle-Aquitaine,75,Nouvelle-Aquitaine
AERIEN,C.RHOL61TRI.P,225kV,CHATEAUNEUF-DU-RHONE,TRICASTIN-POSTE (LE),400,84,Auvergne-Rhône-Alpes,84,Auvergne-Rhône-Alpes
AERIEN,CANTEL61MARSI,225kV,LIAISON 225kV N0 1CANTEGRIT,MARSILLON,400,75,Nouvelle-Aquitaine,75,Nouvelle-Aquitaine
AERIEN,BARNAL71VAUPA,400kV,BARNABOS,VAUPALIERE (LA),1500,28,Normandie,28,Normandie
AERIEN,P.JERL61RATIE,225kV,PORT-JEROME,RATIER,400,28,Normandie,28,Normandie
AERIEN,AQUEDL61CHENE,225kV,AQUEDUCS (LES),CHENET,400,11,Île-de-France,11,Île-de-France
AERIEN,P.ANDL71S.BIS,400kV,PRAZ-ST-ANDRE,SUPER-BISSORTE,1500,84,Auvergne-Rhône-Alpes,84,Auvergne-Rhône-Alpes
AERIEN,DAMBRL62ZCAR6,225kV,CARRES(LES),DAMBRON,400,24,Centre-Val de Loire,24,Centre-Val de Loire
AERIEN,DAMBRL62ZCAR6,225kV,DAMBRON,VILLEJUST,400,24,Centre-Val de Loire,11,Île-de-France
AERIEN,BXLIEL61SIRMI,225kV,BEAULIEU,SIRMIERE,400,75,Nouvelle-Aquitaine,75,Nouvelle-Aquitaine
AERIEN,CZTRYL61SENAR,225kV,COURTRY,SENART,400,11,Île-de-France,11,Île-de-France
AERIEN,CHAN5L71DISTR,400kV,CHANCEAUX,DISTRE,1500,24,Centre-Val de Loire,52,Pays de la Loire
AERIEN,DISTRL71PICOC,400kV,DISTRE,PICOCHERIE (LA),1500,52,Pays de la Loire,52,Pays de la Loire
AERIEN,BXTO5L61ZRUPR,225kV,BEAUTOR(POSTE),RUPREUX,400,32,Hauts-de-France,32,Hauts-de-France
AERIEN,BXTO5L61ZRUPR,225kV,RUPREUX,SOISSONS-NOTRE-DAME,400,32,Hauts-de-France,32,Hauts-de-France
AERIEN,L.CHAL31SOISS,225kV,LONG-CHAMP (LE),SOISSONS-SAINT-PAUL,400,32,Hauts-de-France,32,Hauts-de-France
AERIEN,ABLAIL62PERTA,225kV,ABLAINCOURT,PERTAIN,400,32,Hauts-de-France,32,Hauts-de-France
AERIEN,DURANL61REALT,225kV,DURANNE (LA),REALTOR,400,93,Provence-Alpes-Côte d'Azur,93,Provence-Alpes-Côte d'Azur
AERIEN,G.COUL61VAUPA,225kV,GRAND-COURONNE,VAUPALIERE (LA),400,28,Normandie,28,Normandie
AERIEN,G.COUL62VAUPA,225kV,GRAND-COURONNE,VAUPALIERE (LA),400,28,Normandie,28,Normandie
AERIEN,G.COUL63VAUPA,225kV,GRAND-COURONNE,VAUPALIERE (LA),400,28,Normandie,28,Normandie
AERIEN,G.COUL41GANTE,225kV,GANTERIE,GRAND-COURONNE,400,28,Normandie,28,Normandie
AERIEN,GATI5L71GAUGL,400kV,GATINAIS,GAUGLIN,1500,24,Centre-Val de Loire,84,Auvergne-Rhône-Alpes
AERIEN,AVOI5L71LARCA,400kV,AVOINE(POSTE 400 kV),LARCAY,1500,24,Centre-Val de Loire,24,Centre-Val de Loire
AERIEN,G.SYNL61Q.ECL,225kV,GRANDE-SYNTHE,QUATRE-ECLUSES,400,32,Hauts-de-France,32,Hauts-de-France
AERIEN,Q.ECLL61ZQ.EC,225kV,DUNES (LES),GRANDE-SYNTHE,400,32,Hauts-de-France,32,Hauts-de-France
AERIEN,Q.ECLL61ZQ.EC,225kV,GRANDE-SYNTHE,QUATRE-ECLUSES,400,32,Hauts-de-France,32,Hauts-de-France
AERIEN,Q.ECLL61ZQ.EC,225kV,DUNES (LES),GRANDE-SYNTHE,400,32,Hauts-de-France,32,Hauts-de-France
AERIEN,Q.ECLL61ZQ.EC,225kV,GRANDE-SYNTHE,QUATRE-ECLUSES,400,32,Hauts-de-France,32,Hauts-de-France
AERIEN,E.BOTL61REALT,225kV,ENCO-DE-BOTTE,REALTOR,400,93,Provence-Alpes-Côte d'Azur,93,Provence-Alpes-Côte d'Azur
AERIEN,BISSYL61G.ILE,225kV,BISSY,GRANDE-ILE,400,27,Bourgogne-Franche-Comté,84,Auvergne-Rhône-Alpes
AERIEN,JALISL61LESQU,225kV,JALIS,LESQUIVE,400,76,Occitanie,76,Occitanie
AERIEN,MALINL62RULHA,225kV,MALINTRAT,RULHAT,400,84,Auvergne-Rhône-Alpes,84,Auvergne-Rhône-Alpes
AERIEN,SAUS5L71VLEVA,400kV,SAUSSET,VILLEVAUDE,1500,93,Provence-Alpes-Côte d'Azur,11,Île-de-France
AERIEN,CUBNEL61GREZI,225kV,CUBNEZAIS,GREZILLAC,400,75,Nouvelle-Aquitaine,75,Nouvelle-Aquitaine
AERIEN,DAMBRL71VERGE,400kV,DAMBRON,VERGER,1500,24,Centre-Val de Loire,53,Bretagne
AERIEN,FEUILL61PONTE,225kV,FEUILLANE,PONTEAU,400,93,Provence-Alpes-Côte d'Azur,93,Provence-Alpes-Côte d'Azur
AERIEN,CPNIEL61EYBEN,225kV,CHAMPAGNIER,EYBENS,400,84,Auvergne-Rhône-Alpes,84,Auvergne-Rhône-Alpes
AERIEN,CPNIEL62EYBEN,225kV,CHAMPAGNIER,EYBENS,400,84,Auvergne-Rhône-Alpes,84,Auvergne-Rhône-Alpes
AERIEN,CUBNEL61MQIS,225kV,CUBNEZAIS,MARQUIS (LE),400,75,Nouvelle-Aquitaine,75,Nouvelle-Aquitaine
AERIEN,CHABRL61ZCBAU,225kV,BEAUMONT-MONTEUX,CHABRILLAN,400,84,Auvergne-Rhône-Alpes,84,Auvergne-Rhône-Alpes
AERIEN,CHABRL61ZCBAU,225kV,CHABRILLAN,CHAMBAUD,400,84,Auvergne-Rhône-Alpes,84,Auvergne-Rhône-Alpes
AERIEN,.VERBL71B.TOL,400kV,BOIS-TOLLOT,VERBOIS,1500,84,Auvergne-Rhône-Alpes,0,Étranger
AERIEN,.VAUXL61.VERB,400kV,VAUX (SUISSE),VERBOIS,1500,84,Auvergne-Rhône-Alpes,0,Étranger
AERIEN,.VAUXL61.VERB,225kV,VAUX (SUISSE),VERBOIS,400,84,Auvergne-Rhône-Alpes,0,Étranger
AERIEN,CHESNL72TABAR,400kV,CHESNOY (LE),TABARDERIE,1500,24,Centre-Val de Loire,24,Centre-Val de Loire
AERIEN,CHESNL73TABAR,400kV,CHESNOY (LE),TABARDERIE,1500,24,Centre-Val de Loire,24,Centre-Val de Loire
AERIEN,CHESNL72CIROL,400kV,CHESNOY (LE),CIROLLIERS,1500,24,Centre-Val de Loire,11,Île-de-France
AERIEN,CHOO5L61MAZUR,225kV,CHOOZ,MAZURES,400,44,Grand Est,44,Grand Est
AERIEN,VERGEL72VLERB,400kV,VERGER,VILLERBON,1500,53,Bretagne,24,Centre-Val de Loire
AERIEN,VINS L61ZGUE5,225kV,GUERACHE (LA),PIQUAGE A GUERACHE (LA),400,93,Provence-Alpes-Côte d'Azur,93,Provence-Alpes-Côte d'Azur
AERIEN,VINS L61ZGUE5,225kV,PIQUAGE A GUERACHE (LA),TRANS,400,93,Provence-Alpes-Côte d'Azur,93,Provence-Alpes-Côte d'Azur
AERIEN,VINS L61ZGUE5,225kV,TRANS,VINS,400,93,Provence-Alpes-Côte d'Azur,93,Provence-Alpes-Côte d'Azur
AERIEN,VINS L61ZROCB,225kV,NEOULES,ROCBARON,400,93,Provence-Alpes-Côte d'Azur,93,Provence-Alpes-Côte d'Azur
AERIEN,VINS L61ZROCB,225kV,ROCBARON,VINS,400,93,Provence-Alpes-Côte d'Azur,93,Provence-Alpes-Côte d'Azur
AERIEN,ELANCL61MEZE5,225kV,ELANCOURT,MEZEROLLES,400,11,Île-de-France,32,Hauts-de-France
AERIEN,MEZE5L61VERIN,225kV,MEZEROLLES,VERINNERIE (LA),400,32,Hauts-de-France,11,Île-de-France
AERIEN,MARTYL61SQUIV,225kV,MARTYRE (LA),SQUIVIDAN,400,53,Bretagne,53,Bretagne
AERIEN,RUEYRL61SARRA,225kV,RUEYRES,SARRANS,400,76,Occitanie,76,Occitanie
AERIEN,G.CAIL61ZTRIT,225kV,GROS-CAILLOU,TRITH-ST-LEGER(PORT-ARTHUR LME),400,11,Île-de-France,32,Hauts-de-France
AERIEN,G.CAIL61ZTRIT,225kV,TRITH-ST-LEGER(PORT-ARTHUR LME),TRITH-ST-LEGER(L.M.E.),400,32,Hauts-de-France,32,Hauts-de-France
AERIEN,VINCEL61ZMAD6,225kV,LA MADELEINE,LANEUVEVILLE,400,32,Hauts-de-France,44,Grand Est
AERIEN,VINCEL61ZMAD6,225kV,LANEUVEVILLE,VINCEY,400,44,Grand Est,44,Grand Est
AERIEN,PRINQL61PTCHA,225kV,PONTCHATEAU,PRINQUIAU,400,52,Pays de la Loire,52,Pays de la Loire
AERIEN,AVELIL72MASTA,400kV,AVELIN,MASTAING,1500,32,Hauts-de-France,32,Hauts-de-France
AERIEN,TAUTEL72TERR6,400kV,TAUTE,TERRETTE,1500,28,Normandie,28,Normandie
AERIEN,CHAL7L61SIERE,225kV,CHALAMPE,SIERENTZ,400,44,Grand Est,44,Grand Est
AERIEN,BEZAUL71VIGY,400kV,BEZAUMONT,VIGY,1500,44,Grand Est,44,Grand Est
AERIEN,ISSELL71VERFE,400kV,ISSEL,VERFEIL,1500,76,Occitanie,76,Occitanie
AERIEN,ROUGEL61YAINV,225kV,ROUGEMONTIER,YAINVILLE,400,28,Normandie,28,Normandie
AERIEN,GANTEL41YAINV,225kV,GANTERIE,YAINVILLE,400,28,Normandie,28,Normandie
AERIEN,B.MONL61B.VAL,225kV,BEAUMONT-MONTEUX,BOURG-LES-VALENCE,400,84,Auvergne-Rhône-Alpes,84,Auvergne-Rhône-Alpes
AERIEN,AUBE L61MEZE5,225kV,AUBE,MEZEROLLES,400,44,Grand Est,32,Hauts-de-France
AERIEN,BRAUDL73CUBNE,400kV,BRAUD,CUBNEZAIS,1500,75,Nouvelle-Aquitaine,75,Nouvelle-Aquitaine
AERIEN,BALMAL61VERFE,225kV,BALMA (POSTE),VERFEIL,400,76,Occitanie,76,Occitanie
AERIEN,HERS5L71VLEVA,400kV,HERSE(LA),VILLEVAUDE,1500,11,Île-de-France,11,Île-de-France
AERIEN,ALBERL61LONG6,225kV,ALBERTVILLE,LONGEFAN,400,84,Auvergne-Rhône-Alpes,84,Auvergne-Rhône-Alpes
AERIEN,CAZARL72VERFE,400kV,CAZARIL,VERFEIL,1500,76,Occitanie,76,Occitanie
AERIEN,CHESNL72M.SEI,400kV,CHESNOY (LE),MERY-SUR-SEINE,1500,24,Centre-Val de Loire,44,Grand Est
AERIEN,B.CARL71BIANC,400kV,BROC-CARROS (LE),BIANCON,1500,93,Provence-Alpes-Côte d'Azur,93,Provence-Alpes-Côte d'Azur
AERIEN,HOUDRL71LOGEL,400kV,HOUDREVILLE,LOGELBACH,1500,44,Grand Est,44,Grand Est
AERIEN,MUHLBL71VINCE,400kV,MUHLBACH,VINCEY,1500,44,Grand Est,44,Grand Est
AERIEN,AIRVAL61JUMEA,225kV,AIRVAULT,JUMEAUX (LES),400,75,Nouvelle-Aquitaine,84,Auvergne-Rhône-Alpes
AERIEN,CIROLL61LOGES,225kV,CIROLLIERS,LOGES (LES),400,11,Île-de-France,28,Normandie
AERIEN,CIROLL62LOGES,225kV,CIROLLIERS,LOGES (LES),400,11,Île-de-France,28,Normandie
AERIEN,CABANL62DARSE,225kV,CABAN,DARSE,400,93,Provence-Alpes-Côte d'Azur,93,Provence-Alpes-Côte d'Azur
AERIEN,ROGNAL61RQROU,225kV,ROGNAC,ROQUEROUSSE,400,93,Provence-Alpes-Côte d'Azur,93,Provence-Alpes-Côte d'Azur
AERIEN,CRENEL61MAROL,225kV,CRENEY,MAROLLES,400,44,Grand Est,44,Grand Est
AERIEN,LUMESL61MAZUR,225kV,LUMES,MAZURES,400,44,Grand Est,44,Grand Est
AERIEN,BOISSL61MEUNI,225kV,BOISSE (LA),MEUNIERES (LES),400,84,Auvergne-Rhône-Alpes,84,Auvergne-Rhône-Alpes
AERIEN,WARANL61ZDUV5,225kV,BRODE,DUVIGNEAU,400,32,Hauts-de-France,32,Hauts-de-France
AERIEN,WARANL61ZDUV5,225kV,DUVIGNEAU,WARANDE,400,32,Hauts-de-France,32,Hauts-de-France
AERIEN,GRAV5L62WARAN,225kV,GRAVELINES (CENTRALE),WARANDE,400,32,Hauts-de-France,32,Hauts-de-France
AERIEN,CHEV5L61ZDOUL,225kV,CHEVIRE,DOULON,400,52,Pays de la Loire,52,Pays de la Loire
AERIEN,CHEV5L61ZDOUL,225kV,DOULON,ST-JOSEPH,400,52,Pays de la Loire,52,Pays de la Loire
AERIEN,L.OR L31ZBLOT,225kV,CARQUEFOU,LION D OR,400,52,Pays de la Loire,52,Pays de la Loire
AERIEN,L.OR L31ZBLOT,225kV,LION D OR,BLOTTEREAU,400,52,Pays de la Loire,52,Pays de la Loire
AERIEN,BLOTTL31L.OR,225kV,BLOTTEREAU,LION D OR,400,52,Pays de la Loire,52,Pays de la Loire
AERIEN,BRUGEL61ZPARR,225kV,BRUGES,GARIES,400,75,Nouvelle-Aquitaine,76,Occitanie
AERIEN,BRUGEL61ZPARR,225kV,GARIES,PESSAC,400,76,Occitanie,75,Nouvelle-Aquitaine
AERIEN,BRUGEL31MERIG,225kV,BRUGES,MERIGNAC,400,75,Nouvelle-Aquitaine,75,Nouvelle-Aquitaine
AERIEN,CERGYL61ZHERB,225kV,CERGY,CORMEILLES,400,11,Île-de-France,28,Normandie
AERIEN,CERGYL61ZHERB,225kV,CORMEILLES,HERBLAY,400,28,Normandie,11,Île-de-France
AERIEN,CERGYL62ZHER7,225kV,CERGY,CORMEILLES,400,11,Île-de-France,28,Normandie
AERIEN,CERGYL62ZHER7,225kV,CORMEILLES,HERBLAY,400,28,Normandie,11,Île-de-France
AERIEN,DONZAL71LESQU,400kV,DONZAC,LESQUIVE,1500,75,Nouvelle-Aquitaine,76,Occitanie
AERIEN,ELANCL61SSAU5,225kV,ELANCOURT,ST-AUBIN,400,11,Île-de-France,11,Île-de-France
AERIEN,LAVEYL61P.BOR,225kV,LAVEYRUNE,PIED-DE-BORNE,400,84,Auvergne-Rhône-Alpes,76,Occitanie
AERIEN,CHEVAL71LATEN,400kV,CHEVALET,LATENA,1500,32,Hauts-de-France,32,Hauts-de-France
AERIEN,VLEVAL62ZLAN8,225kV,LANGLOIS,MORBRAS,400,11,Île-de-France,11,Île-de-France
AERIEN,VLEVAL62ZLAN8,225kV,MORBRAS,VILLEVAUDE,400,11,Île-de-France,11,Île-de-France
AERIEN,GAMPAL61PAPIN,225kV,GAMPALOUP,PAPIN,400,84,Auvergne-Rhône-Alpes,11,Île-de-France
AERIEN,MERLAL61SOULL,225kV,MERLATIERE,SOULLANS,400,52,Pays de la Loire,52,Pays de la Loire
AERIEN,GUEBWL61LOGEL,225kV,GUEBWILLER,LOGELBACH,400,44,Grand Est,44,Grand Est
AERIEN,GUEBWL61VOGEL,225kV,GUEBWILLER,VOGELGRUN,400,44,Grand Est,44,Grand Est
AERIEN,CHAFFL71CPNIE,400kV,CHAFFARD (LE),CHAMPAGNIER,1500,84,Auvergne-Rhône-Alpes,84,Auvergne-Rhône-Alpes
AERIEN,GUPIEL61ZFONC,225kV,GREZILLAC,GUPIE,400,75,Nouvelle-Aquitaine,75,Nouvelle-Aquitaine
AERIEN,GUPIEL61ZFONC,225kV,GUPIE,SAUVETERRE-DE-GUYENNE,400,75,Nouvelle-Aquitaine,75,Nouvelle-Aquitaine
AERIEN,FONT L61ZBILL,225kV,BAYET,BILLY,400,84,Auvergne-Rhône-Alpes,84,Auvergne-Rhône-Alpes
AERIEN,FONT L61ZBILL,225kV,BILLY,FONT (LA),400,84,Auvergne-Rhône-Alpes,84,Auvergne-Rhône-Alpes
AERIEN,BRAUDL71MQIS,400kV,BRAUD,MARQUIS (LE),1500,75,Nouvelle-Aquitaine,75,Nouvelle-Aquitaine
AERIEN,ISSOIL61PRATC,225kV,ISSOIRE,PRATCLAUX,400,84,Auvergne-Rhône-Alpes,84,Auvergne-Rhône-Alpes
AERIEN,CERGYL61PUISE,225kV,CERGY,PUISEUX,400,11,Île-de-France,44,Grand Est
AERIEN,AMARGL61ZARGO,225kV,AMARGUE,AMIENS,400,32,Hauts-de-France,32,Hauts-de-France
AERIEN,AMARGL61ZARGO,225kV,AMIENS,ARGOEUVES,400,32,Hauts-de-France,32,Hauts-de-France
SOUTERRAIN,CHEVIL61VLEJU,225kV,CHEVILLY,VILLEJUST,300,11,Île-de-France,11,Île-de-France
SOUTERRAIN,FOCH L61PUTEA,225kV,FOCH,PUTEAUX,300,11,Île-de-France,11,Île-de-France
SOUTERRAIN,LAGAFL61TRI.P,225kV,LAGAFIERE,TRICASTIN-POSTE (LE),300,84,Auvergne-Rhône-Alpes,84,Auvergne-Rhône-Alpes
SOUTERRAIN,PALENL61QUATR,225kV,PALENTE,QUATROUILLOTS (LES),300,27,Bourgogne-Franche-Comté,27,Bourgogne-Franche-Comté
SOUTERRAIN,CZTRYL61PLISO,225kV,COURTRY,PLISON,300,11,Île-de-France,11,Île-de-France
SOUTERRAIN,BAYETL61BILLY,225kV,BAYET,BILLY,300,84,Auvergne-Rhône-Alpes,84,Auvergne-Rhône-Alpes
SOUTERRAIN,MORBRL61SONNE,225kV,MORBRAS,SONNETTES,300,11,Île-de-France,11,Île-de-France
SOUTERRAIN,H.VINL62WATTR,225kV,HAUT-VINAGE,WATTRELOS,300,32,Hauts-de-France,32,Hauts-de-France
SOUTERRAIN,GARIEL61ZPARR,225kV,BRUGES,GARIES,300,75,Nouvelle-Aquitaine,76,Occitanie
SOUTERRAIN,GARIEL61ZPARR,225kV,GARIES,PESSAC,300,76,Occitanie,75,Nouvelle-Aquitaine
SOUTERRAIN,ISCLEL61P.ORG,225kV,ISCLES (LES),PLAN-D ORGON,300,93,Provence-Alpes-Côte d'Azur,93,Provence-Alpes-Côte d'Azur
SOUTERRAIN,MALA6L61ROMAI,225kV,MALASSIS,ROMAINVILLE,300,11,Île-de-France,11,Île-de-France
SOUTERRAIN,G.ROUL62SOULL,225kV,GUE-AU-ROUX (LE),SOULLANS,300,52,Pays de la Loire,52,Pays de la Loire
SOUTERRAIN,AVENIL61BZGET,225kV,AVENIR,BOURGET (LE),300,11,Île-de-France,11,Île-de-France
SOUTERRAIN,CHAREL61VINC5,225kV,CHARENTON,VINCENNES,300,11,Île-de-France,11,Île-de-France
SOUTERRAIN,SEINEL61ZBRI5,225kV,PLESSIS-GASSOT,SEINE,300,11,Île-de-France,11,Île-de-France
SOUTERRAIN,SEINEL61ZBRI5,225kV,SEINE,BRICHE (LA),300,11,Île-de-France,11,Île-de-France
SOUTERRAIN,C.ORBL62ZMORE,225kV,GAUDIERE (LA),MOREAU,300,93,Provence-Alpes-Côte d'Azur,93,Provence-Alpes-Côte d'Azur
SOUTERRAIN,C.ORBL62ZMORE,225kV,MOREAU,CONQUES-SUR-ORBIEL,300,93,Provence-Alpes-Côte d'Azur,76,Occitanie
SOUTERRAIN,JUSTIL61ZJUST,225kV,CHAUNAY,DAMBRON,300,75,Nouvelle-Aquitaine,24,Centre-Val de Loire
SOUTERRAIN,JUSTIL61ZJUST,225kV,DAMBRON,JUSTICE,300,24,Centre-Val de Loire,24,Centre-Val de Loire
SOUTERRAIN,P.GASL63SEINE,225kV,PLESSIS-GASSOT,SEINE,300,11,Île-de-France,11,Île-de-France
SOUTERRAIN,G.CAIL61VALEN,225kV,GROS-CAILLOU,VALENCIENNES,300,11,Île-de-France,32,Hauts-de-France
SOUTERRAIN,P.BOIL61ZLINA,225kV,ESCARGOT,LOGES (LES),300,28,Normandie,28,Normandie
SOUTERRAIN,P.BOIL61ZLINA,225kV,LOGES (LES),PETIT-BOIS (LE),300,28,Normandie,11,Île-de-France
SOUTERRAIN,PRINQL61PTCHA,225kV,PONTCHATEAU,PRINQUIAU,300,52,Pays de la Loire,52,Pays de la Loire
SOUTERRAIN,JONQUL61SSCES,225kV,JONQUIERES,ST-CESAIRE,300,76,Occitanie,75,Nouvelle-Aquitaine
SOUTERRAIN,NANTEL61RUEIL,225kV,NANTERRE,RUEIL,300,11,Île-de-France,11,Île-de-France
SOUTERRAIN,ELANCL61YVE.O,225kV,ELANCOURT,YVELINES-OUEST,300,11,Île-de-France,11,Île-de-France
SOUTERRAIN,CASTAL61MOUL8,225kV,CASTAGNARY,MOULINEAUX,300,28,Normandie,28,Normandie
SOUTERRAIN,CHEVIL63ZV.OR,225kV,CHEVILLY,ULIS (LES),300,11,Île-de-France,11,Île-de-France
SOUTERRAIN,CHEVIL63ZV.OR,225kV,ULIS (LES),VILLEJUST,300,11,Île-de-France,11,Île-de-France
SOUTERRAIN,CARDIL61PASQU,225kV,CARDINET,PASQUIER,300,11,Île-de-France,27,Bourgogne-Franche-Comté
SOUTERRAIN,CORMEL63NANTE,225kV,CORMEILLES,NANTERRE,300,28,Normandie,11,Île-de-France
SOUTERRAIN,CROLLL61FROGE,225kV,CROLLES,FROGES,300,84,Auvergne-Rhône-Alpes,84,Auvergne-Rhône-Alpes
SOUTERRAIN,G.SYNL61Q.ECL,225kV,GRANDE-SYNTHE,QUATRE-ECLUSES,300,32,Hauts-de-France,32,Hauts-de-France
SOUTERRAIN,HARC7L62JAVEL,225kV,HARCOURT (POSTE BLINDE),JAVEL,300,28,Normandie,11,Île-de-France
SOUTERRAIN,BZGETL61SAUS5,225kV,BOURGET,SAUSSET,300,11,Île-de-France,93,Provence-Alpes-Côte d'Azur
SOUTERRAIN,AVENIL61CZNEU,225kV,AVENIR,COURNEUVE (LA),300,11,Île-de-France,11,Île-de-France
SOUTERRAIN,SAINNL61YAINV,225kV,SAINNEVILLE,YAINVILLE,300,28,Normandie,28,Normandie
SOUTERRAIN,C.GOML62E.BOT,225kV,CHATEAU,GOMBERT,300,27,Bourgogne-Franche-Comté,27,Bourgogne-Franche-Comté
SOUTERRAIN,C.GOML62E.BOT,225kV,GOMBERT,ENCO-DE-BOTTE,300,27,Bourgogne-Franche-Comté,93,Provence-Alpes-Côte d'Azur
SOUTERRAIN,CONF5L611CNRS,225kV,CONFLUENT,LNCMI-CNRS,300,84,Auvergne-Rhône-Alpes,84,Auvergne-Rhône-Alpes
SOUTERRAIN,DAMBRL61G.DEN,225kV,DAMBRON,GAULT-SAINT-DENIS,300,24,Centre-Val de Loire,24,Centre-Val de Loire
SOUTERRAIN,BRICHL62ZBRIC,225kV,PLESSIS-GASSOT,SEINE,300,11,Île-de-France,11,Île-de-France
SOUTERRAIN,BRICHL62ZBRIC,225kV,SEINE,BRICHE (LA),300,11,Île-de-France,11,Île-de-France
SOUTERRAIN,MTJAYL61ZMTJ5,225kV,ELANCOURT,VILLEJUST,300,11,Île-de-France,11,Île-de-France
SOUTERRAIN,MTJAYL61ZMTJ5,225kV,VILLEJUST,MONTJAY,300,11,Île-de-France,11,Île-de-France
SOUTERRAIN,MTGROL61MTPEZ,225kV,MONTGROS,MONTPEZAT,300,84,Auvergne-Rhône-Alpes,76,Occitanie
SOUTERRAIN,CAIL5L61RABAT,225kV,CAILLOLS,RABATAU,300,93,Provence-Alpes-Côte d'Azur,93,Provence-Alpes-Côte d'Azur
SOUTERRAIN,MTGROL61PRATC,225kV,MONTGROS,PRATCLAUX,300,84,Auvergne-Rhône-Alpes,84,Auvergne-Rhône-Alpes
SOUTERRAIN,BONNEL62CUS.P,225kV,BONNETERRE,CUSSET-POSTE,300,84,Auvergne-Rhône-Alpes,84,Auvergne-Rhône-Alpes
SOUTERRAIN,COMPSL61ZANCI,225kV,ANCIZES (Y631),COMPS,300,84,Auvergne-Rhône-Alpes,84,Auvergne-Rhône-Alpes
SOUTERRAIN,COMPSL61ZANCI,225kV,COMPS,VOLVIC,300,84,Auvergne-Rhône-Alpes,84,Auvergne-Rhône-Alpes
SOUTERRAIN,MOUCHL61OULLI,225kV,MOUCHE (LA),OULLINS,300,84,Auvergne-Rhône-Alpes,84,Auvergne-Rhône-Alpes
SOUTERRAIN,AMPERL63SEINE,225kV,AMPERE (SAINT-DENIS),SEINE,300,11,Île-de-France,11,Île-de-France
SOUTERRAIN,MANDAL62TUNNE,225kV,MANDARINS,TUNNEL,300,32,Hauts-de-France,32,Hauts-de-France
SOUTERRAIN,AMFARL62RATIE,225kV,AMFARD,RATIER,300,28,Normandie,28,Normandie
SOUTERRAIN,HARC7L61MOUL8,225kV,HARCOURT (POSTE BLINDE),MOULINEAUX,300,28,Normandie,28,Normandie
SOUTERRAIN,AVRONL62ZAVR5,225kV,PLAISANCE,VILLEVAUDE,300,11,Île-de-France,11,Île-de-France
SOUTERRAIN,AVRONL62ZAVR5,225kV,VILLEVAUDE,AVRON,300,11,Île-de-France,11,Île-de-France
SOUTERRAIN,BLERIL61SAUS5,225kV,BLERIOT (ROISSY),SAUSSET,300,93,Provence-Alpes-Côte d'Azur,93,Provence-Alpes-Côte d'Azur
SOUTERRAIN,AQUEDL61ZCOQU,225kV,AQUEDUCS (LES),COQUIBUS,300,11,Île-de-France,32,Hauts-de-France
SOUTERRAIN,AQUEDL61ZCOQU,225kV,COQUIBUS,GRIGNY,300,32,Hauts-de-France,32,Hauts-de-France
SOUTERRAIN,AVENIL61PRIME,225kV,AVENIR,PRIMEVERES,300,11,Île-de-France,93,Provence-Alpes-Côte d'Azur
SOUTERRAIN,HARC7L61JAVEL,225kV,HARCOURT (POSTE BLINDE),JAVEL,300,28,Normandie,11,Île-de-France
SOUTERRAIN,PLAISL61ZAVRO,225kV,PLAISANCE,VILLEVAUDE,300,11,Île-de-France,11,Île-de-France
SOUTERRAIN,PLAISL61ZAVRO,225kV,VILLEVAUDE,AVRON,300,11,Île-de-France,11,Île-de-France
SOUTERRAIN,PLUVIL61PRINQ,225kV,PLUVIGNER,PRINQUIAU,300,53,Bretagne,52,Pays de la Loire
SOUTERRAIN,FEUILL61LAVER,225kV,FEUILLANE,LAVERA,300,93,Provence-Alpes-Côte d'Azur,93,Provence-Alpes-Côte d'Azur
SOUTERRAIN,ARRIGL61CHARE,225kV,ARRIGHI,CHARENTON,300,94,Corse,11,Île-de-France
SOUTERRAIN,COQU7L61LIMEU,225kV,COQUEREL,LIMEUX,300,32,Hauts-de-France,32,Hauts-de-France
SOUTERRAIN,MORBRL61V.GEO,225kV,MORBRAS,VILLENEUVE-ST-GEORGES,300,11,Île-de-France,11,Île-de-France
SOUTERRAIN,GARCHL61SSELO,225kV,GARCHIZY,ST-ELOI,300,27,Bourgogne-Franche-Comté,84,Auvergne-Rhône-Alpes
SOUTERRAIN,CONVEL61MOUL8,225kV,CONVENTION,MOULINEAUX,300,11,Île-de-France,28,Normandie
SOUTERRAIN,AVELIL71WEPPE,400kV,AVELIN,WEPPES,1000,32,Hauts-de-France,32,Hauts-de-France
SOUTERRAIN,CABRIL62REALT,225kV,CABRIES,REALTOR,300,93,Provence-Alpes-Côte d'Azur,93,Provence-Alpes-Côte d'Azur
SOUTERRAIN,BOLL5L61PRRLA,225kV,BOLLENE,PIERRELATTE (COGEMA A PIERRELATTE) (225kV),300,93,Provence-Alpes-Côte d'Azur,84,Auvergne-Rhône-Alpes
SOUTERRAIN,GRIM5L62TRANS,225kV,GRIMAUD,TRANS,300,93,Provence-Alpes-Côte d'Azur,93,Provence-Alpes-Côte d'Azur
SOUTERRAIN,C.MERL61MOUGI,225kV,CAGNES-SUR-MER,MOUGINS,300,93,Provence-Alpes-Côte d'Azur,93,Provence-Alpes-Côte d'Azur
SOUTERRAIN,CAULAL61PYRAM,225kV,CAULAINCOURT,PYRAMIDES,300,32,Hauts-de-France,11,Île-de-France
SOUTERRAIN,FOLIEL61TURGO,225kV,FOLIES,TURGOT,300,32,Hauts-de-France,11,Île-de-France
SOUTERRAIN,BATIGL61CARDI,225kV,BATIGNOLLES,CARDINET,300,11,Île-de-France,11,Île-de-France
SOUTERRAIN,CHEVIL62RUNGI,225kV,CHEVILLY,RUNGIS,300,11,Île-de-France,11,Île-de-France
SOUTERRAIN,MTVICL61SSMI5,225kV,MONTVICQ,ST-ELOI-LES-MINES,300,84,Auvergne-Rhône-Alpes,84,Auvergne-Rhône-Alpes
SOUTERRAIN,PERTAL61ROYE,225kV,PERTAIN,ROYE,300,32,Hauts-de-France,27,Bourgogne-Franche-Comté
SOUTERRAIN,MALINL61SARR5,225kV,MALINTRAT,SARRE,300,84,Auvergne-Rhône-Alpes,44,Grand Est
SOUTERRAIN,G.COUL63VAUPA,225kV,GRAND-COURONNE,VAUPALIERE (LA),300,28,Normandie,28,Normandie
SOUTERRAIN,ENVALL61ISSOI,225kV,ENVAL,ISSOIRE,300,84,Auvergne-Rhône-Alpes,84,Auvergne-Rhône-Alpes
SOUTERRAIN,FALLOL61TILLI,225kV,FALLOU,TILLIERS,300,11,Île-de-France,11,Île-de-France
SOUTERRAIN,HALLEL61MAGEN,225kV,HALLES,MAGENTA,300,84,Auvergne-Rhône-Alpes,44,Grand Est
SOUTERRAIN,MTAG5L61ZVILA,225kV,CHATEAURENARD,MONTAGNETTE (LA),300,93,Provence-Alpes-Côte d'Azur,93,Provence-Alpes-Côte d'Azur
SOUTERRAIN,MTAG5L61ZVILA,225kV,MONTAGNETTE (LA),ROQUEROUSSE,300,93,Provence-Alpes-Côte d'Azur,93,Provence-Alpes-Côte d'Azur
SOUTERRAIN,G.ILEL61MOLL5,225kV,GRANDE-ILE,MOLLETTES (LES),300,84,Auvergne-Rhône-Alpes,84,Auvergne-Rhône-Alpes
SOUTERRAIN,DONZAL61VERLH,225kV,DONZAC,VERLHAGUET,300,75,Nouvelle-Aquitaine,76,Occitanie
SOUTERRAIN,B.GUEL62PRINQ,225kV,BANC-DE-GUERANDE,PRINQUIAU,300,52,Pays de la Loire,52,Pays de la Loire
SOUTERRAIN,MTEZIL71MTEZ5,400kV,MONTEZIC (CENTRALE),MONTEZIC (POSTE EXTERIEUR),1000,76,Occitanie,76,Occitanie
SOUTERRAIN,GALORL61MAUGE,225kV,GALOREAUX (LES),MAUGES,300,52,Pays de la Loire,52,Pays de la Loire
SOUTERRAIN,AIRVAL61BONN6,225kV,AIRVAULT,BONNEAU,300,75,Nouvelle-Aquitaine,75,Nouvelle-Aquitaine
SOUTERRAIN,BERT5L61CRETA,225kV,BERTHOLLET,CRETAINE,300,11,Île-de-France,11,Île-de-France
SOUTERRAIN,CPNIEL61PARIS,225kV,CHAMPAGNIER,PARISET,300,84,Auvergne-Rhône-Alpes,84,Auvergne-Rhône-Alpes
SOUTERRAIN,CHESNL61VOULZ,225kV,CHESNOY (LE),VOULZIE (LA),300,24,Centre-Val de Loire,24,Centre-Val de Loire
SOUTERRAIN,CPNIEL61ZSABL,225kV,CHAMPAGNIER,CORDEAC,300,84,Auvergne-Rhône-Alpes,84,Auvergne-Rhône-Alpes
SOUTERRAIN,CPNIEL61ZSABL,225kV,CORDEAC,SABLES (LES),300,84,Auvergne-Rhône-Alpes,84,Auvergne-Rhône-Alpes
SOUTERRAIN,MEYZIL61MIONS,225kV,MEYZIEU,MIONS,300,84,Auvergne-Rhône-Alpes,84,Auvergne-Rhône-Alpes
SOUTERRAIN,ROMAIL62VLEVA,225kV,ROMAINVILLE,VILLEVAUDE,300,11,Île-de-France,11,Île-de-France
SOUTERRAIN,SSAU5L61VERSA,225kV,ST-AUBIN,VERSAILLES,300,11,Île-de-France,11,Île-de-France
SOUTERRAIN,CHESNL66MTERE,225kV,CHESNOY (LE),MONTEREAU,300,24,Centre-Val de Loire,24,Centre-Val de Loire
SOUTERRAIN,NOISYL62ROMAI,225kV,NOISY,ROMAINVILLE 2 (SNCF),300,11,Île-de-France,11,Île-de-France
SOUTERRAIN,BOISSL62MIONS,225kV,BOISSE (LA),MIONS,300,84,Auvergne-Rhône-Alpes,84,Auvergne-Rhône-Alpes
SOUTERRAIN,CALA5L61P.ROU,225kV,CALAN,POTEAU-ROUGE,300,53,Bretagne,53,Bretagne
SOUTERRAIN,Q.SEIL61SAUMA,225kV,QUATRE SEIGNEURS,SAUMADE,300,76,Occitanie,76,Occitanie
SOUTERRAIN,SEINEL63SSOU5,225kV,SEINE,ST-OUEN (POSTE),300,11,Île-de-France,24,Centre-Val de Loire
SOUTERRAIN,CONF5L61PARIS,225kV,CONFLUENT,PARISET,300,84,Auvergne-Rhône-Alpes,84,Auvergne-Rhône-Alpes
SOUTERRAIN,AMFARL61RATIE,225kV,AMFARD,RATIER,300,28,Normandie,28,Normandie
SOUTERRAIN,SARRYL61SEREI,225kV,SARRY,SEREIN,300,44,Grand Est,27,Bourgogne-Franche-Comté
SOUTERRAIN,MIONSL62MOUCH,225kV,MIONS,MOUCHE (LA),300,84,Auvergne-Rhône-Alpes,84,Auvergne-Rhône-Alpes
SOUTERRAIN,LOGESL61ZLINA,225kV,ESCARGOT,LOGES (LES),300,28,Normandie,28,Normandie
SOUTERRAIN,LOGESL61ZLINA,225kV,LOGES (LES),PETIT-BOIS (LE),300,28,Normandie,11,Île-de-France
SOUTERRAIN,BERT5L61TOLBI,225kV,BERTHOLLET,TOLBIAC,300,11,Île-de-France,11,Île-de-France
SOUTERRAIN,AMPERL62SEINE,225kV,AMPERE (SAINT-DENIS),SEINE,300,11,Île-de-France,11,Île-de-France
SOUTERRAIN,GRAV5L61WARAN,225kV,GRAVELINES (CENTRALE),WARANDE,300,32,Hauts-de-France,32,Hauts-de-France
SOUTERRAIN,CHAV6L61GEN.P,225kV,CHAVANOD,GENISSIAT-POSTE,300,84,Auvergne-Rhône-Alpes,84,Auvergne-Rhône-Alpes
SOUTERRAIN,P.ANDL71S.BIS,400kV,PRAZ-ST-ANDRE,SUPER-BISSORTE,1000,84,Auvergne-Rhône-Alpes,84,Auvergne-Rhône-Alpes
SOUTERRAIN,G.SOLL71PENL5,400kV,GRANDE-SOLE (LA),PENLY (POSTE EVACUATION),1000,28,Normandie,28,Normandie
SOUTERRAIN,SONNEL61SSMR,225kV,SONNETTES,ST-MAUR,300,11,Île-de-France,24,Centre-Val de Loire
SOUTERRAIN,CONVEL61LAOS,225kV,CONVENTION,LAOS,300,11,Île-de-France,11,Île-de-France
SOUTERRAIN,CZSEUL62RANVI,225kV,COURSEULLES (SUR-MER),RANVILLE,300,28,Normandie,28,Normandie
SOUTERRAIN,CZSEUL61RANVI,225kV,COURSEULLES (SUR-MER),RANVILLE,300,28,Normandie,28,Normandie
SOUTERRAIN,CZTRYL61SENAR,225kV,COURTRY,SENART,300,11,Île-de-France,11,Île-de-France
SOUTERRAIN,BEZ.EL61SSVIN,225kV,BEZIERS-EST,ST-VINCENT,300,76,Occitanie,76,Occitanie
SOUTERRAIN,AVELIL62HELLE,225kV,AVELIN,HELLEMMES,300,32,Hauts-de-France,32,Hauts-de-France
SOUTERRAIN,MTLUCL61MTVIC,225kV,MONTLUCON,MONTVICQ,300,84,Auvergne-Rhône-Alpes,84,Auvergne-Rhône-Alpes
SOUTERRAIN,CHENEL61SENAR,225kV,CHENET,SENART,300,11,Île-de-France,11,Île-de-France
SOUTERRAIN,GOBELL61TOLBI,225kV,GOBELINS,TOLBIAC,300,11,Île-de-France,11,Île-de-France
SOUTERRAIN,PERELL61ZP.IL,225kV,CONFLUENT,MOIRANS,300,84,Auvergne-Rhône-Alpes,84,Auvergne-Rhône-Alpes
SOUTERRAIN,PERELL61ZP.IL,225kV,MOIRANS,PERELLE,300,84,Auvergne-Rhône-Alpes,84,Auvergne-Rhône-Alpes
SOUTERRAIN,PREGUL61SAINT,225kV,PREGUILLAC,SAINTES,300,75,Nouvelle-Aquitaine,75,Nouvelle-Aquitaine
SOUTERRAIN,ROMAIL64ZGALE,225kV,GALERES,ROMAINVILLE,300,11,Île-de-France,11,Île-de-France
SOUTERRAIN,ROMAIL64ZGALE,225kV,ROMAINVILLE,VILLEVAUDE,300,11,Île-de-France,11,Île-de-France
SOUTERRAIN,CPNIEL61GRISO,225kV,CHAMPAGNIER,GRISOLLES,300,84,Auvergne-Rhône-Alpes,76,Occitanie
SOUTERRAIN,MASTAL61P.SAM,225kV,MASTAING,PONT-SUR-SAMBRE,300,32,Hauts-de-France,32,Hauts-de-France
SOUTERRAIN,NANTEL61PUTEA,225kV,NANTERRE,PUTEAUX (1A-1B),300,11,Île-de-France,11,Île-de-France
SOUTERRAIN,FEUILL61RICHI,225kV,FEUILLANE,RICHIER,300,93,Provence-Alpes-Côte d'Azur,93,Provence-Alpes-Côte d'Azur
SOUTERRAIN,CORMEL62F.LOU,225kV,CORMEILLES,FOSSE AUX LOUPS (LA),300,28,Normandie,28,Normandie
SOUTERRAIN,ORNA5L61TURGO,225kV,ORNANO,TURGOT,300,11,Île-de-France,11,Île-de-France
SOUTERRAIN,H.VINL61WATTR,225kV,HAUT-VINAGE,WATTRELOS,300,32,Hauts-de-France,32,Hauts-de-France
SOUTERRAIN,SAULEL61VERSA,225kV,SAULES,VERSAILLES,300,27,Bourgogne-Franche-Comté,11,Île-de-France
SOUTERRAIN,BZGETL61DRANC,225kV,BOURGET (LE),DRANCY,300,11,Île-de-France,11,Île-de-France
SOUTERRAIN,ARRIGL61COLON,225kV,ARRIGHI,COLONIE,300,94,Corse,94,Corse
SOUTERRAIN,C.ROUL61VAISE,225kV,CROIX-ROUSSE,VAISE,300,84,Auvergne-Rhône-Alpes,84,Auvergne-Rhône-Alpes
SOUTERRAIN,P.BOIL61ZLIN7,225kV,LIERS,VILLEJUST,300,11,Île-de-France,11,Île-de-France
SOUTERRAIN,P.BOIL61ZLIN7,225kV,VILLEJUST,PETIT-BOIS (LE),300,11,Île-de-France,11,Île-de-France
SOUTERRAIN,FLERSL61LAUNA,225kV,FLERS,LAUNAY,300,28,Normandie,28,Normandie
SOUTERRAIN,CHATIL611CLAM,225kV,CHATILLON (CLAMART),CLAMART,300,11,Île-de-France,11,Île-de-France
SOUTERRAIN,BIANCL61BOCCA,225kV,BIANCON,BOCCA (LA),300,93,Provence-Alpes-Côte d'Azur,93,Provence-Alpes-Côte d'Azur
SOUTERRAIN,P.GASL61ZBRI5,225kV,PLESSIS-GASSOT,SEINE,300,11,Île-de-France,11,Île-de-France
SOUTERRAIN,P.GASL61ZBRI5,225kV,SEINE,BRICHE (LA),300,11,Île-de-France,11,Île-de-France
SOUTERRAIN,SSAVOL61VIGY,225kV,ST-AVOLD,VIGY,300,44,Grand Est,44,Grand Est
SOUTERRAIN,GRANDL61PRATC,225kV,GRANDVAL,PRATCLAUX,300,84,Auvergne-Rhône-Alpes,84,Auvergne-Rhône-Alpes
SOUTERRAIN,CIZE L61FLEYR,225kV,CIZE,FLEYRIAT,300,84,Auvergne-Rhône-Alpes,84,Auvergne-Rhône-Alpes
SOUTERRAIN,ARDOIL61MOTT5,225kV,ARDOISE (L ),MOTTE (LA) (V.-LES-AVIGNON),300,76,Occitanie,53,Bretagne
SOUTERRAIN,SEINEL61SSOU5,225kV,SEINE,ST-OUEN (POSTE),300,11,Île-de-France,24,Centre-Val de Loire
SOUTERRAIN,MOUCHL61PERRA,225kV,MOUCHE (LA),PERRACHE,300,84,Auvergne-Rhône-Alpes,84,Auvergne-Rhône-Alpes
SOUTERRAIN,ECHALL61GIVOR,225kV,ECHALAS,GIVORS,300,84,Auvergne-Rhône-Alpes,84,Auvergne-Rhône-Alpes
SOUTERRAIN,AQUEDL61LISSE,225kV,AQUEDUCS (LES),LISSES,300,11,Île-de-France,11,Île-de-France
SOUTERRAIN,LIERSL61LOGES,225kV,LIERS,LOGES (LES),300,11,Île-de-France,28,Normandie
SOUTERRAIN,CHEVIL62CRETA,225kV,CHEVILLY,CRETAINE,300,11,Île-de-France,11,Île-de-France
SOUTERRAIN,C.REGL61ZMAGN,225kV,CHAMPS-REGNAUD,CHAMPVANS,300,27,Bourgogne-Franche-Comté,27,Bourgogne-Franche-Comté
SOUTERRAIN,C.REGL61ZMAGN,225kV,CHAMPVANS,MAGNY(-SUR-TILLE),300,27,Bourgogne-Franche-Comté,24,Centre-Val de Loire
SOUTERRAIN,BOLL5L62PRRLA,225kV,BOLLENE,PIERRELATTE (COGEMA A PIERRELATTE) (225kV),300,93,Provence-Alpes-Côte d'Azur,84,Auvergne-Rhône-Alpes
SOUTERRAIN,P.GASL64SEINE,225kV,PLESSIS-GASSOT,SEINE,300,11,Île-de-France,11,Île-de-France
SOUTERRAIN,CPNIEL61S.PON,225kV,CHAMPAGNIER,SERRE-PONCON,300,84,Auvergne-Rhône-Alpes,93,Provence-Alpes-Côte d'Azur
SOUTERRAIN,GUER8L61ZGUE5,225kV,GUERACHE (LA),PIQUAGE A GUERACHE (LA),300,93,Provence-Alpes-Côte d'Azur,93,Provence-Alpes-Côte d'Azur
SOUTERRAIN,GUER8L61ZGUE5,225kV,PIQUAGE A GUERACHE (LA),TRANS,300,93,Provence-Alpes-Côte d'Azur,93,Provence-Alpes-Côte d'Azur
SOUTERRAIN,GUER8L61ZGUE5,225kV,TRANS,VINS,300,93,Provence-Alpes-Côte d'Azur,93,Provence-Alpes-Côte d'Azur
SOUTERRAIN,G.ROUL61SOULL,225kV,GUE-AU-ROUX (LE),SOULLANS,300,52,Pays de la Loire,52,Pays de la Loire
SOUTERRAIN,TERRIL61V.SEP,225kV,TERRIER,VILLERS-SAINT-SEPULCRE,300,11,Île-de-France,32,Hauts-de-France
SOUTERRAIN,SERRIL61SSV.E,225kV,SERRIERES,ST-VULBAS-EST,300,84,Auvergne-Rhône-Alpes,84,Auvergne-Rhône-Alpes
SOUTERRAIN,C.RHOL62L.NEU,225kV,CHATEAUNEUF-DU-RHONE,LOGIS-NEUF,300,84,Auvergne-Rhône-Alpes,84,Auvergne-Rhône-Alpes
SOUTERRAIN,BLOCAL61LIMEU,225kV,BLOCAUX,LIMEUX,300,32,Hauts-de-France,32,Hauts-de-France
SOUTERRAIN,BATHIL61G.COE,225kV,BATHIE (LA),GRAND-COEUR,300,84,Auvergne-Rhône-Alpes,84,Auvergne-Rhône-Alpes
SOUTERRAIN,ALOUEL61MALA6,225kV,ALOUETTES (LES),MALASSIS,300,11,Île-de-France,11,Île-de-France
SOUTERRAIN,VAUPAL61YAINV,225kV,VAUPALIERE (LA),YAINVILLE,300,28,Normandie,28,Normandie
SOUTERRAIN,CRUA5L61L.NEU,225kV,CRUAS (-MEYSSE),LOGIS-NEUF,300,84,Auvergne-Rhône-Alpes,84,Auvergne-Rhône-Alpes
SOUTERRAIN,BOUTRL61TRANS,225kV,BOUTRE,TRANS,300,93,Provence-Alpes-Côte d'Azur,93,Provence-Alpes-Côte d'Azur
SOUTERRAIN,CHAREL61VIT.N,225kV,CHARENTON,VITRY-NORD,300,11,Île-de-France,11,Île-de-France
SOUTERRAIN,FANAUL64ZFAN5,225kV,FALLOU,FANAUDES,300,11,Île-de-France,11,Île-de-France
SOUTERRAIN,FANAUL64ZFAN5,225kV,FANAUDES,PLESSIS-GASSOT,300,11,Île-de-France,11,Île-de-France
SOUTERRAIN,MUHLBL72SIERE,400kV,MUHLBACH,SIERENTZ,1000,44,Grand Est,44,Grand Est
SOUTERRAIN,GEN.PL61IZERN,225kV,GENISSIAT-POSTE,IZERNORE,300,84,Auvergne-Rhône-Alpes,84,Auvergne-Rhône-Alpes
SOUTERRAIN,RIVIEL61TREVA,225kV,RIVIERE (LA),TREVAS,300,75,Nouvelle-Aquitaine,75,Nouvelle-Aquitaine
SOUTERRAIN,P.SEPL62SAINN,225kV,PONT-SEPT,SAINNEVILLE,300,28,Normandie,28,Normandie
SOUTERRAIN,B.CHAL61TEMP5,225kV,BUTTES-CHAUMONT,TEMPLE,300,11,Île-de-France,75,Nouvelle-Aquitaine
SOUTERRAIN,OUDONL62PERTR,225kV,OUDON,PERTRE (LE),300,52,Pays de la Loire,53,Bretagne
SOUTERRAIN,N.MARL63PLAIS,225kV,NEUILLY-SUR-MARNE (POSTE D),PLAISANCE,300,11,Île-de-France,11,Île-de-France
SOUTERRAIN,C.LEML61GOBEL,225kV,CARDINAL LEMOINE,GOBELINS,300,11,Île-de-France,11,Île-de-France
SOUTERRAIN,FEURSL61VOLVO,225kV,FEURS,VOLVON,300,84,Auvergne-Rhône-Alpes,84,Auvergne-Rhône-Alpes
SOUTERRAIN,N.MARL62PLAIS,225kV,NEUILLY-SUR-MARNE (POSTE D),PLAISANCE,300,11,Île-de-France,11,Île-de-France
SOUTERRAIN,NANTEL61NOURO,225kV,NANTERRE (EDF),NOUROTTES,300,11,Île-de-France,11,Île-de-France
SOUTERRAIN,CESTAL61MASQU,225kV,CESTAS,MASQUET,300,75,Nouvelle-Aquitaine,75,Nouvelle-Aquitaine
SOUTERRAIN,MENTOL61ZMENT,225kV,CAMPOROSSO,MENTON,300,0,Étranger,93,Provence-Alpes-Côte d'Azur
SOUTERRAIN,MENTOL61ZMENT,225kV,MENTON,TRINITE-VICTOR,300,93,Provence-Alpes-Côte d'Azur,93,Provence-Alpes-Côte d'Azur
SOUTERRAIN,FEUILL61SSCHA,225kV,FEUILLANE,ST-CHAMAS,300,93,Provence-Alpes-Côte d'Azur,93,Provence-Alpes-Côte d'Azur
SOUTERRAIN,AQUEDL61CHENE,225kV,AQUEDUCS (LES),CHENET,300,11,Île-de-France,11,Île-de-France
SOUTERRAIN,H.VINL62HANNA,225kV,HANNART,HAUT-VINAGE,300,32,Hauts-de-France,32,Hauts-de-France
SOUTERRAIN,CONCEL61RABAT,225kV,CONCEPTION,RABATAU,300,93,Provence-Alpes-Côte d'Azur,93,Provence-Alpes-Côte d'Azur
SOUTERRAIN,MIONSL61VENIS,225kV,MIONS,VENISSIEUX,300,84,Auvergne-Rhône-Alpes,84,Auvergne-Rhône-Alpes
SOUTERRAIN,B.SE5L71B.TOL,400kV,BOIS-DE-SERVES,BOIS-TOLLOT,1000,84,Auvergne-Rhône-Alpes,84,Auvergne-Rhône-Alpes
SOUTERRAIN,ARRIGL61CRETA,225kV,ARRIGHI,CRETAINE,300,94,Corse,11,Île-de-France
SOUTERRAIN,BOISSL61CUS.P,225kV,BOISSE (LA),CUSSET-POSTE,300,84,Auvergne-Rhône-Alpes,84,Auvergne-Rhône-Alpes
SOUTERRAIN,GENITL61ORSON,225kV,GENITOY,ORSONVILLE,300,11,Île-de-France,11,Île-de-France
SOUTERRAIN,BOISSL62CUS.P,225kV,BOISSE (LA),CUSSET-POSTE,300,84,Auvergne-Rhône-Alpes,84,Auvergne-Rhône-Alpes
SOUTERRAIN,GRAFFL61SPORE,225kV,GRAFFENSTADEN,SPORENINSEL,300,44,Grand Est,0,Étranger
SOUTERRAIN,CORMEL62PERRE,225kV,CORMEILLES,PERRET,300,28,Normandie,11,Île-de-France
SOUTERRAIN,DECHYL61T.NOI,225kV,DECHY,TERRES-NOIRES (S.N.C.F.),300,32,Hauts-de-France,32,Hauts-de-France
SOUTERRAIN,A.NOUL61FLEAC,225kV,ASNIERES-SUR-NOUERE,FLEAC,300,75,Nouvelle-Aquitaine,75,Nouvelle-Aquitaine
SOUTERRAIN,ULISSL63ZV.OR,225kV,CHEVILLY,ULIS (LES),300,11,Île-de-France,11,Île-de-France
SOUTERRAIN,ULISSL63ZV.OR,225kV,ULIS (LES),VILLEJUST,300,11,Île-de-France,11,Île-de-France
SOUTERRAIN,H.DIEL61VAUPA,225kV,HOTEL DIEU,VAUPALIERE (LA),300,28,Normandie,28,Normandie
SOUTERRAIN,MOREAL62ZMORE,225kV,GAUDIERE (LA),MOREAU,300,93,Provence-Alpes-Côte d'Azur,93,Provence-Alpes-Côte d'Azur
SOUTERRAIN,MOREAL62ZMORE,225kV,MOREAU,CONQUES-SUR-ORBIEL,300,93,Provence-Alpes-Côte d'Azur,76,Occitanie
SOUTERRAIN,CHEVIL62VLEJU,225kV,CHEVILLY,VILLEJUST,300,11,Île-de-France,11,Île-de-France
SOUTERRAIN,.G.ROL61HOSPI,225kV,GRAU-ROIG,HOSPITALET (L),300,0,Étranger,76,Occitanie
SOUTERRAIN,FALLOL62ZV.BE,225kV,FALLOU,PLESSIS-GASSOT,300,11,Île-de-France,11,Île-de-France
SOUTERRAIN,FALLOL62ZV.BE,225kV,PLESSIS-GASSOT,VILLIERS-LE-BEL,300,11,Île-de-France,11,Île-de-France
SOUTERRAIN,AUSTEL61NATI3,225kV,AUSTERLITZ,NATION,300,11,Île-de-France,11,Île-de-France
SOUTERRAIN,SACL5L61SSAU5,225kV,SACLAY (PLATEAU),ST-AUBIN,300,11,Île-de-France,11,Île-de-France
SOUTERRAIN,MOIMOL61P.GAS,225kV,MOIMONT,PLESSIS-GASSOT,300,11,Île-de-France,11,Île-de-France
SOUTERRAIN,CIROLL62LOGES,225kV,CIROLLIERS,LOGES (LES),300,11,Île-de-France,28,Normandie
SOUTERRAIN,AUBE6L61CZNEU,225kV,AUBERVILLIERS,COURNEUVE (LA),300,11,Île-de-France,11,Île-de-France
SOUTERRAIN,GRISOL61PRAL5,225kV,GRISOLLES,PRALONG,300,76,Occitanie,84,Auvergne-Rhône-Alpes
SOUTERRAIN,BRUGEL61MQIS,225kV,BRUGES,MARQUIS (LE),300,75,Nouvelle-Aquitaine,75,Nouvelle-Aquitaine
SOUTERRAIN,ETINCL62GAVRE,225kV,ETINCHELLE,GAVRELLE,300,32,Hauts-de-France,32,Hauts-de-France
SOUTERRAIN,REVESL61SEINE,225kV,REVEST,SEINE,300,93,Provence-Alpes-Côte d'Azur,11,Île-de-France
SOUTERRAIN,ORNA5L61SSOU5,225kV,ORNANO,ST-OUEN (POSTE),300,11,Île-de-France,24,Centre-Val de Loire
SOUTERRAIN,MANDAL71PEUP5,400kV,MANDARINS,PEUPLINGUES,1000,32,Hauts-de-France,32,Hauts-de-France
SOUTERRAIN,GIVORL61OULLI,225kV,GIVORS,OULLINS,300,84,Auvergne-Rhône-Alpes,84,Auvergne-Rhône-Alpes
SOUTERRAIN,P.GASL61V.BEL,225kV,PLESSIS-GASSOT,VILLIERS-LE-BEL,300,11,Île-de-France,11,Île-de-France
SOUTERRAIN,C.MERL61LINGO,225kV,CAGNES-SUR-MER,LINGOSTIERE,300,93,Provence-Alpes-Côte d'Azur,93,Provence-Alpes-Côte d'Azur
SOUTERRAIN,BAIXAL61M.BRU,225kV,BAIXAS,MAS BRUNO,300,76,Occitanie,76,Occitanie
SOUTERRAIN,ARENCL61SEPTE,225kV,ARENC,SEPTEMES,300,93,Provence-Alpes-Côte d'Azur,93,Provence-Alpes-Côte d'Azur
SOUTERRAIN,ALMA L61BAUDR,225kV,ALMA,BAUDRY,300,11,Île-de-France,11,Île-de-France
SOUTERRAIN,Q.SEIL61TAMAR,225kV,QUATRE SEIGNEURS,TAMAREAU,300,76,Occitanie,76,Occitanie
SOUTERRAIN,CHOLEL61DISTR,225kV,CHOLET,DISTRE,300,52,Pays de la Loire,52,Pays de la Loire
SOUTERRAIN,C.JANL61SAUM6,225kV,CAP JANET,SAUMATY,300,93,Provence-Alpes-Côte d'Azur,93,Provence-Alpes-Côte d'Azur
SOUTERRAIN,B.SSBL61DOBER,225kV,BAIE-DE-ST-BRIEUC,DOBERIE,300,53,Bretagne,53,Bretagne
SOUTERRAIN,MEZE5L63PORCH,225kV,MEZEROLLES,PORCHEVILLE,300,32,Hauts-de-France,11,Île-de-France
SOUTERRAIN,G.ILEL61ZMER7,225kV,FROGES,GRANDE-ILE,300,84,Auvergne-Rhône-Alpes,84,Auvergne-Rhône-Alpes
SOUTERRAIN,G.ILEL61ZMER7,225kV,GRANDE-ILE,MERCIERS (LES),300,84,Auvergne-Rhône-Alpes,84,Auvergne-Rhône-Alpes
SOUTERRAIN,D.FRAL62LINGO,225kV,DIGUE-DES-FRANCAIS,LINGOSTIERE,300,93,Provence-Alpes-Côte d'Azur,93,Provence-Alpes-Côte d'Azur
SOUTERRAIN,MTPELL63TAMAR,225kV,MONTPELLIER,TAMAREAU,300,76,Occitanie,76,Occitanie
SOUTERRAIN,LAGAFL62TRI.P,225kV,LAGAFIERE,TRICASTIN-POSTE (LE),300,84,Auvergne-Rhône-Alpes,84,Auvergne-Rhône-Alpes
SOUTERRAIN,ARGE6L61FALLO,225kV,ARGENTEUIL,FALLOU,300,11,Île-de-France,11,Île-de-France
SOUTERRAIN,ISCLEL62P.ORG,225kV,ISCLES (LES),PLAN-D ORGON,300,93,Provence-Alpes-Côte d'Azur,93,Provence-Alpes-Côte d'Azur
SOUTERRAIN,H.FALL62SAINN,225kV,HAUTES,FALAISES,300,28,Normandie,28,Normandie
SOUTERRAIN,H.FALL62SAINN,225kV,FALAISES,SAINNEVILLE,300,28,Normandie,28,Normandie
SOUTERRAIN,C.ROUL61CHARP,225kV,CHARPENAY,CROIX-ROUSSE,300,84,Auvergne-Rhône-Alpes,84,Auvergne-Rhône-Alpes
SOUTERRAIN,AMNEVL61ZGAN5,225kV,AMNEVILLE,ST-HUBERT,300,44,Grand Est,44,Grand Est
SOUTERRAIN,AMNEVL61ZGAN5,225kV,ST-HUBERT,VIGY,300,44,Grand Est,44,Grand Est
SOUTERRAIN,PEYROL61SAUMA,225kV,PEYROU,SAUMADE,300,76,Occitanie,76,Occitanie
SOUTERRAIN,LATENL61ZC.OM,225kV,LATENA,PERTAIN,300,32,Hauts-de-France,32,Hauts-de-France
SOUTERRAIN,LATENL61ZC.OM,225kV,PERTAIN,CRESSY-OMENCOURT,300,32,Hauts-de-France,32,Hauts-de-France
SOUTERRAIN,FLAMEL61WEPPE,225kV,FLAMENGRIE,WEPPES,300,32,Hauts-de-France,32,Hauts-de-France
SOUTERRAIN,LIESSL62ZLIES,225kV,CERGY,HAUTE-BORNE,300,11,Île-de-France,11,Île-de-France
SOUTERRAIN,LIESSL62ZLIES,225kV,HAUTE-BORNE,LIESSE,300,11,Île-de-France,11,Île-de-France
SOUTERRAIN,G.RIVL61GUERS,225kV,GRANDES-RIVIERES,GUERSAC,300,52,Pays de la Loire,52,Pays de la Loire
SOUTERRAIN,P.ROSL61SSAVO,225kV,PETITE-ROSSELLE,ST-AVOLD,300,44,Grand Est,44,Grand Est
SOUTERRAIN,PLAISL62ZGAL5,225kV,GALERES,PLAISANCE,300,11,Île-de-France,11,Île-de-France
SOUTERRAIN,PLAISL62ZGAL5,225kV,PLAISANCE,VILLEVAUDE,300,11,Île-de-France,11,Île-de-France
SOUTERRAIN,LEVALL62PERRE,225kV,LEVALLOIS,PERRET,300,11,Île-de-France,11,Île-de-France
SOUTERRAIN,CANTEL61MARSI,225kV,LIAISON 225kV N0 1CANTEGRIT,MARSILLON,300,75,Nouvelle-Aquitaine,75,Nouvelle-Aquitaine
SOUTERRAIN,MUR  L61P.HA5,225kV,MUR (-DE-BRETAGNE),PLAINE HAUTE,300,53,Bretagne,53,Bretagne
SOUTERRAIN,H.DIEL62VAUPA,225kV,HOTEL DIEU,VAUPALIERE (LA),300,28,Normandie,28,Normandie
SOUTERRAIN,B.EPIL61DOMLO,225kV,BELLE-EPINE,DOMLOUP,300,53,Bretagne,53,Bretagne
SOUTERRAIN,FOCH L62PUTEA,225kV,FOCH,PUTEAUX,300,11,Île-de-France,11,Île-de-France
SOUTERRAIN,.SOTEL61MOULA,225kV,MOULAINE,SOTEL,300,44,Grand Est,44,Grand Est
SOUTERRAIN,ALOUEL61PLAIS,225kV,ALOUETTES (LES),PLAISANCE,300,11,Île-de-France,11,Île-de-France
SOUTERRAIN,CHAINL63DAMBR,225kV,CHAINGY,DAMBRON,300,24,Centre-Val de Loire,24,Centre-Val de Loire
SOUTERRAIN,RQROUL61S.AIR,225kV,ROQUEROUSSE,SALON-BEL-AIR,300,93,Provence-Alpes-Côte d'Azur,93,Provence-Alpes-Côte d'Azur
SOUTERRAIN,RASSUL61S.AIR,225kV,RASSUEN,SALON-BEL-AIR,300,93,Provence-Alpes-Côte d'Azur,93,Provence-Alpes-Côte d'Azur
SOUTERRAIN,CABESL61M.BRU,225kV,CABESTANY,MAS BRUNO,300,76,Occitanie,76,Occitanie
SOUTERRAIN,FLANDL61ROMAI,225kV,FLANDRE,ROMAINVILLE,300,32,Hauts-de-France,11,Île-de-France
SOUTERRAIN,RISSOL62T.VIC,225kV,RISSO,TRINITE-VICTOR,300,93,Provence-Alpes-Côte d'Azur,93,Provence-Alpes-Côte d'Azur
SOUTERRAIN,MOUL8L62VLEJU,225kV,MOULINEAUX,VILLEJUST,300,28,Normandie,11,Île-de-France
SOUTERRAIN,CASTAL61SEVRE,225kV,CASTAGNARY,SEVRES,300,28,Normandie,11,Île-de-France
SOUTERRAIN,AQUEDL62CHENE,225kV,AQUEDUCS (LES),CHENET,300,11,Île-de-France,11,Île-de-France
SOUTERRAIN,MEZE5L61VERIN,225kV,MEZEROLLES,VERINNERIE (LA),300,32,Hauts-de-France,11,Île-de-France
SOUTERRAIN,CRIMEL61FLAND,225kV,CRIMEE,FLANDRE (TR611),300,11,Île-de-France,32,Hauts-de-France
SOUTERRAIN,B.MONL62B.MON,225kV,BEAUMONT-MONTEUX,AT762,300,84,Auvergne-Rhône-Alpes,84,Auvergne-Rhône-Alpes
SOUTERRAIN,SAUM6L61SEPTE,225kV,SAUMATY,SEPTEMES,300,93,Provence-Alpes-Côte d'Azur,93,Provence-Alpes-Côte d'Azur
SOUTERRAIN,CUS.PL61SSAMO,225kV,CUSSET-POSTE,ST-AMOUR,300,84,Auvergne-Rhône-Alpes,27,Bourgogne-Franche-Comté
SOUTERRAIN,LESCAL61MARSI,225kV,LESCAR,MARSILLON,300,75,Nouvelle-Aquitaine,75,Nouvelle-Aquitaine
SOUTERRAIN,ORELLL61P.AND,225kV,ORELLE,PRAZ-ST-ANDRE,300,84,Auvergne-Rhône-Alpes,84,Auvergne-Rhône-Alpes
SOUTERRAIN,EDITHL61TRI.P,225kV,EDITH,TRICASTIN-POSTE (LE),300,84,Auvergne-Rhône-Alpes,84,Auvergne-Rhône-Alpes
SOUTERRAIN,LAVALL61OUDON,225kV,LAVAL,OUDON,300,52,Pays de la Loire,52,Pays de la Loire
SOUTERRAIN,ELANCL61SSAU5,225kV,ELANCOURT,ST-AUBIN,300,11,Île-de-France,11,Île-de-France
SOUTERRAIN,GRANDL61ZLANA,225kV,RUEYRES,GRANDVAL,300,76,Occitanie,84,Auvergne-Rhône-Alpes
SOUTERRAIN,GRANDL61ZLANA,225kV,GRANDVAL,LANAU,300,84,Auvergne-Rhône-Alpes,84,Auvergne-Rhône-Alpes
SOUTERRAIN,GAMPAL61PAPIN,225kV,GAMPALOUP,PAPIN,300,84,Auvergne-Rhône-Alpes,11,Île-de-France
SOUTERRAIN,CESTAL61PESSA,225kV,CESTAS,PESSAC,300,75,Nouvelle-Aquitaine,75,Nouvelle-Aquitaine
SOUTERRAIN,ALBERL61CHAV6,225kV,ALBERTVILLE,CHAVANOD,300,84,Auvergne-Rhône-Alpes,84,Auvergne-Rhône-Alpes
SOUTERRAIN,ALSACL61PERRE,225kV,ALSACE,PERRET,300,11,Île-de-France,11,Île-de-France
SOUTERRAIN,SSAVOL61ZSAU9,225kV,LANEUVEVILLE,SAULNOIS,300,44,Grand Est,44,Grand Est
SOUTERRAIN,SSAVOL61ZSAU9,225kV,SAULNOIS,ST-AVOLD,300,44,Grand Est,44,Grand Est
SOUTERRAIN,BOISSL61GEN.P,225kV,BOISSE (LA),GENISSIAT-POSTE,300,84,Auvergne-Rhône-Alpes,84,Auvergne-Rhône-Alpes
SOUTERRAIN,BARBAL61SAUCA,225kV,BARBAN,SAUCATS,300,75,Nouvelle-Aquitaine,75,Nouvelle-Aquitaine
SOUTERRAIN,BXBOUL61TEMP5,225kV,BEAUBOURG,TEMPLE,300,75,Nouvelle-Aquitaine,75,Nouvelle-Aquitaine
SOUTERRAIN,CHEVIL61CORIO,225kV,CHEVILLY,CORIOLIS,300,11,Île-de-France,11,Île-de-France
SOUTERRAIN,PESSAL61SAUCA,225kV,PESSAC,SAUCATS,300,75,Nouvelle-Aquitaine,75,Nouvelle-Aquitaine
SOUTERRAIN,P.GASL61PERSA,225kV,PLESSIS-GASSOT,PERSAN,300,11,Île-de-France,11,Île-de-France
SOUTERRAIN,MOUGUL61TARN5,225kV,MOUGUERRE,TARNOS,300,75,Nouvelle-Aquitaine,75,Nouvelle-Aquitaine
SOUTERRAIN,GRENAL61MIONS,225kV,GRENAY,MIONS,300,84,Auvergne-Rhône-Alpes,84,Auvergne-Rhône-Alpes
SOUTERRAIN,BAIXAL61SOLER,225kV,BAIXAS,LE SOLER,300,76,Occitanie,76,Occitanie
SOUTERRAIN,MORBRL61MORB5,225kV,MORBRAS,MORBRAS (POSTE SOURCE),300,11,Île-de-France,11,Île-de-France
SOUTERRAIN,CORIOL61FAIDH,225kV,CORIOLIS,FAIDHERBE,300,11,Île-de-France,11,Île-de-France
SOUTERRAIN,FALLOL61GENN3,225kV,FALLOU,GENNEVILLIERS(TURBINE A GAZ),300,11,Île-de-France,11,Île-de-France
SOUTERRAIN,HARC7L61MENUS,225kV,HARCOURT (POSTE BLINDE),MENUS,300,28,Normandie,28,Normandie
SOUTERRAIN,COMMUL61VIELM,225kV,COMMUNE,VIELMOULIN,300,93,Provence-Alpes-Côte d'Azur,27,Bourgogne-Franche-Comté
SOUTERRAIN,CRUA5L62L.NEU,225kV,CRUAS (-MEYSSE),LOGIS-NEUF,300,84,Auvergne-Rhône-Alpes,84,Auvergne-Rhône-Alpes
SOUTERRAIN,A.NOUL62FLEAC,225kV,ASNIERES-SUR-NOUERE,FLEAC,300,75,Nouvelle-Aquitaine,75,Nouvelle-Aquitaine
SOUTERRAIN,CHEVIL64ZMAS5,225kV,CHEVILLY,MASSY,300,11,Île-de-France,11,Île-de-France
SOUTERRAIN,CHEVIL64ZMAS5,225kV,MASSY,VILLEJUST,300,11,Île-de-France,11,Île-de-France
SOUTERRAIN,AVOINL61AVOI5,225kV,AVOINE,AVOINE(POSTE 400 kV),300,24,Centre-Val de Loire,24,Centre-Val de Loire
SOUTERRAIN,G.QUEL61VAUPA,225kV,GRAND-QUEVILLY,VAUPALIERE (LA),300,28,Normandie,28,Normandie
SOUTERRAIN,AVENIL61CRIME,225kV,AVENIR,CRIMEE,300,11,Île-de-France,11,Île-de-France
SOUTERRAIN,ARRIGL61SSMR,225kV,ARRIGHI,ST-MAUR,300,94,Corse,24,Centre-Val de Loire
SOUTERRAIN,MOIRAL61PEREL,225kV,MOIRANS,PERELLE,300,84,Auvergne-Rhône-Alpes,84,Auvergne-Rhône-Alpes
SOUTERRAIN,GENITL61VLEVA,225kV,GENITOY,VILLEVAUDE,300,11,Île-de-France,11,Île-de-France
SOUTERRAIN,BALMAL61GRAMO,225kV,BALMA (POSTE),GRAMONT,300,76,Occitanie,76,Occitanie
SOUTERRAIN,H.FALL61SAINN,225kV,HAUTES,FALAISES,300,28,Normandie,28,Normandie
SOUTERRAIN,H.FALL61SAINN,225kV,FALAISES,SAINNEVILLE,300,28,Normandie,28,Normandie
SOUTERRAIN,A.DOUL61COUFF,225kV,ARNAC-SUR-DOURDOU,COUFFRAU,300,76,Occitanie,76,Occitanie
SOUTERRAIN,MOUGIL61P.GR5,225kV,MOUGINS,PLAN-DE-GRASSE,300,93,Provence-Alpes-Côte d'Azur,93,Provence-Alpes-Côte d'Azur
SOUTERRAIN,BACALL61BRUGE,225kV,BACALAN,BRUGES,300,75,Nouvelle-Aquitaine,75,Nouvelle-Aquitaine
SOUTERRAIN,ARENCL61V.POR,225kV,ARENC,VIEUX-PORT,300,93,Provence-Alpes-Côte d'Azur,28,Normandie
SOUTERRAIN,FREJUL62TRANS,225kV,FREJUS,TRANS,300,93,Provence-Alpes-Côte d'Azur,93,Provence-Alpes-Côte d'Azur
SOUTERRAIN,TIVERL61ZSEMO,225kV,CARRES(LES),DAMBRON,300,24,Centre-Val de Loire,24,Centre-Val de Loire
SOUTERRAIN,TIVERL61ZSEMO,225kV,DAMBRON,TIVERNON,300,24,Centre-Val de Loire,24,Centre-Val de Loire
SOUTERRAIN,TIVERL61ZSEMO,225kV,TIVERNON,VILLEJUST,300,24,Centre-Val de Loire,11,Île-de-France
SOUTERRAIN,FLOIRL61MQIS,225kV,FLOIRAC EDF,MARQUIS (LE),300,75,Nouvelle-Aquitaine,75,Nouvelle-Aquitaine
SOUTERRAIN,MIONSL61ZGREN,225kV,AOSTE,GRENAY,300,84,Auvergne-Rhône-Alpes,84,Auvergne-Rhône-Alpes
SOUTERRAIN,MIONSL61ZGREN,225kV,GRENAY,MIONS,300,84,Auvergne-Rhône-Alpes,84,Auvergne-Rhône-Alpes
SOUTERRAIN,VAIREL61VLEVA,225kV,VAIRES (-SUR-MARNE),VILLEVAUDE,300,11,Île-de-France,11,Île-de-France
SOUTERRAIN,BOLL5L62CROI6,225kV,BOLLENE,CROISIERE,300,93,Provence-Alpes-Côte d'Azur,93,Provence-Alpes-Côte d'Azur
SOUTERRAIN,AVELIL61MASTA,225kV,AVELIN,MASTAING,300,32,Hauts-de-France,32,Hauts-de-France
SOUTERRAIN,CORMEL61ZHERB,225kV,CERGY,CORMEILLES,300,11,Île-de-France,28,Normandie
SOUTERRAIN,CORMEL61ZHERB,225kV,CORMEILLES,HERBLAY,300,28,Normandie,11,Île-de-France
SOUTERRAIN,CONCEL61V.POR,225kV,CONCEPTION,VIEUX-PORT,300,93,Provence-Alpes-Côte d'Azur,28,Normandie
SOUTERRAIN,CERGYL64ZFRO7,225kV,CERGY,CORMEILLES,300,11,Île-de-France,28,Normandie
SOUTERRAIN,CERGYL64ZFRO7,225kV,CORMEILLES,FROMAINVILLE,300,28,Normandie,28,Normandie
SOUTERRAIN,DOULOL61ZDOUL,225kV,CHEVIRE,DOULON,300,52,Pays de la Loire,52,Pays de la Loire
SOUTERRAIN,DOULOL61ZDOUL,225kV,DOULON,ST-JOSEPH,300,52,Pays de la Loire,52,Pays de la Loire
SOUTERRAIN,AUBE6L61SEINE,225kV,AUBERVILLIERS,SEINE,300,11,Île-de-France,11,Île-de-France
SOUTERRAIN,CORMEL64ZFRO7,225kV,CERGY,CORMEILLES,300,11,Île-de-France,28,Normandie
SOUTERRAIN,CORMEL64ZFRO7,225kV,CORMEILLES,FROMAINVILLE,300,28,Normandie,28,Normandie
SOUTERRAIN,DAMBRL62G.DEN,225kV,DAMBRON,GAULT-SAINT-DENIS,300,24,Centre-Val de Loire,24,Centre-Val de Loire
SOUTERRAIN,ORVAUL61ZORVA,225kV,CORDEMAIS-POSTE,ST JOSEPH,300,52,Pays de la Loire,52,Pays de la Loire
SOUTERRAIN,ORVAUL61ZORVA,225kV,ST JOSEPH,ORVAULT,300,52,Pays de la Loire,52,Pays de la Loire
SOUTERRAIN,LAVEYL61MTGRO,225kV,LAVEYRUNE,MONTGROS,300,84,Auvergne-Rhône-Alpes,84,Auvergne-Rhône-Alpes
SOUTERRAIN,BXRE6L61SSEA2,225kV,BEAUREGARD(SAINT-LAURENT-NOUAN),ST-LAURENT-DES-EAUX B,300,84,Auvergne-Rhône-Alpes,53,Bretagne
SOUTERRAIN,BERGHL62SARR9,225kV,BERGHOLZ,SARRALTROFF,300,0,Étranger,44,Grand Est
SOUTERRAIN,MAZARL61RABAT,225kV,MAZARGUES,RABATAU,300,93,Provence-Alpes-Côte d'Azur,93,Provence-Alpes-Côte d'Azur
SOUTERRAIN,SSJOSL61ZORVA,225kV,CORDEMAIS-POSTE,ST JOSEPH,300,52,Pays de la Loire,52,Pays de la Loire
SOUTERRAIN,SSJOSL61ZORVA,225kV,ST JOSEPH,ORVAULT,300,52,Pays de la Loire,52,Pays de la Loire
SOUTERRAIN,ARRIGL61VIT.N,225kV,ARRIGHI,VITRY-NORD,300,94,Corse,11,Île-de-France
SOUTERRAIN,GIVORL61MIONS,225kV,GIVORS,MIONS,300,84,Auvergne-Rhône-Alpes,84,Auvergne-Rhône-Alpes
SOUTERRAIN,CRETAL61GOBEL,225kV,CRETAINE,GOBELINS,300,11,Île-de-France,11,Île-de-France
SOUTERRAIN,FLANDL61MAGEN,225kV,FLANDRE,MAGENTA,300,32,Hauts-de-France,44,Grand Est
SOUTERRAIN,BOLL5L61C.RHO,225kV,BOLLENE,CHATEAUNEUF-DU-RHONE,300,93,Provence-Alpes-Côte d'Azur,84,Auvergne-Rhône-Alpes
SOUTERRAIN,ESCAIL61NEOUL,225kV,ESCAILLON (L ),NEOULES,300,93,Provence-Alpes-Côte d'Azur,93,Provence-Alpes-Côte d'Azur
SOUTERRAIN,SEINEL62SSOU5,225kV,SEINE,ST-OUEN (POSTE),300,11,Île-de-France,24,Centre-Val de Loire
SOUTERRAIN,CHESNL61PATOU,225kV,CHESNOY (LE),PATOU,300,24,Centre-Val de Loire,24,Centre-Val de Loire
SOUTERRAIN,GERSTL61STRAS,225kV,GERSTHEIM,STRASBOURG,300,44,Grand Est,44,Grand Est
SOUTERRAIN,ARRIGL61CHEVI,225kV,ARRIGHI,CHEVILLY,300,94,Corse,11,Île-de-France
SOUTERRAIN,COR.PL61ZORVA,225kV,CORDEMAIS-POSTE,ST JOSEPH,300,52,Pays de la Loire,52,Pays de la Loire
SOUTERRAIN,COR.PL61ZORVA,225kV,ST JOSEPH,ORVAULT,300,52,Pays de la Loire,52,Pays de la Loire
SOUTERRAIN,SSROCL61VERTE,225kV,ST-ROCH,VERTEFEUILLE,300,24,Centre-Val de Loire,32,Hauts-de-France
SOUTERRAIN,DAMBRL62ZESPI,225kV,CHAUNAY,DAMBRON,300,75,Nouvelle-Aquitaine,24,Centre-Val de Loire
SOUTERRAIN,DAMBRL62ZESPI,225kV,DAMBRON,ESPIERS (LES),300,24,Centre-Val de Loire,24,Centre-Val de Loire
SOUTERRAIN,FREJUL61TRANS,225kV,FREJUS,TRANS,300,93,Provence-Alpes-Côte d'Azur,93,Provence-Alpes-Côte d'Azur
SOUTERRAIN,AQUEDL62LISSE,225kV,AQUEDUCS (LES),LISSES,300,11,Île-de-France,11,Île-de-France
SOUTERRAIN,ARGE6L61CORME,225kV,ARGENTEUIL,CORMEILLES,300,11,Île-de-France,28,Normandie
SOUTERRAIN,HOLQUL61LONG9,225kV,HOLQUE,LONGUENESSE,300,32,Hauts-de-France,32,Hauts-de-France
SOUTERRAIN,BOR.CL61FLOIR,225kV,BORDEAUX CENTRE,FLOIRAC EDF,300,75,Nouvelle-Aquitaine,75,Nouvelle-Aquitaine
SOUTERRAIN,BOISSL61MEYZI,225kV,BOISSE (LA),MEYZIEU,300,84,Auvergne-Rhône-Alpes,84,Auvergne-Rhône-Alpes
SOUTERRAIN,SSAMOL61VAISE,225kV,ST-AMOUR,VAISE,300,27,Bourgogne-Franche-Comté,84,Auvergne-Rhône-Alpes
SOUTERRAIN,EGUZOL61MARMA,225kV,EGUZON,MARMAGNE,300,24,Centre-Val de Loire,24,Centre-Val de Loire
SOUTERRAIN,RICHAL62SONNE,225kV,RICHARDET,SONNETTES,300,11,Île-de-France,11,Île-de-France
SOUTERRAIN,ALESIL61R.COT,225kV,ALESIA,RENE COTY,300,11,Île-de-France,11,Île-de-France
SOUTERRAIN,P.RHIL61SPORE,225kV,PORT-DU-RHIN,SPORENINSEL,300,44,Grand Est,0,Étranger
SOUTERRAIN,MORBRL62SONNE,225kV,MORBRAS,SONNETTES,300,11,Île-de-France,11,Île-de-France
SOUTERRAIN,G.ROUL62V.ILE,225kV,GUE-AU-ROUX (LE),VENT-DES-ILES,300,52,Pays de la Loire,52,Pays de la Loire
SOUTERRAIN,AYRESL61ZS.CU,225kV,AYRES,SALLES CURAN,300,76,Occitanie,76,Occitanie
SOUTERRAIN,AYRESL61ZS.CU,225kV,SALLES CURAN,ONET-LE-CHATEAU,300,76,Occitanie,76,Occitanie
SOUTERRAIN,GRAMOL61VERFE,225kV,GRAMONT,VERFEIL,300,76,Occitanie,76,Occitanie
SOUTERRAIN,G.COLL62WARAN,225kV,GRAND COLOMBIER,WARANDE,300,32,Hauts-de-France,32,Hauts-de-France
SOUTERRAIN,CIROLL61LOGES,225kV,CIROLLIERS,LOGES (LES),300,11,Île-de-France,28,Normandie
SOUTERRAIN,GABIOL61RATIE,225kV,GABION,RATIER,300,28,Normandie,28,Normandie
SOUTERRAIN,BRUGEL61ZPARR,225kV,BRUGES,GARIES,300,75,Nouvelle-Aquitaine,76,Occitanie
SOUTERRAIN,BRUGEL61ZPARR,225kV,GARIES,PESSAC,300,76,Occitanie,75,Nouvelle-Aquitaine
SOUTERRAIN,BOUCHL71MASTA,400kV,BOUCHAIN,MASTAING,1000,32,Hauts-de-France,32,Hauts-de-France
SOUTERRAIN,MAMBEL61VAROI,225kV,MAMBELIN,VAROILLES (LES),300,27,Bourgogne-Franche-Comté,27,Bourgogne-Franche-Comté
SOUTERRAIN,BAYETL61MTVIC,225kV,BAYET,MONTVICQ,300,84,Auvergne-Rhône-Alpes,84,Auvergne-Rhône-Alpes
SOUTERRAIN,P.GASL62V.BEL,225kV,PLESSIS-GASSOT,VILLIERS-LE-BEL,300,11,Île-de-France,11,Île-de-France
SOUTERRAIN,BIANCL61FREJU,225kV,BIANCON,FREJUS,300,93,Provence-Alpes-Côte d'Azur,93,Provence-Alpes-Côte d'Azur
SOUTERRAIN,BIANCL61P.GR5,225kV,BIANCON,PLAN-DE-GRASSE,300,93,Provence-Alpes-Côte d'Azur,93,Provence-Alpes-Côte d'Azur
SOUTERRAIN,CHESNL63CZTRY,225kV,CHESNOY (LE),COURTRY,300,24,Centre-Val de Loire,11,Île-de-France
SOUTERRAIN,B.MAIL61E.BOT,225kV,BELLE-DE-MAI,ENCO-DE-BOTTE,300,93,Provence-Alpes-Côte d'Azur,93,Provence-Alpes-Côte d'Azur
SOUTERRAIN,GAVREL61MORCH,225kV,GAVRELLE,MORCHIES,300,32,Hauts-de-France,32,Hauts-de-France
SOUTERRAIN,FALLOL61NOVIO,225kV,FALLOU,NOVION,300,11,Île-de-France,44,Grand Est
SOUTERRAIN,LEVALL63PERRE,225kV,LEVALLOIS,PERRET,300,11,Île-de-France,11,Île-de-France
SOUTERRAIN,ERASML61GOBEL,225kV,ERASME,GOBELINS,300,11,Île-de-France,11,Île-de-France
SOUTERRAIN,COUPVL61ORSON,225kV,COUPVRAY,ORSONVILLE,300,11,Île-de-France,11,Île-de-France
SOUTERRAIN,BIANCL61MOUGI,225kV,BIANCON,MOUGINS,300,93,Provence-Alpes-Côte d'Azur,93,Provence-Alpes-Côte d'Azur
SOUTERRAIN,MTJAYL61ZMTJA,225kV,ST-AUBIN,MONTJAY,300,11,Île-de-France,11,Île-de-France
SOUTERRAIN,MTJAYL61ZMTJA,225kV,MONTJAY,VILLEJUST,300,11,Île-de-France,11,Île-de-France
SOUTERRAIN,COUDOL62GARD7,225kV,COUDON (LE),GARDE (LA),300,93,Provence-Alpes-Côte d'Azur,93,Provence-Alpes-Côte d'Azur
SOUTERRAIN,CERGYL73TERRI,400kV,CERGY,TERRIER,1000,11,Île-de-France,11,Île-de-France
SOUTERRAIN,CARDIL61NOVIO,225kV,CARDINET,NOVION,300,11,Île-de-France,44,Grand Est
SOUTERRAIN,CHEVIL61RUNGI,225kV,CHEVILLY,RUNGIS,300,11,Île-de-France,11,Île-de-France
SOUTERRAIN,CHEVIL61CRETA,225kV,CHEVILLY,CRETAINE,300,11,Île-de-France,11,Île-de-France
SOUTERRAIN,GRIM5L61TRANS,225kV,GRIMAUD,TRANS,300,93,Provence-Alpes-Côte d'Azur,93,Provence-Alpes-Côte d'Azur
SOUTERRAIN,CHESNL62VOULZ,225kV,CHESNOY (LE),VOULZIE (LA),300,24,Centre-Val de Loire,24,Centre-Val de Loire
SOUTERRAIN,CHAREL61CORIO,225kV,CHARENTON,CORIOLIS,300,11,Île-de-France,11,Île-de-France
SOUTERRAIN,ARGE6L61PERRE,225kV,ARGENTEUIL,PERRET,300,11,Île-de-France,11,Île-de-France
SOUTERRAIN,FALLOL63ZFANA,225kV,FALLOU,FANAUDES,300,11,Île-de-France,11,Île-de-France
SOUTERRAIN,FALLOL63ZFANA,225kV,FANAUDES,PLESSIS-GASSOT,300,11,Île-de-France,11,Île-de-France
SOUTERRAIN,FALLOL64ZFAN5,225kV,FALLOU,FANAUDES,300,11,Île-de-France,11,Île-de-France
SOUTERRAIN,FALLOL64ZFAN5,225kV,FANAUDES,PLESSIS-GASSOT,300,11,Île-de-France,11,Île-de-France
SOUTERRAIN,ENVALL61SSRO5,225kV,ENVAL,ST-PIERRE-ROCHE,300,84,Auvergne-Rhône-Alpes,84,Auvergne-Rhône-Alpes
SOUTERRAIN,TRANSL61ZGUE5,225kV,GUERACHE (LA),PIQUAGE A GUERACHE (LA),300,93,Provence-Alpes-Côte d'Azur,93,Provence-Alpes-Côte d'Azur
SOUTERRAIN,TRANSL61ZGUE5,225kV,PIQUAGE A GUERACHE (LA),TRANS,300,93,Provence-Alpes-Côte d'Azur,93,Provence-Alpes-Côte d'Azur
SOUTERRAIN,TRANSL61ZGUE5,225kV,TRANS,VINS,300,93,Provence-Alpes-Côte d'Azur,93,Provence-Alpes-Côte d'Azur
SOUTERRAIN,AYRESL61GANGE,225kV,AYRES,GANGES,300,76,Occitanie,76,Occitanie
SOUTERRAIN,CSLL8L61TAMAR,225kV,CASTELLE (LA),TAMAREAU,300,76,Occitanie,76,Occitanie
SOUTERRAIN,NEY  L62SSOU5,225kV,NEY,ST-OUEN (POSTE),300,27,Bourgogne-Franche-Comté,24,Centre-Val de Loire
SOUTERRAIN,P.SEPL61SAINN,225kV,PONT-SEPT,SAINNEVILLE,300,28,Normandie,28,Normandie
SOUTERRAIN,E.BOTL61MAZAR,225kV,ENCO-DE-BOTTE,MAZARGUES,300,93,Provence-Alpes-Côte d'Azur,93,Provence-Alpes-Côte d'Azur
SOUTERRAIN,BOUSCL61BRUGE,225kV,BOUSCAT,BRUGES,300,75,Nouvelle-Aquitaine,75,Nouvelle-Aquitaine
SOUTERRAIN,MTCROL61VENDI,225kV,MONTCROISETTE,VENDIN,300,32,Hauts-de-France,32,Hauts-de-France
SOUTERRAIN,BEC5 L62MQIS,225kV,BEC,MARQUIS (LE),300,75,Nouvelle-Aquitaine,75,Nouvelle-Aquitaine
SOUTERRAIN,ARRIGL61GUESD,225kV,ARRIGHI,GUESDE,300,94,Corse,94,Corse
SOUTERRAIN,BONNEL61CUS.P,225kV,BONNETERRE,CUSSET-POSTE,300,84,Auvergne-Rhône-Alpes,84,Auvergne-Rhône-Alpes
SOUTERRAIN,BOLL5L61CROI6,225kV,BOLLENE,CROISIERE,300,93,Provence-Alpes-Côte d'Azur,93,Provence-Alpes-Côte d'Azur
SOUTERRAIN,RIVIEL61SANSS,225kV,RIVIERE (LA),SANSSAC (L EGLISE),300,75,Nouvelle-Aquitaine,84,Auvergne-Rhône-Alpes
SOUTERRAIN,BERT5L61CHEVI,225kV,BERTHOLLET,CHEVILLY,300,11,Île-de-France,11,Île-de-France
SOUTERRAIN,ELANCL61VERIN,225kV,ELANCOURT,VERINNERIE (LA),300,11,Île-de-France,11,Île-de-France
SOUTERRAIN,PLAISL61ROMAI,225kV,PLAISANCE,ROMAINVILLE,300,11,Île-de-France,11,Île-de-France
SOUTERRAIN,VLEJUL611CLAM,225kV,CLAMART,VILLEJUST,300,11,Île-de-France,11,Île-de-France
SOUTERRAIN,MOUL8L61VLEJU,225kV,MOULINEAUX,VILLEJUST,300,28,Normandie,11,Île-de-France
SOUTERRAIN,RICHAL61SONNE,225kV,RICHARDET,SONNETTES,300,11,Île-de-France,11,Île-de-France
SOUTERRAIN,BATELL61SSOU5,225kV,BATELIERS,ST-OUEN (POSTE),300,24,Centre-Val de Loire,24,Centre-Val de Loire
SOUTERRAIN,NANTEL62RUEIL,225kV,NANTERRE,RUEIL,300,11,Île-de-France,11,Île-de-France
SOUTERRAIN,MORBRL62MORB5,225kV,MORBRAS,MORBRAS (POSTE SOURCE),300,11,Île-de-France,11,Île-de-France
SOUTERRAIN,BAIXAL62SOLER,225kV,BAIXAS,LE SOLER,300,76,Occitanie,76,Occitanie
SOUTERRAIN,G.MASL61ISSOI,225kV,GRAND-MAS (LE),ISSOIRE,300,84,Auvergne-Rhône-Alpes,84,Auvergne-Rhône-Alpes
SOUTERRAIN,AUSTEL61CORIO,225kV,AUSTERLITZ,CORIOLIS,300,11,Île-de-France,11,Île-de-France
SOUTERRAIN,B.MONL61G.CO6,225kV,BEAUMONT-MONTEUX,GRAND-COURBIS,300,84,Auvergne-Rhône-Alpes,84,Auvergne-Rhône-Alpes
SOUTERRAIN,CPNIEL61SABL5,225kV,CHAMPAGNIER,SABLES (LES),300,84,Auvergne-Rhône-Alpes,84,Auvergne-Rhône-Alpes
SOUTERRAIN,B.CHAL61ROMAI,225kV,BUTTES CHAUMONT,ROMAINVILLE,300,11,Île-de-France,11,Île-de-France
SOUTERRAIN,CHESNL65MTERE,225kV,CHESNOY (LE),MONTEREAU,300,24,Centre-Val de Loire,24,Centre-Val de Loire
SOUTERRAIN,SSAU5L61VLERA,225kV,ST-AUBIN,VILLERAS,300,11,Île-de-France,11,Île-de-France
SOUTERRAIN,DECINL61VENIS,225kV,DECINES,VENISSIEUX,300,84,Auvergne-Rhône-Alpes,84,Auvergne-Rhône-Alpes
SOUTERRAIN,AMARGL61ZARGO,225kV,AMARGUE,AMIENS,300,32,Hauts-de-France,32,Hauts-de-France
SOUTERRAIN,AMARGL61ZARGO,225kV,AMIENS,ARGOEUVES,300,32,Hauts-de-France,32,Hauts-de-France
SOUTERRAIN,CALA5L61MUR,225kV,CALAN,MUR (-DE-BRETAGNE),300,53,Bretagne,53,Bretagne
SOUTERRAIN,TAVELL62VIRAD,225kV,TAVEL,VIRADEL,300,76,Occitanie,76,Occitanie
SOUTERRAIN,CORMEL61F.LOU,225kV,CORMEILLES,FOSSE AUX LOUPS (LA),300,28,Normandie,28,Normandie
SOUTERRAIN,CHESNL61ROUSS,225kV,CHESNOY (LE),ROUSSON,300,24,Centre-Val de Loire,76,Occitanie
SOUTERRAIN,ARRIGL61MORBR,225kV,ARRIGHI,MORBRAS,300,94,Corse,11,Île-de-France
SOUTERRAIN,CHESNL62CZTRY,225kV,CHESNOY (LE),COURTRY,300,24,Centre-Val de Loire,11,Île-de-France
SOUTERRAIN,ARENCL61SAUM6,225kV,ARENC,SAUMATY,300,93,Provence-Alpes-Côte d'Azur,93,Provence-Alpes-Côte d'Azur
SOUTERRAIN,DOMLOL61MORIH,225kV,DOMLOUP,MORIHAN,300,53,Bretagne,53,Bretagne
SOUTERRAIN,BERSAL62PERTA,225kV,BERSAUCOURT,PERTAIN,300,32,Hauts-de-France,32,Hauts-de-France
SOUTERRAIN,H.PAUL61ZCUR5,225kV,CURTIL,GROSNE,300,27,Bourgogne-Franche-Comté,27,Bourgogne-Franche-Comté
SOUTERRAIN,H.PAUL61ZCUR5,225kV,GROSNE,HENRI-PAUL,300,27,Bourgogne-Franche-Comté,93,Provence-Alpes-Côte d'Azur
SOUTERRAIN,V.BELL62ZV.BE,225kV,FALLOU,PLESSIS-GASSOT,300,11,Île-de-France,11,Île-de-France
SOUTERRAIN,V.BELL62ZV.BE,225kV,PLESSIS-GASSOT,VILLIERS-LE-BEL,300,11,Île-de-France,11,Île-de-France
SOUTERRAIN,C.FO6L61MIONN,225kV,CAILLOUX-SUR-FONTAINES,MIONNAY,300,84,Auvergne-Rhône-Alpes,84,Auvergne-Rhône-Alpes
SOUTERRAIN,G.MASL62ISSOI,225kV,GRAND-MAS (LE),ISSOIRE,300,84,Auvergne-Rhône-Alpes,84,Auvergne-Rhône-Alpes
SOUTERRAIN,DARSEL61RASSU,225kV,DARSE,RASSUEN,300,93,Provence-Alpes-Côte d'Azur,93,Provence-Alpes-Côte d'Azur
SOUTERRAIN,GAMBEL61VINC5,225kV,GAMBETTA,VINCENNES,300,11,Île-de-France,11,Île-de-France
SOUTERRAIN,NEY  L61SSOU5,225kV,NEY,ST-OUEN (POSTE),300,27,Bourgogne-Franche-Comté,24,Centre-Val de Loire
SOUTERRAIN,ALESIL61BERT5,225kV,ALESIA,BERTHOLLET,300,11,Île-de-France,11,Île-de-France
SOUTERRAIN,AMIENL61ZBXV6,225kV,AMIENS,AVESNES-LE-COMTE,300,32,Hauts-de-France,32,Hauts-de-France
SOUTERRAIN,AMIENL61ZBXV6,225kV,AVESNES-LE-COMTE,VICOGNE (LA),300,32,Hauts-de-France,32,Hauts-de-France
SOUTERRAIN,CRETAL61R.COT,225kV,CRETAINE,RENE COTY,300,11,Île-de-France,11,Île-de-France
SOUTERRAIN,AMELOL61SAUS5,225kV,AMELOT (AEROPORT PARIS NORD),SAUSSET,300,93,Provence-Alpes-Côte d'Azur,93,Provence-Alpes-Côte d'Azur
SOUTERRAIN,NEOULL61ZROCB,225kV,NEOULES,ROCBARON,300,93,Provence-Alpes-Côte d'Azur,93,Provence-Alpes-Côte d'Azur
SOUTERRAIN,NEOULL61ZROCB,225kV,ROCBARON,VINS,300,93,Provence-Alpes-Côte d'Azur,93,Provence-Alpes-Côte d'Azur
SOUTERRAIN,CHAREL61COLON,225kV,CHARENTON,COLONIE,300,11,Île-de-France,94,Corse
SOUTERRAIN,AMNEVL61RICHE,225kV,AMNEVILLE,RICHEMONT,300,44,Grand Est,44,Grand Est
SOUTERRAIN,A.COML61MTCRO,225kV,AVESNES-LE-COMTE,MONTCROISETTE,300,32,Hauts-de-France,32,Hauts-de-France
SOUTERRAIN,C.REGL62VIELM,225kV,CHAMPS-REGNAUD,VIELMOULIN,300,27,Bourgogne-Franche-Comté,27,Bourgogne-Franche-Comté
SOUTERRAIN,ANTIBL61MOUGI,225kV,ANTIBES,MOUGINS,300,93,Provence-Alpes-Côte d'Azur,93,Provence-Alpes-Côte d'Azur
SOUTERRAIN,NIME6L61SSCES,225kV,NIMES,ST-CESAIRE,300,76,Occitanie,75,Nouvelle-Aquitaine
SOUTERRAIN,FROGEL62MONNE,225kV,FROGES,MONNET,300,84,Auvergne-Rhône-Alpes,27,Bourgogne-Franche-Comté
SOUTERRAIN,BERGHL61SARR9,225kV,BERGHOLZ,SARRALTROFF,300,0,Étranger,44,Grand Est
SOUTERRAIN,CHAREL61NATI3,225kV,CHARENTON,NATION III,300,11,Île-de-France,11,Île-de-France
SOUTERRAIN,CROIXL61ROU.N,225kV,CROIX (LA),ROUBAIX-NORD,300,32,Hauts-de-France,32,Hauts-de-France
SOUTERRAIN,BISSYL61G.ILE,225kV,BISSY,GRANDE-ILE,300,27,Bourgogne-Franche-Comté,84,Auvergne-Rhône-Alpes
SOUTERRAIN,DECHYL62T.NOI,225kV,DECHY,TERRES-NOIRES (S.N.C.F.),300,32,Hauts-de-France,32,Hauts-de-France
SOUTERRAIN,FANAUL63ZFANA,225kV,FALLOU,FANAUDES,300,11,Île-de-France,11,Île-de-France
SOUTERRAIN,FANAUL63ZFANA,225kV,FANAUDES,PLESSIS-GASSOT,300,11,Île-de-France,11,Île-de-France
SOUTERRAIN,DAMBRL61ZJUST,225kV,CHAUNAY,DAMBRON,300,75,Nouvelle-Aquitaine,24,Centre-Val de Loire
SOUTERRAIN,DAMBRL61ZJUST,225kV,DAMBRON,JUSTICE,300,24,Centre-Val de Loire,24,Centre-Val de Loire
SOUTERRAIN,MALA6L61NATI3,225kV,MALASSIS,NATION,300,11,Île-de-France,11,Île-de-France
SOUTERRAIN,ROBI5L61ZROBI,225kV,CHATILLON (CLAMART),ROBINSON,300,11,Île-de-France,11,Île-de-France
SOUTERRAIN,ROBI5L61ZROBI,225kV,ROBINSON,VILLEJUST,300,11,Île-de-France,11,Île-de-France
SOUTERRAIN,GARD7L61HYERE,225kV,GARDE (LA),HYERES,300,93,Provence-Alpes-Côte d'Azur,93,Provence-Alpes-Côte d'Azur
SOUTERRAIN,LEVALL61PERRE,225kV,LEVALLOIS,PERRET,300,11,Île-de-France,11,Île-de-France
SOUTERRAIN,SAUS5L61ZGONE,225kV,PLESSIS-GASSOT,SAUSSET,300,11,Île-de-France,93,Provence-Alpes-Côte d'Azur
SOUTERRAIN,SAUS5L61ZGONE,225kV,SAUSSET,GONESSE,300,93,Provence-Alpes-Côte d'Azur,11,Île-de-France
SOUTERRAIN,MARTYL61PONAN,225kV,MARTYRE (LA),PONANT,300,53,Bretagne,53,Bretagne
SOUTERRAIN,ARRIGL61V.GEO,225kV,ARRIGHI,VILLENEUVE-ST-GEORGES,300,94,Corse,11,Île-de-France
SOUTERRAIN,JONQUL62SSCES,225kV,JONQUIERES,ST-CESAIRE,300,76,Occitanie,75,Nouvelle-Aquitaine
SOUTERRAIN,GAMBEL61MALA6,225kV,GAMBETTA,MALASSIS,300,11,Île-de-France,11,Île-de-France
SOUTERRAIN,PERRAL61SSAMO,225kV,PERRACHE,ST AMOUR,300,84,Auvergne-Rhône-Alpes,27,Bourgogne-Franche-Comté
SOUTERRAIN,EGUZOL61MOUS5,225kV,EGUZON,MOUSSEAUX,300,24,Centre-Val de Loire,24,Centre-Val de Loire
SOUTERRAIN,MENUSL61MUETT,225kV,MENUS,LA MUETTE,300,28,Normandie,28,Normandie
SOUTERRAIN,SACL5L61VLERA,225kV,SACLAY (PLATEAU),VILLERAS,300,11,Île-de-France,11,Île-de-France
SOUTERRAIN,LAMORL61NANTE,225kV,LAMORUE,NANTERRE,300,11,Île-de-France,11,Île-de-France
SOUTERRAIN,CORMEL61NANTE,225kV,CORMEILLES,NANTERRE (1A-1),300,28,Normandie,11,Île-de-France
SOUTERRAIN,CORMEL61PERRE,225kV,CORMEILLES,PERRET,300,28,Normandie,11,Île-de-France
SOUTERRAIN,BACALL61MQIS,225kV,BACALAN,MARQUIS (LE),300,75,Nouvelle-Aquitaine,75,Nouvelle-Aquitaine
SOUTERRAIN,DOMLOL62ZSSL7,225kV,BELLE-EPINE,DOMLOUP,300,53,Bretagne,53,Bretagne
SOUTERRAIN,DOMLOL62ZSSL7,225kV,DOMLOUP,ST-LAURENT,300,53,Bretagne,44,Grand Est
SOUTERRAIN,PATISL61REMIS,225kV,PATIS,REMISE,300,28,Normandie,28,Normandie
SOUTERRAIN,HELLEL61M.LIL,225kV,HELLEMMES,MOULINS,300,32,Hauts-de-France,32,Hauts-de-France
SOUTERRAIN,HELLEL61M.LIL,225kV,MOULINS,LILLE,300,32,Hauts-de-France,32,Hauts-de-France
SOUTERRAIN,ROBI5L62ZROB5,225kV,CHATILLON (CLAMART),ROBINSON,300,11,Île-de-France,11,Île-de-France
SOUTERRAIN,ROBI5L62ZROB5,225kV,ROBINSON,VILLEJUST,300,11,Île-de-France,11,Île-de-France
SOUTERRAIN,CROIXL61P.ME5,225kV,CROIX (LA),PETIT-MENIN,300,32,Hauts-de-France,32,Hauts-de-France
SOUTERRAIN,A.MOUL61DURAN,225kV,AIX-MOURET,DURANNE (LA),300,93,Provence-Alpes-Côte d'Azur,93,Provence-Alpes-Côte d'Azur
SOUTERRAIN,CERGYL63ZFRO6,225kV,CERGY,CORMEILLES,300,11,Île-de-France,28,Normandie
SOUTERRAIN,CERGYL63ZFRO6,225kV,CORMEILLES,FROMAINVILLE,300,28,Normandie,28,Normandie
SOUTERRAIN,CESTAL61CONST,225kV,CESTAS,CONSTANTIN,300,75,Nouvelle-Aquitaine,75,Nouvelle-Aquitaine
SOUTERRAIN,B.MONL61B.MON,225kV,BEAUMONT-MONTEUX,AT761,300,84,Auvergne-Rhône-Alpes,84,Auvergne-Rhône-Alpes
SOUTERRAIN,COMMUL61H.PAU,225kV,COMMUNE,HENRI-PAUL,300,93,Provence-Alpes-Côte d'Azur,93,Provence-Alpes-Côte d'Azur
SOUTERRAIN,FLOIRL62MQIS,225kV,FLOIRAC EDF,MARQUIS (LE),300,75,Nouvelle-Aquitaine,75,Nouvelle-Aquitaine
SOUTERRAIN,E.RHOL61ZMANG,225kV,ETOILE-SUR-RHONE,LOGIS-NEUF,300,84,Auvergne-Rhône-Alpes,84,Auvergne-Rhône-Alpes
SOUTERRAIN,E.RHOL61ZMANG,225kV,LOGIS-NEUF,VALENCE,300,84,Auvergne-Rhône-Alpes,84,Auvergne-Rhône-Alpes
SOUTERRAIN,M.PONL65PONTE,225kV,MARTIGUES-PONTEAU,PONTEAU,300,93,Provence-Alpes-Côte d'Azur,93,Provence-Alpes-Côte d'Azur
SOUTERRAIN,SSJOSL61ZDOUL,225kV,CHEVIRE,DOULON,300,52,Pays de la Loire,52,Pays de la Loire
SOUTERRAIN,SSJOSL61ZDOUL,225kV,DOULON,ST-JOSEPH,300,52,Pays de la Loire,52,Pays de la Loire
SOUTERRAIN,FROGEL61MONNE,225kV,FROGES,MONNET,300,84,Auvergne-Rhône-Alpes,27,Bourgogne-Franche-Comté
SOUTERRAIN,P.SIML61PALAY,225kV,PORTET-ST-SIMON,PALAYRE,300,76,Occitanie,76,Occitanie
SOUTERRAIN,CAULAL61SEINE,225kV,CAULAINCOURT,SEINE,300,32,Hauts-de-France,11,Île-de-France
SOUTERRAIN,MORBRL62ZLAN8,225kV,LANGLOIS,MORBRAS,300,11,Île-de-France,11,Île-de-France
SOUTERRAIN,MORBRL62ZLAN8,225kV,MORBRAS,VILLEVAUDE,300,11,Île-de-France,11,Île-de-France
SOUTERRAIN,BOULEL61PUTEA,225kV,BOULE (LA),PUTEAUX,300,76,Occitanie,11,Île-de-France
SOUTERRAIN,MORIHL62ZKERL,225kV,CHEVIRE,CORDEMAIS-POSTE,300,52,Pays de la Loire,52,Pays de la Loire
SOUTERRAIN,MORIHL62ZKERL,225kV,CORDEMAIS-POSTE,MORIHAN,300,52,Pays de la Loire,53,Bretagne
SOUTERRAIN,E.BOTL61RABAT,225kV,ENCO-DE-BOTTE,RABATAU,300,93,Provence-Alpes-Côte d'Azur,93,Provence-Alpes-Côte d'Azur
SOUTERRAIN,CREC6L62WEPPE,225kV,CRECHETS (LES),WEPPES,300,32,Hauts-de-France,32,Hauts-de-France
SOUTERRAIN,PUTEAL61PUTE5,225kV,PUTEAUX,PUTEAUX (IMPASSE LEGAGNEUX),300,11,Île-de-France,11,Île-de-France
SOUTERRAIN,BISC6L62JONQU,225kV,BISCARRAT,JONQUIERES,300,76,Occitanie,76,Occitanie
SOUTERRAIN,AYRESL62SSVIC,225kV,AYRES,ST-VICTOR,300,76,Occitanie,76,Occitanie
SOUTERRAIN,CHEVIL61V.GEO,225kV,CHEVILLY,VILLENEUVE-ST-GEORGES,300,11,Île-de-France,11,Île-de-France
SOUTERRAIN,N.MARL61PLAIS,225kV,NEUILLY-SUR-MARNE (POSTE D),PLAISANCE,300,11,Île-de-France,11,Île-de-France
SOUTERRAIN,COUPVL61VLEVA,225kV,COUPVRAY,VILLEVAUDE,300,11,Île-de-France,11,Île-de-France
SOUTERRAIN,GUEUGL61H.PAU,225kV,GUEUGNON,HENRI-PAUL,300,27,Bourgogne-Franche-Comté,93,Provence-Alpes-Côte d'Azur
SOUTERRAIN,GATELL61ZSSG7,225kV,BREUIL (LE),GATELLIER,300,84,Auvergne-Rhône-Alpes,84,Auvergne-Rhône-Alpes
SOUTERRAIN,GATELL61ZSSG7,225kV,GATELLIER,GODIN,300,84,Auvergne-Rhône-Alpes,76,Occitanie
SOUTERRAIN,NOISYL61ROMAI,225kV,NOISY,ROMAINVILLE 1 (SNCF),300,11,Île-de-France,11,Île-de-France
SOUTERRAIN,VLEJUL61VLERA,225kV,VILLEJUST,VILLERAS,300,11,Île-de-France,11,Île-de-France
SOUTERRAIN,PRRTTL61VERTE,225kV,PIERRETTE (LA),VERTEFEUILLE,300,32,Hauts-de-France,32,Hauts-de-France
SOUTERRAIN,EDITHL62TRI.P,225kV,EDITH,TRICASTIN-POSTE (LE),300,84,Auvergne-Rhône-Alpes,84,Auvergne-Rhône-Alpes
SOUTERRAIN,ULISSL61ZV.BR,225kV,ROBINSON,VILLEJUST,300,11,Île-de-France,11,Île-de-France
SOUTERRAIN,ULISSL61ZV.BR,225kV,VILLEJUST,ULIS (LES),300,11,Île-de-France,11,Île-de-France
SOUTERRAIN,GAVREL61LAMBR,225kV,GAVRELLE,LAMBRES-LEZ-DOUAI,300,32,Hauts-de-France,32,Hauts-de-France
SOUTERRAIN,B.GUEL61PRINQ,225kV,BANC-DE-GUERANDE,PRINQUIAU,300,52,Pays de la Loire,52,Pays de la Loire
SOUTERRAIN,LAMORL62NANTE,225kV,LAMORUE,NANTERRE (EDF),300,11,Île-de-France,11,Île-de-France
SOUTERRAIN,MTEZIL72MTEZ5,400kV,MONTEZIC (CENTRALE),MONTEZIC (POSTE EXTERIEUR),1000,76,Occitanie,76,Occitanie
SOUTERRAIN,HARC7L61ROBI5,225kV,HARCOURT (POSTE BLINDE),ROBINSON,300,28,Normandie,11,Île-de-France
SOUTERRAIN,GAUDIL61LIVIE,225kV,LA GAUDIERE,LIVIERE,300,93,Provence-Alpes-Côte d'Azur,93,Provence-Alpes-Côte d'Azur
SOUTERRAIN,GEN.PL61ZCRUS,225kV,CORNIER,CRUSEILLES,300,84,Auvergne-Rhône-Alpes,84,Auvergne-Rhône-Alpes
SOUTERRAIN,GEN.PL61ZCRUS,225kV,CRUSEILLES,GENISSIAT-POSTE,300,84,Auvergne-Rhône-Alpes,84,Auvergne-Rhône-Alpes
SOUTERRAIN,BXCAIL62JONQU,225kV,BEAUCAIRE(CENTRALE CNR),JONQUIERES,300,76,Occitanie,76,Occitanie
SOUTERRAIN,BALMAL61TOU.C,225kV,BALMA (POSTE),TOULOUSE CENTRE,300,76,Occitanie,76,Occitanie
SOUTERRAIN,CISSAL61MQIS,225kV,CISSAC,MARQUIS (LE),300,75,Nouvelle-Aquitaine,75,Nouvelle-Aquitaine
SOUTERRAIN,ETINCL61GAVRE,225kV,ETINCHELLE,GAVRELLE,300,32,Hauts-de-France,32,Hauts-de-France
SOUTERRAIN,BAUDRL61PERRE,225kV,BAUDRY,PERRET,300,11,Île-de-France,11,Île-de-France
SOUTERRAIN,AYRESL61SSVIC,225kV,AYRES,ST-VICTOR,300,76,Occitanie,76,Occitanie
SOUTERRAIN,AYRESL61GODIN,225kV,AYRES,GODIN,300,76,Occitanie,76,Occitanie
SOUTERRAIN,ALSACL61PUTEA,225kV,ALSACE,PUTEAUX,300,11,Île-de-France,11,Île-de-France
SOUTERRAIN,NOVIOL61SSOU5,225kV,NOVION,ST-OUEN (POSTE),300,44,Grand Est,24,Centre-Val de Loire
SOUTERRAIN,BATIGL61PERRE,225kV,BATIGNOLLES,PERRET,300,11,Île-de-France,11,Île-de-France
SOUTERRAIN,MTPELL61PEYRO,225kV,MONTPELLIER,PEYROU,300,76,Occitanie,76,Occitanie
SOUTERRAIN,BATIGL62CARDI,225kV,BATIGNOLLES,CARDINET,300,11,Île-de-France,11,Île-de-France
SOUTERRAIN,G.ROUL61V.ILE,225kV,GUE-AU-ROUX (LE),VENT-DES-ILES,300,52,Pays de la Loire,52,Pays de la Loire
SOUTERRAIN,G.ILEL62MOLL5,225kV,GRANDE-ILE,MOLLETTES (LES),300,84,Auvergne-Rhône-Alpes,84,Auvergne-Rhône-Alpes
SOUTERRAIN,MANDAL63TUNNE,225kV,MANDARINS,TUNNEL,300,32,Hauts-de-France,32,Hauts-de-France
SOUTERRAIN,LONG4L61MENUS,225kV,LONGCHAMP PARIS,MENUS,300,11,Île-de-France,28,Normandie
SOUTERRAIN,BOCCAL61MOUGI,225kV,BOCCA (LA),MOUGINS,300,93,Provence-Alpes-Côte d'Azur,93,Provence-Alpes-Côte d'Azur
SOUTERRAIN,WARANL61ZDUV5,225kV,BRODE,DUVIGNEAU,300,32,Hauts-de-France,32,Hauts-de-France
SOUTERRAIN,WARANL61ZDUV5,225kV,DUVIGNEAU,WARANDE,300,32,Hauts-de-France,32,Hauts-de-France
SOUTERRAIN,ROMAIL61VLEVA,225kV,ROMAINVILLE,VILLEVAUDE,300,11,Île-de-France,11,Île-de-France
SOUTERRAIN,CHARPL61VAISE,225kV,CHARPENAY,VAISE,300,84,Auvergne-Rhône-Alpes,84,Auvergne-Rhône-Alpes
SOUTERRAIN,Q.ECLL61ZQ.EC,225kV,DUNES (LES),GRANDE-SYNTHE,300,32,Hauts-de-France,32,Hauts-de-France
SOUTERRAIN,Q.ECLL61ZQ.EC,225kV,GRANDE-SYNTHE,QUATRE-ECLUSES,300,32,Hauts-de-France,32,Hauts-de-France
SOUTERRAIN,ROUMAL61ZGRA6,225kV,BEAULIEU,ROUMAGNOLLE,300,75,Nouvelle-Aquitaine,75,Nouvelle-Aquitaine
SOUTERRAIN,ROUMAL61ZGRA6,225kV,ROUMAGNOLLE,GRANZAY,300,75,Nouvelle-Aquitaine,75,Nouvelle-Aquitaine
SOUTERRAIN,FLEACL61ROUMA,225kV,FLEAC,ROUMAGNOLLE,300,75,Nouvelle-Aquitaine,75,Nouvelle-Aquitaine
SOUTERRAIN,BISC6L61JONQU,225kV,BISCARRAT,JONQUIERES,300,76,Occitanie,76,Occitanie
SOUTERRAIN,SSAVOL61SUIS5,225kV,ST-AVOLD,SUISSE,300,44,Grand Est,44,Grand Est
SOUTERRAIN,BERSAL63PERTA,225kV,BERSAUCOURT,PERTAIN,300,32,Hauts-de-France,32,Hauts-de-France
SOUTERRAIN,CRETAL61TOLBI,225kV,CRETAINE,TOLBIAC,300,11,Île-de-France,11,Île-de-France
SOUTERRAIN,CORMEL62ZHER7,225kV,CERGY,CORMEILLES,300,11,Île-de-France,28,Normandie
SOUTERRAIN,CORMEL62ZHER7,225kV,CORMEILLES,HERBLAY,300,28,Normandie,11,Île-de-France
SOUTERRAIN,S.GUYL61ZFONC,225kV,GREZILLAC,GUPIE,300,75,Nouvelle-Aquitaine,75,Nouvelle-Aquitaine
SOUTERRAIN,S.GUYL61ZFONC,225kV,GUPIE,SAUVETERRE-DE-GUYENNE,300,75,Nouvelle-Aquitaine,75,Nouvelle-Aquitaine
SOUTERRAIN,MIONSL62VENIS,225kV,MIONS,VENISSIEUX,300,84,Auvergne-Rhône-Alpes,84,Auvergne-Rhône-Alpes
SOUTERRAIN,COQUAL61DRONN,225kV,COQUAINVILLIERS,DRONNIERE (LA),300,28,Normandie,28,Normandie
SOUTERRAIN,ORLY L61RUNGI,225kV,ORLY,RUNGIS,300,11,Île-de-France,11,Île-de-France
SOUTERRAIN,ANSERL61PRRTT,225kV,ANSEREUILLES (LES),PIERRETTE (LA),300,32,Hauts-de-France,32,Hauts-de-France
SOUTERRAIN,MALA6L61VINC5,225kV,MALASSIS,VINCENNES,300,11,Île-de-France,11,Île-de-France
SOUTERRAIN,CSLL8L61SAUMA,225kV,CASTELLE (LA),SAUMADE,300,76,Occitanie,76,Occitanie
SOUTERRAIN,OUDONL61PERTR,225kV,OUDON,PERTRE (LE),300,52,Pays de la Loire,53,Bretagne
SOUTERRAIN,ORSONL61ZORS6,225kV,MORBRAS,ORSONVILLE,300,11,Île-de-France,11,Île-de-France
SOUTERRAIN,ORSONL61ZORS6,225kV,ORSONVILLE,VILLEVAUDE,300,11,Île-de-France,11,Île-de-France
SOUTERRAIN,G.SYNL62WARAN,225kV,GRANDE-SYNTHE,WARANDE,300,32,Hauts-de-France,32,Hauts-de-France
SOUTERRAIN,CASTAL61HARC7,225kV,CASTAGNARY,HARCOURT (POSTE BLINDE),300,28,Normandie,28,Normandie
SOUTERRAIN,CABRIL61REALT,225kV,CABRIES,REALTOR,300,93,Provence-Alpes-Côte d'Azur,93,Provence-Alpes-Côte d'Azur
SOUTERRAIN,J.VILL61VIGNE,225kV,JOUX-LA-VILLE,VIGNE (LA),300,27,Bourgogne-Franche-Comté,27,Bourgogne-Franche-Comté
SOUTERRAIN,HARC7L611CLAM,225kV,CLAMART,HARCOURT (POSTE BLINDE),300,11,Île-de-France,28,Normandie
SOUTERRAIN,ORAISL61SSTUL,225kV,ORAISON,STE-TULLE,300,93,Provence-Alpes-Côte d'Azur,93,Provence-Alpes-Côte d'Azur
SOUTERRAIN,FOSSEL61ORSON,225kV,FOSSES (LES),ORSONVILLE,300,11,Île-de-France,11,Île-de-France
SOUTERRAIN,TAVELL61VIRAD,225kV,TAVEL,VIRADEL,300,76,Occitanie,76,Occitanie
SOUTERRAIN,GAVREL62VENDI,225kV,GAVRELLE,VENDIN,300,32,Hauts-de-France,32,Hauts-de-France
SOUTERRAIN,PUTEAL62PUTE5,225kV,PUTEAUX,PUTEAUX (IMPASSE LEGAGNEUX),300,11,Île-de-France,11,Île-de-France
SOUTERRAIN,BXCAIL61JONQU,225kV,BEAUCAIRE(CENTRALE CNR),JONQUIERES,300,76,Occitanie,76,Occitanie
SOUTERRAIN,AMPERL61SEINE,225kV,AMPERE (SAINT-DENIS),SEINE,300,11,Île-de-France,11,Île-de-France
SOUTERRAIN,GARIBL61JAVEL,225kV,GARIBALDI,JAVEL,300,11,Île-de-France,11,Île-de-France
SOUTERRAIN,DECHYL61GAVRE,225kV,DECHY,GAVRELLE,300,32,Hauts-de-France,32,Hauts-de-France
SOUTERRAIN,MENUSL61PUTEA,225kV,MENUS,PUTEAUX,300,28,Normandie,11,Île-de-France
SOUTERRAIN,BEZ.EL62SSVIN,225kV,BEZIERS-EST,ST-VINCENT,300,76,Occitanie,76,Occitanie
SOUTERRAIN,BALMAL61VERFE,225kV,BALMA (POSTE),VERFEIL,300,76,Occitanie,76,Occitanie
SOUTERRAIN,MARMAL61SSVA6,225kV,MARMAGNE,ST-CYR-EN-VAL,300,24,Centre-Val de Loire,24,Centre-Val de Loire
SOUTERRAIN,MALECL61PLISO,225kV,MALECOT,PLISON,300,11,Île-de-France,11,Île-de-France
SOUTERRAIN,ASTURL61CZRIE,225kV,ASTURIES,COURRIERES,300,32,Hauts-de-France,32,Hauts-de-France
SOUTERRAIN,COR.PL61PRINQ,225kV,CORDEMAIS-POSTE,PRINQUIAU,300,52,Pays de la Loire,52,Pays de la Loire
SOUTERRAIN,PALENL62QUATR,225kV,PALENTE,QUATROUILLOTS (LES),300,27,Bourgogne-Franche-Comté,27,Bourgogne-Franche-Comté
SOUTERRAIN,ROBI5L61ZV.BR,225kV,ROBINSON,VILLEJUST,300,11,Île-de-France,11,Île-de-France
SOUTERRAIN,ROBI5L61ZV.BR,225kV,VILLEJUST,ULIS (LES),300,11,Île-de-France,11,Île-de-France
SOUTERRAIN,B.SSBL62DOBER,225kV,BAIE-DE-ST-BRIEUC,DOBERIE,300,53,Bretagne,53,Bretagne
SOUTERRAIN,AQUEDL62ZCOQ5,225kV,AQUEDUCS (LES),COQUIBUS,300,11,Île-de-France,32,Hauts-de-France
SOUTERRAIN,AQUEDL62ZCOQ5,225kV,COQUIBUS,GRIGNY,300,32,Hauts-de-France,32,Hauts-de-France
SOUTERRAIN,CRUSEL61ZCRUS,225kV,CORNIER,CRUSEILLES,300,84,Auvergne-Rhône-Alpes,84,Auvergne-Rhône-Alpes
SOUTERRAIN,CRUSEL61ZCRUS,225kV,CRUSEILLES,GENISSIAT-POSTE,300,84,Auvergne-Rhône-Alpes,84,Auvergne-Rhône-Alpes
SOUTERRAIN,C.GOML61E.BOT,225kV,CHATEAU-GOMBERT,ENCO-DE-BOTTE,300,93,Provence-Alpes-Côte d'Azur,93,Provence-Alpes-Côte d'Azur
SOUTERRAIN,BRAINL61ZBAST,225kV,BRAINS,CHEVIRE,300,52,Pays de la Loire,52,Pays de la Loire
SOUTERRAIN,BRAINL61ZBAST,225kV,CHEVIRE,CORDEMAIS-POSTE,300,52,Pays de la Loire,52,Pays de la Loire
SOUTERRAIN,SSOU5L61TURGO,225kV,ST-OUEN (POSTE),TURGOT,300,24,Centre-Val de Loire,11,Île-de-France
SOUTERRAIN,CORMEL62NANTE,225kV,CORMEILLES,NANTERRE (2A-2),300,28,Normandie,11,Île-de-France
SOUTERRAIN,P.SIML61SSORE,225kV,PORTET-ST-SIMON,ST-ORENS,300,76,Occitanie,76,Occitanie
SOUTERRAIN,COR.PL62PRINQ,225kV,CORDEMAIS-POSTE,PRINQUIAU,300,52,Pays de la Loire,52,Pays de la Loire
SOUTERRAIN,JUVIGL61ZALL7,225kV,ALLINGES,CORNIER,300,84,Auvergne-Rhône-Alpes,84,Auvergne-Rhône-Alpes
SOUTERRAIN,JUVIGL61ZALL7,225kV,CORNIER,JUVIGNY,300,84,Auvergne-Rhône-Alpes,84,Auvergne-Rhône-Alpes
SOUTERRAIN,RISSOL61T.VIC,225kV,RISSO,TRINITE-VICTOR,300,93,Provence-Alpes-Côte d'Azur,93,Provence-Alpes-Côte d'Azur
SOUTERRAIN,B.CHAL61P.LAC,225kV,BUTTES-CHAUMONT,PERE-LACHAISE,300,11,Île-de-France,11,Île-de-France
SOUTERRAIN,ARRIGL62MORBR,225kV,ARRIGHI,MORBRAS,300,94,Corse,11,Île-de-France
SOUTERRAIN,BOULEL61NANTE,225kV,BOULE (LA),NANTERRE (EDF),300,76,Occitanie,11,Île-de-France
SOUTERRAIN,SSCHRL61ZP.TR,225kV,MONTPELLIER,PONT TRINQUAT,300,76,Occitanie,76,Occitanie
SOUTERRAIN,SSCHRL61ZP.TR,225kV,PONT TRINQUAT,ST CHRISTOL,300,76,Occitanie,84,Auvergne-Rhône-Alpes
SOUTERRAIN,MANDAL61TUNNE,225kV,MANDARINS,TUNNEL,300,32,Hauts-de-France,32,Hauts-de-France
SOUTERRAIN,MTGROL62PRATC,225kV,MONTGROS,PRATCLAUX,300,84,Auvergne-Rhône-Alpes,84,Auvergne-Rhône-Alpes
SOUTERRAIN,T.DOML61VANDI,225kV,TROIS DOMAINES,VANDIERES,300,44,Grand Est,44,Grand Est
SOUTERRAIN,GRAV5L62WARAN,225kV,GRAVELINES (CENTRALE),WARANDE,300,32,Hauts-de-France,32,Hauts-de-France
SOUTERRAIN,AVOINL61DISTR,225kV,AVOINE,DISTRE,300,24,Centre-Val de Loire,52,Pays de la Loire
SOUTERRAIN,BEVILL61FAMAR,225kV,BEVILLERS,FAMARS,300,32,Hauts-de-France,32,Hauts-de-France
SOUTERRAIN,B.MONL61VALE8,225kV,BEAUMONT-MONTEUX,VALENCE,300,84,Auvergne-Rhône-Alpes,84,Auvergne-Rhône-Alpes
SOUTERRAIN,ECHALL62GIVOR,225kV,ECHALAS,GIVORS,300,84,Auvergne-Rhône-Alpes,84,Auvergne-Rhône-Alpes
SOUTERRAIN,P.JERL61VAUPA,225kV,PORT-JEROME,VAUPALIERE (LA),300,28,Normandie,28,Normandie
SOUTERRAIN,FARRAL61SAINT,225kV,FARRADIERE (LA),SAINTES,300,75,Nouvelle-Aquitaine,75,Nouvelle-Aquitaine
SOUTERRAIN,LINGOL61T.LAS,225kV,LINGOSTIERE,TOUR LASCARIS,300,93,Provence-Alpes-Côte d'Azur,93,Provence-Alpes-Côte d'Azur
SOUTERRAIN,P.GASL64ZFAN5,225kV,FALLOU,FANAUDES,300,11,Île-de-France,11,Île-de-France
SOUTERRAIN,P.GASL64ZFAN5,225kV,FANAUDES,PLESSIS-GASSOT,300,11,Île-de-France,11,Île-de-France
SOUTERRAIN,SSAVOL71VIGY,400kV,ST-AVOLD,VIGY,1000,44,Grand Est,44,Grand Est
SOUTERRAIN,LOEWEL61OTTMA,225kV,LOEWERT,OTTMARSHEIM,300,0,Étranger,44,Grand Est
SOUTERRAIN,REVESL62SEINE,225kV,REVEST,SEINE,300,93,Provence-Alpes-Côte d'Azur,11,Île-de-France
SOUTERRAIN,GAUDIL61MOREA,225kV,LA GAUDIERE,MOREAU,300,93,Provence-Alpes-Côte d'Azur,93,Provence-Alpes-Côte d'Azur
SOUTERRAIN,CZCELL61FOCH,225kV,COURCELLES,FOCH,300,75,Nouvelle-Aquitaine,11,Île-de-France
SOUTERRAIN,CHAB7L61CZNEU,225kV,CHABROL,COURNEUVE (LA),300,11,Île-de-France,11,Île-de-France
SOUTERRAIN,BZGETL62DRANC,225kV,BOURGET (LE),DRANCY,300,11,Île-de-France,11,Île-de-France
SOUTERRAIN,HARDTL61SIERE,225kV,HARDT,SIERENTZ,300,44,Grand Est,44,Grand Est
SOUTERRAIN,LIESSL61ZLIE5,225kV,CERGY,LIESSE,300,11,Île-de-France,11,Île-de-France
SOUTERRAIN,LIESSL61ZLIE5,225kV,LIESSE,PLESSIS-GASSOT,300,11,Île-de-France,11,Île-de-France
SOUTERRAIN,MERLAL61RECOU,225kV,MERLATIERE,RECOUVRANCE,300,52,Pays de la Loire,52,Pays de la Loire
SOUTERRAIN,ARLODL61GEN.P,225kV,ARLOD,GENISSIAT-POSTE,300,84,Auvergne-Rhône-Alpes,84,Auvergne-Rhône-Alpes
SOUTERRAIN,BAIXAL62M.BRU,225kV,BAIXAS,MAS BRUNO,300,76,Occitanie,76,Occitanie
SOUTERRAIN,ARENCL61B.MAI,225kV,ARENC,BELLE-DE-MAI,300,93,Provence-Alpes-Côte d'Azur,93,Provence-Alpes-Côte d'Azur
SOUTERRAIN,CPNIEL62EYBEN,225kV,CHAMPAGNIER,EYBENS,300,84,Auvergne-Rhône-Alpes,84,Auvergne-Rhône-Alpes
SOUTERRAIN,B.MONL61ZCBAU,225kV,BEAUMONT-MONTEUX,CHABRILLAN,300,84,Auvergne-Rhône-Alpes,84,Auvergne-Rhône-Alpes
SOUTERRAIN,B.MONL61ZCBAU,225kV,CHABRILLAN,CHAMBAUD,300,84,Auvergne-Rhône-Alpes,84,Auvergne-Rhône-Alpes
SOUTERRAIN,AYRESL61COUFF,225kV,AYRES,COUFFRAU,300,76,Occitanie,76,Occitanie
SOUTERRAIN,BRICHL61ZBRI5,225kV,PLESSIS-GASSOT,SEINE,300,11,Île-de-France,11,Île-de-France
SOUTERRAIN,BRICHL61ZBRI5,225kV,SEINE,BRICHE (LA),300,11,Île-de-France,11,Île-de-France
SOUTERRAIN,CRIMEL61TEMP5,225kV,CRIMEE,TEMPLE,300,11,Île-de-France,75,Nouvelle-Aquitaine
SOUTERRAIN,P.SIML62VERFE,225kV,PORTET-ST-SIMON,VERFEIL,300,76,Occitanie,76,Occitanie
SOUTERRAIN,ANTIBL62MOUGI,225kV,ANTIBES,MOUGINS,300,93,Provence-Alpes-Côte d'Azur,93,Provence-Alpes-Côte d'Azur
SOUTERRAIN,NANTEL62PUTEA,225kV,NANTERRE,PUTEAUX,300,11,Île-de-France,11,Île-de-France
SOUTERRAIN,HELLEL62M.LIL,225kV,HELLEMMES,MOULINS LILLE,300,32,Hauts-de-France,32,Hauts-de-France
SOUTERRAIN,CORMEL63ZFRO6,225kV,CERGY,CORMEILLES,300,11,Île-de-France,28,Normandie
SOUTERRAIN,CORMEL63ZFRO6,225kV,CORMEILLES,FROMAINVILLE,300,28,Normandie,28,Normandie
SOUTERRAIN,NEOULL61VERR5,225kV,NEOULES,VERRERIE (LA),300,93,Provence-Alpes-Côte d'Azur,93,Provence-Alpes-Côte d'Azur
SOUTERRAIN,JONQUL61MTAG5,225kV,JONQUIERES,MONTAGNETTE (LA),300,76,Occitanie,93,Provence-Alpes-Côte d'Azur
SOUTERRAIN,BELLOL61ZB.FR,225kV,CARRIERES,PLESSIS-GASSOT,300,11,Île-de-France,11,Île-de-France
SOUTERRAIN,BELLOL61ZB.FR,225kV,PLESSIS-GASSOT,BELLOY-EN-FRANCE,300,11,Île-de-France,11,Île-de-France
SOUTERRAIN,ARGIAL62MOUGU,225kV,ARGIA,MOUGUERRE,300,75,Nouvelle-Aquitaine,75,Nouvelle-Aquitaine
SOUTERRAIN,AVENIL61ROMAI,225kV,AVENIR,ROMAINVILLE,300,11,Île-de-France,11,Île-de-France
SOUTERRAIN,BARJAL61CROI6,225kV,BARJAC,CROISIERE,300,76,Occitanie,93,Provence-Alpes-Côte d'Azur
SOUTERRAIN,FALLOL62NOVIO,225kV,FALLOU,NOVION,300,11,Île-de-France,44,Grand Est
SOUTERRAIN,CRAYWL61G.POR,225kV,CRAYWICK,GRAND-PORT,300,32,Hauts-de-France,32,Hauts-de-France
SOUTERRAIN,SEINEL62ZBRIC,225kV,PLESSIS-GASSOT,SEINE,300,11,Île-de-France,11,Île-de-France
SOUTERRAIN,SEINEL62ZBRIC,225kV,SEINE,BRICHE (LA),300,11,Île-de-France,11,Île-de-France
SOUTERRAIN,PERREL61TERNE,225kV,PERRET,TERNES,300,11,Île-de-France,11,Île-de-France
SOUTERRAIN,C.BOIL61VLEVA,225kV,CLICHY-SOUS-BOIS,VILLEVAUDE,300,11,Île-de-France,11,Île-de-France
SOUTERRAIN,PLAISL62ZAVR5,225kV,PLAISANCE,VILLEVAUDE,300,11,Île-de-France,11,Île-de-France
SOUTERRAIN,PLAISL62ZAVR5,225kV,VILLEVAUDE,AVRON,300,11,Île-de-France,11,Île-de-France
SOUTERRAIN,FEUILL62RICHI,225kV,FEUILLANE,RICHIER,300,93,Provence-Alpes-Côte d'Azur,93,Provence-Alpes-Côte d'Azur
SOUTERRAIN,D.FRAL61LINGO,225kV,DIGUE-DES-FRANCAIS,LINGOSTIERE,300,93,Provence-Alpes-Côte d'Azur,93,Provence-Alpes-Côte d'Azur
