unit,start_date,value_MW
BUGEY-2,2024-01-29T00:00:00+01:00,909
BUGEY-2,2024-01-29T01:00:00+01:00,863
BUGEY-2,2024-01-29T02:00:00+01:00,857
BUGEY-2,2024-01-29T03:00:00+01:00,858
BUGEY-2,2024-01-29T04:00:00+01:00,871
BUGEY-2,2024-01-29T05:00:00+01:00,850
BUGEY-2,2024-01-29T06:00:00+01:00,906
BUGEY-2,2024-01-29T07:00:00+01:00,910
BUGEY-2,2024-01-29T08:00:00+01:00,910
BUGEY-2,2024-01-29T09:00:00+01:00,910
BUGEY-2,2024-01-29T10:00:00+01:00,910
BUGEY-2,2024-01-29T11:00:00+01:00,910
BUGEY-2,2024-01-29T12:00:00+01:00,910
BUGEY-2,2024-01-29T13:00:00+01:00,909
BUGEY-2,2024-01-29T14:00:00+01:00,909
BUGEY-2,2024-01-29T15:00:00+01:00,908
BUGEY-2,2024-01-29T16:00:00+01:00,908
BUGEY-2,2024-01-29T17:00:00+01:00,908
BUGEY-2,2024-01-29T18:00:00+01:00,908
BUGEY-2,2024-01-29T19:00:00+01:00,909
BUGEY-2,2024-01-29T20:00:00+01:00,909
BUGEY-2,2024-01-29T21:00:00+01:00,910
BUGEY-2,2024-01-29T22:00:00+01:00,910
BUGEY-2,2024-01-29T23:00:00+01:00,910
BUGEY-3,2024-01-29T00:00:00+01:00,0
BUGEY-3,2024-01-29T01:00:00+01:00,0
BUGEY-3,2024-01-29T02:00:00+01:00,0
BUGEY-3,2024-01-29T03:00:00+01:00,0
BUGEY-3,2024-01-29T04:00:00+01:00,0
BUGEY-3,2024-01-29T05:00:00+01:00,0
BUGEY-3,2024-01-29T06:00:00+01:00,0
BUGEY-3,2024-01-29T07:00:00+01:00,0
BUGEY-3,2024-01-29T08:00:00+01:00,0
BUGEY-3,2024-01-29T09:00:00+01:00,0
BUGEY-3,2024-01-29T10:00:00+01:00,0
BUGEY-3,2024-01-29T11:00:00+01:00,0
BUGEY-3,2024-01-29T12:00:00+01:00,0
BUGEY-3,2024-01-29T13:00:00+01:00,0
BUGEY-3,2024-01-29T14:00:00+01:00,0
BUGEY-3,2024-01-29T15:00:00+01:00,0
BUGEY-3,2024-01-29T16:00:00+01:00,0
BUGEY-3,2024-01-29T17:00:00+01:00,0
BUGEY-3,2024-01-29T18:00:00+01:00,0
BUGEY-3,2024-01-29T19:00:00+01:00,0
BUGEY-3,2024-01-29T20:00:00+01:00,0
BUGEY-3,2024-01-29T21:00:00+01:00,0
BUGEY-3,2024-01-29T22:00:00+01:00,0
BUGEY-3,2024-01-29T23:00:00+01:00,0
BUGEY-4,2024-01-29T00:00:00+01:00,867
BUGEY-4,2024-01-29T01:00:00+01:00,867
BUGEY-4,2024-01-29T02:00:00+01:00,867
BUGEY-4,2024-01-29T03:00:00+01:00,867
BUGEY-4,2024-01-29T04:00:00+01:00,868
BUGEY-4,2024-01-29T05:00:00+01:00,868
BUGEY-4,2024-01-29T06:00:00+01:00,868
BUGEY-4,2024-01-29T07:00:00+01:00,868
BUGEY-4,2024-01-29T08:00:00+01:00,868
BUGEY-4,2024-01-29T09:00:00+01:00,868
BUGEY-4,2024-01-29T10:00:00+01:00,868
BUGEY-4,2024-01-29T11:00:00+01:00,868
BUGEY-4,2024-01-29T12:00:00+01:00,868
BUGEY-4,2024-01-29T13:00:00+01:00,866
BUGEY-4,2024-01-29T14:00:00+01:00,864
BUGEY-4,2024-01-29T15:00:00+01:00,863
BUGEY-4,2024-01-29T16:00:00+01:00,864
BUGEY-4,2024-01-29T17:00:00+01:00,864
BUGEY-4,2024-01-29T18:00:00+01:00,865
BUGEY-4,2024-01-29T19:00:00+01:00,865
BUGEY-4,2024-01-29T20:00:00+01:00,866
BUGEY-4,2024-01-29T21:00:00+01:00,868
BUGEY-4,2024-01-29T22:00:00+01:00,867
BUGEY-4,2024-01-29T23:00:00+01:00,867
BUGEY-5,2024-01-29T00:00:00+01:00,-35
BUGEY-5,2024-01-29T01:00:00+01:00,-35
BUGEY-5,2024-01-29T02:00:00+01:00,-35
BUGEY-5,2024-01-29T03:00:00+01:00,-35
BUGEY-5,2024-01-29T04:00:00+01:00,-35
BUGEY-5,2024-01-29T05:00:00+01:00,-35
BUGEY-5,2024-01-29T06:00:00+01:00,-35
BUGEY-5,2024-01-29T07:00:00+01:00,-34
BUGEY-5,2024-01-29T08:00:00+01:00,-35
BUGEY-5,2024-01-29T09:00:00+01:00,-35
BUGEY-5,2024-01-29T10:00:00+01:00,-35
BUGEY-5,2024-01-29T11:00:00+01:00,-35
BUGEY-5,2024-01-29T12:00:00+01:00,-35
BUGEY-5,2024-01-29T13:00:00+01:00,-35
BUGEY-5,2024-01-29T14:00:00+01:00,-35
BUGEY-5,2024-01-29T15:00:00+01:00,-35
BUGEY-5,2024-01-29T16:00:00+01:00,-35
BUGEY-5,2024-01-29T17:00:00+01:00,-35
BUGEY-5,2024-01-29T18:00:00+01:00,-34
BUGEY-5,2024-01-29T19:00:00+01:00,-34
BUGEY-5,2024-01-29T20:00:00+01:00,-34
BUGEY-5,2024-01-29T21:00:00+01:00,-36
BUGEY-5,2024-01-29T22:00:00+01:00,-36
BUGEY-5,2024-01-29T23:00:00+01:00,-36
GRAVELINES-1,2024-01-29T00:00:00+01:00,909
GRAVELINES-1,2024-01-29T01:00:00+01:00,909
GRAVELINES-1,2024-01-29T02:00:00+01:00,910
GRAVELINES-1,2024-01-29T03:00:00+01:00,910
GRAVELINES-1,2024-01-29T04:00:00+01:00,910
GRAVELINES-1,2024-01-29T05:00:00+01:00,910
GRAVELINES-1,2024-01-29T06:00:00+01:00,910
GRAVELINES-1,2024-01-29T07:00:00+01:00,909
GRAVELINES-1,2024-01-29T08:00:00+01:00,908
GRAVELINES-1,2024-01-29T09:00:00+01:00,908
GRAVELINES-1,2024-01-29T10:00:00+01:00,905
GRAVELINES-1,2024-01-29T11:00:00+01:00,907
GRAVELINES-1,2024-01-29T12:00:00+01:00,909
GRAVELINES-1,2024-01-29T13:00:00+01:00,910
GRAVELINES-1,2024-01-29T14:00:00+01:00,910
GRAVELINES-1,2024-01-29T15:00:00+01:00,911
GRAVELINES-1,2024-01-29T16:00:00+01:00,910
GRAVELINES-1,2024-01-29T17:00:00+01:00,910
GRAVELINES-1,2024-01-29T18:00:00+01:00,910
GRAVELINES-1,2024-01-29T19:00:00+01:00,910
GRAVELINES-1,2024-01-29T20:00:00+01:00,909
GRAVELINES-1,2024-01-29T21:00:00+01:00,909
GRAVELINES-1,2024-01-29T22:00:00+01:00,908
GRAVELINES-1,2024-01-29T23:00:00+01:00,908
GRAVELINES-2,2024-01-29T00:00:00+01:00,-8
GRAVELINES-2,2024-01-29T01:00:00+01:00,-8
GRAVELINES-2,2024-01-29T02:00:00+01:00,-8
GRAVELINES-2,2024-01-29T03:00:00+01:00,-8
GRAVELINES-2,2024-01-29T04:00:00+01:00,-7
GRAVELINES-2,2024-01-29T05:00:00+01:00,-6
GRAVELINES-2,2024-01-29T06:00:00+01:00,-6
GRAVELINES-2,2024-01-29T07:00:00+01:00,-6
GRAVELINES-2,2024-01-29T08:00:00+01:00,-6
GRAVELINES-2,2024-01-29T09:00:00+01:00,-6
GRAVELINES-2,2024-01-29T10:00:00+01:00,-6
GRAVELINES-2,2024-01-29T11:00:00+01:00,-6
GRAVELINES-2,2024-01-29T12:00:00+01:00,-7
GRAVELINES-2,2024-01-29T13:00:00+01:00,-8
GRAVELINES-2,2024-01-29T14:00:00+01:00,-8
GRAVELINES-2,2024-01-29T15:00:00+01:00,-8
GRAVELINES-2,2024-01-29T16:00:00+01:00,-8
GRAVELINES-2,2024-01-29T17:00:00+01:00,-8
GRAVELINES-2,2024-01-29T18:00:00+01:00,-8
GRAVELINES-2,2024-01-29T19:00:00+01:00,-9
GRAVELINES-2,2024-01-29T20:00:00+01:00,-11
GRAVELINES-2,2024-01-29T21:00:00+01:00,-11
GRAVELINES-2,2024-01-29T22:00:00+01:00,-11
GRAVELINES-2,2024-01-29T23:00:00+01:00,-11
GRAVELINES-3,2024-01-29T00:00:00+01:00,912
GRAVELINES-3,2024-01-29T01:00:00+01:00,851
GRAVELINES-3,2024-01-29T02:00:00+01:00,844
GRAVELINES-3,2024-01-29T03:00:00+01:00,845
GRAVELINES-3,2024-01-29T04:00:00+01:00,862
GRAVELINES-3,2024-01-29T05:00:00+01:00,830
GRAVELINES-3,2024-01-29T06:00:00+01:00,822
GRAVELINES-3,2024-01-29T07:00:00+01:00,856
GRAVELINES-3,2024-01-29T08:00:00+01:00,840
GRAVELINES-3,2024-01-29T09:00:00+01:00,907
GRAVELINES-3,2024-01-29T10:00:00+01:00,911
GRAVELINES-3,2024-01-29T11:00:00+01:00,911
GRAVELINES-3,2024-01-29T12:00:00+01:00,911
GRAVELINES-3,2024-01-29T13:00:00+01:00,912
GRAVELINES-3,2024-01-29T14:00:00+01:00,912
GRAVELINES-3,2024-01-29T15:00:00+01:00,912
GRAVELINES-3,2024-01-29T16:00:00+01:00,912
GRAVELINES-3,2024-01-29T17:00:00+01:00,912
GRAVELINES-3,2024-01-29T18:00:00+01:00,912
GRAVELINES-3,2024-01-29T19:00:00+01:00,912
GRAVELINES-3,2024-01-29T20:00:00+01:00,912
GRAVELINES-3,2024-01-29T21:00:00+01:00,911
GRAVELINES-3,2024-01-29T22:00:00+01:00,911
GRAVELINES-3,2024-01-29T23:00:00+01:00,911
DAMPIERRE-1,2024-01-29T00:00:00+01:00,870
DAMPIERRE-1,2024-01-29T01:00:00+01:00,870
DAMPIERRE-1,2024-01-29T02:00:00+01:00,870
DAMPIERRE-1,2024-01-29T03:00:00+01:00,874
DAMPIERRE-1,2024-01-29T04:00:00+01:00,875
DAMPIERRE-1,2024-01-29T05:00:00+01:00,876
DAMPIERRE-1,2024-01-29T06:00:00+01:00,877
DAMPIERRE-1,2024-01-29T07:00:00+01:00,877
DAMPIERRE-1,2024-01-29T08:00:00+01:00,876
DAMPIERRE-1,2024-01-29T09:00:00+01:00,876
DAMPIERRE-1,2024-01-29T10:00:00+01:00,876
DAMPIERRE-1,2024-01-29T11:00:00+01:00,875
DAMPIERRE-1,2024-01-29T12:00:00+01:00,874
DAMPIERRE-1,2024-01-29T13:00:00+01:00,871
DAMPIERRE-1,2024-01-29T14:00:00+01:00,870
DAMPIERRE-1,2024-01-29T15:00:00+01:00,868
DAMPIERRE-1,2024-01-29T16:00:00+01:00,866
DAMPIERRE-1,2024-01-29T17:00:00+01:00,865
DAMPIERRE-1,2024-01-29T18:00:00+01:00,867
DAMPIERRE-1,2024-01-29T19:00:00+01:00,867
DAMPIERRE-1,2024-01-29T20:00:00+01:00,867
DAMPIERRE-1,2024-01-29T21:00:00+01:00,867
DAMPIERRE-1,2024-01-29T22:00:00+01:00,866
DAMPIERRE-1,2024-01-29T23:00:00+01:00,865
DAMPIERRE-2,2024-01-29T00:00:00+01:00,773
DAMPIERRE-2,2024-01-29T01:00:00+01:00,773
DAMPIERRE-2,2024-01-29T02:00:00+01:00,772
DAMPIERRE-2,2024-01-29T03:00:00+01:00,774
DAMPIERRE-2,2024-01-29T04:00:00+01:00,775
DAMPIERRE-2,2024-01-29T05:00:00+01:00,775
DAMPIERRE-2,2024-01-29T06:00:00+01:00,777
DAMPIERRE-2,2024-01-29T07:00:00+01:00,779
DAMPIERRE-2,2024-01-29T08:00:00+01:00,780
DAMPIERRE-2,2024-01-29T09:00:00+01:00,780
DAMPIERRE-2,2024-01-29T10:00:00+01:00,780
DAMPIERRE-2,2024-01-29T11:00:00+01:00,779
DAMPIERRE-2,2024-01-29T12:00:00+01:00,775
DAMPIERRE-2,2024-01-29T13:00:00+01:00,775
DAMPIERRE-2,2024-01-29T14:00:00+01:00,773
DAMPIERRE-2,2024-01-29T15:00:00+01:00,770
DAMPIERRE-2,2024-01-29T16:00:00+01:00,770
DAMPIERRE-2,2024-01-29T17:00:00+01:00,770
DAMPIERRE-2,2024-01-29T18:00:00+01:00,771
DAMPIERRE-2,2024-01-29T19:00:00+01:00,771
DAMPIERRE-2,2024-01-29T20:00:00+01:00,769
DAMPIERRE-2,2024-01-29T21:00:00+01:00,769
DAMPIERRE-2,2024-01-29T22:00:00+01:00,768
DAMPIERRE-2,2024-01-29T23:00:00+01:00,767
TRICASTIN-1,2024-01-29T00:00:00+01:00,893
TRICASTIN-1,2024-01-29T01:00:00+01:00,849
TRICASTIN-1,2024-01-29T02:00:00+01:00,898
TRICASTIN-1,2024-01-29T03:00:00+01:00,901
TRICASTIN-1,2024-01-29T04:00:00+01:00,901
TRICASTIN-1,2024-01-29T05:00:00+01:00,901
TRICASTIN-1,2024-01-29T06:00:00+01:00,901
TRICASTIN-1,2024-01-29T07:00:00+01:00,901
TRICASTIN-1,2024-01-29T08:00:00+01:00,902
TRICASTIN-1,2024-01-29T09:00:00+01:00,901
TRICASTIN-1,2024-01-29T10:00:00+01:00,901
TRICASTIN-1,2024-01-29T11:00:00+01:00,901
TRICASTIN-1,2024-01-29T12:00:00+01:00,901
TRICASTIN-1,2024-01-29T13:00:00+01:00,901
TRICASTIN-1,2024-01-29T14:00:00+01:00,901
TRICASTIN-1,2024-01-29T15:00:00+01:00,900
TRICASTIN-1,2024-01-29T16:00:00+01:00,900
TRICASTIN-1,2024-01-29T17:00:00+01:00,900
TRICASTIN-1,2024-01-29T18:00:00+01:00,901
TRICASTIN-1,2024-01-29T19:00:00+01:00,902
TRICASTIN-1,2024-01-29T20:00:00+01:00,902
TRICASTIN-1,2024-01-29T21:00:00+01:00,901
TRICASTIN-1,2024-01-29T22:00:00+01:00,899
TRICASTIN-1,2024-01-29T23:00:00+01:00,896
TRICASTIN-2,2024-01-29T00:00:00+01:00,930
TRICASTIN-2,2024-01-29T01:00:00+01:00,925
TRICASTIN-2,2024-01-29T02:00:00+01:00,924
TRICASTIN-2,2024-01-29T03:00:00+01:00,924
TRICASTIN-2,2024-01-29T04:00:00+01:00,924
TRICASTIN-2,2024-01-29T05:00:00+01:00,924
TRICASTIN-2,2024-01-29T06:00:00+01:00,924
TRICASTIN-2,2024-01-29T07:00:00+01:00,924
TRICASTIN-2,2024-01-29T08:00:00+01:00,924
TRICASTIN-2,2024-01-29T09:00:00+01:00,924
TRICASTIN-2,2024-01-29T10:00:00+01:00,924
TRICASTIN-2,2024-01-29T11:00:00+01:00,924
TRICASTIN-2,2024-01-29T12:00:00+01:00,924
TRICASTIN-2,2024-01-29T13:00:00+01:00,924
TRICASTIN-2,2024-01-29T14:00:00+01:00,924
TRICASTIN-2,2024-01-29T15:00:00+01:00,924
TRICASTIN-2,2024-01-29T16:00:00+01:00,924
TRICASTIN-2,2024-01-29T17:00:00+01:00,924
TRICASTIN-2,2024-01-29T18:00:00+01:00,924
TRICASTIN-2,2024-01-29T19:00:00+01:00,924
TRICASTIN-2,2024-01-29T20:00:00+01:00,924
TRICASTIN-2,2024-01-29T21:00:00+01:00,924
TRICASTIN-2,2024-01-29T22:00:00+01:00,924
TRICASTIN-2,2024-01-29T23:00:00+01:00,928
BUGEY-2,2024-02-14T00:00:00+01:00,900
BUGEY-2,2024-02-14T01:00:00+01:00,900
BUGEY-2,2024-02-14T02:00:00+01:00,901
BUGEY-2,2024-02-14T03:00:00+01:00,901
BUGEY-2,2024-02-14T04:00:00+01:00,901
BUGEY-2,2024-02-14T05:00:00+01:00,901
BUGEY-2,2024-02-14T06:00:00+01:00,901
BUGEY-2,2024-02-14T07:00:00+01:00,901
BUGEY-2,2024-02-14T08:00:00+01:00,901
BUGEY-2,2024-02-14T09:00:00+01:00,901
BUGEY-2,2024-02-14T10:00:00+01:00,901
BUGEY-2,2024-02-14T11:00:00+01:00,900
BUGEY-2,2024-02-14T12:00:00+01:00,899
BUGEY-2,2024-02-14T13:00:00+01:00,899
BUGEY-2,2024-02-14T14:00:00+01:00,898
BUGEY-2,2024-02-14T15:00:00+01:00,898
BUGEY-2,2024-02-14T16:00:00+01:00,898
BUGEY-2,2024-02-14T17:00:00+01:00,898
BUGEY-2,2024-02-14T18:00:00+01:00,898
BUGEY-2,2024-02-14T19:00:00+01:00,898
BUGEY-2,2024-02-14T20:00:00+01:00,898
BUGEY-2,2024-02-14T21:00:00+01:00,899
BUGEY-2,2024-02-14T22:00:00+01:00,899
BUGEY-2,2024-02-14T23:00:00+01:00,900
BUGEY-3,2024-02-14T00:00:00+01:00,0
BUGEY-3,2024-02-14T01:00:00+01:00,0
BUGEY-3,2024-02-14T02:00:00+01:00,0
BUGEY-3,2024-02-14T03:00:00+01:00,0
BUGEY-3,2024-02-14T04:00:00+01:00,0
BUGEY-3,2024-02-14T05:00:00+01:00,0
BUGEY-3,2024-02-14T06:00:00+01:00,0
BUGEY-3,2024-02-14T07:00:00+01:00,0
BUGEY-3,2024-02-14T08:00:00+01:00,0
BUGEY-3,2024-02-14T09:00:00+01:00,0
BUGEY-3,2024-02-14T10:00:00+01:00,0
BUGEY-3,2024-02-14T11:00:00+01:00,0
BUGEY-3,2024-02-14T12:00:00+01:00,0
BUGEY-3,2024-02-14T13:00:00+01:00,0
BUGEY-3,2024-02-14T14:00:00+01:00,0
BUGEY-3,2024-02-14T15:00:00+01:00,0
BUGEY-3,2024-02-14T16:00:00+01:00,0
BUGEY-3,2024-02-14T17:00:00+01:00,0
BUGEY-3,2024-02-14T18:00:00+01:00,0
BUGEY-3,2024-02-14T19:00:00+01:00,0
BUGEY-3,2024-02-14T20:00:00+01:00,0
BUGEY-3,2024-02-14T21:00:00+01:00,0
BUGEY-3,2024-02-14T22:00:00+01:00,0
BUGEY-3,2024-02-14T23:00:00+01:00,0
BUGEY-4,2024-02-14T00:00:00+01:00,852
BUGEY-4,2024-02-14T01:00:00+01:00,852
BUGEY-4,2024-02-14T02:00:00+01:00,852
BUGEY-4,2024-02-14T03:00:00+01:00,852
BUGEY-4,2024-02-14T04:00:00+01:00,852
BUGEY-4,2024-02-14T05:00:00+01:00,853
BUGEY-4,2024-02-14T06:00:00+01:00,854
BUGEY-4,2024-02-14T07:00:00+01:00,854
BUGEY-4,2024-02-14T08:00:00+01:00,854
BUGEY-4,2024-02-14T09:00:00+01:00,854
BUGEY-4,2024-02-14T10:00:00+01:00,853
BUGEY-4,2024-02-14T11:00:00+01:00,852
BUGEY-4,2024-02-14T12:00:00+01:00,851
BUGEY-4,2024-02-14T13:00:00+01:00,850
BUGEY-4,2024-02-14T14:00:00+01:00,848
BUGEY-4,2024-02-14T15:00:00+01:00,846
BUGEY-4,2024-02-14T16:00:00+01:00,845
BUGEY-4,2024-02-14T17:00:00+01:00,844
BUGEY-4,2024-02-14T18:00:00+01:00,843
BUGEY-4,2024-02-14T19:00:00+01:00,844
BUGEY-4,2024-02-14T20:00:00+01:00,844
BUGEY-4,2024-02-14T21:00:00+01:00,845
BUGEY-4,2024-02-14T22:00:00+01:00,846
BUGEY-4,2024-02-14T23:00:00+01:00,847
BUGEY-5,2024-02-14T00:00:00+01:00,892
BUGEY-5,2024-02-14T01:00:00+01:00,891
BUGEY-5,2024-02-14T02:00:00+01:00,891
BUGEY-5,2024-02-14T03:00:00+01:00,891
BUGEY-5,2024-02-14T04:00:00+01:00,892
BUGEY-5,2024-02-14T05:00:00+01:00,892
BUGEY-5,2024-02-14T06:00:00+01:00,892
BUGEY-5,2024-02-14T07:00:00+01:00,893
BUGEY-5,2024-02-14T08:00:00+01:00,893
BUGEY-5,2024-02-14T09:00:00+01:00,892
BUGEY-5,2024-02-14T10:00:00+01:00,892
BUGEY-5,2024-02-14T11:00:00+01:00,891
BUGEY-5,2024-02-14T12:00:00+01:00,890
BUGEY-5,2024-02-14T13:00:00+01:00,888
BUGEY-5,2024-02-14T14:00:00+01:00,887
BUGEY-5,2024-02-14T15:00:00+01:00,885
BUGEY-5,2024-02-14T16:00:00+01:00,885
BUGEY-5,2024-02-14T17:00:00+01:00,885
BUGEY-5,2024-02-14T18:00:00+01:00,885
BUGEY-5,2024-02-14T19:00:00+01:00,885
BUGEY-5,2024-02-14T20:00:00+01:00,885
BUGEY-5,2024-02-14T21:00:00+01:00,885
BUGEY-5,2024-02-14T22:00:00+01:00,887
BUGEY-5,2024-02-14T23:00:00+01:00,888
GRAVELINES-1,2024-02-14T00:00:00+01:00,905
GRAVELINES-1,2024-02-14T01:00:00+01:00,907
GRAVELINES-1,2024-02-14T02:00:00+01:00,908
GRAVELINES-1,2024-02-14T03:00:00+01:00,909
GRAVELINES-1,2024-02-14T04:00:00+01:00,909
GRAVELINES-1,2024-02-14T05:00:00+01:00,908
GRAVELINES-1,2024-02-14T06:00:00+01:00,908
GRAVELINES-1,2024-02-14T07:00:00+01:00,908
GRAVELINES-1,2024-02-14T08:00:00+01:00,907
GRAVELINES-1,2024-02-14T09:00:00+01:00,906
GRAVELINES-1,2024-02-14T10:00:00+01:00,905
GRAVELINES-1,2024-02-14T11:00:00+01:00,905
GRAVELINES-1,2024-02-14T12:00:00+01:00,905
GRAVELINES-1,2024-02-14T13:00:00+01:00,906
GRAVELINES-1,2024-02-14T14:00:00+01:00,907
GRAVELINES-1,2024-02-14T15:00:00+01:00,908
GRAVELINES-1,2024-02-14T16:00:00+01:00,908
GRAVELINES-1,2024-02-14T17:00:00+01:00,908
GRAVELINES-1,2024-02-14T18:00:00+01:00,908
GRAVELINES-1,2024-02-14T19:00:00+01:00,908
GRAVELINES-1,2024-02-14T20:00:00+01:00,907
GRAVELINES-1,2024-02-14T21:00:00+01:00,906
GRAVELINES-1,2024-02-14T22:00:00+01:00,905
GRAVELINES-1,2024-02-14T23:00:00+01:00,905
GRAVELINES-2,2024-02-14T00:00:00+01:00,-27
GRAVELINES-2,2024-02-14T01:00:00+01:00,-27
GRAVELINES-2,2024-02-14T02:00:00+01:00,-27
GRAVELINES-2,2024-02-14T03:00:00+01:00,-27
GRAVELINES-2,2024-02-14T04:00:00+01:00,-27
GRAVELINES-2,2024-02-14T05:00:00+01:00,-27
GRAVELINES-2,2024-02-14T06:00:00+01:00,-27
GRAVELINES-2,2024-02-14T07:00:00+01:00,-27
GRAVELINES-2,2024-02-14T08:00:00+01:00,-27
GRAVELINES-2,2024-02-14T09:00:00+01:00,-27
GRAVELINES-2,2024-02-14T10:00:00+01:00,-27
GRAVELINES-2,2024-02-14T11:00:00+01:00,-27
GRAVELINES-2,2024-02-14T12:00:00+01:00,-26
GRAVELINES-2,2024-02-14T13:00:00+01:00,-26
GRAVELINES-2,2024-02-14T14:00:00+01:00,-26
GRAVELINES-2,2024-02-14T15:00:00+01:00,-25
GRAVELINES-2,2024-02-14T16:00:00+01:00,-26
GRAVELINES-2,2024-02-14T17:00:00+01:00,-25
GRAVELINES-2,2024-02-14T18:00:00+01:00,-25
GRAVELINES-2,2024-02-14T19:00:00+01:00,-26
GRAVELINES-2,2024-02-14T20:00:00+01:00,-27
GRAVELINES-2,2024-02-14T21:00:00+01:00,-27
GRAVELINES-2,2024-02-14T22:00:00+01:00,-27
GRAVELINES-2,2024-02-14T23:00:00+01:00,-27
GRAVELINES-3,2024-02-14T00:00:00+01:00,906
GRAVELINES-3,2024-02-14T01:00:00+01:00,907
GRAVELINES-3,2024-02-14T02:00:00+01:00,908
GRAVELINES-3,2024-02-14T03:00:00+01:00,908
GRAVELINES-3,2024-02-14T04:00:00+01:00,908
GRAVELINES-3,2024-02-14T05:00:00+01:00,908
GRAVELINES-3,2024-02-14T06:00:00+01:00,908
GRAVELINES-3,2024-02-14T07:00:00+01:00,908
GRAVELINES-3,2024-02-14T08:00:00+01:00,907
GRAVELINES-3,2024-02-14T09:00:00+01:00,906
GRAVELINES-3,2024-02-14T10:00:00+01:00,905
GRAVELINES-3,2024-02-14T11:00:00+01:00,905
GRAVELINES-3,2024-02-14T12:00:00+01:00,905
GRAVELINES-3,2024-02-14T13:00:00+01:00,860
GRAVELINES-3,2024-02-14T14:00:00+01:00,803
GRAVELINES-3,2024-02-14T15:00:00+01:00,901
GRAVELINES-3,2024-02-14T16:00:00+01:00,909
GRAVELINES-3,2024-02-14T17:00:00+01:00,860
GRAVELINES-3,2024-02-14T18:00:00+01:00,855
GRAVELINES-3,2024-02-14T19:00:00+01:00,838
GRAVELINES-3,2024-02-14T20:00:00+01:00,901
GRAVELINES-3,2024-02-14T21:00:00+01:00,905
GRAVELINES-3,2024-02-14T22:00:00+01:00,850
GRAVELINES-3,2024-02-14T23:00:00+01:00,834
DAMPIERRE-1,2024-02-14T00:00:00+01:00,865
DAMPIERRE-1,2024-02-14T01:00:00+01:00,865
DAMPIERRE-1,2024-02-14T02:00:00+01:00,865
DAMPIERRE-1,2024-02-14T03:00:00+01:00,865
DAMPIERRE-1,2024-02-14T04:00:00+01:00,864
DAMPIERRE-1,2024-02-14T05:00:00+01:00,864
DAMPIERRE-1,2024-02-14T06:00:00+01:00,864
DAMPIERRE-1,2024-02-14T07:00:00+01:00,864
DAMPIERRE-1,2024-02-14T08:00:00+01:00,865
DAMPIERRE-1,2024-02-14T09:00:00+01:00,864
DAMPIERRE-1,2024-02-14T10:00:00+01:00,864
DAMPIERRE-1,2024-02-14T11:00:00+01:00,864
DAMPIERRE-1,2024-02-14T12:00:00+01:00,864
DAMPIERRE-1,2024-02-14T13:00:00+01:00,861
DAMPIERRE-1,2024-02-14T14:00:00+01:00,860
DAMPIERRE-1,2024-02-14T15:00:00+01:00,859
DAMPIERRE-1,2024-02-14T16:00:00+01:00,859
DAMPIERRE-1,2024-02-14T17:00:00+01:00,859
DAMPIERRE-1,2024-02-14T18:00:00+01:00,859
DAMPIERRE-1,2024-02-14T19:00:00+01:00,860
DAMPIERRE-1,2024-02-14T20:00:00+01:00,859
DAMPIERRE-1,2024-02-14T21:00:00+01:00,859
DAMPIERRE-1,2024-02-14T22:00:00+01:00,859
DAMPIERRE-1,2024-02-14T23:00:00+01:00,859
DAMPIERRE-2,2024-02-14T00:00:00+01:00,1
DAMPIERRE-2,2024-02-14T01:00:00+01:00,1
DAMPIERRE-2,2024-02-14T02:00:00+01:00,1
DAMPIERRE-2,2024-02-14T03:00:00+01:00,1
DAMPIERRE-2,2024-02-14T04:00:00+01:00,1
DAMPIERRE-2,2024-02-14T05:00:00+01:00,1
DAMPIERRE-2,2024-02-14T06:00:00+01:00,1
DAMPIERRE-2,2024-02-14T07:00:00+01:00,1
DAMPIERRE-2,2024-02-14T08:00:00+01:00,1
DAMPIERRE-2,2024-02-14T09:00:00+01:00,1
DAMPIERRE-2,2024-02-14T10:00:00+01:00,1
DAMPIERRE-2,2024-02-14T11:00:00+01:00,1
DAMPIERRE-2,2024-02-14T12:00:00+01:00,1
DAMPIERRE-2,2024-02-14T13:00:00+01:00,1
DAMPIERRE-2,2024-02-14T14:00:00+01:00,1
DAMPIERRE-2,2024-02-14T15:00:00+01:00,1
DAMPIERRE-2,2024-02-14T16:00:00+01:00,1
DAMPIERRE-2,2024-02-14T17:00:00+01:00,1
DAMPIERRE-2,2024-02-14T18:00:00+01:00,1
DAMPIERRE-2,2024-02-14T19:00:00+01:00,1
DAMPIERRE-2,2024-02-14T20:00:00+01:00,1
DAMPIERRE-2,2024-02-14T21:00:00+01:00,1
DAMPIERRE-2,2024-02-14T22:00:00+01:00,1
DAMPIERRE-2,2024-02-14T23:00:00+01:00,1
TRICASTIN-1,2024-02-14T00:00:00+01:00,894
TRICASTIN-1,2024-02-14T01:00:00+01:00,807
TRICASTIN-1,2024-02-14T02:00:00+01:00,825
TRICASTIN-1,2024-02-14T03:00:00+01:00,833
TRICASTIN-1,2024-02-14T04:00:00+01:00,821
TRICASTIN-1,2024-02-14T05:00:00+01:00,824
TRICASTIN-1,2024-02-14T06:00:00+01:00,829
TRICASTIN-1,2024-02-14T07:00:00+01:00,847
TRICASTIN-1,2024-02-14T08:00:00+01:00,834
TRICASTIN-1,2024-02-14T09:00:00+01:00,818
TRICASTIN-1,2024-02-14T10:00:00+01:00,878
TRICASTIN-1,2024-02-14T11:00:00+01:00,894
TRICASTIN-1,2024-02-14T12:00:00+01:00,894
TRICASTIN-1,2024-02-14T13:00:00+01:00,821
TRICASTIN-1,2024-02-14T14:00:00+01:00,802
TRICASTIN-1,2024-02-14T15:00:00+01:00,873
TRICASTIN-1,2024-02-14T16:00:00+01:00,894
TRICASTIN-1,2024-02-14T17:00:00+01:00,862
TRICASTIN-1,2024-02-14T18:00:00+01:00,869
TRICASTIN-1,2024-02-14T19:00:00+01:00,837
TRICASTIN-1,2024-02-14T20:00:00+01:00,823
TRICASTIN-1,2024-02-14T21:00:00+01:00,828
TRICASTIN-1,2024-02-14T22:00:00+01:00,828
TRICASTIN-1,2024-02-14T23:00:00+01:00,828
TRICASTIN-2,2024-02-14T00:00:00+01:00,935
TRICASTIN-2,2024-02-14T01:00:00+01:00,936
TRICASTIN-2,2024-02-14T02:00:00+01:00,936
TRICASTIN-2,2024-02-14T03:00:00+01:00,936
TRICASTIN-2,2024-02-14T04:00:00+01:00,936
TRICASTIN-2,2024-02-14T05:00:00+01:00,936
TRICASTIN-2,2024-02-14T06:00:00+01:00,936
TRICASTIN-2,2024-02-14T07:00:00+01:00,936
TRICASTIN-2,2024-02-14T08:00:00+01:00,936
TRICASTIN-2,2024-02-14T09:00:00+01:00,936
TRICASTIN-2,2024-02-14T10:00:00+01:00,936
TRICASTIN-2,2024-02-14T11:00:00+01:00,936
TRICASTIN-2,2024-02-14T12:00:00+01:00,935
TRICASTIN-2,2024-02-14T13:00:00+01:00,934
TRICASTIN-2,2024-02-14T14:00:00+01:00,934
TRICASTIN-2,2024-02-14T15:00:00+01:00,934
TRICASTIN-2,2024-02-14T16:00:00+01:00,934
TRICASTIN-2,2024-02-14T17:00:00+01:00,934
TRICASTIN-2,2024-02-14T18:00:00+01:00,934
TRICASTIN-2,2024-02-14T19:00:00+01:00,934
TRICASTIN-2,2024-02-14T20:00:00+01:00,934
TRICASTIN-2,2024-02-14T21:00:00+01:00,934
TRICASTIN-2,2024-02-14T22:00:00+01:00,935
TRICASTIN-2,2024-02-14T23:00:00+01:00,935
BUGEY-2,2024-03-14T00:00:00+01:00,914
BUGEY-2,2024-03-14T01:00:00+01:00,914
BUGEY-2,2024-03-14T02:00:00+01:00,915
BUGEY-2,2024-03-14T03:00:00+01:00,915
BUGEY-2,2024-03-14T04:00:00+01:00,915
BUGEY-2,2024-03-14T05:00:00+01:00,915
BUGEY-2,2024-03-14T06:00:00+01:00,915
BUGEY-2,2024-03-14T07:00:00+01:00,915
BUGEY-2,2024-03-14T08:00:00+01:00,914
BUGEY-2,2024-03-14T09:00:00+01:00,915
BUGEY-2,2024-03-14T10:00:00+01:00,914
BUGEY-2,2024-03-14T11:00:00+01:00,914
BUGEY-2,2024-03-14T12:00:00+01:00,913
BUGEY-2,2024-03-14T13:00:00+01:00,912
BUGEY-2,2024-03-14T14:00:00+01:00,911
BUGEY-2,2024-03-14T15:00:00+01:00,911
BUGEY-2,2024-03-14T16:00:00+01:00,911
BUGEY-2,2024-03-14T17:00:00+01:00,911
BUGEY-2,2024-03-14T18:00:00+01:00,911
BUGEY-2,2024-03-14T19:00:00+01:00,911
BUGEY-2,2024-03-14T20:00:00+01:00,911
BUGEY-2,2024-03-14T21:00:00+01:00,911
BUGEY-2,2024-03-14T22:00:00+01:00,911
BUGEY-2,2024-03-14T23:00:00+01:00,912
BUGEY-3,2024-03-14T00:00:00+01:00,0
BUGEY-3,2024-03-14T01:00:00+01:00,0
BUGEY-3,2024-03-14T02:00:00+01:00,0
BUGEY-3,2024-03-14T03:00:00+01:00,0
BUGEY-3,2024-03-14T04:00:00+01:00,0
BUGEY-3,2024-03-14T05:00:00+01:00,0
BUGEY-3,2024-03-14T06:00:00+01:00,0
BUGEY-3,2024-03-14T07:00:00+01:00,0
BUGEY-3,2024-03-14T08:00:00+01:00,0
BUGEY-3,2024-03-14T09:00:00+01:00,0
BUGEY-3,2024-03-14T10:00:00+01:00,0
BUGEY-3,2024-03-14T11:00:00+01:00,0
BUGEY-3,2024-03-14T12:00:00+01:00,0
BUGEY-3,2024-03-14T13:00:00+01:00,0
BUGEY-3,2024-03-14T14:00:00+01:00,0
BUGEY-3,2024-03-14T15:00:00+01:00,0
BUGEY-3,2024-03-14T16:00:00+01:00,0
BUGEY-3,2024-03-14T17:00:00+01:00,0
BUGEY-3,2024-03-14T18:00:00+01:00,0
BUGEY-3,2024-03-14T19:00:00+01:00,0
BUGEY-3,2024-03-14T20:00:00+01:00,0
BUGEY-3,2024-03-14T21:00:00+01:00,0
BUGEY-3,2024-03-14T22:00:00+01:00,0
BUGEY-3,2024-03-14T23:00:00+01:00,0
BUGEY-4,2024-03-14T00:00:00+01:00,0
BUGEY-4,2024-03-14T01:00:00+01:00,0
BUGEY-4,2024-03-14T02:00:00+01:00,0
BUGEY-4,2024-03-14T03:00:00+01:00,0
BUGEY-4,2024-03-14T04:00:00+01:00,0
BUGEY-4,2024-03-14T05:00:00+01:00,0
BUGEY-4,2024-03-14T06:00:00+01:00,0
BUGEY-4,2024-03-14T07:00:00+01:00,0
BUGEY-4,2024-03-14T08:00:00+01:00,0
BUGEY-4,2024-03-14T09:00:00+01:00,0
BUGEY-4,2024-03-14T10:00:00+01:00,0
BUGEY-4,2024-03-14T11:00:00+01:00,0
BUGEY-4,2024-03-14T12:00:00+01:00,0
BUGEY-4,2024-03-14T13:00:00+01:00,0
BUGEY-4,2024-03-14T14:00:00+01:00,0
BUGEY-4,2024-03-14T15:00:00+01:00,0
BUGEY-4,2024-03-14T16:00:00+01:00,0
BUGEY-4,2024-03-14T17:00:00+01:00,0
BUGEY-4,2024-03-14T18:00:00+01:00,0
BUGEY-4,2024-03-14T19:00:00+01:00,0
BUGEY-4,2024-03-14T20:00:00+01:00,0
BUGEY-4,2024-03-14T21:00:00+01:00,0
BUGEY-4,2024-03-14T22:00:00+01:00,0
BUGEY-4,2024-03-14T23:00:00+01:00,0
BUGEY-5,2024-03-14T00:00:00+01:00,885
BUGEY-5,2024-03-14T01:00:00+01:00,885
BUGEY-5,2024-03-14T02:00:00+01:00,887
BUGEY-5,2024-03-14T03:00:00+01:00,887
BUGEY-5,2024-03-14T04:00:00+01:00,888
BUGEY-5,2024-03-14T05:00:00+01:00,888
BUGEY-5,2024-03-14T06:00:00+01:00,888
BUGEY-5,2024-03-14T07:00:00+01:00,887
BUGEY-5,2024-03-14T08:00:00+01:00,883
BUGEY-5,2024-03-14T09:00:00+01:00,885
BUGEY-5,2024-03-14T10:00:00+01:00,883
BUGEY-5,2024-03-14T11:00:00+01:00,880
BUGEY-5,2024-03-14T12:00:00+01:00,877
BUGEY-5,2024-03-14T13:00:00+01:00,876
BUGEY-5,2024-03-14T14:00:00+01:00,875
BUGEY-5,2024-03-14T15:00:00+01:00,874
BUGEY-5,2024-03-14T16:00:00+01:00,874
BUGEY-5,2024-03-14T17:00:00+01:00,876
BUGEY-5,2024-03-14T18:00:00+01:00,878
BUGEY-5,2024-03-14T19:00:00+01:00,879
BUGEY-5,2024-03-14T20:00:00+01:00,879
BUGEY-5,2024-03-14T21:00:00+01:00,880
BUGEY-5,2024-03-14T22:00:00+01:00,880
BUGEY-5,2024-03-14T23:00:00+01:00,881
GRAVELINES-1,2024-03-14T00:00:00+01:00,904
GRAVELINES-1,2024-03-14T01:00:00+01:00,905
GRAVELINES-1,2024-03-14T02:00:00+01:00,907
GRAVELINES-1,2024-03-14T03:00:00+01:00,907
GRAVELINES-1,2024-03-14T04:00:00+01:00,907
GRAVELINES-1,2024-03-14T05:00:00+01:00,907
GRAVELINES-1,2024-03-14T06:00:00+01:00,907
GRAVELINES-1,2024-03-14T07:00:00+01:00,906
GRAVELINES-1,2024-03-14T08:00:00+01:00,905
GRAVELINES-1,2024-03-14T09:00:00+01:00,904
GRAVELINES-1,2024-03-14T10:00:00+01:00,903
GRAVELINES-1,2024-03-14T11:00:00+01:00,903
GRAVELINES-1,2024-03-14T12:00:00+01:00,904
GRAVELINES-1,2024-03-14T13:00:00+01:00,905
GRAVELINES-1,2024-03-14T14:00:00+01:00,906
GRAVELINES-1,2024-03-14T15:00:00+01:00,906
GRAVELINES-1,2024-03-14T16:00:00+01:00,906
GRAVELINES-1,2024-03-14T17:00:00+01:00,906
GRAVELINES-1,2024-03-14T18:00:00+01:00,906
GRAVELINES-1,2024-03-14T19:00:00+01:00,906
GRAVELINES-1,2024-03-14T20:00:00+01:00,905
GRAVELINES-1,2024-03-14T21:00:00+01:00,904
GRAVELINES-1,2024-03-14T22:00:00+01:00,904
GRAVELINES-1,2024-03-14T23:00:00+01:00,903
GRAVELINES-2,2024-03-14T00:00:00+01:00,776
GRAVELINES-2,2024-03-14T01:00:00+01:00,777
GRAVELINES-2,2024-03-14T02:00:00+01:00,778
GRAVELINES-2,2024-03-14T03:00:00+01:00,778
GRAVELINES-2,2024-03-14T04:00:00+01:00,778
GRAVELINES-2,2024-03-14T05:00:00+01:00,778
GRAVELINES-2,2024-03-14T06:00:00+01:00,778
GRAVELINES-2,2024-03-14T07:00:00+01:00,778
GRAVELINES-2,2024-03-14T08:00:00+01:00,777
GRAVELINES-2,2024-03-14T09:00:00+01:00,777
GRAVELINES-2,2024-03-14T10:00:00+01:00,776
GRAVELINES-2,2024-03-14T11:00:00+01:00,776
GRAVELINES-2,2024-03-14T12:00:00+01:00,776
GRAVELINES-2,2024-03-14T13:00:00+01:00,776
GRAVELINES-2,2024-03-14T14:00:00+01:00,777
GRAVELINES-2,2024-03-14T15:00:00+01:00,777
GRAVELINES-2,2024-03-14T16:00:00+01:00,777
GRAVELINES-2,2024-03-14T17:00:00+01:00,777
GRAVELINES-2,2024-03-14T18:00:00+01:00,777
GRAVELINES-2,2024-03-14T19:00:00+01:00,777
GRAVELINES-2,2024-03-14T20:00:00+01:00,777
GRAVELINES-2,2024-03-14T21:00:00+01:00,776
GRAVELINES-2,2024-03-14T22:00:00+01:00,776
GRAVELINES-2,2024-03-14T23:00:00+01:00,775
GRAVELINES-3,2024-03-14T00:00:00+01:00,902
GRAVELINES-3,2024-03-14T01:00:00+01:00,903
GRAVELINES-3,2024-03-14T02:00:00+01:00,904
GRAVELINES-3,2024-03-14T03:00:00+01:00,904
GRAVELINES-3,2024-03-14T04:00:00+01:00,905
GRAVELINES-3,2024-03-14T05:00:00+01:00,905
GRAVELINES-3,2024-03-14T06:00:00+01:00,905
GRAVELINES-3,2024-03-14T07:00:00+01:00,904
GRAVELINES-3,2024-03-14T08:00:00+01:00,895
GRAVELINES-3,2024-03-14T09:00:00+01:00,880
GRAVELINES-3,2024-03-14T10:00:00+01:00,879
GRAVELINES-3,2024-03-14T11:00:00+01:00,879
GRAVELINES-3,2024-03-14T12:00:00+01:00,880
GRAVELINES-3,2024-03-14T13:00:00+01:00,880
GRAVELINES-3,2024-03-14T14:00:00+01:00,881
GRAVELINES-3,2024-03-14T15:00:00+01:00,882
GRAVELINES-3,2024-03-14T16:00:00+01:00,881
GRAVELINES-3,2024-03-14T17:00:00+01:00,881
GRAVELINES-3,2024-03-14T18:00:00+01:00,904
GRAVELINES-3,2024-03-14T19:00:00+01:00,904
GRAVELINES-3,2024-03-14T20:00:00+01:00,904
GRAVELINES-3,2024-03-14T21:00:00+01:00,903
GRAVELINES-3,2024-03-14T22:00:00+01:00,902
GRAVELINES-3,2024-03-14T23:00:00+01:00,902
DAMPIERRE-1,2024-03-14T00:00:00+01:00,870
DAMPIERRE-1,2024-03-14T01:00:00+01:00,867
DAMPIERRE-1,2024-03-14T02:00:00+01:00,864
DAMPIERRE-1,2024-03-14T03:00:00+01:00,864
DAMPIERRE-1,2024-03-14T04:00:00+01:00,865
DAMPIERRE-1,2024-03-14T05:00:00+01:00,865
DAMPIERRE-1,2024-03-14T06:00:00+01:00,865
DAMPIERRE-1,2024-03-14T07:00:00+01:00,865
DAMPIERRE-1,2024-03-14T08:00:00+01:00,864
DAMPIERRE-1,2024-03-14T09:00:00+01:00,865
DAMPIERRE-1,2024-03-14T10:00:00+01:00,863
DAMPIERRE-1,2024-03-14T11:00:00+01:00,859
DAMPIERRE-1,2024-03-14T12:00:00+01:00,856
DAMPIERRE-1,2024-03-14T13:00:00+01:00,855
DAMPIERRE-1,2024-03-14T14:00:00+01:00,855
DAMPIERRE-1,2024-03-14T15:00:00+01:00,853
DAMPIERRE-1,2024-03-14T16:00:00+01:00,853
DAMPIERRE-1,2024-03-14T17:00:00+01:00,852
DAMPIERRE-1,2024-03-14T18:00:00+01:00,851
DAMPIERRE-1,2024-03-14T19:00:00+01:00,850
DAMPIERRE-1,2024-03-14T20:00:00+01:00,850
DAMPIERRE-1,2024-03-14T21:00:00+01:00,850
DAMPIERRE-1,2024-03-14T22:00:00+01:00,850
DAMPIERRE-1,2024-03-14T23:00:00+01:00,850
DAMPIERRE-2,2024-03-14T00:00:00+01:00,0
DAMPIERRE-2,2024-03-14T01:00:00+01:00,0
DAMPIERRE-2,2024-03-14T02:00:00+01:00,0
DAMPIERRE-2,2024-03-14T03:00:00+01:00,0
DAMPIERRE-2,2024-03-14T04:00:00+01:00,0
DAMPIERRE-2,2024-03-14T05:00:00+01:00,0
DAMPIERRE-2,2024-03-14T06:00:00+01:00,0
DAMPIERRE-2,2024-03-14T07:00:00+01:00,0
DAMPIERRE-2,2024-03-14T08:00:00+01:00,0
DAMPIERRE-2,2024-03-14T09:00:00+01:00,0
DAMPIERRE-2,2024-03-14T10:00:00+01:00,0
DAMPIERRE-2,2024-03-14T11:00:00+01:00,0
DAMPIERRE-2,2024-03-14T12:00:00+01:00,0
DAMPIERRE-2,2024-03-14T13:00:00+01:00,0
DAMPIERRE-2,2024-03-14T14:00:00+01:00,0
DAMPIERRE-2,2024-03-14T15:00:00+01:00,0
DAMPIERRE-2,2024-03-14T16:00:00+01:00,0
DAMPIERRE-2,2024-03-14T17:00:00+01:00,0
DAMPIERRE-2,2024-03-14T18:00:00+01:00,0
DAMPIERRE-2,2024-03-14T19:00:00+01:00,0
DAMPIERRE-2,2024-03-14T20:00:00+01:00,0
DAMPIERRE-2,2024-03-14T21:00:00+01:00,0
DAMPIERRE-2,2024-03-14T22:00:00+01:00,0
DAMPIERRE-2,2024-03-14T23:00:00+01:00,0
TRICASTIN-1,2024-03-14T00:00:00+01:00,891
TRICASTIN-1,2024-03-14T01:00:00+01:00,858
TRICASTIN-1,2024-03-14T02:00:00+01:00,865
TRICASTIN-1,2024-03-14T03:00:00+01:00,889
TRICASTIN-1,2024-03-14T04:00:00+01:00,890
TRICASTIN-1,2024-03-14T05:00:00+01:00,871
TRICASTIN-1,2024-03-14T06:00:00+01:00,875
TRICASTIN-1,2024-03-14T07:00:00+01:00,837
TRICASTIN-1,2024-03-14T08:00:00+01:00,849
TRICASTIN-1,2024-03-14T09:00:00+01:00,879
TRICASTIN-1,2024-03-14T10:00:00+01:00,878
TRICASTIN-1,2024-03-14T11:00:00+01:00,847
TRICASTIN-1,2024-03-14T12:00:00+01:00,835
TRICASTIN-1,2024-03-14T13:00:00+01:00,824
TRICASTIN-1,2024-03-14T14:00:00+01:00,820
TRICASTIN-1,2024-03-14T15:00:00+01:00,777
TRICASTIN-1,2024-03-14T16:00:00+01:00,827
TRICASTIN-1,2024-03-14T17:00:00+01:00,835
TRICASTIN-1,2024-03-14T18:00:00+01:00,861
TRICASTIN-1,2024-03-14T19:00:00+01:00,894
TRICASTIN-1,2024-03-14T20:00:00+01:00,869
TRICASTIN-1,2024-03-14T21:00:00+01:00,808
TRICASTIN-1,2024-03-14T22:00:00+01:00,802
TRICASTIN-1,2024-03-14T23:00:00+01:00,838
TRICASTIN-2,2024-03-14T00:00:00+01:00,934
TRICASTIN-2,2024-03-14T01:00:00+01:00,934
TRICASTIN-2,2024-03-14T02:00:00+01:00,934
TRICASTIN-2,2024-03-14T03:00:00+01:00,934
TRICASTIN-2,2024-03-14T04:00:00+01:00,935
TRICASTIN-2,2024-03-14T05:00:00+01:00,934
TRICASTIN-2,2024-03-14T06:00:00+01:00,935
TRICASTIN-2,2024-03-14T07:00:00+01:00,935
TRICASTIN-2,2024-03-14T08:00:00+01:00,935
TRICASTIN-2,2024-03-14T09:00:00+01:00,931
TRICASTIN-2,2024-03-14T10:00:00+01:00,929
TRICASTIN-2,2024-03-14T11:00:00+01:00,929
TRICASTIN-2,2024-03-14T12:00:00+01:00,930
TRICASTIN-2,2024-03-14T13:00:00+01:00,933
TRICASTIN-2,2024-03-14T14:00:00+01:00,933
TRICASTIN-2,2024-03-14T15:00:00+01:00,933
TRICASTIN-2,2024-03-14T16:00:00+01:00,933
TRICASTIN-2,2024-03-14T17:00:00+01:00,933
TRICASTIN-2,2024-03-14T18:00:00+01:00,933
TRICASTIN-2,2024-03-14T19:00:00+01:00,933
TRICASTIN-2,2024-03-14T20:00:00+01:00,932
TRICASTIN-2,2024-03-14T21:00:00+01:00,932
TRICASTIN-2,2024-03-14T22:00:00+01:00,933
TRICASTIN-2,2024-03-14T23:00:00+01:00,933
BUGEY-2,2024-04-17T00:00:00+02:00,903
BUGEY-2,2024-04-17T01:00:00+02:00,903
BUGEY-2,2024-04-17T02:00:00+02:00,904
BUGEY-2,2024-04-17T03:00:00+02:00,904
BUGEY-2,2024-04-17T04:00:00+02:00,904
BUGEY-2,2024-04-17T05:00:00+02:00,905
BUGEY-2,2024-04-17T06:00:00+02:00,904
BUGEY-2,2024-04-17T07:00:00+02:00,905
BUGEY-2,2024-04-17T08:00:00+02:00,905
BUGEY-2,2024-04-17T09:00:00+02:00,905
BUGEY-2,2024-04-17T10:00:00+02:00,905
BUGEY-2,2024-04-17T11:00:00+02:00,905
BUGEY-2,2024-04-17T12:00:00+02:00,905
BUGEY-2,2024-04-17T13:00:00+02:00,904
BUGEY-2,2024-04-17T14:00:00+02:00,903
BUGEY-2,2024-04-17T15:00:00+02:00,903
BUGEY-2,2024-04-17T16:00:00+02:00,903
BUGEY-2,2024-04-17T17:00:00+02:00,903
BUGEY-2,2024-04-17T18:00:00+02:00,903
BUGEY-2,2024-04-17T19:00:00+02:00,904
BUGEY-2,2024-04-17T20:00:00+02:00,904
BUGEY-2,2024-04-17T21:00:00+02:00,903
BUGEY-2,2024-04-17T22:00:00+02:00,904
BUGEY-2,2024-04-17T23:00:00+02:00,904
BUGEY-3,2024-04-17T00:00:00+02:00,0
BUGEY-3,2024-04-17T01:00:00+02:00,0
BUGEY-3,2024-04-17T02:00:00+02:00,0
BUGEY-3,2024-04-17T03:00:00+02:00,0
BUGEY-3,2024-04-17T04:00:00+02:00,0
BUGEY-3,2024-04-17T05:00:00+02:00,0
BUGEY-3,2024-04-17T06:00:00+02:00,0
BUGEY-3,2024-04-17T07:00:00+02:00,0
BUGEY-3,2024-04-17T08:00:00+02:00,0
BUGEY-3,2024-04-17T09:00:00+02:00,0
BUGEY-3,2024-04-17T10:00:00+02:00,0
BUGEY-3,2024-04-17T11:00:00+02:00,0
BUGEY-3,2024-04-17T12:00:00+02:00,0
BUGEY-3,2024-04-17T13:00:00+02:00,0
BUGEY-3,2024-04-17T14:00:00+02:00,0
BUGEY-3,2024-04-17T15:00:00+02:00,0
BUGEY-3,2024-04-17T16:00:00+02:00,0
BUGEY-3,2024-04-17T17:00:00+02:00,0
BUGEY-3,2024-04-17T18:00:00+02:00,0
BUGEY-3,2024-04-17T19:00:00+02:00,0
BUGEY-3,2024-04-17T20:00:00+02:00,0
BUGEY-3,2024-04-17T21:00:00+02:00,0
BUGEY-3,2024-04-17T22:00:00+02:00,0
BUGEY-3,2024-04-17T23:00:00+02:00,0
BUGEY-4,2024-04-17T00:00:00+02:00,0
BUGEY-4,2024-04-17T01:00:00+02:00,0
BUGEY-4,2024-04-17T02:00:00+02:00,0
BUGEY-4,2024-04-17T03:00:00+02:00,0
BUGEY-4,2024-04-17T04:00:00+02:00,0
BUGEY-4,2024-04-17T05:00:00+02:00,0
BUGEY-4,2024-04-17T06:00:00+02:00,0
BUGEY-4,2024-04-17T07:00:00+02:00,0
BUGEY-4,2024-04-17T08:00:00+02:00,0
BUGEY-4,2024-04-17T09:00:00+02:00,0
BUGEY-4,2024-04-17T10:00:00+02:00,0
BUGEY-4,2024-04-17T11:00:00+02:00,0
BUGEY-4,2024-04-17T12:00:00+02:00,0
BUGEY-4,2024-04-17T13:00:00+02:00,0
BUGEY-4,2024-04-17T14:00:00+02:00,0
BUGEY-4,2024-04-17T15:00:00+02:00,0
BUGEY-4,2024-04-17T16:00:00+02:00,0
BUGEY-4,2024-04-17T17:00:00+02:00,0
BUGEY-4,2024-04-17T18:00:00+02:00,0
BUGEY-4,2024-04-17T19:00:00+02:00,0
BUGEY-4,2024-04-17T20:00:00+02:00,0
BUGEY-4,2024-04-17T21:00:00+02:00,0
BUGEY-4,2024-04-17T22:00:00+02:00,0
BUGEY-4,2024-04-17T23:00:00+02:00,0
BUGEY-5,2024-04-17T00:00:00+02:00,849
BUGEY-5,2024-04-17T01:00:00+02:00,853
BUGEY-5,2024-04-17T02:00:00+02:00,845
BUGEY-5,2024-04-17T03:00:00+02:00,846
BUGEY-5,2024-04-17T04:00:00+02:00,833
BUGEY-5,2024-04-17T05:00:00+02:00,880
BUGEY-5,2024-04-17T06:00:00+02:00,886
BUGEY-5,2024-04-17T07:00:00+02:00,888
BUGEY-5,2024-04-17T08:00:00+02:00,827
BUGEY-5,2024-04-17T09:00:00+02:00,819
BUGEY-5,2024-04-17T10:00:00+02:00,821
BUGEY-5,2024-04-17T11:00:00+02:00,819
BUGEY-5,2024-04-17T12:00:00+02:00,819
BUGEY-5,2024-04-17T13:00:00+02:00,819
BUGEY-5,2024-04-17T14:00:00+02:00,824
BUGEY-5,2024-04-17T15:00:00+02:00,871
BUGEY-5,2024-04-17T16:00:00+02:00,843
BUGEY-5,2024-04-17T17:00:00+02:00,842
BUGEY-5,2024-04-17T18:00:00+02:00,880
BUGEY-5,2024-04-17T19:00:00+02:00,886
BUGEY-5,2024-04-17T20:00:00+02:00,889
BUGEY-5,2024-04-17T21:00:00+02:00,890
BUGEY-5,2024-04-17T22:00:00+02:00,890
BUGEY-5,2024-04-17T23:00:00+02:00,890
GRAVELINES-1,2024-04-17T00:00:00+02:00,858
GRAVELINES-1,2024-04-17T01:00:00+02:00,862
GRAVELINES-1,2024-04-17T02:00:00+02:00,849
GRAVELINES-1,2024-04-17T03:00:00+02:00,843
GRAVELINES-1,2024-04-17T04:00:00+02:00,834
GRAVELINES-1,2024-04-17T05:00:00+02:00,868
GRAVELINES-1,2024-04-17T06:00:00+02:00,852
GRAVELINES-1,2024-04-17T07:00:00+02:00,870
GRAVELINES-1,2024-04-17T08:00:00+02:00,879
GRAVELINES-1,2024-04-17T09:00:00+02:00,879
GRAVELINES-1,2024-04-17T10:00:00+02:00,879
GRAVELINES-1,2024-04-17T11:00:00+02:00,878
GRAVELINES-1,2024-04-17T12:00:00+02:00,822
GRAVELINES-1,2024-04-17T13:00:00+02:00,812
GRAVELINES-1,2024-04-17T14:00:00+02:00,821
GRAVELINES-1,2024-04-17T15:00:00+02:00,827
GRAVELINES-1,2024-04-17T16:00:00+02:00,844
GRAVELINES-1,2024-04-17T17:00:00+02:00,870
GRAVELINES-1,2024-04-17T18:00:00+02:00,867
GRAVELINES-1,2024-04-17T19:00:00+02:00,902
GRAVELINES-1,2024-04-17T20:00:00+02:00,902
GRAVELINES-1,2024-04-17T21:00:00+02:00,903
GRAVELINES-1,2024-04-17T22:00:00+02:00,903
GRAVELINES-1,2024-04-17T23:00:00+02:00,903
GRAVELINES-2,2024-04-17T00:00:00+02:00,903
GRAVELINES-2,2024-04-17T01:00:00+02:00,902
GRAVELINES-2,2024-04-17T02:00:00+02:00,901
GRAVELINES-2,2024-04-17T03:00:00+02:00,902
GRAVELINES-2,2024-04-17T04:00:00+02:00,902
GRAVELINES-2,2024-04-17T05:00:00+02:00,903
GRAVELINES-2,2024-04-17T06:00:00+02:00,906
GRAVELINES-2,2024-04-17T07:00:00+02:00,908
GRAVELINES-2,2024-04-17T08:00:00+02:00,908
GRAVELINES-2,2024-04-17T09:00:00+02:00,907
GRAVELINES-2,2024-04-17T10:00:00+02:00,907
GRAVELINES-2,2024-04-17T11:00:00+02:00,907
GRAVELINES-2,2024-04-17T12:00:00+02:00,907
GRAVELINES-2,2024-04-17T13:00:00+02:00,906
GRAVELINES-2,2024-04-17T14:00:00+02:00,905
GRAVELINES-2,2024-04-17T15:00:00+02:00,905
GRAVELINES-2,2024-04-17T16:00:00+02:00,905
GRAVELINES-2,2024-04-17T17:00:00+02:00,905
GRAVELINES-2,2024-04-17T18:00:00+02:00,906
GRAVELINES-2,2024-04-17T19:00:00+02:00,906
GRAVELINES-2,2024-04-17T20:00:00+02:00,907
GRAVELINES-2,2024-04-17T21:00:00+02:00,907
GRAVELINES-2,2024-04-17T22:00:00+02:00,907
GRAVELINES-2,2024-04-17T23:00:00+02:00,907
GRAVELINES-3,2024-04-17T00:00:00+02:00,834
GRAVELINES-3,2024-04-17T01:00:00+02:00,826
GRAVELINES-3,2024-04-17T02:00:00+02:00,828
GRAVELINES-3,2024-04-17T03:00:00+02:00,819
GRAVELINES-3,2024-04-17T04:00:00+02:00,818
GRAVELINES-3,2024-04-17T05:00:00+02:00,835
GRAVELINES-3,2024-04-17T06:00:00+02:00,847
GRAVELINES-3,2024-04-17T07:00:00+02:00,905
GRAVELINES-3,2024-04-17T08:00:00+02:00,905
GRAVELINES-3,2024-04-17T09:00:00+02:00,905
GRAVELINES-3,2024-04-17T10:00:00+02:00,905
GRAVELINES-3,2024-04-17T11:00:00+02:00,904
GRAVELINES-3,2024-04-17T12:00:00+02:00,904
GRAVELINES-3,2024-04-17T13:00:00+02:00,903
GRAVELINES-3,2024-04-17T14:00:00+02:00,903
GRAVELINES-3,2024-04-17T15:00:00+02:00,672
GRAVELINES-3,2024-04-17T16:00:00+02:00,237
GRAVELINES-3,2024-04-17T17:00:00+02:00,185
GRAVELINES-3,2024-04-17T18:00:00+02:00,244
GRAVELINES-3,2024-04-17T19:00:00+02:00,679
GRAVELINES-3,2024-04-17T20:00:00+02:00,821
GRAVELINES-3,2024-04-17T21:00:00+02:00,828
GRAVELINES-3,2024-04-17T22:00:00+02:00,842
GRAVELINES-3,2024-04-17T23:00:00+02:00,821
DAMPIERRE-1,2024-04-17T00:00:00+02:00,756
DAMPIERRE-1,2024-04-17T01:00:00+02:00,756
DAMPIERRE-1,2024-04-17T02:00:00+02:00,756
DAMPIERRE-1,2024-04-17T03:00:00+02:00,757
DAMPIERRE-1,2024-04-17T04:00:00+02:00,758
DAMPIERRE-1,2024-04-17T05:00:00+02:00,759
DAMPIERRE-1,2024-04-17T06:00:00+02:00,760
DAMPIERRE-1,2024-04-17T07:00:00+02:00,760
DAMPIERRE-1,2024-04-17T08:00:00+02:00,760
DAMPIERRE-1,2024-04-17T09:00:00+02:00,760
DAMPIERRE-1,2024-04-17T10:00:00+02:00,760
DAMPIERRE-1,2024-04-17T11:00:00+02:00,758
DAMPIERRE-1,2024-04-17T12:00:00+02:00,756
DAMPIERRE-1,2024-04-17T13:00:00+02:00,756
DAMPIERRE-1,2024-04-17T14:00:00+02:00,755
DAMPIERRE-1,2024-04-17T15:00:00+02:00,755
DAMPIERRE-1,2024-04-17T16:00:00+02:00,755
DAMPIERRE-1,2024-04-17T17:00:00+02:00,755
DAMPIERRE-1,2024-04-17T18:00:00+02:00,756
DAMPIERRE-1,2024-04-17T19:00:00+02:00,757
DAMPIERRE-1,2024-04-17T20:00:00+02:00,760
DAMPIERRE-1,2024-04-17T21:00:00+02:00,759
DAMPIERRE-1,2024-04-17T22:00:00+02:00,758
DAMPIERRE-1,2024-04-17T23:00:00+02:00,758
DAMPIERRE-2,2024-04-17T00:00:00+02:00,0
DAMPIERRE-2,2024-04-17T01:00:00+02:00,0
DAMPIERRE-2,2024-04-17T02:00:00+02:00,0
DAMPIERRE-2,2024-04-17T03:00:00+02:00,0
DAMPIERRE-2,2024-04-17T04:00:00+02:00,0
DAMPIERRE-2,2024-04-17T05:00:00+02:00,0
DAMPIERRE-2,2024-04-17T06:00:00+02:00,0
DAMPIERRE-2,2024-04-17T07:00:00+02:00,0
DAMPIERRE-2,2024-04-17T08:00:00+02:00,0
DAMPIERRE-2,2024-04-17T09:00:00+02:00,0
DAMPIERRE-2,2024-04-17T10:00:00+02:00,0
DAMPIERRE-2,2024-04-17T11:00:00+02:00,0
DAMPIERRE-2,2024-04-17T12:00:00+02:00,0
DAMPIERRE-2,2024-04-17T13:00:00+02:00,0
DAMPIERRE-2,2024-04-17T14:00:00+02:00,0
DAMPIERRE-2,2024-04-17T15:00:00+02:00,0
DAMPIERRE-2,2024-04-17T16:00:00+02:00,0
DAMPIERRE-2,2024-04-17T17:00:00+02:00,0
DAMPIERRE-2,2024-04-17T18:00:00+02:00,0
DAMPIERRE-2,2024-04-17T19:00:00+02:00,0
DAMPIERRE-2,2024-04-17T20:00:00+02:00,0
DAMPIERRE-2,2024-04-17T21:00:00+02:00,0
DAMPIERRE-2,2024-04-17T22:00:00+02:00,0
DAMPIERRE-2,2024-04-17T23:00:00+02:00,0
TRICASTIN-1,2024-04-17T00:00:00+02:00,-27
TRICASTIN-1,2024-04-17T01:00:00+02:00,-27
TRICASTIN-1,2024-04-17T02:00:00+02:00,-27
TRICASTIN-1,2024-04-17T03:00:00+02:00,-27
TRICASTIN-1,2024-04-17T04:00:00+02:00,-27
TRICASTIN-1,2024-04-17T05:00:00+02:00,-27
TRICASTIN-1,2024-04-17T06:00:00+02:00,-27
TRICASTIN-1,2024-04-17T07:00:00+02:00,-27
TRICASTIN-1,2024-04-17T08:00:00+02:00,-27
TRICASTIN-1,2024-04-17T09:00:00+02:00,-27
TRICASTIN-1,2024-04-17T10:00:00+02:00,-27
TRICASTIN-1,2024-04-17T11:00:00+02:00,-27
TRICASTIN-1,2024-04-17T12:00:00+02:00,3
TRICASTIN-1,2024-04-17T13:00:00+02:00,95
TRICASTIN-1,2024-04-17T14:00:00+02:00,172
TRICASTIN-1,2024-04-17T15:00:00+02:00,520
TRICASTIN-1,2024-04-17T16:00:00+02:00,853
TRICASTIN-1,2024-04-17T17:00:00+02:00,867
TRICASTIN-1,2024-04-17T18:00:00+02:00,887
TRICASTIN-1,2024-04-17T19:00:00+02:00,887
TRICASTIN-1,2024-04-17T20:00:00+02:00,888
TRICASTIN-1,2024-04-17T21:00:00+02:00,888
TRICASTIN-1,2024-04-17T22:00:00+02:00,888
TRICASTIN-1,2024-04-17T23:00:00+02:00,888
TRICASTIN-2,2024-04-17T00:00:00+02:00,918
TRICASTIN-2,2024-04-17T01:00:00+02:00,918
TRICASTIN-2,2024-04-17T02:00:00+02:00,918
TRICASTIN-2,2024-04-17T03:00:00+02:00,918
TRICASTIN-2,2024-04-17T04:00:00+02:00,918
TRICASTIN-2,2024-04-17T05:00:00+02:00,918
TRICASTIN-2,2024-04-17T06:00:00+02:00,918
TRICASTIN-2,2024-04-17T07:00:00+02:00,918
TRICASTIN-2,2024-04-17T08:00:00+02:00,918
TRICASTIN-2,2024-04-17T09:00:00+02:00,919
TRICASTIN-2,2024-04-17T10:00:00+02:00,919
TRICASTIN-2,2024-04-17T11:00:00+02:00,919
TRICASTIN-2,2024-04-17T12:00:00+02:00,919
TRICASTIN-2,2024-04-17T13:00:00+02:00,919
TRICASTIN-2,2024-04-17T14:00:00+02:00,919
TRICASTIN-2,2024-04-17T15:00:00+02:00,918
TRICASTIN-2,2024-04-17T16:00:00+02:00,918
TRICASTIN-2,2024-04-17T17:00:00+02:00,918
TRICASTIN-2,2024-04-17T18:00:00+02:00,919
TRICASTIN-2,2024-04-17T19:00:00+02:00,919
TRICASTIN-2,2024-04-17T20:00:00+02:00,919
TRICASTIN-2,2024-04-17T21:00:00+02:00,919
TRICASTIN-2,2024-04-17T22:00:00+02:00,919
TRICASTIN-2,2024-04-17T23:00:00+02:00,919
BUGEY-2,2024-05-13T00:00:00+02:00,898
BUGEY-2,2024-05-13T01:00:00+02:00,898
BUGEY-2,2024-05-13T02:00:00+02:00,899
BUGEY-2,2024-05-13T03:00:00+02:00,899
BUGEY-2,2024-05-13T04:00:00+02:00,899
BUGEY-2,2024-05-13T05:00:00+02:00,899
BUGEY-2,2024-05-13T06:00:00+02:00,899
BUGEY-2,2024-05-13T07:00:00+02:00,899
BUGEY-2,2024-05-13T08:00:00+02:00,899
BUGEY-2,2024-05-13T09:00:00+02:00,898
BUGEY-2,2024-05-13T10:00:00+02:00,898
BUGEY-2,2024-05-13T11:00:00+02:00,897
BUGEY-2,2024-05-13T12:00:00+02:00,897
BUGEY-2,2024-05-13T13:00:00+02:00,896
BUGEY-2,2024-05-13T14:00:00+02:00,895
BUGEY-2,2024-05-13T15:00:00+02:00,895
BUGEY-2,2024-05-13T16:00:00+02:00,894
BUGEY-2,2024-05-13T17:00:00+02:00,894
BUGEY-2,2024-05-13T18:00:00+02:00,895
BUGEY-2,2024-05-13T19:00:00+02:00,895
BUGEY-2,2024-05-13T20:00:00+02:00,896
BUGEY-2,2024-05-13T21:00:00+02:00,896
BUGEY-2,2024-05-13T22:00:00+02:00,896
BUGEY-2,2024-05-13T23:00:00+02:00,896
BUGEY-3,2024-05-13T00:00:00+02:00,-7
BUGEY-3,2024-05-13T01:00:00+02:00,-7
BUGEY-3,2024-05-13T02:00:00+02:00,-7
BUGEY-3,2024-05-13T03:00:00+02:00,-7
BUGEY-3,2024-05-13T04:00:00+02:00,-7
BUGEY-3,2024-05-13T05:00:00+02:00,-7
BUGEY-3,2024-05-13T06:00:00+02:00,-7
BUGEY-3,2024-05-13T07:00:00+02:00,-7
BUGEY-3,2024-05-13T08:00:00+02:00,-7
BUGEY-3,2024-05-13T09:00:00+02:00,-7
BUGEY-3,2024-05-13T10:00:00+02:00,-8
BUGEY-3,2024-05-13T11:00:00+02:00,-8
BUGEY-3,2024-05-13T12:00:00+02:00,-8
BUGEY-3,2024-05-13T13:00:00+02:00,-8
BUGEY-3,2024-05-13T14:00:00+02:00,-8
BUGEY-3,2024-05-13T15:00:00+02:00,-8
BUGEY-3,2024-05-13T16:00:00+02:00,-8
BUGEY-3,2024-05-13T17:00:00+02:00,-8
BUGEY-3,2024-05-13T18:00:00+02:00,-8
BUGEY-3,2024-05-13T19:00:00+02:00,-8
BUGEY-3,2024-05-13T20:00:00+02:00,-8
BUGEY-3,2024-05-13T21:00:00+02:00,-8
BUGEY-3,2024-05-13T22:00:00+02:00,-8
BUGEY-3,2024-05-13T23:00:00+02:00,-8
BUGEY-4,2024-05-13T00:00:00+02:00,0
BUGEY-4,2024-05-13T01:00:00+02:00,0
BUGEY-4,2024-05-13T02:00:00+02:00,0
BUGEY-4,2024-05-13T03:00:00+02:00,0
BUGEY-4,2024-05-13T04:00:00+02:00,0
BUGEY-4,2024-05-13T05:00:00+02:00,0
BUGEY-4,2024-05-13T06:00:00+02:00,0
BUGEY-4,2024-05-13T07:00:00+02:00,0
BUGEY-4,2024-05-13T08:00:00+02:00,0
BUGEY-4,2024-05-13T09:00:00+02:00,0
BUGEY-4,2024-05-13T10:00:00+02:00,0
BUGEY-4,2024-05-13T11:00:00+02:00,0
BUGEY-4,2024-05-13T12:00:00+02:00,0
BUGEY-4,2024-05-13T13:00:00+02:00,0
BUGEY-4,2024-05-13T14:00:00+02:00,0
BUGEY-4,2024-05-13T15:00:00+02:00,0
BUGEY-4,2024-05-13T16:00:00+02:00,0
BUGEY-4,2024-05-13T17:00:00+02:00,0
BUGEY-4,2024-05-13T18:00:00+02:00,0
BUGEY-4,2024-05-13T19:00:00+02:00,0
BUGEY-4,2024-05-13T20:00:00+02:00,0
BUGEY-4,2024-05-13T21:00:00+02:00,0
BUGEY-4,2024-05-13T22:00:00+02:00,0
BUGEY-4,2024-05-13T23:00:00+02:00,0
BUGEY-5,2024-05-13T00:00:00+02:00,870
BUGEY-5,2024-05-13T01:00:00+02:00,871
BUGEY-5,2024-05-13T02:00:00+02:00,873
BUGEY-5,2024-05-13T03:00:00+02:00,875
BUGEY-5,2024-05-13T04:00:00+02:00,876
BUGEY-5,2024-05-13T05:00:00+02:00,874
BUGEY-5,2024-05-13T06:00:00+02:00,875
BUGEY-5,2024-05-13T07:00:00+02:00,875
BUGEY-5,2024-05-13T08:00:00+02:00,874
BUGEY-5,2024-05-13T09:00:00+02:00,872
BUGEY-5,2024-05-13T10:00:00+02:00,871
BUGEY-5,2024-05-13T11:00:00+02:00,870
BUGEY-5,2024-05-13T12:00:00+02:00,869
BUGEY-5,2024-05-13T13:00:00+02:00,868
BUGEY-5,2024-05-13T14:00:00+02:00,866
BUGEY-5,2024-05-13T15:00:00+02:00,863
BUGEY-5,2024-05-13T16:00:00+02:00,862
BUGEY-5,2024-05-13T17:00:00+02:00,863
BUGEY-5,2024-05-13T18:00:00+02:00,865
BUGEY-5,2024-05-13T19:00:00+02:00,865
BUGEY-5,2024-05-13T20:00:00+02:00,866
BUGEY-5,2024-05-13T21:00:00+02:00,867
BUGEY-5,2024-05-13T22:00:00+02:00,868
BUGEY-5,2024-05-13T23:00:00+02:00,870
GRAVELINES-1,2024-05-13T00:00:00+02:00,897
GRAVELINES-1,2024-05-13T01:00:00+02:00,899
GRAVELINES-1,2024-05-13T02:00:00+02:00,900
GRAVELINES-1,2024-05-13T03:00:00+02:00,901
GRAVELINES-1,2024-05-13T04:00:00+02:00,902
GRAVELINES-1,2024-05-13T05:00:00+02:00,902
GRAVELINES-1,2024-05-13T06:00:00+02:00,902
GRAVELINES-1,2024-05-13T07:00:00+02:00,902
GRAVELINES-1,2024-05-13T08:00:00+02:00,901
GRAVELINES-1,2024-05-13T09:00:00+02:00,899
GRAVELINES-1,2024-05-13T10:00:00+02:00,897
GRAVELINES-1,2024-05-13T11:00:00+02:00,897
GRAVELINES-1,2024-05-13T12:00:00+02:00,897
GRAVELINES-1,2024-05-13T13:00:00+02:00,897
GRAVELINES-1,2024-05-13T14:00:00+02:00,898
GRAVELINES-1,2024-05-13T15:00:00+02:00,900
GRAVELINES-1,2024-05-13T16:00:00+02:00,900
GRAVELINES-1,2024-05-13T17:00:00+02:00,868
GRAVELINES-1,2024-05-13T18:00:00+02:00,858
GRAVELINES-1,2024-05-13T19:00:00+02:00,871
GRAVELINES-1,2024-05-13T20:00:00+02:00,899
GRAVELINES-1,2024-05-13T21:00:00+02:00,899
GRAVELINES-1,2024-05-13T22:00:00+02:00,898
GRAVELINES-1,2024-05-13T23:00:00+02:00,896
GRAVELINES-2,2024-05-13T00:00:00+02:00,900
GRAVELINES-2,2024-05-13T01:00:00+02:00,902
GRAVELINES-2,2024-05-13T02:00:00+02:00,904
GRAVELINES-2,2024-05-13T03:00:00+02:00,905
GRAVELINES-2,2024-05-13T04:00:00+02:00,905
GRAVELINES-2,2024-05-13T05:00:00+02:00,905
GRAVELINES-2,2024-05-13T06:00:00+02:00,905
GRAVELINES-2,2024-05-13T07:00:00+02:00,905
GRAVELINES-2,2024-05-13T08:00:00+02:00,903
GRAVELINES-2,2024-05-13T09:00:00+02:00,902
GRAVELINES-2,2024-05-13T10:00:00+02:00,901
GRAVELINES-2,2024-05-13T11:00:00+02:00,900
GRAVELINES-2,2024-05-13T12:00:00+02:00,901
GRAVELINES-2,2024-05-13T13:00:00+02:00,901
GRAVELINES-2,2024-05-13T14:00:00+02:00,903
GRAVELINES-2,2024-05-13T15:00:00+02:00,905
GRAVELINES-2,2024-05-13T16:00:00+02:00,905
GRAVELINES-2,2024-05-13T17:00:00+02:00,905
GRAVELINES-2,2024-05-13T18:00:00+02:00,905
GRAVELINES-2,2024-05-13T19:00:00+02:00,905
GRAVELINES-2,2024-05-13T20:00:00+02:00,904
GRAVELINES-2,2024-05-13T21:00:00+02:00,903
GRAVELINES-2,2024-05-13T22:00:00+02:00,903
GRAVELINES-2,2024-05-13T23:00:00+02:00,902
GRAVELINES-3,2024-05-13T00:00:00+02:00,826
GRAVELINES-3,2024-05-13T01:00:00+02:00,790
GRAVELINES-3,2024-05-13T02:00:00+02:00,733
GRAVELINES-3,2024-05-13T03:00:00+02:00,691
GRAVELINES-3,2024-05-13T04:00:00+02:00,657
GRAVELINES-3,2024-05-13T05:00:00+02:00,702
GRAVELINES-3,2024-05-13T06:00:00+02:00,754
GRAVELINES-3,2024-05-13T07:00:00+02:00,879
GRAVELINES-3,2024-05-13T08:00:00+02:00,885
GRAVELINES-3,2024-05-13T09:00:00+02:00,884
GRAVELINES-3,2024-05-13T10:00:00+02:00,663
GRAVELINES-3,2024-05-13T11:00:00+02:00,326
GRAVELINES-3,2024-05-13T12:00:00+02:00,313
GRAVELINES-3,2024-05-13T13:00:00+02:00,301
GRAVELINES-3,2024-05-13T14:00:00+02:00,303
GRAVELINES-3,2024-05-13T15:00:00+02:00,294
GRAVELINES-3,2024-05-13T16:00:00+02:00,338
GRAVELINES-3,2024-05-13T17:00:00+02:00,568
GRAVELINES-3,2024-05-13T18:00:00+02:00,810
GRAVELINES-3,2024-05-13T19:00:00+02:00,896
GRAVELINES-3,2024-05-13T20:00:00+02:00,900
GRAVELINES-3,2024-05-13T21:00:00+02:00,901
GRAVELINES-3,2024-05-13T22:00:00+02:00,900
GRAVELINES-3,2024-05-13T23:00:00+02:00,900
DAMPIERRE-1,2024-05-13T00:00:00+02:00,633
DAMPIERRE-1,2024-05-13T01:00:00+02:00,634
DAMPIERRE-1,2024-05-13T02:00:00+02:00,636
DAMPIERRE-1,2024-05-13T03:00:00+02:00,636
DAMPIERRE-1,2024-05-13T04:00:00+02:00,636
DAMPIERRE-1,2024-05-13T05:00:00+02:00,636
DAMPIERRE-1,2024-05-13T06:00:00+02:00,637
DAMPIERRE-1,2024-05-13T07:00:00+02:00,637
DAMPIERRE-1,2024-05-13T08:00:00+02:00,638
DAMPIERRE-1,2024-05-13T09:00:00+02:00,638
DAMPIERRE-1,2024-05-13T10:00:00+02:00,637
DAMPIERRE-1,2024-05-13T11:00:00+02:00,636
DAMPIERRE-1,2024-05-13T12:00:00+02:00,636
DAMPIERRE-1,2024-05-13T13:00:00+02:00,634
DAMPIERRE-1,2024-05-13T14:00:00+02:00,632
DAMPIERRE-1,2024-05-13T15:00:00+02:00,631
DAMPIERRE-1,2024-05-13T16:00:00+02:00,629
DAMPIERRE-1,2024-05-13T17:00:00+02:00,627
DAMPIERRE-1,2024-05-13T18:00:00+02:00,626
DAMPIERRE-1,2024-05-13T19:00:00+02:00,626
DAMPIERRE-1,2024-05-13T20:00:00+02:00,626
DAMPIERRE-1,2024-05-13T21:00:00+02:00,626
DAMPIERRE-1,2024-05-13T22:00:00+02:00,626
DAMPIERRE-1,2024-05-13T23:00:00+02:00,626
DAMPIERRE-2,2024-05-13T00:00:00+02:00,0
DAMPIERRE-2,2024-05-13T01:00:00+02:00,0
DAMPIERRE-2,2024-05-13T02:00:00+02:00,0
DAMPIERRE-2,2024-05-13T03:00:00+02:00,0
DAMPIERRE-2,2024-05-13T04:00:00+02:00,0
DAMPIERRE-2,2024-05-13T05:00:00+02:00,0
DAMPIERRE-2,2024-05-13T06:00:00+02:00,0
DAMPIERRE-2,2024-05-13T07:00:00+02:00,0
DAMPIERRE-2,2024-05-13T08:00:00+02:00,0
DAMPIERRE-2,2024-05-13T09:00:00+02:00,0
DAMPIERRE-2,2024-05-13T10:00:00+02:00,0
DAMPIERRE-2,2024-05-13T11:00:00+02:00,0
DAMPIERRE-2,2024-05-13T12:00:00+02:00,0
DAMPIERRE-2,2024-05-13T13:00:00+02:00,0
DAMPIERRE-2,2024-05-13T14:00:00+02:00,0
DAMPIERRE-2,2024-05-13T15:00:00+02:00,0
DAMPIERRE-2,2024-05-13T16:00:00+02:00,0
DAMPIERRE-2,2024-05-13T17:00:00+02:00,0
DAMPIERRE-2,2024-05-13T18:00:00+02:00,0
DAMPIERRE-2,2024-05-13T19:00:00+02:00,0
DAMPIERRE-2,2024-05-13T20:00:00+02:00,0
DAMPIERRE-2,2024-05-13T21:00:00+02:00,0
DAMPIERRE-2,2024-05-13T22:00:00+02:00,0
DAMPIERRE-2,2024-05-13T23:00:00+02:00,0
TRICASTIN-1,2024-05-13T00:00:00+02:00,875
TRICASTIN-1,2024-05-13T01:00:00+02:00,879
TRICASTIN-1,2024-05-13T02:00:00+02:00,882
TRICASTIN-1,2024-05-13T03:00:00+02:00,886
TRICASTIN-1,2024-05-13T04:00:00+02:00,886
TRICASTIN-1,2024-05-13T05:00:00+02:00,886
TRICASTIN-1,2024-05-13T06:00:00+02:00,887
TRICASTIN-1,2024-05-13T07:00:00+02:00,887
TRICASTIN-1,2024-05-13T08:00:00+02:00,887
TRICASTIN-1,2024-05-13T09:00:00+02:00,886
TRICASTIN-1,2024-05-13T10:00:00+02:00,886
TRICASTIN-1,2024-05-13T11:00:00+02:00,886
TRICASTIN-1,2024-05-13T12:00:00+02:00,886
TRICASTIN-1,2024-05-13T13:00:00+02:00,886
TRICASTIN-1,2024-05-13T14:00:00+02:00,886
TRICASTIN-1,2024-05-13T15:00:00+02:00,885
TRICASTIN-1,2024-05-13T16:00:00+02:00,885
TRICASTIN-1,2024-05-13T17:00:00+02:00,886
TRICASTIN-1,2024-05-13T18:00:00+02:00,888
TRICASTIN-1,2024-05-13T19:00:00+02:00,889
TRICASTIN-1,2024-05-13T20:00:00+02:00,889
TRICASTIN-1,2024-05-13T21:00:00+02:00,889
TRICASTIN-1,2024-05-13T22:00:00+02:00,889
TRICASTIN-1,2024-05-13T23:00:00+02:00,890
TRICASTIN-2,2024-05-13T00:00:00+02:00,0
TRICASTIN-2,2024-05-13T01:00:00+02:00,0
TRICASTIN-2,2024-05-13T02:00:00+02:00,0
TRICASTIN-2,2024-05-13T03:00:00+02:00,0
TRICASTIN-2,2024-05-13T04:00:00+02:00,0
TRICASTIN-2,2024-05-13T05:00:00+02:00,0
TRICASTIN-2,2024-05-13T06:00:00+02:00,0
TRICASTIN-2,2024-05-13T07:00:00+02:00,0
TRICASTIN-2,2024-05-13T08:00:00+02:00,0
TRICASTIN-2,2024-05-13T09:00:00+02:00,0
TRICASTIN-2,2024-05-13T10:00:00+02:00,0
TRICASTIN-2,2024-05-13T11:00:00+02:00,0
TRICASTIN-2,2024-05-13T12:00:00+02:00,0
TRICASTIN-2,2024-05-13T13:00:00+02:00,0
TRICASTIN-2,2024-05-13T14:00:00+02:00,0
TRICASTIN-2,2024-05-13T15:00:00+02:00,0
TRICASTIN-2,2024-05-13T16:00:00+02:00,0
TRICASTIN-2,2024-05-13T17:00:00+02:00,0
TRICASTIN-2,2024-05-13T18:00:00+02:00,0
TRICASTIN-2,2024-05-13T19:00:00+02:00,0
TRICASTIN-2,2024-05-13T20:00:00+02:00,0
TRICASTIN-2,2024-05-13T21:00:00+02:00,0
TRICASTIN-2,2024-05-13T22:00:00+02:00,0
TRICASTIN-2,2024-05-13T23:00:00+02:00,0
BUGEY-2,2024-06-11T00:00:00+02:00,-33
BUGEY-2,2024-06-11T01:00:00+02:00,-33
BUGEY-2,2024-06-11T02:00:00+02:00,-33
BUGEY-2,2024-06-11T03:00:00+02:00,-33
BUGEY-2,2024-06-11T04:00:00+02:00,-32
BUGEY-2,2024-06-11T05:00:00+02:00,55
BUGEY-2,2024-06-11T06:00:00+02:00,131
BUGEY-2,2024-06-11T07:00:00+02:00,414
BUGEY-2,2024-06-11T08:00:00+02:00,795
BUGEY-2,2024-06-11T09:00:00+02:00,888
BUGEY-2,2024-06-11T10:00:00+02:00,892
BUGEY-2,2024-06-11T11:00:00+02:00,892
BUGEY-2,2024-06-11T12:00:00+02:00,892
BUGEY-2,2024-06-11T13:00:00+02:00,891
BUGEY-2,2024-06-11T14:00:00+02:00,891
BUGEY-2,2024-06-11T15:00:00+02:00,890
BUGEY-2,2024-06-11T16:00:00+02:00,891
BUGEY-2,2024-06-11T17:00:00+02:00,893
BUGEY-2,2024-06-11T18:00:00+02:00,893
BUGEY-2,2024-06-11T19:00:00+02:00,893
BUGEY-2,2024-06-11T20:00:00+02:00,893
BUGEY-2,2024-06-11T21:00:00+02:00,893
BUGEY-2,2024-06-11T22:00:00+02:00,893
BUGEY-2,2024-06-11T23:00:00+02:00,894
BUGEY-3,2024-06-11T00:00:00+02:00,-10
BUGEY-3,2024-06-11T01:00:00+02:00,-10
BUGEY-3,2024-06-11T02:00:00+02:00,-10
BUGEY-3,2024-06-11T03:00:00+02:00,-10
BUGEY-3,2024-06-11T04:00:00+02:00,-10
BUGEY-3,2024-06-11T05:00:00+02:00,-10
BUGEY-3,2024-06-11T06:00:00+02:00,-10
BUGEY-3,2024-06-11T07:00:00+02:00,-10
BUGEY-3,2024-06-11T08:00:00+02:00,-10
BUGEY-3,2024-06-11T09:00:00+02:00,-10
BUGEY-3,2024-06-11T10:00:00+02:00,-10
BUGEY-3,2024-06-11T11:00:00+02:00,-10
BUGEY-3,2024-06-11T12:00:00+02:00,-10
BUGEY-3,2024-06-11T13:00:00+02:00,-11
BUGEY-3,2024-06-11T14:00:00+02:00,-11
BUGEY-3,2024-06-11T15:00:00+02:00,-11
BUGEY-3,2024-06-11T16:00:00+02:00,-11
BUGEY-3,2024-06-11T17:00:00+02:00,-11
BUGEY-3,2024-06-11T18:00:00+02:00,-11
BUGEY-3,2024-06-11T19:00:00+02:00,-11
BUGEY-3,2024-06-11T20:00:00+02:00,-11
BUGEY-3,2024-06-11T21:00:00+02:00,-10
BUGEY-3,2024-06-11T22:00:00+02:00,-10
BUGEY-3,2024-06-11T23:00:00+02:00,-10
BUGEY-4,2024-06-11T00:00:00+02:00,0
BUGEY-4,2024-06-11T01:00:00+02:00,0
BUGEY-4,2024-06-11T02:00:00+02:00,0
BUGEY-4,2024-06-11T03:00:00+02:00,0
BUGEY-4,2024-06-11T04:00:00+02:00,-1
BUGEY-4,2024-06-11T05:00:00+02:00,-1
BUGEY-4,2024-06-11T06:00:00+02:00,0
BUGEY-4,2024-06-11T07:00:00+02:00,0
BUGEY-4,2024-06-11T08:00:00+02:00,0
BUGEY-4,2024-06-11T09:00:00+02:00,0
BUGEY-4,2024-06-11T10:00:00+02:00,0
BUGEY-4,2024-06-11T11:00:00+02:00,-1
BUGEY-4,2024-06-11T12:00:00+02:00,-2
BUGEY-4,2024-06-11T13:00:00+02:00,0
BUGEY-4,2024-06-11T14:00:00+02:00,-2
BUGEY-4,2024-06-11T15:00:00+02:00,-2
BUGEY-4,2024-06-11T16:00:00+02:00,-1
BUGEY-4,2024-06-11T17:00:00+02:00,-2
BUGEY-4,2024-06-11T18:00:00+02:00,-2
BUGEY-4,2024-06-11T19:00:00+02:00,-1
BUGEY-4,2024-06-11T20:00:00+02:00,-1
BUGEY-4,2024-06-11T21:00:00+02:00,-1
BUGEY-4,2024-06-11T22:00:00+02:00,0
BUGEY-4,2024-06-11T23:00:00+02:00,0
BUGEY-5,2024-06-11T00:00:00+02:00,870
BUGEY-5,2024-06-11T01:00:00+02:00,870
BUGEY-5,2024-06-11T02:00:00+02:00,872
BUGEY-5,2024-06-11T03:00:00+02:00,874
BUGEY-5,2024-06-11T04:00:00+02:00,875
BUGEY-5,2024-06-11T05:00:00+02:00,877
BUGEY-5,2024-06-11T06:00:00+02:00,878
BUGEY-5,2024-06-11T07:00:00+02:00,878
BUGEY-5,2024-06-11T08:00:00+02:00,877
BUGEY-5,2024-06-11T09:00:00+02:00,876
BUGEY-5,2024-06-11T10:00:00+02:00,874
BUGEY-5,2024-06-11T11:00:00+02:00,874
BUGEY-5,2024-06-11T12:00:00+02:00,872
BUGEY-5,2024-06-11T13:00:00+02:00,871
BUGEY-5,2024-06-11T14:00:00+02:00,872
BUGEY-5,2024-06-11T15:00:00+02:00,872
BUGEY-5,2024-06-11T16:00:00+02:00,872
BUGEY-5,2024-06-11T17:00:00+02:00,872
BUGEY-5,2024-06-11T18:00:00+02:00,873
BUGEY-5,2024-06-11T19:00:00+02:00,875
BUGEY-5,2024-06-11T20:00:00+02:00,876
BUGEY-5,2024-06-11T21:00:00+02:00,876
BUGEY-5,2024-06-11T22:00:00+02:00,877
BUGEY-5,2024-06-11T23:00:00+02:00,878
GRAVELINES-1,2024-06-11T00:00:00+02:00,893
GRAVELINES-1,2024-06-11T01:00:00+02:00,850
GRAVELINES-1,2024-06-11T02:00:00+02:00,829
GRAVELINES-1,2024-06-11T03:00:00+02:00,872
GRAVELINES-1,2024-06-11T04:00:00+02:00,883
GRAVELINES-1,2024-06-11T05:00:00+02:00,840
GRAVELINES-1,2024-06-11T06:00:00+02:00,877
GRAVELINES-1,2024-06-11T07:00:00+02:00,891
GRAVELINES-1,2024-06-11T08:00:00+02:00,890
GRAVELINES-1,2024-06-11T09:00:00+02:00,889
GRAVELINES-1,2024-06-11T10:00:00+02:00,888
GRAVELINES-1,2024-06-11T11:00:00+02:00,887
GRAVELINES-1,2024-06-11T12:00:00+02:00,886
GRAVELINES-1,2024-06-11T13:00:00+02:00,887
GRAVELINES-1,2024-06-11T14:00:00+02:00,889
GRAVELINES-1,2024-06-11T15:00:00+02:00,889
GRAVELINES-1,2024-06-11T16:00:00+02:00,890
GRAVELINES-1,2024-06-11T17:00:00+02:00,890
GRAVELINES-1,2024-06-11T18:00:00+02:00,890
GRAVELINES-1,2024-06-11T19:00:00+02:00,889
GRAVELINES-1,2024-06-11T20:00:00+02:00,888
GRAVELINES-1,2024-06-11T21:00:00+02:00,887
GRAVELINES-1,2024-06-11T22:00:00+02:00,887
GRAVELINES-1,2024-06-11T23:00:00+02:00,888
GRAVELINES-2,2024-06-11T00:00:00+02:00,897
GRAVELINES-2,2024-06-11T01:00:00+02:00,898
GRAVELINES-2,2024-06-11T02:00:00+02:00,900
GRAVELINES-2,2024-06-11T03:00:00+02:00,901
GRAVELINES-2,2024-06-11T04:00:00+02:00,901
GRAVELINES-2,2024-06-11T05:00:00+02:00,901
GRAVELINES-2,2024-06-11T06:00:00+02:00,901
GRAVELINES-2,2024-06-11T07:00:00+02:00,901
GRAVELINES-2,2024-06-11T08:00:00+02:00,901
GRAVELINES-2,2024-06-11T09:00:00+02:00,902
GRAVELINES-2,2024-06-11T10:00:00+02:00,901
GRAVELINES-2,2024-06-11T11:00:00+02:00,900
GRAVELINES-2,2024-06-11T12:00:00+02:00,900
GRAVELINES-2,2024-06-11T13:00:00+02:00,900
GRAVELINES-2,2024-06-11T14:00:00+02:00,902
GRAVELINES-2,2024-06-11T15:00:00+02:00,902
GRAVELINES-2,2024-06-11T16:00:00+02:00,902
GRAVELINES-2,2024-06-11T17:00:00+02:00,903
GRAVELINES-2,2024-06-11T18:00:00+02:00,903
GRAVELINES-2,2024-06-11T19:00:00+02:00,903
GRAVELINES-2,2024-06-11T20:00:00+02:00,902
GRAVELINES-2,2024-06-11T21:00:00+02:00,901
GRAVELINES-2,2024-06-11T22:00:00+02:00,900
GRAVELINES-2,2024-06-11T23:00:00+02:00,900
GRAVELINES-3,2024-06-11T00:00:00+02:00,829
GRAVELINES-3,2024-06-11T01:00:00+02:00,828
GRAVELINES-3,2024-06-11T02:00:00+02:00,837
GRAVELINES-3,2024-06-11T03:00:00+02:00,839
GRAVELINES-3,2024-06-11T04:00:00+02:00,821
GRAVELINES-3,2024-06-11T05:00:00+02:00,839
GRAVELINES-3,2024-06-11T06:00:00+02:00,853
GRAVELINES-3,2024-06-11T07:00:00+02:00,869
GRAVELINES-3,2024-06-11T08:00:00+02:00,900
GRAVELINES-3,2024-06-11T09:00:00+02:00,901
GRAVELINES-3,2024-06-11T10:00:00+02:00,901
GRAVELINES-3,2024-06-11T11:00:00+02:00,900
GRAVELINES-3,2024-06-11T12:00:00+02:00,898
GRAVELINES-3,2024-06-11T13:00:00+02:00,761
GRAVELINES-3,2024-06-11T14:00:00+02:00,458
GRAVELINES-3,2024-06-11T15:00:00+02:00,347
GRAVELINES-3,2024-06-11T16:00:00+02:00,348
GRAVELINES-3,2024-06-11T17:00:00+02:00,346
GRAVELINES-3,2024-06-11T18:00:00+02:00,346
GRAVELINES-3,2024-06-11T19:00:00+02:00,406
GRAVELINES-3,2024-06-11T20:00:00+02:00,777
GRAVELINES-3,2024-06-11T21:00:00+02:00,832
GRAVELINES-3,2024-06-11T22:00:00+02:00,834
GRAVELINES-3,2024-06-11T23:00:00+02:00,833
DAMPIERRE-1,2024-06-11T00:00:00+02:00,-14
DAMPIERRE-1,2024-06-11T01:00:00+02:00,-14
DAMPIERRE-1,2024-06-11T02:00:00+02:00,-14
DAMPIERRE-1,2024-06-11T03:00:00+02:00,-14
DAMPIERRE-1,2024-06-11T04:00:00+02:00,-14
DAMPIERRE-1,2024-06-11T05:00:00+02:00,-14
DAMPIERRE-1,2024-06-11T06:00:00+02:00,-13
DAMPIERRE-1,2024-06-11T07:00:00+02:00,-9
DAMPIERRE-1,2024-06-11T08:00:00+02:00,-9
DAMPIERRE-1,2024-06-11T09:00:00+02:00,-9
DAMPIERRE-1,2024-06-11T10:00:00+02:00,-9
DAMPIERRE-1,2024-06-11T11:00:00+02:00,-14
DAMPIERRE-1,2024-06-11T12:00:00+02:00,-9
DAMPIERRE-1,2024-06-11T13:00:00+02:00,-9
DAMPIERRE-1,2024-06-11T14:00:00+02:00,-9
DAMPIERRE-1,2024-06-11T15:00:00+02:00,-8
DAMPIERRE-1,2024-06-11T16:00:00+02:00,-9
DAMPIERRE-1,2024-06-11T17:00:00+02:00,-11
DAMPIERRE-1,2024-06-11T18:00:00+02:00,-13
DAMPIERRE-1,2024-06-11T19:00:00+02:00,-13
DAMPIERRE-1,2024-06-11T20:00:00+02:00,-13
DAMPIERRE-1,2024-06-11T21:00:00+02:00,-13
DAMPIERRE-1,2024-06-11T22:00:00+02:00,-13
DAMPIERRE-1,2024-06-11T23:00:00+02:00,-13
DAMPIERRE-2,2024-06-11T00:00:00+02:00,894
DAMPIERRE-2,2024-06-11T01:00:00+02:00,895
DAMPIERRE-2,2024-06-11T02:00:00+02:00,895
DAMPIERRE-2,2024-06-11T03:00:00+02:00,895
DAMPIERRE-2,2024-06-11T04:00:00+02:00,895
DAMPIERRE-2,2024-06-11T05:00:00+02:00,897
DAMPIERRE-2,2024-06-11T06:00:00+02:00,898
DAMPIERRE-2,2024-06-11T07:00:00+02:00,899
DAMPIERRE-2,2024-06-11T08:00:00+02:00,897
DAMPIERRE-2,2024-06-11T09:00:00+02:00,895
DAMPIERRE-2,2024-06-11T10:00:00+02:00,890
DAMPIERRE-2,2024-06-11T11:00:00+02:00,895
DAMPIERRE-2,2024-06-11T12:00:00+02:00,894
DAMPIERRE-2,2024-06-11T13:00:00+02:00,893
DAMPIERRE-2,2024-06-11T14:00:00+02:00,892
DAMPIERRE-2,2024-06-11T15:00:00+02:00,891
DAMPIERRE-2,2024-06-11T16:00:00+02:00,891
DAMPIERRE-2,2024-06-11T17:00:00+02:00,891
DAMPIERRE-2,2024-06-11T18:00:00+02:00,891
DAMPIERRE-2,2024-06-11T19:00:00+02:00,891
DAMPIERRE-2,2024-06-11T20:00:00+02:00,892
DAMPIERRE-2,2024-06-11T21:00:00+02:00,893
DAMPIERRE-2,2024-06-11T22:00:00+02:00,894
DAMPIERRE-2,2024-06-11T23:00:00+02:00,895
TRICASTIN-1,2024-06-11T00:00:00+02:00,885
TRICASTIN-1,2024-06-11T01:00:00+02:00,885
TRICASTIN-1,2024-06-11T02:00:00+02:00,885
TRICASTIN-1,2024-06-11T03:00:00+02:00,886
TRICASTIN-1,2024-06-11T04:00:00+02:00,887
TRICASTIN-1,2024-06-11T05:00:00+02:00,887
TRICASTIN-1,2024-06-11T06:00:00+02:00,887
TRICASTIN-1,2024-06-11T07:00:00+02:00,888
TRICASTIN-1,2024-06-11T08:00:00+02:00,888
TRICASTIN-1,2024-06-11T09:00:00+02:00,888
TRICASTIN-1,2024-06-11T10:00:00+02:00,887
TRICASTIN-1,2024-06-11T11:00:00+02:00,887
TRICASTIN-1,2024-06-11T12:00:00+02:00,886
TRICASTIN-1,2024-06-11T13:00:00+02:00,886
TRICASTIN-1,2024-06-11T14:00:00+02:00,886
TRICASTIN-1,2024-06-11T15:00:00+02:00,887
TRICASTIN-1,2024-06-11T16:00:00+02:00,885
TRICASTIN-1,2024-06-11T17:00:00+02:00,885
TRICASTIN-1,2024-06-11T18:00:00+02:00,885
TRICASTIN-1,2024-06-11T19:00:00+02:00,885
TRICASTIN-1,2024-06-11T20:00:00+02:00,886
TRICASTIN-1,2024-06-11T21:00:00+02:00,886
TRICASTIN-1,2024-06-11T22:00:00+02:00,887
TRICASTIN-1,2024-06-11T23:00:00+02:00,886
TRICASTIN-2,2024-06-11T00:00:00+02:00,-23
TRICASTIN-2,2024-06-11T01:00:00+02:00,-23
TRICASTIN-2,2024-06-11T02:00:00+02:00,-23
TRICASTIN-2,2024-06-11T03:00:00+02:00,-22
TRICASTIN-2,2024-06-11T04:00:00+02:00,-22
TRICASTIN-2,2024-06-11T05:00:00+02:00,-24
TRICASTIN-2,2024-06-11T06:00:00+02:00,-24
TRICASTIN-2,2024-06-11T07:00:00+02:00,-24
TRICASTIN-2,2024-06-11T08:00:00+02:00,-24
TRICASTIN-2,2024-06-11T09:00:00+02:00,-24
TRICASTIN-2,2024-06-11T10:00:00+02:00,-24
TRICASTIN-2,2024-06-11T11:00:00+02:00,-25
TRICASTIN-2,2024-06-11T12:00:00+02:00,-25
TRICASTIN-2,2024-06-11T13:00:00+02:00,-24
TRICASTIN-2,2024-06-11T14:00:00+02:00,-24
TRICASTIN-2,2024-06-11T15:00:00+02:00,-24
TRICASTIN-2,2024-06-11T16:00:00+02:00,-26
TRICASTIN-2,2024-06-11T17:00:00+02:00,-26
TRICASTIN-2,2024-06-11T18:00:00+02:00,-26
TRICASTIN-2,2024-06-11T19:00:00+02:00,-26
TRICASTIN-2,2024-06-11T20:00:00+02:00,-26
TRICASTIN-2,2024-06-11T21:00:00+02:00,-26
TRICASTIN-2,2024-06-11T22:00:00+02:00,-26
TRICASTIN-2,2024-06-11T23:00:00+02:00,-26
BUGEY-2,2024-07-10T00:00:00+02:00,885
BUGEY-2,2024-07-10T01:00:00+02:00,885
BUGEY-2,2024-07-10T02:00:00+02:00,889
BUGEY-2,2024-07-10T03:00:00+02:00,890
BUGEY-2,2024-07-10T04:00:00+02:00,890
BUGEY-2,2024-07-10T05:00:00+02:00,890
BUGEY-2,2024-07-10T06:00:00+02:00,891
BUGEY-2,2024-07-10T07:00:00+02:00,891
BUGEY-2,2024-07-10T08:00:00+02:00,891
BUGEY-2,2024-07-10T09:00:00+02:00,891
BUGEY-2,2024-07-10T10:00:00+02:00,891
BUGEY-2,2024-07-10T11:00:00+02:00,890
BUGEY-2,2024-07-10T12:00:00+02:00,889
BUGEY-2,2024-07-10T13:00:00+02:00,889
BUGEY-2,2024-07-10T14:00:00+02:00,888
BUGEY-2,2024-07-10T15:00:00+02:00,887
BUGEY-2,2024-07-10T16:00:00+02:00,886
BUGEY-2,2024-07-10T17:00:00+02:00,885
BUGEY-2,2024-07-10T18:00:00+02:00,885
BUGEY-2,2024-07-10T19:00:00+02:00,885
BUGEY-2,2024-07-10T20:00:00+02:00,884
BUGEY-2,2024-07-10T21:00:00+02:00,884
BUGEY-2,2024-07-10T22:00:00+02:00,884
BUGEY-2,2024-07-10T23:00:00+02:00,885
BUGEY-3,2024-07-10T00:00:00+02:00,-10
BUGEY-3,2024-07-10T01:00:00+02:00,-10
BUGEY-3,2024-07-10T02:00:00+02:00,-10
BUGEY-3,2024-07-10T03:00:00+02:00,-9
BUGEY-3,2024-07-10T04:00:00+02:00,-9
BUGEY-3,2024-07-10T05:00:00+02:00,-9
BUGEY-3,2024-07-10T06:00:00+02:00,-9
BUGEY-3,2024-07-10T07:00:00+02:00,-9
BUGEY-3,2024-07-10T08:00:00+02:00,-9
BUGEY-3,2024-07-10T09:00:00+02:00,-9
BUGEY-3,2024-07-10T10:00:00+02:00,-11
BUGEY-3,2024-07-10T11:00:00+02:00,-11
BUGEY-3,2024-07-10T12:00:00+02:00,-11
BUGEY-3,2024-07-10T13:00:00+02:00,-12
BUGEY-3,2024-07-10T14:00:00+02:00,-12
BUGEY-3,2024-07-10T15:00:00+02:00,-11
BUGEY-3,2024-07-10T16:00:00+02:00,-11
BUGEY-3,2024-07-10T17:00:00+02:00,-11
BUGEY-3,2024-07-10T18:00:00+02:00,-10
BUGEY-3,2024-07-10T19:00:00+02:00,-11
BUGEY-3,2024-07-10T20:00:00+02:00,-11
BUGEY-3,2024-07-10T21:00:00+02:00,-11
BUGEY-3,2024-07-10T22:00:00+02:00,-11
BUGEY-3,2024-07-10T23:00:00+02:00,-11
BUGEY-4,2024-07-10T00:00:00+02:00,-37
BUGEY-4,2024-07-10T01:00:00+02:00,-37
BUGEY-4,2024-07-10T02:00:00+02:00,-37
BUGEY-4,2024-07-10T03:00:00+02:00,-37
BUGEY-4,2024-07-10T04:00:00+02:00,-37
BUGEY-4,2024-07-10T05:00:00+02:00,-37
BUGEY-4,2024-07-10T06:00:00+02:00,-37
BUGEY-4,2024-07-10T07:00:00+02:00,-37
BUGEY-4,2024-07-10T08:00:00+02:00,-37
BUGEY-4,2024-07-10T09:00:00+02:00,-37
BUGEY-4,2024-07-10T10:00:00+02:00,-37
BUGEY-4,2024-07-10T11:00:00+02:00,-37
BUGEY-4,2024-07-10T12:00:00+02:00,-37
BUGEY-4,2024-07-10T13:00:00+02:00,-37
BUGEY-4,2024-07-10T14:00:00+02:00,-37
BUGEY-4,2024-07-10T15:00:00+02:00,-37
BUGEY-4,2024-07-10T16:00:00+02:00,-37
BUGEY-4,2024-07-10T17:00:00+02:00,-37
BUGEY-4,2024-07-10T18:00:00+02:00,-37
BUGEY-4,2024-07-10T19:00:00+02:00,-37
BUGEY-4,2024-07-10T20:00:00+02:00,-37
BUGEY-4,2024-07-10T21:00:00+02:00,-37
BUGEY-4,2024-07-10T22:00:00+02:00,-37
BUGEY-4,2024-07-10T23:00:00+02:00,-37
BUGEY-5,2024-07-10T00:00:00+02:00,852
BUGEY-5,2024-07-10T01:00:00+02:00,852
BUGEY-5,2024-07-10T02:00:00+02:00,851
BUGEY-5,2024-07-10T03:00:00+02:00,853
BUGEY-5,2024-07-10T04:00:00+02:00,854
BUGEY-5,2024-07-10T05:00:00+02:00,854
BUGEY-5,2024-07-10T06:00:00+02:00,855
BUGEY-5,2024-07-10T07:00:00+02:00,856
BUGEY-5,2024-07-10T08:00:00+02:00,856
BUGEY-5,2024-07-10T09:00:00+02:00,856
BUGEY-5,2024-07-10T10:00:00+02:00,854
BUGEY-5,2024-07-10T11:00:00+02:00,852
BUGEY-5,2024-07-10T12:00:00+02:00,849
BUGEY-5,2024-07-10T13:00:00+02:00,848
BUGEY-5,2024-07-10T14:00:00+02:00,848
BUGEY-5,2024-07-10T15:00:00+02:00,848
BUGEY-5,2024-07-10T16:00:00+02:00,847
BUGEY-5,2024-07-10T17:00:00+02:00,847
BUGEY-5,2024-07-10T18:00:00+02:00,849
BUGEY-5,2024-07-10T19:00:00+02:00,850
BUGEY-5,2024-07-10T20:00:00+02:00,850
BUGEY-5,2024-07-10T21:00:00+02:00,851
BUGEY-5,2024-07-10T22:00:00+02:00,851
BUGEY-5,2024-07-10T23:00:00+02:00,851
GRAVELINES-1,2024-07-10T00:00:00+02:00,881
GRAVELINES-1,2024-07-10T01:00:00+02:00,883
GRAVELINES-1,2024-07-10T02:00:00+02:00,887
GRAVELINES-1,2024-07-10T03:00:00+02:00,888
GRAVELINES-1,2024-07-10T04:00:00+02:00,888
GRAVELINES-1,2024-07-10T05:00:00+02:00,888
GRAVELINES-1,2024-07-10T06:00:00+02:00,888
GRAVELINES-1,2024-07-10T07:00:00+02:00,886
GRAVELINES-1,2024-07-10T08:00:00+02:00,885
GRAVELINES-1,2024-07-10T09:00:00+02:00,883
GRAVELINES-1,2024-07-10T10:00:00+02:00,881
GRAVELINES-1,2024-07-10T11:00:00+02:00,881
GRAVELINES-1,2024-07-10T12:00:00+02:00,880
GRAVELINES-1,2024-07-10T13:00:00+02:00,806
GRAVELINES-1,2024-07-10T14:00:00+02:00,856
GRAVELINES-1,2024-07-10T15:00:00+02:00,855
GRAVELINES-1,2024-07-10T16:00:00+02:00,836
GRAVELINES-1,2024-07-10T17:00:00+02:00,880
GRAVELINES-1,2024-07-10T18:00:00+02:00,885
GRAVELINES-1,2024-07-10T19:00:00+02:00,885
GRAVELINES-1,2024-07-10T20:00:00+02:00,883
GRAVELINES-1,2024-07-10T21:00:00+02:00,882
GRAVELINES-1,2024-07-10T22:00:00+02:00,880
GRAVELINES-1,2024-07-10T23:00:00+02:00,880
GRAVELINES-2,2024-07-10T00:00:00+02:00,894
GRAVELINES-2,2024-07-10T01:00:00+02:00,896
GRAVELINES-2,2024-07-10T02:00:00+02:00,899
GRAVELINES-2,2024-07-10T03:00:00+02:00,900
GRAVELINES-2,2024-07-10T04:00:00+02:00,900
GRAVELINES-2,2024-07-10T05:00:00+02:00,900
GRAVELINES-2,2024-07-10T06:00:00+02:00,900
GRAVELINES-2,2024-07-10T07:00:00+02:00,899
GRAVELINES-2,2024-07-10T08:00:00+02:00,897
GRAVELINES-2,2024-07-10T09:00:00+02:00,896
GRAVELINES-2,2024-07-10T10:00:00+02:00,894
GRAVELINES-2,2024-07-10T11:00:00+02:00,894
GRAVELINES-2,2024-07-10T12:00:00+02:00,895
GRAVELINES-2,2024-07-10T13:00:00+02:00,896
GRAVELINES-2,2024-07-10T14:00:00+02:00,898
GRAVELINES-2,2024-07-10T15:00:00+02:00,899
GRAVELINES-2,2024-07-10T16:00:00+02:00,899
GRAVELINES-2,2024-07-10T17:00:00+02:00,899
GRAVELINES-2,2024-07-10T18:00:00+02:00,899
GRAVELINES-2,2024-07-10T19:00:00+02:00,898
GRAVELINES-2,2024-07-10T20:00:00+02:00,896
GRAVELINES-2,2024-07-10T21:00:00+02:00,895
GRAVELINES-2,2024-07-10T22:00:00+02:00,894
GRAVELINES-2,2024-07-10T23:00:00+02:00,893
GRAVELINES-3,2024-07-10T00:00:00+02:00,888
GRAVELINES-3,2024-07-10T01:00:00+02:00,890
GRAVELINES-3,2024-07-10T02:00:00+02:00,893
GRAVELINES-3,2024-07-10T03:00:00+02:00,894
GRAVELINES-3,2024-07-10T04:00:00+02:00,894
GRAVELINES-3,2024-07-10T05:00:00+02:00,894
GRAVELINES-3,2024-07-10T06:00:00+02:00,894
GRAVELINES-3,2024-07-10T07:00:00+02:00,893
GRAVELINES-3,2024-07-10T08:00:00+02:00,891
GRAVELINES-3,2024-07-10T09:00:00+02:00,890
GRAVELINES-3,2024-07-10T10:00:00+02:00,888
GRAVELINES-3,2024-07-10T11:00:00+02:00,888
GRAVELINES-3,2024-07-10T12:00:00+02:00,889
GRAVELINES-3,2024-07-10T13:00:00+02:00,890
GRAVELINES-3,2024-07-10T14:00:00+02:00,892
GRAVELINES-3,2024-07-10T15:00:00+02:00,893
GRAVELINES-3,2024-07-10T16:00:00+02:00,892
GRAVELINES-3,2024-07-10T17:00:00+02:00,892
GRAVELINES-3,2024-07-10T18:00:00+02:00,893
GRAVELINES-3,2024-07-10T19:00:00+02:00,892
GRAVELINES-3,2024-07-10T20:00:00+02:00,890
GRAVELINES-3,2024-07-10T21:00:00+02:00,889
GRAVELINES-3,2024-07-10T22:00:00+02:00,888
GRAVELINES-3,2024-07-10T23:00:00+02:00,887
DAMPIERRE-1,2024-07-10T00:00:00+02:00,849
DAMPIERRE-1,2024-07-10T01:00:00+02:00,850
DAMPIERRE-1,2024-07-10T02:00:00+02:00,845
DAMPIERRE-1,2024-07-10T03:00:00+02:00,847
DAMPIERRE-1,2024-07-10T04:00:00+02:00,847
DAMPIERRE-1,2024-07-10T05:00:00+02:00,848
DAMPIERRE-1,2024-07-10T06:00:00+02:00,849
DAMPIERRE-1,2024-07-10T07:00:00+02:00,850
DAMPIERRE-1,2024-07-10T08:00:00+02:00,850
DAMPIERRE-1,2024-07-10T09:00:00+02:00,850
DAMPIERRE-1,2024-07-10T10:00:00+02:00,850
DAMPIERRE-1,2024-07-10T11:00:00+02:00,849
DAMPIERRE-1,2024-07-10T12:00:00+02:00,846
DAMPIERRE-1,2024-07-10T13:00:00+02:00,845
DAMPIERRE-1,2024-07-10T14:00:00+02:00,844
DAMPIERRE-1,2024-07-10T15:00:00+02:00,843
DAMPIERRE-1,2024-07-10T16:00:00+02:00,841
DAMPIERRE-1,2024-07-10T17:00:00+02:00,841
DAMPIERRE-1,2024-07-10T18:00:00+02:00,841
DAMPIERRE-1,2024-07-10T19:00:00+02:00,842
DAMPIERRE-1,2024-07-10T20:00:00+02:00,842
DAMPIERRE-1,2024-07-10T21:00:00+02:00,843
DAMPIERRE-1,2024-07-10T22:00:00+02:00,845
DAMPIERRE-1,2024-07-10T23:00:00+02:00,847
DAMPIERRE-2,2024-07-10T00:00:00+02:00,902
DAMPIERRE-2,2024-07-10T01:00:00+02:00,903
DAMPIERRE-2,2024-07-10T02:00:00+02:00,898
DAMPIERRE-2,2024-07-10T03:00:00+02:00,900
DAMPIERRE-2,2024-07-10T04:00:00+02:00,900
DAMPIERRE-2,2024-07-10T05:00:00+02:00,901
DAMPIERRE-2,2024-07-10T06:00:00+02:00,901
DAMPIERRE-2,2024-07-10T07:00:00+02:00,902
DAMPIERRE-2,2024-07-10T08:00:00+02:00,903
DAMPIERRE-2,2024-07-10T09:00:00+02:00,904
DAMPIERRE-2,2024-07-10T10:00:00+02:00,904
DAMPIERRE-2,2024-07-10T11:00:00+02:00,903
DAMPIERRE-2,2024-07-10T12:00:00+02:00,904
DAMPIERRE-2,2024-07-10T13:00:00+02:00,902
DAMPIERRE-2,2024-07-10T14:00:00+02:00,901
DAMPIERRE-2,2024-07-10T15:00:00+02:00,899
DAMPIERRE-2,2024-07-10T16:00:00+02:00,898
DAMPIERRE-2,2024-07-10T17:00:00+02:00,898
DAMPIERRE-2,2024-07-10T18:00:00+02:00,897
DAMPIERRE-2,2024-07-10T19:00:00+02:00,897
DAMPIERRE-2,2024-07-10T20:00:00+02:00,896
DAMPIERRE-2,2024-07-10T21:00:00+02:00,896
DAMPIERRE-2,2024-07-10T22:00:00+02:00,899
DAMPIERRE-2,2024-07-10T23:00:00+02:00,900
TRICASTIN-1,2024-07-10T00:00:00+02:00,808
TRICASTIN-1,2024-07-10T01:00:00+02:00,808
TRICASTIN-1,2024-07-10T02:00:00+02:00,810
TRICASTIN-1,2024-07-10T03:00:00+02:00,810
TRICASTIN-1,2024-07-10T04:00:00+02:00,811
TRICASTIN-1,2024-07-10T05:00:00+02:00,811
TRICASTIN-1,2024-07-10T06:00:00+02:00,811
TRICASTIN-1,2024-07-10T07:00:00+02:00,811
TRICASTIN-1,2024-07-10T08:00:00+02:00,811
TRICASTIN-1,2024-07-10T09:00:00+02:00,810
TRICASTIN-1,2024-07-10T10:00:00+02:00,810
TRICASTIN-1,2024-07-10T11:00:00+02:00,809
TRICASTIN-1,2024-07-10T12:00:00+02:00,809
TRICASTIN-1,2024-07-10T13:00:00+02:00,809
TRICASTIN-1,2024-07-10T14:00:00+02:00,808
TRICASTIN-1,2024-07-10T15:00:00+02:00,808
TRICASTIN-1,2024-07-10T16:00:00+02:00,808
TRICASTIN-1,2024-07-10T17:00:00+02:00,807
TRICASTIN-1,2024-07-10T18:00:00+02:00,807
TRICASTIN-1,2024-07-10T19:00:00+02:00,807
TRICASTIN-1,2024-07-10T20:00:00+02:00,807
TRICASTIN-1,2024-07-10T21:00:00+02:00,807
TRICASTIN-1,2024-07-10T22:00:00+02:00,807
TRICASTIN-1,2024-07-10T23:00:00+02:00,807
TRICASTIN-2,2024-07-10T00:00:00+02:00,900
TRICASTIN-2,2024-07-10T01:00:00+02:00,919
TRICASTIN-2,2024-07-10T02:00:00+02:00,886
TRICASTIN-2,2024-07-10T03:00:00+02:00,886
TRICASTIN-2,2024-07-10T04:00:00+02:00,886
TRICASTIN-2,2024-07-10T05:00:00+02:00,886
TRICASTIN-2,2024-07-10T06:00:00+02:00,886
TRICASTIN-2,2024-07-10T07:00:00+02:00,886
TRICASTIN-2,2024-07-10T08:00:00+02:00,886
TRICASTIN-2,2024-07-10T09:00:00+02:00,886
TRICASTIN-2,2024-07-10T10:00:00+02:00,886
TRICASTIN-2,2024-07-10T11:00:00+02:00,885
TRICASTIN-2,2024-07-10T12:00:00+02:00,885
TRICASTIN-2,2024-07-10T13:00:00+02:00,885
TRICASTIN-2,2024-07-10T14:00:00+02:00,885
TRICASTIN-2,2024-07-10T15:00:00+02:00,884
TRICASTIN-2,2024-07-10T16:00:00+02:00,884
TRICASTIN-2,2024-07-10T17:00:00+02:00,884
TRICASTIN-2,2024-07-10T18:00:00+02:00,884
TRICASTIN-2,2024-07-10T19:00:00+02:00,883
TRICASTIN-2,2024-07-10T20:00:00+02:00,883
TRICASTIN-2,2024-07-10T21:00:00+02:00,883
TRICASTIN-2,2024-07-10T22:00:00+02:00,883
TRICASTIN-2,2024-07-10T23:00:00+02:00,883
BUGEY-2,2024-08-20T00:00:00+02:00,857
BUGEY-2,2024-08-20T01:00:00+02:00,857
BUGEY-2,2024-08-20T02:00:00+02:00,858
BUGEY-2,2024-08-20T03:00:00+02:00,859
BUGEY-2,2024-08-20T04:00:00+02:00,860
BUGEY-2,2024-08-20T05:00:00+02:00,861
BUGEY-2,2024-08-20T06:00:00+02:00,862
BUGEY-2,2024-08-20T07:00:00+02:00,863
BUGEY-2,2024-08-20T08:00:00+02:00,864
BUGEY-2,2024-08-20T09:00:00+02:00,864
BUGEY-2,2024-08-20T10:00:00+02:00,863
BUGEY-2,2024-08-20T11:00:00+02:00,863
BUGEY-2,2024-08-20T12:00:00+02:00,862
BUGEY-2,2024-08-20T13:00:00+02:00,862
BUGEY-2,2024-08-20T14:00:00+02:00,861
BUGEY-2,2024-08-20T15:00:00+02:00,860
BUGEY-2,2024-08-20T16:00:00+02:00,859
BUGEY-2,2024-08-20T17:00:00+02:00,857
BUGEY-2,2024-08-20T18:00:00+02:00,856
BUGEY-2,2024-08-20T19:00:00+02:00,856
BUGEY-2,2024-08-20T20:00:00+02:00,855
BUGEY-2,2024-08-20T21:00:00+02:00,856
BUGEY-2,2024-08-20T22:00:00+02:00,857
BUGEY-2,2024-08-20T23:00:00+02:00,857
BUGEY-3,2024-08-20T00:00:00+02:00,-18
BUGEY-3,2024-08-20T01:00:00+02:00,-18
BUGEY-3,2024-08-20T02:00:00+02:00,-18
BUGEY-3,2024-08-20T03:00:00+02:00,-18
BUGEY-3,2024-08-20T04:00:00+02:00,-18
BUGEY-3,2024-08-20T05:00:00+02:00,-18
BUGEY-3,2024-08-20T06:00:00+02:00,-18
BUGEY-3,2024-08-20T07:00:00+02:00,-18
BUGEY-3,2024-08-20T08:00:00+02:00,-18
BUGEY-3,2024-08-20T09:00:00+02:00,-18
BUGEY-3,2024-08-20T10:00:00+02:00,-18
BUGEY-3,2024-08-20T11:00:00+02:00,-18
BUGEY-3,2024-08-20T12:00:00+02:00,-19
BUGEY-3,2024-08-20T13:00:00+02:00,-19
BUGEY-3,2024-08-20T14:00:00+02:00,-19
BUGEY-3,2024-08-20T15:00:00+02:00,-20
BUGEY-3,2024-08-20T16:00:00+02:00,-19
BUGEY-3,2024-08-20T17:00:00+02:00,-19
BUGEY-3,2024-08-20T18:00:00+02:00,-19
BUGEY-3,2024-08-20T19:00:00+02:00,-19
BUGEY-3,2024-08-20T20:00:00+02:00,-19
BUGEY-3,2024-08-20T21:00:00+02:00,-19
BUGEY-3,2024-08-20T22:00:00+02:00,-19
BUGEY-3,2024-08-20T23:00:00+02:00,-18
BUGEY-4,2024-08-20T00:00:00+02:00,803
BUGEY-4,2024-08-20T01:00:00+02:00,714
BUGEY-4,2024-08-20T02:00:00+02:00,713
BUGEY-4,2024-08-20T03:00:00+02:00,717
BUGEY-4,2024-08-20T04:00:00+02:00,796
BUGEY-4,2024-08-20T05:00:00+02:00,856
BUGEY-4,2024-08-20T06:00:00+02:00,862
BUGEY-4,2024-08-20T07:00:00+02:00,862
BUGEY-4,2024-08-20T08:00:00+02:00,861
BUGEY-4,2024-08-20T09:00:00+02:00,860
BUGEY-4,2024-08-20T10:00:00+02:00,856
BUGEY-4,2024-08-20T11:00:00+02:00,855
BUGEY-4,2024-08-20T12:00:00+02:00,852
BUGEY-4,2024-08-20T13:00:00+02:00,850
BUGEY-4,2024-08-20T14:00:00+02:00,848
BUGEY-4,2024-08-20T15:00:00+02:00,847
BUGEY-4,2024-08-20T16:00:00+02:00,846
BUGEY-4,2024-08-20T17:00:00+02:00,844
BUGEY-4,2024-08-20T18:00:00+02:00,843
BUGEY-4,2024-08-20T19:00:00+02:00,842
BUGEY-4,2024-08-20T20:00:00+02:00,842
BUGEY-4,2024-08-20T21:00:00+02:00,841
BUGEY-4,2024-08-20T22:00:00+02:00,841
BUGEY-4,2024-08-20T23:00:00+02:00,843
BUGEY-5,2024-08-20T00:00:00+02:00,0
BUGEY-5,2024-08-20T01:00:00+02:00,0
BUGEY-5,2024-08-20T02:00:00+02:00,0
BUGEY-5,2024-08-20T03:00:00+02:00,0
BUGEY-5,2024-08-20T04:00:00+02:00,0
BUGEY-5,2024-08-20T05:00:00+02:00,0
BUGEY-5,2024-08-20T06:00:00+02:00,0
BUGEY-5,2024-08-20T07:00:00+02:00,0
BUGEY-5,2024-08-20T08:00:00+02:00,0
BUGEY-5,2024-08-20T09:00:00+02:00,0
BUGEY-5,2024-08-20T10:00:00+02:00,0
BUGEY-5,2024-08-20T11:00:00+02:00,0
BUGEY-5,2024-08-20T12:00:00+02:00,0
BUGEY-5,2024-08-20T13:00:00+02:00,0
BUGEY-5,2024-08-20T14:00:00+02:00,0
BUGEY-5,2024-08-20T15:00:00+02:00,0
BUGEY-5,2024-08-20T16:00:00+02:00,0
BUGEY-5,2024-08-20T17:00:00+02:00,0
BUGEY-5,2024-08-20T18:00:00+02:00,0
BUGEY-5,2024-08-20T19:00:00+02:00,0
BUGEY-5,2024-08-20T20:00:00+02:00,0
BUGEY-5,2024-08-20T21:00:00+02:00,0
BUGEY-5,2024-08-20T22:00:00+02:00,0
BUGEY-5,2024-08-20T23:00:00+02:00,0
GRAVELINES-1,2024-08-20T00:00:00+02:00,-7
GRAVELINES-1,2024-08-20T01:00:00+02:00,-6
GRAVELINES-1,2024-08-20T02:00:00+02:00,-5
GRAVELINES-1,2024-08-20T03:00:00+02:00,-5
GRAVELINES-1,2024-08-20T04:00:00+02:00,-5
GRAVELINES-1,2024-08-20T05:00:00+02:00,-5
GRAVELINES-1,2024-08-20T06:00:00+02:00,-5
GRAVELINES-1,2024-08-20T07:00:00+02:00,-5
GRAVELINES-1,2024-08-20T08:00:00+02:00,-5
GRAVELINES-1,2024-08-20T09:00:00+02:00,-5
GRAVELINES-1,2024-08-20T10:00:00+02:00,-5
GRAVELINES-1,2024-08-20T11:00:00+02:00,-5
GRAVELINES-1,2024-08-20T12:00:00+02:00,-5
GRAVELINES-1,2024-08-20T13:00:00+02:00,-5
GRAVELINES-1,2024-08-20T14:00:00+02:00,-5
GRAVELINES-1,2024-08-20T15:00:00+02:00,-5
GRAVELINES-1,2024-08-20T16:00:00+02:00,-5
GRAVELINES-1,2024-08-20T17:00:00+02:00,-5
GRAVELINES-1,2024-08-20T18:00:00+02:00,-5
GRAVELINES-1,2024-08-20T19:00:00+02:00,-5
GRAVELINES-1,2024-08-20T20:00:00+02:00,-5
GRAVELINES-1,2024-08-20T21:00:00+02:00,-5
GRAVELINES-1,2024-08-20T22:00:00+02:00,-5
GRAVELINES-1,2024-08-20T23:00:00+02:00,-5
GRAVELINES-2,2024-08-20T00:00:00+02:00,886
GRAVELINES-2,2024-08-20T01:00:00+02:00,885
GRAVELINES-2,2024-08-20T02:00:00+02:00,886
GRAVELINES-2,2024-08-20T03:00:00+02:00,886
GRAVELINES-2,2024-08-20T04:00:00+02:00,885
GRAVELINES-2,2024-08-20T05:00:00+02:00,883
GRAVELINES-2,2024-08-20T06:00:00+02:00,882
GRAVELINES-2,2024-08-20T07:00:00+02:00,880
GRAVELINES-2,2024-08-20T08:00:00+02:00,879
GRAVELINES-2,2024-08-20T09:00:00+02:00,880
GRAVELINES-2,2024-08-20T10:00:00+02:00,881
GRAVELINES-2,2024-08-20T11:00:00+02:00,883
GRAVELINES-2,2024-08-20T12:00:00+02:00,885
GRAVELINES-2,2024-08-20T13:00:00+02:00,885
GRAVELINES-2,2024-08-20T14:00:00+02:00,885
GRAVELINES-2,2024-08-20T15:00:00+02:00,885
GRAVELINES-2,2024-08-20T16:00:00+02:00,885
GRAVELINES-2,2024-08-20T17:00:00+02:00,883
GRAVELINES-2,2024-08-20T18:00:00+02:00,882
GRAVELINES-2,2024-08-20T19:00:00+02:00,880
GRAVELINES-2,2024-08-20T20:00:00+02:00,879
GRAVELINES-2,2024-08-20T21:00:00+02:00,879
GRAVELINES-2,2024-08-20T22:00:00+02:00,880
GRAVELINES-2,2024-08-20T23:00:00+02:00,883
GRAVELINES-3,2024-08-20T00:00:00+02:00,883
GRAVELINES-3,2024-08-20T01:00:00+02:00,883
GRAVELINES-3,2024-08-20T02:00:00+02:00,883
GRAVELINES-3,2024-08-20T03:00:00+02:00,884
GRAVELINES-3,2024-08-20T04:00:00+02:00,883
GRAVELINES-3,2024-08-20T05:00:00+02:00,882
GRAVELINES-3,2024-08-20T06:00:00+02:00,880
GRAVELINES-3,2024-08-20T07:00:00+02:00,879
GRAVELINES-3,2024-08-20T08:00:00+02:00,877
GRAVELINES-3,2024-08-20T09:00:00+02:00,877
GRAVELINES-3,2024-08-20T10:00:00+02:00,878
GRAVELINES-3,2024-08-20T11:00:00+02:00,881
GRAVELINES-3,2024-08-20T12:00:00+02:00,883
GRAVELINES-3,2024-08-20T13:00:00+02:00,883
GRAVELINES-3,2024-08-20T14:00:00+02:00,884
GRAVELINES-3,2024-08-20T15:00:00+02:00,884
GRAVELINES-3,2024-08-20T16:00:00+02:00,884
GRAVELINES-3,2024-08-20T17:00:00+02:00,882
GRAVELINES-3,2024-08-20T18:00:00+02:00,880
GRAVELINES-3,2024-08-20T19:00:00+02:00,878
GRAVELINES-3,2024-08-20T20:00:00+02:00,877
GRAVELINES-3,2024-08-20T21:00:00+02:00,877
GRAVELINES-3,2024-08-20T22:00:00+02:00,879
GRAVELINES-3,2024-08-20T23:00:00+02:00,882
DAMPIERRE-1,2024-08-20T00:00:00+02:00,279
DAMPIERRE-1,2024-08-20T01:00:00+02:00,279
DAMPIERRE-1,2024-08-20T02:00:00+02:00,279
DAMPIERRE-1,2024-08-20T03:00:00+02:00,279
DAMPIERRE-1,2024-08-20T04:00:00+02:00,279
DAMPIERRE-1,2024-08-20T05:00:00+02:00,279
DAMPIERRE-1,2024-08-20T06:00:00+02:00,279
DAMPIERRE-1,2024-08-20T07:00:00+02:00,280
DAMPIERRE-1,2024-08-20T08:00:00+02:00,280
DAMPIERRE-1,2024-08-20T09:00:00+02:00,280
DAMPIERRE-1,2024-08-20T10:00:00+02:00,279
DAMPIERRE-1,2024-08-20T11:00:00+02:00,279
DAMPIERRE-1,2024-08-20T12:00:00+02:00,279
DAMPIERRE-1,2024-08-20T13:00:00+02:00,278
DAMPIERRE-1,2024-08-20T14:00:00+02:00,276
DAMPIERRE-1,2024-08-20T15:00:00+02:00,274
DAMPIERRE-1,2024-08-20T16:00:00+02:00,274
DAMPIERRE-1,2024-08-20T17:00:00+02:00,274
DAMPIERRE-1,2024-08-20T18:00:00+02:00,274
DAMPIERRE-1,2024-08-20T19:00:00+02:00,274
DAMPIERRE-1,2024-08-20T20:00:00+02:00,275
DAMPIERRE-1,2024-08-20T21:00:00+02:00,275
DAMPIERRE-1,2024-08-20T22:00:00+02:00,275
DAMPIERRE-1,2024-08-20T23:00:00+02:00,276
DAMPIERRE-2,2024-08-20T00:00:00+02:00,890
DAMPIERRE-2,2024-08-20T01:00:00+02:00,891
DAMPIERRE-2,2024-08-20T02:00:00+02:00,893
DAMPIERRE-2,2024-08-20T03:00:00+02:00,895
DAMPIERRE-2,2024-08-20T04:00:00+02:00,895
DAMPIERRE-2,2024-08-20T05:00:00+02:00,895
DAMPIERRE-2,2024-08-20T06:00:00+02:00,895
DAMPIERRE-2,2024-08-20T07:00:00+02:00,898
DAMPIERRE-2,2024-08-20T08:00:00+02:00,898
DAMPIERRE-2,2024-08-20T09:00:00+02:00,896
DAMPIERRE-2,2024-08-20T10:00:00+02:00,894
DAMPIERRE-2,2024-08-20T11:00:00+02:00,891
DAMPIERRE-2,2024-08-20T12:00:00+02:00,890
DAMPIERRE-2,2024-08-20T13:00:00+02:00,889
DAMPIERRE-2,2024-08-20T14:00:00+02:00,886
DAMPIERRE-2,2024-08-20T15:00:00+02:00,886
DAMPIERRE-2,2024-08-20T16:00:00+02:00,885
DAMPIERRE-2,2024-08-20T17:00:00+02:00,881
DAMPIERRE-2,2024-08-20T18:00:00+02:00,880
DAMPIERRE-2,2024-08-20T19:00:00+02:00,881
DAMPIERRE-2,2024-08-20T20:00:00+02:00,885
DAMPIERRE-2,2024-08-20T21:00:00+02:00,885
DAMPIERRE-2,2024-08-20T22:00:00+02:00,885
DAMPIERRE-2,2024-08-20T23:00:00+02:00,886
TRICASTIN-1,2024-08-20T00:00:00+02:00,870
TRICASTIN-1,2024-08-20T01:00:00+02:00,870
TRICASTIN-1,2024-08-20T02:00:00+02:00,870
TRICASTIN-1,2024-08-20T03:00:00+02:00,870
TRICASTIN-1,2024-08-20T04:00:00+02:00,868
TRICASTIN-1,2024-08-20T05:00:00+02:00,864
TRICASTIN-1,2024-08-20T06:00:00+02:00,864
TRICASTIN-1,2024-08-20T07:00:00+02:00,865
TRICASTIN-1,2024-08-20T08:00:00+02:00,865
TRICASTIN-1,2024-08-20T09:00:00+02:00,865
TRICASTIN-1,2024-08-20T10:00:00+02:00,865
TRICASTIN-1,2024-08-20T11:00:00+02:00,865
TRICASTIN-1,2024-08-20T12:00:00+02:00,865
TRICASTIN-1,2024-08-20T13:00:00+02:00,865
TRICASTIN-1,2024-08-20T14:00:00+02:00,864
TRICASTIN-1,2024-08-20T15:00:00+02:00,864
TRICASTIN-1,2024-08-20T16:00:00+02:00,864
TRICASTIN-1,2024-08-20T17:00:00+02:00,864
TRICASTIN-1,2024-08-20T18:00:00+02:00,866
TRICASTIN-1,2024-08-20T19:00:00+02:00,869
TRICASTIN-1,2024-08-20T20:00:00+02:00,870
TRICASTIN-1,2024-08-20T21:00:00+02:00,870
TRICASTIN-1,2024-08-20T22:00:00+02:00,870
TRICASTIN-1,2024-08-20T23:00:00+02:00,871
TRICASTIN-2,2024-08-20T00:00:00+02:00,862
TRICASTIN-2,2024-08-20T01:00:00+02:00,897
TRICASTIN-2,2024-08-20T02:00:00+02:00,897
TRICASTIN-2,2024-08-20T03:00:00+02:00,904
TRICASTIN-2,2024-08-20T04:00:00+02:00,906
TRICASTIN-2,2024-08-20T05:00:00+02:00,909
TRICASTIN-2,2024-08-20T06:00:00+02:00,909
TRICASTIN-2,2024-08-20T07:00:00+02:00,909
TRICASTIN-2,2024-08-20T08:00:00+02:00,909
TRICASTIN-2,2024-08-20T09:00:00+02:00,910
TRICASTIN-2,2024-08-20T10:00:00+02:00,910
TRICASTIN-2,2024-08-20T11:00:00+02:00,910
TRICASTIN-2,2024-08-20T12:00:00+02:00,910
TRICASTIN-2,2024-08-20T13:00:00+02:00,411
TRICASTIN-2,2024-08-20T14:00:00+02:00,273
TRICASTIN-2,2024-08-20T15:00:00+02:00,275
TRICASTIN-2,2024-08-20T16:00:00+02:00,254
TRICASTIN-2,2024-08-20T17:00:00+02:00,735
TRICASTIN-2,2024-08-20T18:00:00+02:00,860
TRICASTIN-2,2024-08-20T19:00:00+02:00,885
TRICASTIN-2,2024-08-20T20:00:00+02:00,874
TRICASTIN-2,2024-08-20T21:00:00+02:00,851
TRICASTIN-2,2024-08-20T22:00:00+02:00,836
TRICASTIN-2,2024-08-20T23:00:00+02:00,861
BUGEY-2,2024-09-12T00:00:00+02:00,892
BUGEY-2,2024-09-12T01:00:00+02:00,892
BUGEY-2,2024-09-12T02:00:00+02:00,892
BUGEY-2,2024-09-12T03:00:00+02:00,893
BUGEY-2,2024-09-12T04:00:00+02:00,893
BUGEY-2,2024-09-12T05:00:00+02:00,893
BUGEY-2,2024-09-12T06:00:00+02:00,894
BUGEY-2,2024-09-12T07:00:00+02:00,896
BUGEY-2,2024-09-12T08:00:00+02:00,896
BUGEY-2,2024-09-12T09:00:00+02:00,897
BUGEY-2,2024-09-12T10:00:00+02:00,897
BUGEY-2,2024-09-12T11:00:00+02:00,897
BUGEY-2,2024-09-12T12:00:00+02:00,897
BUGEY-2,2024-09-12T13:00:00+02:00,896
BUGEY-2,2024-09-12T14:00:00+02:00,896
BUGEY-2,2024-09-12T15:00:00+02:00,896
BUGEY-2,2024-09-12T16:00:00+02:00,896
BUGEY-2,2024-09-12T17:00:00+02:00,896
BUGEY-2,2024-09-12T18:00:00+02:00,895
BUGEY-2,2024-09-12T19:00:00+02:00,895
BUGEY-2,2024-09-12T20:00:00+02:00,895
BUGEY-2,2024-09-12T21:00:00+02:00,895
BUGEY-2,2024-09-12T22:00:00+02:00,896
BUGEY-2,2024-09-12T23:00:00+02:00,896
BUGEY-3,2024-09-12T00:00:00+02:00,558
BUGEY-3,2024-09-12T01:00:00+02:00,580
BUGEY-3,2024-09-12T02:00:00+02:00,602
BUGEY-3,2024-09-12T03:00:00+02:00,624
BUGEY-3,2024-09-12T04:00:00+02:00,645
BUGEY-3,2024-09-12T05:00:00+02:00,667
BUGEY-3,2024-09-12T06:00:00+02:00,689
BUGEY-3,2024-09-12T07:00:00+02:00,710
BUGEY-3,2024-09-12T08:00:00+02:00,720
BUGEY-3,2024-09-12T09:00:00+02:00,721
BUGEY-3,2024-09-12T10:00:00+02:00,721
BUGEY-3,2024-09-12T11:00:00+02:00,721
BUGEY-3,2024-09-12T12:00:00+02:00,721
BUGEY-3,2024-09-12T13:00:00+02:00,720
BUGEY-3,2024-09-12T14:00:00+02:00,720
BUGEY-3,2024-09-12T15:00:00+02:00,720
BUGEY-3,2024-09-12T16:00:00+02:00,721
BUGEY-3,2024-09-12T17:00:00+02:00,721
BUGEY-3,2024-09-12T18:00:00+02:00,721
BUGEY-3,2024-09-12T19:00:00+02:00,723
BUGEY-3,2024-09-12T20:00:00+02:00,741
BUGEY-3,2024-09-12T21:00:00+02:00,755
BUGEY-3,2024-09-12T22:00:00+02:00,755
BUGEY-3,2024-09-12T23:00:00+02:00,755
BUGEY-4,2024-09-12T00:00:00+02:00,870
BUGEY-4,2024-09-12T01:00:00+02:00,868
BUGEY-4,2024-09-12T02:00:00+02:00,867
BUGEY-4,2024-09-12T03:00:00+02:00,868
BUGEY-4,2024-09-12T04:00:00+02:00,868
BUGEY-4,2024-09-12T05:00:00+02:00,867
BUGEY-4,2024-09-12T06:00:00+02:00,867
BUGEY-4,2024-09-12T07:00:00+02:00,868
BUGEY-4,2024-09-12T08:00:00+02:00,870
BUGEY-4,2024-09-12T09:00:00+02:00,870
BUGEY-4,2024-09-12T10:00:00+02:00,868
BUGEY-4,2024-09-12T11:00:00+02:00,867
BUGEY-4,2024-09-12T12:00:00+02:00,866
BUGEY-4,2024-09-12T13:00:00+02:00,865
BUGEY-4,2024-09-12T14:00:00+02:00,864
BUGEY-4,2024-09-12T15:00:00+02:00,865
BUGEY-4,2024-09-12T16:00:00+02:00,865
BUGEY-4,2024-09-12T17:00:00+02:00,864
BUGEY-4,2024-09-12T18:00:00+02:00,864
BUGEY-4,2024-09-12T19:00:00+02:00,866
BUGEY-4,2024-09-12T20:00:00+02:00,865
BUGEY-4,2024-09-12T21:00:00+02:00,869
BUGEY-4,2024-09-12T22:00:00+02:00,872
BUGEY-4,2024-09-12T23:00:00+02:00,873
BUGEY-5,2024-09-12T00:00:00+02:00,0
BUGEY-5,2024-09-12T01:00:00+02:00,0
BUGEY-5,2024-09-12T02:00:00+02:00,0
BUGEY-5,2024-09-12T03:00:00+02:00,0
BUGEY-5,2024-09-12T04:00:00+02:00,0
BUGEY-5,2024-09-12T05:00:00+02:00,0
BUGEY-5,2024-09-12T06:00:00+02:00,0
BUGEY-5,2024-09-12T07:00:00+02:00,0
BUGEY-5,2024-09-12T08:00:00+02:00,0
BUGEY-5,2024-09-12T09:00:00+02:00,0
BUGEY-5,2024-09-12T10:00:00+02:00,0
BUGEY-5,2024-09-12T11:00:00+02:00,0
BUGEY-5,2024-09-12T12:00:00+02:00,0
BUGEY-5,2024-09-12T13:00:00+02:00,0
BUGEY-5,2024-09-12T14:00:00+02:00,0
BUGEY-5,2024-09-12T15:00:00+02:00,0
BUGEY-5,2024-09-12T16:00:00+02:00,0
BUGEY-5,2024-09-12T17:00:00+02:00,0
BUGEY-5,2024-09-12T18:00:00+02:00,0
BUGEY-5,2024-09-12T19:00:00+02:00,0
BUGEY-5,2024-09-12T20:00:00+02:00,0
BUGEY-5,2024-09-12T21:00:00+02:00,0
BUGEY-5,2024-09-12T22:00:00+02:00,0
BUGEY-5,2024-09-12T23:00:00+02:00,0
GRAVELINES-1,2024-09-12T00:00:00+02:00,-33
GRAVELINES-1,2024-09-12T01:00:00+02:00,-33
GRAVELINES-1,2024-09-12T02:00:00+02:00,-34
GRAVELINES-1,2024-09-12T03:00:00+02:00,-34
GRAVELINES-1,2024-09-12T04:00:00+02:00,-34
GRAVELINES-1,2024-09-12T05:00:00+02:00,-34
GRAVELINES-1,2024-09-12T06:00:00+02:00,-34
GRAVELINES-1,2024-09-12T07:00:00+02:00,-34
GRAVELINES-1,2024-09-12T08:00:00+02:00,-33
GRAVELINES-1,2024-09-12T09:00:00+02:00,-32
GRAVELINES-1,2024-09-12T10:00:00+02:00,-32
GRAVELINES-1,2024-09-12T11:00:00+02:00,-30
GRAVELINES-1,2024-09-12T12:00:00+02:00,-30
GRAVELINES-1,2024-09-12T13:00:00+02:00,-30
GRAVELINES-1,2024-09-12T14:00:00+02:00,-30
GRAVELINES-1,2024-09-12T15:00:00+02:00,-30
GRAVELINES-1,2024-09-12T16:00:00+02:00,-30
GRAVELINES-1,2024-09-12T17:00:00+02:00,-29
GRAVELINES-1,2024-09-12T18:00:00+02:00,-29
GRAVELINES-1,2024-09-12T19:00:00+02:00,-29
GRAVELINES-1,2024-09-12T20:00:00+02:00,-29
GRAVELINES-1,2024-09-12T21:00:00+02:00,-29
GRAVELINES-1,2024-09-12T22:00:00+02:00,-29
GRAVELINES-1,2024-09-12T23:00:00+02:00,-29
GRAVELINES-2,2024-09-12T00:00:00+02:00,887
GRAVELINES-2,2024-09-12T01:00:00+02:00,887
GRAVELINES-2,2024-09-12T02:00:00+02:00,888
GRAVELINES-2,2024-09-12T03:00:00+02:00,889
GRAVELINES-2,2024-09-12T04:00:00+02:00,889
GRAVELINES-2,2024-09-12T05:00:00+02:00,890
GRAVELINES-2,2024-09-12T06:00:00+02:00,890
GRAVELINES-2,2024-09-12T07:00:00+02:00,890
GRAVELINES-2,2024-09-12T08:00:00+02:00,890
GRAVELINES-2,2024-09-12T09:00:00+02:00,890
GRAVELINES-2,2024-09-12T10:00:00+02:00,889
GRAVELINES-2,2024-09-12T11:00:00+02:00,889
GRAVELINES-2,2024-09-12T12:00:00+02:00,888
GRAVELINES-2,2024-09-12T13:00:00+02:00,887
GRAVELINES-2,2024-09-12T14:00:00+02:00,887
GRAVELINES-2,2024-09-12T15:00:00+02:00,887
GRAVELINES-2,2024-09-12T16:00:00+02:00,888
GRAVELINES-2,2024-09-12T17:00:00+02:00,889
GRAVELINES-2,2024-09-12T18:00:00+02:00,889
GRAVELINES-2,2024-09-12T19:00:00+02:00,890
GRAVELINES-2,2024-09-12T20:00:00+02:00,890
GRAVELINES-2,2024-09-12T21:00:00+02:00,890
GRAVELINES-2,2024-09-12T22:00:00+02:00,889
GRAVELINES-2,2024-09-12T23:00:00+02:00,889
GRAVELINES-3,2024-09-12T00:00:00+02:00,847
GRAVELINES-3,2024-09-12T01:00:00+02:00,847
GRAVELINES-3,2024-09-12T02:00:00+02:00,847
GRAVELINES-3,2024-09-12T03:00:00+02:00,848
GRAVELINES-3,2024-09-12T04:00:00+02:00,849
GRAVELINES-3,2024-09-12T05:00:00+02:00,849
GRAVELINES-3,2024-09-12T06:00:00+02:00,849
GRAVELINES-3,2024-09-12T07:00:00+02:00,849
GRAVELINES-3,2024-09-12T08:00:00+02:00,849
GRAVELINES-3,2024-09-12T09:00:00+02:00,847
GRAVELINES-3,2024-09-12T10:00:00+02:00,847
GRAVELINES-3,2024-09-12T11:00:00+02:00,844
GRAVELINES-3,2024-09-12T12:00:00+02:00,836
GRAVELINES-3,2024-09-12T13:00:00+02:00,827
GRAVELINES-3,2024-09-12T14:00:00+02:00,827
GRAVELINES-3,2024-09-12T15:00:00+02:00,827
GRAVELINES-3,2024-09-12T16:00:00+02:00,827
GRAVELINES-3,2024-09-12T17:00:00+02:00,829
GRAVELINES-3,2024-09-12T18:00:00+02:00,829
GRAVELINES-3,2024-09-12T19:00:00+02:00,829
GRAVELINES-3,2024-09-12T20:00:00+02:00,830
GRAVELINES-3,2024-09-12T21:00:00+02:00,829
GRAVELINES-3,2024-09-12T22:00:00+02:00,830
GRAVELINES-3,2024-09-12T23:00:00+02:00,829
DAMPIERRE-1,2024-09-12T00:00:00+02:00,870
DAMPIERRE-1,2024-09-12T01:00:00+02:00,871
DAMPIERRE-1,2024-09-12T02:00:00+02:00,872
DAMPIERRE-1,2024-09-12T03:00:00+02:00,873
DAMPIERRE-1,2024-09-12T04:00:00+02:00,874
DAMPIERRE-1,2024-09-12T05:00:00+02:00,875
DAMPIERRE-1,2024-09-12T06:00:00+02:00,875
DAMPIERRE-1,2024-09-12T07:00:00+02:00,876
DAMPIERRE-1,2024-09-12T08:00:00+02:00,875
DAMPIERRE-1,2024-09-12T09:00:00+02:00,875
DAMPIERRE-1,2024-09-12T10:00:00+02:00,873
DAMPIERRE-1,2024-09-12T11:00:00+02:00,871
DAMPIERRE-1,2024-09-12T12:00:00+02:00,870
DAMPIERRE-1,2024-09-12T13:00:00+02:00,870
DAMPIERRE-1,2024-09-12T14:00:00+02:00,870
DAMPIERRE-1,2024-09-12T15:00:00+02:00,870
DAMPIERRE-1,2024-09-12T16:00:00+02:00,867
DAMPIERRE-1,2024-09-12T17:00:00+02:00,868
DAMPIERRE-1,2024-09-12T18:00:00+02:00,869
DAMPIERRE-1,2024-09-12T19:00:00+02:00,870
DAMPIERRE-1,2024-09-12T20:00:00+02:00,870
DAMPIERRE-1,2024-09-12T21:00:00+02:00,871
DAMPIERRE-1,2024-09-12T22:00:00+02:00,871
DAMPIERRE-1,2024-09-12T23:00:00+02:00,872
DAMPIERRE-2,2024-09-12T00:00:00+02:00,895
DAMPIERRE-2,2024-09-12T01:00:00+02:00,895
DAMPIERRE-2,2024-09-12T02:00:00+02:00,895
DAMPIERRE-2,2024-09-12T03:00:00+02:00,888
DAMPIERRE-2,2024-09-12T04:00:00+02:00,888
DAMPIERRE-2,2024-09-12T05:00:00+02:00,889
DAMPIERRE-2,2024-09-12T06:00:00+02:00,890
DAMPIERRE-2,2024-09-12T07:00:00+02:00,890
DAMPIERRE-2,2024-09-12T08:00:00+02:00,890
DAMPIERRE-2,2024-09-12T09:00:00+02:00,889
DAMPIERRE-2,2024-09-12T10:00:00+02:00,887
DAMPIERRE-2,2024-09-12T11:00:00+02:00,886
DAMPIERRE-2,2024-09-12T12:00:00+02:00,884
DAMPIERRE-2,2024-09-12T13:00:00+02:00,890
DAMPIERRE-2,2024-09-12T14:00:00+02:00,894
DAMPIERRE-2,2024-09-12T15:00:00+02:00,894
DAMPIERRE-2,2024-09-12T16:00:00+02:00,891
DAMPIERRE-2,2024-09-12T17:00:00+02:00,893
DAMPIERRE-2,2024-09-12T18:00:00+02:00,894
DAMPIERRE-2,2024-09-12T19:00:00+02:00,895
DAMPIERRE-2,2024-09-12T20:00:00+02:00,895
DAMPIERRE-2,2024-09-12T21:00:00+02:00,895
DAMPIERRE-2,2024-09-12T22:00:00+02:00,895
DAMPIERRE-2,2024-09-12T23:00:00+02:00,895
TRICASTIN-1,2024-09-12T00:00:00+02:00,731
TRICASTIN-1,2024-09-12T01:00:00+02:00,732
TRICASTIN-1,2024-09-12T02:00:00+02:00,732
TRICASTIN-1,2024-09-12T03:00:00+02:00,732
TRICASTIN-1,2024-09-12T04:00:00+02:00,732
TRICASTIN-1,2024-09-12T05:00:00+02:00,732
TRICASTIN-1,2024-09-12T06:00:00+02:00,733
TRICASTIN-1,2024-09-12T07:00:00+02:00,732
TRICASTIN-1,2024-09-12T08:00:00+02:00,732
TRICASTIN-1,2024-09-12T09:00:00+02:00,732
TRICASTIN-1,2024-09-12T10:00:00+02:00,732
TRICASTIN-1,2024-09-12T11:00:00+02:00,733
TRICASTIN-1,2024-09-12T12:00:00+02:00,733
TRICASTIN-1,2024-09-12T13:00:00+02:00,733
TRICASTIN-1,2024-09-12T14:00:00+02:00,734
TRICASTIN-1,2024-09-12T15:00:00+02:00,734
TRICASTIN-1,2024-09-12T16:00:00+02:00,734
TRICASTIN-1,2024-09-12T17:00:00+02:00,735
TRICASTIN-1,2024-09-12T18:00:00+02:00,735
TRICASTIN-1,2024-09-12T19:00:00+02:00,736
TRICASTIN-1,2024-09-12T20:00:00+02:00,736
TRICASTIN-1,2024-09-12T21:00:00+02:00,735
TRICASTIN-1,2024-09-12T22:00:00+02:00,735
TRICASTIN-1,2024-09-12T23:00:00+02:00,736
TRICASTIN-2,2024-09-12T00:00:00+02:00,-25
TRICASTIN-2,2024-09-12T01:00:00+02:00,-25
TRICASTIN-2,2024-09-12T02:00:00+02:00,-25
TRICASTIN-2,2024-09-12T03:00:00+02:00,-26
TRICASTIN-2,2024-09-12T04:00:00+02:00,-26
TRICASTIN-2,2024-09-12T05:00:00+02:00,-25
TRICASTIN-2,2024-09-12T06:00:00+02:00,-26
TRICASTIN-2,2024-09-12T07:00:00+02:00,-25
TRICASTIN-2,2024-09-12T08:00:00+02:00,-26
TRICASTIN-2,2024-09-12T09:00:00+02:00,-26
TRICASTIN-2,2024-09-12T10:00:00+02:00,-26
TRICASTIN-2,2024-09-12T11:00:00+02:00,-26
TRICASTIN-2,2024-09-12T12:00:00+02:00,-25
TRICASTIN-2,2024-09-12T13:00:00+02:00,-25
TRICASTIN-2,2024-09-12T14:00:00+02:00,-25
TRICASTIN-2,2024-09-12T15:00:00+02:00,-26
TRICASTIN-2,2024-09-12T16:00:00+02:00,-25
TRICASTIN-2,2024-09-12T17:00:00+02:00,-25
TRICASTIN-2,2024-09-12T18:00:00+02:00,-25
TRICASTIN-2,2024-09-12T19:00:00+02:00,-25
TRICASTIN-2,2024-09-12T20:00:00+02:00,-25
TRICASTIN-2,2024-09-12T21:00:00+02:00,-25
TRICASTIN-2,2024-09-12T22:00:00+02:00,-25
TRICASTIN-2,2024-09-12T23:00:00+02:00,-26
BUGEY-2,2024-10-02T00:00:00+02:00,891
BUGEY-2,2024-10-02T01:00:00+02:00,891
BUGEY-2,2024-10-02T02:00:00+02:00,891
BUGEY-2,2024-10-02T03:00:00+02:00,892
BUGEY-2,2024-10-02T04:00:00+02:00,892
BUGEY-2,2024-10-02T05:00:00+02:00,892
BUGEY-2,2024-10-02T06:00:00+02:00,893
BUGEY-2,2024-10-02T07:00:00+02:00,889
BUGEY-2,2024-10-02T08:00:00+02:00,881
BUGEY-2,2024-10-02T09:00:00+02:00,881
BUGEY-2,2024-10-02T10:00:00+02:00,881
BUGEY-2,2024-10-02T11:00:00+02:00,881
BUGEY-2,2024-10-02T12:00:00+02:00,880
BUGEY-2,2024-10-02T13:00:00+02:00,880
BUGEY-2,2024-10-02T14:00:00+02:00,879
BUGEY-2,2024-10-02T15:00:00+02:00,879
BUGEY-2,2024-10-02T16:00:00+02:00,879
BUGEY-2,2024-10-02T17:00:00+02:00,888
BUGEY-2,2024-10-02T18:00:00+02:00,891
BUGEY-2,2024-10-02T19:00:00+02:00,891
BUGEY-2,2024-10-02T20:00:00+02:00,890
BUGEY-2,2024-10-02T21:00:00+02:00,891
BUGEY-2,2024-10-02T22:00:00+02:00,891
BUGEY-2,2024-10-02T23:00:00+02:00,891
BUGEY-3,2024-10-02T00:00:00+02:00,894
BUGEY-3,2024-10-02T01:00:00+02:00,893
BUGEY-3,2024-10-02T02:00:00+02:00,893
BUGEY-3,2024-10-02T03:00:00+02:00,894
BUGEY-3,2024-10-02T04:00:00+02:00,894
BUGEY-3,2024-10-02T05:00:00+02:00,895
BUGEY-3,2024-10-02T06:00:00+02:00,895
BUGEY-3,2024-10-02T07:00:00+02:00,896
BUGEY-3,2024-10-02T08:00:00+02:00,896
BUGEY-3,2024-10-02T09:00:00+02:00,896
BUGEY-3,2024-10-02T10:00:00+02:00,896
BUGEY-3,2024-10-02T11:00:00+02:00,896
BUGEY-3,2024-10-02T12:00:00+02:00,896
BUGEY-3,2024-10-02T13:00:00+02:00,895
BUGEY-3,2024-10-02T14:00:00+02:00,895
BUGEY-3,2024-10-02T15:00:00+02:00,894
BUGEY-3,2024-10-02T16:00:00+02:00,894
BUGEY-3,2024-10-02T17:00:00+02:00,894
BUGEY-3,2024-10-02T18:00:00+02:00,894
BUGEY-3,2024-10-02T19:00:00+02:00,893
BUGEY-3,2024-10-02T20:00:00+02:00,893
BUGEY-3,2024-10-02T21:00:00+02:00,893
BUGEY-3,2024-10-02T22:00:00+02:00,893
BUGEY-3,2024-10-02T23:00:00+02:00,893
BUGEY-4,2024-10-02T00:00:00+02:00,853
BUGEY-4,2024-10-02T01:00:00+02:00,862
BUGEY-4,2024-10-02T02:00:00+02:00,865
BUGEY-4,2024-10-02T03:00:00+02:00,867
BUGEY-4,2024-10-02T04:00:00+02:00,868
BUGEY-4,2024-10-02T05:00:00+02:00,869
BUGEY-4,2024-10-02T06:00:00+02:00,871
BUGEY-4,2024-10-02T07:00:00+02:00,873
BUGEY-4,2024-10-02T08:00:00+02:00,874
BUGEY-4,2024-10-02T09:00:00+02:00,873
BUGEY-4,2024-10-02T10:00:00+02:00,872
BUGEY-4,2024-10-02T11:00:00+02:00,872
BUGEY-4,2024-10-02T12:00:00+02:00,871
BUGEY-4,2024-10-02T13:00:00+02:00,871
BUGEY-4,2024-10-02T14:00:00+02:00,870
BUGEY-4,2024-10-02T15:00:00+02:00,867
BUGEY-4,2024-10-02T16:00:00+02:00,866
BUGEY-4,2024-10-02T17:00:00+02:00,866
BUGEY-4,2024-10-02T18:00:00+02:00,866
BUGEY-4,2024-10-02T19:00:00+02:00,867
BUGEY-4,2024-10-02T20:00:00+02:00,866
BUGEY-4,2024-10-02T21:00:00+02:00,867
BUGEY-4,2024-10-02T22:00:00+02:00,817
BUGEY-4,2024-10-02T23:00:00+02:00,815
BUGEY-5,2024-10-02T00:00:00+02:00,0
BUGEY-5,2024-10-02T01:00:00+02:00,0
BUGEY-5,2024-10-02T02:00:00+02:00,0
BUGEY-5,2024-10-02T03:00:00+02:00,0
BUGEY-5,2024-10-02T04:00:00+02:00,0
BUGEY-5,2024-10-02T05:00:00+02:00,0
BUGEY-5,2024-10-02T06:00:00+02:00,0
BUGEY-5,2024-10-02T07:00:00+02:00,0
BUGEY-5,2024-10-02T08:00:00+02:00,0
BUGEY-5,2024-10-02T09:00:00+02:00,0
BUGEY-5,2024-10-02T10:00:00+02:00,0
BUGEY-5,2024-10-02T11:00:00+02:00,0
BUGEY-5,2024-10-02T12:00:00+02:00,0
BUGEY-5,2024-10-02T13:00:00+02:00,0
BUGEY-5,2024-10-02T14:00:00+02:00,0
BUGEY-5,2024-10-02T15:00:00+02:00,0
BUGEY-5,2024-10-02T16:00:00+02:00,0
BUGEY-5,2024-10-02T17:00:00+02:00,0
BUGEY-5,2024-10-02T18:00:00+02:00,0
BUGEY-5,2024-10-02T19:00:00+02:00,0
BUGEY-5,2024-10-02T20:00:00+02:00,0
BUGEY-5,2024-10-02T21:00:00+02:00,0
BUGEY-5,2024-10-02T22:00:00+02:00,0
BUGEY-5,2024-10-02T23:00:00+02:00,0
GRAVELINES-1,2024-10-02T00:00:00+02:00,-14
GRAVELINES-1,2024-10-02T01:00:00+02:00,-14
GRAVELINES-1,2024-10-02T02:00:00+02:00,-14
GRAVELINES-1,2024-10-02T03:00:00+02:00,-14
GRAVELINES-1,2024-10-02T04:00:00+02:00,-14
GRAVELINES-1,2024-10-02T05:00:00+02:00,-14
GRAVELINES-1,2024-10-02T06:00:00+02:00,-14
GRAVELINES-1,2024-10-02T07:00:00+02:00,-14
GRAVELINES-1,2024-10-02T08:00:00+02:00,-14
GRAVELINES-1,2024-10-02T09:00:00+02:00,-14
GRAVELINES-1,2024-10-02T10:00:00+02:00,-14
GRAVELINES-1,2024-10-02T11:00:00+02:00,-14
GRAVELINES-1,2024-10-02T12:00:00+02:00,-14
GRAVELINES-1,2024-10-02T13:00:00+02:00,-14
GRAVELINES-1,2024-10-02T14:00:00+02:00,-14
GRAVELINES-1,2024-10-02T15:00:00+02:00,-14
GRAVELINES-1,2024-10-02T16:00:00+02:00,-14
GRAVELINES-1,2024-10-02T17:00:00+02:00,-14
GRAVELINES-1,2024-10-02T18:00:00+02:00,-14
GRAVELINES-1,2024-10-02T19:00:00+02:00,-14
GRAVELINES-1,2024-10-02T20:00:00+02:00,-14
GRAVELINES-1,2024-10-02T21:00:00+02:00,-14
GRAVELINES-1,2024-10-02T22:00:00+02:00,-14
GRAVELINES-1,2024-10-02T23:00:00+02:00,-14
GRAVELINES-2,2024-10-02T00:00:00+02:00,897
GRAVELINES-2,2024-10-02T01:00:00+02:00,897
GRAVELINES-2,2024-10-02T02:00:00+02:00,898
GRAVELINES-2,2024-10-02T03:00:00+02:00,898
GRAVELINES-2,2024-10-02T04:00:00+02:00,897
GRAVELINES-2,2024-10-02T05:00:00+02:00,895
GRAVELINES-2,2024-10-02T06:00:00+02:00,894
GRAVELINES-2,2024-10-02T07:00:00+02:00,893
GRAVELINES-2,2024-10-02T08:00:00+02:00,893
GRAVELINES-2,2024-10-02T09:00:00+02:00,894
GRAVELINES-2,2024-10-02T10:00:00+02:00,895
GRAVELINES-2,2024-10-02T11:00:00+02:00,897
GRAVELINES-2,2024-10-02T12:00:00+02:00,897
GRAVELINES-2,2024-10-02T13:00:00+02:00,897
GRAVELINES-2,2024-10-02T14:00:00+02:00,897
GRAVELINES-2,2024-10-02T15:00:00+02:00,896
GRAVELINES-2,2024-10-02T16:00:00+02:00,896
GRAVELINES-2,2024-10-02T17:00:00+02:00,896
GRAVELINES-2,2024-10-02T18:00:00+02:00,895
GRAVELINES-2,2024-10-02T19:00:00+02:00,893
GRAVELINES-2,2024-10-02T20:00:00+02:00,893
GRAVELINES-2,2024-10-02T21:00:00+02:00,894
GRAVELINES-2,2024-10-02T22:00:00+02:00,895
GRAVELINES-2,2024-10-02T23:00:00+02:00,897
GRAVELINES-3,2024-10-02T00:00:00+02:00,792
GRAVELINES-3,2024-10-02T01:00:00+02:00,792
GRAVELINES-3,2024-10-02T02:00:00+02:00,793
GRAVELINES-3,2024-10-02T03:00:00+02:00,792
GRAVELINES-3,2024-10-02T04:00:00+02:00,792
GRAVELINES-3,2024-10-02T05:00:00+02:00,791
GRAVELINES-3,2024-10-02T06:00:00+02:00,790
GRAVELINES-3,2024-10-02T07:00:00+02:00,790
GRAVELINES-3,2024-10-02T08:00:00+02:00,790
GRAVELINES-3,2024-10-02T09:00:00+02:00,790
GRAVELINES-3,2024-10-02T10:00:00+02:00,790
GRAVELINES-3,2024-10-02T11:00:00+02:00,792
GRAVELINES-3,2024-10-02T12:00:00+02:00,792
GRAVELINES-3,2024-10-02T13:00:00+02:00,792
GRAVELINES-3,2024-10-02T14:00:00+02:00,792
GRAVELINES-3,2024-10-02T15:00:00+02:00,793
GRAVELINES-3,2024-10-02T16:00:00+02:00,792
GRAVELINES-3,2024-10-02T17:00:00+02:00,791
GRAVELINES-3,2024-10-02T18:00:00+02:00,790
GRAVELINES-3,2024-10-02T19:00:00+02:00,790
GRAVELINES-3,2024-10-02T20:00:00+02:00,790
GRAVELINES-3,2024-10-02T21:00:00+02:00,790
GRAVELINES-3,2024-10-02T22:00:00+02:00,791
GRAVELINES-3,2024-10-02T23:00:00+02:00,793
DAMPIERRE-1,2024-10-02T00:00:00+02:00,870
DAMPIERRE-1,2024-10-02T01:00:00+02:00,870
DAMPIERRE-1,2024-10-02T02:00:00+02:00,871
DAMPIERRE-1,2024-10-02T03:00:00+02:00,871
DAMPIERRE-1,2024-10-02T04:00:00+02:00,870
DAMPIERRE-1,2024-10-02T05:00:00+02:00,871
DAMPIERRE-1,2024-10-02T06:00:00+02:00,872
DAMPIERRE-1,2024-10-02T07:00:00+02:00,872
DAMPIERRE-1,2024-10-02T08:00:00+02:00,872
DAMPIERRE-1,2024-10-02T09:00:00+02:00,872
DAMPIERRE-1,2024-10-02T10:00:00+02:00,871
DAMPIERRE-1,2024-10-02T11:00:00+02:00,871
DAMPIERRE-1,2024-10-02T12:00:00+02:00,870
DAMPIERRE-1,2024-10-02T13:00:00+02:00,870
DAMPIERRE-1,2024-10-02T14:00:00+02:00,870
DAMPIERRE-1,2024-10-02T15:00:00+02:00,869
DAMPIERRE-1,2024-10-02T16:00:00+02:00,868
DAMPIERRE-1,2024-10-02T17:00:00+02:00,868
DAMPIERRE-1,2024-10-02T18:00:00+02:00,867
DAMPIERRE-1,2024-10-02T19:00:00+02:00,868
DAMPIERRE-1,2024-10-02T20:00:00+02:00,866
DAMPIERRE-1,2024-10-02T21:00:00+02:00,867
DAMPIERRE-1,2024-10-02T22:00:00+02:00,868
DAMPIERRE-1,2024-10-02T23:00:00+02:00,870
DAMPIERRE-2,2024-10-02T00:00:00+02:00,895
DAMPIERRE-2,2024-10-02T01:00:00+02:00,895
DAMPIERRE-2,2024-10-02T02:00:00+02:00,895
DAMPIERRE-2,2024-10-02T03:00:00+02:00,895
DAMPIERRE-2,2024-10-02T04:00:00+02:00,895
DAMPIERRE-2,2024-10-02T05:00:00+02:00,895
DAMPIERRE-2,2024-10-02T06:00:00+02:00,895
DAMPIERRE-2,2024-10-02T07:00:00+02:00,895
DAMPIERRE-2,2024-10-02T08:00:00+02:00,896
DAMPIERRE-2,2024-10-02T09:00:00+02:00,896
DAMPIERRE-2,2024-10-02T10:00:00+02:00,896
DAMPIERRE-2,2024-10-02T11:00:00+02:00,895
DAMPIERRE-2,2024-10-02T12:00:00+02:00,895
DAMPIERRE-2,2024-10-02T13:00:00+02:00,895
DAMPIERRE-2,2024-10-02T14:00:00+02:00,895
DAMPIERRE-2,2024-10-02T15:00:00+02:00,894
DAMPIERRE-2,2024-10-02T16:00:00+02:00,895
DAMPIERRE-2,2024-10-02T17:00:00+02:00,894
DAMPIERRE-2,2024-10-02T18:00:00+02:00,893
DAMPIERRE-2,2024-10-02T19:00:00+02:00,893
DAMPIERRE-2,2024-10-02T20:00:00+02:00,894
DAMPIERRE-2,2024-10-02T21:00:00+02:00,894
DAMPIERRE-2,2024-10-02T22:00:00+02:00,894
DAMPIERRE-2,2024-10-02T23:00:00+02:00,894
TRICASTIN-1,2024-10-02T00:00:00+02:00,824
TRICASTIN-1,2024-10-02T01:00:00+02:00,824
TRICASTIN-1,2024-10-02T02:00:00+02:00,824
TRICASTIN-1,2024-10-02T03:00:00+02:00,824
TRICASTIN-1,2024-10-02T04:00:00+02:00,824
TRICASTIN-1,2024-10-02T05:00:00+02:00,824
TRICASTIN-1,2024-10-02T06:00:00+02:00,824
TRICASTIN-1,2024-10-02T07:00:00+02:00,824
TRICASTIN-1,2024-10-02T08:00:00+02:00,824
TRICASTIN-1,2024-10-02T09:00:00+02:00,824
TRICASTIN-1,2024-10-02T10:00:00+02:00,824
TRICASTIN-1,2024-10-02T11:00:00+02:00,824
TRICASTIN-1,2024-10-02T12:00:00+02:00,825
TRICASTIN-1,2024-10-02T13:00:00+02:00,825
TRICASTIN-1,2024-10-02T14:00:00+02:00,825
TRICASTIN-1,2024-10-02T15:00:00+02:00,824
TRICASTIN-1,2024-10-02T16:00:00+02:00,824
TRICASTIN-1,2024-10-02T17:00:00+02:00,824
TRICASTIN-1,2024-10-02T18:00:00+02:00,824
TRICASTIN-1,2024-10-02T19:00:00+02:00,825
TRICASTIN-1,2024-10-02T20:00:00+02:00,824
TRICASTIN-1,2024-10-02T21:00:00+02:00,824
TRICASTIN-1,2024-10-02T22:00:00+02:00,825
TRICASTIN-1,2024-10-02T23:00:00+02:00,825
TRICASTIN-2,2024-10-02T00:00:00+02:00,933
TRICASTIN-2,2024-10-02T01:00:00+02:00,933
TRICASTIN-2,2024-10-02T02:00:00+02:00,933
TRICASTIN-2,2024-10-02T03:00:00+02:00,933
TRICASTIN-2,2024-10-02T04:00:00+02:00,933
TRICASTIN-2,2024-10-02T05:00:00+02:00,933
TRICASTIN-2,2024-10-02T06:00:00+02:00,933
TRICASTIN-2,2024-10-02T07:00:00+02:00,933
TRICASTIN-2,2024-10-02T08:00:00+02:00,898
TRICASTIN-2,2024-10-02T09:00:00+02:00,885
TRICASTIN-2,2024-10-02T10:00:00+02:00,840
TRICASTIN-2,2024-10-02T11:00:00+02:00,844
TRICASTIN-2,2024-10-02T12:00:00+02:00,904
TRICASTIN-2,2024-10-02T13:00:00+02:00,874
TRICASTIN-2,2024-10-02T14:00:00+02:00,902
TRICASTIN-2,2024-10-02T15:00:00+02:00,881
TRICASTIN-2,2024-10-02T16:00:00+02:00,849
TRICASTIN-2,2024-10-02T17:00:00+02:00,867
TRICASTIN-2,2024-10-02T18:00:00+02:00,883
TRICASTIN-2,2024-10-02T19:00:00+02:00,864
TRICASTIN-2,2024-10-02T20:00:00+02:00,857
TRICASTIN-2,2024-10-02T21:00:00+02:00,889
TRICASTIN-2,2024-10-02T22:00:00+02:00,930
TRICASTIN-2,2024-10-02T23:00:00+02:00,930
BUGEY-2,2024-11-08T00:00:00+01:00,899
BUGEY-2,2024-11-08T01:00:00+01:00,899
BUGEY-2,2024-11-08T02:00:00+01:00,900
BUGEY-2,2024-11-08T03:00:00+01:00,900
BUGEY-2,2024-11-08T04:00:00+01:00,900
BUGEY-2,2024-11-08T05:00:00+01:00,900
BUGEY-2,2024-11-08T06:00:00+01:00,900
BUGEY-2,2024-11-08T07:00:00+01:00,900
BUGEY-2,2024-11-08T08:00:00+01:00,901
BUGEY-2,2024-11-08T09:00:00+01:00,901
BUGEY-2,2024-11-08T10:00:00+01:00,901
BUGEY-2,2024-11-08T11:00:00+01:00,900
BUGEY-2,2024-11-08T12:00:00+01:00,900
BUGEY-2,2024-11-08T13:00:00+01:00,899
BUGEY-2,2024-11-08T14:00:00+01:00,899
BUGEY-2,2024-11-08T15:00:00+01:00,898
BUGEY-2,2024-11-08T16:00:00+01:00,898
BUGEY-2,2024-11-08T17:00:00+01:00,898
BUGEY-2,2024-11-08T18:00:00+01:00,898
BUGEY-2,2024-11-08T19:00:00+01:00,898
BUGEY-2,2024-11-08T20:00:00+01:00,899
BUGEY-2,2024-11-08T21:00:00+01:00,899
BUGEY-2,2024-11-08T22:00:00+01:00,899
BUGEY-2,2024-11-08T23:00:00+01:00,900
BUGEY-3,2024-11-08T00:00:00+01:00,896
BUGEY-3,2024-11-08T01:00:00+01:00,896
BUGEY-3,2024-11-08T02:00:00+01:00,895
BUGEY-3,2024-11-08T03:00:00+01:00,896
BUGEY-3,2024-11-08T04:00:00+01:00,896
BUGEY-3,2024-11-08T05:00:00+01:00,896
BUGEY-3,2024-11-08T06:00:00+01:00,896
BUGEY-3,2024-11-08T07:00:00+01:00,896
BUGEY-3,2024-11-08T08:00:00+01:00,896
BUGEY-3,2024-11-08T09:00:00+01:00,895
BUGEY-3,2024-11-08T10:00:00+01:00,895
BUGEY-3,2024-11-08T11:00:00+01:00,896
BUGEY-3,2024-11-08T12:00:00+01:00,896
BUGEY-3,2024-11-08T13:00:00+01:00,896
BUGEY-3,2024-11-08T14:00:00+01:00,895
BUGEY-3,2024-11-08T15:00:00+01:00,895
BUGEY-3,2024-11-08T16:00:00+01:00,895
BUGEY-3,2024-11-08T17:00:00+01:00,895
BUGEY-3,2024-11-08T18:00:00+01:00,895
BUGEY-3,2024-11-08T19:00:00+01:00,895
BUGEY-3,2024-11-08T20:00:00+01:00,895
BUGEY-3,2024-11-08T21:00:00+01:00,895
BUGEY-3,2024-11-08T22:00:00+01:00,895
BUGEY-3,2024-11-08T23:00:00+01:00,895
BUGEY-4,2024-11-08T00:00:00+01:00,849
BUGEY-4,2024-11-08T01:00:00+01:00,851
BUGEY-4,2024-11-08T02:00:00+01:00,851
BUGEY-4,2024-11-08T03:00:00+01:00,853
BUGEY-4,2024-11-08T04:00:00+01:00,853
BUGEY-4,2024-11-08T05:00:00+01:00,854
BUGEY-4,2024-11-08T06:00:00+01:00,855
BUGEY-4,2024-11-08T07:00:00+01:00,856
BUGEY-4,2024-11-08T08:00:00+01:00,856
BUGEY-4,2024-11-08T09:00:00+01:00,854
BUGEY-4,2024-11-08T10:00:00+01:00,853
BUGEY-4,2024-11-08T11:00:00+01:00,851
BUGEY-4,2024-11-08T12:00:00+01:00,849
BUGEY-4,2024-11-08T13:00:00+01:00,845
BUGEY-4,2024-11-08T14:00:00+01:00,843
BUGEY-4,2024-11-08T15:00:00+01:00,839
BUGEY-4,2024-11-08T16:00:00+01:00,839
BUGEY-4,2024-11-08T17:00:00+01:00,840
BUGEY-4,2024-11-08T18:00:00+01:00,840
BUGEY-4,2024-11-08T19:00:00+01:00,841
BUGEY-4,2024-11-08T20:00:00+01:00,841
BUGEY-4,2024-11-08T21:00:00+01:00,842
BUGEY-4,2024-11-08T22:00:00+01:00,844
BUGEY-4,2024-11-08T23:00:00+01:00,844
BUGEY-5,2024-11-08T00:00:00+01:00,-37
BUGEY-5,2024-11-08T01:00:00+01:00,-37
BUGEY-5,2024-11-08T02:00:00+01:00,-36
BUGEY-5,2024-11-08T03:00:00+01:00,-37
BUGEY-5,2024-11-08T04:00:00+01:00,-37
BUGEY-5,2024-11-08T05:00:00+01:00,-37
BUGEY-5,2024-11-08T06:00:00+01:00,-37
BUGEY-5,2024-11-08T07:00:00+01:00,-37
BUGEY-5,2024-11-08T08:00:00+01:00,-6
BUGEY-5,2024-11-08T09:00:00+01:00,92
BUGEY-5,2024-11-08T10:00:00+01:00,153
BUGEY-5,2024-11-08T11:00:00+01:00,177
BUGEY-5,2024-11-08T12:00:00+01:00,243
BUGEY-5,2024-11-08T13:00:00+01:00,355
BUGEY-5,2024-11-08T14:00:00+01:00,355
BUGEY-5,2024-11-08T15:00:00+01:00,357
BUGEY-5,2024-11-08T16:00:00+01:00,357
BUGEY-5,2024-11-08T17:00:00+01:00,358
BUGEY-5,2024-11-08T18:00:00+01:00,359
BUGEY-5,2024-11-08T19:00:00+01:00,359
BUGEY-5,2024-11-08T20:00:00+01:00,360
BUGEY-5,2024-11-08T21:00:00+01:00,360
BUGEY-5,2024-11-08T22:00:00+01:00,361
BUGEY-5,2024-11-08T23:00:00+01:00,361
GRAVELINES-1,2024-11-08T00:00:00+01:00,898
GRAVELINES-1,2024-11-08T01:00:00+01:00,900
GRAVELINES-1,2024-11-08T02:00:00+01:00,901
GRAVELINES-1,2024-11-08T03:00:00+01:00,901
GRAVELINES-1,2024-11-08T04:00:00+01:00,901
GRAVELINES-1,2024-11-08T05:00:00+01:00,901
GRAVELINES-1,2024-11-08T06:00:00+01:00,901
GRAVELINES-1,2024-11-08T07:00:00+01:00,900
GRAVELINES-1,2024-11-08T08:00:00+01:00,900
GRAVELINES-1,2024-11-08T09:00:00+01:00,899
GRAVELINES-1,2024-11-08T10:00:00+01:00,899
GRAVELINES-1,2024-11-08T11:00:00+01:00,898
GRAVELINES-1,2024-11-08T12:00:00+01:00,899
GRAVELINES-1,2024-11-08T13:00:00+01:00,900
GRAVELINES-1,2024-11-08T14:00:00+01:00,901
GRAVELINES-1,2024-11-08T15:00:00+01:00,902
GRAVELINES-1,2024-11-08T16:00:00+01:00,902
GRAVELINES-1,2024-11-08T17:00:00+01:00,902
GRAVELINES-1,2024-11-08T18:00:00+01:00,902
GRAVELINES-1,2024-11-08T19:00:00+01:00,901
GRAVELINES-1,2024-11-08T20:00:00+01:00,900
GRAVELINES-1,2024-11-08T21:00:00+01:00,900
GRAVELINES-1,2024-11-08T22:00:00+01:00,899
GRAVELINES-1,2024-11-08T23:00:00+01:00,899
GRAVELINES-2,2024-11-08T00:00:00+01:00,899
GRAVELINES-2,2024-11-08T01:00:00+01:00,900
GRAVELINES-2,2024-11-08T02:00:00+01:00,902
GRAVELINES-2,2024-11-08T03:00:00+01:00,902
GRAVELINES-2,2024-11-08T04:00:00+01:00,902
GRAVELINES-2,2024-11-08T05:00:00+01:00,902
GRAVELINES-2,2024-11-08T06:00:00+01:00,901
GRAVELINES-2,2024-11-08T07:00:00+01:00,901
GRAVELINES-2,2024-11-08T08:00:00+01:00,900
GRAVELINES-2,2024-11-08T09:00:00+01:00,900
GRAVELINES-2,2024-11-08T10:00:00+01:00,899
GRAVELINES-2,2024-11-08T11:00:00+01:00,899
GRAVELINES-2,2024-11-08T12:00:00+01:00,899
GRAVELINES-2,2024-11-08T13:00:00+01:00,900
GRAVELINES-2,2024-11-08T14:00:00+01:00,901
GRAVELINES-2,2024-11-08T15:00:00+01:00,902
GRAVELINES-2,2024-11-08T16:00:00+01:00,902
GRAVELINES-2,2024-11-08T17:00:00+01:00,902
GRAVELINES-2,2024-11-08T18:00:00+01:00,902
GRAVELINES-2,2024-11-08T19:00:00+01:00,902
GRAVELINES-2,2024-11-08T20:00:00+01:00,901
GRAVELINES-2,2024-11-08T21:00:00+01:00,900
GRAVELINES-2,2024-11-08T22:00:00+01:00,900
GRAVELINES-2,2024-11-08T23:00:00+01:00,900
GRAVELINES-3,2024-11-08T00:00:00+01:00,0
GRAVELINES-3,2024-11-08T01:00:00+01:00,0
GRAVELINES-3,2024-11-08T02:00:00+01:00,0
GRAVELINES-3,2024-11-08T03:00:00+01:00,0
GRAVELINES-3,2024-11-08T04:00:00+01:00,0
GRAVELINES-3,2024-11-08T05:00:00+01:00,0
GRAVELINES-3,2024-11-08T06:00:00+01:00,0
GRAVELINES-3,2024-11-08T07:00:00+01:00,0
GRAVELINES-3,2024-11-08T08:00:00+01:00,0
GRAVELINES-3,2024-11-08T09:00:00+01:00,0
GRAVELINES-3,2024-11-08T10:00:00+01:00,0
GRAVELINES-3,2024-11-08T11:00:00+01:00,0
GRAVELINES-3,2024-11-08T12:00:00+01:00,0
GRAVELINES-3,2024-11-08T13:00:00+01:00,0
GRAVELINES-3,2024-11-08T14:00:00+01:00,0
GRAVELINES-3,2024-11-08T15:00:00+01:00,0
GRAVELINES-3,2024-11-08T16:00:00+01:00,0
GRAVELINES-3,2024-11-08T17:00:00+01:00,0
GRAVELINES-3,2024-11-08T18:00:00+01:00,0
GRAVELINES-3,2024-11-08T19:00:00+01:00,0
GRAVELINES-3,2024-11-08T20:00:00+01:00,0
GRAVELINES-3,2024-11-08T21:00:00+01:00,0
GRAVELINES-3,2024-11-08T22:00:00+01:00,0
GRAVELINES-3,2024-11-08T23:00:00+01:00,0
DAMPIERRE-1,2024-11-08T00:00:00+01:00,87
DAMPIERRE-1,2024-11-08T01:00:00+01:00,20
DAMPIERRE-1,2024-11-08T02:00:00+01:00,-28
DAMPIERRE-1,2024-11-08T03:00:00+01:00,-34
DAMPIERRE-1,2024-11-08T04:00:00+01:00,-34
DAMPIERRE-1,2024-11-08T05:00:00+01:00,-34
DAMPIERRE-1,2024-11-08T06:00:00+01:00,-34
DAMPIERRE-1,2024-11-08T07:00:00+01:00,-34
DAMPIERRE-1,2024-11-08T08:00:00+01:00,-33
DAMPIERRE-1,2024-11-08T09:00:00+01:00,-34
DAMPIERRE-1,2024-11-08T10:00:00+01:00,-33
DAMPIERRE-1,2024-11-08T11:00:00+01:00,-34
DAMPIERRE-1,2024-11-08T12:00:00+01:00,-33
DAMPIERRE-1,2024-11-08T13:00:00+01:00,-33
DAMPIERRE-1,2024-11-08T14:00:00+01:00,-34
DAMPIERRE-1,2024-11-08T15:00:00+01:00,-34
DAMPIERRE-1,2024-11-08T16:00:00+01:00,-33
DAMPIERRE-1,2024-11-08T17:00:00+01:00,-33
DAMPIERRE-1,2024-11-08T18:00:00+01:00,-34
DAMPIERRE-1,2024-11-08T19:00:00+01:00,-34
DAMPIERRE-1,2024-11-08T20:00:00+01:00,-34
DAMPIERRE-1,2024-11-08T21:00:00+01:00,-34
DAMPIERRE-1,2024-11-08T22:00:00+01:00,-34
DAMPIERRE-1,2024-11-08T23:00:00+01:00,-33
DAMPIERRE-2,2024-11-08T00:00:00+01:00,889
DAMPIERRE-2,2024-11-08T01:00:00+01:00,889
DAMPIERRE-2,2024-11-08T02:00:00+01:00,889
DAMPIERRE-2,2024-11-08T03:00:00+01:00,890
DAMPIERRE-2,2024-11-08T04:00:00+01:00,890
DAMPIERRE-2,2024-11-08T05:00:00+01:00,889
DAMPIERRE-2,2024-11-08T06:00:00+01:00,890
DAMPIERRE-2,2024-11-08T07:00:00+01:00,889
DAMPIERRE-2,2024-11-08T08:00:00+01:00,889
DAMPIERRE-2,2024-11-08T09:00:00+01:00,889
DAMPIERRE-2,2024-11-08T10:00:00+01:00,889
DAMPIERRE-2,2024-11-08T11:00:00+01:00,889
DAMPIERRE-2,2024-11-08T12:00:00+01:00,889
DAMPIERRE-2,2024-11-08T13:00:00+01:00,888
DAMPIERRE-2,2024-11-08T14:00:00+01:00,888
DAMPIERRE-2,2024-11-08T15:00:00+01:00,887
DAMPIERRE-2,2024-11-08T16:00:00+01:00,888
DAMPIERRE-2,2024-11-08T17:00:00+01:00,888
DAMPIERRE-2,2024-11-08T18:00:00+01:00,889
DAMPIERRE-2,2024-11-08T19:00:00+01:00,890
DAMPIERRE-2,2024-11-08T20:00:00+01:00,890
DAMPIERRE-2,2024-11-08T21:00:00+01:00,890
DAMPIERRE-2,2024-11-08T22:00:00+01:00,890
DAMPIERRE-2,2024-11-08T23:00:00+01:00,890
TRICASTIN-1,2024-11-08T00:00:00+01:00,828
TRICASTIN-1,2024-11-08T01:00:00+01:00,828
TRICASTIN-1,2024-11-08T02:00:00+01:00,829
TRICASTIN-1,2024-11-08T03:00:00+01:00,829
TRICASTIN-1,2024-11-08T04:00:00+01:00,829
TRICASTIN-1,2024-11-08T05:00:00+01:00,829
TRICASTIN-1,2024-11-08T06:00:00+01:00,829
TRICASTIN-1,2024-11-08T07:00:00+01:00,829
TRICASTIN-1,2024-11-08T08:00:00+01:00,828
TRICASTIN-1,2024-11-08T09:00:00+01:00,832
TRICASTIN-1,2024-11-08T10:00:00+01:00,833
TRICASTIN-1,2024-11-08T11:00:00+01:00,833
TRICASTIN-1,2024-11-08T12:00:00+01:00,833
TRICASTIN-1,2024-11-08T13:00:00+01:00,832
TRICASTIN-1,2024-11-08T14:00:00+01:00,831
TRICASTIN-1,2024-11-08T15:00:00+01:00,831
TRICASTIN-1,2024-11-08T16:00:00+01:00,824
TRICASTIN-1,2024-11-08T17:00:00+01:00,825
TRICASTIN-1,2024-11-08T18:00:00+01:00,830
TRICASTIN-1,2024-11-08T19:00:00+01:00,830
TRICASTIN-1,2024-11-08T20:00:00+01:00,830
TRICASTIN-1,2024-11-08T21:00:00+01:00,830
TRICASTIN-1,2024-11-08T22:00:00+01:00,830
TRICASTIN-1,2024-11-08T23:00:00+01:00,831
TRICASTIN-2,2024-11-08T00:00:00+01:00,932
TRICASTIN-2,2024-11-08T01:00:00+01:00,932
TRICASTIN-2,2024-11-08T02:00:00+01:00,932
TRICASTIN-2,2024-11-08T03:00:00+01:00,932
TRICASTIN-2,2024-11-08T04:00:00+01:00,932
TRICASTIN-2,2024-11-08T05:00:00+01:00,932
TRICASTIN-2,2024-11-08T06:00:00+01:00,931
TRICASTIN-2,2024-11-08T07:00:00+01:00,931
TRICASTIN-2,2024-11-08T08:00:00+01:00,932
TRICASTIN-2,2024-11-08T09:00:00+01:00,932
TRICASTIN-2,2024-11-08T10:00:00+01:00,927
TRICASTIN-2,2024-11-08T11:00:00+01:00,920
TRICASTIN-2,2024-11-08T12:00:00+01:00,932
TRICASTIN-2,2024-11-08T13:00:00+01:00,931
TRICASTIN-2,2024-11-08T14:00:00+01:00,931
TRICASTIN-2,2024-11-08T15:00:00+01:00,931
TRICASTIN-2,2024-11-08T16:00:00+01:00,931
TRICASTIN-2,2024-11-08T17:00:00+01:00,931
TRICASTIN-2,2024-11-08T18:00:00+01:00,931
TRICASTIN-2,2024-11-08T19:00:00+01:00,931
TRICASTIN-2,2024-11-08T20:00:00+01:00,931
TRICASTIN-2,2024-11-08T21:00:00+01:00,931
TRICASTIN-2,2024-11-08T22:00:00+01:00,931
TRICASTIN-2,2024-11-08T23:00:00+01:00,931
BUGEY-2,2024-12-20T00:00:00+01:00,900
BUGEY-2,2024-12-20T01:00:00+01:00,901
BUGEY-2,2024-12-20T02:00:00+01:00,901
BUGEY-2,2024-12-20T03:00:00+01:00,901
BUGEY-2,2024-12-20T04:00:00+01:00,901
BUGEY-2,2024-12-20T05:00:00+01:00,901
BUGEY-2,2024-12-20T06:00:00+01:00,901
BUGEY-2,2024-12-20T07:00:00+01:00,901
BUGEY-2,2024-12-20T08:00:00+01:00,883
BUGEY-2,2024-12-20T09:00:00+01:00,858
BUGEY-2,2024-12-20T10:00:00+01:00,863
BUGEY-2,2024-12-20T11:00:00+01:00,863
BUGEY-2,2024-12-20T12:00:00+01:00,863
BUGEY-2,2024-12-20T13:00:00+01:00,885
BUGEY-2,2024-12-20T14:00:00+01:00,892
BUGEY-2,2024-12-20T15:00:00+01:00,900
BUGEY-2,2024-12-20T16:00:00+01:00,903
BUGEY-2,2024-12-20T17:00:00+01:00,903
BUGEY-2,2024-12-20T18:00:00+01:00,903
BUGEY-2,2024-12-20T19:00:00+01:00,904
BUGEY-2,2024-12-20T20:00:00+01:00,904
BUGEY-2,2024-12-20T21:00:00+01:00,903
BUGEY-2,2024-12-20T22:00:00+01:00,903
BUGEY-2,2024-12-20T23:00:00+01:00,903
BUGEY-3,2024-12-20T00:00:00+01:00,904
BUGEY-3,2024-12-20T01:00:00+01:00,904
BUGEY-3,2024-12-20T02:00:00+01:00,905
BUGEY-3,2024-12-20T03:00:00+01:00,905
BUGEY-3,2024-12-20T04:00:00+01:00,905
BUGEY-3,2024-12-20T05:00:00+01:00,905
BUGEY-3,2024-12-20T06:00:00+01:00,905
BUGEY-3,2024-12-20T07:00:00+01:00,905
BUGEY-3,2024-12-20T08:00:00+01:00,905
BUGEY-3,2024-12-20T09:00:00+01:00,905
BUGEY-3,2024-12-20T10:00:00+01:00,905
BUGEY-3,2024-12-20T11:00:00+01:00,906
BUGEY-3,2024-12-20T12:00:00+01:00,906
BUGEY-3,2024-12-20T13:00:00+01:00,906
BUGEY-3,2024-12-20T14:00:00+01:00,905
BUGEY-3,2024-12-20T15:00:00+01:00,904
BUGEY-3,2024-12-20T16:00:00+01:00,905
BUGEY-3,2024-12-20T17:00:00+01:00,905
BUGEY-3,2024-12-20T18:00:00+01:00,905
BUGEY-3,2024-12-20T19:00:00+01:00,906
BUGEY-3,2024-12-20T20:00:00+01:00,906
BUGEY-3,2024-12-20T21:00:00+01:00,906
BUGEY-3,2024-12-20T22:00:00+01:00,906
BUGEY-3,2024-12-20T23:00:00+01:00,907
BUGEY-4,2024-12-20T00:00:00+01:00,852
BUGEY-4,2024-12-20T01:00:00+01:00,829
BUGEY-4,2024-12-20T02:00:00+01:00,831
BUGEY-4,2024-12-20T03:00:00+01:00,830
BUGEY-4,2024-12-20T04:00:00+01:00,845
BUGEY-4,2024-12-20T05:00:00+01:00,847
BUGEY-4,2024-12-20T06:00:00+01:00,874
BUGEY-4,2024-12-20T07:00:00+01:00,877
BUGEY-4,2024-12-20T08:00:00+01:00,878
BUGEY-4,2024-12-20T09:00:00+01:00,879
BUGEY-4,2024-12-20T10:00:00+01:00,880
BUGEY-4,2024-12-20T11:00:00+01:00,880
BUGEY-4,2024-12-20T12:00:00+01:00,879
BUGEY-4,2024-12-20T13:00:00+01:00,878
BUGEY-4,2024-12-20T14:00:00+01:00,879
BUGEY-4,2024-12-20T15:00:00+01:00,880
BUGEY-4,2024-12-20T16:00:00+01:00,881
BUGEY-4,2024-12-20T17:00:00+01:00,870
BUGEY-4,2024-12-20T18:00:00+01:00,835
BUGEY-4,2024-12-20T19:00:00+01:00,875
BUGEY-4,2024-12-20T20:00:00+01:00,878
BUGEY-4,2024-12-20T21:00:00+01:00,858
BUGEY-4,2024-12-20T22:00:00+01:00,832
BUGEY-4,2024-12-20T23:00:00+01:00,857
BUGEY-5,2024-12-20T00:00:00+01:00,862
BUGEY-5,2024-12-20T01:00:00+01:00,841
BUGEY-5,2024-12-20T02:00:00+01:00,843
BUGEY-5,2024-12-20T03:00:00+01:00,843
BUGEY-5,2024-12-20T04:00:00+01:00,858
BUGEY-5,2024-12-20T05:00:00+01:00,860
BUGEY-5,2024-12-20T06:00:00+01:00,851
BUGEY-5,2024-12-20T07:00:00+01:00,890
BUGEY-5,2024-12-20T08:00:00+01:00,894
BUGEY-5,2024-12-20T09:00:00+01:00,894
BUGEY-5,2024-12-20T10:00:00+01:00,895
BUGEY-5,2024-12-20T11:00:00+01:00,894
BUGEY-5,2024-12-20T12:00:00+01:00,893
BUGEY-5,2024-12-20T13:00:00+01:00,893
BUGEY-5,2024-12-20T14:00:00+01:00,893
BUGEY-5,2024-12-20T15:00:00+01:00,893
BUGEY-5,2024-12-20T16:00:00+01:00,893
BUGEY-5,2024-12-20T17:00:00+01:00,892
BUGEY-5,2024-12-20T18:00:00+01:00,891
BUGEY-5,2024-12-20T19:00:00+01:00,891
BUGEY-5,2024-12-20T20:00:00+01:00,892
BUGEY-5,2024-12-20T21:00:00+01:00,892
BUGEY-5,2024-12-20T22:00:00+01:00,891
BUGEY-5,2024-12-20T23:00:00+01:00,891
GRAVELINES-1,2024-12-20T00:00:00+01:00,894
GRAVELINES-1,2024-12-20T01:00:00+01:00,895
GRAVELINES-1,2024-12-20T02:00:00+01:00,895
GRAVELINES-1,2024-12-20T03:00:00+01:00,585
GRAVELINES-1,2024-12-20T04:00:00+01:00,855
GRAVELINES-1,2024-12-20T05:00:00+01:00,897
GRAVELINES-1,2024-12-20T06:00:00+01:00,897
GRAVELINES-1,2024-12-20T07:00:00+01:00,896
GRAVELINES-1,2024-12-20T08:00:00+01:00,896
GRAVELINES-1,2024-12-20T09:00:00+01:00,895
GRAVELINES-1,2024-12-20T10:00:00+01:00,894
GRAVELINES-1,2024-12-20T11:00:00+01:00,894
GRAVELINES-1,2024-12-20T12:00:00+01:00,895
GRAVELINES-1,2024-12-20T13:00:00+01:00,896
GRAVELINES-1,2024-12-20T14:00:00+01:00,897
GRAVELINES-1,2024-12-20T15:00:00+01:00,898
GRAVELINES-1,2024-12-20T16:00:00+01:00,900
GRAVELINES-1,2024-12-20T17:00:00+01:00,900
GRAVELINES-1,2024-12-20T18:00:00+01:00,899
GRAVELINES-1,2024-12-20T19:00:00+01:00,898
GRAVELINES-1,2024-12-20T20:00:00+01:00,898
GRAVELINES-1,2024-12-20T21:00:00+01:00,897
GRAVELINES-1,2024-12-20T22:00:00+01:00,894
GRAVELINES-1,2024-12-20T23:00:00+01:00,894
GRAVELINES-2,2024-12-20T00:00:00+01:00,909
GRAVELINES-2,2024-12-20T01:00:00+01:00,909
GRAVELINES-2,2024-12-20T02:00:00+01:00,910
GRAVELINES-2,2024-12-20T03:00:00+01:00,910
GRAVELINES-2,2024-12-20T04:00:00+01:00,910
GRAVELINES-2,2024-12-20T05:00:00+01:00,910
GRAVELINES-2,2024-12-20T06:00:00+01:00,909
GRAVELINES-2,2024-12-20T07:00:00+01:00,909
GRAVELINES-2,2024-12-20T08:00:00+01:00,908
GRAVELINES-2,2024-12-20T09:00:00+01:00,908
GRAVELINES-2,2024-12-20T10:00:00+01:00,907
GRAVELINES-2,2024-12-20T11:00:00+01:00,908
GRAVELINES-2,2024-12-20T12:00:00+01:00,908
GRAVELINES-2,2024-12-20T13:00:00+01:00,908
GRAVELINES-2,2024-12-20T14:00:00+01:00,910
GRAVELINES-2,2024-12-20T15:00:00+01:00,910
GRAVELINES-2,2024-12-20T16:00:00+01:00,911
GRAVELINES-2,2024-12-20T17:00:00+01:00,911
GRAVELINES-2,2024-12-20T18:00:00+01:00,910
GRAVELINES-2,2024-12-20T19:00:00+01:00,910
GRAVELINES-2,2024-12-20T20:00:00+01:00,909
GRAVELINES-2,2024-12-20T21:00:00+01:00,909
GRAVELINES-2,2024-12-20T22:00:00+01:00,908
GRAVELINES-2,2024-12-20T23:00:00+01:00,908
GRAVELINES-3,2024-12-20T00:00:00+01:00,-12
GRAVELINES-3,2024-12-20T01:00:00+01:00,-12
GRAVELINES-3,2024-12-20T02:00:00+01:00,-12
GRAVELINES-3,2024-12-20T03:00:00+01:00,-13
GRAVELINES-3,2024-12-20T04:00:00+01:00,-12
GRAVELINES-3,2024-12-20T05:00:00+01:00,-12
GRAVELINES-3,2024-12-20T06:00:00+01:00,-12
GRAVELINES-3,2024-12-20T07:00:00+01:00,-12
GRAVELINES-3,2024-12-20T08:00:00+01:00,-12
GRAVELINES-3,2024-12-20T09:00:00+01:00,-13
GRAVELINES-3,2024-12-20T10:00:00+01:00,-13
GRAVELINES-3,2024-12-20T11:00:00+01:00,-13
GRAVELINES-3,2024-12-20T12:00:00+01:00,-13
GRAVELINES-3,2024-12-20T13:00:00+01:00,-13
GRAVELINES-3,2024-12-20T14:00:00+01:00,-13
GRAVELINES-3,2024-12-20T15:00:00+01:00,-13
GRAVELINES-3,2024-12-20T16:00:00+01:00,-13
GRAVELINES-3,2024-12-20T17:00:00+01:00,-13
GRAVELINES-3,2024-12-20T18:00:00+01:00,-13
GRAVELINES-3,2024-12-20T19:00:00+01:00,-13
GRAVELINES-3,2024-12-20T20:00:00+01:00,-13
GRAVELINES-3,2024-12-20T21:00:00+01:00,-13
GRAVELINES-3,2024-12-20T22:00:00+01:00,-13
GRAVELINES-3,2024-12-20T23:00:00+01:00,-13
DAMPIERRE-1,2024-12-20T00:00:00+01:00,875
DAMPIERRE-1,2024-12-20T01:00:00+01:00,874
DAMPIERRE-1,2024-12-20T02:00:00+01:00,847
DAMPIERRE-1,2024-12-20T03:00:00+01:00,879
DAMPIERRE-1,2024-12-20T04:00:00+01:00,879
DAMPIERRE-1,2024-12-20T05:00:00+01:00,879
DAMPIERRE-1,2024-12-20T06:00:00+01:00,879
DAMPIERRE-1,2024-12-20T07:00:00+01:00,879
DAMPIERRE-1,2024-12-20T08:00:00+01:00,880
DAMPIERRE-1,2024-12-20T09:00:00+01:00,880
DAMPIERRE-1,2024-12-20T10:00:00+01:00,880
DAMPIERRE-1,2024-12-20T11:00:00+01:00,880
DAMPIERRE-1,2024-12-20T12:00:00+01:00,879
DAMPIERRE-1,2024-12-20T13:00:00+01:00,879
DAMPIERRE-1,2024-12-20T14:00:00+01:00,878
DAMPIERRE-1,2024-12-20T15:00:00+01:00,878
DAMPIERRE-1,2024-12-20T16:00:00+01:00,878
DAMPIERRE-1,2024-12-20T17:00:00+01:00,878
DAMPIERRE-1,2024-12-20T18:00:00+01:00,877
DAMPIERRE-1,2024-12-20T19:00:00+01:00,876
DAMPIERRE-1,2024-12-20T20:00:00+01:00,876
DAMPIERRE-1,2024-12-20T21:00:00+01:00,876
DAMPIERRE-1,2024-12-20T22:00:00+01:00,875
DAMPIERRE-1,2024-12-20T23:00:00+01:00,875
DAMPIERRE-2,2024-12-20T00:00:00+01:00,901
DAMPIERRE-2,2024-12-20T01:00:00+01:00,868
DAMPIERRE-2,2024-12-20T02:00:00+01:00,871
DAMPIERRE-2,2024-12-20T03:00:00+01:00,870
DAMPIERRE-2,2024-12-20T04:00:00+01:00,893
DAMPIERRE-2,2024-12-20T05:00:00+01:00,896
DAMPIERRE-2,2024-12-20T06:00:00+01:00,883
DAMPIERRE-2,2024-12-20T07:00:00+01:00,922
DAMPIERRE-2,2024-12-20T08:00:00+01:00,933
DAMPIERRE-2,2024-12-20T09:00:00+01:00,934
DAMPIERRE-2,2024-12-20T10:00:00+01:00,934
DAMPIERRE-2,2024-12-20T11:00:00+01:00,934
DAMPIERRE-2,2024-12-20T12:00:00+01:00,933
DAMPIERRE-2,2024-12-20T13:00:00+01:00,931
DAMPIERRE-2,2024-12-20T14:00:00+01:00,930
DAMPIERRE-2,2024-12-20T15:00:00+01:00,930
DAMPIERRE-2,2024-12-20T16:00:00+01:00,933
DAMPIERRE-2,2024-12-20T17:00:00+01:00,934
DAMPIERRE-2,2024-12-20T18:00:00+01:00,934
DAMPIERRE-2,2024-12-20T19:00:00+01:00,934
DAMPIERRE-2,2024-12-20T20:00:00+01:00,934
DAMPIERRE-2,2024-12-20T21:00:00+01:00,934
DAMPIERRE-2,2024-12-20T22:00:00+01:00,933
DAMPIERRE-2,2024-12-20T23:00:00+01:00,933
TRICASTIN-1,2024-12-20T00:00:00+01:00,-28
TRICASTIN-1,2024-12-20T01:00:00+01:00,-28
TRICASTIN-1,2024-12-20T02:00:00+01:00,17
TRICASTIN-1,2024-12-20T03:00:00+01:00,255
TRICASTIN-1,2024-12-20T04:00:00+01:00,624
TRICASTIN-1,2024-12-20T05:00:00+01:00,790
TRICASTIN-1,2024-12-20T06:00:00+01:00,798
TRICASTIN-1,2024-12-20T07:00:00+01:00,798
TRICASTIN-1,2024-12-20T08:00:00+01:00,798
TRICASTIN-1,2024-12-20T09:00:00+01:00,798
TRICASTIN-1,2024-12-20T10:00:00+01:00,798
TRICASTIN-1,2024-12-20T11:00:00+01:00,793
TRICASTIN-1,2024-12-20T12:00:00+01:00,811
TRICASTIN-1,2024-12-20T13:00:00+01:00,810
TRICASTIN-1,2024-12-20T14:00:00+01:00,810
TRICASTIN-1,2024-12-20T15:00:00+01:00,810
TRICASTIN-1,2024-12-20T16:00:00+01:00,810
TRICASTIN-1,2024-12-20T17:00:00+01:00,808
TRICASTIN-1,2024-12-20T18:00:00+01:00,811
TRICASTIN-1,2024-12-20T19:00:00+01:00,811
TRICASTIN-1,2024-12-20T20:00:00+01:00,811
TRICASTIN-1,2024-12-20T21:00:00+01:00,811
TRICASTIN-1,2024-12-20T22:00:00+01:00,811
TRICASTIN-1,2024-12-20T23:00:00+01:00,811
TRICASTIN-2,2024-12-20T00:00:00+01:00,939
TRICASTIN-2,2024-12-20T01:00:00+01:00,938
TRICASTIN-2,2024-12-20T02:00:00+01:00,938
TRICASTIN-2,2024-12-20T03:00:00+01:00,938
TRICASTIN-2,2024-12-20T04:00:00+01:00,938
TRICASTIN-2,2024-12-20T05:00:00+01:00,938
TRICASTIN-2,2024-12-20T06:00:00+01:00,938
TRICASTIN-2,2024-12-20T07:00:00+01:00,939
TRICASTIN-2,2024-12-20T08:00:00+01:00,939
TRICASTIN-2,2024-12-20T09:00:00+01:00,939
TRICASTIN-2,2024-12-20T10:00:00+01:00,939
TRICASTIN-2,2024-12-20T11:00:00+01:00,939
TRICASTIN-2,2024-12-20T12:00:00+01:00,939
TRICASTIN-2,2024-12-20T13:00:00+01:00,939
TRICASTIN-2,2024-12-20T14:00:00+01:00,939
TRICASTIN-2,2024-12-20T15:00:00+01:00,939
TRICASTIN-2,2024-12-20T16:00:00+01:00,939
TRICASTIN-2,2024-12-20T17:00:00+01:00,939
TRICASTIN-2,2024-12-20T18:00:00+01:00,936
TRICASTIN-2,2024-12-20T19:00:00+01:00,886
TRICASTIN-2,2024-12-20T20:00:00+01:00,901
TRICASTIN-2,2024-12-20T21:00:00+01:00,910
TRICASTIN-2,2024-12-20T22:00:00+01:00,910
TRICASTIN-2,2024-12-20T23:00:00+01:00,910