date,heures,consommation,prevision_j_1,prevision_j,fioul,charbon,gaz,nucleaire,eolien_total,solaire,hydraulique,pompage,bioenergies,ech_physiques,taux_co2,ech_angleterre,ech_espagne,ech_italie,ech_suisse,ech_allemagne_belgique,fioul_tac,fioul_cogen,fioul_autres,gaz_tac,gaz_cogen,gaz_ccg,gaz_autres,hydraulique_fil_de_l_eau,hydraulique_lacs,hydraulique_step_turbinage,bioenergies.1,bio_biomasse,bio_biogaz,stockage_batterie,destockage_batterie,eolien_terrestre,eolien_offshore,datetime,date_only,month
29/01/2024,00:00,57383.0,55400.0,55700.0,93.0,3.0,2397.0,47522.0,8754.0,0.0,8206.0,-278.0,1236.0,-10432.0,21.0,-2938.0,-233.0,-4315.0,-3200.0,-896.0,0.0,72.0,23.0,142.0,1069.0,164.0,1023.0,5580.0,2615.0,10.0,500.0,394.0,342.0,0.0,0.0,8460.0,294.0,2024-01-29 00:00:00,2024-01-29,1.0
29/01/2024,00:30,56596.0,54000.0,54300.0,94.0,0.0,2303.0,47640.0,8589.0,0.0,8899.0,-667.0,1239.0,-11401.0,20.0,-2938.0,-233.0,-4315.0,-3200.0,-1109.0,0.0,73.0,23.0,119.0,1069.0,101.0,1014.0,5637.0,2892.0,370.0,502.0,396.0,341.0,0.0,0.0,8280.0,309.0,2024-01-29 00:30:00,2024-01-29,1.0
29/01/2024,01:00,54470.0,52200.0,52400.0,93.0,0.0,2293.0,47281.0,8475.0,0.0,8242.0,-1564.0,1239.0,-11471.0,21.0,-3014.0,571.0,-4115.0,-3200.0,-1362.0,0.0,72.0,23.0,109.0,1074.0,96.0,1014.0,5567.0,2414.0,261.0,502.0,395.0,342.0,0.0,0.0,8170.0,305.0,2024-01-29 01:00:00,2024-01-29,1.0
29/01/2024,01:30,54264.0,52800.0,53400.0,93.0,0.0,2293.0,47464.0,8377.0,0.0,7966.0,-1933.0,1234.0,-11114.0,21.0,-3014.0,571.0,-4115.0,-3200.0,-1292.0,0.0,72.0,23.0,109.0,1075.0,95.0,1015.0,5578.0,2382.0,7.0,497.0,395.0,342.0,0.0,0.0,8052.0,325.0,2024-01-29 01:30:00,2024-01-29,1.0
29/01/2024,02:00,54202.0,53000.0,53600.0,94.0,0.0,2294.0,47486.0,8264.0,0.0,7978.0,-2325.0,1230.0,-10698.0,21.0,-3014.0,1232.0,-4174.0,-3100.0,-1272.0,0.0,73.0,23.0,109.0,1076.0,94.0,1015.0,5527.0,2445.0,6.0,495.0,395.0,340.0,0.0,0.0,7913.0,351.0,2024-01-29 02:00:00,2024-01-29,1.0
29/01/2024,02:30,54258.0,52000.0,52600.0,94.0,0.0,2297.0,47574.0,7975.0,0.0,7897.0,-2588.0,1225.0,-10100.0,21.0,-3014.0,1232.0,-4174.0,-3100.0,-1648.0,0.0,73.0,23.0,109.0,1075.0,95.0,1018.0,5502.0,2389.0,6.0,493.0,392.0,340.0,0.0,0.0,7617.0,358.0,2024-01-29 02:30:00,2024-01-29,1.0
29/01/2024,03:00,52977.0,50700.0,51200.0,94.0,0.0,2319.0,47427.0,7619.0,0.0,7680.0,-2905.0,1224.0,-10362.0,22.0,-3014.0,907.0,-4265.0,-3200.0,-2660.0,0.0,73.0,23.0,109.0,1075.0,117.0,1019.0,5527.0,2147.0,6.0,494.0,391.0,338.0,0.0,0.0,7248.0,372.0,2024-01-29 03:00:00,2024-01-29,1.0
29/01/2024,03:30,52084.0,49800.0,50200.0,94.0,0.0,2337.0,47691.0,7387.0,0.0,8007.0,-2907.0,1220.0,-11632.0,22.0,-3014.0,907.0,-4265.0,-3200.0,-3011.0,0.0,73.0,23.0,109.0,1076.0,135.0,1018.0,5541.0,2461.0,6.0,493.0,389.0,338.0,0.0,0.0,7001.0,386.0,2024-01-29 03:30:00,2024-01-29,1.0
29/01/2024,04:00,51105.0,49300.0,49400.0,93.0,42.0,2357.0,47497.0,7273.0,0.0,7640.0,-2916.0,1228.0,-11994.0,23.0,-3014.0,1594.0,-4338.0,-3200.0,-3410.0,0.0,72.0,23.0,109.0,1077.0,153.0,1017.0,5517.0,2117.0,6.0,497.0,393.0,338.0,0.0,0.0,6894.0,379.0,2024-01-29 04:00:00,2024-01-29,1.0
29/01/2024,04:30,51036.0,49300.0,49700.0,93.0,158.0,2390.0,47319.0,7197.0,0.0,7601.0,-2446.0,1229.0,-12390.0,25.0,-3014.0,1594.0,-4338.0,-3200.0,-3862.0,0.0,72.0,23.0,109.0,1077.0,184.0,1021.0,5532.0,2062.0,6.0,495.0,395.0,339.0,0.0,0.0,6811.0,386.0,2024-01-29 04:30:00,2024-01-29,1.0
29/01/2024,05:00,51042.0,50300.0,50700.0,93.0,192.0,2462.0,47382.0,7062.0,0.0,7698.0,-2199.0,1234.0,-12773.0,25.0,-3010.0,2048.0,-4338.0,-3198.0,-3179.0,0.0,72.0,23.0,109.0,1079.0,255.0,1020.0,5596.0,2095.0,6.0,495.0,400.0,339.0,0.0,0.0,6686.0,376.0,2024-01-29 05:00:00,2024-01-29,1.0
29/01/2024,05:30,52932.0,52300.0,52400.0,93.0,256.0,2646.0,47327.0,6985.0,0.0,7579.0,-1312.0,1227.0,-11752.0,27.0,-3010.0,2048.0,-4338.0,-3198.0,-3567.0,0.0,72.0,23.0,109.0,1088.0,432.0,1017.0,5484.0,2089.0,6.0,487.0,400.0,340.0,0.0,0.0,6583.0,402.0,2024-01-29 05:30:00,2024-01-29,1.0
29/01/2024,06:00,54628.0,54300.0,54700.0,93.0,345.0,2768.0,47615.0,6918.0,0.0,8722.0,-732.0,1228.0,-12221.0,28.0,-1987.0,1683.0,-4338.0,-2750.0,-3283.0,0.0,72.0,23.0,111.0,1095.0,543.0,1020.0,5536.0,3025.0,161.0,490.0,398.0,340.0,0.0,0.0,6521.0,397.0,2024-01-29 06:00:00,2024-01-29,1.0
29/01/2024,06:30,57969.0,57600.0,58000.0,93.0,425.0,3189.0,47598.0,6698.0,0.0,9837.0,-172.0,1216.0,-10800.0,31.0,-1987.0,1683.0,-4338.0,-2750.0,-3787.0,0.0,72.0,23.0,136.0,1102.0,925.0,1026.0,5658.0,3707.0,471.0,478.0,396.0,342.0,0.0,0.0,6331.0,367.0,2024-01-29 06:30:00,2024-01-29,1.0
29/01/2024,07:00,61028.0,60800.0,61600.0,92.0,434.0,3680.0,47854.0,6652.0,0.0,12343.0,-4.0,1215.0,-11141.0,32.0,-310.0,0.0,-4473.0,-1612.0,-3284.0,0.0,71.0,23.0,148.0,1103.0,1404.0,1025.0,6031.0,4924.0,1388.0,479.0,396.0,340.0,0.0,0.0,6286.0,366.0,2024-01-29 07:00:00,2024-01-29,1.0
29/01/2024,07:30,64070.0,63800.0,64100.0,87.0,434.0,5059.0,47736.0,6769.0,0.0,13078.0,-4.0,1216.0,-10181.0,37.0,-310.0,0.0,-4473.0,-1612.0,-3367.0,0.0,66.0,23.0,149.0,1106.0,2771.0,1032.0,6156.0,5127.0,1795.0,481.0,396.0,340.0,0.0,0.0,6386.0,383.0,2024-01-29 07:30:00,2024-01-29,1.0
29/01/2024,08:00,66123.0,65400.0,65700.0,86.0,434.0,5429.0,47757.0,6671.0,0.0,14765.0,-4.0,1224.0,-10129.0,38.0,-758.0,795.0,-4485.0,-2079.0,-3781.0,0.0,65.0,23.0,149.0,1105.0,3139.0,1036.0,6413.0,5612.0,2740.0,483.0,400.0,341.0,0.0,0.0,6303.0,368.0,2024-01-29 08:00:00,2024-01-29,1.0
29/01/2024,08:30,67110.0,66000.0,66400.0,85.0,434.0,5585.0,47859.0,6685.0,66.0,15353.0,-4.0,1214.0,-10045.0,38.0,-758.0,795.0,-4485.0,-2079.0,-3071.0,0.0,64.0,23.0,149.0,1101.0,3290.0,1044.0,6472.0,5836.0,3044.0,479.0,397.0,338.0,0.0,0.0,6309.0,376.0,2024-01-29 08:30:00,2024-01-29,1.0
29/01/2024,09:00,67448.0,66300.0,66000.0,86.0,433.0,5579.0,47805.0,6714.0,564.0,14846.0,-4.0,1199.0,-9658.0,38.0,-2302.0,-672.0,-4485.0,-691.0,-2731.0,0.0,65.0,23.0,147.0,1103.0,3285.0,1045.0,6517.0,5659.0,2670.0,474.0,390.0,336.0,0.0,0.0,6340.0,374.0,2024-01-29 09:00:00,2024-01-29,1.0
29/01/2024,09:30,67570.0,66200.0,66100.0,87.0,433.0,5565.0,47911.0,6643.0,1597.0,14805.0,-5.0,1192.0,-10542.0,38.0,-2302.0,-672.0,-4485.0,-691.0,-1997.0,0.0,66.0,23.0,147.0,1094.0,3285.0,1039.0,6407.0,5580.0,2817.0,475.0,383.0,334.0,0.0,0.0,6312.0,331.0,2024-01-29 09:30:00,2024-01-29,1.0
29/01/2024,10:00,67151.0,65900.0,65300.0,86.0,433.0,5556.0,47926.0,6496.0,2937.0,13036.0,-41.0,1183.0,-10332.0,38.0,-2771.0,0.0,-4485.0,-2623.0,223.0,0.0,65.0,23.0,147.0,1097.0,3275.0,1037.0,6458.0,4963.0,1615.0,473.0,377.0,333.0,0.0,0.0,6178.0,318.0,2024-01-29 10:00:00,2024-01-29,1.0
29/01/2024,10:30,66288.0,65400.0,64700.0,87.0,433.0,5522.0,47931.0,6271.0,4317.0,11196.0,-58.0,1168.0,-10467.0,38.0,-2771.0,0.0,-4485.0,-2637.0,438.0,0.0,65.0,23.0,146.0,1093.0,3247.0,1036.0,6312.0,4237.0,648.0,472.0,366.0,330.0,0.0,0.0,5921.0,350.0,2024-01-29 10:30:00,2024-01-29,1.0
29/01/2024,11:00,65514.0,65000.0,64000.0,88.0,432.0,4977.0,47912.0,5924.0,5536.0,9914.0,-61.0,1186.0,-10256.0,36.0,-2821.0,-619.0,-4428.0,-3200.0,726.0,0.0,66.0,24.0,146.0,1088.0,2706.0,1037.0,6098.0,3517.0,299.0,477.0,378.0,330.0,0.0,0.0,5534.0,390.0,2024-01-29 11:00:00,2024-01-29,1.0
29/01/2024,11:30,64934.0,64900.0,63100.0,88.0,433.0,4223.0,47890.0,5495.0,6441.0,10059.0,-409.0,1188.0,-10367.0,33.0,-2821.0,-619.0,-4428.0,-3200.0,738.0,0.0,66.0,24.0,146.0,1095.0,1947.0,1035.0,6053.0,3637.0,369.0,473.0,383.0,333.0,0.0,0.0,5089.0,405.0,2024-01-29 11:30:00,2024-01-29,1.0
29/01/2024,12:00,64567.0,65000.0,62500.0,88.0,434.0,4018.0,47750.0,5134.0,7181.0,9738.0,-422.0,1191.0,-10438.0,32.0,-3014.0,-180.0,-4478.0,-3195.0,-1193.0,0.0,66.0,24.0,146.0,1092.0,1745.0,1035.0,6061.0,3500.0,177.0,472.0,385.0,334.0,0.0,0.0,4720.0,414.0,2024-01-29 12:00:00,2024-01-29,1.0
29/01/2024,12:30,63723.0,63500.0,61100.0,88.0,435.0,4000.0,47752.0,4950.0,7718.0,9865.0,-559.0,1180.0,-11599.0,32.0,-3014.0,-180.0,-4478.0,-3200.0,-1454.0,0.0,66.0,24.0,145.0,1089.0,1727.0,1038.0,6144.0,3464.0,257.0,464.0,381.0,335.0,0.0,0.0,4529.0,421.0,2024-01-29 12:30:00,2024-01-29,1.0
29/01/2024,13:00,62237.0,62400.0,59600.0,88.0,437.0,3623.0,47709.0,4694.0,7979.0,9751.0,-837.0,1199.0,-12299.0,30.0,-3013.0,702.0,-4485.0,-3070.0,-3437.0,0.0,66.0,24.0,145.0,1091.0,1350.0,1037.0,6190.0,3269.0,292.0,470.0,391.0,338.0,0.0,0.0,4267.0,426.0,2024-01-29 13:00:00,2024-01-29,1.0
29/01/2024,13:30,61032.0,61200.0,58400.0,88.0,438.0,3563.0,47614.0,4545.0,7856.0,9783.0,-835.0,1211.0,-13120.0,30.0,-3013.0,702.0,-4485.0,-3070.0,-3943.0,0.0,66.0,24.0,144.0,1091.0,1291.0,1037.0,6326.0,3129.0,328.0,476.0,395.0,340.0,0.0,0.0,4111.0,434.0,2024-01-29 13:30:00,2024-01-29,1.0
29/01/2024,14:00,60063.0,60300.0,58200.0,88.0,439.0,3582.0,47579.0,4427.0,7470.0,9542.0,-835.0,1210.0,-13327.0,31.0,-3013.0,1259.0,-4485.0,-3198.0,-3623.0,0.0,66.0,24.0,143.0,1090.0,1314.0,1034.0,6332.0,3097.0,113.0,477.0,397.0,336.0,0.0,0.0,3989.0,437.0,2024-01-29 14:00:00,2024-01-29,1.0
29/01/2024,14:30,59817.0,60600.0,57900.0,88.0,439.0,3668.0,47652.0,4354.0,6892.0,9489.0,-712.0,1216.0,-13154.0,31.0,-3013.0,1259.0,-4485.0,-3200.0,-3998.0,0.0,66.0,24.0,143.0,1089.0,1407.0,1029.0,6296.0,3087.0,106.0,485.0,397.0,334.0,0.0,0.0,3918.0,437.0,2024-01-29 14:30:00,2024-01-29,1.0
29/01/2024,15:00,59371.0,60200.0,57800.0,88.0,439.0,3932.0,47700.0,4334.0,6028.0,9914.0,-626.0,1208.0,-13530.0,33.0,-3014.0,1818.0,-4485.0,-3200.0,-4204.0,0.0,66.0,24.0,142.0,1087.0,1676.0,1027.0,6268.0,3346.0,300.0,484.0,392.0,332.0,0.0,0.0,3906.0,428.0,2024-01-29 15:00:00,2024-01-29,1.0
29/01/2024,15:30,58815.0,59700.0,56900.0,87.0,438.0,4297.0,47627.0,4229.0,4897.0,9499.0,-626.0,1211.0,-12730.0,35.0,-3014.0,1818.0,-4485.0,-3200.0,-4529.0,0.0,65.0,23.0,142.0,1083.0,2032.0,1041.0,6298.0,2903.0,299.0,481.0,398.0,332.0,0.0,0.0,3831.0,398.0,2024-01-29 15:30:00,2024-01-29,1.0
29/01/2024,16:00,57884.0,59100.0,56200.0,87.0,439.0,4753.0,47623.0,4256.0,3696.0,9761.0,-625.0,1203.0,-13198.0,38.0,-3014.0,687.0,-4352.0,-3098.0,-4555.0,0.0,66.0,23.0,142.0,1082.0,2484.0,1045.0,6305.0,3059.0,397.0,479.0,392.0,333.0,0.0,0.0,3887.0,369.0,2024-01-29 16:00:00,2024-01-29,1.0
29/01/2024,16:30,57169.0,58800.0,55600.0,87.0,438.0,4834.0,47541.0,4470.0,2527.0,10353.0,-261.0,1212.0,-13919.0,38.0,-3014.0,687.0,-4352.0,-3098.0,-4555.0,0.0,66.0,23.0,142.0,1084.0,2559.0,1050.0,6347.0,3381.0,625.0,485.0,393.0,334.0,0.0,0.0,4087.0,383.0,2024-01-29 16:30:00,2024-01-29,1.0
29/01/2024,17:00,56886.0,59200.0,56100.0,87.0,438.0,4957.0,47095.0,4835.0,1446.0,11016.0,-7.0,1224.0,-14095.0,39.0,-3014.0,416.0,-4341.0,-2538.0,-4406.0,0.0,66.0,23.0,142.0,1083.0,2682.0,1051.0,6402.0,3801.0,813.0,485.0,401.0,338.0,0.0,0.0,4416.0,420.0,2024-01-29 17:00:00,2024-01-29,1.0
29/01/2024,17:30,57697.0,60300.0,57300.0,87.0,438.0,5495.0,46963.0,5403.0,583.0,11831.0,-4.0,1227.0,-14210.0,41.0,-3014.0,416.0,-4341.0,-2538.0,-4406.0,0.0,66.0,23.0,142.0,1088.0,3211.0,1054.0,6494.0,4401.0,937.0,480.0,408.0,339.0,0.0,0.0,4947.0,456.0,2024-01-29 17:30:00,2024-01-29,1.0
29/01/2024,18:00,59778.0,62700.0,59800.0,88.0,439.0,5617.0,46916.0,5997.0,94.0,13469.0,-4.0,1228.0,-13948.0,40.0,-2617.0,-1123.0,-4189.0,-2993.0,-2881.0,0.0,67.0,23.0,144.0,1090.0,3332.0,1050.0,6664.0,5226.0,1579.0,474.0,411.0,343.0,0.0,0.0,5482.0,515.0,2024-01-29 18:00:00,2024-01-29,1.0
29/01/2024,18:30,62845.0,65000.0,62200.0,91.0,473.0,5893.0,46851.0,6729.0,0.0,15182.0,-4.0,1230.0,-13483.0,41.0,-2617.0,-1123.0,-4189.0,-2990.0,-2177.0,0.0,69.0,23.0,144.0,1102.0,3580.0,1067.0,6725.0,5687.0,2770.0,477.0,411.0,342.0,0.0,0.0,6150.0,579.0,2024-01-29 18:30:00,2024-01-29,1.0
29/01/2024,19:00,65331.0,66500.0,63800.0,91.0,503.0,6179.0,46903.0,7477.0,1.0,16129.0,-4.0,1233.0,-13065.0,41.0,-1853.0,-2911.0,-4212.0,-3200.0,-1101.0,0.0,70.0,23.0,144.0,1099.0,3869.0,1068.0,6955.0,5853.0,3320.0,480.0,411.0,341.0,0.0,0.0,6868.0,609.0,2024-01-29 19:00:00,2024-01-29,1.0
29/01/2024,19:30,65768.0,65700.0,63200.0,91.0,484.0,6335.0,46960.0,8175.0,0.0,16156.0,-3.0,1231.0,-13545.0,41.0,-1853.0,-2911.0,-4212.0,-3200.0,-1182.0,0.0,70.0,23.0,145.0,1099.0,4023.0,1067.0,7041.0,5860.0,3255.0,479.0,409.0,343.0,0.0,0.0,7583.0,592.0,2024-01-29 19:30:00,2024-01-29,1.0
29/01/2024,20:00,64419.0,63700.0,61400.0,90.0,422.0,6038.0,46969.0,8632.0,0.0,14777.0,-4.0,1239.0,-13627.0,40.0,-1530.0,-3098.0,-4485.0,-3200.0,-3471.0,0.0,69.0,23.0,146.0,1100.0,3724.0,1068.0,6963.0,5227.0,2587.0,484.0,412.0,344.0,0.0,0.0,8065.0,567.0,2024-01-29 20:00:00,2024-01-29,1.0
29/01/2024,20:30,62686.0,61600.0,59400.0,91.0,317.0,5778.0,46991.0,8900.0,0.0,14931.0,-4.0,1246.0,-15451.0,37.0,-1530.0,-3098.0,-4485.0,-3200.0,-3656.0,0.0,70.0,23.0,146.0,1098.0,3482.0,1052.0,6861.0,5713.0,2356.0,491.0,411.0,344.0,0.0,0.0,8346.0,554.0,2024-01-29 20:30:00,2024-01-29,1.0
29/01/2024,21:00,60605.0,59500.0,57500.0,90.0,315.0,5524.0,47356.0,9085.0,0.0,13143.0,-4.0,1241.0,-16031.0,37.0,-1947.0,-3098.0,-4485.0,-3200.0,-4044.0,0.0,69.0,23.0,146.0,1098.0,3230.0,1050.0,6760.0,5426.0,957.0,492.0,406.0,343.0,0.0,0.0,8531.0,554.0,2024-01-29 21:00:00,2024-01-29,1.0
29/01/2024,21:30,59070.0,57900.0,56100.0,91.0,316.0,5506.0,47447.0,9260.0,0.0,12430.0,-4.0,1249.0,-17110.0,37.0,-1947.0,-3098.0,-4485.0,-3200.0,-4284.0,0.0,70.0,23.0,146.0,1092.0,3225.0,1042.0,6492.0,5051.0,887.0,494.0,411.0,343.0,0.0,0.0,8727.0,533.0,2024-01-29 21:30:00,2024-01-29,1.0
29/01/2024,22:00,57669.0,56500.0,54900.0,91.0,315.0,4849.0,47374.0,9405.0,0.0,11639.0,-21.0,1242.0,-17099.0,35.0,-1911.0,-3098.0,-4269.0,-3175.0,-4171.0,0.0,70.0,23.0,143.0,1090.0,2575.0,1041.0,6478.0,4556.0,605.0,485.0,411.0,345.0,0.0,0.0,8832.0,573.0,2024-01-29 22:00:00,2024-01-29,1.0
29/01/2024,22:30,57799.0,57200.0,55700.0,91.0,316.0,5110.0,47446.0,9157.0,0.0,11410.0,-55.0,1246.0,-16806.0,36.0,-1911.0,-3098.0,-4269.0,-3175.0,-3414.0,0.0,70.0,23.0,144.0,1093.0,2832.0,1042.0,6452.0,4248.0,710.0,492.0,410.0,344.0,0.0,0.0,8591.0,565.0,2024-01-29 22:30:00,2024-01-29,1.0
29/01/2024,23:00,59008.0,58700.0,57400.0,90.0,316.0,5785.0,47480.0,8892.0,0.0,11124.0,-60.0,1234.0,-15738.0,39.0,-1534.0,-2979.0,-4324.0,-2882.0,-3577.0,0.0,69.0,23.0,144.0,1089.0,3510.0,1042.0,6396.0,4023.0,705.0,485.0,406.0,343.0,0.0,0.0,8336.0,555.0,2024-01-29 23:00:00,2024-01-29,1.0
29/01/2024,23:30,58351.0,58000.0,56600.0,90.0,315.0,5752.0,47483.0,8580.0,0.0,10545.0,-171.0,1234.0,-15366.0,39.0,-1534.0,-2979.0,-4324.0,-2882.0,-3510.0,0.0,69.0,23.0,144.0,1087.0,3480.0,1041.0,6037.0,3889.0,619.0,485.0,407.0,341.0,0.0,0.0,8083.0,497.0,2024-01-29 23:30:00,2024-01-29,1.0
14/02/2024,00:00,58292.0,57000.0,55700.0,99.0,300.0,4249.0,44739.0,10483.0,0.0,8557.0,-48.0,1274.0,-11251.0,34.0,-3014.0,-19.0,-3807.0,-3200.0,-1374.0,0.0,77.0,24.0,133.0,1206.0,1858.0,1052.0,5723.0,2531.0,303.0,514.0,406.0,354.0,0.0,0.0,9758.0,725.0,2024-02-14 00:00:00,2024-02-14,2.0
14/02/2024,00:30,57179.0,55400.0,54000.0,99.0,301.0,4085.0,44704.0,10423.0,0.0,8069.0,-18.0,1268.0,-11649.0,34.0,-3014.0,-19.0,-3807.0,-3200.0,-1533.0,0.0,77.0,24.0,128.0,1138.0,1771.0,1049.0,5500.0,2239.0,330.0,509.0,405.0,353.0,0.0,0.0,9614.0,808.0,2024-02-14 00:30:00,2024-02-14,2.0
14/02/2024,01:00,54499.0,53400.0,51700.0,99.0,301.0,3236.0,44512.0,10310.0,0.0,7103.0,-479.0,1275.0,-11740.0,31.0,-3014.0,533.0,-3807.0,-3189.0,-2608.0,0.0,77.0,24.0,128.0,1119.0,943.0,1046.0,5501.0,1473.0,129.0,511.0,410.0,354.0,0.0,0.0,9555.0,755.0,2024-02-14 01:00:00,2024-02-14,2.0
14/02/2024,01:30,54018.0,53700.0,52200.0,99.0,301.0,2837.0,44650.0,10294.0,0.0,7445.0,-597.0,1282.0,-12205.0,28.0,-3014.0,533.0,-3807.0,-3189.0,-2332.0,0.0,77.0,24.0,128.0,1125.0,537.0,1047.0,5536.0,1693.0,216.0,511.0,417.0,354.0,0.0,0.0,9551.0,743.0,2024-02-14 01:30:00,2024-02-14,2.0
14/02/2024,02:00,53692.0,54100.0,51900.0,99.0,301.0,2783.0,44508.0,10076.0,0.0,7480.0,-710.0,1286.0,-12030.0,28.0,-3014.0,1120.0,-3807.0,-3200.0,-3266.0,0.0,77.0,24.0,128.0,1124.0,482.0,1050.0,5505.0,1784.0,191.0,517.0,422.0,347.0,0.0,0.0,9347.0,730.0,2024-02-14 02:00:00,2024-02-14,2.0
14/02/2024,02:30,53605.0,52900.0,50900.0,99.0,301.0,2868.0,44515.0,9784.0,0.0,8010.0,-1279.0,1278.0,-11883.0,29.0,-3014.0,1120.0,-3807.0,-3200.0,-3277.0,0.0,77.0,24.0,128.0,1126.0,564.0,1051.0,5520.0,2256.0,234.0,513.0,419.0,346.0,0.0,0.0,9043.0,740.0,2024-02-14 02:30:00,2024-02-14,2.0
14/02/2024,03:00,52234.0,51800.0,49800.0,99.0,301.0,2819.0,44463.0,9619.0,0.0,7402.0,-1495.0,1275.0,-12156.0,29.0,-3014.0,-163.0,-4233.0,-3200.0,-2387.0,0.0,77.0,24.0,128.0,1125.0,515.0,1051.0,5488.0,1812.0,103.0,508.0,421.0,346.0,0.0,0.0,8823.0,797.0,2024-02-14 03:00:00,2024-02-14,2.0
14/02/2024,03:30,51186.0,50700.0,48900.0,99.0,301.0,2860.0,44411.0,9335.0,0.0,7383.0,-1327.0,1285.0,-13057.0,29.0,-3014.0,-163.0,-4233.0,-3200.0,-2419.0,0.0,77.0,24.0,127.0,1126.0,559.0,1048.0,5439.0,1841.0,104.0,515.0,421.0,349.0,0.0,0.0,8553.0,782.0,2024-02-14 03:30:00,2024-02-14,2.0
14/02/2024,04:00,50143.0,49800.0,47900.0,99.0,301.0,2810.0,44255.0,9105.0,0.0,7205.0,-1519.0,1284.0,-13289.0,30.0,-3014.0,683.0,-4233.0,-3200.0,-3757.0,0.0,77.0,24.0,127.0,1125.0,510.0,1048.0,5459.0,1659.0,87.0,515.0,420.0,349.0,0.0,0.0,8325.0,780.0,2024-02-14 04:00:00,2024-02-14,2.0
14/02/2024,04:30,49779.0,49800.0,47700.0,99.0,301.0,2846.0,44706.0,8952.0,0.0,7212.0,-1850.0,1288.0,-13674.0,30.0,-3014.0,683.0,-4233.0,-3200.0,-3799.0,0.0,77.0,24.0,127.0,1125.0,550.0,1044.0,5443.0,1678.0,91.0,521.0,419.0,348.0,0.0,0.0,8116.0,836.0,2024-02-14 04:30:00,2024-02-14,2.0
14/02/2024,05:00,49677.0,50500.0,48900.0,99.0,301.0,2844.0,44772.0,8674.0,0.0,7366.0,-1895.0,1282.0,-13666.0,30.0,-3014.0,862.0,-4233.0,-3200.0,-2465.0,0.0,77.0,24.0,127.0,1126.0,549.0,1043.0,5473.0,1789.0,103.0,514.0,419.0,348.0,0.0,0.0,7917.0,758.0,2024-02-14 05:00:00,2024-02-14,2.0
14/02/2024,05:30,51162.0,51900.0,49700.0,99.0,301.0,2769.0,44786.0,8515.0,0.0,7125.0,-1264.0,1279.0,-12351.0,29.0,-3014.0,862.0,-4233.0,-3200.0,-2681.0,0.0,77.0,24.0,127.0,1126.0,472.0,1044.0,5473.0,1581.0,72.0,513.0,422.0,344.0,0.0,0.0,7802.0,712.0,2024-02-14 05:30:00,2024-02-14,2.0
14/02/2024,06:00,52447.0,53700.0,51800.0,99.0,301.0,2660.0,44825.0,8468.0,0.0,7944.0,-709.0,1279.0,-12330.0,28.0,-2534.0,2000.0,-4233.0,-2994.0,-2259.0,0.0,77.0,24.0,128.0,1127.0,359.0,1045.0,5564.0,2105.0,275.0,513.0,422.0,344.0,0.0,0.0,7753.0,715.0,2024-02-14 06:00:00,2024-02-14,2.0
14/02/2024,06:30,55473.0,56200.0,54600.0,99.0,301.0,3327.0,44748.0,8380.0,0.0,8079.0,-259.0,1273.0,-10372.0,31.0,-2534.0,2000.0,-4233.0,-3200.0,-2548.0,0.0,77.0,24.0,130.0,1141.0,1010.0,1046.0,5692.0,2089.0,298.0,508.0,422.0,343.0,0.0,0.0,7653.0,727.0,2024-02-14 06:30:00,2024-02-14,2.0
14/02/2024,07:00,57953.0,59200.0,57500.0,101.0,301.0,4466.0,44830.0,8313.0,0.0,9760.0,-16.0,1274.0,-10987.0,36.0,-1706.0,429.0,-3963.0,-3200.0,-2492.0,0.0,79.0,24.0,130.0,1176.0,2108.0,1052.0,5698.0,3138.0,925.0,511.0,420.0,344.0,0.0,0.0,7649.0,663.0,2024-02-14 07:00:00,2024-02-14,2.0
14/02/2024,07:30,60687.0,61400.0,59400.0,100.0,356.0,4948.0,44777.0,8698.0,0.0,11677.0,-15.0,1278.0,-11025.0,37.0,-1706.0,429.0,-3963.0,-3200.0,-2145.0,0.0,78.0,24.0,130.0,1230.0,2523.0,1065.0,5847.0,3352.0,2478.0,513.0,419.0,346.0,0.0,0.0,8006.0,693.0,2024-02-14 07:30:00,2024-02-14,2.0
14/02/2024,08:00,62030.0,62300.0,60500.0,101.0,419.0,4947.0,44730.0,8759.0,21.0,13148.0,-13.0,1268.0,-11243.0,37.0,-1517.0,-542.0,-3963.0,-3200.0,-2327.0,0.0,78.0,24.0,131.0,1213.0,2534.0,1068.0,6100.0,3991.0,3057.0,510.0,415.0,343.0,0.0,0.0,8116.0,642.0,2024-02-14 08:00:00,2024-02-14,2.0
14/02/2024,08:30,62848.0,63200.0,61500.0,100.0,421.0,5086.0,44822.0,8843.0,332.0,13728.0,-14.0,1255.0,-11622.0,38.0,-1517.0,-542.0,-3963.0,-3200.0,-2134.0,0.0,78.0,24.0,131.0,1222.0,2653.0,1079.0,6206.0,4132.0,3389.0,501.0,417.0,337.0,0.0,0.0,8185.0,658.0,2024-02-14 08:30:00,2024-02-14,2.0
14/02/2024,09:00,63410.0,63500.0,61800.0,99.0,421.0,5084.0,44826.0,8914.0,1260.0,13172.0,-13.0,1260.0,-11509.0,37.0,-3014.0,1800.0,-3330.0,-3077.0,-3863.0,0.0,77.0,24.0,128.0,1209.0,2671.0,1076.0,6190.0,4218.0,2764.0,507.0,420.0,333.0,0.0,0.0,8248.0,666.0,2024-02-14 09:00:00,2024-02-14,2.0
14/02/2024,09:30,63499.0,63500.0,61500.0,102.0,421.0,5158.0,44824.0,8801.0,2604.0,12506.0,-10.0,1247.0,-12033.0,37.0,-3014.0,1800.0,-3330.0,-3181.0,-3933.0,0.0,78.0,25.0,126.0,1204.0,2760.0,1068.0,6139.0,4110.0,2257.0,501.0,419.0,327.0,0.0,0.0,8154.0,647.0,2024-02-14 09:30:00,2024-02-14,2.0
14/02/2024,10:00,63122.0,62900.0,61100.0,104.0,421.0,5095.0,44845.0,8707.0,4043.0,10566.0,-14.0,1244.0,-11768.0,37.0,-3014.0,1800.0,-3251.0,-3143.0,-5472.0,1.0,78.0,25.0,126.0,1188.0,2717.0,1064.0,5974.0,3116.0,1476.0,503.0,412.0,329.0,0.0,0.0,8080.0,627.0,2024-02-14 10:00:00,2024-02-14,2.0
14/02/2024,10:30,62636.0,62400.0,60300.0,102.0,422.0,4855.0,44852.0,8656.0,5375.0,10248.0,-10.0,1254.0,-13030.0,36.0,-3014.0,1800.0,-3251.0,-3200.0,-5472.0,0.0,78.0,26.0,127.0,1186.0,2477.0,1065.0,5706.0,3207.0,1335.0,506.0,415.0,333.0,0.0,0.0,8111.0,545.0,2024-02-14 10:30:00,2024-02-14,2.0
14/02/2024,11:00,62169.0,61900.0,59900.0,103.0,424.0,4785.0,44839.0,8441.0,6628.0,9093.0,-77.0,1256.0,-13225.0,36.0,-3014.0,2000.0,-3330.0,-3128.0,-5636.0,0.0,78.0,26.0,127.0,1200.0,2394.0,1065.0,5545.0,2857.0,691.0,502.0,418.0,336.0,0.0,0.0,7944.0,497.0,2024-02-14 11:00:00,2024-02-14,2.0
14/02/2024,11:30,62060.0,61600.0,59800.0,105.0,469.0,4728.0,44839.0,8487.0,7670.0,8569.0,-328.0,1246.0,-13634.0,36.0,-3014.0,2000.0,-3330.0,-3188.0,-5636.0,1.0,78.0,27.0,128.0,1170.0,2378.0,1052.0,5419.0,2740.0,411.0,493.0,415.0,338.0,0.0,0.0,7923.0,564.0,2024-02-14 11:30:00,2024-02-14,2.0
14/02/2024,12:00,62159.0,61500.0,59800.0,103.0,494.0,4054.0,44842.0,8507.0,8477.0,8256.0,-467.0,1251.0,-13275.0,33.0,-3014.0,2000.0,-3478.0,-3098.0,-6102.0,0.0,78.0,27.0,126.0,1165.0,1713.0,1050.0,5389.0,2421.0,445.0,496.0,417.0,339.0,0.0,0.0,7889.0,618.0,2024-02-14 12:00:00,2024-02-14,2.0
14/02/2024,12:30,61416.0,60100.0,58400.0,103.0,507.0,4004.0,44783.0,8321.0,9082.0,8027.0,-428.0,1261.0,-14150.0,33.0,-3014.0,2000.0,-3478.0,-3200.0,-6190.0,0.0,78.0,27.0,130.0,1135.0,1678.0,1061.0,5294.0,2296.0,437.0,500.0,420.0,341.0,0.0,0.0,7636.0,685.0,2024-02-14 12:30:00,2024-02-14,2.0
14/02/2024,13:00,60235.0,58800.0,57200.0,103.0,513.0,3542.0,44651.0,8359.0,9403.0,7415.0,-282.0,1266.0,-14622.0,31.0,-3014.0,1757.0,-3394.0,-3200.0,-5790.0,0.0,78.0,27.0,129.0,1090.0,1260.0,1062.0,5252.0,1891.0,272.0,504.0,417.0,345.0,0.0,0.0,7591.0,768.0,2024-02-14 13:00:00,2024-02-14,2.0
14/02/2024,13:30,59113.0,57700.0,56100.0,104.0,523.0,3469.0,44609.0,8215.0,9530.0,6940.0,-870.0,1262.0,-14561.0,32.0,-3014.0,1757.0,-3394.0,-3200.0,-5906.0,0.0,79.0,27.0,129.0,1077.0,1205.0,1058.0,5152.0,1547.0,240.0,496.0,417.0,349.0,0.0,0.0,7452.0,762.0,2024-02-14 13:30:00,2024-02-14,2.0
14/02/2024,14:00,58277.0,57500.0,55900.0,104.0,528.0,2957.0,44645.0,8074.0,9275.0,6868.0,-1230.0,1254.0,-14100.0,30.0,-2900.0,2000.0,-3409.0,-3011.0,-5889.0,0.0,78.0,28.0,124.0,1075.0,705.0,1052.0,5173.0,1448.0,248.0,496.0,412.0,346.0,0.0,0.0,7312.0,762.0,2024-02-14 14:00:00,2024-02-14,2.0
14/02/2024,14:30,58094.0,57300.0,55800.0,103.0,530.0,2765.0,44766.0,7830.0,8731.0,7334.0,-1229.0,1245.0,-13885.0,29.0,-2900.0,2000.0,-3409.0,-3011.0,-5906.0,0.0,78.0,27.0,123.0,1074.0,519.0,1050.0,5247.0,1678.0,409.0,491.0,409.0,346.0,0.0,0.0,7016.0,815.0,2024-02-14 14:30:00,2024-02-14,2.0
14/02/2024,15:00,57518.0,56600.0,55100.0,103.0,534.0,2758.0,44790.0,7388.0,8042.0,7581.0,-1179.0,1248.0,-13655.0,29.0,-2994.0,2000.0,-3717.0,-3199.0,-5096.0,0.0,78.0,27.0,124.0,1065.0,518.0,1051.0,5321.0,1788.0,472.0,488.0,415.0,345.0,0.0,0.0,6566.0,823.0,2024-02-14 15:00:00,2024-02-14,2.0
14/02/2024,15:30,56745.0,55700.0,54300.0,103.0,536.0,2779.0,44788.0,6851.0,7127.0,7668.0,-1042.0,1252.0,-13230.0,30.0,-2994.0,2000.0,-3717.0,-3199.0,-5095.0,0.0,78.0,27.0,125.0,1090.0,513.0,1051.0,5361.0,1826.0,481.0,487.0,418.0,347.0,0.0,0.0,6057.0,794.0,2024-02-14 15:30:00,2024-02-14,2.0
14/02/2024,16:00,55646.0,54800.0,53400.0,103.0,545.0,2938.0,44798.0,6294.0,5986.0,7849.0,-959.0,1264.0,-13087.0,31.0,-3014.0,2300.0,-3770.0,-3199.0,-4682.0,0.0,78.0,26.0,125.0,1124.0,634.0,1055.0,5425.0,1916.0,508.0,491.0,422.0,351.0,0.0,0.0,5515.0,779.0,2024-02-14 16:00:00,2024-02-14,2.0
14/02/2024,16:30,54747.0,53700.0,52300.0,102.0,545.0,2841.0,44741.0,5911.0,4694.0,7775.0,-891.0,1266.0,-12137.0,32.0,-3014.0,2300.0,-3770.0,-3199.0,-4693.0,0.0,78.0,25.0,127.0,1137.0,532.0,1045.0,5442.0,1854.0,479.0,492.0,418.0,356.0,0.0,0.0,5180.0,731.0,2024-02-14 16:30:00,2024-02-14,2.0
14/02/2024,17:00,54269.0,53500.0,52200.0,102.0,547.0,3042.0,44837.0,5581.0,3092.0,8232.0,-17.0,1261.0,-12305.0,33.0,-3014.0,2300.0,-3647.0,-2824.0,-5088.0,0.0,78.0,25.0,132.0,1149.0,706.0,1056.0,5581.0,2076.0,575.0,492.0,415.0,353.0,0.0,0.0,4903.0,678.0,2024-02-14 17:00:00,2024-02-14,2.0
14/02/2024,17:30,54279.0,54500.0,53200.0,101.0,522.0,3608.0,44788.0,5359.0,1556.0,9026.0,-9.0,1257.0,-11829.0,36.0,-3014.0,2300.0,-3647.0,-2824.0,-5088.0,0.0,78.0,25.0,132.0,1190.0,1219.0,1067.0,5912.0,2637.0,477.0,493.0,413.0,351.0,0.0,0.0,4751.0,608.0,2024-02-14 17:30:00,2024-02-14,2.0
14/02/2024,18:00,55346.0,57100.0,55800.0,100.0,447.0,4627.0,44848.0,5361.0,490.0,10845.0,-9.0,1255.0,-12526.0,39.0,-3014.0,2300.0,-3710.0,-2996.0,-4802.0,0.0,77.0,24.0,132.0,1195.0,2233.0,1067.0,6162.0,3465.0,1218.0,492.0,408.0,354.0,0.0,0.0,4770.0,592.0,2024-02-14 18:00:00,2024-02-14,2.0
14/02/2024,18:30,58072.0,60000.0,58800.0,99.0,434.0,5174.0,44810.0,5537.0,46.0,12765.0,-9.0,1250.0,-11925.0,40.0,-3014.0,2300.0,-3710.0,-2996.0,-4276.0,0.0,76.0,24.0,131.0,1215.0,2759.0,1068.0,6381.0,4340.0,2044.0,487.0,408.0,354.0,0.0,0.0,4958.0,578.0,2024-02-14 18:30:00,2024-02-14,2.0
14/02/2024,19:00,61390.0,62200.0,61000.0,101.0,474.0,5242.0,44831.0,6156.0,3.0,15221.0,-9.0,1255.0,-11781.0,40.0,-2839.0,1055.0,-4283.0,-3169.0,-1497.0,0.0,78.0,24.0,130.0,1268.0,2776.0,1068.0,6688.0,5295.0,3238.0,489.0,413.0,353.0,0.0,0.0,5504.0,652.0,2024-02-14 19:00:00,2024-02-14,2.0
14/02/2024,19:30,62293.0,61500.0,60300.0,101.0,471.0,5231.0,44875.0,6678.0,2.0,14710.0,-9.0,1260.0,-10924.0,40.0,-2839.0,1055.0,-4283.0,-3169.0,-1594.0,0.0,78.0,24.0,130.0,1241.0,2790.0,1069.0,6722.0,4645.0,3344.0,500.0,408.0,352.0,0.0,0.0,6053.0,625.0,2024-02-14 19:30:00,2024-02-14,2.0
14/02/2024,20:00,61186.0,59600.0,58400.0,101.0,467.0,5213.0,44874.0,7059.0,1.0,13508.0,-10.0,1265.0,-11185.0,40.0,-2954.0,104.0,-4345.0,-3185.0,-3472.0,0.0,79.0,24.0,131.0,1210.0,2803.0,1070.0,6646.0,3791.0,3071.0,502.0,409.0,355.0,0.0,0.0,6495.0,564.0,2024-02-14 20:00:00,2024-02-14,2.0
14/02/2024,20:30,59437.0,57600.0,56400.0,101.0,467.0,5191.0,44892.0,7381.0,0.0,14202.0,-8.0,1264.0,-13958.0,39.0,-2954.0,104.0,-4345.0,-3185.0,-3814.0,0.0,78.0,24.0,132.0,1197.0,2801.0,1060.0,6613.0,4746.0,2844.0,502.0,408.0,355.0,0.0,0.0,6812.0,569.0,2024-02-14 20:30:00,2024-02-14,2.0
14/02/2024,21:00,57512.0,55900.0,54700.0,101.0,440.0,5184.0,44905.0,7654.0,0.0,12366.0,-8.0,1278.0,-14309.0,40.0,-3011.0,518.0,-3970.0,-3200.0,-4070.0,0.0,78.0,24.0,130.0,1194.0,2801.0,1059.0,6472.0,4012.0,1882.0,512.0,408.0,357.0,0.0,0.0,7090.0,564.0,2024-02-14 21:00:00,2024-02-14,2.0
14/02/2024,21:30,55989.0,54300.0,53100.0,99.0,328.0,5110.0,44899.0,7796.0,0.0,10042.0,-8.0,1257.0,-13448.0,39.0,-3011.0,518.0,-3970.0,-3200.0,-4355.0,0.0,76.0,24.0,130.0,1164.0,2768.0,1048.0,6119.0,2676.0,1246.0,519.0,380.0,357.0,0.0,0.0,7260.0,536.0,2024-02-14 21:30:00,2024-02-14,2.0
14/02/2024,22:00,54659.0,54200.0,53000.0,99.0,315.0,5084.0,44788.0,7851.0,0.0,9005.0,-8.0,1261.0,-13629.0,39.0,-3014.0,2255.0,-3970.0,-3200.0,-4483.0,0.0,76.0,24.0,130.0,1165.0,2743.0,1047.0,6012.0,1969.0,1023.0,510.0,394.0,358.0,0.0,0.0,7347.0,504.0,2024-02-14 22:00:00,2024-02-14,2.0
14/02/2024,22:30,54797.0,54800.0,53600.0,99.0,314.0,4796.0,44787.0,7807.0,0.0,8300.0,-9.0,1279.0,-12486.0,38.0,-3014.0,2255.0,-3970.0,-3200.0,-3366.0,0.0,76.0,24.0,130.0,1164.0,2451.0,1050.0,5801.0,1693.0,806.0,517.0,405.0,357.0,0.0,0.0,7255.0,553.0,2024-02-14 22:30:00,2024-02-14,2.0
14/02/2024,23:00,56070.0,56000.0,54800.0,98.0,314.0,4286.0,44712.0,7969.0,0.0,8633.0,-17.0,1277.0,-11099.0,36.0,-3014.0,2300.0,-3828.0,-3200.0,-4012.0,0.0,76.0,24.0,130.0,1159.0,1949.0,1048.0,5736.0,2143.0,754.0,513.0,407.0,357.0,0.0,0.0,7395.0,574.0,2024-02-14 23:00:00,2024-02-14,2.0
14/02/2024,23:30,55388.0,54500.0,53300.0,98.0,313.0,4194.0,44777.0,8269.0,0.0,8617.0,-51.0,1282.0,-12005.0,35.0,-3014.0,2300.0,-3828.0,-3200.0,-4031.0,0.0,75.0,24.0,130.0,1144.0,1875.0,1045.0,5657.0,2547.0,413.0,520.0,406.0,356.0,0.0,0.0,7644.0,625.0,2024-02-14 23:30:00,2024-02-14,2.0
14/03/2024,00:00,54005.0,53200.0,52300.0,99.0,18.0,3117.0,42700.0,4745.0,1.0,10739.0,-24.0,1257.0,-8598.0,27.0,-3124.0,500.0,-2240.0,-2385.0,-2736.0,0.0,84.0,17.0,116.0,942.0,1120.0,939.0,6335.0,3685.0,719.0,513.0,397.0,347.0,0.0,0.0,4260.0,485.0,2024-03-14 00:00:00,2024-03-14,3.0
14/03/2024,00:30,53257.0,51500.0,51200.0,100.0,18.0,3036.0,42564.0,4825.0,1.0,11573.0,-25.0,1253.0,-10052.0,26.0,-3124.0,500.0,-2240.0,-2385.0,-2859.0,0.0,84.0,17.0,111.0,904.0,1079.0,942.0,6242.0,4079.0,1253.0,511.0,395.0,348.0,0.0,0.0,4348.0,476.0,2024-03-14 00:30:00,2024-03-14,3.0
14/03/2024,01:00,50827.0,49200.0,49000.0,101.0,18.0,2417.0,41894.0,4904.0,1.0,10497.0,-152.0,1253.0,-10062.0,24.0,-3258.0,649.0,-2240.0,-2385.0,-3632.0,0.0,86.0,17.0,111.0,905.0,459.0,941.0,6150.0,3809.0,537.0,510.0,395.0,348.0,0.0,0.0,4450.0,453.0,2024-03-14 01:00:00,2024-03-14,3.0
14/03/2024,01:30,50453.0,50000.0,49600.0,101.0,18.0,2408.0,41871.0,4816.0,0.0,11008.0,-197.0,1261.0,-10794.0,23.0,-3258.0,649.0,-2240.0,-2385.0,-3676.0,0.0,85.0,17.0,112.0,907.0,447.0,942.0,6036.0,4005.0,967.0,517.0,398.0,346.0,0.0,0.0,4344.0,472.0,2024-03-14 01:30:00,2024-03-14,3.0
14/03/2024,02:00,50121.0,50100.0,49800.0,100.0,18.0,2367.0,41790.0,4678.0,0.0,10740.0,-197.0,1256.0,-10588.0,23.0,-3506.0,472.0,-2240.0,-2385.0,-3995.0,0.0,85.0,17.0,112.0,908.0,405.0,942.0,5976.0,3850.0,915.0,517.0,395.0,344.0,0.0,0.0,4245.0,433.0,2024-03-14 02:00:00,2024-03-14,3.0
14/03/2024,02:30,50032.0,48900.0,48500.0,100.0,18.0,2418.0,41558.0,4720.0,0.0,11485.0,-196.0,1256.0,-11291.0,23.0,-3506.0,472.0,-2240.0,-2385.0,-4200.0,0.0,85.0,17.0,113.0,903.0,462.0,941.0,5985.0,4361.0,1139.0,516.0,397.0,342.0,0.0,0.0,4313.0,407.0,2024-03-14 02:30:00,2024-03-14,3.0
14/03/2024,03:00,48850.0,47400.0,47600.0,99.0,18.0,2409.0,40857.0,4846.0,0.0,10796.0,-196.0,1258.0,-11194.0,24.0,-3124.0,547.0,-2240.0,-2385.0,-5056.0,0.0,84.0,17.0,113.0,905.0,451.0,940.0,5951.0,4098.0,746.0,516.0,399.0,343.0,0.0,0.0,4396.0,450.0,2024-03-14 03:00:00,2024-03-14,3.0
14/03/2024,03:30,48026.0,46700.0,46600.0,98.0,18.0,2446.0,40905.0,4958.0,0.0,10583.0,-527.0,1255.0,-11695.0,24.0,-3124.0,547.0,-2240.0,-2385.0,-5070.0,0.0,83.0,17.0,113.0,906.0,486.0,941.0,5949.0,3783.0,851.0,514.0,396.0,344.0,0.0,0.0,4425.0,533.0,2024-03-14 03:30:00,2024-03-14,3.0
14/03/2024,04:00,47177.0,45800.0,45800.0,98.0,18.0,2423.0,40903.0,5062.0,0.0,10350.0,-798.0,1256.0,-12107.0,24.0,-2993.0,800.0,-2240.0,-2385.0,-5084.0,0.0,83.0,17.0,113.0,910.0,461.0,938.0,5948.0,3784.0,617.0,513.0,399.0,343.0,0.0,0.0,4488.0,574.0,2024-03-14 04:00:00,2024-03-14,3.0
14/03/2024,04:30,47033.0,45500.0,46200.0,99.0,18.0,2435.0,41308.0,5164.0,0.0,9733.0,-1175.0,1255.0,-11761.0,24.0,-2993.0,800.0,-2240.0,-2385.0,-5194.0,0.0,84.0,17.0,113.0,908.0,480.0,934.0,5922.0,3388.0,423.0,513.0,398.0,343.0,0.0,0.0,4574.0,590.0,2024-03-14 04:30:00,2024-03-14,3.0
14/03/2024,05:00,47242.0,46500.0,46800.0,99.0,18.0,2423.0,41386.0,5159.0,0.0,9698.0,-998.0,1245.0,-11751.0,24.0,-1529.0,800.0,-2240.0,-2385.0,-5181.0,0.0,84.0,17.0,113.0,910.0,469.0,932.0,5943.0,3398.0,357.0,505.0,396.0,344.0,0.0,0.0,4565.0,594.0,2024-03-14 05:00:00,2024-03-14,3.0
14/03/2024,05:30,48955.0,48100.0,48500.0,99.0,18.0,2420.0,41166.0,5328.0,0.0,9638.0,-386.0,1243.0,-10501.0,24.0,-1529.0,800.0,-2240.0,-2385.0,-5340.0,0.0,83.0,17.0,113.0,912.0,465.0,931.0,6029.0,3385.0,224.0,501.0,399.0,343.0,0.0,0.0,4698.0,629.0,2024-03-14 05:30:00,2024-03-14,3.0
14/03/2024,06:00,50484.0,50100.0,50500.0,100.0,18.0,2652.0,41234.0,5534.0,0.0,10541.0,-25.0,1243.0,-10763.0,25.0,-448.0,800.0,-2240.0,-2385.0,-4648.0,0.0,85.0,17.0,115.0,915.0,688.0,934.0,6143.0,4096.0,302.0,502.0,400.0,342.0,0.0,0.0,4897.0,637.0,2024-03-14 06:00:00,2024-03-14,3.0
14/03/2024,06:30,53716.0,53200.0,53800.0,99.0,18.0,2865.0,41237.0,5760.0,0.0,11603.0,-23.0,1230.0,-9009.0,25.0,-448.0,800.0,-2240.0,-2385.0,-4674.0,0.0,84.0,17.0,117.0,943.0,871.0,934.0,6365.0,4323.0,915.0,492.0,395.0,343.0,0.0,0.0,5111.0,648.0,2024-03-14 06:30:00,2024-03-14,3.0
14/03/2024,07:00,56203.0,55300.0,56000.0,99.0,18.0,2919.0,41335.0,5828.0,1.0,13793.0,-20.0,1230.0,-8945.0,24.0,-540.0,600.0,-2200.0,-2385.0,-3863.0,0.0,84.0,17.0,114.0,944.0,938.0,922.0,6502.0,4687.0,2604.0,490.0,396.0,344.0,0.0,0.0,5179.0,649.0,2024-03-14 07:00:00,2024-03-14,3.0
14/03/2024,07:30,58455.0,57400.0,58400.0,223.0,17.0,3210.0,41383.0,6024.0,145.0,14392.0,-21.0,1230.0,-8087.0,27.0,-540.0,600.0,-2200.0,-2385.0,-3574.0,122.0,84.0,17.0,383.0,994.0,903.0,930.0,6654.0,4922.0,2815.0,491.0,396.0,343.0,0.0,0.0,5404.0,621.0,2024-03-14 07:30:00,2024-03-14,3.0
14/03/2024,08:00,59712.0,58300.0,58700.0,811.0,18.0,3489.0,41401.0,6036.0,915.0,14377.0,-20.0,1228.0,-8485.0,35.0,-1902.0,600.0,-2000.0,-2050.0,-4012.0,710.0,84.0,17.0,476.0,1008.0,1071.0,934.0,6774.0,4987.0,2616.0,493.0,392.0,343.0,0.0,0.0,5454.0,582.0,2024-03-14 08:00:00,2024-03-14,3.0
14/03/2024,08:30,60006.0,59100.0,58100.0,1198.0,18.0,3697.0,41430.0,5852.0,2324.0,14478.0,-20.0,1226.0,-10138.0,40.0,-1902.0,600.0,-2000.0,-2050.0,-3919.0,1096.0,85.0,17.0,479.0,1017.0,1266.0,935.0,6833.0,5160.0,2484.0,495.0,391.0,340.0,0.0,0.0,5329.0,523.0,2024-03-14 08:30:00,2024-03-14,3.0
14/03/2024,09:00,59582.0,59400.0,57400.0,1185.0,18.0,3662.0,41388.0,5289.0,4115.0,13012.0,-20.0,1223.0,-10214.0,39.0,-4000.0,500.0,-2084.0,-2377.0,-3196.0,1082.0,85.0,18.0,467.0,1014.0,1256.0,926.0,6736.0,4906.0,1370.0,496.0,393.0,335.0,0.0,0.0,4793.0,496.0,2024-03-14 09:00:00,2024-03-14,3.0
14/03/2024,09:30,59083.0,58900.0,57100.0,738.0,18.0,3646.0,41358.0,4485.0,6021.0,13202.0,-20.0,1227.0,-11551.0,34.0,-4000.0,500.0,-2084.0,-2377.0,-3347.0,634.0,86.0,18.0,439.0,1006.0,1292.0,909.0,6633.0,4554.0,2015.0,503.0,394.0,330.0,0.0,0.0,4007.0,477.0,2024-03-14 09:30:00,2024-03-14,3.0
14/03/2024,10:00,58388.0,58200.0,56300.0,126.0,18.0,3446.0,41335.0,3877.0,7776.0,12299.0,-20.0,1224.0,-11629.0,26.0,-4028.0,500.0,-2034.0,-2385.0,-2167.0,22.0,85.0,19.0,223.0,980.0,1339.0,904.0,6566.0,4162.0,1571.0,507.0,387.0,330.0,0.0,0.0,3385.0,491.0,2024-03-14 10:00:00,2024-03-14,3.0
14/03/2024,10:30,57409.0,57400.0,55800.0,100.0,17.0,2954.0,40879.0,3351.0,9052.0,10555.0,-21.0,1225.0,-10679.0,24.0,-4028.0,500.0,-2034.0,-2385.0,-2157.0,0.0,84.0,19.0,116.0,916.0,1007.0,914.0,6327.0,3593.0,635.0,505.0,393.0,326.0,0.0,0.0,2873.0,479.0,2024-03-14 10:30:00,2024-03-14,3.0
14/03/2024,11:00,56755.0,56800.0,55100.0,101.0,18.0,2775.0,40239.0,3159.0,10271.0,9481.0,-100.0,1225.0,-10390.0,23.0,-4028.0,800.0,-2144.0,-2385.0,-3301.0,0.0,84.0,19.0,116.0,912.0,829.0,917.0,6200.0,3082.0,198.0,507.0,393.0,325.0,0.0,0.0,2722.0,437.0,2024-03-14 11:00:00,2024-03-14,3.0
14/03/2024,11:30,56424.0,56300.0,54500.0,100.0,18.0,2614.0,40259.0,3153.0,10935.0,9194.0,-578.0,1220.0,-10453.0,22.0,-4028.0,800.0,-2144.0,-2385.0,-3312.0,0.0,84.0,19.0,97.0,909.0,692.0,917.0,5942.0,3144.0,108.0,505.0,386.0,328.0,0.0,0.0,2838.0,314.0,2024-03-14 11:30:00,2024-03-14,3.0
14/03/2024,12:00,56277.0,56400.0,54700.0,100.0,18.0,2474.0,40157.0,3281.0,11463.0,9158.0,-744.0,1233.0,-10824.0,22.0,-4028.0,800.0,-2185.0,-2385.0,-2801.0,0.0,85.0,18.0,87.0,906.0,563.0,919.0,5964.0,3093.0,100.0,517.0,383.0,333.0,0.0,0.0,2980.0,301.0,2024-03-14 12:00:00,2024-03-14,3.0
14/03/2024,12:30,55726.0,55700.0,54100.0,101.0,18.0,2453.0,40122.0,3560.0,11798.0,8340.0,-1034.0,1246.0,-10838.0,22.0,-4028.0,800.0,-2185.0,-2385.0,-2855.0,0.0,85.0,19.0,83.0,905.0,542.0,923.0,5745.0,2538.0,56.0,523.0,389.0,334.0,0.0,0.0,3150.0,410.0,2024-03-14 12:30:00,2024-03-14,3.0
14/03/2024,13:00,55871.0,56400.0,54500.0,100.0,18.0,2425.0,40120.0,3803.0,11943.0,8520.0,-1726.0,1248.0,-10543.0,22.0,-4028.0,800.0,-2161.0,-2385.0,-4116.0,0.0,85.0,18.0,87.0,906.0,511.0,921.0,5752.0,2687.0,81.0,522.0,393.0,333.0,0.0,0.0,3285.0,519.0,2024-03-14 13:00:00,2024-03-14,3.0
14/03/2024,13:30,54368.0,54700.0,51900.0,101.0,18.0,2454.0,40142.0,4062.0,11819.0,8365.0,-1694.0,1250.0,-12103.0,22.0,-4028.0,800.0,-2161.0,-2385.0,-4431.0,0.0,86.0,18.0,86.0,905.0,551.0,913.0,5601.0,2756.0,8.0,530.0,388.0,332.0,0.0,0.0,3513.0,550.0,2024-03-14 13:30:00,2024-03-14,3.0
14/03/2024,14:00,53339.0,54100.0,51800.0,102.0,18.0,2424.0,40068.0,4340.0,11700.0,8052.0,-2069.0,1247.0,-12486.0,22.0,-4028.0,800.0,-2183.0,-2385.0,-3877.0,0.0,86.0,18.0,86.0,906.0,521.0,910.0,5592.0,2452.0,8.0,532.0,389.0,326.0,0.0,0.0,3764.0,576.0,2024-03-14 14:00:00,2024-03-14,3.0
14/03/2024,14:30,52667.0,53800.0,50600.0,102.0,18.0,2446.0,39967.0,4539.0,11146.0,7962.0,-2545.0,1259.0,-12173.0,22.0,-4028.0,800.0,-2183.0,-2385.0,-4168.0,0.0,86.0,18.0,85.0,906.0,549.0,905.0,5548.0,2406.0,9.0,535.0,392.0,331.0,0.0,0.0,3975.0,564.0,2024-03-14 14:30:00,2024-03-14,3.0
14/03/2024,15:00,51733.0,52700.0,50300.0,100.0,18.0,2447.0,39886.0,4837.0,10315.0,7964.0,-2363.0,1267.0,-12663.0,22.0,-4028.0,800.0,-2162.0,-2385.0,-4933.0,0.0,86.0,16.0,84.0,906.0,546.0,911.0,5541.0,2386.0,37.0,541.0,392.0,334.0,0.0,0.0,4304.0,533.0,2024-03-14 15:00:00,2024-03-14,3.0
14/03/2024,15:30,51100.0,51900.0,49700.0,102.0,18.0,2441.0,40035.0,5359.0,9373.0,8042.0,-2301.0,1258.0,-13192.0,22.0,-4028.0,800.0,-2162.0,-2385.0,-5389.0,0.0,86.0,18.0,84.0,906.0,537.0,914.0,5645.0,2367.0,31.0,537.0,391.0,330.0,0.0,0.0,4730.0,629.0,2024-03-14 15:30:00,2024-03-14,3.0
14/03/2024,16:00,50517.0,50700.0,48800.0,102.0,17.0,2469.0,40076.0,5659.0,8146.0,8490.0,-2255.0,1270.0,-13416.0,23.0,-4028.0,800.0,-2200.0,-2385.0,-5626.0,0.0,86.0,18.0,85.0,913.0,564.0,906.0,5744.0,2738.0,8.0,541.0,397.0,333.0,0.0,0.0,4993.0,666.0,2024-03-14 16:00:00,2024-03-14,3.0
14/03/2024,16:30,49624.0,49400.0,47700.0,99.0,18.0,2388.0,39944.0,5658.0,6615.0,8866.0,-1614.0,1262.0,-13587.0,22.0,-4028.0,800.0,-2200.0,-2385.0,-5632.0,0.0,86.0,15.0,86.0,840.0,564.0,898.0,5814.0,3045.0,8.0,525.0,405.0,332.0,0.0,0.0,5005.0,653.0,2024-03-14 16:30:00,2024-03-14,3.0
14/03/2024,17:00,49147.0,49000.0,47500.0,98.0,18.0,2358.0,39932.0,5794.0,5042.0,9021.0,-739.0,1230.0,-13578.0,22.0,-4027.0,800.0,-2094.0,-2385.0,-5826.0,0.0,86.0,15.0,86.0,822.0,557.0,893.0,5840.0,3160.0,21.0,491.0,403.0,337.0,0.0,0.0,4984.0,810.0,2024-03-14 17:00:00,2024-03-14,3.0
14/03/2024,17:30,49475.0,49500.0,48000.0,98.0,18.0,2117.0,39959.0,5821.0,3562.0,9891.0,-28.0,1243.0,-13159.0,21.0,-4027.0,800.0,-2094.0,-2385.0,-5844.0,0.0,86.0,14.0,86.0,821.0,305.0,905.0,6146.0,3370.0,374.0,502.0,397.0,344.0,0.0,0.0,4952.0,868.0,2024-03-14 17:30:00,2024-03-14,3.0
14/03/2024,18:00,50397.0,50900.0,49400.0,98.0,18.0,1984.0,40438.0,5822.0,2123.0,11959.0,-20.0,1258.0,-13249.0,20.0,-4028.0,800.0,-2168.0,-2341.0,-4002.0,0.0,85.0,15.0,86.0,822.0,167.0,909.0,6382.0,4122.0,1455.0,513.0,398.0,346.0,0.0,0.0,4961.0,861.0,2024-03-14 18:00:00,2024-03-14,3.0
14/03/2024,18:30,52276.0,52900.0,51500.0,99.0,18.0,2220.0,41019.0,5851.0,895.0,12989.0,-20.0,1262.0,-12012.0,21.0,-4028.0,800.0,-2168.0,-2341.0,-4002.0,0.0,85.0,16.0,104.0,840.0,365.0,911.0,6614.0,4324.0,2051.0,510.0,404.0,348.0,0.0,0.0,4991.0,859.0,2024-03-14 18:30:00,2024-03-14,3.0
14/03/2024,19:00,55364.0,57000.0,55600.0,98.0,18.0,2481.0,41108.0,6325.0,183.0,15590.0,-20.0,1258.0,-11644.0,22.0,-3456.0,800.0,-1851.0,-2385.0,-3699.0,0.0,84.0,16.0,124.0,841.0,604.0,912.0,6920.0,5489.0,3182.0,508.0,401.0,348.0,0.0,0.0,5412.0,913.0,2024-03-14 19:00:00,2024-03-14,3.0
14/03/2024,19:30,57090.0,57600.0,56200.0,97.0,18.0,2497.0,41131.0,6975.0,5.0,15565.0,-20.0,1258.0,-10380.0,22.0,-3456.0,800.0,-1851.0,-2385.0,-3426.0,0.0,83.0,16.0,150.0,843.0,579.0,924.0,6971.0,5518.0,3075.0,508.0,402.0,348.0,0.0,0.0,6042.0,933.0,2024-03-14 19:30:00,2024-03-14,3.0
14/03/2024,20:00,56790.0,56200.0,54900.0,97.0,18.0,2523.0,41052.0,7779.0,2.0,14410.0,-20.0,1254.0,-10269.0,22.0,-3925.0,-1823.0,-2078.0,-2385.0,-3071.0,0.0,83.0,16.0,150.0,847.0,598.0,928.0,6995.0,5211.0,2204.0,498.0,406.0,350.0,0.0,0.0,6864.0,915.0,2024-03-14 20:00:00,2024-03-14,3.0
14/03/2024,20:30,55241.0,54200.0,53100.0,97.0,17.0,2488.0,41009.0,8518.0,2.0,15255.0,-20.0,1253.0,-13327.0,21.0,-3925.0,-1823.0,-2078.0,-2385.0,-3251.0,0.0,83.0,16.0,146.0,844.0,580.0,918.0,6994.0,5501.0,2761.0,496.0,407.0,350.0,0.0,0.0,7538.0,980.0,2024-03-14 20:30:00,2024-03-14,3.0
14/03/2024,21:00,53284.0,52400.0,51400.0,96.0,18.0,2514.0,40675.0,8987.0,1.0,13771.0,-20.0,1241.0,-13931.0,22.0,-3873.0,-1172.0,-2200.0,-2385.0,-4789.0,0.0,82.0,16.0,149.0,841.0,595.0,929.0,7009.0,4961.0,1801.0,484.0,408.0,350.0,0.0,0.0,8011.0,976.0,2024-03-14 21:00:00,2024-03-14,3.0
14/03/2024,21:30,52012.0,51200.0,50300.0,98.0,18.0,2329.0,40816.0,9387.0,1.0,12848.0,-20.0,1231.0,-14653.0,21.0,-3873.0,-1172.0,-2200.0,-2385.0,-4848.0,0.0,84.0,16.0,128.0,837.0,439.0,925.0,6768.0,4463.0,1617.0,479.0,406.0,345.0,0.0,0.0,8408.0,979.0,2024-03-14 21:30:00,2024-03-14,3.0
14/03/2024,22:00,50838.0,49900.0,49100.0,99.0,18.0,2109.0,40802.0,9725.0,1.0,11798.0,-20.0,1229.0,-14857.0,20.0,-4027.0,388.0,-2200.0,-2385.0,-5683.0,0.0,85.0,16.0,111.0,836.0,233.0,928.0,6663.0,3975.0,1160.0,486.0,399.0,345.0,0.0,0.0,8784.0,942.0,2024-03-14 22:00:00,2024-03-14,3.0
14/03/2024,22:30,51103.0,51000.0,50400.0,98.0,18.0,2046.0,41036.0,9871.0,1.0,11275.0,-20.0,1245.0,-14440.0,20.0,-4027.0,388.0,-2200.0,-2385.0,-5021.0,0.0,84.0,16.0,112.0,822.0,182.0,931.0,6472.0,3721.0,1081.0,492.0,407.0,346.0,0.0,0.0,8959.0,912.0,2024-03-14 22:30:00,2024-03-14,3.0
14/03/2024,23:00,52462.0,52500.0,52000.0,99.0,18.0,2046.0,41170.0,10302.0,1.0,11351.0,-45.0,1253.0,-13682.0,20.0,-4028.0,800.0,-2200.0,-2385.0,-5388.0,0.0,84.0,16.0,112.0,823.0,180.0,931.0,6412.0,3716.0,1223.0,497.0,405.0,350.0,0.0,0.0,9407.0,895.0,2024-03-14 23:00:00,2024-03-14,3.0
14/03/2024,23:30,51719.0,52200.0,51500.0,99.0,18.0,2046.0,41236.0,10619.0,0.0,10694.0,-59.0,1256.0,-14139.0,20.0,-4028.0,800.0,-2200.0,-2385.0,-5469.0,0.0,85.0,16.0,111.0,822.0,188.0,926.0,6269.0,3416.0,1009.0,500.0,406.0,350.0,0.0,0.0,9721.0,898.0,2024-03-14 23:30:00,2024-03-14,3.0
17/04/2024,00:00,49840.0,48600.0,47900.0,75.0,0.0,377.0,39033.0,6698.0,2.0,10007.0,-43.0,1171.0,-7424.0,7.0,-3028.0,2500.0,-1800.0,-2385.0,-3792.0,7.0,64.0,4.0,1.0,299.0,48.0,30.0,6247.0,2332.0,1428.0,459.0,367.0,345.0,0.0,0.0,6010.0,688.0,2024-04-17 00:00:00,2024-04-17,4.0
17/04/2024,00:30,48682.0,46600.0,46100.0,75.0,0.0,368.0,39301.0,6490.0,2.0,9829.0,-84.0,1170.0,-8415.0,7.0,-3028.0,2500.0,-1800.0,-2385.0,-3792.0,7.0,64.0,4.0,1.0,287.0,50.0,30.0,6032.0,2111.0,1686.0,456.0,369.0,345.0,0.0,0.0,5853.0,637.0,2024-04-17 00:30:00,2024-04-17,4.0
17/04/2024,01:00,46056.0,45000.0,43800.0,75.0,0.0,370.0,38616.0,6463.0,1.0,8223.0,-97.0,1168.0,-8698.0,8.0,-3028.0,2500.0,-1752.0,-2385.0,-3489.0,7.0,64.0,4.0,1.0,286.0,52.0,31.0,5806.0,1818.0,598.0,457.0,366.0,345.0,0.0,0.0,5776.0,687.0,2024-04-17 01:00:00,2024-04-17,4.0
17/04/2024,01:30,45356.0,45200.0,44000.0,74.0,0.0,371.0,38842.0,6189.0,1.0,8059.0,-972.0,1161.0,-8314.0,8.0,-3028.0,2500.0,-1752.0,-2385.0,-3489.0,7.0,64.0,4.0,1.0,286.0,51.0,33.0,5635.0,1851.0,573.0,455.0,360.0,346.0,0.0,0.0,5557.0,632.0,2024-04-17 01:30:00,2024-04-17,4.0
17/04/2024,02:00,44813.0,44800.0,43700.0,75.0,0.0,371.0,38865.0,5977.0,1.0,7787.0,-1338.0,1160.0,-8025.0,8.0,-3028.0,2500.0,-1779.0,-2385.0,-3666.0,7.0,64.0,4.0,1.0,286.0,51.0,33.0,5556.0,1809.0,422.0,456.0,359.0,346.0,0.0,0.0,5445.0,533.0,2024-04-17 02:00:00,2024-04-17,4.0
17/04/2024,02:30,44572.0,43500.0,42400.0,75.0,0.0,371.0,38956.0,5750.0,0.0,7512.0,-1409.0,1166.0,-7790.0,8.0,-3028.0,2500.0,-1779.0,-2385.0,-3666.0,7.0,64.0,4.0,1.0,286.0,51.0,33.0,5454.0,1724.0,334.0,460.0,359.0,347.0,0.0,0.0,5265.0,485.0,2024-04-17 02:30:00,2024-04-17,4.0
17/04/2024,03:00,43250.0,42400.0,41600.0,74.0,0.0,367.0,38581.0,5507.0,0.0,7264.0,-1707.0,1169.0,-7944.0,8.0,-3028.0,2800.0,-1800.0,-2385.0,-3629.0,7.0,63.0,4.0,1.0,286.0,48.0,32.0,5397.0,1718.0,149.0,462.0,359.0,348.0,0.0,0.0,5051.0,457.0,2024-04-17 03:00:00,2024-04-17,4.0
17/04/2024,03:30,42676.0,41600.0,41000.0,75.0,0.0,368.0,38714.0,5535.0,0.0,7071.0,-2439.0,1163.0,-7753.0,8.0,-3028.0,2800.0,-1800.0,-2385.0,-3629.0,7.0,65.0,4.0,1.0,287.0,49.0,31.0,5392.0,1536.0,143.0,460.0,357.0,347.0,0.0,0.0,5038.0,497.0,2024-04-17 03:30:00,2024-04-17,4.0
17/04/2024,04:00,41994.0,41200.0,40500.0,75.0,0.0,367.0,38719.0,5537.0,0.0,6959.0,-2728.0,1168.0,-8044.0,8.0,-3028.0,2800.0,-1800.0,-2385.0,-3514.0,7.0,64.0,4.0,1.0,287.0,48.0,31.0,5286.0,1528.0,145.0,462.0,359.0,347.0,0.0,0.0,5064.0,473.0,2024-04-17 04:00:00,2024-04-17,4.0
17/04/2024,04:30,41803.0,41100.0,40700.0,74.0,0.0,368.0,38690.0,5462.0,0.0,6859.0,-2770.0,1170.0,-7988.0,8.0,-3028.0,2800.0,-1800.0,-2385.0,-3514.0,7.0,64.0,4.0,1.0,287.0,48.0,32.0,5257.0,1458.0,144.0,463.0,364.0,343.0,0.0,0.0,4999.0,463.0,2024-04-17 04:30:00,2024-04-17,4.0
17/04/2024,05:00,41932.0,41900.0,41200.0,75.0,0.0,367.0,38793.0,5397.0,0.0,6899.0,-2762.0,1164.0,-7942.0,8.0,-2948.0,2800.0,-1800.0,-2385.0,-3188.0,7.0,64.0,4.0,1.0,286.0,48.0,31.0,5298.0,1457.0,144.0,461.0,362.0,341.0,0.0,0.0,4909.0,488.0,2024-04-17 05:00:00,2024-04-17,4.0
17/04/2024,05:30,43297.0,43300.0,42700.0,75.0,0.0,370.0,39105.0,5284.0,0.0,7119.0,-2355.0,1157.0,-7393.0,8.0,-2948.0,2800.0,-1800.0,-2385.0,-3193.0,7.0,64.0,4.0,1.0,287.0,50.0,32.0,5410.0,1566.0,144.0,458.0,358.0,341.0,0.0,0.0,4790.0,494.0,2024-04-17 05:30:00,2024-04-17,4.0
17/04/2024,06:00,44576.0,45100.0,44000.0,75.0,0.0,377.0,39373.0,5240.0,0.0,7203.0,-1751.0,1149.0,-7030.0,8.0,-1961.0,2638.0,-1705.0,-2189.0,-2202.0,7.0,64.0,4.0,1.0,290.0,50.0,36.0,5482.0,1577.0,144.0,452.0,357.0,340.0,0.0,0.0,4773.0,467.0,2024-04-17 06:00:00,2024-04-17,4.0
17/04/2024,06:30,47199.0,47900.0,46900.0,74.0,0.0,408.0,39051.0,5213.0,0.0,7559.0,-659.0,1145.0,-5528.0,8.0,-1961.0,2638.0,-1705.0,-2189.0,-2240.0,7.0,63.0,4.0,1.0,318.0,50.0,38.0,5586.0,1715.0,258.0,448.0,357.0,341.0,0.0,0.0,4771.0,442.0,2024-04-17 06:30:00,2024-04-17,4.0
17/04/2024,07:00,48970.0,49600.0,48600.0,74.0,0.0,467.0,39418.0,5006.0,4.0,8506.0,-86.0,1135.0,-5501.0,8.0,-964.0,2500.0,-1800.0,-1483.0,-2712.0,7.0,63.0,4.0,1.0,381.0,48.0,36.0,5735.0,1986.0,786.0,445.0,354.0,336.0,0.0,0.0,4558.0,448.0,2024-04-17 07:00:00,2024-04-17,4.0
17/04/2024,07:30,51200.0,51500.0,50900.0,73.0,0.0,487.0,39518.0,4852.0,118.0,9981.0,-32.0,1137.0,-4877.0,8.0,-964.0,2500.0,-1800.0,-1483.0,-2674.0,7.0,62.0,4.0,4.0,389.0,46.0,48.0,6091.0,2586.0,1304.0,444.0,356.0,337.0,0.0,0.0,4375.0,477.0,2024-04-17 07:30:00,2024-04-17,4.0
17/04/2024,08:00,52855.0,53100.0,52500.0,74.0,0.0,508.0,39641.0,4666.0,611.0,11097.0,-32.0,1127.0,-4776.0,8.0,-1906.0,2500.0,-1800.0,-1615.0,-2698.0,7.0,62.0,5.0,6.0,395.0,49.0,57.0,6185.0,3038.0,1875.0,437.0,353.0,337.0,0.0,0.0,4203.0,463.0,2024-04-17 08:00:00,2024-04-17,4.0
17/04/2024,08:30,54252.0,54100.0,53800.0,74.0,0.0,526.0,39785.0,4292.0,1551.0,12396.0,-22.0,1123.0,-5435.0,8.0,-1906.0,2500.0,-1800.0,-1615.0,-2635.0,7.0,63.0,4.0,7.0,401.0,50.0,69.0,6446.0,3143.0,2807.0,438.0,350.0,334.0,0.0,0.0,3873.0,419.0,2024-04-17 08:30:00,2024-04-17,4.0
17/04/2024,09:00,54964.0,54700.0,54100.0,76.0,0.0,530.0,39652.0,3832.0,2807.0,11933.0,-22.0,1129.0,-4915.0,8.0,-3028.0,2500.0,-1456.0,-1565.0,-2683.0,7.0,65.0,4.0,7.0,405.0,49.0,69.0,6466.0,2894.0,2573.0,435.0,356.0,338.0,0.0,0.0,3500.0,332.0,2024-04-17 09:00:00,2024-04-17,4.0
17/04/2024,09:30,55241.0,55000.0,54300.0,76.0,0.0,510.0,39619.0,3621.0,4295.0,11581.0,-22.0,1137.0,-5517.0,8.0,-3028.0,2500.0,-1456.0,-1565.0,-2642.0,7.0,64.0,5.0,8.0,397.0,49.0,56.0,6386.0,2664.0,2531.0,439.0,360.0,338.0,0.0,0.0,3326.0,295.0,2024-04-17 09:30:00,2024-04-17,4.0
17/04/2024,10:00,55344.0,54600.0,54000.0,77.0,0.0,495.0,39654.0,3750.0,5729.0,10741.0,-22.0,1123.0,-6144.0,8.0,-3028.0,2500.0,-1615.0,-2385.0,-3565.0,7.0,65.0,6.0,8.0,387.0,49.0,51.0,6364.0,2060.0,2316.0,443.0,347.0,333.0,0.0,0.0,3442.0,308.0,2024-04-17 10:00:00,2024-04-17,4.0
17/04/2024,10:30,55211.0,54100.0,53700.0,77.0,0.0,429.0,39780.0,4143.0,7199.0,10086.0,-32.0,1103.0,-7523.0,7.0,-3028.0,2500.0,-1615.0,-2385.0,-3587.0,7.0,65.0,5.0,8.0,327.0,49.0,46.0,6142.0,1730.0,2214.0,439.0,335.0,330.0,0.0,0.0,3766.0,377.0,2024-04-17 10:30:00,2024-04-17,4.0
17/04/2024,11:00,55092.0,53900.0,53900.0,78.0,0.0,428.0,39909.0,4388.0,8323.0,8922.0,-63.0,1108.0,-7934.0,7.0,-3028.0,2100.0,-1800.0,-2385.0,-3181.0,7.0,64.0,7.0,8.0,324.0,48.0,49.0,5831.0,1711.0,1379.0,439.0,339.0,331.0,0.0,0.0,3942.0,447.0,2024-04-17 11:00:00,2024-04-17,4.0
17/04/2024,11:30,55140.0,54000.0,54000.0,79.0,0.0,407.0,40080.0,4606.0,9218.0,8256.0,-69.0,1113.0,-8491.0,7.0,-3028.0,2100.0,-1800.0,-2385.0,-3123.0,7.0,65.0,7.0,3.0,304.0,49.0,50.0,5610.0,1610.0,1036.0,440.0,343.0,330.0,0.0,0.0,4195.0,412.0,2024-04-17 11:30:00,2024-04-17,4.0
17/04/2024,12:00,55540.0,54700.0,54500.0,78.0,0.0,406.0,39982.0,5010.0,10015.0,7834.0,-69.0,1118.0,-8762.0,7.0,-3028.0,2100.0,-1800.0,-2385.0,-3715.0,7.0,65.0,7.0,3.0,304.0,49.0,49.0,5539.0,1438.0,857.0,440.0,345.0,333.0,0.0,0.0,4539.0,471.0,2024-04-17 12:00:00,2024-04-17,4.0
17/04/2024,12:30,56019.0,53700.0,53800.0,77.0,0.0,403.0,39693.0,5559.0,10676.0,7721.0,-80.0,1122.0,-9082.0,7.0,-3028.0,2100.0,-1800.0,-2385.0,-3717.0,7.0,64.0,6.0,3.0,301.0,48.0,51.0,5546.0,1447.0,728.0,436.0,349.0,337.0,0.0,0.0,5103.0,457.0,2024-04-17 12:30:00,2024-04-17,4.0
17/04/2024,13:00,56371.0,55000.0,55000.0,78.0,0.0,405.0,39796.0,5889.0,10960.0,7439.0,-266.0,1136.0,-9006.0,7.0,-3028.0,2100.0,-1800.0,-2385.0,-3718.0,7.0,65.0,6.0,3.0,301.0,50.0,50.0,5590.0,1581.0,268.0,442.0,355.0,339.0,0.0,0.0,5445.0,444.0,2024-04-17 13:00:00,2024-04-17,4.0
17/04/2024,13:30,55419.0,52300.0,52400.0,77.0,0.0,397.0,39498.0,6565.0,11053.0,6886.0,-1003.0,1142.0,-9137.0,7.0,-3028.0,2100.0,-1800.0,-2385.0,-3718.0,7.0,64.0,6.0,3.0,296.0,49.0,49.0,5365.0,1381.0,141.0,445.0,357.0,340.0,0.0,0.0,6076.0,489.0,2024-04-17 13:30:00,2024-04-17,4.0
17/04/2024,14:00,54508.0,51600.0,51900.0,77.0,0.0,400.0,38741.0,6979.0,11057.0,6647.0,-1466.0,1144.0,-9012.0,7.0,-3028.0,2029.0,-1800.0,-2385.0,-3666.0,7.0,64.0,6.0,3.0,300.0,48.0,49.0,5287.0,1230.0,130.0,446.0,355.0,342.0,0.0,0.0,6527.0,452.0,2024-04-17 14:00:00,2024-04-17,4.0
17/04/2024,14:30,53645.0,50900.0,51100.0,79.0,0.0,407.0,38257.0,7582.0,10710.0,6376.0,-1897.0,1152.0,-8974.0,7.0,-3028.0,2029.0,-1800.0,-2385.0,-3666.0,7.0,64.0,8.0,4.0,302.0,53.0,49.0,5089.0,1157.0,130.0,445.0,360.0,347.0,0.0,0.0,7106.0,476.0,2024-04-17 14:30:00,2024-04-17,4.0
17/04/2024,15:00,52666.0,49900.0,50400.0,78.0,0.0,409.0,37382.0,7936.0,10639.0,6348.0,-1980.0,1150.0,-9248.0,7.0,-3028.0,2200.0,-1800.0,-2385.0,-3911.0,7.0,64.0,8.0,4.0,302.0,53.0,50.0,5027.0,1189.0,132.0,442.0,363.0,346.0,0.0,0.0,7385.0,551.0,2024-04-17 15:00:00,2024-04-17,4.0
17/04/2024,15:30,52014.0,49400.0,49800.0,79.0,0.0,408.0,36448.0,8577.0,10105.0,6383.0,-2082.0,1151.0,-8996.0,7.0,-3028.0,2200.0,-1800.0,-2385.0,-3921.0,7.0,65.0,8.0,4.0,302.0,51.0,52.0,5033.0,1220.0,130.0,440.0,365.0,346.0,0.0,0.0,7994.0,584.0,2024-04-17 15:30:00,2024-04-17,4.0
17/04/2024,16:00,51184.0,48700.0,49100.0,82.0,0.0,408.0,35545.0,9465.0,9389.0,6381.0,-2070.0,1157.0,-9109.0,7.0,-3028.0,2200.0,-1800.0,-2385.0,-3992.0,7.0,68.0,8.0,4.0,301.0,50.0,53.0,5053.0,1198.0,129.0,442.0,366.0,348.0,0.0,0.0,8795.0,669.0,2024-04-17 16:00:00,2024-04-17,4.0
17/04/2024,16:30,50562.0,48500.0,48800.0,82.0,0.0,411.0,35279.0,9276.0,8769.0,6480.0,-1985.0,1147.0,-8842.0,7.0,-3028.0,2200.0,-1800.0,-2385.0,-3992.0,7.0,68.0,7.0,4.0,301.0,52.0,54.0,5129.0,1221.0,129.0,440.0,359.0,347.0,0.0,0.0,8558.0,718.0,2024-04-17 16:30:00,2024-04-17,4.0
17/04/2024,17:00,49918.0,48100.0,48400.0,77.0,0.0,415.0,35547.0,8722.0,7979.0,6619.0,-1974.0,1155.0,-8569.0,7.0,-3028.0,2200.0,-1800.0,-2385.0,-3890.0,7.0,63.0,7.0,4.0,301.0,56.0,54.0,5194.0,1294.0,131.0,439.0,367.0,350.0,0.0,0.0,8070.0,652.0,2024-04-17 17:00:00,2024-04-17,4.0
17/04/2024,17:30,49592.0,47900.0,48100.0,78.0,0.0,410.0,36156.0,8557.0,6895.0,6637.0,-2370.0,1154.0,-7878.0,8.0,-3028.0,2200.0,-1800.0,-2385.0,-3890.0,7.0,64.0,8.0,5.0,293.0,57.0,56.0,5224.0,1282.0,130.0,441.0,363.0,350.0,0.0,0.0,7846.0,711.0,2024-04-17 17:30:00,2024-04-17,4.0
17/04/2024,18:00,50117.0,49200.0,49000.0,78.0,0.0,415.0,37931.0,8961.0,5608.0,7100.0,-2145.0,1156.0,-8957.0,7.0,-3028.0,3006.0,-1800.0,-2215.0,-3828.0,7.0,64.0,7.0,6.0,296.0,56.0,57.0,5325.0,1643.0,132.0,445.0,361.0,351.0,0.0,0.0,8217.0,745.0,2024-04-17 18:00:00,2024-04-17,4.0
17/04/2024,18:30,51326.0,50800.0,50200.0,78.0,0.0,441.0,39241.0,8671.0,4258.0,7436.0,-1866.0,1165.0,-8031.0,8.0,-3028.0,3006.0,-1800.0,-2215.0,-3828.0,7.0,64.0,7.0,8.0,323.0,52.0,58.0,5527.0,1779.0,130.0,447.0,365.0,353.0,0.0,0.0,7902.0,769.0,2024-04-17 18:30:00,2024-04-17,4.0
17/04/2024,19:00,52923.0,53100.0,52100.0,77.0,0.0,452.0,40441.0,7897.0,2950.0,8317.0,-446.0,1166.0,-7896.0,7.0,-2765.0,2600.0,-1800.0,-2161.0,-2851.0,5.0,65.0,6.0,8.0,334.0,52.0,58.0,5735.0,2411.0,172.0,448.0,364.0,354.0,0.0,0.0,7109.0,788.0,2024-04-17 19:00:00,2024-04-17,4.0
17/04/2024,19:30,53651.0,53800.0,52400.0,577.0,0.0,708.0,40256.0,7525.0,1753.0,9139.0,-68.0,1166.0,-7320.0,16.0,-2765.0,2600.0,-1800.0,-2161.0,-2664.0,507.0,64.0,6.0,190.0,404.0,52.0,62.0,6012.0,2566.0,562.0,453.0,362.0,351.0,0.0,0.0,6759.0,766.0,2024-04-17 19:30:00,2024-04-17,4.0
17/04/2024,20:00,53713.0,53600.0,52300.0,975.0,0.0,880.0,40699.0,6974.0,841.0,10210.0,-67.0,1165.0,-7897.0,22.0,-2845.0,2600.0,-1800.0,-1642.0,-2603.0,905.0,65.0,5.0,340.0,428.0,52.0,60.0,6287.0,2475.0,1448.0,451.0,361.0,352.0,0.0,0.0,6180.0,795.0,2024-04-17 20:00:00,2024-04-17,4.0
17/04/2024,20:30,53006.0,52100.0,51000.0,977.0,0.0,858.0,40841.0,5968.0,264.0,10131.0,-68.0,1162.0,-7064.0,22.0,-2845.0,2600.0,-1800.0,-1642.0,-2665.0,907.0,65.0,5.0,343.0,403.0,52.0,61.0,6517.0,2262.0,1352.0,452.0,358.0,352.0,0.0,0.0,5193.0,775.0,2024-04-17 20:30:00,2024-04-17,4.0
17/04/2024,21:00,52572.0,52600.0,51600.0,983.0,0.0,865.0,40995.0,5210.0,32.0,10385.0,-68.0,1161.0,-6930.0,23.0,-2782.0,2400.0,-1039.0,-1641.0,-3197.0,916.0,62.0,5.0,348.0,403.0,50.0,64.0,6543.0,2366.0,1476.0,451.0,360.0,351.0,0.0,0.0,4414.0,796.0,2024-04-17 21:00:00,2024-04-17,4.0
17/04/2024,21:30,52598.0,51800.0,50900.0,994.0,0.0,863.0,41216.0,4824.0,5.0,10224.0,-68.0,1159.0,-6563.0,23.0,-2782.0,2400.0,-1039.0,-1641.0,-3272.0,923.0,65.0,5.0,348.0,402.0,49.0,63.0,6402.0,2347.0,1475.0,448.0,359.0,352.0,0.0,0.0,4039.0,785.0,2024-04-17 21:30:00,2024-04-17,4.0
17/04/2024,22:00,51528.0,50800.0,50000.0,998.0,0.0,596.0,40971.0,4309.0,4.0,10186.0,-42.0,1165.0,-6632.0,21.0,-3028.0,2400.0,-1632.0,-2385.0,-3057.0,928.0,65.0,5.0,85.0,403.0,44.0,63.0,6470.0,2329.0,1386.0,453.0,361.0,352.0,0.0,0.0,3527.0,782.0,2024-04-17 22:00:00,2024-04-17,4.0
17/04/2024,22:30,51944.0,51700.0,51100.0,1000.0,0.0,485.0,41294.0,3913.0,3.0,11938.0,-33.0,1164.0,-7749.0,20.0,-3028.0,2400.0,-1632.0,-2385.0,-2642.0,931.0,64.0,5.0,1.0,393.0,44.0,47.0,6641.0,2748.0,2549.0,450.0,362.0,352.0,0.0,0.0,3091.0,822.0,2024-04-17 22:30:00,2024-04-17,4.0
17/04/2024,23:00,53157.0,53000.0,52500.0,1005.0,0.0,483.0,41376.0,3869.0,2.0,12559.0,-33.0,1164.0,-7198.0,20.0,-2545.0,2400.0,-1770.0,-2385.0,-2632.0,934.0,66.0,5.0,0.0,393.0,46.0,44.0,6769.0,3032.0,2758.0,450.0,363.0,351.0,0.0,0.0,3125.0,744.0,2024-04-17 23:00:00,2024-04-17,4.0
17/04/2024,23:30,52556.0,52300.0,52000.0,1006.0,0.0,483.0,41439.0,3795.0,2.0,12335.0,-33.0,1168.0,-7574.0,20.0,-2545.0,2400.0,-1770.0,-2385.0,-2654.0,936.0,65.0,5.0,0.0,393.0,47.0,42.0,6567.0,3045.0,2723.0,452.0,366.0,350.0,0.0,0.0,3097.0,698.0,2024-04-17 23:30:00,2024-04-17,4.0
13/05/2024,00:00,40711.0,38900.0,39400.0,73.0,10.0,439.0,38289.0,2898.0,0.0,13070.0,-108.0,1159.0,-15079.0,8.0,-3028.0,-3039.0,-2257.0,-1708.0,-6313.0,8.0,62.0,3.0,1.0,299.0,100.0,39.0,7854.0,3185.0,2031.0,443.0,388.0,329.0,0.0,0.0,2781.0,117.0,2024-05-13 00:00:00,2024-05-13,5.0
13/05/2024,00:30,39608.0,37300.0,37600.0,74.0,10.0,441.0,38308.0,2838.0,0.0,12693.0,-111.0,1154.0,-15770.0,8.0,-3028.0,-3039.0,-2257.0,-1708.0,-6742.0,8.0,63.0,3.0,1.0,299.0,102.0,39.0,7596.0,3166.0,1931.0,435.0,390.0,329.0,0.0,0.0,2742.0,95.0,2024-05-13 00:30:00,2024-05-13,5.0
13/05/2024,01:00,37132.0,35500.0,35600.0,74.0,10.0,441.0,38170.0,2732.0,0.0,10968.0,-142.0,1156.0,-16246.0,8.0,-3028.0,-3021.0,-2257.0,-1707.0,-6436.0,8.0,63.0,3.0,1.0,298.0,103.0,39.0,7472.0,2470.0,1026.0,441.0,388.0,328.0,0.0,0.0,2605.0,127.0,2024-05-13 01:00:00,2024-05-13,5.0
13/05/2024,01:30,36536.0,35800.0,35300.0,75.0,10.0,440.0,38273.0,2724.0,0.0,10337.0,-166.0,1159.0,-16276.0,9.0,-3028.0,-3021.0,-2257.0,-1707.0,-6434.0,8.0,64.0,3.0,1.0,298.0,103.0,38.0,7355.0,2356.0,627.0,444.0,386.0,329.0,0.0,0.0,2560.0,164.0,2024-05-13 01:30:00,2024-05-13,5.0
13/05/2024,02:00,35899.0,35400.0,35300.0,74.0,10.0,436.0,38333.0,2649.0,0.0,9914.0,-910.0,1166.0,-15730.0,9.0,-3028.0,-2800.0,-3257.0,-1695.0,-6683.0,8.0,64.0,3.0,1.0,299.0,98.0,37.0,7229.0,2154.0,532.0,447.0,389.0,329.0,0.0,0.0,2504.0,145.0,2024-05-13 02:00:00,2024-05-13,5.0
13/05/2024,02:30,35476.0,34100.0,34100.0,75.0,10.0,339.0,38498.0,2602.0,0.0,9712.0,-909.0,1162.0,-15983.0,8.0,-3028.0,-2800.0,-3257.0,-1695.0,-6958.0,8.0,64.0,3.0,1.0,299.0,2.0,38.0,7329.0,2091.0,292.0,448.0,385.0,328.0,0.0,0.0,2468.0,134.0,2024-05-13 02:30:00,2024-05-13,5.0
13/05/2024,03:00,34161.0,33000.0,33000.0,74.0,10.0,327.0,38480.0,2543.0,0.0,9539.0,-1205.0,1161.0,-16733.0,8.0,-3028.0,-2900.0,-3372.0,-1723.0,-7039.0,8.0,64.0,3.0,1.0,299.0,0.0,38.0,7399.0,1863.0,278.0,450.0,382.0,329.0,0.0,0.0,2396.0,147.0,2024-05-13 03:00:00,2024-05-13,5.0
13/05/2024,03:30,33317.0,32100.0,32100.0,74.0,10.0,327.0,38292.0,2449.0,0.0,9538.0,-1295.0,1166.0,-17214.0,8.0,-3028.0,-2900.0,-3372.0,-1723.0,-7062.0,8.0,63.0,3.0,1.0,299.0,0.0,38.0,7418.0,1848.0,272.0,454.0,383.0,329.0,0.0,0.0,2296.0,153.0,2024-05-13 03:30:00,2024-05-13,5.0
13/05/2024,04:00,32551.0,31500.0,31600.0,74.0,10.0,330.0,38092.0,2362.0,0.0,9408.0,-1463.0,1173.0,-17412.0,8.0,-2830.0,-2850.0,-3122.0,-1727.0,-7419.0,8.0,63.0,3.0,1.0,299.0,0.0,40.0,7395.0,1784.0,229.0,461.0,385.0,328.0,0.0,0.0,2163.0,199.0,2024-05-13 04:00:00,2024-05-13,5.0
13/05/2024,04:30,32370.0,31400.0,31500.0,74.0,10.0,332.0,38019.0,2204.0,0.0,9610.0,-1447.0,1173.0,-17556.0,9.0,-2830.0,-2850.0,-3122.0,-1727.0,-7458.0,8.0,63.0,3.0,1.0,299.0,0.0,42.0,7427.0,1955.0,227.0,461.0,385.0,326.0,0.0,0.0,1961.0,243.0,2024-05-13 04:30:00,2024-05-13,5.0
13/05/2024,05:00,32490.0,32300.0,32500.0,74.0,10.0,332.0,38154.0,2090.0,0.0,9572.0,-1552.0,1178.0,-17323.0,9.0,-2504.0,-2700.0,-2872.0,-1727.0,-7840.0,8.0,63.0,3.0,1.0,299.0,0.0,42.0,7426.0,1909.0,236.0,465.0,385.0,327.0,0.0,0.0,1780.0,310.0,2024-05-13 05:00:00,2024-05-13,5.0
13/05/2024,05:30,33762.0,33700.0,33800.0,74.0,10.0,333.0,38632.0,1905.0,0.0,10008.0,-1588.0,1164.0,-16734.0,8.0,-2504.0,-2700.0,-2872.0,-1727.0,-7875.0,8.0,63.0,3.0,1.0,300.0,0.0,42.0,7565.0,2044.0,399.0,455.0,383.0,326.0,0.0,0.0,1535.0,369.0,2024-05-13 05:30:00,2024-05-13,5.0
13/05/2024,06:00,34935.0,35400.0,35100.0,74.0,10.0,334.0,38954.0,1812.0,0.0,10294.0,-863.0,1157.0,-16815.0,8.0,-3028.0,-2700.0,-2872.0,-1727.0,-6277.0,8.0,63.0,3.0,1.0,301.0,0.0,42.0,7690.0,2156.0,448.0,448.0,383.0,326.0,0.0,0.0,1387.0,425.0,2024-05-13 06:00:00,2024-05-13,5.0
13/05/2024,06:30,36872.0,37700.0,37100.0,73.0,10.0,329.0,38819.0,1851.0,6.0,10894.0,-266.0,1152.0,-15968.0,8.0,-3028.0,-2700.0,-2872.0,-1727.0,-6341.0,8.0,62.0,3.0,1.0,301.0,0.0,38.0,7790.0,2356.0,748.0,442.0,384.0,326.0,0.0,0.0,1378.0,473.0,2024-05-13 06:30:00,2024-05-13,5.0
13/05/2024,07:00,38905.0,40200.0,39600.0,74.0,10.0,329.0,39527.0,1921.0,143.0,11775.0,-40.0,1143.0,-15964.0,8.0,-3028.0,-951.0,-2756.0,-1427.0,-7202.0,8.0,63.0,3.0,1.0,300.0,0.0,38.0,7885.0,2617.0,1273.0,438.0,381.0,325.0,0.0,0.0,1414.0,507.0,2024-05-13 07:00:00,2024-05-13,5.0
13/05/2024,07:30,41589.0,42300.0,42300.0,74.0,10.0,330.0,39964.0,2109.0,597.0,12171.0,-39.0,1139.0,-14733.0,7.0,-3028.0,-951.0,-2756.0,-1427.0,-7202.0,8.0,63.0,3.0,1.0,301.0,0.0,38.0,7785.0,2922.0,1465.0,435.0,379.0,326.0,0.0,0.0,1526.0,583.0,2024-05-13 07:30:00,2024-05-13,5.0
13/05/2024,08:00,43414.0,43800.0,43300.0,74.0,3.0,334.0,39916.0,2104.0,1309.0,12769.0,-40.0,1136.0,-14151.0,7.0,-3028.0,1332.0,-2756.0,-1200.0,-8585.0,8.0,63.0,3.0,1.0,303.0,0.0,40.0,7688.0,3022.0,2059.0,433.0,378.0,325.0,0.0,0.0,1538.0,566.0,2024-05-13 08:00:00,2024-05-13,5.0
13/05/2024,08:30,45089.0,45100.0,44600.0,74.0,1.0,349.0,39367.0,2193.0,2320.0,12256.0,-40.0,1130.0,-12503.0,7.0,-3028.0,1332.0,-2756.0,-1200.0,-8527.0,9.0,62.0,4.0,1.0,309.0,0.0,49.0,7474.0,2854.0,1928.0,426.0,382.0,322.0,0.0,0.0,1621.0,573.0,2024-05-13 08:30:00,2024-05-13,5.0
13/05/2024,09:00,46174.0,45800.0,45400.0,76.0,1.0,347.0,39228.0,2424.0,3713.0,11594.0,-39.0,1125.0,-12237.0,7.0,-2731.0,1819.0,-2650.0,-178.0,-8812.0,9.0,63.0,4.0,1.0,309.0,0.0,46.0,7427.0,2658.0,1509.0,420.0,385.0,320.0,0.0,0.0,1808.0,616.0,2024-05-13 09:00:00,2024-05-13,5.0
13/05/2024,09:30,46838.0,46400.0,45400.0,76.0,1.0,347.0,38726.0,2765.0,5344.0,10778.0,-45.0,1120.0,-12253.0,7.0,-2731.0,1819.0,-2650.0,-178.0,-8457.0,10.0,62.0,4.0,1.0,309.0,0.0,47.0,7426.0,2432.0,919.0,419.0,384.0,316.0,0.0,0.0,2093.0,672.0,2024-05-13 09:30:00,2024-05-13,5.0
13/05/2024,10:00,47291.0,46300.0,46000.0,75.0,1.0,348.0,38107.0,3099.0,6847.0,9909.0,-339.0,1118.0,-11820.0,7.0,-2411.0,-94.0,-3150.0,-981.0,-5931.0,10.0,61.0,5.0,1.0,309.0,0.0,48.0,7226.0,2177.0,507.0,419.0,384.0,315.0,0.0,0.0,2348.0,751.0,2024-05-13 10:00:00,2024-05-13,5.0
13/05/2024,10:30,47060.0,46500.0,45500.0,79.0,1.0,344.0,37261.0,3421.0,8256.0,8948.0,-933.0,1114.0,-11407.0,7.0,-2411.0,-94.0,-3150.0,-981.0,-4909.0,10.0,62.0,8.0,1.0,310.0,0.0,43.0,6978.0,1642.0,327.0,414.0,382.0,318.0,0.0,0.0,2609.0,812.0,2024-05-13 10:30:00,2024-05-13,5.0
13/05/2024,11:00,47253.0,46300.0,46000.0,81.0,1.0,344.0,36076.0,3539.0,9418.0,8609.0,-1519.0,1116.0,-10365.0,7.0,-2153.0,-325.0,-3150.0,-718.0,-4935.0,10.0,60.0,11.0,1.0,311.0,0.0,43.0,6814.0,1610.0,184.0,416.0,380.0,320.0,0.0,0.0,2746.0,794.0,2024-05-13 11:00:00,2024-05-13,5.0
13/05/2024,11:30,47592.0,46600.0,45600.0,76.0,1.0,345.0,35707.0,3702.0,10428.0,8068.0,-1606.0,1127.0,-10214.0,7.0,-2153.0,-325.0,-3150.0,-718.0,-4424.0,10.0,59.0,8.0,1.0,309.0,0.0,46.0,6634.0,1262.0,172.0,422.0,379.0,326.0,0.0,0.0,2868.0,833.0,2024-05-13 11:30:00,2024-05-13,5.0
13/05/2024,12:00,48330.0,47500.0,45800.0,75.0,1.0,340.0,35545.0,3545.0,10473.0,8542.0,-1560.0,1130.0,-9739.0,7.0,-2705.0,-1674.0,-3347.0,718.0,311.0,10.0,59.0,6.0,1.0,303.0,0.0,47.0,6694.0,1662.0,186.0,421.0,381.0,328.0,0.0,0.0,2700.0,845.0,2024-05-13 12:00:00,2024-05-13,5.0
13/05/2024,12:30,48634.0,47200.0,44800.0,72.0,1.0,305.0,35517.0,2786.0,9088.0,8140.0,-1997.0,1136.0,-6389.0,7.0,-2705.0,-1674.0,-3347.0,718.0,536.0,10.0,59.0,3.0,0.0,268.0,0.0,47.0,6597.0,1360.0,183.0,423.0,381.0,332.0,0.0,0.0,1960.0,826.0,2024-05-13 12:30:00,2024-05-13,5.0
13/05/2024,13:00,49143.0,48500.0,46600.0,71.0,1.0,302.0,35535.0,2838.0,9414.0,8004.0,-2247.0,1142.0,-5886.0,7.0,-2745.0,-1813.0,-3347.0,517.0,1762.0,10.0,58.0,3.0,0.0,265.0,0.0,47.0,6568.0,1254.0,182.0,428.0,380.0,333.0,0.0,0.0,1996.0,843.0,2024-05-13 13:00:00,2024-05-13,5.0
13/05/2024,13:30,48286.0,46800.0,44400.0,71.0,1.0,303.0,34001.0,2988.0,9473.0,7840.0,-2466.0,1152.0,-5044.0,7.0,-2745.0,-1813.0,-3347.0,517.0,1762.0,10.0,58.0,3.0,0.0,265.0,0.0,48.0,6465.0,1192.0,183.0,435.0,381.0,336.0,0.0,0.0,2160.0,828.0,2024-05-13 13:30:00,2024-05-13,5.0
13/05/2024,14:00,47574.0,46100.0,45200.0,75.0,1.0,301.0,33236.0,3114.0,9613.0,7588.0,-2318.0,1146.0,-5137.0,7.0,-2533.0,-1742.0,-3347.0,387.0,922.0,10.0,59.0,7.0,0.0,264.0,0.0,47.0,6409.0,1000.0,179.0,430.0,380.0,335.0,0.0,0.0,2253.0,861.0,2024-05-13 14:00:00,2024-05-13,5.0
13/05/2024,14:30,47239.0,45900.0,44300.0,78.0,1.0,300.0,33414.0,3264.0,9514.0,7483.0,-2315.0,1139.0,-5613.0,7.0,-2533.0,-1742.0,-3347.0,380.0,631.0,10.0,60.0,8.0,0.0,264.0,0.0,46.0,6312.0,989.0,182.0,426.0,380.0,333.0,0.0,0.0,2350.0,914.0,2024-05-13 14:30:00,2024-05-13,5.0
13/05/2024,15:00,46482.0,45300.0,43800.0,73.0,1.0,300.0,33531.0,3368.0,9124.0,7500.0,-2107.0,1137.0,-6418.0,7.0,-2929.0,-1828.0,-3096.0,-862.0,-2156.0,10.0,60.0,4.0,1.0,264.0,0.0,46.0,6306.0,1016.0,178.0,427.0,379.0,331.0,0.0,0.0,2452.0,916.0,2024-05-13 15:00:00,2024-05-13,5.0
13/05/2024,15:30,46097.0,44600.0,43400.0,74.0,1.0,302.0,33451.0,4583.0,10920.0,7610.0,-1536.0,1143.0,-10402.0,7.0,-2929.0,-1828.0,-3096.0,-862.0,-2527.0,10.0,60.0,5.0,1.0,263.0,0.0,49.0,6430.0,1007.0,174.0,429.0,382.0,332.0,0.0,0.0,3675.0,908.0,2024-05-13 15:30:00,2024-05-13,5.0
13/05/2024,16:00,45040.0,44300.0,42900.0,71.0,0.0,307.0,33587.0,5090.0,10716.0,7695.0,-1938.0,1153.0,-11595.0,7.0,-2544.0,1000.0,-3096.0,-1069.0,-6960.0,10.0,57.0,5.0,1.0,264.0,0.0,53.0,6440.0,1078.0,178.0,442.0,380.0,331.0,0.0,0.0,4185.0,906.0,2024-05-13 16:00:00,2024-05-13,5.0
13/05/2024,16:30,44788.0,43800.0,42800.0,72.0,0.0,309.0,34170.0,5221.0,9707.0,7864.0,-2002.0,1157.0,-11682.0,7.0,-2544.0,1000.0,-3096.0,-1100.0,-7308.0,10.0,58.0,4.0,4.0,264.0,0.0,51.0,6533.0,1144.0,187.0,439.0,385.0,333.0,0.0,0.0,4305.0,916.0,2024-05-13 16:30:00,2024-05-13,5.0
13/05/2024,17:00,44162.0,43500.0,42400.0,71.0,0.0,303.0,34666.0,5094.0,8398.0,8120.0,-2042.0,1150.0,-11574.0,7.0,-2446.0,1600.0,-3096.0,-1272.0,-6788.0,10.0,57.0,4.0,1.0,264.0,0.0,47.0,6668.0,1261.0,191.0,434.0,382.0,334.0,0.0,0.0,4197.0,897.0,2024-05-13 17:00:00,2024-05-13,5.0
13/05/2024,17:30,43852.0,43300.0,42100.0,71.0,1.0,302.0,34875.0,5005.0,7175.0,8354.0,-2181.0,1148.0,-10877.0,7.0,-2446.0,1600.0,-3096.0,-1272.0,-7133.0,10.0,58.0,4.0,1.0,264.0,0.0,46.0,6808.0,1238.0,308.0,428.0,381.0,339.0,0.0,0.0,4097.0,908.0,2024-05-13 17:30:00,2024-05-13,5.0
13/05/2024,18:00,44157.0,43600.0,43200.0,75.0,1.0,305.0,36376.0,4850.0,5832.0,8616.0,-1859.0,1152.0,-11176.0,7.0,-3028.0,2400.0,-3302.0,-1305.0,-6252.0,10.0,62.0,4.0,1.0,264.0,0.0,50.0,6900.0,1383.0,333.0,431.0,382.0,338.0,0.0,0.0,3958.0,892.0,2024-05-13 18:00:00,2024-05-13,5.0
13/05/2024,18:30,44839.0,44300.0,44400.0,72.0,1.0,307.0,36530.0,4744.0,4468.0,9495.0,-1011.0,1152.0,-10882.0,7.0,-3028.0,2400.0,-3302.0,-1305.0,-6498.0,10.0,59.0,3.0,1.0,265.0,0.0,50.0,7047.0,2092.0,357.0,435.0,378.0,340.0,0.0,0.0,3886.0,859.0,2024-05-13 18:30:00,2024-05-13,5.0
13/05/2024,19:00,46221.0,45200.0,45700.0,74.0,1.0,305.0,37340.0,4574.0,3146.0,10444.0,-119.0,1155.0,-10688.0,7.0,-3028.0,2400.0,-3302.0,-1522.0,-5872.0,10.0,61.0,4.0,1.0,265.0,0.0,48.0,7334.0,2385.0,725.0,439.0,377.0,340.0,0.0,0.0,3738.0,836.0,2024-05-13 19:00:00,2024-05-13,5.0
13/05/2024,19:30,46973.0,45400.0,46100.0,72.0,1.0,307.0,38103.0,4400.0,2060.0,11469.0,-61.0,1161.0,-10490.0,7.0,-3028.0,2400.0,-3302.0,-1522.0,-5968.0,10.0,59.0,3.0,1.0,264.0,0.0,52.0,7494.0,2742.0,1232.0,437.0,383.0,340.0,0.0,0.0,3555.0,845.0,2024-05-13 19:30:00,2024-05-13,5.0
13/05/2024,20:00,46641.0,44600.0,45200.0,72.0,1.0,309.0,38674.0,4231.0,1168.0,12341.0,-59.0,1163.0,-11215.0,7.0,-3028.0,1623.0,-3302.0,-1327.0,-6782.0,10.0,59.0,3.0,1.0,265.0,0.0,54.0,7528.0,2674.0,2139.0,439.0,385.0,340.0,0.0,0.0,3437.0,794.0,2024-05-13 20:00:00,2024-05-13,5.0
13/05/2024,20:30,45442.0,43100.0,43700.0,71.0,1.0,296.0,39157.0,3920.0,539.0,12665.0,-57.0,1170.0,-12281.0,7.0,-3028.0,1623.0,-3302.0,-1327.0,-6782.0,10.0,58.0,3.0,1.0,258.0,0.0,47.0,7533.0,2744.0,2389.0,446.0,384.0,341.0,0.0,0.0,3191.0,728.0,2024-05-13 20:30:00,2024-05-13,5.0
13/05/2024,21:00,44152.0,42200.0,42700.0,70.0,1.0,292.0,39069.0,3881.0,152.0,12149.0,-57.0,1180.0,-12544.0,7.0,-3028.0,-74.0,-3189.0,-1327.0,-6805.0,10.0,58.0,3.0,1.0,257.0,0.0,46.0,7514.0,2545.0,2090.0,454.0,388.0,338.0,0.0,0.0,3315.0,566.0,2024-05-13 21:00:00,2024-05-13,5.0
13/05/2024,21:30,43565.0,42100.0,42500.0,70.0,1.0,292.0,39338.0,4122.0,14.0,12474.0,-57.0,1184.0,-13840.0,7.0,-3028.0,-74.0,-3189.0,-1327.0,-6805.0,10.0,58.0,3.0,1.0,257.0,0.0,46.0,7546.0,2688.0,2240.0,457.0,389.0,338.0,0.0,0.0,3579.0,543.0,2024-05-13 21:30:00,2024-05-13,5.0
13/05/2024,22:00,43300.0,41400.0,41800.0,70.0,1.0,292.0,39261.0,4600.0,1.0,12162.0,-57.0,1180.0,-14147.0,7.0,-3028.0,727.0,-2689.0,-1305.0,-7671.0,10.0,58.0,3.0,1.0,258.0,0.0,46.0,7531.0,2775.0,1857.0,451.0,391.0,338.0,0.0,0.0,4030.0,570.0,2024-05-13 22:00:00,2024-05-13,5.0
13/05/2024,22:30,43816.0,42500.0,42800.0,71.0,1.0,292.0,39376.0,5014.0,0.0,11959.0,-56.0,1183.0,-13978.0,7.0,-3028.0,727.0,-2689.0,-1255.0,-7666.0,10.0,58.0,3.0,1.0,257.0,0.0,46.0,7575.0,2715.0,1669.0,455.0,391.0,337.0,0.0,0.0,4474.0,540.0,2024-05-13 22:30:00,2024-05-13,5.0
13/05/2024,23:00,45006.0,44100.0,44300.0,71.0,1.0,289.0,39637.0,5521.0,0.0,11881.0,-57.0,1191.0,-13469.0,7.0,-3028.0,1000.0,-2626.0,-1252.0,-9135.0,10.0,58.0,3.0,1.0,257.0,0.0,44.0,7582.0,2864.0,1435.0,461.0,393.0,337.0,0.0,0.0,5038.0,483.0,2024-05-13 23:00:00,2024-05-13,5.0
13/05/2024,23:30,44343.0,43000.0,43100.0,71.0,1.0,290.0,39834.0,6131.0,0.0,11586.0,-68.0,1197.0,-14672.0,7.0,-3028.0,1000.0,-2626.0,-1230.0,-9135.0,10.0,58.0,3.0,1.0,257.0,0.0,44.0,7482.0,2773.0,1332.0,465.0,395.0,337.0,0.0,0.0,5606.0,525.0,2024-05-13 23:30:00,2024-05-13,5.0
11/06/2024,00:00,43708.0,42600.0,42200.0,56.0,11.0,404.0,38542.0,2660.0,0.0,11451.0,-255.0,1157.0,-10256.0,8.0,-2366.0,-1450.0,-1942.0,-1387.0,-4011.0,0.0,53.0,4.0,1.0,296.0,68.0,39.0,7105.0,2857.0,1490.0,461.0,356.0,340.0,0.0,0.0,2452.0,209.0,2024-06-11 00:00:00,2024-06-11,6.0
11/06/2024,00:30,42399.0,40300.0,40600.0,57.0,11.0,406.0,38624.0,2499.0,0.0,11361.0,-270.0,1158.0,-11387.0,8.0,-2366.0,-1450.0,-1942.0,-1387.0,-4251.0,0.0,54.0,4.0,1.0,297.0,70.0,39.0,6857.0,2918.0,1586.0,462.0,356.0,340.0,0.0,0.0,2327.0,172.0,2024-06-11 00:30:00,2024-06-11,6.0
11/06/2024,01:00,39695.0,38400.0,38400.0,57.0,11.0,408.0,38200.0,2448.0,0.0,9829.0,-274.0,1154.0,-12046.0,8.0,-2066.0,-1441.0,-1642.0,-1857.0,-5174.0,0.0,54.0,4.0,1.0,296.0,71.0,40.0,6703.0,2217.0,910.0,458.0,357.0,339.0,0.0,0.0,2267.0,181.0,2024-06-11 01:00:00,2024-06-11,6.0
11/06/2024,01:30,39025.0,38000.0,38900.0,57.0,10.0,409.0,38300.0,2441.0,0.0,9466.0,-269.0,1160.0,-12490.0,8.0,-2066.0,-1441.0,-1642.0,-1857.0,-5197.0,0.0,54.0,4.0,1.0,296.0,72.0,40.0,6514.0,2170.0,782.0,461.0,361.0,339.0,0.0,0.0,2261.0,180.0,2024-06-11 01:30:00,2024-06-11,6.0
11/06/2024,02:00,38336.0,38000.0,38200.0,57.0,11.0,411.0,37998.0,2353.0,0.0,9250.0,-407.0,1156.0,-12431.0,9.0,-2514.0,-1450.0,-1942.0,-1857.0,-4349.0,0.0,54.0,4.0,1.0,297.0,75.0,39.0,6466.0,2215.0,569.0,460.0,357.0,339.0,0.0,0.0,2185.0,169.0,2024-06-11 02:00:00,2024-06-11,6.0
11/06/2024,02:30,37924.0,36900.0,36600.0,57.0,11.0,416.0,38087.0,2233.0,0.0,8924.0,-873.0,1153.0,-12030.0,9.0,-2514.0,-1450.0,-1942.0,-1857.0,-4364.0,0.0,54.0,4.0,1.0,296.0,80.0,39.0,6426.0,1842.0,657.0,462.0,355.0,336.0,0.0,0.0,2037.0,196.0,2024-06-11 02:30:00,2024-06-11,6.0
11/06/2024,03:00,36671.0,35700.0,35600.0,57.0,11.0,413.0,38086.0,2191.0,0.0,8187.0,-1366.0,1151.0,-12003.0,9.0,-2812.0,-1450.0,-1731.0,-1857.0,-5198.0,0.0,54.0,4.0,1.0,297.0,76.0,40.0,6425.0,1665.0,97.0,462.0,354.0,335.0,0.0,0.0,1967.0,224.0,2024-06-11 03:00:00,2024-06-11,6.0
11/06/2024,03:30,35922.0,35300.0,35100.0,57.0,10.0,407.0,38336.0,2113.0,0.0,8143.0,-1397.0,1153.0,-12837.0,9.0,-2812.0,-1450.0,-1731.0,-1857.0,-5202.0,0.0,54.0,4.0,1.0,297.0,70.0,38.0,6440.0,1615.0,87.0,462.0,358.0,334.0,0.0,0.0,1895.0,218.0,2024-06-11 03:30:00,2024-06-11,6.0
11/06/2024,04:00,35214.0,34500.0,34500.0,57.0,10.0,400.0,38517.0,1974.0,0.0,8132.0,-1740.0,1163.0,-13235.0,9.0,-2915.0,-1450.0,-1731.0,-1857.0,-4988.0,0.0,54.0,4.0,1.0,297.0,64.0,38.0,6448.0,1596.0,87.0,463.0,363.0,337.0,0.0,0.0,1782.0,192.0,2024-06-11 04:00:00,2024-06-11,6.0
11/06/2024,04:30,34939.0,34300.0,34300.0,56.0,10.0,397.0,38680.0,1873.0,0.0,8108.0,-2089.0,1138.0,-13167.0,9.0,-2915.0,-1450.0,-1731.0,-1857.0,-4992.0,0.0,54.0,4.0,1.0,296.0,62.0,38.0,6450.0,1571.0,87.0,436.0,366.0,336.0,0.0,0.0,1677.0,196.0,2024-06-11 04:30:00,2024-06-11,6.0
11/06/2024,05:00,34908.0,34900.0,34500.0,57.0,10.0,396.0,38680.0,1838.0,0.0,8071.0,-2059.0,1144.0,-13156.0,9.0,-2524.0,-1450.0,-1731.0,-1857.0,-5467.0,0.0,54.0,4.0,1.0,296.0,62.0,38.0,6435.0,1548.0,87.0,449.0,359.0,336.0,0.0,0.0,1644.0,194.0,2024-06-11 05:00:00,2024-06-11,6.0
11/06/2024,05:30,35903.0,35900.0,35800.0,56.0,10.0,399.0,38937.0,1905.0,0.0,8271.0,-1496.0,1149.0,-13268.0,9.0,-2524.0,-1450.0,-1731.0,-1857.0,-5469.0,0.0,54.0,4.0,1.0,297.0,64.0,37.0,6431.0,1752.0,87.0,453.0,360.0,336.0,0.0,0.0,1719.0,185.0,2024-06-11 05:30:00,2024-06-11,6.0
11/06/2024,06:00,36855.0,37000.0,37000.0,56.0,10.0,403.0,39327.0,1926.0,9.0,8492.0,-1321.0,1152.0,-13142.0,9.0,-2915.0,-1450.0,-1731.0,-1857.0,-4527.0,0.0,54.0,4.0,1.0,297.0,67.0,38.0,6515.0,1890.0,87.0,453.0,366.0,334.0,0.0,0.0,1749.0,177.0,2024-06-11 06:00:00,2024-06-11,6.0
11/06/2024,06:30,38796.0,39100.0,39200.0,56.0,11.0,404.0,39325.0,1866.0,107.0,9081.0,-488.0,1147.0,-12645.0,8.0,-2915.0,-1450.0,-1731.0,-1857.0,-4527.0,0.0,54.0,4.0,1.0,297.0,68.0,37.0,6590.0,2144.0,347.0,455.0,361.0,331.0,0.0,0.0,1697.0,169.0,2024-06-11 06:30:00,2024-06-11,6.0
11/06/2024,07:00,40806.0,41500.0,41600.0,86.0,10.0,425.0,39655.0,1765.0,426.0,10160.0,-222.0,1138.0,-12580.0,9.0,-2695.0,-806.0,-1542.0,-1701.0,-4660.0,28.0,54.0,4.0,2.0,310.0,72.0,41.0,6599.0,2196.0,1366.0,450.0,359.0,329.0,0.0,0.0,1623.0,142.0,2024-06-11 07:00:00,2024-06-11,6.0
11/06/2024,07:30,43252.0,43600.0,43600.0,182.0,11.0,462.0,39672.0,1625.0,1055.0,11161.0,-208.0,1146.0,-11785.0,10.0,-2695.0,-806.0,-1542.0,-1701.0,-4658.0,124.0,54.0,4.0,3.0,355.0,60.0,44.0,6925.0,2564.0,1672.0,452.0,363.0,332.0,0.0,0.0,1507.0,117.0,2024-06-11 07:30:00,2024-06-11,6.0
11/06/2024,08:00,44925.0,45000.0,44900.0,181.0,10.0,478.0,40043.0,1420.0,2064.0,11215.0,-209.0,1143.0,-11347.0,10.0,-2420.0,-850.0,-1542.0,-1854.0,-4502.0,123.0,54.0,4.0,3.0,370.0,54.0,50.0,6922.0,2576.0,1717.0,450.0,362.0,331.0,0.0,0.0,1294.0,126.0,2024-06-11 08:00:00,2024-06-11,6.0
11/06/2024,08:30,46236.0,46000.0,46100.0,273.0,10.0,499.0,40414.0,1240.0,3345.0,11104.0,-209.0,1143.0,-11517.0,11.0,-2420.0,-850.0,-1542.0,-1854.0,-4502.0,209.0,55.0,10.0,6.0,376.0,55.0,62.0,6927.0,2292.0,1884.0,449.0,365.0,329.0,0.0,0.0,1147.0,93.0,2024-06-11 08:30:00,2024-06-11,6.0
11/06/2024,09:00,47007.0,46400.0,46500.0,239.0,10.0,496.0,40638.0,1216.0,4805.0,10280.0,-208.0,1140.0,-11525.0,10.0,-2420.0,-850.0,-1890.0,-1857.0,-3861.0,180.0,55.0,5.0,6.0,374.0,56.0,61.0,6802.0,1981.0,1497.0,443.0,367.0,330.0,0.0,0.0,1066.0,150.0,2024-06-11 09:00:00,2024-06-11,6.0
11/06/2024,09:30,47596.0,46700.0,46800.0,243.0,10.0,439.0,40475.0,1308.0,6239.0,9406.0,-45.0,1133.0,-11548.0,10.0,-2420.0,-850.0,-1890.0,-1857.0,-3860.0,182.0,56.0,5.0,6.0,315.0,54.0,64.0,6624.0,1701.0,1080.0,444.0,363.0,326.0,0.0,0.0,1101.0,207.0,2024-06-11 09:30:00,2024-06-11,6.0
11/06/2024,10:00,48087.0,47000.0,47200.0,245.0,11.0,433.0,40150.0,1409.0,7622.0,8824.0,-43.0,1119.0,-11579.0,10.0,-2421.0,-1450.0,-1690.0,-1857.0,-3501.0,182.0,58.0,5.0,4.0,313.0,55.0,62.0,6466.0,1585.0,773.0,444.0,360.0,316.0,0.0,0.0,1150.0,259.0,2024-06-11 10:00:00,2024-06-11,6.0
11/06/2024,10:30,48111.0,46900.0,46700.0,247.0,10.0,420.0,39454.0,1358.0,8721.0,8365.0,-54.0,1113.0,-11467.0,10.0,-2421.0,-1450.0,-1690.0,-1857.0,-3491.0,183.0,59.0,5.0,4.0,306.0,55.0,55.0,6250.0,1328.0,787.0,436.0,359.0,318.0,0.0,0.0,1154.0,204.0,2024-06-11 10:30:00,2024-06-11,6.0
11/06/2024,11:00,48325.0,47200.0,47200.0,249.0,10.0,418.0,38425.0,1414.0,9694.0,8334.0,-56.0,1121.0,-11229.0,10.0,-2421.0,-1500.0,-1690.0,-1857.0,-3660.0,184.0,60.0,5.0,4.0,306.0,53.0,55.0,6244.0,1402.0,688.0,439.0,357.0,325.0,0.0,0.0,1234.0,180.0,2024-06-11 11:00:00,2024-06-11,6.0
11/06/2024,11:30,48759.0,47000.0,47600.0,253.0,11.0,413.0,37938.0,1500.0,10458.0,7945.0,-159.0,1113.0,-10679.0,10.0,-2421.0,-1500.0,-1690.0,-1857.0,-3660.0,186.0,62.0,5.0,4.0,304.0,50.0,54.0,6148.0,1575.0,222.0,431.0,356.0,326.0,0.0,0.0,1351.0,149.0,2024-06-11 11:30:00,2024-06-11,6.0
11/06/2024,12:00,49336.0,48500.0,48500.0,253.0,10.0,409.0,37387.0,1545.0,11191.0,8320.0,-248.0,1092.0,-10570.0,9.0,-2507.0,-1500.0,-2107.0,-1857.0,-2868.0,184.0,63.0,7.0,7.0,305.0,45.0,52.0,6150.0,1840.0,330.0,405.0,361.0,326.0,0.0,0.0,1415.0,130.0,2024-06-11 12:00:00,2024-06-11,6.0
11/06/2024,12:30,49954.0,47800.0,47800.0,256.0,10.0,417.0,37303.0,1862.0,11620.0,8855.0,-458.0,1104.0,-10963.0,9.0,-2507.0,-1500.0,-2107.0,-1857.0,-2836.0,188.0,61.0,6.0,9.0,303.0,53.0,52.0,6169.0,2220.0,466.0,407.0,367.0,329.0,0.0,0.0,1734.0,128.0,2024-06-11 12:30:00,2024-06-11,6.0
11/06/2024,13:00,50437.0,49000.0,49100.0,254.0,10.0,418.0,37387.0,2276.0,11920.0,8603.0,-598.0,1110.0,-10890.0,9.0,-3014.0,-1500.0,-1807.0,-1857.0,-2739.0,186.0,63.0,5.0,5.0,303.0,57.0,53.0,6081.0,2296.0,225.0,415.0,369.0,326.0,0.0,0.0,2132.0,144.0,2024-06-11 13:00:00,2024-06-11,6.0
11/06/2024,13:30,49630.0,46900.0,47100.0,255.0,11.0,417.0,37287.0,2388.0,11904.0,8300.0,-785.0,1128.0,-11209.0,10.0,-3014.0,-1500.0,-1807.0,-1857.0,-2820.0,186.0,63.0,6.0,4.0,304.0,58.0,52.0,6031.0,2181.0,88.0,434.0,370.0,324.0,0.0,0.0,2245.0,142.0,2024-06-11 13:30:00,2024-06-11,6.0
11/06/2024,14:00,48977.0,46500.0,46800.0,256.0,10.0,423.0,37099.0,2659.0,11839.0,8212.0,-1069.0,1108.0,-11489.0,10.0,-3014.0,-1500.0,-2107.0,-1857.0,-3088.0,187.0,64.0,5.0,4.0,308.0,58.0,53.0,6014.0,2109.0,88.0,422.0,366.0,321.0,0.0,0.0,2516.0,143.0,2024-06-11 14:00:00,2024-06-11,6.0
11/06/2024,14:30,48530.0,45700.0,46400.0,238.0,11.0,423.0,37185.0,2736.0,11694.0,7626.0,-1303.0,1108.0,-11122.0,9.0,-3014.0,-1500.0,-2107.0,-1857.0,-3257.0,167.0,64.0,7.0,4.0,306.0,58.0,54.0,5969.0,1568.0,88.0,418.0,367.0,323.0,0.0,0.0,2569.0,167.0,2024-06-11 14:30:00,2024-06-11,6.0
11/06/2024,15:00,47592.0,45600.0,46000.0,204.0,11.0,408.0,37201.0,2592.0,11436.0,7611.0,-1641.0,1128.0,-11288.0,9.0,-3014.0,-1468.0,-2132.0,-1857.0,-3238.0,136.0,62.0,6.0,4.0,303.0,48.0,53.0,6010.0,1513.0,89.0,430.0,367.0,331.0,0.0,0.0,2397.0,195.0,2024-06-11 15:00:00,2024-06-11,6.0
11/06/2024,15:30,47111.0,44400.0,45300.0,201.0,11.0,408.0,37128.0,2601.0,11210.0,7604.0,-1445.0,1132.0,-11672.0,9.0,-3014.0,-1468.0,-2132.0,-1857.0,-3346.0,130.0,64.0,7.0,4.0,302.0,48.0,54.0,6031.0,1393.0,180.0,431.0,367.0,333.0,0.0,0.0,2409.0,192.0,2024-06-11 15:30:00,2024-06-11,6.0
11/06/2024,16:00,46417.0,44100.0,44700.0,204.0,11.0,412.0,36872.0,2817.0,10766.0,7798.0,-1305.0,1140.0,-12236.0,9.0,-3014.0,-1089.0,-2164.0,-2257.0,-3623.0,133.0,64.0,7.0,4.0,304.0,51.0,53.0,6137.0,1497.0,164.0,437.0,367.0,336.0,0.0,0.0,2619.0,198.0,2024-06-11 16:00:00,2024-06-11,6.0
11/06/2024,16:30,45736.0,43400.0,44000.0,197.0,11.0,409.0,36201.0,3152.0,10035.0,7945.0,-1250.0,1171.0,-12075.0,9.0,-3014.0,-1089.0,-2164.0,-2257.0,-3909.0,129.0,63.0,5.0,4.0,305.0,50.0,51.0,6232.0,1540.0,173.0,459.0,372.0,339.0,0.0,0.0,2943.0,210.0,2024-06-11 16:30:00,2024-06-11,6.0
11/06/2024,17:00,45088.0,43000.0,43300.0,156.0,11.0,406.0,36123.0,3551.0,9212.0,8269.0,-1152.0,1163.0,-12583.0,9.0,-2052.0,-702.0,-2113.0,-1857.0,-5253.0,87.0,63.0,6.0,4.0,304.0,47.0,51.0,6299.0,1678.0,292.0,448.0,373.0,343.0,0.0,0.0,3295.0,256.0,2024-06-11 17:00:00,2024-06-11,6.0
11/06/2024,17:30,44709.0,42800.0,43200.0,130.0,11.0,408.0,36257.0,3247.0,8411.0,8517.0,-1316.0,1176.0,-12066.0,9.0,-2052.0,-702.0,-2113.0,-1857.0,-5310.0,60.0,63.0,7.0,4.0,304.0,48.0,52.0,6416.0,1794.0,307.0,456.0,375.0,345.0,0.0,0.0,2975.0,272.0,2024-06-11 17:30:00,2024-06-11,6.0
11/06/2024,18:00,44987.0,43600.0,44000.0,93.0,11.0,407.0,36800.0,2922.0,7380.0,8820.0,-989.0,1177.0,-11570.0,8.0,-2352.0,542.0,-1542.0,-2227.0,-4395.0,24.0,63.0,6.0,4.0,304.0,47.0,51.0,6431.0,2080.0,308.0,457.0,376.0,344.0,0.0,0.0,2624.0,298.0,2024-06-11 18:00:00,2024-06-11,6.0
11/06/2024,18:30,45561.0,44600.0,44800.0,175.0,11.0,409.0,36590.0,2880.0,6290.0,8981.0,-421.0,1177.0,-10465.0,9.0,-2352.0,542.0,-1542.0,-2227.0,-4461.0,106.0,63.0,5.0,4.0,305.0,49.0,51.0,6540.0,2049.0,393.0,456.0,380.0,341.0,0.0,0.0,2576.0,304.0,2024-06-11 18:30:00,2024-06-11,6.0
11/06/2024,19:00,46605.0,46000.0,45500.0,146.0,11.0,412.0,37706.0,2875.0,4973.0,9901.0,-24.0,1179.0,-10511.0,9.0,-2465.0,594.0,-1542.0,-2227.0,-4592.0,79.0,62.0,5.0,5.0,305.0,48.0,54.0,6764.0,2334.0,802.0,457.0,382.0,341.0,0.0,0.0,2577.0,298.0,2024-06-11 19:00:00,2024-06-11,6.0
11/06/2024,19:30,47125.0,45800.0,45600.0,64.0,11.0,422.0,38516.0,2946.0,3760.0,11174.0,-20.0,1182.0,-10858.0,8.0,-2465.0,594.0,-1542.0,-2222.0,-4596.0,0.0,61.0,5.0,5.0,311.0,50.0,56.0,6874.0,2642.0,1658.0,459.0,383.0,341.0,0.0,0.0,2641.0,305.0,2024-06-11 19:30:00,2024-06-11,6.0
11/06/2024,20:00,46591.0,45200.0,45100.0,66.0,11.0,426.0,38948.0,2910.0,2582.0,11828.0,-20.0,1185.0,-11284.0,8.0,-2055.0,-1450.0,-1542.0,-2227.0,-4206.0,0.0,63.0,5.0,5.0,312.0,50.0,58.0,6976.0,2939.0,1914.0,462.0,383.0,341.0,0.0,0.0,2595.0,315.0,2024-06-11 20:00:00,2024-06-11,6.0
11/06/2024,20:30,45219.0,44000.0,43600.0,66.0,11.0,403.0,39789.0,2786.0,1488.0,11553.0,-20.0,1192.0,-11965.0,8.0,-2055.0,-1450.0,-1542.0,-2227.0,-4356.0,0.0,63.0,5.0,3.0,304.0,49.0,47.0,6952.0,3019.0,1582.0,465.0,384.0,343.0,0.0,0.0,2475.0,312.0,2024-06-11 20:30:00,2024-06-11,6.0
11/06/2024,21:00,43714.0,43100.0,42300.0,66.0,11.0,405.0,40112.0,2662.0,703.0,10766.0,-19.0,1180.0,-12091.0,8.0,-2413.0,-1450.0,-2043.0,-2112.0,-4663.0,0.0,63.0,4.0,2.0,307.0,50.0,46.0,6992.0,2805.0,969.0,464.0,371.0,344.0,0.0,0.0,2292.0,370.0,2024-06-11 21:00:00,2024-06-11,6.0
11/06/2024,21:30,43011.0,42800.0,42000.0,65.0,11.0,406.0,40313.0,2503.0,230.0,11235.0,-19.0,1182.0,-12858.0,8.0,-2413.0,-1450.0,-2043.0,-2112.0,-4663.0,0.0,63.0,4.0,2.0,309.0,49.0,46.0,7141.0,2951.0,1144.0,468.0,370.0,344.0,0.0,0.0,2159.0,344.0,2024-06-11 21:30:00,2024-06-11,6.0
11/06/2024,22:00,42656.0,42800.0,42000.0,65.0,11.0,406.0,40313.0,2486.0,31.0,11085.0,-19.0,1179.0,-12837.0,8.0,-2406.0,-1450.0,-2273.0,-995.0,-5105.0,0.0,62.0,4.0,1.0,309.0,50.0,46.0,7139.0,2963.0,983.0,465.0,369.0,344.0,0.0,0.0,2135.0,351.0,2024-06-11 22:00:00,2024-06-11,6.0
11/06/2024,22:30,43848.0,44700.0,43900.0,66.0,10.0,404.0,40414.0,2491.0,1.0,11732.0,-20.0,1174.0,-12381.0,8.0,-2406.0,-1450.0,-2273.0,-966.0,-5087.0,0.0,63.0,5.0,1.0,307.0,50.0,46.0,7240.0,3262.0,1229.0,466.0,363.0,345.0,0.0,0.0,2135.0,356.0,2024-06-11 22:30:00,2024-06-11,6.0
11/06/2024,23:00,45431.0,45800.0,45000.0,66.0,11.0,403.0,40393.0,2702.0,0.0,12647.0,-20.0,1180.0,-11899.0,8.0,-2589.0,-1450.0,-2049.0,-1200.0,-5556.0,0.0,63.0,5.0,1.0,307.0,49.0,46.0,7323.0,3650.0,1675.0,472.0,365.0,344.0,0.0,0.0,2324.0,378.0,2024-06-11 23:00:00,2024-06-11,6.0
11/06/2024,23:30,44780.0,44700.0,43800.0,66.0,11.0,403.0,40391.0,2762.0,0.0,12949.0,-29.0,1179.0,-12895.0,8.0,-2589.0,-1450.0,-2049.0,-1200.0,-5615.0,0.0,63.0,4.0,1.0,307.0,49.0,46.0,7348.0,3698.0,1903.0,473.0,364.0,342.0,0.0,0.0,2426.0,337.0,2024-06-11 23:30:00,2024-06-11,6.0
10/07/2024,00:00,45334.0,44200.0,44500.0,131.0,18.0,1267.0,39554.0,2132.0,1.0,10228.0,-69.0,1184.0,-9077.0,15.0,-3320.0,-2355.0,-2670.0,950.0,-3328.0,75.0,52.0,4.0,40.0,267.0,910.0,50.0,5916.0,2658.0,1654.0,500.0,353.0,331.0,0.0,0.0,1744.0,388.0,2024-07-10 00:00:00,2024-07-10,7.0
10/07/2024,00:30,43803.0,42500.0,42000.0,145.0,18.0,1272.0,39625.0,2125.0,0.0,9964.0,-66.0,1186.0,-10439.0,15.0,-3320.0,-2355.0,-2670.0,950.0,-3879.0,89.0,51.0,5.0,13.0,241.0,966.0,51.0,5912.0,2472.0,1581.0,499.0,356.0,331.0,0.0,0.0,1706.0,420.0,2024-07-10 00:30:00,2024-07-10,7.0
10/07/2024,01:00,41022.0,40000.0,39800.0,74.0,18.0,1235.0,39371.0,2354.0,0.0,8572.0,-34.0,1184.0,-11715.0,15.0,-3104.0,-2166.0,-2670.0,950.0,-5284.0,18.0,51.0,4.0,12.0,240.0,931.0,51.0,5683.0,2029.0,859.0,498.0,356.0,329.0,0.0,0.0,1865.0,489.0,2024-07-10 01:00:00,2024-07-10,7.0
10/07/2024,01:30,40227.0,39800.0,40200.0,68.0,18.0,1351.0,39219.0,2608.0,0.0,8623.0,-12.0,1205.0,-12815.0,15.0,-3104.0,-2166.0,-2670.0,950.0,-5525.0,13.0,51.0,4.0,12.0,240.0,1047.0,51.0,5693.0,2006.0,924.0,509.0,365.0,330.0,0.0,0.0,2022.0,586.0,2024-07-10 01:30:00,2024-07-10,7.0
10/07/2024,02:00,39481.0,39200.0,38500.0,70.0,18.0,1319.0,38927.0,2761.0,0.0,8284.0,-148.0,1223.0,-12914.0,15.0,-3464.0,-2400.0,-2670.0,895.0,-6085.0,13.0,52.0,5.0,13.0,240.0,1015.0,51.0,5701.0,1888.0,695.0,524.0,366.0,333.0,0.0,0.0,2178.0,583.0,2024-07-10 02:00:00,2024-07-10,7.0
10/07/2024,02:30,38889.0,37700.0,37800.0,70.0,18.0,1285.0,39409.0,2690.0,0.0,8484.0,-185.0,1221.0,-14073.0,15.0,-3464.0,-2400.0,-2670.0,895.0,-6340.0,13.0,52.0,4.0,13.0,241.0,984.0,47.0,5778.0,2009.0,697.0,526.0,362.0,334.0,0.0,0.0,2181.0,508.0,2024-07-10 02:30:00,2024-07-10,7.0
10/07/2024,03:00,37662.0,36500.0,36600.0,69.0,18.0,1246.0,39151.0,2615.0,0.0,7886.0,-185.0,1226.0,-14321.0,15.0,-3009.0,-2200.0,-3037.0,273.0,-7175.0,13.0,52.0,4.0,13.0,240.0,946.0,47.0,5774.0,1870.0,242.0,525.0,367.0,334.0,0.0,0.0,2168.0,447.0,2024-07-10 03:00:00,2024-07-10,7.0
10/07/2024,03:30,36808.0,35800.0,35600.0,69.0,18.0,1285.0,39064.0,2573.0,0.0,8054.0,-184.0,1230.0,-15283.0,15.0,-3009.0,-2200.0,-3037.0,273.0,-7146.0,13.0,52.0,4.0,13.0,241.0,985.0,47.0,5802.0,2057.0,195.0,524.0,373.0,334.0,0.0,0.0,2213.0,361.0,2024-07-10 03:30:00,2024-07-10,7.0
10/07/2024,04:00,36013.0,35400.0,35300.0,68.0,18.0,1225.0,38890.0,2618.0,0.0,7862.0,-464.0,1231.0,-15405.0,15.0,-2675.0,-2200.0,-3037.0,173.0,-7633.0,13.0,51.0,4.0,13.0,241.0,924.0,47.0,5762.0,1844.0,257.0,526.0,373.0,332.0,0.0,0.0,2089.0,529.0,2024-07-10 04:00:00,2024-07-10,7.0
10/07/2024,04:30,35677.0,35100.0,34900.0,68.0,18.0,1259.0,38956.0,2577.0,0.0,7726.0,-551.0,1233.0,-15583.0,15.0,-2675.0,-2200.0,-3037.0,173.0,-7628.0,13.0,51.0,4.0,13.0,241.0,958.0,47.0,5725.0,1745.0,257.0,529.0,372.0,332.0,0.0,0.0,2116.0,462.0,2024-07-10 04:30:00,2024-07-10,7.0
10/07/2024,05:00,35568.0,35700.0,35200.0,68.0,18.0,1253.0,38940.0,2477.0,0.0,7826.0,-695.0,1229.0,-15523.0,15.0,-2333.0,-2200.0,-3037.0,219.0,-6834.0,13.0,50.0,4.0,13.0,241.0,953.0,47.0,5729.0,1688.0,409.0,526.0,373.0,331.0,0.0,0.0,2114.0,362.0,2024-07-10 05:00:00,2024-07-10,7.0
10/07/2024,05:30,36482.0,36500.0,36400.0,67.0,18.0,1225.0,38866.0,2392.0,0.0,7841.0,-768.0,1226.0,-14343.0,15.0,-2333.0,-2200.0,-3037.0,219.0,-6834.0,13.0,51.0,4.0,13.0,240.0,924.0,47.0,5762.0,1672.0,408.0,522.0,373.0,332.0,0.0,0.0,2114.0,278.0,2024-07-10 05:30:00,2024-07-10,7.0
10/07/2024,06:00,37140.0,37300.0,37500.0,67.0,18.0,1226.0,38768.0,2663.0,0.0,8092.0,-421.0,1229.0,-14450.0,15.0,-2908.0,-2200.0,-3037.0,713.0,-6095.0,13.0,51.0,4.0,13.0,240.0,923.0,49.0,5780.0,1744.0,569.0,524.0,376.0,330.0,0.0,0.0,2397.0,266.0,2024-07-10 06:00:00,2024-07-10,7.0
10/07/2024,06:30,38555.0,39200.0,38600.0,67.0,18.0,1288.0,38812.0,2981.0,29.0,8558.0,-255.0,1221.0,-14114.0,15.0,-2908.0,-2200.0,-3037.0,713.0,-5991.0,13.0,50.0,4.0,35.0,241.0,961.0,51.0,5824.0,1806.0,927.0,520.0,373.0,328.0,0.0,0.0,2666.0,315.0,2024-07-10 06:30:00,2024-07-10,7.0
10/07/2024,07:00,40037.0,40700.0,40200.0,67.0,18.0,1387.0,39102.0,3107.0,241.0,9048.0,-183.0,1213.0,-13927.0,15.0,-3185.0,-1900.0,-2163.0,850.0,-5310.0,12.0,50.0,4.0,39.0,242.0,1056.0,50.0,5829.0,2038.0,1180.0,519.0,365.0,328.0,0.0,0.0,2710.0,397.0,2024-07-10 07:00:00,2024-07-10,7.0
10/07/2024,07:30,42098.0,43100.0,42300.0,390.0,18.0,1411.0,39190.0,3071.0,719.0,9079.0,-14.0,1192.0,-12905.0,20.0,-3185.0,-1900.0,-2163.0,850.0,-5195.0,335.0,51.0,4.0,175.0,302.0,885.0,50.0,5847.0,2039.0,1192.0,517.0,346.0,329.0,0.0,0.0,2645.0,426.0,2024-07-10 07:30:00,2024-07-10,7.0
10/07/2024,08:00,43882.0,44500.0,43900.0,611.0,18.0,1599.0,39183.0,3018.0,1478.0,9077.0,-14.0,1207.0,-12260.0,24.0,-2577.0,-1244.0,-2463.0,850.0,-6551.0,557.0,50.0,4.0,402.0,320.0,828.0,49.0,5952.0,2164.0,961.0,508.0,368.0,331.0,0.0,0.0,2463.0,555.0,2024-07-10 08:00:00,2024-07-10,7.0
10/07/2024,08:30,45765.0,46100.0,45600.0,604.0,18.0,1573.0,39411.0,2628.0,2493.0,10060.0,-121.0,1198.0,-12107.0,23.0,-2577.0,-1244.0,-2463.0,850.0,-6318.0,549.0,50.0,4.0,402.0,328.0,789.0,54.0,6092.0,2614.0,1354.0,501.0,366.0,331.0,0.0,0.0,2145.0,483.0,2024-07-10 08:30:00,2024-07-10,7.0
10/07/2024,09:00,47094.0,47400.0,46800.0,607.0,18.0,1499.0,39307.0,2469.0,3726.0,9792.0,-33.0,1197.0,-11475.0,23.0,-3716.0,-698.0,-3074.0,828.0,-4324.0,548.0,50.0,8.0,401.0,328.0,714.0,55.0,5941.0,2514.0,1337.0,498.0,367.0,332.0,0.0,0.0,2004.0,465.0,2024-07-10 09:00:00,2024-07-10,7.0
10/07/2024,09:30,48195.0,48100.0,47900.0,753.0,17.0,1488.0,39443.0,2458.0,4978.0,9110.0,-17.0,1197.0,-11232.0,24.0,-3716.0,-698.0,-3074.0,777.0,-4612.0,698.0,50.0,5.0,403.0,328.0,701.0,55.0,5647.0,2400.0,1063.0,490.0,372.0,334.0,0.0,0.0,2090.0,368.0,2024-07-10 09:30:00,2024-07-10,7.0
10/07/2024,10:00,49005.0,49000.0,48500.0,764.0,16.0,1487.0,39653.0,2530.0,6152.0,8943.0,-31.0,1179.0,-11686.0,24.0,-4027.0,-1541.0,-3074.0,712.0,-3515.0,709.0,50.0,4.0,405.0,329.0,697.0,56.0,5613.0,2151.0,1179.0,482.0,365.0,332.0,0.0,0.0,2248.0,282.0,2024-07-10 10:00:00,2024-07-10,7.0
10/07/2024,10:30,49551.0,49400.0,48900.0,766.0,15.0,1486.0,39568.0,2672.0,7325.0,8607.0,-146.0,1177.0,-11889.0,23.0,-4027.0,-1541.0,-3074.0,712.0,-3538.0,711.0,50.0,4.0,407.0,333.0,696.0,50.0,5354.0,2126.0,1128.0,479.0,366.0,331.0,0.0,0.0,2326.0,346.0,2024-07-10 10:30:00,2024-07-10,7.0
10/07/2024,11:00,50257.0,49600.0,49200.0,767.0,14.0,1458.0,39376.0,2749.0,8495.0,8372.0,-192.0,1183.0,-11922.0,23.0,-3927.0,-1545.0,-2949.0,523.0,-3053.0,712.0,50.0,5.0,401.0,346.0,661.0,49.0,5356.0,1949.0,1067.0,479.0,370.0,334.0,0.0,0.0,2549.0,200.0,2024-07-10 11:00:00,2024-07-10,7.0
10/07/2024,11:30,50816.0,50100.0,49100.0,610.0,14.0,1334.0,38983.0,3046.0,9877.0,7559.0,-57.0,1188.0,-11667.0,20.0,-3927.0,-1545.0,-2949.0,523.0,-3059.0,550.0,50.0,10.0,332.0,323.0,630.0,50.0,5287.0,1847.0,425.0,486.0,369.0,333.0,0.0,0.0,2825.0,221.0,2024-07-10 11:30:00,2024-07-10,7.0
10/07/2024,12:00,51460.0,51100.0,50300.0,221.0,14.0,1248.0,39182.0,3178.0,10915.0,7550.0,-687.0,1187.0,-11314.0,14.0,-4028.0,-1871.0,-2430.0,96.0,-2581.0,165.0,51.0,5.0,246.0,270.0,682.0,51.0,5241.0,1868.0,441.0,482.0,371.0,334.0,0.0,0.0,2932.0,246.0,2024-07-10 12:00:00,2024-07-10,7.0
10/07/2024,12:30,52174.0,50500.0,49500.0,207.0,14.0,1180.0,38873.0,3464.0,11837.0,7513.0,-824.0,1192.0,-11228.0,14.0,-4028.0,-1871.0,-2430.0,96.0,-2493.0,150.0,51.0,6.0,236.0,270.0,624.0,49.0,5300.0,1790.0,423.0,483.0,371.0,338.0,0.0,0.0,3187.0,276.0,2024-07-10 12:30:00,2024-07-10,7.0
10/07/2024,13:00,52673.0,51800.0,50800.0,139.0,14.0,788.0,39035.0,3792.0,12412.0,7499.0,-979.0,1194.0,-11192.0,11.0,-3878.0,-2047.0,-2700.0,-989.0,-1674.0,82.0,51.0,6.0,151.0,270.0,316.0,51.0,5313.0,1737.0,449.0,485.0,366.0,342.0,0.0,0.0,3460.0,332.0,2024-07-10 13:00:00,2024-07-10,7.0
10/07/2024,13:30,52217.0,50300.0,49900.0,70.0,14.0,404.0,38850.0,3681.0,12870.0,7322.0,-510.0,1188.0,-11668.0,7.0,-3878.0,-2047.0,-2700.0,-997.0,-1674.0,12.0,51.0,6.0,16.0,253.0,80.0,55.0,5316.0,1705.0,301.0,485.0,358.0,345.0,0.0,0.0,3444.0,237.0,2024-07-10 13:30:00,2024-07-10,7.0
10/07/2024,14:00,51815.0,50100.0,49500.0,71.0,14.0,413.0,38504.0,3529.0,12996.0,7080.0,-368.0,1190.0,-11597.0,7.0,-3878.0,-2258.0,-2839.0,-1645.0,-1953.0,12.0,51.0,7.0,16.0,254.0,84.0,59.0,5275.0,1532.0,273.0,485.0,360.0,344.0,0.0,0.0,3351.0,179.0,2024-07-10 14:00:00,2024-07-10,7.0
10/07/2024,14:30,51566.0,49800.0,48600.0,72.0,14.0,413.0,38898.0,3472.0,12945.0,7326.0,-597.0,1198.0,-12166.0,7.0,-3878.0,-2258.0,-2839.0,-1649.0,-1949.0,12.0,51.0,9.0,16.0,254.0,87.0,57.0,5277.0,1774.0,275.0,486.0,371.0,341.0,0.0,0.0,3269.0,203.0,2024-07-10 14:30:00,2024-07-10,7.0
10/07/2024,15:00,51078.0,49500.0,49100.0,73.0,15.0,416.0,39019.0,3473.0,12436.0,7456.0,-789.0,1194.0,-12191.0,7.0,-3729.0,-2297.0,-2861.0,-2266.0,-1605.0,12.0,52.0,8.0,16.0,254.0,89.0,58.0,5390.0,1792.0,275.0,489.0,362.0,343.0,0.0,0.0,3251.0,221.0,2024-07-10 15:00:00,2024-07-10,7.0
10/07/2024,15:30,50627.0,48700.0,48400.0,71.0,18.0,416.0,38824.0,3417.0,11964.0,7462.0,-826.0,1204.0,-11886.0,8.0,-3729.0,-2297.0,-2861.0,-2329.0,-1605.0,12.0,52.0,6.0,16.0,254.0,91.0,55.0,5487.0,1767.0,208.0,491.0,369.0,344.0,0.0,0.0,3212.0,205.0,2024-07-10 15:30:00,2024-07-10,7.0
10/07/2024,16:00,49915.0,48500.0,48200.0,70.0,20.0,416.0,38842.0,3445.0,11338.0,7569.0,-960.0,1215.0,-12015.0,8.0,-3680.0,-2249.0,-2861.0,-1786.0,-583.0,12.0,52.0,6.0,16.0,253.0,91.0,56.0,5559.0,1764.0,247.0,495.0,373.0,346.0,0.0,0.0,3248.0,196.0,2024-07-10 16:00:00,2024-07-10,7.0
10/07/2024,16:30,49365.0,47800.0,47600.0,70.0,19.0,416.0,38400.0,3330.0,10747.0,7388.0,-770.0,1214.0,-11411.0,8.0,-3680.0,-2249.0,-2861.0,-1778.0,-827.0,12.0,52.0,6.0,16.0,254.0,92.0,54.0,5546.0,1609.0,232.0,494.0,374.0,346.0,0.0,0.0,3122.0,208.0,2024-07-10 16:30:00,2024-07-10,7.0
10/07/2024,17:00,48919.0,47300.0,48000.0,70.0,20.0,411.0,38790.0,3270.0,9757.0,7528.0,-928.0,1213.0,-11181.0,8.0,-3484.0,-1906.0,-2861.0,582.0,-3603.0,12.0,53.0,5.0,17.0,253.0,91.0,50.0,5578.0,1821.0,128.0,491.0,375.0,346.0,0.0,0.0,3056.0,215.0,2024-07-10 17:00:00,2024-07-10,7.0
10/07/2024,17:30,48341.0,46800.0,46600.0,71.0,20.0,464.0,38789.0,3163.0,8629.0,7629.0,-895.0,1211.0,-10710.0,8.0,-3484.0,-1906.0,-2861.0,454.0,-3659.0,12.0,53.0,6.0,17.0,254.0,143.0,50.0,5481.0,1973.0,175.0,497.0,370.0,344.0,0.0,0.0,2950.0,213.0,2024-07-10 17:30:00,2024-07-10,7.0
10/07/2024,18:00,48402.0,47400.0,46900.0,76.0,20.0,570.0,39110.0,3170.0,7578.0,8740.0,-806.0,1217.0,-11251.0,9.0,-3184.0,1114.0,-2814.0,950.0,-3754.0,12.0,58.0,6.0,16.0,258.0,245.0,51.0,5471.0,2542.0,727.0,501.0,371.0,346.0,0.0,0.0,2985.0,185.0,2024-07-10 18:00:00,2024-07-10,7.0
10/07/2024,18:30,48687.0,47600.0,47900.0,77.0,20.0,619.0,38660.0,3066.0,6251.0,8097.0,-652.0,1226.0,-8630.0,10.0,-3184.0,1114.0,-2814.0,950.0,-3761.0,12.0,58.0,6.0,22.0,274.0,270.0,54.0,5516.0,2162.0,419.0,502.0,374.0,349.0,0.0,0.0,2903.0,162.0,2024-07-10 18:30:00,2024-07-10,7.0
10/07/2024,19:00,49368.0,48800.0,48600.0,76.0,20.0,953.0,38992.0,2959.0,5041.0,8440.0,-14.0,1234.0,-8293.0,12.0,-2734.0,1500.0,-2614.0,850.0,-4757.0,12.0,58.0,6.0,41.0,279.0,575.0,58.0,5754.0,2278.0,408.0,505.0,380.0,349.0,0.0,0.0,2745.0,213.0,2024-07-10 19:00:00,2024-07-10,7.0
10/07/2024,19:30,49601.0,48100.0,48000.0,76.0,20.0,1242.0,39325.0,2655.0,3750.0,9649.0,-13.0,1236.0,-8294.0,14.0,-2734.0,1500.0,-2614.0,850.0,-4754.0,12.0,58.0,5.0,41.0,311.0,829.0,61.0,5990.0,2660.0,1000.0,505.0,380.0,351.0,0.0,0.0,2478.0,177.0,2024-07-10 19:30:00,2024-07-10,7.0
10/07/2024,20:00,49058.0,47200.0,47000.0,75.0,20.0,1407.0,39497.0,2447.0,2498.0,10965.0,-13.0,1231.0,-9037.0,14.0,-2473.0,-805.0,-2449.0,850.0,-4397.0,12.0,58.0,5.0,44.0,309.0,993.0,62.0,6131.0,3090.0,1744.0,503.0,377.0,351.0,0.0,0.0,2305.0,143.0,2024-07-10 20:00:00,2024-07-10,7.0
10/07/2024,20:30,47670.0,45900.0,45700.0,75.0,20.0,1590.0,39486.0,2183.0,1401.0,11614.0,-12.0,1228.0,-9905.0,16.0,-2473.0,-805.0,-2449.0,850.0,-4544.0,12.0,58.0,4.0,45.0,307.0,1177.0,62.0,6249.0,3193.0,2172.0,502.0,375.0,351.0,0.0,0.0,2034.0,148.0,2024-07-10 20:30:00,2024-07-10,7.0
10/07/2024,21:00,46222.0,44900.0,44600.0,74.0,20.0,1922.0,39469.0,1850.0,654.0,11451.0,-12.0,1235.0,-10433.0,18.0,-2184.0,-2393.0,-2733.0,850.0,-3856.0,13.0,57.0,4.0,45.0,307.0,1510.0,61.0,6303.0,3217.0,1932.0,504.0,378.0,353.0,0.0,0.0,1668.0,182.0,2024-07-10 21:00:00,2024-07-10,7.0
10/07/2024,21:30,45456.0,44800.0,44500.0,74.0,20.0,2070.0,39533.0,1606.0,208.0,11233.0,-12.0,1229.0,-10476.0,19.0,-2184.0,-2393.0,-2733.0,850.0,-3858.0,13.0,58.0,4.0,44.0,308.0,1658.0,59.0,6215.0,2948.0,2070.0,504.0,372.0,353.0,0.0,0.0,1419.0,187.0,2024-07-10 21:30:00,2024-07-10,7.0
10/07/2024,22:00,44989.0,44200.0,43800.0,74.0,20.0,2213.0,39503.0,1388.0,28.0,10897.0,-12.0,1251.0,-10339.0,20.0,-460.0,-2400.0,-2887.0,875.0,-4140.0,13.0,57.0,4.0,44.0,308.0,1801.0,59.0,6135.0,2637.0,2125.0,511.0,388.0,352.0,0.0,0.0,1230.0,158.0,2024-07-10 22:00:00,2024-07-10,7.0
10/07/2024,22:30,46165.0,45900.0,45500.0,74.0,19.0,2172.0,39553.0,1269.0,4.0,10616.0,-12.0,1257.0,-8766.0,20.0,-460.0,-2400.0,-2887.0,875.0,-3340.0,13.0,57.0,4.0,44.0,309.0,1760.0,59.0,6088.0,2602.0,1926.0,511.0,395.0,350.0,0.0,0.0,1067.0,202.0,2024-07-10 22:30:00,2024-07-10,7.0
10/07/2024,23:00,47535.0,47600.0,47100.0,74.0,19.0,2302.0,39567.0,1287.0,3.0,10802.0,-13.0,1254.0,-7728.0,21.0,-1251.0,-2400.0,-2657.0,900.0,-3241.0,13.0,57.0,4.0,44.0,309.0,1890.0,59.0,6095.0,2796.0,1911.0,513.0,394.0,347.0,0.0,0.0,1027.0,260.0,2024-07-10 23:00:00,2024-07-10,7.0
10/07/2024,23:30,46567.0,46800.0,46400.0,74.0,19.0,2307.0,39605.0,1394.0,3.0,10645.0,-46.0,1257.0,-8659.0,21.0,-1251.0,-2400.0,-2657.0,894.0,-3442.0,13.0,57.0,4.0,41.0,300.0,1908.0,58.0,6051.0,2925.0,1669.0,511.0,397.0,349.0,0.0,0.0,1110.0,284.0,2024-07-10 23:30:00,2024-07-10,7.0
20/08/2024,00:00,41469.0,40000.0,40600.0,79.0,19.0,1118.0,40661.0,3051.0,2.0,6484.0,-14.0,1225.0,-11081.0,14.0,763.0,-2729.0,-3085.0,-1914.0,-4810.0,14.0,62.0,4.0,1.0,270.0,809.0,37.0,4272.0,1243.0,970.0,492.0,395.0,339.0,0.0,0.0,2686.0,365.0,2024-08-20 00:00:00,2024-08-20,8.0
20/08/2024,00:30,40109.0,37700.0,38600.0,79.0,19.0,922.0,40249.0,3063.0,2.0,6174.0,-14.0,1227.0,-11544.0,13.0,763.0,-2729.0,-3085.0,-1914.0,-4985.0,14.0,62.0,4.0,1.0,248.0,639.0,34.0,4135.0,1270.0,769.0,495.0,393.0,339.0,0.0,0.0,2628.0,435.0,2024-08-20 00:30:00,2024-08-20,8.0
20/08/2024,01:00,37577.0,35900.0,36600.0,78.0,19.0,832.0,39396.0,3257.0,2.0,5400.0,-385.0,1220.0,-12146.0,13.0,70.0,-2729.0,-3086.0,-2121.0,-5042.0,14.0,61.0,4.0,1.0,246.0,551.0,33.0,4012.0,1204.0,185.0,492.0,390.0,338.0,0.0,0.0,2699.0,558.0,2024-08-20 01:00:00,2024-08-20,8.0
20/08/2024,01:30,36941.0,36300.0,36700.0,79.0,19.0,827.0,39724.0,3457.0,2.0,5285.0,-731.0,1216.0,-12872.0,12.0,70.0,-2729.0,-3086.0,-2121.0,-5056.0,14.0,62.0,4.0,1.0,246.0,547.0,33.0,3959.0,1320.0,7.0,486.0,392.0,338.0,0.0,0.0,2763.0,695.0,2024-08-20 01:30:00,2024-08-20,8.0
20/08/2024,02:00,36409.0,35900.0,36300.0,79.0,19.0,830.0,39741.0,3387.0,2.0,5022.0,-848.0,1220.0,-12966.0,13.0,-484.0,-2729.0,-3086.0,-2190.0,-4923.0,14.0,62.0,4.0,1.0,247.0,549.0,33.0,3924.0,1094.0,5.0,483.0,399.0,338.0,0.0,0.0,2742.0,645.0,2024-08-20 02:00:00,2024-08-20,8.0
20/08/2024,02:30,35953.0,34600.0,35100.0,79.0,19.0,775.0,40115.0,3286.0,2.0,4701.0,-1176.0,1215.0,-13000.0,12.0,-484.0,-2729.0,-3086.0,-2190.0,-4962.0,14.0,62.0,4.0,1.0,247.0,494.0,33.0,3884.0,813.0,4.0,483.0,394.0,338.0,0.0,0.0,2647.0,639.0,2024-08-20 02:30:00,2024-08-20,8.0
20/08/2024,03:00,34760.0,33500.0,34000.0,79.0,19.0,511.0,39813.0,3245.0,2.0,4578.0,-1747.0,1212.0,-12876.0,11.0,-1406.0,-2729.0,-2922.0,-2227.0,-4787.0,14.0,62.0,4.0,1.0,247.0,229.0,33.0,3802.0,771.0,4.0,477.0,397.0,338.0,0.0,0.0,2559.0,685.0,2024-08-20 03:00:00,2024-08-20,8.0
20/08/2024,03:30,33876.0,33000.0,33400.0,79.0,19.0,429.0,39528.0,3138.0,1.0,4572.0,-1654.0,1211.0,-13396.0,10.0,-1406.0,-2729.0,-2922.0,-2227.0,-4772.0,14.0,61.0,4.0,1.0,247.0,148.0,33.0,3788.0,780.0,4.0,479.0,394.0,338.0,0.0,0.0,2448.0,689.0,2024-08-20 03:30:00,2024-08-20,8.0
20/08/2024,04:00,33272.0,32700.0,32900.0,81.0,19.0,431.0,39247.0,3177.0,0.0,4564.0,-1678.0,1199.0,-13679.0,10.0,-1346.0,-2867.0,-2922.0,-2149.0,-4418.0,14.0,63.0,4.0,1.0,247.0,150.0,33.0,3711.0,849.0,4.0,472.0,390.0,337.0,0.0,0.0,2453.0,724.0,2024-08-20 04:00:00,2024-08-20,8.0
20/08/2024,04:30,33032.0,32600.0,32600.0,80.0,19.0,428.0,39332.0,3271.0,0.0,4488.0,-1866.0,1204.0,-13832.0,10.0,-1346.0,-2867.0,-2922.0,-2149.0,-4387.0,14.0,62.0,4.0,1.0,247.0,147.0,33.0,3627.0,857.0,4.0,472.0,396.0,335.0,0.0,0.0,2562.0,709.0,2024-08-20 04:30:00,2024-08-20,8.0
20/08/2024,05:00,33004.0,32900.0,33100.0,80.0,19.0,429.0,39330.0,3171.0,0.0,4438.0,-1868.0,1210.0,-13710.0,10.0,-124.0,-2867.0,-2922.0,-2221.0,-4693.0,14.0,62.0,4.0,1.0,247.0,147.0,33.0,3519.0,915.0,4.0,474.0,403.0,334.0,0.0,0.0,2593.0,577.0,2024-08-20 05:00:00,2024-08-20,8.0
20/08/2024,05:30,33827.0,33700.0,34100.0,81.0,19.0,447.0,39413.0,3183.0,0.0,4533.0,-1964.0,1207.0,-12996.0,10.0,-124.0,-2867.0,-2922.0,-2221.0,-4736.0,14.0,62.0,4.0,1.0,247.0,165.0,33.0,3518.0,1011.0,4.0,471.0,403.0,333.0,0.0,0.0,2588.0,596.0,2024-08-20 05:30:00,2024-08-20,8.0
20/08/2024,06:00,34646.0,34600.0,34900.0,81.0,19.0,421.0,40029.0,3244.0,0.0,4555.0,-1841.0,1196.0,-12945.0,10.0,-438.0,-2775.0,-2922.0,-2215.0,-4124.0,14.0,63.0,4.0,1.0,247.0,140.0,33.0,3520.0,1031.0,4.0,466.0,400.0,331.0,0.0,0.0,2602.0,642.0,2024-08-20 06:00:00,2024-08-20,8.0
20/08/2024,06:30,35955.0,35800.0,36300.0,81.0,19.0,408.0,39891.0,3192.0,1.0,4974.0,-1098.0,1204.0,-12634.0,10.0,-438.0,-2775.0,-2922.0,-2215.0,-4214.0,14.0,62.0,4.0,1.0,246.0,128.0,33.0,3647.0,1225.0,102.0,468.0,406.0,330.0,0.0,0.0,2575.0,617.0,2024-08-20 06:30:00,2024-08-20,8.0
20/08/2024,07:00,36661.0,36200.0,36800.0,80.0,19.0,408.0,39785.0,3176.0,14.0,5157.0,-509.0,1203.0,-12595.0,9.0,-1744.0,-2775.0,-3044.0,-1990.0,-4128.0,14.0,62.0,4.0,1.0,247.0,127.0,33.0,3711.0,1329.0,117.0,468.0,403.0,331.0,0.0,0.0,2580.0,596.0,2024-08-20 07:00:00,2024-08-20,8.0
20/08/2024,07:30,37784.0,37600.0,38000.0,81.0,19.0,440.0,40087.0,3377.0,205.0,5783.0,-19.0,1189.0,-13315.0,9.0,-1744.0,-2775.0,-3044.0,-1990.0,-4117.0,14.0,62.0,4.0,4.0,256.0,144.0,36.0,3904.0,1694.0,184.0,463.0,391.0,335.0,0.0,0.0,2746.0,631.0,2024-08-20 07:30:00,2024-08-20,8.0
20/08/2024,08:00,39116.0,39100.0,39300.0,82.0,19.0,427.0,40319.0,3367.0,857.0,6621.0,-14.0,1185.0,-13668.0,9.0,-3328.0,-2775.0,-3044.0,-745.0,-4578.0,14.0,63.0,4.0,4.0,259.0,124.0,40.0,3929.0,1551.0,1142.0,462.0,388.0,335.0,0.0,0.0,2793.0,574.0,2024-08-20 08:00:00,2024-08-20,8.0
20/08/2024,08:30,40672.0,40700.0,40800.0,81.0,19.0,457.0,40618.0,3285.0,2023.0,7447.0,-14.0,1189.0,-14355.0,9.0,-3328.0,-2775.0,-3044.0,-745.0,-4210.0,14.0,62.0,4.0,8.0,263.0,139.0,46.0,4083.0,1734.0,1629.0,466.0,389.0,334.0,0.0,0.0,2756.0,529.0,2024-08-20 08:30:00,2024-08-20,8.0
20/08/2024,09:00,41978.0,42000.0,42200.0,81.0,17.0,452.0,40520.0,3090.0,3662.0,7110.0,-14.0,1188.0,-14051.0,9.0,-3250.0,-2667.0,-2523.0,-663.0,-5389.0,14.0,63.0,5.0,8.0,260.0,134.0,50.0,4055.0,1543.0,1512.0,474.0,381.0,332.0,0.0,0.0,2473.0,617.0,2024-08-20 09:00:00,2024-08-20,8.0
20/08/2024,09:30,43189.0,43300.0,43500.0,80.0,17.0,459.0,40571.0,2752.0,5529.0,7108.0,-30.0,1192.0,-14406.0,8.0,-3250.0,-2667.0,-2523.0,-663.0,-5199.0,14.0,62.0,5.0,8.0,261.0,144.0,47.0,3931.0,1618.0,1560.0,473.0,384.0,335.0,0.0,0.0,2115.0,637.0,2024-08-20 09:30:00,2024-08-20,8.0
20/08/2024,10:00,44065.0,44300.0,44100.0,80.0,17.0,447.0,40527.0,2646.0,7451.0,6191.0,-59.0,1178.0,-14332.0,8.0,-3535.0,-2702.0,-2498.0,-2133.0,-5061.0,14.0,61.0,5.0,8.0,261.0,133.0,46.0,3880.0,1441.0,869.0,464.0,381.0,333.0,0.0,0.0,1883.0,763.0,2024-08-20 10:00:00,2024-08-20,8.0
20/08/2024,10:30,44851.0,45000.0,44700.0,80.0,17.0,454.0,40269.0,2546.0,9288.0,6793.0,-56.0,1171.0,-15632.0,8.0,-3535.0,-2702.0,-2498.0,-2133.0,-4461.0,14.0,61.0,5.0,8.0,263.0,135.0,48.0,3759.0,2064.0,970.0,464.0,378.0,329.0,0.0,0.0,1858.0,688.0,2024-08-20 10:30:00,2024-08-20,8.0
20/08/2024,11:00,45507.0,45200.0,45300.0,84.0,17.0,468.0,40146.0,2670.0,10829.0,5754.0,-172.0,1171.0,-15368.0,8.0,-2387.0,-2729.0,-2530.0,-2221.0,-4207.0,13.0,64.0,6.0,8.0,262.0,152.0,47.0,3708.0,1579.0,467.0,464.0,379.0,328.0,0.0,0.0,1974.0,696.0,2024-08-20 11:00:00,2024-08-20,8.0
20/08/2024,11:30,46314.0,45600.0,45800.0,87.0,17.0,456.0,39672.0,3026.0,12047.0,5038.0,-862.0,1171.0,-14254.0,8.0,-2387.0,-2729.0,-2530.0,-2221.0,-3572.0,13.0,68.0,6.0,5.0,250.0,159.0,41.0,3675.0,1089.0,275.0,454.0,385.0,332.0,0.0,0.0,2236.0,791.0,2024-08-20 11:30:00,2024-08-20,8.0
20/08/2024,12:00,47125.0,46800.0,47200.0,87.0,17.0,458.0,39028.0,3251.0,12936.0,4989.0,-1266.0,1163.0,-13466.0,8.0,-2218.0,-2729.0,-2530.0,-2222.0,-2538.0,13.0,67.0,6.0,4.0,250.0,163.0,40.0,3714.0,1124.0,150.0,453.0,378.0,332.0,0.0,0.0,2636.0,615.0,2024-08-20 12:00:00,2024-08-20,8.0
20/08/2024,12:30,48092.0,46400.0,46500.0,81.0,17.0,438.0,38465.0,3514.0,13646.0,4968.0,-1756.0,1172.0,-12372.0,8.0,-2218.0,-2729.0,-2530.0,-2222.0,-2304.0,13.0,62.0,6.0,5.0,249.0,144.0,41.0,3708.0,1110.0,150.0,460.0,378.0,334.0,0.0,0.0,2976.0,538.0,2024-08-20 12:30:00,2024-08-20,8.0
20/08/2024,13:00,48830.0,47700.0,48400.0,81.0,18.0,457.0,38487.0,3770.0,14011.0,4992.0,-2004.0,1176.0,-12079.0,8.0,-2732.0,-2729.0,-2530.0,-2220.0,-3366.0,13.0,62.0,6.0,4.0,252.0,159.0,42.0,3745.0,1096.0,151.0,464.0,377.0,335.0,0.0,0.0,3248.0,523.0,2024-08-20 13:00:00,2024-08-20,8.0
20/08/2024,13:30,48022.0,46500.0,46600.0,81.0,18.0,440.0,38047.0,3983.0,14174.0,4740.0,-1638.0,1181.0,-12921.0,8.0,-2732.0,-2729.0,-2530.0,-2220.0,-3433.0,13.0,62.0,6.0,4.0,251.0,145.0,40.0,3707.0,1028.0,6.0,473.0,374.0,334.0,0.0,0.0,3362.0,621.0,2024-08-20 13:30:00,2024-08-20,8.0
20/08/2024,14:00,47438.0,46300.0,46200.0,82.0,18.0,459.0,37628.0,4081.0,14261.0,4650.0,-1241.0,1176.0,-13592.0,8.0,-2696.0,-2729.0,-2530.0,-2227.0,-4173.0,13.0,62.0,7.0,4.0,250.0,165.0,40.0,3618.0,1028.0,4.0,466.0,376.0,334.0,0.0,0.0,3454.0,627.0,2024-08-20 14:00:00,2024-08-20,8.0
20/08/2024,14:30,47402.0,46200.0,45800.0,82.0,17.0,446.0,37388.0,4266.0,14111.0,4682.0,-1236.0,1180.0,-13454.0,8.0,-2696.0,-2729.0,-2530.0,-2227.0,-4514.0,13.0,63.0,6.0,4.0,249.0,153.0,40.0,3596.0,1082.0,4.0,467.0,380.0,332.0,0.0,0.0,3553.0,713.0,2024-08-20 14:30:00,2024-08-20,8.0
20/08/2024,15:00,46665.0,45300.0,44900.0,84.0,18.0,442.0,36694.0,4352.0,13778.0,4916.0,-1175.0,1183.0,-13557.0,8.0,-2163.0,-2821.0,-3009.0,-2227.0,-4626.0,13.0,64.0,7.0,4.0,252.0,148.0,38.0,3598.0,1314.0,4.0,474.0,381.0,328.0,0.0,0.0,3635.0,717.0,2024-08-20 15:00:00,2024-08-20,8.0
20/08/2024,15:30,46322.0,44700.0,44600.0,90.0,18.0,428.0,36280.0,4820.0,13272.0,5438.0,-1229.0,1183.0,-13900.0,8.0,-2163.0,-2821.0,-3009.0,-2227.0,-4789.0,12.0,68.0,10.0,4.0,253.0,133.0,38.0,3623.0,1811.0,4.0,475.0,378.0,329.0,0.0,0.0,4029.0,791.0,2024-08-20 15:30:00,2024-08-20,8.0
20/08/2024,16:00,45639.0,44200.0,44000.0,86.0,18.0,437.0,36388.0,5250.0,12580.0,5461.0,-1223.0,1187.0,-14468.0,8.0,-2657.0,-2805.0,-2634.0,-2202.0,-3964.0,12.0,67.0,6.0,4.0,252.0,143.0,38.0,3634.0,1823.0,4.0,476.0,378.0,333.0,0.0,0.0,4463.0,787.0,2024-08-20 16:00:00,2024-08-20,8.0
20/08/2024,16:30,45075.0,43800.0,43600.0,82.0,18.0,442.0,36343.0,5652.0,11670.0,4978.0,-1228.0,1196.0,-13980.0,8.0,-2657.0,-2805.0,-2634.0,-2202.0,-3999.0,12.0,64.0,6.0,5.0,249.0,148.0,39.0,3614.0,1237.0,128.0,482.0,378.0,337.0,0.0,0.0,4801.0,852.0,2024-08-20 16:30:00,2024-08-20,8.0
20/08/2024,17:00,44739.0,43700.0,43400.0,83.0,18.0,434.0,37094.0,6331.0,10541.0,4792.0,-1222.0,1212.0,-14457.0,8.0,-3355.0,-2434.0,-3134.0,-2227.0,-3068.0,12.0,63.0,7.0,5.0,249.0,142.0,38.0,3586.0,1060.0,145.0,493.0,382.0,337.0,0.0,0.0,5394.0,937.0,2024-08-20 17:00:00,2024-08-20,8.0
20/08/2024,17:30,44306.0,43500.0,42800.0,84.0,18.0,454.0,37821.0,6458.0,9094.0,4698.0,-1298.0,1215.0,-14155.0,8.0,-3355.0,-2434.0,-3134.0,-2227.0,-3067.0,13.0,64.0,7.0,5.0,249.0,162.0,39.0,3579.0,988.0,131.0,493.0,385.0,338.0,0.0,0.0,5550.0,908.0,2024-08-20 17:30:00,2024-08-20,8.0
20/08/2024,18:00,44494.0,43900.0,43700.0,83.0,18.0,442.0,38315.0,6698.0,7510.0,4843.0,-416.0,1216.0,-14135.0,8.0,-4028.0,-1901.0,-2993.0,-2227.0,-2789.0,13.0,63.0,7.0,4.0,249.0,150.0,39.0,3572.0,1116.0,155.0,492.0,385.0,339.0,0.0,0.0,5610.0,1088.0,2024-08-20 18:00:00,2024-08-20,8.0
20/08/2024,18:30,44872.0,44300.0,44100.0,83.0,18.0,431.0,38315.0,7192.0,5824.0,5569.0,-235.0,1217.0,-13463.0,8.0,-4028.0,-1901.0,-2993.0,-2227.0,-2790.0,13.0,64.0,7.0,4.0,250.0,140.0,37.0,3818.0,1330.0,421.0,489.0,388.0,340.0,0.0,0.0,6056.0,1136.0,2024-08-20 18:30:00,2024-08-20,8.0
20/08/2024,19:00,45608.0,44900.0,45100.0,83.0,18.0,433.0,39449.0,7262.0,4123.0,7026.0,-26.0,1227.0,-13923.0,8.0,-4028.0,-1517.0,-2993.0,-1855.0,-3029.0,13.0,64.0,6.0,5.0,252.0,139.0,37.0,3952.0,1748.0,1325.0,494.0,394.0,339.0,0.0,0.0,6079.0,1182.0,2024-08-20 19:00:00,2024-08-20,8.0
20/08/2024,19:30,45738.0,44200.0,44600.0,83.0,18.0,455.0,39600.0,7129.0,2501.0,8175.0,-14.0,1233.0,-13368.0,8.0,-4028.0,-1517.0,-2993.0,-1855.0,-3033.0,13.0,64.0,6.0,7.0,262.0,147.0,40.0,4122.0,1883.0,2170.0,505.0,390.0,338.0,0.0,0.0,5944.0,1186.0,2024-08-20 19:30:00,2024-08-20,8.0
20/08/2024,20:00,45277.0,43400.0,44000.0,83.0,18.0,450.0,39636.0,7341.0,1269.0,8920.0,-14.0,1241.0,-13601.0,9.0,-4028.0,-2100.0,-2993.0,-1663.0,-3265.0,13.0,65.0,6.0,7.0,262.0,140.0,41.0,4319.0,2190.0,2410.0,512.0,390.0,338.0,0.0,0.0,6151.0,1190.0,2024-08-20 20:00:00,2024-08-20,8.0
20/08/2024,20:30,44189.0,42000.0,43000.0,81.0,18.0,430.0,39635.0,7431.0,479.0,8963.0,-14.0,1247.0,-13995.0,9.0,-4028.0,-2100.0,-2993.0,-1663.0,-3265.0,13.0,64.0,5.0,4.0,256.0,131.0,39.0,4221.0,2453.0,2289.0,514.0,393.0,340.0,0.0,0.0,6242.0,1189.0,2024-08-20 20:30:00,2024-08-20,8.0
20/08/2024,21:00,43320.0,42100.0,42500.0,82.0,18.0,425.0,39601.0,7565.0,81.0,8468.0,-14.0,1253.0,-14073.0,9.0,-4028.0,-2142.0,-2707.0,-988.0,-3934.0,13.0,64.0,5.0,4.0,257.0,126.0,37.0,4227.0,2241.0,2000.0,519.0,394.0,341.0,0.0,0.0,6378.0,1187.0,2024-08-20 21:00:00,2024-08-20,8.0
20/08/2024,21:30,43506.0,41800.0,43300.0,81.0,18.0,429.0,39669.0,7145.0,5.0,8687.0,-13.0,1246.0,-13664.0,9.0,-4028.0,-2142.0,-2707.0,-989.0,-3892.0,13.0,64.0,4.0,2.0,258.0,130.0,39.0,4230.0,2355.0,2102.0,512.0,394.0,340.0,0.0,0.0,5956.0,1189.0,2024-08-20 21:30:00,2024-08-20,8.0
20/08/2024,22:00,42689.0,41100.0,41900.0,80.0,18.0,416.0,39418.0,7552.0,3.0,7978.0,-35.0,1248.0,-13883.0,9.0,-3219.0,-1918.0,-2737.0,-1296.0,-3906.0,13.0,63.0,4.0,2.0,258.0,118.0,38.0,4150.0,2058.0,1769.0,512.0,398.0,338.0,0.0,0.0,6367.0,1185.0,2024-08-20 22:00:00,2024-08-20,8.0
20/08/2024,22:30,42918.0,41700.0,43000.0,81.0,18.0,417.0,39509.0,7541.0,3.0,7530.0,-44.0,1256.0,-13322.0,9.0,-3219.0,-1918.0,-2737.0,-1292.0,-3606.0,13.0,64.0,4.0,2.0,269.0,108.0,38.0,4086.0,1797.0,1647.0,520.0,398.0,338.0,0.0,0.0,6363.0,1178.0,2024-08-20 22:30:00,2024-08-20,8.0
20/08/2024,23:00,43759.0,43600.0,44200.0,82.0,18.0,423.0,39559.0,7148.0,2.0,7593.0,-13.0,1260.0,-12226.0,9.0,-1816.0,-2300.0,-2505.0,-1504.0,-4657.0,13.0,64.0,4.0,2.0,267.0,117.0,38.0,4078.0,1868.0,1646.0,527.0,393.0,339.0,0.0,0.0,6017.0,1131.0,2024-08-20 23:00:00,2024-08-20,8.0
20/08/2024,23:30,42883.0,42600.0,43100.0,81.0,17.0,385.0,39857.0,6840.0,2.0,7171.0,-104.0,1269.0,-12565.0,9.0,-1816.0,-2300.0,-2505.0,-1504.0,-4653.0,13.0,64.0,4.0,1.0,243.0,106.0,34.0,3975.0,1738.0,1458.0,540.0,391.0,338.0,0.0,0.0,5798.0,1042.0,2024-08-20 23:30:00,2024-08-20,8.0
12/09/2024,00:00,43746.0,43000.0,42800.0,90.0,17.0,833.0,40422.0,5016.0,0.0,6998.0,-15.0,1197.0,-10738.0,12.0,-2014.0,-1150.0,-2172.0,-2166.0,-4153.0,15.0,71.0,4.0,49.0,361.0,366.0,58.0,4156.0,1917.0,924.0,512.0,353.0,332.0,0.0,0.0,4153.0,863.0,2024-09-12 00:00:00,2024-09-12,9.0
12/09/2024,00:30,42442.0,40800.0,40400.0,93.0,17.0,467.0,40070.0,5142.0,0.0,6914.0,-40.0,1201.0,-11352.0,10.0,-2014.0,-1150.0,-2172.0,-2166.0,-4943.0,15.0,74.0,4.0,22.0,288.0,114.0,43.0,4089.0,1909.0,916.0,521.0,348.0,332.0,0.0,0.0,4253.0,889.0,2024-09-12 00:30:00,2024-09-12,9.0
12/09/2024,01:00,39836.0,39100.0,38900.0,94.0,18.0,432.0,39463.0,5038.0,0.0,6209.0,-82.0,1196.0,-12454.0,10.0,-2014.0,-1119.0,-2172.0,-2046.0,-4435.0,15.0,75.0,4.0,13.0,285.0,90.0,45.0,4009.0,1351.0,849.0,520.0,342.0,333.0,0.0,0.0,4244.0,794.0,2024-09-12 01:00:00,2024-09-12,9.0
12/09/2024,01:30,39172.0,39500.0,38400.0,94.0,18.0,431.0,39423.0,4770.0,0.0,5624.0,-95.0,1199.0,-12218.0,10.0,-2014.0,-1119.0,-2172.0,-1780.0,-4603.0,15.0,75.0,4.0,13.0,286.0,87.0,45.0,4003.0,1209.0,412.0,521.0,344.0,333.0,0.0,0.0,3988.0,782.0,2024-09-12 01:30:00,2024-09-12,9.0
12/09/2024,02:00,38548.0,39000.0,38500.0,94.0,18.0,434.0,39251.0,4678.0,0.0,5244.0,-99.0,1208.0,-12193.0,10.0,-1958.0,-1150.0,-2172.0,-2215.0,-4309.0,15.0,75.0,4.0,13.0,286.0,89.0,46.0,3940.0,1238.0,66.0,526.0,349.0,333.0,0.0,0.0,3845.0,833.0,2024-09-12 02:00:00,2024-09-12,9.0
12/09/2024,02:30,38285.0,37500.0,37300.0,93.0,18.0,439.0,39383.0,4754.0,0.0,5096.0,-444.0,1206.0,-12186.0,10.0,-1958.0,-1150.0,-2172.0,-2215.0,-4848.0,15.0,74.0,4.0,13.0,286.0,91.0,49.0,3974.0,1113.0,9.0,527.0,345.0,335.0,0.0,0.0,3884.0,869.0,2024-09-12 02:30:00,2024-09-12,9.0
12/09/2024,03:00,37076.0,36200.0,36400.0,93.0,17.0,441.0,39471.0,4392.0,0.0,5089.0,-929.0,1208.0,-12630.0,10.0,-2014.0,-1150.0,-2096.0,-2123.0,-5243.0,15.0,74.0,4.0,13.0,285.0,91.0,52.0,3966.0,1115.0,9.0,533.0,341.0,334.0,0.0,0.0,3815.0,577.0,2024-09-12 03:00:00,2024-09-12,9.0
12/09/2024,03:30,36314.0,35800.0,35300.0,92.0,17.0,445.0,39540.0,4225.0,0.0,5058.0,-1208.0,1204.0,-12984.0,11.0,-2014.0,-1150.0,-2096.0,-2123.0,-5773.0,15.0,73.0,4.0,13.0,286.0,92.0,54.0,3983.0,1066.0,9.0,530.0,340.0,334.0,0.0,0.0,3678.0,548.0,2024-09-12 03:30:00,2024-09-12,9.0
12/09/2024,04:00,35495.0,35000.0,34800.0,90.0,17.0,443.0,39460.0,4235.0,0.0,4987.0,-1376.0,1201.0,-13483.0,11.0,-1999.0,-1150.0,-2096.0,-2227.0,-5843.0,15.0,71.0,4.0,13.0,285.0,92.0,53.0,3976.0,1003.0,9.0,537.0,331.0,332.0,0.0,0.0,3700.0,534.0,2024-09-12 04:00:00,2024-09-12,9.0
12/09/2024,04:30,35257.0,34900.0,34700.0,90.0,17.0,443.0,39524.0,4186.0,0.0,4711.0,-1268.0,1203.0,-13576.0,11.0,-1999.0,-1150.0,-2096.0,-2227.0,-5945.0,15.0,71.0,4.0,13.0,285.0,91.0,54.0,3961.0,742.0,9.0,543.0,330.0,330.0,0.0,0.0,3691.0,496.0,2024-09-12 04:30:00,2024-09-12,9.0
12/09/2024,05:00,35162.0,35400.0,35400.0,90.0,17.0,444.0,39776.0,4083.0,0.0,4737.0,-1263.0,1206.0,-13857.0,11.0,-2014.0,-765.0,-2096.0,-2184.0,-5471.0,15.0,71.0,4.0,13.0,286.0,91.0,54.0,3990.0,738.0,9.0,548.0,328.0,330.0,0.0,0.0,3598.0,485.0,2024-09-12 05:00:00,2024-09-12,9.0
12/09/2024,05:30,36231.0,36700.0,36800.0,88.0,17.0,453.0,39805.0,3942.0,0.0,4841.0,-1080.0,1197.0,-12948.0,11.0,-2014.0,-765.0,-2096.0,-2184.0,-5325.0,15.0,69.0,4.0,13.0,292.0,90.0,58.0,4004.0,826.0,11.0,540.0,330.0,327.0,0.0,0.0,3424.0,518.0,2024-09-12 05:30:00,2024-09-12,9.0
12/09/2024,06:00,37523.0,38500.0,38400.0,86.0,18.0,496.0,39975.0,3814.0,0.0,4995.0,-813.0,1192.0,-12164.0,11.0,-1930.0,-82.0,-2096.0,-2227.0,-3989.0,15.0,67.0,4.0,13.0,313.0,111.0,59.0,4006.0,883.0,106.0,537.0,331.0,325.0,0.0,0.0,3351.0,463.0,2024-09-12 06:00:00,2024-09-12,9.0
12/09/2024,06:30,39957.0,41000.0,40900.0,86.0,17.0,720.0,39973.0,3513.0,0.0,5476.0,-284.0,1195.0,-10662.0,12.0,-1930.0,-82.0,-2096.0,-2227.0,-4208.0,15.0,67.0,4.0,35.0,376.0,254.0,56.0,4069.0,1121.0,287.0,537.0,333.0,324.0,0.0,0.0,3197.0,316.0,2024-09-12 06:30:00,2024-09-12,9.0
12/09/2024,07:00,42550.0,43600.0,43700.0,86.0,17.0,889.0,40846.0,3331.0,0.0,7005.0,-173.0,1194.0,-10570.0,13.0,-1679.0,506.0,-2511.0,-2226.0,-3770.0,15.0,67.0,4.0,45.0,387.0,400.0,58.0,4197.0,1844.0,964.0,533.0,337.0,324.0,0.0,0.0,2989.0,342.0,2024-09-12 07:00:00,2024-09-12,9.0
12/09/2024,07:30,44869.0,45000.0,45300.0,87.0,18.0,1027.0,41191.0,3252.0,7.0,8053.0,-15.0,1194.0,-9881.0,13.0,-1679.0,506.0,-2511.0,-2226.0,-3691.0,15.0,68.0,4.0,48.0,395.0,521.0,64.0,4690.0,2231.0,1132.0,528.0,341.0,325.0,0.0,0.0,2895.0,357.0,2024-09-12 07:30:00,2024-09-12,9.0
12/09/2024,08:00,46136.0,46100.0,46200.0,88.0,18.0,1043.0,41339.0,3067.0,219.0,8861.0,-13.0,1182.0,-9597.0,13.0,-1815.0,1000.0,-2390.0,-997.0,-4584.0,15.0,69.0,4.0,47.0,396.0,532.0,69.0,4732.0,2974.0,1155.0,517.0,341.0,323.0,0.0,0.0,2759.0,308.0,2024-09-12 08:00:00,2024-09-12,9.0
12/09/2024,08:30,47447.0,46900.0,47300.0,88.0,17.0,1048.0,41326.0,2899.0,933.0,8838.0,-13.0,1175.0,-8786.0,13.0,-1815.0,1000.0,-2390.0,-997.0,-3793.0,15.0,69.0,4.0,43.0,398.0,531.0,76.0,4776.0,2826.0,1236.0,515.0,342.0,318.0,0.0,0.0,2581.0,318.0,2024-09-12 08:30:00,2024-09-12,9.0
12/09/2024,09:00,48300.0,47600.0,47400.0,88.0,17.0,1044.0,41243.0,2664.0,2163.0,8388.0,-13.0,1161.0,-8377.0,13.0,-2014.0,1000.0,-1948.0,72.0,-5481.0,15.0,68.0,4.0,43.0,396.0,528.0,77.0,4717.0,2625.0,1047.0,505.0,339.0,317.0,0.0,0.0,2338.0,327.0,2024-09-12 09:00:00,2024-09-12,9.0
12/09/2024,09:30,48931.0,48500.0,48300.0,88.0,18.0,1041.0,41411.0,2237.0,3728.0,8118.0,-13.0,1157.0,-8783.0,13.0,-2014.0,1000.0,-1948.0,72.0,-5035.0,15.0,68.0,4.0,44.0,393.0,527.0,78.0,4519.0,2648.0,951.0,503.0,337.0,317.0,0.0,0.0,1912.0,324.0,2024-09-12 09:30:00,2024-09-12,9.0
12/09/2024,10:00,49369.0,48700.0,47900.0,87.0,17.0,1025.0,41295.0,1915.0,5512.0,6768.0,-13.0,1152.0,-8300.0,12.0,-1979.0,1000.0,-1948.0,-2227.0,-3397.0,15.0,68.0,4.0,44.0,379.0,524.0,77.0,4342.0,1896.0,530.0,500.0,334.0,317.0,0.0,0.0,1625.0,290.0,2024-09-12 10:00:00,2024-09-12,9.0
12/09/2024,10:30,49521.0,49000.0,47500.0,85.0,18.0,936.0,41150.0,1971.0,7519.0,6259.0,-251.0,1147.0,-9211.0,12.0,-1979.0,1000.0,-1948.0,-2227.0,-3411.0,15.0,66.0,5.0,23.0,333.0,503.0,77.0,4252.0,1606.0,401.0,499.0,327.0,321.0,0.0,0.0,1703.0,268.0,2024-09-12 10:30:00,2024-09-12,9.0
12/09/2024,11:00,49756.0,49200.0,47300.0,85.0,17.0,714.0,40716.0,2318.0,9297.0,5438.0,-335.0,1140.0,-9513.0,10.0,-1988.0,1000.0,-1948.0,-2227.0,-5866.0,15.0,64.0,5.0,21.0,329.0,285.0,79.0,4182.0,1246.0,9.0,495.0,325.0,320.0,0.0,0.0,1916.0,402.0,2024-09-12 11:00:00,2024-09-12,9.0
12/09/2024,11:30,50072.0,49300.0,47700.0,85.0,18.0,706.0,40230.0,2600.0,10626.0,5484.0,-340.0,1158.0,-10430.0,10.0,-1988.0,1000.0,-1948.0,-2227.0,-5880.0,15.0,65.0,6.0,17.0,331.0,278.0,79.0,4201.0,1113.0,170.0,500.0,331.0,326.0,0.0,0.0,2371.0,229.0,2024-09-12 11:30:00,2024-09-12,9.0
12/09/2024,12:00,50476.0,50000.0,49200.0,85.0,18.0,707.0,39668.0,3275.0,11343.0,5507.0,-362.0,1161.0,-10870.0,10.0,-2014.0,1000.0,-2490.0,-2227.0,-5558.0,15.0,65.0,6.0,17.0,333.0,278.0,79.0,4138.0,1043.0,326.0,503.0,334.0,324.0,0.0,0.0,3061.0,214.0,2024-09-12 12:00:00,2024-09-12,9.0
12/09/2024,12:30,50925.0,49200.0,48300.0,86.0,18.0,697.0,39511.0,3870.0,11893.0,5492.0,-388.0,1165.0,-11374.0,10.0,-2014.0,1000.0,-2490.0,-2227.0,-5549.0,15.0,65.0,7.0,17.0,332.0,278.0,69.0,4164.0,1027.0,301.0,505.0,336.0,324.0,0.0,0.0,3599.0,272.0,2024-09-12 12:30:00,2024-09-12,9.0
12/09/2024,13:00,51422.0,50500.0,50100.0,87.0,18.0,699.0,39470.0,4313.0,12155.0,5497.0,-399.0,1170.0,-11547.0,10.0,-2014.0,1000.0,-2190.0,-2227.0,-5796.0,15.0,65.0,7.0,17.0,332.0,280.0,70.0,4218.0,1215.0,63.0,506.0,340.0,324.0,0.0,0.0,4074.0,239.0,2024-09-12 13:00:00,2024-09-12,9.0
12/09/2024,13:30,50670.0,48600.0,47500.0,87.0,19.0,682.0,38668.0,4585.0,12484.0,5238.0,-541.0,1171.0,-11627.0,9.0,-2014.0,1000.0,-2190.0,-2227.0,-5810.0,15.0,66.0,6.0,17.0,314.0,282.0,68.0,4169.0,1060.0,9.0,502.0,345.0,325.0,0.0,0.0,4335.0,250.0,2024-09-12 13:30:00,2024-09-12,9.0
12/09/2024,14:00,49876.0,48300.0,46800.0,90.0,18.0,675.0,38054.0,4954.0,13018.0,5049.0,-1435.0,1181.0,-11623.0,10.0,-2014.0,1000.0,-2190.0,-2227.0,-5760.0,15.0,68.0,8.0,16.0,310.0,283.0,65.0,4097.0,942.0,9.0,506.0,349.0,326.0,0.0,0.0,4719.0,235.0,2024-09-12 14:00:00,2024-09-12,9.0
12/09/2024,14:30,49396.0,48000.0,45600.0,88.0,17.0,658.0,37178.0,5606.0,12877.0,4825.0,-1504.0,1176.0,-11426.0,10.0,-2014.0,1000.0,-2190.0,-2227.0,-5767.0,15.0,68.0,6.0,17.0,290.0,282.0,70.0,4021.0,795.0,9.0,504.0,347.0,325.0,0.0,0.0,5333.0,273.0,2024-09-12 14:30:00,2024-09-12,9.0
12/09/2024,15:00,48620.0,47100.0,44900.0,90.0,17.0,654.0,36169.0,6117.0,12606.0,4834.0,-1507.0,1162.0,-11422.0,10.0,-2014.0,604.0,-2241.0,-2227.0,-5694.0,15.0,70.0,6.0,20.0,288.0,280.0,65.0,4042.0,782.0,9.0,490.0,348.0,324.0,0.0,0.0,5809.0,308.0,2024-09-12 15:00:00,2024-09-12,9.0
12/09/2024,15:30,47918.0,46600.0,44700.0,88.0,17.0,645.0,35754.0,6068.0,12444.0,4829.0,-1460.0,1175.0,-11575.0,10.0,-2014.0,604.0,-2241.0,-2227.0,-5694.0,14.0,68.0,6.0,18.0,288.0,275.0,64.0,4046.0,774.0,9.0,502.0,347.0,326.0,0.0,0.0,5723.0,344.0,2024-09-12 15:30:00,2024-09-12,9.0
12/09/2024,16:00,47090.0,46100.0,44400.0,88.0,17.0,654.0,35759.0,6138.0,11813.0,4909.0,-1450.0,1181.0,-11953.0,10.0,-2014.0,263.0,-2241.0,-2227.0,-4922.0,14.0,68.0,6.0,19.0,289.0,279.0,67.0,4072.0,827.0,9.0,502.0,350.0,328.0,0.0,0.0,5745.0,393.0,2024-09-12 16:00:00,2024-09-12,9.0
12/09/2024,16:30,46372.0,45200.0,43700.0,88.0,16.0,656.0,35248.0,6496.0,10786.0,4866.0,-1407.0,1185.0,-11476.0,10.0,-2014.0,263.0,-2241.0,-2227.0,-4922.0,14.0,68.0,6.0,18.0,288.0,285.0,66.0,4081.0,770.0,15.0,506.0,350.0,328.0,0.0,0.0,6090.0,407.0,2024-09-12 16:30:00,2024-09-12,9.0
12/09/2024,17:00,45608.0,44700.0,43500.0,86.0,17.0,662.0,35872.0,6446.0,9558.0,4840.0,-1435.0,1199.0,-11590.0,10.0,-2014.0,1000.0,-2241.0,-2227.0,-4984.0,14.0,66.0,6.0,16.0,288.0,292.0,67.0,4124.0,707.0,9.0,513.0,352.0,334.0,0.0,0.0,5928.0,518.0,2024-09-12 17:00:00,2024-09-12,9.0
12/09/2024,17:30,45432.0,44500.0,43500.0,86.0,16.0,663.0,36571.0,6209.0,8222.0,4812.0,-1433.0,1200.0,-10852.0,10.0,-2014.0,1000.0,-2241.0,-2227.0,-4998.0,15.0,66.0,6.0,16.0,288.0,294.0,66.0,4133.0,670.0,9.0,517.0,348.0,335.0,0.0,0.0,5597.0,612.0,2024-09-12 17:30:00,2024-09-12,9.0
12/09/2024,18:00,45656.0,45800.0,44800.0,85.0,17.0,695.0,37906.0,5784.0,6512.0,4969.0,-1081.0,1203.0,-10370.0,11.0,-2014.0,1000.0,-2000.0,-2227.0,-3564.0,15.0,65.0,5.0,16.0,289.0,323.0,67.0,4210.0,750.0,9.0,520.0,349.0,334.0,0.0,0.0,5183.0,601.0,2024-09-12 18:00:00,2024-09-12,9.0
12/09/2024,18:30,46333.0,46800.0,45800.0,85.0,18.0,731.0,38548.0,5363.0,4768.0,5367.0,-611.0,1214.0,-9085.0,11.0,-2014.0,1000.0,-2000.0,-2227.0,-3709.0,15.0,65.0,5.0,16.0,318.0,326.0,71.0,4378.0,975.0,15.0,528.0,351.0,335.0,0.0,0.0,4568.0,795.0,2024-09-12 18:30:00,2024-09-12,9.0
12/09/2024,19:00,47619.0,48600.0,47600.0,85.0,19.0,831.0,39991.0,4722.0,2886.0,6260.0,-13.0,1224.0,-8332.0,12.0,-2013.0,1000.0,-2000.0,-2227.0,-2670.0,15.0,65.0,5.0,18.0,326.0,412.0,76.0,4478.0,1388.0,394.0,536.0,350.0,338.0,0.0,0.0,3972.0,751.0,2024-09-12 19:00:00,2024-09-12,9.0
12/09/2024,19:30,48344.0,48800.0,47800.0,84.0,21.0,918.0,40309.0,4441.0,1320.0,7643.0,-13.0,1231.0,-7533.0,13.0,-2013.0,1000.0,-2000.0,-2218.0,-2713.0,15.0,65.0,4.0,40.0,358.0,440.0,80.0,4646.0,2201.0,796.0,542.0,350.0,340.0,0.0,0.0,3664.0,776.0,2024-09-12 19:30:00,2024-09-12,9.0
12/09/2024,20:00,48077.0,48300.0,47300.0,84.0,21.0,931.0,41080.0,4156.0,360.0,8585.0,-13.0,1229.0,-8270.0,12.0,-2013.0,999.0,-1954.0,-1605.0,-3378.0,15.0,65.0,4.0,50.0,358.0,443.0,80.0,4772.0,2741.0,1072.0,539.0,350.0,340.0,0.0,0.0,3447.0,709.0,2024-09-12 20:00:00,2024-09-12,9.0
12/09/2024,20:30,47781.0,48200.0,47300.0,84.0,21.0,910.0,41367.0,3831.0,30.0,8900.0,-13.0,1221.0,-8493.0,12.0,-2013.0,999.0,-1954.0,-1604.0,-3374.0,15.0,65.0,4.0,50.0,356.0,432.0,71.0,4972.0,2632.0,1296.0,529.0,353.0,339.0,0.0,0.0,3262.0,569.0,2024-09-12 20:30:00,2024-09-12,9.0
12/09/2024,21:00,46973.0,46800.0,45900.0,85.0,21.0,898.0,41414.0,3397.0,2.0,8577.0,-13.0,1222.0,-8549.0,12.0,-2014.0,-405.0,-1694.0,-1787.0,-4072.0,15.0,65.0,4.0,51.0,357.0,419.0,71.0,4911.0,2490.0,1176.0,529.0,356.0,338.0,0.0,0.0,2976.0,422.0,2024-09-12 21:00:00,2024-09-12,9.0
12/09/2024,21:30,45957.0,45600.0,44800.0,85.0,21.0,936.0,41639.0,3438.0,1.0,8866.0,-13.0,1224.0,-10163.0,12.0,-2014.0,-405.0,-1694.0,-1776.0,-4074.0,15.0,66.0,4.0,51.0,357.0,457.0,71.0,4765.0,2793.0,1308.0,531.0,356.0,337.0,0.0,0.0,2954.0,483.0,2024-09-12 21:30:00,2024-09-12,9.0
12/09/2024,22:00,44568.0,44400.0,43600.0,84.0,20.0,876.0,41639.0,3400.0,1.0,7859.0,-13.0,1216.0,-10424.0,12.0,-2014.0,999.0,-1193.0,-2226.0,-5432.0,15.0,65.0,4.0,50.0,357.0,397.0,71.0,4694.0,2543.0,622.0,522.0,358.0,336.0,0.0,0.0,2983.0,417.0,2024-09-12 22:00:00,2024-09-12,9.0
12/09/2024,22:30,44905.0,44900.0,44200.0,85.0,18.0,906.0,41650.0,3586.0,1.0,7849.0,-13.0,1206.0,-10314.0,12.0,-2014.0,999.0,-1193.0,-2068.0,-4703.0,15.0,66.0,4.0,47.0,353.0,437.0,69.0,4560.0,2544.0,745.0,516.0,354.0,336.0,0.0,0.0,3065.0,521.0,2024-09-12 22:30:00,2024-09-12,9.0
12/09/2024,23:00,45875.0,46500.0,45800.0,85.0,17.0,902.0,41581.0,3916.0,0.0,7739.0,-13.0,1208.0,-9487.0,12.0,-2014.0,794.0,-1260.0,-1950.0,-5341.0,15.0,66.0,4.0,46.0,353.0,435.0,67.0,4524.0,2405.0,810.0,520.0,351.0,337.0,0.0,0.0,3275.0,641.0,2024-09-12 23:00:00,2024-09-12,9.0
12/09/2024,23:30,45195.0,45900.0,45300.0,85.0,17.0,895.0,41648.0,3807.0,0.0,7725.0,-13.0,1204.0,-10101.0,12.0,-2014.0,794.0,-1260.0,-1919.0,-5229.0,15.0,66.0,4.0,46.0,348.0,435.0,65.0,4494.0,2025.0,1207.0,519.0,348.0,337.0,0.0,0.0,3141.0,666.0,2024-09-12 23:30:00,2024-09-12,9.0
02/10/2024,00:00,45587.0,44500.0,44000.0,74.0,496.0,1102.0,40276.0,4956.0,0.0,7968.0,-41.0,1104.0,-10270.0,21.0,-736.0,-1150.0,-1691.0,-1978.0,-4881.0,14.0,57.0,4.0,43.0,368.0,644.0,47.0,4839.0,2580.0,549.0,404.0,370.0,330.0,0.0,0.0,4244.0,712.0,2024-10-02 00:00:00,2024-10-02,10.0
02/10/2024,00:30,44258.0,42700.0,42100.0,74.0,415.0,977.0,39843.0,5273.0,0.0,7968.0,-155.0,1111.0,-11196.0,19.0,-736.0,-1150.0,-1691.0,-1978.0,-5939.0,14.0,57.0,4.0,43.0,299.0,588.0,47.0,4853.0,2727.0,388.0,412.0,368.0,330.0,0.0,0.0,4588.0,685.0,2024-10-02 00:30:00,2024-10-02,10.0
02/10/2024,01:00,41648.0,40600.0,40100.0,74.0,336.0,909.0,38976.0,5333.0,0.0,7617.0,-392.0,1110.0,-12242.0,17.0,-1000.0,-1150.0,-1700.0,-2385.0,-5510.0,14.0,57.0,4.0,43.0,290.0,530.0,46.0,4936.0,2336.0,346.0,416.0,364.0,330.0,0.0,0.0,4717.0,616.0,2024-10-02 01:00:00,2024-10-02,10.0
02/10/2024,01:30,40941.0,41100.0,40500.0,75.0,339.0,572.0,39139.0,5186.0,0.0,7434.0,-651.0,1117.0,-12239.0,15.0,-1000.0,-1150.0,-1700.0,-2385.0,-5362.0,14.0,57.0,4.0,42.0,290.0,193.0,47.0,4924.0,2137.0,373.0,420.0,368.0,330.0,0.0,0.0,4554.0,632.0,2024-10-02 01:30:00,2024-10-02,10.0
02/10/2024,02:00,40275.0,40400.0,40200.0,75.0,329.0,496.0,39086.0,4987.0,0.0,7185.0,-882.0,1112.0,-12065.0,15.0,-1000.0,-1150.0,-1700.0,-2385.0,-5884.0,14.0,57.0,4.0,42.0,289.0,118.0,47.0,4930.0,1911.0,343.0,412.0,372.0,328.0,0.0,0.0,4279.0,708.0,2024-10-02 02:00:00,2024-10-02,10.0
02/10/2024,02:30,39989.0,39100.0,38800.0,74.0,350.0,523.0,39275.0,4585.0,0.0,7205.0,-1072.0,1112.0,-12020.0,15.0,-1000.0,-1150.0,-1700.0,-2385.0,-6387.0,14.0,56.0,4.0,42.0,289.0,145.0,47.0,4958.0,2093.0,154.0,411.0,374.0,328.0,0.0,0.0,3946.0,639.0,2024-10-02 02:30:00,2024-10-02,10.0
02/10/2024,03:00,38713.0,38100.0,37700.0,75.0,347.0,581.0,39102.0,4385.0,0.0,6932.0,-1271.0,1108.0,-12504.0,16.0,-995.0,-1150.0,-1700.0,-2385.0,-6745.0,14.0,58.0,4.0,42.0,284.0,208.0,47.0,4852.0,1928.0,153.0,411.0,372.0,325.0,0.0,0.0,3739.0,646.0,2024-10-02 03:00:00,2024-10-02,10.0
02/10/2024,03:30,37971.0,37300.0,36900.0,75.0,344.0,587.0,39557.0,4417.0,0.0,6441.0,-1284.0,1101.0,-13215.0,16.0,-995.0,-1150.0,-1700.0,-2385.0,-6785.0,14.0,57.0,4.0,42.0,283.0,214.0,47.0,4769.0,1520.0,153.0,408.0,371.0,322.0,0.0,0.0,3786.0,631.0,2024-10-02 03:30:00,2024-10-02,10.0
02/10/2024,04:00,37157.0,36600.0,36400.0,75.0,312.0,590.0,39268.0,4599.0,0.0,6248.0,-1327.0,1101.0,-13622.0,16.0,-1000.0,-2350.0,-1700.0,-2385.0,-6595.0,14.0,57.0,3.0,42.0,283.0,218.0,46.0,4728.0,1367.0,153.0,407.0,372.0,322.0,0.0,0.0,3982.0,617.0,2024-10-02 04:00:00,2024-10-02,10.0
02/10/2024,04:30,36863.0,36300.0,36000.0,75.0,307.0,653.0,39536.0,4613.0,0.0,6160.0,-1324.0,1104.0,-14199.0,16.0,-1000.0,-2350.0,-1700.0,-2385.0,-6689.0,14.0,57.0,3.0,43.0,286.0,278.0,47.0,4641.0,1367.0,153.0,406.0,375.0,323.0,0.0,0.0,4013.0,600.0,2024-10-02 04:30:00,2024-10-02,10.0
02/10/2024,05:00,36825.0,37100.0,36700.0,76.0,312.0,694.0,39669.0,4596.0,0.0,6129.0,-1323.0,1096.0,-14367.0,16.0,-1000.0,-1605.0,-1700.0,-2085.0,-6270.0,14.0,58.0,3.0,43.0,288.0,317.0,47.0,4595.0,1382.0,152.0,399.0,374.0,324.0,0.0,0.0,3980.0,616.0,2024-10-02 05:00:00,2024-10-02,10.0
02/10/2024,05:30,37977.0,38300.0,37600.0,77.0,304.0,675.0,39643.0,4564.0,0.0,6250.0,-1273.0,1094.0,-13317.0,16.0,-1000.0,-1605.0,-1700.0,-2085.0,-6132.0,14.0,60.0,3.0,43.0,288.0,298.0,47.0,4615.0,1482.0,152.0,398.0,373.0,324.0,0.0,0.0,3954.0,610.0,2024-10-02 05:30:00,2024-10-02,10.0
02/10/2024,06:00,39217.0,40100.0,39600.0,77.0,304.0,746.0,39795.0,4473.0,0.0,6598.0,-1017.0,1103.0,-12816.0,16.0,-314.0,-1373.0,-1700.0,-1685.0,-5469.0,14.0,59.0,3.0,44.0,289.0,364.0,49.0,4658.0,1788.0,153.0,408.0,373.0,322.0,0.0,0.0,3879.0,593.0,2024-10-02 06:00:00,2024-10-02,10.0
02/10/2024,06:30,41814.0,42700.0,42300.0,76.0,338.0,982.0,39689.0,4330.0,0.0,6937.0,-627.0,1095.0,-10957.0,18.0,-314.0,-1373.0,-1700.0,-1685.0,-5418.0,14.0,58.0,3.0,47.0,358.0,527.0,50.0,4907.0,1868.0,163.0,402.0,371.0,322.0,0.0,0.0,3764.0,566.0,2024-10-02 06:30:00,2024-10-02,10.0
02/10/2024,07:00,44240.0,45500.0,44900.0,74.0,356.0,1556.0,39835.0,4292.0,0.0,7848.0,-6.0,1079.0,-10747.0,21.0,-140.0,-493.0,-1700.0,-2365.0,-4274.0,14.0,56.0,3.0,47.0,385.0,1075.0,49.0,5135.0,2454.0,260.0,387.0,370.0,322.0,0.0,0.0,3713.0,580.0,2024-10-02 07:00:00,2024-10-02,10.0
02/10/2024,07:30,46975.0,47200.0,47200.0,75.0,406.0,2105.0,39768.0,4279.0,0.0,8457.0,-4.0,1083.0,-9144.0,25.0,-140.0,-493.0,-1700.0,-2365.0,-4307.0,15.0,57.0,3.0,49.0,394.0,1611.0,51.0,5238.0,2619.0,599.0,392.0,370.0,322.0,0.0,0.0,3757.0,522.0,2024-10-02 07:30:00,2024-10-02,10.0
02/10/2024,08:00,48245.0,48100.0,48100.0,75.0,458.0,2333.0,39937.0,4028.0,22.0,9210.0,-4.0,1070.0,-8838.0,27.0,-1000.0,-329.0,-529.0,-2352.0,-4281.0,14.0,58.0,3.0,49.0,397.0,1830.0,56.0,5391.0,2852.0,966.0,379.0,372.0,318.0,0.0,0.0,3613.0,416.0,2024-10-02 08:00:00,2024-10-02,10.0
02/10/2024,08:30,49481.0,49400.0,49400.0,74.0,457.0,2661.0,39918.0,3979.0,234.0,9729.0,-46.0,1076.0,-8548.0,29.0,-1000.0,-329.0,-529.0,-2352.0,-4250.0,15.0,56.0,3.0,49.0,403.0,2132.0,76.0,5420.0,2903.0,1407.0,382.0,375.0,319.0,0.0,0.0,3599.0,381.0,2024-10-02 08:30:00,2024-10-02,10.0
02/10/2024,09:00,50507.0,49900.0,50100.0,75.0,458.0,2583.0,40037.0,3851.0,814.0,9931.0,-61.0,1057.0,-8177.0,28.0,-1000.0,-1.0,-478.0,-1862.0,-4460.0,15.0,57.0,3.0,45.0,401.0,2056.0,81.0,5400.0,2896.0,1635.0,366.0,375.0,316.0,0.0,0.0,3551.0,301.0,2024-10-02 09:00:00,2024-10-02,10.0
02/10/2024,09:30,51239.0,50800.0,50800.0,75.0,458.0,2609.0,40104.0,3673.0,1613.0,9686.0,-62.0,1060.0,-7927.0,28.0,-1000.0,-1.0,-478.0,-1862.0,-4372.0,15.0,57.0,4.0,45.0,402.0,2085.0,77.0,5446.0,2691.0,1549.0,367.0,378.0,315.0,0.0,0.0,3433.0,241.0,2024-10-02 09:30:00,2024-10-02,10.0
02/10/2024,10:00,51448.0,50800.0,50500.0,77.0,457.0,2596.0,39937.0,3351.0,2545.0,9085.0,-53.0,1055.0,-7544.0,28.0,-1000.0,1465.0,-478.0,-1540.0,-5446.0,15.0,59.0,4.0,48.0,399.0,2077.0,72.0,5401.0,2388.0,1296.0,364.0,377.0,315.0,0.0,0.0,3171.0,180.0,2024-10-02 10:00:00,2024-10-02,10.0
02/10/2024,10:30,51776.0,51200.0,50600.0,78.0,458.0,2271.0,39891.0,3129.0,3621.0,8532.0,-4.0,1051.0,-7199.0,26.0,-1000.0,1465.0,-478.0,-1555.0,-5242.0,15.0,59.0,4.0,49.0,348.0,1808.0,65.0,5099.0,2394.0,1039.0,359.0,375.0,316.0,0.0,0.0,2925.0,204.0,2024-10-02 10:30:00,2024-10-02,10.0
02/10/2024,11:00,52161.0,51100.0,50700.0,78.0,458.0,2032.0,39735.0,2938.0,4845.0,8099.0,-4.0,1053.0,-7005.0,24.0,-1000.0,2349.0,-415.0,-1996.0,-5368.0,14.0,59.0,5.0,49.0,342.0,1580.0,61.0,5033.0,2369.0,698.0,359.0,376.0,318.0,0.0,0.0,2712.0,226.0,2024-10-02 11:00:00,2024-10-02,10.0
02/10/2024,11:30,52493.0,51400.0,51100.0,79.0,458.0,1511.0,39800.0,2750.0,5982.0,8132.0,-5.0,1051.0,-7204.0,21.0,-1000.0,2349.0,-415.0,-2011.0,-5132.0,14.0,60.0,5.0,44.0,320.0,1085.0,62.0,5165.0,2366.0,602.0,363.0,370.0,318.0,0.0,0.0,2556.0,195.0,2024-10-02 11:30:00,2024-10-02,10.0
02/10/2024,12:00,53281.0,51800.0,52200.0,79.0,458.0,924.0,39816.0,2544.0,6821.0,8091.0,-5.0,1049.0,-6440.0,17.0,-983.0,2204.0,-295.0,-2255.0,-4873.0,14.0,60.0,5.0,40.0,320.0,498.0,66.0,5258.0,2318.0,514.0,359.0,371.0,319.0,0.0,0.0,2379.0,165.0,2024-10-02 12:00:00,2024-10-02,10.0
02/10/2024,12:30,53820.0,51400.0,51600.0,77.0,458.0,741.0,39919.0,2312.0,7467.0,7905.0,-5.0,1053.0,-6070.0,16.0,-983.0,2204.0,-295.0,-2262.0,-4749.0,14.0,58.0,5.0,41.0,326.0,306.0,69.0,5247.0,2085.0,573.0,359.0,367.0,328.0,0.0,0.0,2179.0,132.0,2024-10-02 12:30:00,2024-10-02,10.0
02/10/2024,13:00,54315.0,52500.0,52800.0,77.0,458.0,762.0,39854.0,2158.0,7947.0,8577.0,-5.0,1061.0,-6544.0,16.0,-1000.0,2000.0,-417.0,-2263.0,-5005.0,14.0,57.0,5.0,44.0,334.0,317.0,68.0,5314.0,2415.0,848.0,365.0,369.0,328.0,0.0,0.0,2010.0,148.0,2024-10-02 13:00:00,2024-10-02,10.0
02/10/2024,13:30,53165.0,50700.0,50700.0,79.0,458.0,755.0,39619.0,1990.0,8228.0,7971.0,-12.0,1064.0,-6961.0,16.0,-1000.0,2000.0,-417.0,-2263.0,-5002.0,14.0,59.0,6.0,45.0,332.0,310.0,68.0,5284.0,2367.0,321.0,368.0,370.0,325.0,0.0,0.0,1856.0,134.0,2024-10-02 13:30:00,2024-10-02,10.0
02/10/2024,14:00,52263.0,50400.0,49700.0,80.0,459.0,751.0,39553.0,1861.0,8267.0,7170.0,-14.0,1060.0,-6886.0,17.0,-1000.0,2000.0,-383.0,-2194.0,-5621.0,14.0,60.0,6.0,44.0,314.0,325.0,68.0,5102.0,1871.0,197.0,366.0,367.0,327.0,0.0,0.0,1752.0,109.0,2024-10-02 14:00:00,2024-10-02,10.0
02/10/2024,14:30,51627.0,49000.0,49200.0,80.0,458.0,740.0,39702.0,1734.0,7985.0,6885.0,-138.0,1051.0,-6809.0,17.0,-1000.0,2000.0,-383.0,-2194.0,-5606.0,15.0,60.0,6.0,39.0,313.0,323.0,66.0,5083.0,1769.0,33.0,359.0,365.0,327.0,0.0,0.0,1615.0,119.0,2024-10-02 14:30:00,2024-10-02,10.0
02/10/2024,15:00,50696.0,48400.0,48700.0,78.0,459.0,773.0,39822.0,1631.0,7460.0,6813.0,-398.0,1047.0,-6945.0,17.0,-1000.0,2000.0,-529.0,-2384.0,-5733.0,14.0,59.0,4.0,39.0,314.0,355.0,66.0,4961.0,1847.0,6.0,355.0,366.0,326.0,0.0,0.0,1516.0,114.0,2024-10-02 15:00:00,2024-10-02,10.0
02/10/2024,15:30,49928.0,47600.0,47900.0,78.0,458.0,761.0,39679.0,1585.0,6823.0,7155.0,-365.0,1047.0,-7234.0,17.0,-1000.0,2000.0,-529.0,-2384.0,-5806.0,14.0,59.0,4.0,39.0,307.0,350.0,64.0,4979.0,1731.0,445.0,355.0,365.0,328.0,0.0,0.0,1467.0,119.0,2024-10-02 15:30:00,2024-10-02,10.0
02/10/2024,16:00,49017.0,46800.0,47200.0,78.0,458.0,771.0,39407.0,1586.0,6091.0,7254.0,-193.0,1051.0,-7428.0,17.0,-1000.0,2350.0,-1700.0,-2263.0,-4337.0,14.0,59.0,4.0,40.0,309.0,359.0,64.0,5014.0,1697.0,544.0,363.0,363.0,325.0,0.0,0.0,1470.0,116.0,2024-10-02 16:00:00,2024-10-02,10.0
02/10/2024,16:30,48355.0,46400.0,47000.0,77.0,458.0,772.0,39232.0,1637.0,5249.0,7174.0,-8.0,1056.0,-7229.0,18.0,-1000.0,2350.0,-1700.0,-2131.0,-4404.0,14.0,58.0,4.0,36.0,310.0,364.0,63.0,5064.0,1795.0,314.0,365.0,365.0,326.0,0.0,0.0,1540.0,98.0,2024-10-02 16:30:00,2024-10-02,10.0
02/10/2024,17:00,47789.0,46000.0,47200.0,81.0,458.0,760.0,39117.0,1843.0,4135.0,7540.0,-5.0,1066.0,-7148.0,18.0,-1000.0,1329.0,-1700.0,-2185.0,-3867.0,14.0,59.0,7.0,35.0,311.0,349.0,64.0,5171.0,1960.0,408.0,373.0,364.0,329.0,0.0,0.0,1707.0,137.0,2024-10-02 17:00:00,2024-10-02,10.0
02/10/2024,17:30,47456.0,45800.0,46800.0,78.0,441.0,1293.0,39339.0,2082.0,3092.0,8045.0,-5.0,1077.0,-7940.0,21.0,-1000.0,1329.0,-1700.0,-2185.0,-3920.0,15.0,59.0,4.0,40.0,326.0,861.0,65.0,5227.0,2125.0,693.0,377.0,370.0,330.0,0.0,0.0,1925.0,157.0,2024-10-02 17:30:00,2024-10-02,10.0
02/10/2024,18:00,47609.0,47000.0,47800.0,78.0,420.0,1896.0,39468.0,2242.0,2151.0,8326.0,-5.0,1080.0,-8003.0,24.0,-1000.0,1850.0,-1489.0,-2007.0,-3893.0,15.0,59.0,4.0,42.0,354.0,1433.0,68.0,5256.0,2407.0,663.0,375.0,371.0,334.0,0.0,0.0,2049.0,193.0,2024-10-02 18:00:00,2024-10-02,10.0
02/10/2024,18:30,48777.0,48800.0,49400.0,77.0,421.0,2223.0,39501.0,2262.0,1241.0,8944.0,-4.0,1069.0,-6884.0,26.0,-1000.0,1850.0,-1489.0,-2007.0,-3903.0,14.0,59.0,4.0,42.0,403.0,1702.0,76.0,5378.0,2880.0,686.0,372.0,365.0,333.0,0.0,0.0,2077.0,186.0,2024-10-02 18:30:00,2024-10-02,10.0
02/10/2024,19:00,50786.0,51100.0,51500.0,79.0,421.0,2481.0,39830.0,2256.0,539.0,11032.0,-4.0,1065.0,-6838.0,27.0,-973.0,1850.0,-1713.0,-2350.0,-2306.0,17.0,59.0,4.0,72.0,401.0,1930.0,77.0,5726.0,3492.0,1814.0,374.0,360.0,330.0,0.0,0.0,2037.0,219.0,2024-10-02 19:00:00,2024-10-02,10.0
02/10/2024,19:30,52143.0,52200.0,52400.0,191.0,420.0,2944.0,39681.0,2584.0,113.0,10978.0,-4.0,1066.0,-5764.0,32.0,-973.0,1850.0,-1713.0,-2304.0,-2138.0,129.0,59.0,4.0,379.0,397.0,2094.0,74.0,5771.0,3510.0,1696.0,375.0,357.0,334.0,0.0,0.0,2289.0,295.0,2024-10-02 19:30:00,2024-10-02,10.0
02/10/2024,20:00,52827.0,53000.0,53000.0,199.0,442.0,2967.0,39724.0,3195.0,4.0,11118.0,-4.0,1067.0,-5817.0,32.0,-1000.0,-696.0,-1702.0,-2385.0,-1070.0,136.0,59.0,4.0,409.0,397.0,2083.0,78.0,5924.0,3467.0,1727.0,376.0,353.0,338.0,0.0,0.0,2673.0,523.0,2024-10-02 20:00:00,2024-10-02,10.0
02/10/2024,20:30,51517.0,50900.0,50900.0,164.0,436.0,2869.0,39750.0,3701.0,0.0,10783.0,-13.0,1068.0,-7181.0,31.0,-1000.0,-696.0,-1702.0,-2385.0,-1102.0,101.0,59.0,4.0,344.0,381.0,2080.0,62.0,5967.0,3447.0,1369.0,378.0,352.0,338.0,0.0,0.0,3109.0,592.0,2024-10-02 20:30:00,2024-10-02,10.0
02/10/2024,21:00,49642.0,49000.0,49000.0,77.0,443.0,2279.0,39682.0,4114.0,0.0,9298.0,-52.0,1078.0,-7211.0,26.0,-1000.0,-1284.0,-1831.0,-2381.0,-2297.0,15.0,59.0,4.0,53.0,379.0,1789.0,58.0,5913.0,2692.0,692.0,380.0,360.0,338.0,0.0,0.0,3352.0,762.0,2024-10-02 21:00:00,2024-10-02,10.0
02/10/2024,21:30,48002.0,47500.0,47500.0,77.0,439.0,2266.0,39823.0,4450.0,0.0,9080.0,-61.0,1088.0,-9108.0,26.0,-1000.0,-1284.0,-1831.0,-2384.0,-2542.0,15.0,59.0,4.0,47.0,359.0,1813.0,47.0,5704.0,2671.0,705.0,388.0,362.0,338.0,0.0,0.0,3660.0,791.0,2024-10-02 21:30:00,2024-10-02,10.0
02/10/2024,22:00,46778.0,46000.0,46000.0,77.0,335.0,1550.0,39786.0,4858.0,0.0,8566.0,-60.0,1090.0,-9367.0,20.0,-980.0,-92.0,-1788.0,-2385.0,-3196.0,15.0,59.0,4.0,47.0,359.0,1096.0,48.0,5610.0,2498.0,458.0,385.0,366.0,339.0,0.0,0.0,3971.0,887.0,2024-10-02 22:00:00,2024-10-02,10.0
02/10/2024,22:30,46794.0,46700.0,46700.0,77.0,312.0,1279.0,39796.0,4857.0,0.0,8543.0,-10.0,1087.0,-9135.0,18.0,-980.0,-92.0,-1788.0,-2314.0,-2810.0,15.0,59.0,4.0,47.0,357.0,830.0,44.0,5438.0,2579.0,526.0,384.0,365.0,338.0,0.0,0.0,4028.0,829.0,2024-10-02 22:30:00,2024-10-02,10.0
02/10/2024,23:00,47822.0,48000.0,48000.0,78.0,388.0,867.0,39766.0,4794.0,0.0,8977.0,-4.0,1095.0,-8130.0,17.0,-1000.0,-719.0,-1706.0,-2385.0,-2237.0,15.0,59.0,4.0,47.0,357.0,419.0,44.0,5491.0,2749.0,737.0,392.0,365.0,338.0,0.0,0.0,4002.0,793.0,2024-10-02 23:00:00,2024-10-02,10.0
02/10/2024,23:30,46948.0,46800.0,46800.0,78.0,441.0,763.0,39666.0,4668.0,0.0,8649.0,-5.0,1095.0,-8389.0,18.0,-1000.0,-719.0,-1706.0,-2385.0,-2117.0,15.0,59.0,4.0,46.0,356.0,319.0,41.0,5529.0,2580.0,540.0,387.0,368.0,340.0,0.0,0.0,3792.0,876.0,2024-10-02 23:30:00,2024-10-02,10.0
08/11/2024,00:00,50895.0,49400.0,49600.0,89.0,20.0,4271.0,45670.0,3244.0,0.0,5286.0,-62.0,1223.0,-8767.0,33.0,-899.0,-1400.0,-3638.0,-2385.0,-1279.0,14.0,63.0,13.0,103.0,730.0,2769.0,668.0,3710.0,1569.0,8.0,480.0,387.0,355.0,0.0,0.0,2964.0,280.0,2024-11-08 00:00:00,2024-11-08,11.0
08/11/2024,00:30,49684.0,47500.0,47800.0,90.0,20.0,4522.0,45390.0,3198.0,0.0,4970.0,-61.0,1224.0,-9598.0,35.0,-899.0,-1400.0,-3638.0,-2385.0,-1519.0,14.0,63.0,13.0,100.0,724.0,3034.0,664.0,3685.0,1276.0,8.0,482.0,388.0,354.0,0.0,0.0,2915.0,283.0,2024-11-08 00:30:00,2024-11-08,11.0
08/11/2024,01:00,47207.0,45700.0,45700.0,89.0,20.0,3703.0,45109.0,3083.0,0.0,4614.0,-246.0,1218.0,-10275.0,31.0,-1322.0,-2200.0,-3638.0,-2385.0,-2147.0,14.0,62.0,13.0,100.0,723.0,2212.0,667.0,3497.0,1108.0,8.0,480.0,385.0,353.0,0.0,0.0,2820.0,263.0,2024-11-08 01:00:00,2024-11-08,11.0
08/11/2024,01:30,46372.0,46000.0,46300.0,89.0,20.0,3767.0,45217.0,3022.0,0.0,4813.0,-638.0,1220.0,-11058.0,32.0,-1322.0,-2200.0,-3638.0,-2314.0,-2255.0,14.0,62.0,13.0,100.0,722.0,2276.0,668.0,3456.0,1349.0,8.0,479.0,388.0,354.0,0.0,0.0,2761.0,261.0,2024-11-08 01:30:00,2024-11-08,11.0
08/11/2024,02:00,45698.0,45500.0,45100.0,89.0,21.0,4205.0,45161.0,3093.0,0.0,5036.0,-653.0,1224.0,-12384.0,34.0,-1604.0,-3000.0,-3638.0,-2385.0,-2367.0,14.0,62.0,13.0,100.0,722.0,2712.0,670.0,3429.0,1599.0,8.0,486.0,385.0,353.0,0.0,0.0,2818.0,275.0,2024-11-08 02:00:00,2024-11-08,11.0
08/11/2024,02:30,45415.0,44200.0,44100.0,89.0,21.0,4351.0,45419.0,3142.0,0.0,4922.0,-734.0,1220.0,-12951.0,35.0,-1604.0,-3000.0,-3638.0,-2385.0,-2529.0,14.0,62.0,13.0,100.0,720.0,2859.0,672.0,3413.0,1501.0,8.0,483.0,387.0,351.0,0.0,0.0,2862.0,280.0,2024-11-08 02:30:00,2024-11-08,11.0
08/11/2024,03:00,44082.0,42600.0,43100.0,90.0,21.0,4146.0,45509.0,3109.0,0.0,4587.0,-1153.0,1222.0,-13379.0,34.0,-1751.0,-3000.0,-3638.0,-2385.0,-2224.0,14.0,63.0,13.0,100.0,718.0,2654.0,673.0,3371.0,1208.0,7.0,484.0,387.0,350.0,0.0,0.0,2835.0,275.0,2024-11-08 03:00:00,2024-11-08,11.0
08/11/2024,03:30,43327.0,42000.0,42200.0,90.0,20.0,3971.0,45439.0,3083.0,0.0,4569.0,-1849.0,1229.0,-13141.0,34.0,-1751.0,-3000.0,-3638.0,-2385.0,-2335.0,14.0,63.0,13.0,100.0,690.0,2508.0,673.0,3334.0,1227.0,8.0,489.0,390.0,350.0,0.0,0.0,2840.0,243.0,2024-11-08 03:30:00,2024-11-08,11.0
08/11/2024,04:00,42551.0,41600.0,41700.0,90.0,20.0,4301.0,45237.0,2962.0,0.0,4754.0,-2656.0,1227.0,-13299.0,36.0,-1877.0,-3000.0,-3638.0,-2382.0,-2538.0,14.0,63.0,13.0,100.0,685.0,2842.0,673.0,3344.0,1403.0,7.0,488.0,390.0,349.0,0.0,0.0,2718.0,244.0,2024-11-08 04:00:00,2024-11-08,11.0
08/11/2024,04:30,42462.0,41500.0,41600.0,90.0,20.0,4380.0,45515.0,2850.0,0.0,4781.0,-2699.0,1218.0,-13608.0,36.0,-1877.0,-3000.0,-3638.0,-2382.0,-2521.0,14.0,63.0,13.0,100.0,685.0,2926.0,669.0,3365.0,1408.0,8.0,482.0,386.0,350.0,0.0,0.0,2599.0,251.0,2024-11-08 04:30:00,2024-11-08,11.0
08/11/2024,05:00,42603.0,42100.0,42700.0,89.0,20.0,4354.0,45539.0,2730.0,0.0,4770.0,-2520.0,1218.0,-13510.0,36.0,-1770.0,-2826.0,-3632.0,-1397.0,-2624.0,14.0,62.0,13.0,100.0,681.0,2904.0,669.0,3384.0,1378.0,8.0,479.0,389.0,350.0,0.0,0.0,2502.0,228.0,2024-11-08 05:00:00,2024-11-08,11.0
08/11/2024,05:30,44047.0,43600.0,44100.0,89.0,20.0,4351.0,45574.0,2594.0,0.0,4910.0,-2178.0,1212.0,-12443.0,36.0,-1770.0,-2826.0,-3632.0,-1397.0,-2693.0,14.0,62.0,13.0,100.0,691.0,2890.0,670.0,3428.0,1474.0,8.0,476.0,387.0,349.0,0.0,0.0,2369.0,225.0,2024-11-08 05:30:00,2024-11-08,11.0
08/11/2024,06:00,45398.0,45700.0,45900.0,89.0,20.0,4485.0,45662.0,2471.0,0.0,4954.0,-707.0,1207.0,-12702.0,36.0,-438.0,-2239.0,-3638.0,-1033.0,-2498.0,14.0,62.0,13.0,101.0,696.0,3018.0,670.0,3470.0,1476.0,8.0,474.0,384.0,348.0,0.0,0.0,2238.0,233.0,2024-11-08 06:00:00,2024-11-08,11.0
08/11/2024,06:30,48336.0,48200.0,48900.0,90.0,20.0,5029.0,45647.0,2347.0,0.0,5327.0,-606.0,1208.0,-10637.0,38.0,-438.0,-2239.0,-3638.0,-1033.0,-2585.0,14.0,63.0,13.0,103.0,728.0,3524.0,674.0,3765.0,1483.0,80.0,475.0,383.0,349.0,0.0,0.0,2111.0,236.0,2024-11-08 06:30:00,2024-11-08,11.0
08/11/2024,07:00,50864.0,51400.0,51700.0,96.0,20.0,5848.0,45634.0,2323.0,0.0,6203.0,-6.0,1210.0,-10383.0,42.0,400.0,-1515.0,-3686.0,-1479.0,-2682.0,14.0,69.0,13.0,103.0,731.0,4333.0,682.0,3949.0,2168.0,85.0,474.0,386.0,350.0,0.0,0.0,2048.0,275.0,2024-11-08 07:00:00,2024-11-08,11.0
08/11/2024,07:30,53780.0,53200.0,54100.0,95.0,20.0,5972.0,45580.0,2371.0,0.0,7755.0,-5.0,1218.0,-9142.0,41.0,400.0,-1515.0,-3686.0,-1479.0,-2676.0,14.0,68.0,13.0,103.0,743.0,4438.0,688.0,4476.0,2880.0,399.0,477.0,389.0,352.0,0.0,0.0,2122.0,249.0,2024-11-08 07:30:00,2024-11-08,11.0
08/11/2024,08:00,55151.0,54200.0,54900.0,93.0,20.0,6066.0,45611.0,2400.0,65.0,8822.0,-5.0,1217.0,-9054.0,41.0,90.0,-486.0,-3598.0,-2272.0,-3388.0,15.0,65.0,13.0,103.0,748.0,4525.0,690.0,4510.0,3304.0,1008.0,475.0,388.0,354.0,0.0,0.0,2137.0,263.0,2024-11-08 08:00:00,2024-11-08,11.0
08/11/2024,08:30,56157.0,55500.0,55100.0,91.0,20.0,6130.0,45574.0,2413.0,540.0,10201.0,-6.0,1203.0,-9933.0,40.0,90.0,-486.0,-3598.0,-2272.0,-3200.0,15.0,63.0,13.0,106.0,752.0,4570.0,702.0,4649.0,4070.0,1482.0,470.0,381.0,353.0,0.0,0.0,2146.0,267.0,2024-11-08 08:30:00,2024-11-08,11.0
08/11/2024,09:00,57075.0,56100.0,56000.0,90.0,20.0,6101.0,45674.0,2370.0,1538.0,10075.0,-6.0,1196.0,-9896.0,39.0,-1224.0,-562.0,-2632.0,-2385.0,-2770.0,14.0,63.0,14.0,108.0,756.0,4537.0,700.0,4612.0,3925.0,1538.0,461.0,385.0,351.0,0.0,0.0,2114.0,256.0,2024-11-08 09:00:00,2024-11-08,11.0
08/11/2024,09:30,57522.0,56900.0,56400.0,91.0,20.0,6121.0,45766.0,2293.0,2819.0,9735.0,-6.0,1193.0,-10426.0,39.0,-1224.0,-562.0,-2632.0,-2385.0,-2712.0,14.0,63.0,14.0,118.0,765.0,4527.0,712.0,4479.0,4084.0,1171.0,466.0,383.0,344.0,0.0,0.0,2057.0,236.0,2024-11-08 09:30:00,2024-11-08,11.0
08/11/2024,10:00,57759.0,56900.0,56700.0,91.0,20.0,6092.0,45789.0,2192.0,4078.0,8689.0,-21.0,1188.0,-10269.0,39.0,-2000.0,-1390.0,-1886.0,-2356.0,-2909.0,14.0,63.0,14.0,111.0,766.0,4501.0,713.0,4380.0,3568.0,742.0,464.0,385.0,340.0,0.0,0.0,1961.0,232.0,2024-11-08 10:00:00,2024-11-08,11.0
08/11/2024,10:30,57708.0,57100.0,56300.0,91.0,20.0,6166.0,45819.0,2037.0,5292.0,8483.0,-34.0,1177.0,-11270.0,39.0,-2000.0,-1390.0,-1886.0,-2356.0,-2837.0,14.0,64.0,14.0,102.0,791.0,4560.0,712.0,4178.0,3125.0,1180.0,463.0,381.0,333.0,0.0,0.0,1803.0,234.0,2024-11-08 10:30:00,2024-11-08,11.0
08/11/2024,11:00,57630.0,56700.0,56600.0,91.0,20.0,6165.0,45831.0,1912.0,6334.0,7018.0,-59.0,1158.0,-10756.0,39.0,-2000.0,-1834.0,-1744.0,-1859.0,-2751.0,14.0,63.0,14.0,102.0,782.0,4567.0,715.0,4059.0,2517.0,442.0,465.0,365.0,329.0,0.0,0.0,1702.0,210.0,2024-11-08 11:00:00,2024-11-08,11.0
08/11/2024,11:30,57785.0,56600.0,56900.0,91.0,20.0,6111.0,45841.0,1860.0,7272.0,6477.0,-61.0,1169.0,-10917.0,38.0,-2000.0,-1834.0,-1744.0,-1859.0,-2627.0,14.0,63.0,14.0,101.0,757.0,4537.0,716.0,3862.0,2212.0,403.0,457.0,374.0,338.0,0.0,0.0,1633.0,227.0,2024-11-08 11:30:00,2024-11-08,11.0
08/11/2024,12:00,58347.0,58100.0,57800.0,91.0,21.0,6062.0,45837.0,1808.0,7964.0,6215.0,-73.0,1173.0,-10675.0,38.0,-1996.0,-3282.0,-1125.0,-1508.0,-2122.0,14.0,63.0,15.0,101.0,756.0,4489.0,715.0,3719.0,2200.0,296.0,456.0,374.0,343.0,0.0,0.0,1581.0,228.0,2024-11-08 12:00:00,2024-11-08,11.0
08/11/2024,12:30,58644.0,57200.0,57000.0,92.0,21.0,5957.0,45853.0,1680.0,8441.0,6413.0,-68.0,1186.0,-10845.0,37.0,-1996.0,-3282.0,-1125.0,-1507.0,-2061.0,14.0,63.0,15.0,101.0,769.0,4377.0,709.0,3672.0,2319.0,422.0,463.0,377.0,346.0,0.0,0.0,1482.0,198.0,2024-11-08 12:30:00,2024-11-08,11.0
08/11/2024,13:00,58912.0,58300.0,58100.0,92.0,21.0,6067.0,45945.0,1599.0,8453.0,6283.0,-61.0,1201.0,-10604.0,38.0,-1999.0,-3355.0,-1523.0,-2134.0,-2006.0,13.0,64.0,15.0,101.0,779.0,4477.0,710.0,3655.0,2290.0,339.0,471.0,380.0,350.0,0.0,0.0,1379.0,220.0,2024-11-08 13:00:00,2024-11-08,11.0
08/11/2024,13:30,57814.0,56000.0,55900.0,91.0,21.0,6110.0,45985.0,1515.0,8130.0,6179.0,-11.0,1201.0,-11326.0,38.0,-1999.0,-3355.0,-1523.0,-2079.0,-2147.0,13.0,63.0,14.0,102.0,780.0,4522.0,706.0,3622.0,2179.0,378.0,476.0,377.0,349.0,0.0,0.0,1338.0,177.0,2024-11-08 13:30:00,2024-11-08,11.0
08/11/2024,14:00,56589.0,55600.0,56000.0,90.0,21.0,5995.0,45961.0,1482.0,7654.0,5841.0,-5.0,1196.0,-11563.0,38.0,-1950.0,-1903.0,-3212.0,-2309.0,-2132.0,13.0,63.0,13.0,104.0,780.0,4414.0,696.0,3530.0,2055.0,256.0,473.0,372.0,351.0,0.0,0.0,1297.0,185.0,2024-11-08 14:00:00,2024-11-08,11.0
08/11/2024,14:30,55974.0,54800.0,54700.0,90.0,21.0,6071.0,45943.0,1420.0,6813.0,6095.0,-15.0,1195.0,-11572.0,39.0,-1950.0,-1903.0,-3212.0,-2307.0,-2261.0,13.0,63.0,13.0,110.0,779.0,4492.0,689.0,3528.0,2316.0,251.0,473.0,368.0,353.0,0.0,0.0,1269.0,152.0,2024-11-08 14:30:00,2024-11-08,11.0
08/11/2024,15:00,54925.0,54500.0,54000.0,90.0,21.0,6075.0,45923.0,1347.0,5778.0,6675.0,-10.0,1197.0,-12085.0,39.0,-2000.0,-1169.0,-3533.0,-2367.0,-2690.0,13.0,63.0,13.0,117.0,777.0,4489.0,691.0,3666.0,2639.0,369.0,475.0,368.0,354.0,0.0,0.0,1229.0,118.0,2024-11-08 15:00:00,2024-11-08,11.0
08/11/2024,15:30,54192.0,53500.0,53300.0,89.0,21.0,6082.0,45929.0,1359.0,4411.0,7364.0,-6.0,1189.0,-12159.0,40.0,-2000.0,-1169.0,-3533.0,-2367.0,-3091.0,13.0,63.0,13.0,118.0,774.0,4497.0,692.0,3974.0,3060.0,330.0,477.0,360.0,352.0,0.0,0.0,1249.0,109.0,2024-11-08 15:30:00,2024-11-08,11.0
08/11/2024,16:00,53414.0,52800.0,52700.0,90.0,21.0,6139.0,45937.0,1405.0,2951.0,8352.0,-6.0,1189.0,-12579.0,40.0,-1999.0,-869.0,-3531.0,-2369.0,-3136.0,13.0,64.0,13.0,118.0,756.0,4572.0,692.0,4057.0,3523.0,772.0,480.0,358.0,351.0,0.0,0.0,1292.0,113.0,2024-11-08 16:00:00,2024-11-08,11.0
08/11/2024,16:30,52766.0,52500.0,52300.0,94.0,21.0,5993.0,45974.0,1418.0,1664.0,8774.0,-6.0,1216.0,-12296.0,40.0,-1999.0,-869.0,-3531.0,-2369.0,-3314.0,13.0,63.0,17.0,118.0,750.0,4432.0,694.0,4348.0,3457.0,969.0,485.0,375.0,355.0,0.0,0.0,1287.0,131.0,2024-11-08 16:30:00,2024-11-08,11.0
08/11/2024,17:00,52522.0,52400.0,52000.0,89.0,19.0,6001.0,46026.0,1491.0,693.0,9585.0,-6.0,1219.0,-12515.0,40.0,-1944.0,-1070.0,-3244.0,-2385.0,-2779.0,13.0,63.0,13.0,119.0,755.0,4432.0,696.0,4581.0,3958.0,1046.0,484.0,377.0,359.0,0.0,0.0,1317.0,174.0,2024-11-08 17:00:00,2024-11-08,11.0
08/11/2024,17:30,53630.0,54400.0,54200.0,88.0,18.0,5709.0,46079.0,1607.0,145.0,10488.0,-6.0,1223.0,-11637.0,38.0,-1944.0,-1070.0,-3244.0,-2385.0,-2408.0,14.0,62.0,13.0,123.0,783.0,4104.0,699.0,4900.0,4342.0,1246.0,485.0,380.0,358.0,0.0,0.0,1394.0,213.0,2024-11-08 17:30:00,2024-11-08,11.0
08/11/2024,18:00,55663.0,56500.0,56500.0,89.0,18.0,5782.0,46117.0,1757.0,5.0,12007.0,-6.0,1229.0,-11248.0,38.0,-1867.0,-2962.0,-3023.0,-299.0,-1161.0,14.0,62.0,13.0,109.0,791.0,4176.0,706.0,5287.0,4664.0,2055.0,495.0,381.0,354.0,0.0,0.0,1507.0,250.0,2024-11-08 18:00:00,2024-11-08,11.0
08/11/2024,18:30,56893.0,57500.0,57500.0,88.0,18.0,5870.0,46167.0,1875.0,2.0,11902.0,-6.0,1225.0,-10157.0,38.0,-1867.0,-2962.0,-3023.0,-299.0,-233.0,14.0,61.0,13.0,101.0,793.0,4274.0,702.0,5319.0,4583.0,2001.0,492.0,378.0,355.0,0.0,0.0,1638.0,236.0,2024-11-08 18:30:00,2024-11-08,11.0
08/11/2024,19:00,57867.0,57900.0,57800.0,88.0,18.0,5807.0,46167.0,1944.0,1.0,11920.0,-6.0,1221.0,-9202.0,38.0,-1950.0,-3561.0,-3150.0,-174.0,-681.0,14.0,61.0,13.0,101.0,795.0,4206.0,705.0,5281.0,4628.0,2011.0,488.0,374.0,359.0,0.0,0.0,1730.0,214.0,2024-11-08 19:00:00,2024-11-08,11.0
08/11/2024,19:30,57790.0,57600.0,57500.0,88.0,18.0,6118.0,46165.0,2015.0,0.0,12052.0,-6.0,1224.0,-9805.0,39.0,-1950.0,-3561.0,-3150.0,-174.0,-778.0,14.0,62.0,13.0,101.0,792.0,4512.0,713.0,5241.0,4617.0,2194.0,488.0,377.0,359.0,0.0,0.0,1822.0,192.0,2024-11-08 19:30:00,2024-11-08,11.0
08/11/2024,20:00,56528.0,56500.0,56200.0,88.0,18.0,6001.0,46178.0,1996.0,0.0,11466.0,-6.0,1221.0,-10353.0,39.0,-1363.0,-3561.0,-3022.0,-1088.0,-1110.0,14.0,61.0,13.0,101.0,793.0,4396.0,711.0,5244.0,4349.0,1874.0,489.0,375.0,356.0,0.0,0.0,1829.0,166.0,2024-11-08 20:00:00,2024-11-08,11.0
08/11/2024,20:30,54789.0,54600.0,54100.0,88.0,18.0,6074.0,46194.0,1970.0,0.0,10294.0,-5.0,1225.0,-10990.0,40.0,-1363.0,-3561.0,-3022.0,-1087.0,-996.0,14.0,61.0,13.0,94.0,784.0,4507.0,688.0,4727.0,4077.0,1490.0,492.0,376.0,357.0,0.0,0.0,1831.0,139.0,2024-11-08 20:30:00,2024-11-08,11.0
08/11/2024,21:00,52981.0,53300.0,52800.0,90.0,18.0,5898.0,46201.0,1977.0,0.0,8845.0,-6.0,1225.0,-11184.0,40.0,-1536.0,-3561.0,-3276.0,-1629.0,-907.0,14.0,62.0,14.0,93.0,785.0,4336.0,685.0,4506.0,3518.0,821.0,489.0,379.0,357.0,0.0,0.0,1834.0,143.0,2024-11-08 21:00:00,2024-11-08,11.0
08/11/2024,21:30,51718.0,51800.0,51400.0,90.0,18.0,6066.0,46174.0,1963.0,0.0,7494.0,-6.0,1237.0,-11241.0,42.0,-1536.0,-3561.0,-3276.0,-1629.0,-927.0,14.0,62.0,14.0,94.0,768.0,4521.0,682.0,4295.0,2803.0,395.0,496.0,387.0,354.0,0.0,0.0,1818.0,145.0,2024-11-08 21:30:00,2024-11-08,11.0
08/11/2024,22:00,50499.0,50200.0,49800.0,89.0,18.0,5938.0,46091.0,2004.0,0.0,6650.0,-16.0,1241.0,-11427.0,42.0,-1566.0,-3020.0,-3071.0,-1742.0,-359.0,14.0,62.0,13.0,94.0,765.0,4397.0,683.0,4169.0,2374.0,107.0,497.0,387.0,356.0,0.0,0.0,1856.0,148.0,2024-11-08 22:00:00,2024-11-08,11.0
08/11/2024,22:30,50811.0,51500.0,51200.0,88.0,18.0,5843.0,46011.0,1970.0,0.0,6483.0,-25.0,1249.0,-10743.0,42.0,-1566.0,-3020.0,-3071.0,-1691.0,844.0,14.0,62.0,13.0,94.0,736.0,4335.0,679.0,4089.0,2288.0,106.0,499.0,393.0,357.0,0.0,0.0,1844.0,125.0,2024-11-08 22:30:00,2024-11-08,11.0
08/11/2024,23:00,51891.0,51900.0,51600.0,90.0,18.0,5854.0,45657.0,1988.0,0.0,6759.0,-32.0,1243.0,-9595.0,42.0,-2015.0,-2337.0,-3089.0,-1958.0,802.0,14.0,62.0,14.0,94.0,735.0,4348.0,677.0,4141.0,2534.0,84.0,503.0,386.0,354.0,0.0,0.0,1872.0,117.0,2024-11-08 23:00:00,2024-11-08,11.0
08/11/2024,23:30,51216.0,51000.0,50500.0,89.0,18.0,5901.0,45034.0,2008.0,0.0,6305.0,-47.0,1247.0,-9255.0,43.0,-2015.0,-2337.0,-3089.0,-1958.0,1301.0,14.0,62.0,14.0,94.0,722.0,4410.0,676.0,3914.0,2338.0,53.0,504.0,386.0,356.0,0.0,0.0,1897.0,112.0,2024-11-08 23:30:00,2024-11-08,11.0
20/12/2024,00:00,62787.0,59100.0,60700.0,102.0,14.0,1835.0,49954.0,10700.0,0.0,6558.0,-1421.0,1262.0,-6091.0,17.0,-3014.0,-2000.0,-3319.0,-3200.0,5694.0,15.0,66.0,22.0,85.0,678.0,283.0,790.0,5527.0,995.0,37.0,527.0,392.0,343.0,0.0,0.0,9415.0,1285.0,2024-12-20 00:00:00,2024-12-20,12.0
20/12/2024,00:30,61533.0,57700.0,59000.0,103.0,14.0,1839.0,49277.0,10385.0,0.0,6672.0,-2496.0,1255.0,-5449.0,18.0,-3014.0,-2000.0,-3319.0,-3200.0,5639.0,15.0,66.0,21.0,82.0,678.0,289.0,791.0,5520.0,1143.0,9.0,524.0,389.0,342.0,0.0,0.0,9243.0,1142.0,2024-12-20 00:30:00,2024-12-20,12.0
20/12/2024,01:00,59118.0,56000.0,57600.0,104.0,14.0,1746.0,48219.0,10148.0,0.0,6325.0,-2893.0,1266.0,-5706.0,18.0,-3014.0,-1800.0,-3319.0,-3200.0,6449.0,15.0,66.0,22.0,82.0,677.0,198.0,789.0,5341.0,976.0,9.0,531.0,392.0,342.0,0.0,0.0,9105.0,1043.0,2024-12-20 01:00:00,2024-12-20,12.0
20/12/2024,01:30,58570.0,56400.0,57100.0,103.0,14.0,1699.0,47696.0,10022.0,0.0,5986.0,-2908.0,1269.0,-5208.0,18.0,-3014.0,-1800.0,-3319.0,-3200.0,6450.0,15.0,66.0,22.0,82.0,677.0,154.0,786.0,5351.0,626.0,9.0,533.0,393.0,342.0,0.0,0.0,9095.0,927.0,2024-12-20 01:30:00,2024-12-20,12.0
20/12/2024,02:00,58009.0,55800.0,57100.0,103.0,14.0,1659.0,46902.0,9924.0,0.0,5976.0,-3077.0,1264.0,-4645.0,18.0,-3014.0,-1800.0,-3319.0,-3199.0,6710.0,15.0,66.0,22.0,82.0,677.0,117.0,783.0,5399.0,569.0,9.0,533.0,391.0,340.0,0.0,0.0,9070.0,855.0,2024-12-20 02:00:00,2024-12-20,12.0
20/12/2024,02:30,57703.0,54600.0,55900.0,104.0,14.0,1680.0,46531.0,9609.0,0.0,6013.0,-3141.0,1262.0,-4209.0,18.0,-3014.0,-1800.0,-3319.0,-3199.0,6603.0,15.0,66.0,22.0,82.0,676.0,139.0,784.0,5433.0,572.0,9.0,533.0,390.0,338.0,0.0,0.0,8827.0,781.0,2024-12-20 02:30:00,2024-12-20,12.0
20/12/2024,03:00,56543.0,53500.0,54800.0,103.0,14.0,1691.0,46137.0,9224.0,0.0,5896.0,-3369.0,1266.0,-4256.0,19.0,-2937.0,-1800.0,-3781.0,-3195.0,6234.0,15.0,67.0,22.0,82.0,676.0,152.0,781.0,5423.0,464.0,9.0,536.0,393.0,338.0,0.0,0.0,8508.0,715.0,2024-12-20 03:00:00,2024-12-20,12.0
20/12/2024,03:30,55842.0,52800.0,54100.0,103.0,14.0,1713.0,46602.0,8925.0,0.0,6041.0,-3434.0,1269.0,-5267.0,19.0,-2937.0,-1800.0,-3781.0,-3195.0,5849.0,15.0,66.0,22.0,82.0,676.0,175.0,780.0,5444.0,588.0,9.0,538.0,393.0,338.0,0.0,0.0,8303.0,623.0,2024-12-20 03:30:00,2024-12-20,12.0
20/12/2024,04:00,55175.0,52300.0,53600.0,103.0,14.0,1721.0,47015.0,8624.0,0.0,5801.0,-3430.0,1275.0,-5822.0,19.0,-961.0,-2400.0,-3639.0,-3200.0,3708.0,15.0,66.0,22.0,82.0,676.0,183.0,780.0,5425.0,367.0,9.0,543.0,393.0,339.0,0.0,0.0,8085.0,539.0,2024-12-20 04:00:00,2024-12-20,12.0
20/12/2024,04:30,55217.0,52000.0,54100.0,103.0,14.0,1709.0,48028.0,8208.0,0.0,5799.0,-3427.0,1276.0,-6377.0,19.0,-961.0,-2400.0,-3639.0,-3200.0,3537.0,15.0,66.0,21.0,82.0,677.0,168.0,781.0,5444.0,346.0,9.0,545.0,393.0,338.0,0.0,0.0,7667.0,542.0,2024-12-20 04:30:00,2024-12-20,12.0
20/12/2024,05:00,55371.0,52900.0,55100.0,103.0,14.0,1708.0,48631.0,7684.0,0.0,5806.0,-3267.0,1283.0,-6484.0,19.0,598.0,-2190.0,-3777.0,-3200.0,3095.0,15.0,66.0,22.0,82.0,680.0,163.0,783.0,5444.0,354.0,9.0,550.0,394.0,338.0,0.0,0.0,7126.0,558.0,2024-12-20 05:00:00,2024-12-20,12.0
20/12/2024,05:30,57166.0,54400.0,56500.0,103.0,14.0,1676.0,48867.0,7188.0,0.0,5835.0,-2723.0,1273.0,-4963.0,18.0,598.0,-2190.0,-3777.0,-3200.0,2865.0,15.0,66.0,22.0,82.0,681.0,131.0,782.0,5422.0,405.0,9.0,545.0,390.0,338.0,0.0,0.0,6684.0,504.0,2024-12-20 05:30:00,2024-12-20,12.0
20/12/2024,06:00,58516.0,56400.0,58400.0,103.0,14.0,1695.0,49753.0,6752.0,0.0,6684.0,-2123.0,1272.0,-5542.0,18.0,1717.0,-2400.0,-3731.0,-3198.0,3098.0,15.0,66.0,22.0,83.0,683.0,145.0,783.0,5500.0,1175.0,9.0,543.0,392.0,337.0,0.0,0.0,6338.0,414.0,2024-12-20 06:00:00,2024-12-20,12.0
20/12/2024,06:30,61842.0,59500.0,61800.0,103.0,13.0,1704.0,50967.0,6483.0,0.0,7112.0,-1332.0,1269.0,-4349.0,17.0,1717.0,-2400.0,-3731.0,-3198.0,3050.0,15.0,67.0,22.0,85.0,696.0,141.0,783.0,5639.0,1458.0,14.0,542.0,393.0,334.0,0.0,0.0,6130.0,353.0,2024-12-20 06:30:00,2024-12-20,12.0
20/12/2024,07:00,64613.0,62700.0,64700.0,104.0,14.0,1770.0,51658.0,6103.0,0.0,8596.0,-106.0,1263.0,-4662.0,17.0,913.0,-2400.0,-3766.0,-2637.0,2318.0,15.0,67.0,21.0,85.0,706.0,193.0,785.0,6009.0,2473.0,114.0,540.0,387.0,337.0,0.0,0.0,5777.0,326.0,2024-12-20 07:00:00,2024-12-20,12.0
20/12/2024,07:30,67881.0,65200.0,67700.0,104.0,14.0,1805.0,51925.0,6012.0,0.0,11957.0,-15.0,1256.0,-5075.0,16.0,913.0,-2400.0,-3766.0,-2637.0,2272.0,15.0,68.0,22.0,110.0,723.0,183.0,790.0,6388.0,3518.0,2051.0,533.0,389.0,335.0,0.0,0.0,5564.0,448.0,2024-12-20 07:30:00,2024-12-20,12.0
20/12/2024,08:00,70180.0,66800.0,69400.0,104.0,14.0,1843.0,52014.0,5778.0,0.0,14640.0,-15.0,1248.0,-5354.0,16.0,-1141.0,-2835.0,-3911.0,-1519.0,4448.0,15.0,67.0,22.0,120.0,726.0,204.0,794.0,6662.0,4577.0,3401.0,525.0,389.0,335.0,0.0,0.0,5319.0,460.0,2024-12-20 08:00:00,2024-12-20,12.0
20/12/2024,08:30,71592.0,67500.0,70400.0,105.0,14.0,1848.0,52051.0,5579.0,17.0,15167.0,-15.0,1250.0,-4332.0,16.0,-1141.0,-2835.0,-3911.0,-1519.0,4422.0,16.0,67.0,22.0,126.0,744.0,172.0,806.0,6879.0,5409.0,2878.0,525.0,388.0,337.0,0.0,0.0,5091.0,488.0,2024-12-20 08:30:00,2024-12-20,12.0
20/12/2024,09:00,72074.0,66900.0,70400.0,797.0,14.0,2125.0,51943.0,5393.0,294.0,15285.0,-8.0,1239.0,-4907.0,24.0,-2272.0,-2508.0,-3577.0,-1031.0,4202.0,709.0,66.0,22.0,295.0,837.0,185.0,807.0,7006.0,5462.0,2817.0,511.0,390.0,338.0,0.0,0.0,4897.0,496.0,2024-12-20 09:00:00,2024-12-20,12.0
20/12/2024,09:30,72210.0,67100.0,70100.0,963.0,14.0,2171.0,51819.0,5281.0,1188.0,15132.0,-6.0,1239.0,-5434.0,26.0,-2272.0,-2508.0,-3577.0,-1023.0,4237.0,876.0,65.0,22.0,322.0,877.0,161.0,811.0,7023.0,5300.0,2809.0,510.0,394.0,335.0,0.0,0.0,4831.0,451.0,2024-12-20 09:30:00,2024-12-20,12.0
20/12/2024,10:00,71864.0,66800.0,69400.0,924.0,9.0,2183.0,51664.0,5344.0,2569.0,14130.0,-7.0,1236.0,-6002.0,25.0,-2928.0,-1514.0,-3484.0,-2010.0,4050.0,837.0,65.0,22.0,323.0,883.0,172.0,807.0,6947.0,4595.0,2589.0,515.0,389.0,332.0,0.0,0.0,4880.0,464.0,2024-12-20 10:00:00,2024-12-20,12.0
20/12/2024,10:30,71093.0,66900.0,68300.0,564.0,9.0,1937.0,51765.0,5319.0,4092.0,12810.0,-46.0,1226.0,-6424.0,20.0,-2928.0,-1514.0,-3484.0,-1980.0,4067.0,477.0,66.0,22.0,190.0,779.0,168.0,801.0,6800.0,4072.0,1938.0,503.0,389.0,334.0,0.0,0.0,4807.0,513.0,2024-12-20 10:30:00,2024-12-20,12.0
20/12/2024,11:00,70221.0,66400.0,68200.0,131.0,9.0,1850.0,51794.0,4943.0,5547.0,10883.0,-62.0,1227.0,-5954.0,16.0,-2939.0,-332.0,-3577.0,-3200.0,3989.0,44.0,64.0,23.0,120.0,779.0,156.0,795.0,6672.0,3055.0,1156.0,504.0,388.0,335.0,0.0,0.0,4554.0,389.0,2024-12-20 11:00:00,2024-12-20,12.0
20/12/2024,11:30,69741.0,66000.0,67400.0,101.0,9.0,1869.0,51804.0,4846.0,6753.0,9700.0,-69.0,1231.0,-6386.0,16.0,-2939.0,-332.0,-3577.0,-3200.0,4027.0,14.0,63.0,23.0,120.0,794.0,164.0,791.0,6398.0,2450.0,852.0,506.0,389.0,335.0,0.0,0.0,4286.0,560.0,2024-12-20 11:30:00,2024-12-20,12.0
20/12/2024,12:00,69194.0,66900.0,67000.0,99.0,9.0,1906.0,51671.0,4996.0,7691.0,8336.0,-71.0,1244.0,-6526.0,16.0,-3014.0,-1602.0,-3808.0,-3200.0,4491.0,14.0,62.0,23.0,115.0,801.0,199.0,791.0,6224.0,1734.0,378.0,520.0,386.0,338.0,0.0,0.0,4190.0,807.0,2024-12-20 12:00:00,2024-12-20,12.0
20/12/2024,12:30,68893.0,66200.0,66800.0,98.0,9.0,2091.0,51693.0,4959.0,8316.0,8132.0,-60.0,1264.0,-7508.0,17.0,-3014.0,-1585.0,-3808.0,-3200.0,4505.0,14.0,60.0,23.0,104.0,806.0,394.0,786.0,6212.0,1191.0,728.0,534.0,388.0,342.0,0.0,0.0,4075.0,884.0,2024-12-20 12:30:00,2024-12-20,12.0
20/12/2024,13:00,68889.0,66800.0,67000.0,97.0,9.0,2148.0,51503.0,5087.0,8553.0,8276.0,-14.0,1278.0,-7930.0,17.0,-3014.0,-2037.0,-3842.0,-3200.0,2479.0,14.0,60.0,23.0,103.0,807.0,446.0,792.0,6154.0,1210.0,913.0,538.0,392.0,348.0,0.0,0.0,4125.0,962.0,2024-12-20 13:00:00,2024-12-20,12.0
20/12/2024,13:30,67400.0,65000.0,64200.0,94.0,8.0,2003.0,51563.0,5368.0,8274.0,8785.0,-14.0,1284.0,-9862.0,16.0,-3014.0,-2037.0,-3842.0,-3200.0,2242.0,14.0,58.0,21.0,103.0,807.0,305.0,788.0,6200.0,1518.0,1068.0,541.0,393.0,351.0,0.0,0.0,4457.0,911.0,2024-12-20 13:30:00,2024-12-20,12.0
20/12/2024,14:00,65881.0,63600.0,63000.0,92.0,8.0,1977.0,51222.0,5835.0,7692.0,8441.0,-15.0,1290.0,-10524.0,16.0,-3014.0,-1133.0,-3842.0,-3200.0,-93.0,14.0,57.0,21.0,113.0,804.0,267.0,792.0,6162.0,1430.0,849.0,543.0,396.0,351.0,0.0,0.0,4907.0,927.0,2024-12-20 14:00:00,2024-12-20,12.0
20/12/2024,14:30,64883.0,63000.0,62200.0,94.0,9.0,1966.0,50781.0,6451.0,6687.0,8811.0,-15.0,1285.0,-11068.0,16.0,-3014.0,-1133.0,-3842.0,-3200.0,-192.0,14.0,57.0,23.0,117.0,796.0,261.0,792.0,6147.0,1723.0,941.0,542.0,393.0,351.0,0.0,0.0,5436.0,1015.0,2024-12-20 14:30:00,2024-12-20,12.0
20/12/2024,15:00,63978.0,61100.0,61800.0,94.0,9.0,1979.0,50944.0,7013.0,5449.0,8967.0,-15.0,1293.0,-11646.0,16.0,-2964.0,-266.0,-3822.0,-3200.0,-2171.0,14.0,57.0,23.0,117.0,798.0,273.0,790.0,6196.0,1841.0,930.0,550.0,392.0,352.0,0.0,0.0,5969.0,1044.0,2024-12-20 15:00:00,2024-12-20,12.0
20/12/2024,15:30,63455.0,60700.0,61100.0,94.0,12.0,2001.0,50775.0,7499.0,4019.0,9981.0,-20.0,1295.0,-12118.0,17.0,-2964.0,-266.0,-3822.0,-3200.0,-2180.0,14.0,57.0,22.0,117.0,785.0,308.0,791.0,6395.0,2144.0,1442.0,552.0,391.0,352.0,0.0,0.0,6387.0,1112.0,2024-12-20 15:30:00,2024-12-20,12.0
20/12/2024,16:00,62966.0,60500.0,60700.0,93.0,13.0,1952.0,50869.0,7971.0,2626.0,10589.0,-20.0,1288.0,-12326.0,17.0,-2623.0,-1853.0,-3822.0,-3200.0,-2835.0,14.0,56.0,22.0,117.0,740.0,298.0,797.0,6513.0,2382.0,1694.0,552.0,385.0,351.0,0.0,0.0,6796.0,1176.0,2024-12-20 16:00:00,2024-12-20,12.0
20/12/2024,16:30,62729.0,60300.0,60800.0,92.0,14.0,1920.0,51030.0,8623.0,1384.0,12448.0,-28.0,1281.0,-13920.0,16.0,-2623.0,-1870.0,-3822.0,-3200.0,-2804.0,14.0,56.0,22.0,118.0,738.0,266.0,798.0,6795.0,3628.0,2025.0,549.0,380.0,352.0,0.0,0.0,7384.0,1239.0,2024-12-20 16:30:00,2024-12-20,12.0
20/12/2024,17:00,63127.0,61600.0,62300.0,94.0,14.0,1959.0,51358.0,9177.0,445.0,13339.0,-15.0,1280.0,-14413.0,16.0,-2714.0,-2506.0,-3719.0,-3000.0,-978.0,14.0,58.0,22.0,118.0,729.0,309.0,803.0,7013.0,4067.0,2258.0,541.0,384.0,355.0,0.0,0.0,7883.0,1293.0,2024-12-20 17:00:00,2024-12-20,12.0
20/12/2024,17:30,65153.0,63400.0,64400.0,96.0,15.0,1953.0,51903.0,9851.0,46.0,13473.0,-7.0,1284.0,-13335.0,16.0,-2714.0,-2506.0,-3719.0,-2994.0,-829.0,15.0,60.0,22.0,118.0,721.0,306.0,808.0,7036.0,4221.0,2216.0,542.0,387.0,355.0,0.0,0.0,8489.0,1362.0,2024-12-20 17:30:00,2024-12-20,12.0
20/12/2024,18:00,66978.0,64300.0,65600.0,98.0,15.0,1975.0,51940.0,10592.0,2.0,14200.0,-6.0,1286.0,-12996.0,16.0,-2511.0,-2876.0,-3898.0,-3000.0,1266.0,14.0,61.0,23.0,118.0,722.0,328.0,808.0,7062.0,4743.0,2395.0,546.0,390.0,351.0,0.0,0.0,9187.0,1405.0,2024-12-20 18:00:00,2024-12-20,12.0
20/12/2024,18:30,68083.0,65300.0,66800.0,100.0,17.0,1973.0,51349.0,11219.0,0.0,13657.0,-6.0,1282.0,-11388.0,16.0,-2511.0,-2876.0,-3898.0,-2894.0,1450.0,14.0,62.0,23.0,117.0,720.0,328.0,807.0,7134.0,4186.0,2337.0,544.0,389.0,350.0,0.0,0.0,9810.0,1409.0,2024-12-20 18:30:00,2024-12-20,12.0
20/12/2024,19:00,68942.0,65800.0,67600.0,98.0,18.0,1985.0,50700.0,11832.0,0.0,14191.0,-6.0,1294.0,-11045.0,16.0,-2357.0,-3000.0,-4066.0,-3190.0,1330.0,14.0,60.0,23.0,117.0,727.0,335.0,806.0,7152.0,4439.0,2599.0,551.0,390.0,352.0,0.0,0.0,10425.0,1407.0,2024-12-20 19:00:00,2024-12-20,12.0
20/12/2024,19:30,68818.0,64800.0,66600.0,98.0,18.0,1938.0,50582.0,12240.0,0.0,14009.0,-7.0,1299.0,-11241.0,16.0,-2357.0,-3000.0,-4066.0,-3192.0,1345.0,14.0,61.0,23.0,117.0,732.0,283.0,806.0,7053.0,3916.0,3040.0,548.0,398.0,353.0,0.0,0.0,10883.0,1357.0,2024-12-20 19:30:00,2024-12-20,12.0
20/12/2024,20:00,67872.0,63600.0,65300.0,99.0,18.0,1942.0,50480.0,12657.0,0.0,13048.0,-5.0,1303.0,-11537.0,16.0,-2754.0,-3000.0,-4066.0,-3200.0,1125.0,14.0,62.0,23.0,106.0,730.0,304.0,801.0,6842.0,3341.0,2865.0,553.0,398.0,352.0,0.0,0.0,11239.0,1418.0,2024-12-20 20:00:00,2024-12-20,12.0
20/12/2024,20:30,66395.0,62100.0,63800.0,94.0,18.0,1835.0,50533.0,12900.0,0.0,11979.0,-6.0,1314.0,-12143.0,15.0,-2754.0,-3000.0,-4066.0,-3200.0,1141.0,14.0,61.0,19.0,75.0,695.0,293.0,771.0,6711.0,2861.0,2406.0,556.0,405.0,353.0,0.0,0.0,11455.0,1446.0,2024-12-20 20:30:00,2024-12-20,12.0
20/12/2024,21:00,64759.0,61000.0,62700.0,93.0,18.0,1847.0,50499.0,12977.0,0.0,10276.0,-13.0,1314.0,-12111.0,16.0,-3014.0,-3000.0,-4077.0,-3200.0,765.0,15.0,60.0,19.0,75.0,690.0,319.0,763.0,6522.0,2238.0,1515.0,555.0,405.0,355.0,0.0,0.0,11530.0,1447.0,2024-12-20 21:00:00,2024-12-20,12.0
20/12/2024,21:30,63582.0,59800.0,61400.0,95.0,18.0,1837.0,50387.0,13073.0,0.0,9677.0,-44.0,1315.0,-12654.0,16.0,-3014.0,-3000.0,-4077.0,-3200.0,745.0,15.0,60.0,20.0,74.0,689.0,311.0,762.0,6337.0,1978.0,1362.0,553.0,407.0,355.0,0.0,0.0,11627.0,1446.0,2024-12-20 21:30:00,2024-12-20,12.0
20/12/2024,22:00,62347.0,58900.0,60500.0,95.0,18.0,1839.0,50070.0,13176.0,0.0,8876.0,-51.0,1313.0,-12847.0,16.0,-2392.0,-2876.0,-4077.0,-3200.0,1247.0,15.0,60.0,20.0,74.0,689.0,313.0,762.0,6310.0,1834.0,731.0,545.0,412.0,356.0,0.0,0.0,11733.0,1444.0,2024-12-20 22:00:00,2024-12-20,12.0
20/12/2024,22:30,62646.0,60300.0,61800.0,95.0,18.0,1803.0,50304.0,12715.0,0.0,8339.0,-59.0,1314.0,-11780.0,16.0,-2392.0,-2876.0,-4077.0,-3200.0,1451.0,15.0,60.0,20.0,74.0,688.0,279.0,762.0,6160.0,1736.0,444.0,549.0,410.0,355.0,0.0,0.0,11275.0,1441.0,2024-12-20 22:30:00,2024-12-20,12.0
20/12/2024,23:00,63669.0,61500.0,63000.0,95.0,17.0,1828.0,50338.0,12663.0,0.0,8755.0,-128.0,1320.0,-11112.0,16.0,-1674.0,-3200.0,-3919.0,-3200.0,2417.0,15.0,60.0,20.0,74.0,689.0,303.0,761.0,6212.0,1841.0,701.0,554.0,411.0,354.0,0.0,0.0,11220.0,1442.0,2024-12-20 23:00:00,2024-12-20,12.0
20/12/2024,23:30,63120.0,60400.0,61800.0,95.0,18.0,1810.0,50108.0,12544.0,0.0,7877.0,-574.0,1318.0,-9964.0,16.0,-1674.0,-3000.0,-3919.0,-3200.0,2426.0,15.0,59.0,21.0,74.0,664.0,314.0,757.0,5953.0,1260.0,664.0,555.0,408.0,355.0,0.0,0.0,11121.0,1423.0,2024-12-20 23:30:00,2024-12-20,12.0
