date,heures,consommation,prevision_j_1,prevision_j,fioul,charbon,gaz,nucleaire,eolien_total,solaire,hydraulique,pompage,bioenergies,ech_physiques,taux_co2,ech_angleterre,ech_espagne,ech_italie,ech_suisse,ech_allemagne_belgique,fioul_tac,fioul_cogen,fioul_autres,gaz_tac,gaz_cogen,gaz_ccg,gaz_autres,hydraulique_fil_de_l_eau,hydraulique_lacs,hydraulique_step_turbinage,bioenergies.1,bio_biomasse,bio_biogaz,stockage_batterie,destockage_batterie,eolien_terrestre,eolien_offshore,datetime,date_only,month
05/01/2024,00:00,57605.0,55300.0,55700.0,110.0,16.0,4827.0,46924.0,12473.0,0.0,10446.0,-35.0,1272.0,-18319.0,30.0,-2745.0,-2554.0,-3858.0,-3200.0,-5482.0,15.0,72.0,23.0,91.0,1053.0,2626.0,1058.0,6120.0,3521.0,805.0,522.0,396.0,354.0,0.0,0.0,12093.0,381.0,2024-01-05 00:00:00,2024-01-05,1.0
05/01/2024,00:30,56420.0,53500.0,53600.0,109.0,16.0,4428.0,46890.0,12432.0,0.0,9417.0,-155.0,1278.0,-17883.0,29.0,-2745.0,-2554.0,-3858.0,-3200.0,-5325.0,15.0,71.0,23.0,86.0,1053.0,2235.0,1055.0,6040.0,3129.0,248.0,527.0,399.0,353.0,0.0,0.0,12069.0,362.0,2024-01-05 00:30:00,2024-01-05,1.0
05/01/2024,01:00,53923.0,51700.0,51600.0,109.0,16.0,3552.0,46893.0,12300.0,0.0,9252.0,-1524.0,1275.0,-17830.0,26.0,-2615.0,-1589.0,-3380.0,-3200.0,-6020.0,15.0,72.0,23.0,85.0,1052.0,1355.0,1059.0,5926.0,3035.0,291.0,531.0,391.0,352.0,0.0,0.0,11955.0,345.0,2024-01-05 01:00:00,2024-01-05,1.0
05/01/2024,01:30,53452.0,52400.0,52000.0,108.0,16.0,3321.0,47019.0,12161.0,0.0,8806.0,-2204.0,1262.0,-16926.0,25.0,-2615.0,-1589.0,-3380.0,-3200.0,-5619.0,13.0,71.0,23.0,85.0,1054.0,1124.0,1058.0,5774.0,2837.0,195.0,522.0,389.0,351.0,0.0,0.0,11809.0,352.0,2024-01-05 01:30:00,2024-01-05,1.0
05/01/2024,02:00,53208.0,52400.0,52200.0,108.0,16.0,3281.0,47011.0,11846.0,0.0,8702.0,-2270.0,1269.0,-16636.0,25.0,-2421.0,-582.0,-3715.0,-3200.0,-6148.0,13.0,72.0,23.0,85.0,1053.0,1092.0,1050.0,5811.0,2708.0,183.0,527.0,391.0,351.0,0.0,0.0,11544.0,302.0,2024-01-05 02:00:00,2024-01-05,1.0
05/01/2024,02:30,53162.0,51000.0,50800.0,107.0,16.0,3102.0,47226.0,11542.0,0.0,8730.0,-2378.0,1261.0,-16330.0,24.0,-2421.0,-582.0,-3715.0,-3200.0,-6166.0,13.0,71.0,23.0,85.0,1053.0,908.0,1055.0,5797.0,2749.0,184.0,520.0,391.0,350.0,0.0,0.0,11286.0,256.0,2024-01-05 02:30:00,2024-01-05,1.0
05/01/2024,03:00,51863.0,49500.0,49900.0,107.0,16.0,2788.0,47362.0,11412.0,0.0,8126.0,-2674.0,1259.0,-16417.0,23.0,-2249.0,-1123.0,-3822.0,-3200.0,-5752.0,13.0,71.0,23.0,83.0,1051.0,594.0,1060.0,5683.0,2434.0,9.0,521.0,389.0,349.0,0.0,0.0,11133.0,279.0,2024-01-05 03:00:00,2024-01-05,1.0
05/01/2024,03:30,50889.0,48900.0,48800.0,106.0,16.0,2841.0,46336.0,11238.0,0.0,8217.0,-2961.0,1255.0,-16044.0,24.0,-2249.0,-1123.0,-3822.0,-3200.0,-5668.0,13.0,70.0,23.0,80.0,1052.0,647.0,1061.0,5672.0,2540.0,5.0,516.0,390.0,348.0,0.0,0.0,10960.0,277.0,2024-01-05 03:30:00,2024-01-05,1.0
05/01/2024,04:00,49947.0,48200.0,48200.0,107.0,16.0,2941.0,45502.0,11110.0,0.0,8130.0,-3020.0,1251.0,-15972.0,25.0,-2279.0,-1376.0,-3859.0,-3120.0,-5810.0,13.0,71.0,23.0,90.0,1055.0,731.0,1065.0,5676.0,2449.0,5.0,511.0,392.0,347.0,0.0,0.0,10818.0,292.0,2024-01-05 04:00:00,2024-01-05,1.0
05/01/2024,04:30,49636.0,48100.0,47900.0,108.0,16.0,2977.0,45648.0,10883.0,0.0,8008.0,-2926.0,1229.0,-16199.0,25.0,-2279.0,-1376.0,-3859.0,-3120.0,-5866.0,13.0,72.0,23.0,95.0,1055.0,761.0,1067.0,5551.0,2453.0,5.0,505.0,378.0,346.0,0.0,0.0,10607.0,276.0,2024-01-05 04:30:00,2024-01-05,1.0
05/01/2024,05:00,49543.0,47900.0,48500.0,107.0,16.0,3109.0,45716.0,10676.0,0.0,7765.0,-2910.0,1215.0,-16039.0,26.0,-2461.0,1076.0,-3859.0,-3200.0,-5942.0,13.0,71.0,23.0,95.0,1055.0,891.0,1067.0,5516.0,2244.0,5.0,502.0,368.0,345.0,0.0,0.0,10390.0,285.0,2024-01-05 05:00:00,2024-01-05,1.0
05/01/2024,05:30,51035.0,49400.0,50100.0,106.0,16.0,3150.0,45670.0,10407.0,0.0,7965.0,-2981.0,1216.0,-14392.0,26.0,-2461.0,1076.0,-3859.0,-3200.0,-5973.0,13.0,70.0,23.0,95.0,1056.0,929.0,1069.0,5694.0,2265.0,5.0,504.0,368.0,344.0,0.0,0.0,10131.0,276.0,2024-01-05 05:30:00,2024-01-05,1.0
05/01/2024,06:00,52158.0,51000.0,51700.0,106.0,16.0,3243.0,46426.0,10029.0,0.0,8206.0,-2924.0,1205.0,-14036.0,26.0,-2181.0,2017.0,-3859.0,-3200.0,-5770.0,13.0,70.0,23.0,97.0,1057.0,1020.0,1069.0,5797.0,2404.0,5.0,494.0,369.0,342.0,0.0,0.0,9745.0,284.0,2024-01-05 06:00:00,2024-01-05,1.0
05/01/2024,06:30,54563.0,53200.0,54000.0,108.0,16.0,3293.0,47073.0,9607.0,0.0,8627.0,-2432.0,1208.0,-12822.0,26.0,-2181.0,2017.0,-3859.0,-3200.0,-5814.0,13.0,72.0,23.0,100.0,1059.0,1066.0,1067.0,5830.0,2792.0,5.0,488.0,377.0,344.0,0.0,0.0,9326.0,281.0,2024-01-05 06:30:00,2024-01-05,1.0
05/01/2024,07:00,56328.0,55300.0,56200.0,108.0,16.0,3536.0,47451.0,9186.0,0.0,9102.0,-1324.0,1224.0,-12863.0,27.0,-2108.0,1670.0,-4105.0,-3200.0,-3962.0,13.0,72.0,23.0,100.0,1072.0,1292.0,1072.0,5885.0,3212.0,5.0,489.0,389.0,346.0,0.0,0.0,8931.0,254.0,2024-01-05 07:00:00,2024-01-05,1.0
05/01/2024,07:30,58547.0,57100.0,57900.0,100.0,16.0,3782.0,47447.0,8861.0,0.0,9715.0,-1248.0,1222.0,-11234.0,28.0,-2108.0,1670.0,-4105.0,-3200.0,-4225.0,6.0,70.0,23.0,100.0,1118.0,1478.0,1085.0,6102.0,3608.0,5.0,486.0,391.0,345.0,0.0,0.0,8611.0,250.0,2024-01-05 07:30:00,2024-01-05,1.0
05/01/2024,08:00,60386.0,59000.0,59800.0,100.0,16.0,4431.0,47494.0,8533.0,0.0,10616.0,-695.0,1219.0,-11211.0,30.0,-1070.0,1545.0,-3924.0,-3200.0,-3898.0,7.0,70.0,23.0,101.0,1133.0,2109.0,1088.0,6246.0,4274.0,95.0,484.0,391.0,344.0,0.0,0.0,8273.0,260.0,2024-01-05 08:00:00,2024-01-05,1.0
05/01/2024,08:30,62021.0,59700.0,61200.0,99.0,16.0,4843.0,47551.0,8117.0,0.0,10127.0,-545.0,1208.0,-9280.0,32.0,-1070.0,1545.0,-3924.0,-3200.0,-3947.0,7.0,69.0,23.0,104.0,1141.0,2502.0,1096.0,6245.0,3778.0,103.0,479.0,389.0,339.0,0.0,0.0,7857.0,261.0,2024-01-05 08:30:00,2024-01-05,1.0
05/01/2024,09:00,62904.0,60300.0,61500.0,101.0,16.0,5214.0,47592.0,7858.0,22.0,10834.0,-43.0,1202.0,-9794.0,33.0,-2049.0,2393.0,-3905.0,-3108.0,-2511.0,7.0,69.0,25.0,104.0,1138.0,2872.0,1101.0,6297.0,4391.0,146.0,480.0,385.0,337.0,0.0,0.0,7606.0,252.0,2024-01-05 09:00:00,2024-01-05,1.0
05/01/2024,09:30,63682.0,61000.0,62500.0,101.0,16.0,5678.0,47527.0,7828.0,198.0,10390.0,-14.0,1199.0,-9124.0,36.0,-2049.0,2393.0,-3905.0,-3108.0,-2351.0,7.0,69.0,25.0,103.0,1137.0,3331.0,1107.0,6274.0,3982.0,135.0,479.0,382.0,339.0,0.0,0.0,7589.0,239.0,2024-01-05 09:30:00,2024-01-05,1.0
05/01/2024,10:00,64254.0,61500.0,62900.0,100.0,15.0,5547.0,47583.0,7723.0,578.0,10322.0,-15.0,1181.0,-8673.0,35.0,-2395.0,2775.0,-3673.0,-3200.0,-1877.0,8.0,69.0,23.0,100.0,1141.0,3200.0,1106.0,6262.0,3959.0,102.0,475.0,368.0,338.0,0.0,0.0,7502.0,221.0,2024-01-05 10:00:00,2024-01-05,1.0
05/01/2024,10:30,64567.0,61500.0,63100.0,100.0,16.0,5438.0,47589.0,7360.0,1095.0,10261.0,-14.0,1187.0,-8355.0,34.0,-2395.0,2775.0,-3673.0,-3200.0,-1643.0,8.0,69.0,23.0,100.0,1143.0,3091.0,1103.0,6259.0,3996.0,6.0,470.0,380.0,336.0,0.0,0.0,7161.0,200.0,2024-01-05 10:30:00,2024-01-05,1.0
05/01/2024,11:00,64547.0,61600.0,63000.0,102.0,16.0,5414.0,47544.0,7011.0,1695.0,10009.0,-20.0,1195.0,-8306.0,34.0,-2651.0,2900.0,-3590.0,-2968.0,-1816.0,8.0,71.0,24.0,99.0,1146.0,3073.0,1096.0,6330.0,3673.0,6.0,471.0,385.0,340.0,0.0,0.0,6852.0,159.0,2024-01-05 11:00:00,2024-01-05,1.0
05/01/2024,11:30,64735.0,62000.0,63200.0,101.0,17.0,5524.0,47576.0,6683.0,2201.0,9866.0,-42.0,1205.0,-8287.0,35.0,-2651.0,2900.0,-3590.0,-2968.0,-1837.0,8.0,69.0,24.0,100.0,1163.0,3163.0,1098.0,6249.0,3611.0,6.0,477.0,386.0,342.0,0.0,0.0,6539.0,145.0,2024-01-05 11:30:00,2024-01-05,1.0
05/01/2024,12:00,64985.0,62500.0,63600.0,102.0,15.0,5545.0,47568.0,6573.0,2662.0,10022.0,-34.0,1203.0,-8558.0,35.0,-2930.0,2900.0,-3817.0,-3109.0,-2941.0,8.0,69.0,24.0,101.0,1163.0,3178.0,1104.0,6431.0,3586.0,5.0,474.0,385.0,344.0,0.0,0.0,6428.0,145.0,2024-01-05 12:00:00,2024-01-05,1.0
05/01/2024,12:30,64811.0,60900.0,62600.0,101.0,16.0,5631.0,47590.0,6574.0,3105.0,10598.0,-37.0,1211.0,-9861.0,35.0,-2930.0,2900.0,-3817.0,-3109.0,-3110.0,8.0,68.0,24.0,99.0,1158.0,3268.0,1105.0,6388.0,3850.0,361.0,478.0,386.0,347.0,0.0,0.0,6424.0,150.0,2024-01-05 12:30:00,2024-01-05,1.0
05/01/2024,13:00,63830.0,60500.0,61600.0,104.0,16.0,5530.0,47457.0,6519.0,3361.0,10384.0,-46.0,1212.0,-10592.0,34.0,-2885.0,2900.0,-4314.0,-3106.0,-4073.0,9.0,71.0,25.0,99.0,1158.0,3167.0,1106.0,6448.0,3419.0,517.0,476.0,387.0,349.0,0.0,0.0,6355.0,164.0,2024-01-05 13:00:00,2024-01-05,1.0
05/01/2024,13:30,62737.0,58800.0,60400.0,102.0,17.0,5516.0,47482.0,6369.0,3419.0,10519.0,-53.0,1214.0,-11737.0,34.0,-2885.0,2900.0,-4314.0,-3106.0,-4229.0,8.0,70.0,24.0,97.0,1158.0,3157.0,1104.0,6450.0,3596.0,474.0,475.0,389.0,350.0,0.0,0.0,6207.0,162.0,2024-01-05 13:30:00,2024-01-05,1.0
05/01/2024,14:00,61966.0,59000.0,60700.0,103.0,17.0,5562.0,47477.0,6297.0,3230.0,10312.0,-62.0,1226.0,-12085.0,35.0,-2762.0,2900.0,-4433.0,-3048.0,-3248.0,8.0,71.0,24.0,100.0,1156.0,3211.0,1096.0,6467.0,3695.0,150.0,489.0,386.0,352.0,0.0,0.0,6120.0,178.0,2024-01-05 14:00:00,2024-01-05,1.0
05/01/2024,14:30,62025.0,59300.0,60400.0,102.0,17.0,5512.0,47547.0,6205.0,2884.0,9818.0,-65.0,1210.0,-11093.0,35.0,-2762.0,2900.0,-4433.0,-3048.0,-3278.0,8.0,70.0,23.0,103.0,1151.0,3170.0,1088.0,6338.0,3369.0,112.0,485.0,376.0,349.0,0.0,0.0,6025.0,181.0,2024-01-05 14:30:00,2024-01-05,1.0
05/01/2024,15:00,61714.0,58000.0,59600.0,100.0,17.0,5246.0,47555.0,6066.0,2467.0,10241.0,-67.0,1211.0,-11008.0,34.0,-2045.0,2913.0,-4341.0,-3195.0,-4774.0,7.0,70.0,23.0,103.0,1153.0,2901.0,1089.0,6199.0,3892.0,150.0,480.0,383.0,349.0,0.0,0.0,5877.0,189.0,2024-01-05 15:00:00,2024-01-05,1.0
05/01/2024,15:30,61307.0,57300.0,59300.0,101.0,17.0,5358.0,47559.0,5689.0,2016.0,11010.0,-16.0,1217.0,-11530.0,34.0,-2045.0,2913.0,-4341.0,-3195.0,-4803.0,8.0,70.0,24.0,103.0,1158.0,2997.0,1099.0,6347.0,4154.0,508.0,476.0,391.0,351.0,0.0,0.0,5488.0,201.0,2024-01-05 15:30:00,2024-01-05,1.0
05/01/2024,16:00,60500.0,56700.0,58900.0,100.0,17.0,5408.0,47541.0,5224.0,1488.0,11158.0,-14.0,1223.0,-11533.0,35.0,-2776.0,2913.0,-4485.0,-2583.0,-5034.0,8.0,69.0,23.0,103.0,1138.0,3052.0,1115.0,6418.0,4208.0,531.0,480.0,391.0,352.0,0.0,0.0,5022.0,202.0,2024-01-05 16:00:00,2024-01-05,1.0
05/01/2024,16:30,59889.0,55800.0,58100.0,100.0,17.0,5431.0,47541.0,4805.0,908.0,12001.0,-12.0,1225.0,-12016.0,35.0,-2776.0,2913.0,-4485.0,-2583.0,-5106.0,7.0,69.0,23.0,103.0,1135.0,3068.0,1125.0,6503.0,4290.0,1208.0,488.0,385.0,353.0,0.0,0.0,4649.0,156.0,2024-01-05 16:30:00,2024-01-05,1.0
05/01/2024,17:00,59779.0,56000.0,58400.0,101.0,17.0,5525.0,47593.0,4438.0,383.0,12644.0,-12.0,1221.0,-12017.0,36.0,-2465.0,2913.0,-4485.0,-3008.0,-4589.0,8.0,70.0,23.0,103.0,1135.0,3152.0,1135.0,6748.0,4407.0,1488.0,482.0,386.0,354.0,0.0,0.0,4226.0,212.0,2024-01-05 17:00:00,2024-01-05,1.0
05/01/2024,17:30,61037.0,58300.0,60600.0,101.0,17.0,5695.0,47601.0,4402.0,63.0,13787.0,-12.0,1226.0,-11726.0,36.0,-2465.0,2913.0,-4485.0,-3002.0,-4483.0,8.0,70.0,23.0,103.0,1135.0,3323.0,1134.0,7030.0,4724.0,2033.0,484.0,390.0,352.0,0.0,0.0,4175.0,227.0,2024-01-05 17:30:00,2024-01-05,1.0
05/01/2024,18:00,63047.0,60000.0,62200.0,101.0,17.0,5953.0,47607.0,4505.0,0.0,14915.0,-12.0,1223.0,-11144.0,36.0,-2651.0,2913.0,-4126.0,-1198.0,-4327.0,8.0,70.0,23.0,103.0,1144.0,3574.0,1132.0,7083.0,5089.0,2743.0,478.0,394.0,351.0,0.0,0.0,4243.0,262.0,2024-01-05 18:00:00,2024-01-05,1.0
05/01/2024,18:30,64366.0,61300.0,63400.0,101.0,16.0,5871.0,47575.0,4690.0,0.0,15037.0,-12.0,1231.0,-10031.0,36.0,-2651.0,2913.0,-4126.0,-1198.0,-3954.0,8.0,70.0,23.0,103.0,1149.0,3487.0,1132.0,7170.0,5161.0,2706.0,485.0,392.0,354.0,0.0,0.0,4347.0,344.0,2024-01-05 18:30:00,2024-01-05,1.0
05/01/2024,19:00,65377.0,62000.0,64000.0,101.0,17.0,5927.0,47571.0,4909.0,0.0,15435.0,-12.0,1224.0,-9680.0,36.0,-2843.0,2913.0,-4337.0,-2296.0,-2548.0,8.0,70.0,23.0,103.0,1149.0,3545.0,1130.0,7189.0,5208.0,3038.0,488.0,385.0,352.0,0.0,0.0,4576.0,333.0,2024-01-05 19:00:00,2024-01-05,1.0
05/01/2024,19:30,65482.0,61500.0,63700.0,101.0,17.0,5895.0,47575.0,4991.0,0.0,15352.0,-12.0,1228.0,-9550.0,36.0,-2843.0,2913.0,-4337.0,-2298.0,-2558.0,8.0,70.0,23.0,103.0,1151.0,3510.0,1131.0,7192.0,5051.0,3109.0,490.0,384.0,354.0,0.0,0.0,4675.0,316.0,2024-01-05 19:30:00,2024-01-05,1.0
05/01/2024,20:00,64553.0,59800.0,62300.0,101.0,16.0,5844.0,47577.0,5028.0,0.0,14923.0,-12.0,1230.0,-10042.0,36.0,-2966.0,2913.0,-3828.0,-2847.0,-2768.0,8.0,70.0,23.0,103.0,1150.0,3460.0,1130.0,7161.0,4915.0,2847.0,497.0,380.0,353.0,0.0,0.0,4761.0,267.0,2024-01-05 20:00:00,2024-01-05,1.0
05/01/2024,20:30,63024.0,57800.0,60500.0,101.0,17.0,5764.0,47586.0,5119.0,0.0,13592.0,-13.0,1233.0,-10257.0,36.0,-2966.0,2913.0,-3828.0,-2847.0,-3007.0,8.0,70.0,23.0,103.0,1146.0,3413.0,1102.0,7068.0,4452.0,2071.0,501.0,382.0,351.0,0.0,0.0,4819.0,300.0,2024-01-05 20:30:00,2024-01-05,1.0
05/01/2024,21:00,61254.0,56300.0,59200.0,101.0,16.0,5883.0,47703.0,5213.0,0.0,11846.0,-14.0,1229.0,-10606.0,37.0,-2871.0,2889.0,-3922.0,-3200.0,-2993.0,8.0,70.0,23.0,103.0,1145.0,3539.0,1095.0,6866.0,4326.0,654.0,504.0,376.0,350.0,0.0,0.0,4902.0,311.0,2024-01-05 21:00:00,2024-01-05,1.0
05/01/2024,21:30,60075.0,55200.0,58400.0,101.0,16.0,5448.0,47715.0,5258.0,0.0,11102.0,-14.0,1233.0,-10663.0,36.0,-2871.0,2889.0,-3922.0,-3200.0,-3112.0,8.0,70.0,23.0,101.0,1130.0,3130.0,1087.0,6685.0,4034.0,383.0,504.0,378.0,351.0,0.0,0.0,4900.0,359.0,2024-01-05 21:30:00,2024-01-05,1.0
05/01/2024,22:00,58949.0,54000.0,57400.0,102.0,16.0,5251.0,47623.0,5323.0,0.0,10403.0,-15.0,1238.0,-10851.0,35.0,-2971.0,2913.0,-3943.0,-2738.0,-3352.0,8.0,71.0,23.0,101.0,1126.0,2936.0,1089.0,6649.0,3543.0,210.0,505.0,383.0,351.0,0.0,0.0,4957.0,366.0,2024-01-05 22:00:00,2024-01-05,1.0
05/01/2024,22:30,59124.0,55000.0,58000.0,101.0,16.0,5676.0,47645.0,5341.0,0.0,9932.0,-12.0,1246.0,-10707.0,37.0,-2971.0,2913.0,-3943.0,-2738.0,-2440.0,8.0,70.0,23.0,101.0,1126.0,3359.0,1089.0,6542.0,3111.0,279.0,509.0,387.0,350.0,0.0,0.0,4998.0,343.0,2024-01-05 22:30:00,2024-01-05,1.0
05/01/2024,23:00,60531.0,57000.0,59500.0,101.0,16.0,5939.0,47531.0,5361.0,0.0,10356.0,-12.0,1244.0,-9889.0,38.0,-2934.0,2913.0,-2867.0,-3049.0,-3293.0,8.0,70.0,23.0,101.0,1123.0,3626.0,1089.0,6558.0,3283.0,515.0,506.0,388.0,349.0,0.0,0.0,5017.0,344.0,2024-01-05 23:00:00,2024-01-05,1.0
05/01/2024,23:30,59990.0,56400.0,59300.0,101.0,16.0,5661.0,47575.0,5450.0,0.0,10374.0,-13.0,1249.0,-10320.0,37.0,-2934.0,2913.0,-2867.0,-3049.0,-3203.0,8.0,70.0,23.0,101.0,1110.0,3365.0,1085.0,6452.0,3443.0,478.0,510.0,390.0,349.0,0.0,0.0,5133.0,317.0,2024-01-05 23:30:00,2024-01-05,1.0
14/02/2024,00:00,58292.0,57000.0,55700.0,99.0,300.0,4249.0,44739.0,10483.0,0.0,8557.0,-48.0,1274.0,-11251.0,34.0,-3014.0,-19.0,-3807.0,-3200.0,-1374.0,0.0,77.0,24.0,133.0,1206.0,1858.0,1052.0,5723.0,2531.0,303.0,514.0,406.0,354.0,0.0,0.0,9758.0,725.0,2024-02-14 00:00:00,2024-02-14,2.0
14/02/2024,00:30,57179.0,55400.0,54000.0,99.0,301.0,4085.0,44704.0,10423.0,0.0,8069.0,-18.0,1268.0,-11649.0,34.0,-3014.0,-19.0,-3807.0,-3200.0,-1533.0,0.0,77.0,24.0,128.0,1138.0,1771.0,1049.0,5500.0,2239.0,330.0,509.0,405.0,353.0,0.0,0.0,9614.0,808.0,2024-02-14 00:30:00,2024-02-14,2.0
14/02/2024,01:00,54499.0,53400.0,51700.0,99.0,301.0,3236.0,44512.0,10310.0,0.0,7103.0,-479.0,1275.0,-11740.0,31.0,-3014.0,533.0,-3807.0,-3189.0,-2608.0,0.0,77.0,24.0,128.0,1119.0,943.0,1046.0,5501.0,1473.0,129.0,511.0,410.0,354.0,0.0,0.0,9555.0,755.0,2024-02-14 01:00:00,2024-02-14,2.0
14/02/2024,01:30,54018.0,53700.0,52200.0,99.0,301.0,2837.0,44650.0,10294.0,0.0,7445.0,-597.0,1282.0,-12205.0,28.0,-3014.0,533.0,-3807.0,-3189.0,-2332.0,0.0,77.0,24.0,128.0,1125.0,537.0,1047.0,5536.0,1693.0,216.0,511.0,417.0,354.0,0.0,0.0,9551.0,743.0,2024-02-14 01:30:00,2024-02-14,2.0
14/02/2024,02:00,53692.0,54100.0,51900.0,99.0,301.0,2783.0,44508.0,10076.0,0.0,7480.0,-710.0,1286.0,-12030.0,28.0,-3014.0,1120.0,-3807.0,-3200.0,-3266.0,0.0,77.0,24.0,128.0,1124.0,482.0,1050.0,5505.0,1784.0,191.0,517.0,422.0,347.0,0.0,0.0,9347.0,730.0,2024-02-14 02:00:00,2024-02-14,2.0
14/02/2024,02:30,53605.0,52900.0,50900.0,99.0,301.0,2868.0,44515.0,9784.0,0.0,8010.0,-1279.0,1278.0,-11883.0,29.0,-3014.0,1120.0,-3807.0,-3200.0,-3277.0,0.0,77.0,24.0,128.0,1126.0,564.0,1051.0,5520.0,2256.0,234.0,513.0,419.0,346.0,0.0,0.0,9043.0,740.0,2024-02-14 02:30:00,2024-02-14,2.0
14/02/2024,03:00,52234.0,51800.0,49800.0,99.0,301.0,2819.0,44463.0,9619.0,0.0,7402.0,-1495.0,1275.0,-12156.0,29.0,-3014.0,-163.0,-4233.0,-3200.0,-2387.0,0.0,77.0,24.0,128.0,1125.0,515.0,1051.0,5488.0,1812.0,103.0,508.0,421.0,346.0,0.0,0.0,8823.0,797.0,2024-02-14 03:00:00,2024-02-14,2.0
14/02/2024,03:30,51186.0,50700.0,48900.0,99.0,301.0,2860.0,44411.0,9335.0,0.0,7383.0,-1327.0,1285.0,-13057.0,29.0,-3014.0,-163.0,-4233.0,-3200.0,-2419.0,0.0,77.0,24.0,127.0,1126.0,559.0,1048.0,5439.0,1841.0,104.0,515.0,421.0,349.0,0.0,0.0,8553.0,782.0,2024-02-14 03:30:00,2024-02-14,2.0
14/02/2024,04:00,50143.0,49800.0,47900.0,99.0,301.0,2810.0,44255.0,9105.0,0.0,7205.0,-1519.0,1284.0,-13289.0,30.0,-3014.0,683.0,-4233.0,-3200.0,-3757.0,0.0,77.0,24.0,127.0,1125.0,510.0,1048.0,5459.0,1659.0,87.0,515.0,420.0,349.0,0.0,0.0,8325.0,780.0,2024-02-14 04:00:00,2024-02-14,2.0
14/02/2024,04:30,49779.0,49800.0,47700.0,99.0,301.0,2846.0,44706.0,8952.0,0.0,7212.0,-1850.0,1288.0,-13674.0,30.0,-3014.0,683.0,-4233.0,-3200.0,-3799.0,0.0,77.0,24.0,127.0,1125.0,550.0,1044.0,5443.0,1678.0,91.0,521.0,419.0,348.0,0.0,0.0,8116.0,836.0,2024-02-14 04:30:00,2024-02-14,2.0
14/02/2024,05:00,49677.0,50500.0,48900.0,99.0,301.0,2844.0,44772.0,8674.0,0.0,7366.0,-1895.0,1282.0,-13666.0,30.0,-3014.0,862.0,-4233.0,-3200.0,-2465.0,0.0,77.0,24.0,127.0,1126.0,549.0,1043.0,5473.0,1789.0,103.0,514.0,419.0,348.0,0.0,0.0,7917.0,758.0,2024-02-14 05:00:00,2024-02-14,2.0
14/02/2024,05:30,51162.0,51900.0,49700.0,99.0,301.0,2769.0,44786.0,8515.0,0.0,7125.0,-1264.0,1279.0,-12351.0,29.0,-3014.0,862.0,-4233.0,-3200.0,-2681.0,0.0,77.0,24.0,127.0,1126.0,472.0,1044.0,5473.0,1581.0,72.0,513.0,422.0,344.0,0.0,0.0,7802.0,712.0,2024-02-14 05:30:00,2024-02-14,2.0
14/02/2024,06:00,52447.0,53700.0,51800.0,99.0,301.0,2660.0,44825.0,8468.0,0.0,7944.0,-709.0,1279.0,-12330.0,28.0,-2534.0,2000.0,-4233.0,-2994.0,-2259.0,0.0,77.0,24.0,128.0,1127.0,359.0,1045.0,5564.0,2105.0,275.0,513.0,422.0,344.0,0.0,0.0,7753.0,715.0,2024-02-14 06:00:00,2024-02-14,2.0
14/02/2024,06:30,55473.0,56200.0,54600.0,99.0,301.0,3327.0,44748.0,8380.0,0.0,8079.0,-259.0,1273.0,-10372.0,31.0,-2534.0,2000.0,-4233.0,-3200.0,-2548.0,0.0,77.0,24.0,130.0,1141.0,1010.0,1046.0,5692.0,2089.0,298.0,508.0,422.0,343.0,0.0,0.0,7653.0,727.0,2024-02-14 06:30:00,2024-02-14,2.0
14/02/2024,07:00,57953.0,59200.0,57500.0,101.0,301.0,4466.0,44830.0,8313.0,0.0,9760.0,-16.0,1274.0,-10987.0,36.0,-1706.0,429.0,-3963.0,-3200.0,-2492.0,0.0,79.0,24.0,130.0,1176.0,2108.0,1052.0,5698.0,3138.0,925.0,511.0,420.0,344.0,0.0,0.0,7649.0,663.0,2024-02-14 07:00:00,2024-02-14,2.0
14/02/2024,07:30,60687.0,61400.0,59400.0,100.0,356.0,4948.0,44777.0,8698.0,0.0,11677.0,-15.0,1278.0,-11025.0,37.0,-1706.0,429.0,-3963.0,-3200.0,-2145.0,0.0,78.0,24.0,130.0,1230.0,2523.0,1065.0,5847.0,3352.0,2478.0,513.0,419.0,346.0,0.0,0.0,8006.0,693.0,2024-02-14 07:30:00,2024-02-14,2.0
14/02/2024,08:00,62030.0,62300.0,60500.0,101.0,419.0,4947.0,44730.0,8759.0,21.0,13148.0,-13.0,1268.0,-11243.0,37.0,-1517.0,-542.0,-3963.0,-3200.0,-2327.0,0.0,78.0,24.0,131.0,1213.0,2534.0,1068.0,6100.0,3991.0,3057.0,510.0,415.0,343.0,0.0,0.0,8116.0,642.0,2024-02-14 08:00:00,2024-02-14,2.0
14/02/2024,08:30,62848.0,63200.0,61500.0,100.0,421.0,5086.0,44822.0,8843.0,332.0,13728.0,-14.0,1255.0,-11622.0,38.0,-1517.0,-542.0,-3963.0,-3200.0,-2134.0,0.0,78.0,24.0,131.0,1222.0,2653.0,1079.0,6206.0,4132.0,3389.0,501.0,417.0,337.0,0.0,0.0,8185.0,658.0,2024-02-14 08:30:00,2024-02-14,2.0
14/02/2024,09:00,63410.0,63500.0,61800.0,99.0,421.0,5084.0,44826.0,8914.0,1260.0,13172.0,-13.0,1260.0,-11509.0,37.0,-3014.0,1800.0,-3330.0,-3077.0,-3863.0,0.0,77.0,24.0,128.0,1209.0,2671.0,1076.0,6190.0,4218.0,2764.0,507.0,420.0,333.0,0.0,0.0,8248.0,666.0,2024-02-14 09:00:00,2024-02-14,2.0
14/02/2024,09:30,63499.0,63500.0,61500.0,102.0,421.0,5158.0,44824.0,8801.0,2604.0,12506.0,-10.0,1247.0,-12033.0,37.0,-3014.0,1800.0,-3330.0,-3181.0,-3933.0,0.0,78.0,25.0,126.0,1204.0,2760.0,1068.0,6139.0,4110.0,2257.0,501.0,419.0,327.0,0.0,0.0,8154.0,647.0,2024-02-14 09:30:00,2024-02-14,2.0
14/02/2024,10:00,63122.0,62900.0,61100.0,104.0,421.0,5095.0,44845.0,8707.0,4043.0,10566.0,-14.0,1244.0,-11768.0,37.0,-3014.0,1800.0,-3251.0,-3143.0,-5472.0,1.0,78.0,25.0,126.0,1188.0,2717.0,1064.0,5974.0,3116.0,1476.0,503.0,412.0,329.0,0.0,0.0,8080.0,627.0,2024-02-14 10:00:00,2024-02-14,2.0
14/02/2024,10:30,62636.0,62400.0,60300.0,102.0,422.0,4855.0,44852.0,8656.0,5375.0,10248.0,-10.0,1254.0,-13030.0,36.0,-3014.0,1800.0,-3251.0,-3200.0,-5472.0,0.0,78.0,26.0,127.0,1186.0,2477.0,1065.0,5706.0,3207.0,1335.0,506.0,415.0,333.0,0.0,0.0,8111.0,545.0,2024-02-14 10:30:00,2024-02-14,2.0
14/02/2024,11:00,62169.0,61900.0,59900.0,103.0,424.0,4785.0,44839.0,8441.0,6628.0,9093.0,-77.0,1256.0,-13225.0,36.0,-3014.0,2000.0,-3330.0,-3128.0,-5636.0,0.0,78.0,26.0,127.0,1200.0,2394.0,1065.0,5545.0,2857.0,691.0,502.0,418.0,336.0,0.0,0.0,7944.0,497.0,2024-02-14 11:00:00,2024-02-14,2.0
14/02/2024,11:30,62060.0,61600.0,59800.0,105.0,469.0,4728.0,44839.0,8487.0,7670.0,8569.0,-328.0,1246.0,-13634.0,36.0,-3014.0,2000.0,-3330.0,-3188.0,-5636.0,1.0,78.0,27.0,128.0,1170.0,2378.0,1052.0,5419.0,2740.0,411.0,493.0,415.0,338.0,0.0,0.0,7923.0,564.0,2024-02-14 11:30:00,2024-02-14,2.0
14/02/2024,12:00,62159.0,61500.0,59800.0,103.0,494.0,4054.0,44842.0,8507.0,8477.0,8256.0,-467.0,1251.0,-13275.0,33.0,-3014.0,2000.0,-3478.0,-3098.0,-6102.0,0.0,78.0,27.0,126.0,1165.0,1713.0,1050.0,5389.0,2421.0,445.0,496.0,417.0,339.0,0.0,0.0,7889.0,618.0,2024-02-14 12:00:00,2024-02-14,2.0
14/02/2024,12:30,61416.0,60100.0,58400.0,103.0,507.0,4004.0,44783.0,8321.0,9082.0,8027.0,-428.0,1261.0,-14150.0,33.0,-3014.0,2000.0,-3478.0,-3200.0,-6190.0,0.0,78.0,27.0,130.0,1135.0,1678.0,1061.0,5294.0,2296.0,437.0,500.0,420.0,341.0,0.0,0.0,7636.0,685.0,2024-02-14 12:30:00,2024-02-14,2.0
14/02/2024,13:00,60235.0,58800.0,57200.0,103.0,513.0,3542.0,44651.0,8359.0,9403.0,7415.0,-282.0,1266.0,-14622.0,31.0,-3014.0,1757.0,-3394.0,-3200.0,-5790.0,0.0,78.0,27.0,129.0,1090.0,1260.0,1062.0,5252.0,1891.0,272.0,504.0,417.0,345.0,0.0,0.0,7591.0,768.0,2024-02-14 13:00:00,2024-02-14,2.0
14/02/2024,13:30,59113.0,57700.0,56100.0,104.0,523.0,3469.0,44609.0,8215.0,9530.0,6940.0,-870.0,1262.0,-14561.0,32.0,-3014.0,1757.0,-3394.0,-3200.0,-5906.0,0.0,79.0,27.0,129.0,1077.0,1205.0,1058.0,5152.0,1547.0,240.0,496.0,417.0,349.0,0.0,0.0,7452.0,762.0,2024-02-14 13:30:00,2024-02-14,2.0
14/02/2024,14:00,58277.0,57500.0,55900.0,104.0,528.0,2957.0,44645.0,8074.0,9275.0,6868.0,-1230.0,1254.0,-14100.0,30.0,-2900.0,2000.0,-3409.0,-3011.0,-5889.0,0.0,78.0,28.0,124.0,1075.0,705.0,1052.0,5173.0,1448.0,248.0,496.0,412.0,346.0,0.0,0.0,7312.0,762.0,2024-02-14 14:00:00,2024-02-14,2.0
14/02/2024,14:30,58094.0,57300.0,55800.0,103.0,530.0,2765.0,44766.0,7830.0,8731.0,7334.0,-1229.0,1245.0,-13885.0,29.0,-2900.0,2000.0,-3409.0,-3011.0,-5906.0,0.0,78.0,27.0,123.0,1074.0,519.0,1050.0,5247.0,1678.0,409.0,491.0,409.0,346.0,0.0,0.0,7016.0,815.0,2024-02-14 14:30:00,2024-02-14,2.0
14/02/2024,15:00,57518.0,56600.0,55100.0,103.0,534.0,2758.0,44790.0,7388.0,8042.0,7581.0,-1179.0,1248.0,-13655.0,29.0,-2994.0,2000.0,-3717.0,-3199.0,-5096.0,0.0,78.0,27.0,124.0,1065.0,518.0,1051.0,5321.0,1788.0,472.0,488.0,415.0,345.0,0.0,0.0,6566.0,823.0,2024-02-14 15:00:00,2024-02-14,2.0
14/02/2024,15:30,56745.0,55700.0,54300.0,103.0,536.0,2779.0,44788.0,6851.0,7127.0,7668.0,-1042.0,1252.0,-13230.0,30.0,-2994.0,2000.0,-3717.0,-3199.0,-5095.0,0.0,78.0,27.0,125.0,1090.0,513.0,1051.0,5361.0,1826.0,481.0,487.0,418.0,347.0,0.0,0.0,6057.0,794.0,2024-02-14 15:30:00,2024-02-14,2.0
14/02/2024,16:00,55646.0,54800.0,53400.0,103.0,545.0,2938.0,44798.0,6294.0,5986.0,7849.0,-959.0,1264.0,-13087.0,31.0,-3014.0,2300.0,-3770.0,-3199.0,-4682.0,0.0,78.0,26.0,125.0,1124.0,634.0,1055.0,5425.0,1916.0,508.0,491.0,422.0,351.0,0.0,0.0,5515.0,779.0,2024-02-14 16:00:00,2024-02-14,2.0
14/02/2024,16:30,54747.0,53700.0,52300.0,102.0,545.0,2841.0,44741.0,5911.0,4694.0,7775.0,-891.0,1266.0,-12137.0,32.0,-3014.0,2300.0,-3770.0,-3199.0,-4693.0,0.0,78.0,25.0,127.0,1137.0,532.0,1045.0,5442.0,1854.0,479.0,492.0,418.0,356.0,0.0,0.0,5180.0,731.0,2024-02-14 16:30:00,2024-02-14,2.0
14/02/2024,17:00,54269.0,53500.0,52200.0,102.0,547.0,3042.0,44837.0,5581.0,3092.0,8232.0,-17.0,1261.0,-12305.0,33.0,-3014.0,2300.0,-3647.0,-2824.0,-5088.0,0.0,78.0,25.0,132.0,1149.0,706.0,1056.0,5581.0,2076.0,575.0,492.0,415.0,353.0,0.0,0.0,4903.0,678.0,2024-02-14 17:00:00,2024-02-14,2.0
14/02/2024,17:30,54279.0,54500.0,53200.0,101.0,522.0,3608.0,44788.0,5359.0,1556.0,9026.0,-9.0,1257.0,-11829.0,36.0,-3014.0,2300.0,-3647.0,-2824.0,-5088.0,0.0,78.0,25.0,132.0,1190.0,1219.0,1067.0,5912.0,2637.0,477.0,493.0,413.0,351.0,0.0,0.0,4751.0,608.0,2024-02-14 17:30:00,2024-02-14,2.0
14/02/2024,18:00,55346.0,57100.0,55800.0,100.0,447.0,4627.0,44848.0,5361.0,490.0,10845.0,-9.0,1255.0,-12526.0,39.0,-3014.0,2300.0,-3710.0,-2996.0,-4802.0,0.0,77.0,24.0,132.0,1195.0,2233.0,1067.0,6162.0,3465.0,1218.0,492.0,408.0,354.0,0.0,0.0,4770.0,592.0,2024-02-14 18:00:00,2024-02-14,2.0
14/02/2024,18:30,58072.0,60000.0,58800.0,99.0,434.0,5174.0,44810.0,5537.0,46.0,12765.0,-9.0,1250.0,-11925.0,40.0,-3014.0,2300.0,-3710.0,-2996.0,-4276.0,0.0,76.0,24.0,131.0,1215.0,2759.0,1068.0,6381.0,4340.0,2044.0,487.0,408.0,354.0,0.0,0.0,4958.0,578.0,2024-02-14 18:30:00,2024-02-14,2.0
14/02/2024,19:00,61390.0,62200.0,61000.0,101.0,474.0,5242.0,44831.0,6156.0,3.0,15221.0,-9.0,1255.0,-11781.0,40.0,-2839.0,1055.0,-4283.0,-3169.0,-1497.0,0.0,78.0,24.0,130.0,1268.0,2776.0,1068.0,6688.0,5295.0,3238.0,489.0,413.0,353.0,0.0,0.0,5504.0,652.0,2024-02-14 19:00:00,2024-02-14,2.0
14/02/2024,19:30,62293.0,61500.0,60300.0,101.0,471.0,5231.0,44875.0,6678.0,2.0,14710.0,-9.0,1260.0,-10924.0,40.0,-2839.0,1055.0,-4283.0,-3169.0,-1594.0,0.0,78.0,24.0,130.0,1241.0,2790.0,1069.0,6722.0,4645.0,3344.0,500.0,408.0,352.0,0.0,0.0,6053.0,625.0,2024-02-14 19:30:00,2024-02-14,2.0
14/02/2024,20:00,61186.0,59600.0,58400.0,101.0,467.0,5213.0,44874.0,7059.0,1.0,13508.0,-10.0,1265.0,-11185.0,40.0,-2954.0,104.0,-4345.0,-3185.0,-3472.0,0.0,79.0,24.0,131.0,1210.0,2803.0,1070.0,6646.0,3791.0,3071.0,502.0,409.0,355.0,0.0,0.0,6495.0,564.0,2024-02-14 20:00:00,2024-02-14,2.0
14/02/2024,20:30,59437.0,57600.0,56400.0,101.0,467.0,5191.0,44892.0,7381.0,0.0,14202.0,-8.0,1264.0,-13958.0,39.0,-2954.0,104.0,-4345.0,-3185.0,-3814.0,0.0,78.0,24.0,132.0,1197.0,2801.0,1060.0,6613.0,4746.0,2844.0,502.0,408.0,355.0,0.0,0.0,6812.0,569.0,2024-02-14 20:30:00,2024-02-14,2.0
14/02/2024,21:00,57512.0,55900.0,54700.0,101.0,440.0,5184.0,44905.0,7654.0,0.0,12366.0,-8.0,1278.0,-14309.0,40.0,-3011.0,518.0,-3970.0,-3200.0,-4070.0,0.0,78.0,24.0,130.0,1194.0,2801.0,1059.0,6472.0,4012.0,1882.0,512.0,408.0,357.0,0.0,0.0,7090.0,564.0,2024-02-14 21:00:00,2024-02-14,2.0
14/02/2024,21:30,55989.0,54300.0,53100.0,99.0,328.0,5110.0,44899.0,7796.0,0.0,10042.0,-8.0,1257.0,-13448.0,39.0,-3011.0,518.0,-3970.0,-3200.0,-4355.0,0.0,76.0,24.0,130.0,1164.0,2768.0,1048.0,6119.0,2676.0,1246.0,519.0,380.0,357.0,0.0,0.0,7260.0,536.0,2024-02-14 21:30:00,2024-02-14,2.0
14/02/2024,22:00,54659.0,54200.0,53000.0,99.0,315.0,5084.0,44788.0,7851.0,0.0,9005.0,-8.0,1261.0,-13629.0,39.0,-3014.0,2255.0,-3970.0,-3200.0,-4483.0,0.0,76.0,24.0,130.0,1165.0,2743.0,1047.0,6012.0,1969.0,1023.0,510.0,394.0,358.0,0.0,0.0,7347.0,504.0,2024-02-14 22:00:00,2024-02-14,2.0
14/02/2024,22:30,54797.0,54800.0,53600.0,99.0,314.0,4796.0,44787.0,7807.0,0.0,8300.0,-9.0,1279.0,-12486.0,38.0,-3014.0,2255.0,-3970.0,-3200.0,-3366.0,0.0,76.0,24.0,130.0,1164.0,2451.0,1050.0,5801.0,1693.0,806.0,517.0,405.0,357.0,0.0,0.0,7255.0,553.0,2024-02-14 22:30:00,2024-02-14,2.0
14/02/2024,23:00,56070.0,56000.0,54800.0,98.0,314.0,4286.0,44712.0,7969.0,0.0,8633.0,-17.0,1277.0,-11099.0,36.0,-3014.0,2300.0,-3828.0,-3200.0,-4012.0,0.0,76.0,24.0,130.0,1159.0,1949.0,1048.0,5736.0,2143.0,754.0,513.0,407.0,357.0,0.0,0.0,7395.0,574.0,2024-02-14 23:00:00,2024-02-14,2.0
14/02/2024,23:30,55388.0,54500.0,53300.0,98.0,313.0,4194.0,44777.0,8269.0,0.0,8617.0,-51.0,1282.0,-12005.0,35.0,-3014.0,2300.0,-3828.0,-3200.0,-4031.0,0.0,75.0,24.0,130.0,1144.0,1875.0,1045.0,5657.0,2547.0,413.0,520.0,406.0,356.0,0.0,0.0,7644.0,625.0,2024-02-14 23:30:00,2024-02-14,2.0
13/03/2024,00:00,56016.0,54500.0,54000.0,97.0,12.0,5551.0,42320.0,8060.0,0.0,10108.0,-198.0,1211.0,-11093.0,37.0,-1065.0,-413.0,-2251.0,-2385.0,-4546.0,0.0,84.0,14.0,117.0,1063.0,3432.0,940.0,6088.0,3561.0,459.0,477.0,390.0,344.0,0.0,0.0,7664.0,396.0,2024-03-13 00:00:00,2024-03-13,3.0
13/03/2024,00:30,54937.0,52600.0,52300.0,98.0,13.0,4676.0,42357.0,7694.0,0.0,9786.0,-31.0,1210.0,-10829.0,33.0,-1065.0,-413.0,-2251.0,-2385.0,-4517.0,0.0,85.0,15.0,91.0,1029.0,2616.0,940.0,6002.0,3690.0,94.0,481.0,387.0,342.0,0.0,0.0,7300.0,394.0,2024-03-13 00:30:00,2024-03-13,3.0
13/03/2024,01:00,52312.0,50500.0,50400.0,99.0,13.0,3654.0,42211.0,7487.0,0.0,8493.0,-31.0,1211.0,-10778.0,29.0,-1390.0,800.0,-2206.0,-2385.0,-4393.0,0.0,85.0,16.0,81.0,1025.0,1608.0,940.0,5784.0,2626.0,83.0,486.0,384.0,341.0,0.0,0.0,7084.0,403.0,2024-03-13 01:00:00,2024-03-13,3.0
13/03/2024,01:30,51823.0,51400.0,50400.0,100.0,13.0,2911.0,42132.0,7248.0,0.0,8679.0,-296.0,1211.0,-10119.0,26.0,-1390.0,800.0,-2206.0,-2385.0,-4380.0,0.0,85.0,17.0,81.0,1026.0,863.0,941.0,5648.0,2981.0,50.0,486.0,384.0,341.0,0.0,0.0,6794.0,454.0,2024-03-13 01:30:00,2024-03-13,3.0
13/03/2024,02:00,51382.0,51000.0,50300.0,101.0,12.0,2500.0,42204.0,6818.0,0.0,8711.0,-374.0,1216.0,-9750.0,24.0,-1438.0,510.0,-2146.0,-2385.0,-4264.0,0.0,85.0,17.0,81.0,1026.0,453.0,941.0,5609.0,3053.0,50.0,487.0,389.0,341.0,0.0,0.0,6379.0,440.0,2024-03-13 02:00:00,2024-03-13,3.0
13/03/2024,02:30,51208.0,49600.0,49400.0,100.0,13.0,2648.0,42485.0,6544.0,0.0,8549.0,-850.0,1215.0,-9463.0,25.0,-1438.0,510.0,-2146.0,-2385.0,-4256.0,0.0,85.0,17.0,81.0,1020.0,607.0,941.0,5547.0,2895.0,108.0,487.0,387.0,341.0,0.0,0.0,6098.0,446.0,2024-03-13 02:30:00,2024-03-13,3.0
13/03/2024,03:00,49889.0,48300.0,48400.0,100.0,12.0,2656.0,42518.0,6280.0,0.0,8312.0,-1411.0,1215.0,-9745.0,25.0,-1944.0,400.0,-2064.0,-2385.0,-3796.0,0.0,85.0,17.0,81.0,1019.0,617.0,939.0,5485.0,2726.0,100.0,485.0,388.0,341.0,0.0,0.0,5836.0,443.0,2024-03-13 03:00:00,2024-03-13,3.0
13/03/2024,03:30,48921.0,47400.0,47400.0,100.0,12.0,2595.0,42136.0,5893.0,0.0,8117.0,-1099.0,1231.0,-10029.0,25.0,-1944.0,400.0,-2064.0,-2385.0,-3800.0,0.0,85.0,17.0,81.0,1019.0,556.0,939.0,5433.0,2587.0,97.0,499.0,391.0,342.0,0.0,0.0,5454.0,439.0,2024-03-13 03:30:00,2024-03-13,3.0
13/03/2024,04:00,47956.0,46900.0,46900.0,100.0,12.0,2600.0,42154.0,5562.0,0.0,7835.0,-1399.0,1234.0,-10103.0,26.0,-1610.0,800.0,-2239.0,-2385.0,-3482.0,0.0,85.0,17.0,81.0,1014.0,567.0,939.0,5440.0,2301.0,94.0,502.0,390.0,342.0,0.0,0.0,5113.0,449.0,2024-03-13 04:00:00,2024-03-13,3.0
13/03/2024,04:30,47763.0,46800.0,46500.0,101.0,12.0,2485.0,42129.0,5117.0,0.0,7613.0,-1537.0,1231.0,-9330.0,25.0,-1610.0,800.0,-2239.0,-2385.0,-3500.0,0.0,86.0,17.0,81.0,1012.0,455.0,938.0,5418.0,2138.0,57.0,498.0,392.0,341.0,0.0,0.0,4716.0,400.0,2024-03-13 04:30:00,2024-03-13,3.0
13/03/2024,05:00,47760.0,47500.0,47700.0,100.0,13.0,2701.0,41981.0,4685.0,0.0,7911.0,-1789.0,1215.0,-9004.0,27.0,-565.0,800.0,-2251.0,-2385.0,-3170.0,0.0,85.0,17.0,81.0,1009.0,676.0,936.0,5425.0,2380.0,106.0,488.0,387.0,340.0,0.0,0.0,4333.0,353.0,2024-03-13 05:00:00,2024-03-13,3.0
13/03/2024,05:30,49704.0,49200.0,49400.0,100.0,12.0,2548.0,42398.0,4296.0,0.0,8141.0,-1421.0,1196.0,-7518.0,25.0,-565.0,800.0,-2251.0,-2385.0,-3295.0,0.0,85.0,17.0,81.0,1005.0,528.0,935.0,5636.0,2404.0,101.0,473.0,386.0,338.0,0.0,0.0,3967.0,328.0,2024-03-13 05:30:00,2024-03-13,3.0
13/03/2024,06:00,50964.0,51100.0,51300.0,101.0,12.0,2825.0,42632.0,4004.0,0.0,8440.0,-525.0,1196.0,-7680.0,26.0,43.0,800.0,-2251.0,-2282.0,-2535.0,0.0,85.0,17.0,83.0,1015.0,796.0,931.0,5683.0,2636.0,120.0,476.0,381.0,338.0,0.0,0.0,3728.0,276.0,2024-03-13 06:00:00,2024-03-13,3.0
13/03/2024,06:30,54012.0,54700.0,54300.0,101.0,12.0,3352.0,42619.0,3816.0,0.0,9447.0,-27.0,1186.0,-6454.0,29.0,43.0,800.0,-2251.0,-2010.0,-2628.0,0.0,86.0,17.0,107.0,1054.0,1252.0,939.0,5859.0,3323.0,265.0,470.0,378.0,338.0,0.0,0.0,3532.0,284.0,2024-03-13 06:30:00,2024-03-13,3.0
13/03/2024,07:00,56053.0,57300.0,56100.0,102.0,12.0,3736.0,42661.0,3719.0,1.0,11015.0,-21.0,1188.0,-6321.0,30.0,425.0,-1139.0,-2200.0,-2239.0,-1276.0,0.0,87.0,17.0,114.0,1057.0,1629.0,937.0,5983.0,4089.0,943.0,467.0,383.0,338.0,0.0,0.0,3355.0,364.0,2024-03-13 07:00:00,2024-03-13,3.0
13/03/2024,07:30,58230.0,59000.0,58100.0,101.0,12.0,4065.0,42636.0,3587.0,103.0,13103.0,-20.0,1188.0,-6497.0,31.0,425.0,-1139.0,-2200.0,-2239.0,-914.0,0.0,86.0,17.0,108.0,1064.0,1949.0,944.0,6329.0,4717.0,2058.0,462.0,389.0,338.0,0.0,0.0,3210.0,377.0,2024-03-13 07:30:00,2024-03-13,3.0
13/03/2024,08:00,59412.0,59900.0,59200.0,101.0,12.0,4085.0,42590.0,3457.0,680.0,13601.0,-20.0,1186.0,-6232.0,30.0,-492.0,575.0,-2200.0,-2385.0,-2661.0,0.0,86.0,17.0,109.0,1064.0,1961.0,951.0,6430.0,4791.0,2380.0,464.0,383.0,339.0,0.0,0.0,3063.0,394.0,2024-03-13 08:00:00,2024-03-13,3.0
13/03/2024,08:30,60435.0,60700.0,59900.0,100.0,13.0,4105.0,42578.0,3341.0,1832.0,13819.0,-20.0,1187.0,-6472.0,30.0,-492.0,575.0,-2200.0,-2385.0,-2653.0,0.0,85.0,17.0,112.0,1064.0,1968.0,960.0,6563.0,4720.0,2537.0,462.0,386.0,340.0,0.0,0.0,2909.0,431.0,2024-03-13 08:30:00,2024-03-13,3.0
13/03/2024,09:00,60724.0,60900.0,60200.0,101.0,13.0,4109.0,42520.0,3193.0,3311.0,13348.0,-20.0,1174.0,-6975.0,30.0,-2409.0,800.0,-2200.0,-2385.0,-2898.0,0.0,85.0,17.0,112.0,1068.0,1972.0,957.0,6641.0,4221.0,2486.0,461.0,378.0,336.0,0.0,0.0,2788.0,405.0,2024-03-13 09:00:00,2024-03-13,3.0
13/03/2024,09:30,60610.0,61000.0,59500.0,100.0,13.0,4089.0,42522.0,3129.0,4873.0,13767.0,-20.0,1171.0,-8999.0,29.0,-2409.0,800.0,-2200.0,-2385.0,-2940.0,0.0,84.0,17.0,111.0,1074.0,1966.0,938.0,6668.0,4350.0,2750.0,465.0,376.0,330.0,0.0,0.0,2704.0,424.0,2024-03-13 09:30:00,2024-03-13,3.0
13/03/2024,10:00,60136.0,60100.0,58400.0,102.0,14.0,4027.0,42483.0,3185.0,6369.0,12474.0,-20.0,1171.0,-9604.0,28.0,-3268.0,800.0,-2200.0,-2385.0,-3652.0,0.0,84.0,18.0,111.0,1067.0,1910.0,940.0,6547.0,3875.0,2052.0,470.0,371.0,330.0,0.0,0.0,2669.0,515.0,2024-03-13 10:00:00,2024-03-13,3.0
13/03/2024,10:30,59582.0,59300.0,57900.0,101.0,18.0,4025.0,42497.0,3390.0,7658.0,11764.0,-20.0,1176.0,-10980.0,28.0,-3268.0,800.0,-2200.0,-2385.0,-3668.0,0.0,83.0,18.0,107.0,1068.0,1907.0,944.0,6451.0,3568.0,1746.0,474.0,369.0,333.0,0.0,0.0,2810.0,580.0,2024-03-13 10:30:00,2024-03-13,3.0
13/03/2024,11:00,59110.0,59100.0,57500.0,102.0,18.0,3614.0,42310.0,3568.0,9042.0,10809.0,-20.0,1184.0,-11439.0,26.0,-3884.0,800.0,-2103.0,-2342.0,-2998.0,0.0,85.0,18.0,108.0,1072.0,1486.0,947.0,6399.0,3206.0,1204.0,480.0,371.0,334.0,0.0,0.0,2941.0,627.0,2024-03-13 11:00:00,2024-03-13,3.0
13/03/2024,11:30,58876.0,58900.0,56800.0,102.0,17.0,3413.0,42322.0,3540.0,10072.0,9733.0,-55.0,1188.0,-11382.0,25.0,-3884.0,800.0,-2103.0,-2342.0,-2881.0,0.0,84.0,19.0,88.0,1068.0,1315.0,942.0,6233.0,3291.0,209.0,484.0,369.0,335.0,0.0,0.0,2927.0,613.0,2024-03-13 11:30:00,2024-03-13,3.0
13/03/2024,12:00,58824.0,59000.0,57400.0,105.0,18.0,2894.0,42129.0,3567.0,10828.0,9160.0,-364.0,1194.0,-10670.0,23.0,-3884.0,800.0,-2200.0,-1835.0,-3381.0,2.0,83.0,20.0,78.0,1066.0,804.0,946.0,6174.0,2935.0,51.0,489.0,367.0,338.0,0.0,0.0,2976.0,590.0,2024-03-13 12:00:00,2024-03-13,3.0
13/03/2024,12:30,58528.0,58200.0,56600.0,101.0,18.0,2874.0,41826.0,3644.0,11359.0,8841.0,-363.0,1201.0,-10939.0,23.0,-3884.0,800.0,-2200.0,-1835.0,-3368.0,0.0,83.0,20.0,79.0,1054.0,787.0,954.0,5941.0,2850.0,50.0,492.0,368.0,341.0,0.0,0.0,3037.0,607.0,2024-03-13 12:30:00,2024-03-13,3.0
13/03/2024,13:00,58826.0,59300.0,57300.0,102.0,18.0,2861.0,41890.0,3644.0,11744.0,8939.0,-362.0,1205.0,-11178.0,23.0,-4022.0,800.0,-2200.0,-2385.0,-3569.0,0.0,83.0,20.0,76.0,1051.0,786.0,948.0,5905.0,2984.0,49.0,498.0,364.0,343.0,0.0,0.0,3019.0,625.0,2024-03-13 13:00:00,2024-03-13,3.0
13/03/2024,13:30,57354.0,57100.0,54400.0,102.0,18.0,2861.0,41971.0,3515.0,11869.0,8898.0,-1291.0,1208.0,-11766.0,23.0,-4022.0,800.0,-2200.0,-2385.0,-3569.0,0.0,83.0,20.0,75.0,1050.0,791.0,946.0,5813.0,3024.0,61.0,496.0,371.0,342.0,0.0,0.0,2956.0,560.0,2024-03-13 13:30:00,2024-03-13,3.0
13/03/2024,14:00,56186.0,56300.0,54000.0,101.0,17.0,2812.0,41817.0,3413.0,11770.0,8564.0,-1670.0,1205.0,-11797.0,23.0,-4003.0,800.0,-2200.0,-2385.0,-4185.0,0.0,83.0,20.0,76.0,1047.0,748.0,941.0,5777.0,2738.0,48.0,498.0,365.0,342.0,0.0,0.0,2944.0,469.0,2024-03-13 14:00:00,2024-03-13,3.0
13/03/2024,14:30,55577.0,56000.0,52800.0,100.0,18.0,2826.0,42030.0,3279.0,11465.0,8648.0,-1888.0,1193.0,-12067.0,23.0,-4003.0,800.0,-2200.0,-2385.0,-4187.0,0.0,82.0,20.0,79.0,1004.0,807.0,935.0,5747.0,2820.0,80.0,501.0,350.0,342.0,0.0,0.0,2896.0,383.0,2024-03-13 14:30:00,2024-03-13,3.0
13/03/2024,15:00,54504.0,54500.0,53000.0,100.0,18.0,2795.0,42051.0,3158.0,10870.0,8527.0,-1861.0,1201.0,-12320.0,23.0,-4028.0,800.0,-2200.0,-2385.0,-3657.0,0.0,82.0,20.0,79.0,964.0,817.0,935.0,5753.0,2701.0,72.0,511.0,345.0,345.0,0.0,0.0,2786.0,372.0,2024-03-13 15:00:00,2024-03-13,3.0
13/03/2024,15:30,53880.0,53900.0,52700.0,100.0,18.0,2776.0,41916.0,2947.0,10079.0,8581.0,-1786.0,1202.0,-11925.0,23.0,-4028.0,800.0,-2200.0,-2385.0,-3692.0,0.0,82.0,20.0,80.0,958.0,804.0,934.0,5795.0,2738.0,49.0,499.0,360.0,344.0,0.0,0.0,2569.0,378.0,2024-03-13 15:30:00,2024-03-13,3.0
13/03/2024,16:00,53051.0,52900.0,51000.0,99.0,17.0,2790.0,41832.0,2842.0,9003.0,8663.0,-1545.0,1215.0,-11834.0,24.0,-4028.0,800.0,-2200.0,-2385.0,-4049.0,0.0,81.0,19.0,81.0,959.0,806.0,944.0,5846.0,2766.0,50.0,501.0,370.0,344.0,0.0,0.0,2446.0,396.0,2024-03-13 16:00:00,2024-03-13,3.0
13/03/2024,16:30,52161.0,52400.0,50400.0,99.0,18.0,2796.0,41991.0,2709.0,7617.0,8897.0,-1123.0,1224.0,-12016.0,24.0,-4028.0,800.0,-2200.0,-2385.0,-4049.0,0.0,82.0,19.0,81.0,967.0,803.0,944.0,5955.0,2885.0,57.0,510.0,368.0,346.0,0.0,0.0,2305.0,404.0,2024-03-13 16:30:00,2024-03-13,3.0
13/03/2024,17:00,51649.0,51600.0,49800.0,99.0,18.0,2785.0,42199.0,2636.0,6022.0,9196.0,-264.0,1226.0,-12219.0,24.0,-3997.0,800.0,-2212.0,-2385.0,-2568.0,0.0,82.0,18.0,84.0,963.0,794.0,944.0,6036.0,3094.0,67.0,508.0,374.0,345.0,0.0,0.0,2184.0,452.0,2024-03-13 17:00:00,2024-03-13,3.0
13/03/2024,17:30,51524.0,52000.0,50300.0,99.0,18.0,2889.0,42133.0,2404.0,4224.0,9441.0,-23.0,1239.0,-10839.0,26.0,-3997.0,800.0,-2212.0,-2385.0,-2869.0,0.0,83.0,18.0,86.0,958.0,893.0,952.0,6158.0,3071.0,213.0,514.0,380.0,346.0,0.0,0.0,1991.0,413.0,2024-03-13 17:30:00,2024-03-13,3.0
13/03/2024,18:00,52406.0,53100.0,51600.0,100.0,18.0,3243.0,42424.0,2189.0,2462.0,11526.0,-21.0,1243.0,-10731.0,27.0,-2402.0,800.0,-2200.0,-2385.0,-2230.0,0.0,84.0,17.0,86.0,958.0,1241.0,958.0,6369.0,4033.0,1125.0,518.0,376.0,349.0,0.0,0.0,1814.0,374.0,2024-03-13 18:00:00,2024-03-13,3.0
13/03/2024,18:30,54312.0,55400.0,54000.0,98.0,18.0,3876.0,42419.0,2129.0,1018.0,12418.0,-20.0,1241.0,-8845.0,31.0,-2402.0,800.0,-2200.0,-2385.0,-2228.0,0.0,83.0,17.0,104.0,962.0,1857.0,954.0,6679.0,4062.0,1677.0,521.0,372.0,348.0,0.0,0.0,1773.0,356.0,2024-03-13 18:30:00,2024-03-13,3.0
13/03/2024,19:00,57575.0,59300.0,58100.0,99.0,19.0,4642.0,42580.0,2226.0,211.0,14971.0,-21.0,1226.0,-8350.0,34.0,-1387.0,-452.0,-2200.0,-2318.0,-345.0,0.0,84.0,16.0,112.0,964.0,2611.0,954.0,6996.0,5008.0,2967.0,515.0,366.0,345.0,0.0,0.0,1921.0,305.0,2024-03-13 19:00:00,2024-03-13,3.0
13/03/2024,19:30,59479.0,60700.0,59600.0,99.0,18.0,5118.0,42570.0,2448.0,13.0,14973.0,-20.0,1221.0,-6915.0,36.0,-1387.0,-452.0,-2200.0,-2291.0,-116.0,0.0,84.0,16.0,113.0,975.0,3071.0,959.0,6992.0,4973.0,3009.0,505.0,370.0,345.0,0.0,0.0,2148.0,300.0,2024-03-13 19:30:00,2024-03-13,3.0
13/03/2024,20:00,59309.0,59200.0,58400.0,141.0,18.0,5288.0,42003.0,2754.0,5.0,14771.0,-20.0,1227.0,-6834.0,38.0,-1877.0,-2497.0,-2200.0,-1154.0,-1625.0,41.0,84.0,16.0,242.0,980.0,3106.0,960.0,7019.0,5016.0,2737.0,507.0,373.0,346.0,0.0,0.0,2470.0,284.0,2024-03-13 20:00:00,2024-03-13,3.0
13/03/2024,20:30,57808.0,56900.0,56400.0,226.0,18.0,5463.0,41952.0,3177.0,4.0,15186.0,-20.0,1227.0,-9378.0,39.0,-1877.0,-2497.0,-2200.0,-1171.0,-1956.0,124.0,85.0,17.0,440.0,979.0,3093.0,951.0,6979.0,5194.0,3014.0,507.0,374.0,346.0,0.0,0.0,2877.0,300.0,2024-03-13 20:30:00,2024-03-13,3.0
13/03/2024,21:00,55783.0,54800.0,54600.0,227.0,18.0,5461.0,41392.0,3664.0,3.0,13984.0,-20.0,1231.0,-10119.0,40.0,-2057.0,-2495.0,-2200.0,-2385.0,-2912.0,126.0,84.0,17.0,441.0,980.0,3092.0,948.0,6946.0,4493.0,2546.0,505.0,380.0,346.0,0.0,0.0,3308.0,356.0,2024-03-13 21:00:00,2024-03-13,3.0
13/03/2024,21:30,54402.0,53000.0,53100.0,194.0,18.0,5304.0,41812.0,4088.0,2.0,13929.0,-20.0,1242.0,-12123.0,38.0,-2057.0,-2495.0,-2200.0,-2385.0,-2990.0,92.0,85.0,17.0,385.0,972.0,3006.0,941.0,6811.0,4432.0,2685.0,505.0,391.0,346.0,0.0,0.0,3679.0,409.0,2024-03-13 21:30:00,2024-03-13,3.0
13/03/2024,22:00,53032.0,51600.0,52000.0,99.0,18.0,4498.0,42293.0,4283.0,2.0,12815.0,-20.0,1252.0,-12160.0,33.0,-1787.0,-205.0,-2200.0,-2385.0,-3284.0,0.0,84.0,17.0,115.0,971.0,2476.0,936.0,6747.0,4266.0,1802.0,509.0,397.0,346.0,0.0,0.0,3950.0,333.0,2024-03-13 22:00:00,2024-03-13,3.0
13/03/2024,22:30,53328.0,52600.0,53100.0,99.0,18.0,3992.0,42667.0,4317.0,1.0,11580.0,-24.0,1250.0,-10526.0,31.0,-1787.0,-205.0,-2200.0,-2385.0,-2542.0,0.0,83.0,17.0,114.0,970.0,1971.0,937.0,6583.0,3745.0,1252.0,505.0,399.0,346.0,0.0,0.0,4012.0,305.0,2024-03-13 22:30:00,2024-03-13,3.0
13/03/2024,23:00,54781.0,55100.0,54400.0,99.0,18.0,3844.0,42696.0,4383.0,1.0,12123.0,-54.0,1245.0,-9530.0,30.0,-1742.0,769.0,-2205.0,-2385.0,-2805.0,0.0,83.0,17.0,116.0,966.0,1824.0,938.0,6535.0,4219.0,1369.0,504.0,396.0,346.0,0.0,0.0,4047.0,337.0,2024-03-13 23:00:00,2024-03-13,3.0
13/03/2024,23:30,54195.0,54500.0,54100.0,99.0,18.0,3487.0,42704.0,4565.0,1.0,11212.0,-41.0,1251.0,-9058.0,29.0,-1742.0,769.0,-2205.0,-2385.0,-2818.0,0.0,84.0,17.0,116.0,944.0,1487.0,939.0,6423.0,3869.0,919.0,510.0,395.0,346.0,0.0,0.0,4174.0,391.0,2024-03-13 23:30:00,2024-03-13,3.0
20/04/2024,00:00,51360.0,50000.0,49500.0,82.0,9.0,398.0,41466.0,7478.0,2.0,9578.0,-22.0,1168.0,-8743.0,7.0,-3028.0,-20.0,-1800.0,-2385.0,-3420.0,10.0,66.0,5.0,1.0,288.0,74.0,36.0,5984.0,2275.0,1319.0,461.0,356.0,351.0,0.0,0.0,7027.0,451.0,2024-04-20 00:00:00,2024-04-20,4.0
20/04/2024,00:30,50250.0,47900.0,47700.0,82.0,9.0,400.0,41816.0,7191.0,2.0,10231.0,-26.0,1173.0,-10588.0,7.0,-3028.0,-20.0,-1800.0,-2385.0,-3417.0,10.0,67.0,5.0,1.0,288.0,73.0,38.0,5934.0,1947.0,2350.0,461.0,360.0,352.0,0.0,0.0,6764.0,427.0,2024-04-20 00:30:00,2024-04-20,4.0
20/04/2024,01:00,47576.0,45800.0,45300.0,82.0,9.0,400.0,41324.0,7121.0,1.0,8315.0,-55.0,1167.0,-10740.0,8.0,-3028.0,134.0,-1800.0,-2385.0,-3489.0,10.0,67.0,5.0,1.0,287.0,75.0,37.0,5695.0,1644.0,976.0,459.0,357.0,351.0,0.0,0.0,6745.0,376.0,2024-04-20 01:00:00,2024-04-20,4.0
20/04/2024,01:30,46828.0,46400.0,45400.0,82.0,9.0,398.0,40521.0,7082.0,1.0,8303.0,-62.0,1170.0,-10621.0,8.0,-3028.0,134.0,-1800.0,-2385.0,-3489.0,10.0,67.0,5.0,1.0,287.0,73.0,37.0,5497.0,1666.0,1140.0,461.0,357.0,351.0,0.0,0.0,6709.0,373.0,2024-04-20 01:30:00,2024-04-20,4.0
20/04/2024,02:00,46189.0,45600.0,45100.0,80.0,9.0,399.0,40274.0,6962.0,1.0,8218.0,-240.0,1170.0,-10630.0,8.0,-3028.0,787.0,-1800.0,-2385.0,-3538.0,10.0,65.0,5.0,1.0,288.0,73.0,37.0,5425.0,1694.0,1099.0,461.0,359.0,351.0,0.0,0.0,6505.0,458.0,2024-04-20 02:00:00,2024-04-20,4.0
20/04/2024,02:30,45820.0,44200.0,43700.0,79.0,9.0,398.0,39867.0,6952.0,0.0,7607.0,-272.0,1167.0,-9936.0,8.0,-3028.0,787.0,-1800.0,-2385.0,-3522.0,10.0,63.0,5.0,1.0,288.0,73.0,37.0,5328.0,1766.0,513.0,461.0,356.0,349.0,0.0,0.0,6502.0,451.0,2024-04-20 02:30:00,2024-04-20,4.0
20/04/2024,03:00,44411.0,42700.0,42800.0,81.0,9.0,397.0,39221.0,7050.0,0.0,7084.0,-537.0,1168.0,-9999.0,8.0,-3028.0,923.0,-1800.0,-2385.0,-3610.0,10.0,65.0,5.0,1.0,288.0,72.0,36.0,5277.0,1608.0,199.0,463.0,357.0,348.0,0.0,0.0,6671.0,379.0,2024-04-20 03:00:00,2024-04-20,4.0
20/04/2024,03:30,43529.0,41600.0,41900.0,82.0,9.0,398.0,38778.0,7124.0,0.0,6695.0,-636.0,1168.0,-10033.0,8.0,-3028.0,923.0,-1800.0,-2385.0,-3610.0,10.0,66.0,5.0,1.0,288.0,72.0,36.0,5214.0,1465.0,16.0,465.0,356.0,348.0,0.0,0.0,6820.0,304.0,2024-04-20 03:30:00,2024-04-20,4.0
20/04/2024,04:00,42695.0,40900.0,41200.0,81.0,8.0,397.0,38347.0,7097.0,0.0,6653.0,-799.0,1168.0,-10202.0,8.0,-3028.0,1227.0,-1800.0,-2385.0,-3649.0,10.0,66.0,5.0,1.0,288.0,72.0,37.0,5189.0,1455.0,10.0,459.0,361.0,348.0,0.0,0.0,6827.0,270.0,2024-04-20 04:00:00,2024-04-20,4.0
20/04/2024,04:30,42092.0,40200.0,40400.0,83.0,9.0,397.0,37972.0,7024.0,0.0,6538.0,-1106.0,1172.0,-9939.0,9.0,-3028.0,1227.0,-1800.0,-2385.0,-3665.0,10.0,68.0,5.0,1.0,288.0,72.0,36.0,5193.0,1336.0,10.0,461.0,363.0,348.0,0.0,0.0,6720.0,304.0,2024-04-20 04:30:00,2024-04-20,4.0
20/04/2024,05:00,41818.0,40000.0,40700.0,85.0,9.0,385.0,37554.0,6833.0,0.0,6720.0,-1109.0,1167.0,-9767.0,9.0,-3028.0,1564.0,-1800.0,-2385.0,-3674.0,10.0,69.0,5.0,1.0,288.0,59.0,37.0,5227.0,1331.0,162.0,459.0,363.0,346.0,0.0,0.0,6518.0,315.0,2024-04-20 05:00:00,2024-04-20,4.0
20/04/2024,05:30,42399.0,40700.0,41200.0,83.0,9.0,377.0,37391.0,6954.0,0.0,6731.0,-807.0,1156.0,-9436.0,8.0,-3028.0,1564.0,-1800.0,-2385.0,-3681.0,10.0,68.0,5.0,1.0,288.0,52.0,36.0,5242.0,1285.0,204.0,454.0,357.0,344.0,0.0,0.0,6487.0,466.0,2024-04-20 05:30:00,2024-04-20,4.0
20/04/2024,06:00,42845.0,41700.0,42000.0,83.0,9.0,373.0,37473.0,6947.0,0.0,6738.0,-339.0,1152.0,-9532.0,8.0,-3028.0,1914.0,-1800.0,-2385.0,-3498.0,10.0,67.0,5.0,1.0,288.0,47.0,37.0,5296.0,1279.0,164.0,451.0,357.0,344.0,0.0,0.0,6550.0,396.0,2024-04-20 06:00:00,2024-04-20,4.0
20/04/2024,06:30,44010.0,42800.0,42800.0,83.0,9.0,373.0,37775.0,7045.0,0.0,7128.0,-171.0,1155.0,-9331.0,8.0,-3028.0,1914.0,-1800.0,-2385.0,-3551.0,10.0,67.0,5.0,1.0,288.0,47.0,38.0,5483.0,1419.0,226.0,446.0,362.0,346.0,0.0,0.0,6635.0,410.0,2024-04-20 06:30:00,2024-04-20,4.0
20/04/2024,07:00,44309.0,43500.0,43200.0,83.0,9.0,375.0,37968.0,6793.0,10.0,7313.0,-70.0,1163.0,-9277.0,8.0,-3028.0,2192.0,-1800.0,-2385.0,-3827.0,10.0,67.0,5.0,1.0,288.0,47.0,39.0,5551.0,1449.0,313.0,454.0,362.0,347.0,0.0,0.0,6403.0,390.0,2024-04-20 07:00:00,2024-04-20,4.0
20/04/2024,07:30,45274.0,44200.0,44500.0,83.0,9.0,374.0,38256.0,6448.0,199.0,7761.0,-66.0,1167.0,-8900.0,8.0,-3028.0,2192.0,-1800.0,-2385.0,-3827.0,10.0,67.0,5.0,1.0,288.0,48.0,38.0,5635.0,1581.0,545.0,457.0,366.0,345.0,0.0,0.0,6059.0,389.0,2024-04-20 07:30:00,2024-04-20,4.0
20/04/2024,08:00,46381.0,45000.0,45200.0,83.0,9.0,363.0,38143.0,6285.0,854.0,7855.0,-61.0,1173.0,-8266.0,8.0,-3028.0,2500.0,-1783.0,-2366.0,-3818.0,10.0,67.0,5.0,1.0,277.0,47.0,38.0,5625.0,1693.0,537.0,461.0,366.0,346.0,0.0,0.0,5845.0,440.0,2024-04-20 08:00:00,2024-04-20,4.0
20/04/2024,08:30,47612.0,46400.0,46700.0,84.0,9.0,354.0,38233.0,6007.0,2134.0,8040.0,-61.0,1173.0,-8306.0,8.0,-3028.0,2500.0,-1783.0,-2366.0,-3818.0,10.0,68.0,6.0,1.0,267.0,48.0,38.0,5651.0,1742.0,647.0,460.0,366.0,347.0,0.0,0.0,5554.0,453.0,2024-04-20 08:30:00,2024-04-20,4.0
20/04/2024,09:00,48771.0,47700.0,47500.0,85.0,9.0,357.0,37984.0,5658.0,3938.0,7676.0,-62.0,1169.0,-7986.0,8.0,-3028.0,2500.0,-845.0,-2385.0,-3764.0,10.0,69.0,6.0,3.0,268.0,49.0,38.0,5564.0,1704.0,408.0,456.0,365.0,348.0,0.0,0.0,5205.0,453.0,2024-04-20 09:00:00,2024-04-20,4.0
20/04/2024,09:30,49766.0,48600.0,48500.0,83.0,9.0,357.0,37539.0,5985.0,5914.0,7372.0,-645.0,1170.0,-7963.0,8.0,-3028.0,2500.0,-845.0,-2385.0,-3764.0,10.0,67.0,6.0,3.0,267.0,50.0,37.0,5493.0,1546.0,334.0,457.0,366.0,347.0,0.0,0.0,5409.0,576.0,2024-04-20 09:30:00,2024-04-20,4.0
20/04/2024,10:00,50252.0,50000.0,48500.0,85.0,9.0,358.0,37038.0,6708.0,7814.0,6695.0,-1688.0,1181.0,-7890.0,8.0,-3028.0,2483.0,-863.0,-2385.0,-2491.0,10.0,68.0,7.0,3.0,268.0,49.0,37.0,5374.0,1307.0,14.0,467.0,366.0,348.0,0.0,0.0,6165.0,543.0,2024-04-20 10:00:00,2024-04-20,4.0
20/04/2024,10:30,50495.0,49500.0,49000.0,86.0,9.0,359.0,35692.0,7246.0,9497.0,6308.0,-2079.0,1178.0,-7726.0,8.0,-3028.0,2483.0,-863.0,-2385.0,-2443.0,10.0,69.0,7.0,3.0,269.0,49.0,37.0,5213.0,1085.0,10.0,464.0,365.0,349.0,0.0,0.0,6720.0,527.0,2024-04-20 10:30:00,2024-04-20,4.0
20/04/2024,11:00,50794.0,49800.0,48900.0,86.0,9.0,357.0,34576.0,7286.0,10836.0,6145.0,-2149.0,1183.0,-7451.0,8.0,-3028.0,2700.0,-845.0,-2385.0,-3336.0,10.0,68.0,8.0,3.0,269.0,50.0,35.0,5109.0,1026.0,10.0,470.0,362.0,351.0,0.0,0.0,6843.0,443.0,2024-04-20 11:00:00,2024-04-20,4.0
20/04/2024,11:30,51120.0,50000.0,49500.0,86.0,9.0,364.0,34458.0,7324.0,11937.0,6045.0,-2689.0,1193.0,-7551.0,8.0,-3028.0,2700.0,-845.0,-2385.0,-3277.0,10.0,68.0,8.0,2.0,269.0,57.0,36.0,5040.0,995.0,10.0,473.0,368.0,352.0,0.0,0.0,6971.0,353.0,2024-04-20 11:30:00,2024-04-20,4.0
20/04/2024,12:00,51546.0,51000.0,50900.0,87.0,9.0,361.0,33435.0,7207.0,12527.0,5956.0,-2922.0,1194.0,-6254.0,8.0,-3028.0,2700.0,-845.0,-2385.0,-2505.0,10.0,68.0,8.0,1.0,269.0,55.0,37.0,5000.0,947.0,9.0,471.0,371.0,352.0,0.0,0.0,6843.0,365.0,2024-04-20 12:00:00,2024-04-20,4.0
20/04/2024,12:30,52597.0,51500.0,50100.0,86.0,9.0,366.0,33286.0,7141.0,12910.0,5826.0,-2427.0,1193.0,-5775.0,8.0,-3028.0,2700.0,-845.0,-2385.0,-2466.0,10.0,68.0,8.0,1.0,269.0,60.0,37.0,4824.0,993.0,9.0,470.0,373.0,351.0,0.0,0.0,6826.0,315.0,2024-04-20 12:30:00,2024-04-20,4.0
20/04/2024,13:00,53530.0,52400.0,51900.0,85.0,9.0,367.0,32552.0,6560.0,13328.0,6706.0,-2291.0,1196.0,-4952.0,8.0,-2879.0,2022.0,-845.0,-2385.0,-1750.0,9.0,68.0,8.0,1.0,269.0,61.0,37.0,4774.0,1923.0,9.0,475.0,372.0,349.0,0.0,0.0,6302.0,258.0,2024-04-20 13:00:00,2024-04-20,4.0
20/04/2024,13:30,52020.0,49800.0,48400.0,84.0,9.0,355.0,32119.0,6626.0,13505.0,6547.0,-2745.0,1186.0,-5615.0,8.0,-2879.0,2022.0,-845.0,-2385.0,-1734.0,8.0,68.0,8.0,1.0,269.0,49.0,36.0,4693.0,1845.0,9.0,474.0,363.0,350.0,0.0,0.0,6393.0,233.0,2024-04-20 13:30:00,2024-04-20,4.0
20/04/2024,14:00,50289.0,49000.0,47500.0,86.0,9.0,350.0,31138.0,6953.0,13713.0,6216.0,-3001.0,1189.0,-6314.0,8.0,-2599.0,1.0,-845.0,-2385.0,-1758.0,8.0,69.0,9.0,1.0,269.0,46.0,35.0,4655.0,1552.0,9.0,478.0,361.0,350.0,0.0,0.0,6682.0,271.0,2024-04-20 14:00:00,2024-04-20,4.0
20/04/2024,14:30,49031.0,47800.0,46200.0,86.0,9.0,352.0,31657.0,7262.0,13708.0,5736.0,-3001.0,1197.0,-7904.0,8.0,-2599.0,1.0,-845.0,-2385.0,-1770.0,9.0,68.0,9.0,1.0,269.0,46.0,35.0,4604.0,1123.0,9.0,484.0,363.0,351.0,0.0,0.0,6962.0,300.0,2024-04-20 14:30:00,2024-04-20,4.0
20/04/2024,15:00,47916.0,47300.0,45800.0,88.0,9.0,365.0,31870.0,6420.0,12777.0,5712.0,-2867.0,1196.0,-7577.0,8.0,-3028.0,2700.0,-845.0,-2385.0,-1485.0,10.0,69.0,9.0,3.0,269.0,56.0,37.0,4541.0,1162.0,9.0,482.0,362.0,352.0,0.0,0.0,6112.0,308.0,2024-04-20 15:00:00,2024-04-20,4.0
20/04/2024,15:30,47408.0,46000.0,44600.0,84.0,10.0,372.0,32356.0,4526.0,10414.0,6446.0,-2378.0,1194.0,-5556.0,9.0,-3028.0,2700.0,-845.0,-2385.0,-1580.0,10.0,69.0,6.0,2.0,269.0,63.0,37.0,4626.0,1810.0,9.0,480.0,361.0,353.0,0.0,0.0,4245.0,280.0,2024-04-20 15:30:00,2024-04-20,4.0
20/04/2024,16:00,46355.0,44900.0,43600.0,85.0,9.0,371.0,32536.0,4688.0,10001.0,5810.0,-2790.0,1204.0,-5501.0,9.0,-3028.0,1612.0,-845.0,-2385.0,-1517.0,10.0,69.0,6.0,1.0,270.0,65.0,36.0,4642.0,1159.0,10.0,487.0,364.0,353.0,0.0,0.0,4434.0,254.0,2024-04-20 16:00:00,2024-04-20,4.0
20/04/2024,16:30,45405.0,44200.0,43000.0,85.0,9.0,371.0,32433.0,4769.0,9420.0,5687.0,-2901.0,1210.0,-5636.0,9.0,-3028.0,1612.0,-845.0,-2385.0,-1744.0,10.0,69.0,6.0,1.0,269.0,66.0,35.0,4752.0,925.0,10.0,490.0,364.0,356.0,0.0,0.0,4508.0,261.0,2024-04-20 16:30:00,2024-04-20,4.0
20/04/2024,17:00,44627.0,43500.0,42400.0,85.0,9.0,372.0,32874.0,4794.0,8519.0,5643.0,-2857.0,1208.0,-5977.0,9.0,-3028.0,2700.0,-845.0,-2385.0,-1959.0,10.0,69.0,6.0,1.0,269.0,66.0,36.0,4700.0,933.0,9.0,489.0,363.0,356.0,0.0,0.0,4555.0,239.0,2024-04-20 17:00:00,2024-04-20,4.0
20/04/2024,17:30,44446.0,44600.0,43300.0,85.0,9.0,370.0,32479.0,4971.0,7515.0,5720.0,-2643.0,1209.0,-5220.0,9.0,-3028.0,2700.0,-845.0,-2385.0,-2068.0,10.0,69.0,6.0,1.0,267.0,66.0,36.0,4786.0,925.0,9.0,488.0,366.0,355.0,0.0,0.0,4769.0,201.0,2024-04-20 17:30:00,2024-04-20,4.0
20/04/2024,18:00,44935.0,44900.0,43400.0,85.0,9.0,363.0,33175.0,4903.0,6373.0,6218.0,-1691.0,1199.0,-5661.0,9.0,-3028.0,3000.0,-1706.0,-2385.0,-3550.0,10.0,69.0,6.0,1.0,267.0,58.0,37.0,4811.0,1398.0,10.0,484.0,365.0,349.0,0.0,0.0,4731.0,172.0,2024-04-20 18:00:00,2024-04-20,4.0
20/04/2024,18:30,46089.0,46200.0,44600.0,87.0,10.0,363.0,33711.0,7297.0,6325.0,6380.0,-1551.0,1200.0,-7668.0,8.0,-3028.0,3000.0,-1706.0,-2385.0,-3734.0,10.0,69.0,7.0,1.0,267.0,58.0,37.0,4807.0,1564.0,9.0,487.0,363.0,350.0,0.0,0.0,7123.0,174.0,2024-04-20 18:30:00,2024-04-20,4.0
20/04/2024,19:00,46910.0,47300.0,45500.0,86.0,9.0,363.0,35743.0,7835.0,4689.0,6220.0,-1667.0,1209.0,-7519.0,8.0,-3028.0,2821.0,-1800.0,-2385.0,-3577.0,10.0,69.0,7.0,1.0,267.0,58.0,37.0,4963.0,1248.0,9.0,490.0,369.0,351.0,0.0,0.0,7604.0,231.0,2024-04-20 19:00:00,2024-04-20,4.0
20/04/2024,19:30,47718.0,48400.0,46400.0,87.0,10.0,371.0,37059.0,7686.0,2838.0,7008.0,-1442.0,1212.0,-7044.0,8.0,-3028.0,2821.0,-1800.0,-2385.0,-3577.0,10.0,70.0,6.0,1.0,267.0,64.0,38.0,5279.0,1596.0,133.0,492.0,369.0,351.0,0.0,0.0,7413.0,273.0,2024-04-20 19:30:00,2024-04-20,4.0
20/04/2024,20:00,48089.0,48000.0,46100.0,85.0,9.0,371.0,38219.0,7440.0,1336.0,7626.0,-382.0,1205.0,-7754.0,8.0,-3028.0,2821.0,-1800.0,-2385.0,-3688.0,10.0,69.0,6.0,1.0,267.0,65.0,38.0,5410.0,1809.0,407.0,486.0,370.0,350.0,0.0,0.0,7133.0,307.0,2024-04-20 20:00:00,2024-04-20,4.0
20/04/2024,20:30,48065.0,47600.0,45800.0,85.0,9.0,371.0,38566.0,7265.0,439.0,8502.0,-123.0,1205.0,-8208.0,8.0,-3028.0,2821.0,-1800.0,-2385.0,-3757.0,10.0,69.0,6.0,1.0,267.0,64.0,39.0,5471.0,1779.0,1252.0,484.0,371.0,350.0,0.0,0.0,6920.0,346.0,2024-04-20 20:30:00,2024-04-20,4.0
20/04/2024,21:00,48198.0,49000.0,47300.0,85.0,9.0,370.0,38556.0,7225.0,65.0,9231.0,-73.0,1200.0,-8419.0,8.0,-3028.0,2821.0,-1800.0,-2385.0,-3774.0,10.0,69.0,6.0,1.0,267.0,64.0,39.0,5501.0,1800.0,1929.0,481.0,369.0,350.0,0.0,0.0,6847.0,378.0,2024-04-20 21:00:00,2024-04-20,4.0
20/04/2024,21:30,49010.0,48700.0,47000.0,85.0,9.0,373.0,38784.0,7053.0,5.0,9975.0,-55.0,1200.0,-8362.0,8.0,-3028.0,2821.0,-1800.0,-2385.0,-3774.0,10.0,69.0,5.0,1.0,267.0,66.0,38.0,5650.0,1911.0,2413.0,483.0,368.0,350.0,0.0,0.0,6630.0,423.0,2024-04-20 21:30:00,2024-04-20,4.0
20/04/2024,22:00,48646.0,47600.0,46000.0,85.0,9.0,373.0,38713.0,6942.0,3.0,9886.0,-55.0,1194.0,-8448.0,8.0,-3028.0,2821.0,-1800.0,-2385.0,-3788.0,10.0,69.0,5.0,1.0,268.0,66.0,39.0,5706.0,1867.0,2313.0,479.0,366.0,349.0,0.0,0.0,6495.0,447.0,2024-04-20 22:00:00,2024-04-20,4.0
20/04/2024,22:30,49316.0,49600.0,48100.0,84.0,9.0,373.0,38768.0,6728.0,3.0,10739.0,-55.0,1202.0,-8475.0,8.0,-3028.0,2821.0,-1800.0,-2385.0,-3778.0,10.0,68.0,5.0,1.0,268.0,65.0,39.0,5901.0,2426.0,2411.0,484.0,368.0,350.0,0.0,0.0,6282.0,447.0,2024-04-20 22:30:00,2024-04-20,4.0
20/04/2024,23:00,51107.0,50900.0,49500.0,84.0,10.0,373.0,38782.0,6577.0,2.0,11875.0,-55.0,1205.0,-7686.0,8.0,-3028.0,2821.0,-1800.0,-2285.0,-3535.0,10.0,68.0,5.0,1.0,268.0,65.0,40.0,5941.0,2974.0,2959.0,486.0,369.0,350.0,0.0,0.0,6095.0,483.0,2024-04-20 23:00:00,2024-04-20,4.0
20/04/2024,23:30,50772.0,50500.0,49400.0,84.0,9.0,374.0,38789.0,6352.0,2.0,11897.0,-55.0,1206.0,-7830.0,8.0,-3028.0,2821.0,-1800.0,-2285.0,-3541.0,10.0,69.0,5.0,1.0,268.0,66.0,40.0,6001.0,3068.0,2827.0,485.0,372.0,348.0,0.0,0.0,5865.0,487.0,2024-04-20 23:30:00,2024-04-20,4.0
16/05/2024,00:00,45391.0,43500.0,43600.0,80.0,1.0,349.0,40860.0,2041.0,0.0,13069.0,-59.0,1237.0,-12148.0,8.0,-3028.0,208.0,-2313.0,-1909.0,-5020.0,9.0,68.0,3.0,0.0,323.0,0.0,38.0,7672.0,3266.0,2132.0,515.0,378.0,344.0,0.0,0.0,1749.0,291.0,2024-05-16 00:00:00,2024-05-16,5.0
16/05/2024,00:30,43973.0,41400.0,41400.0,81.0,1.0,350.0,40570.0,2178.0,0.0,11602.0,-66.0,1234.0,-11945.0,8.0,-3028.0,208.0,-2313.0,-1909.0,-5182.0,9.0,68.0,3.0,0.0,324.0,0.0,38.0,7391.0,3088.0,1122.0,513.0,379.0,342.0,0.0,0.0,1887.0,291.0,2024-05-16 00:30:00,2024-05-16,5.0
16/05/2024,01:00,41341.0,39700.0,39600.0,81.0,0.0,350.0,40265.0,2325.0,0.0,10244.0,-505.0,1238.0,-12623.0,8.0,-3028.0,-158.0,-2313.0,-2227.0,-5341.0,9.0,68.0,3.0,0.0,324.0,0.0,38.0,7338.0,2478.0,427.0,513.0,383.0,342.0,0.0,0.0,2029.0,296.0,2024-05-16 01:00:00,2024-05-16,5.0
16/05/2024,01:30,40632.0,39800.0,40100.0,81.0,1.0,350.0,40474.0,2336.0,0.0,10135.0,-812.0,1240.0,-13144.0,8.0,-3028.0,-158.0,-2313.0,-2227.0,-5363.0,9.0,68.0,3.0,0.0,324.0,0.0,38.0,7308.0,2548.0,278.0,514.0,384.0,342.0,0.0,0.0,2001.0,335.0,2024-05-16 01:30:00,2024-05-16,5.0
16/05/2024,02:00,40026.0,39500.0,39500.0,80.0,0.0,351.0,40396.0,2238.0,0.0,9970.0,-1039.0,1242.0,-13177.0,9.0,-3028.0,-170.0,-2313.0,-2227.0,-6340.0,9.0,68.0,3.0,0.0,325.0,0.0,38.0,7271.0,2428.0,271.0,515.0,387.0,340.0,0.0,0.0,1906.0,332.0,2024-05-16 02:00:00,2024-05-16,5.0
16/05/2024,02:30,39581.0,38200.0,38200.0,81.0,1.0,354.0,40528.0,2218.0,0.0,10267.0,-1146.0,1241.0,-13929.0,9.0,-3028.0,-170.0,-2313.0,-2227.0,-6340.0,9.0,69.0,3.0,0.0,325.0,0.0,38.0,7235.0,2431.0,601.0,517.0,384.0,340.0,0.0,0.0,1901.0,317.0,2024-05-16 02:30:00,2024-05-16,5.0
16/05/2024,03:00,38430.0,37100.0,37100.0,81.0,0.0,352.0,40397.0,2251.0,0.0,10106.0,-1638.0,1250.0,-14337.0,9.0,-3028.0,-555.0,-2912.0,-2227.0,-6656.0,9.0,69.0,3.0,0.0,325.0,0.0,38.0,7195.0,2315.0,596.0,519.0,388.0,342.0,0.0,0.0,1913.0,338.0,2024-05-16 03:00:00,2024-05-16,5.0
16/05/2024,03:30,37536.0,36100.0,36200.0,81.0,0.0,352.0,40437.0,2276.0,0.0,10200.0,-1719.0,1252.0,-15304.0,9.0,-3028.0,-555.0,-2912.0,-2227.0,-6656.0,9.0,69.0,3.0,0.0,325.0,0.0,38.0,7183.0,2388.0,629.0,517.0,393.0,342.0,0.0,0.0,1922.0,354.0,2024-05-16 03:30:00,2024-05-16,5.0
16/05/2024,04:00,36777.0,35400.0,35300.0,81.0,0.0,353.0,40244.0,2251.0,0.0,10010.0,-1735.0,1252.0,-15644.0,9.0,-3028.0,-1300.0,-2912.0,-2227.0,-6561.0,9.0,69.0,3.0,0.0,325.0,0.0,38.0,7184.0,2257.0,569.0,512.0,399.0,341.0,0.0,0.0,1911.0,340.0,2024-05-16 04:00:00,2024-05-16,5.0
16/05/2024,04:30,36371.0,35100.0,35200.0,81.0,0.0,348.0,40077.0,2196.0,0.0,9988.0,-1057.0,1254.0,-16456.0,9.0,-3028.0,-1300.0,-2912.0,-2227.0,-6561.0,9.0,69.0,3.0,0.0,325.0,0.0,34.0,7121.0,2305.0,563.0,516.0,399.0,339.0,0.0,0.0,1874.0,323.0,2024-05-16 04:30:00,2024-05-16,5.0
16/05/2024,05:00,36313.0,35700.0,35900.0,81.0,0.0,349.0,40177.0,2126.0,0.0,9754.0,-798.0,1254.0,-16561.0,9.0,-3028.0,-1300.0,-2912.0,-2227.0,-6003.0,9.0,69.0,3.0,0.0,325.0,0.0,34.0,7132.0,2203.0,419.0,521.0,394.0,338.0,0.0,0.0,1825.0,301.0,2024-05-16 05:00:00,2024-05-16,5.0
16/05/2024,05:30,37252.0,37000.0,36900.0,82.0,0.0,349.0,40110.0,2105.0,0.0,9400.0,-222.0,1238.0,-15765.0,8.0,-3028.0,-1300.0,-2912.0,-2227.0,-6003.0,9.0,69.0,3.0,1.0,325.0,0.0,34.0,7159.0,1992.0,248.0,511.0,390.0,337.0,0.0,0.0,1848.0,257.0,2024-05-16 05:30:00,2024-05-16,5.0
16/05/2024,06:00,38360.0,38600.0,38100.0,81.0,0.0,349.0,40406.0,2076.0,0.0,9805.0,-39.0,1231.0,-15518.0,8.0,-3028.0,-1300.0,-2912.0,-2227.0,-5389.0,9.0,69.0,3.0,0.0,325.0,0.0,34.0,7241.0,2134.0,430.0,506.0,387.0,338.0,0.0,0.0,1846.0,230.0,2024-05-16 06:00:00,2024-05-16,5.0
16/05/2024,06:30,40109.0,40800.0,40000.0,81.0,0.0,349.0,40483.0,2112.0,17.0,10938.0,-29.0,1222.0,-15057.0,8.0,-3028.0,-1300.0,-2912.0,-2227.0,-5389.0,9.0,69.0,3.0,0.0,325.0,0.0,34.0,7318.0,2529.0,1092.0,500.0,386.0,336.0,0.0,0.0,1896.0,216.0,2024-05-16 06:30:00,2024-05-16,5.0
16/05/2024,07:00,42266.0,43400.0,42200.0,82.0,0.0,350.0,40795.0,2080.0,218.0,12216.0,-29.0,1224.0,-14678.0,8.0,-3028.0,-244.0,-2510.0,-2066.0,-5518.0,9.0,70.0,3.0,0.0,327.0,0.0,34.0,7436.0,2861.0,1918.0,502.0,386.0,336.0,0.0,0.0,1929.0,152.0,2024-05-16 07:00:00,2024-05-16,5.0
16/05/2024,07:30,44904.0,45700.0,44500.0,80.0,0.0,355.0,40728.0,2202.0,712.0,12653.0,-25.0,1223.0,-13006.0,8.0,-3028.0,-244.0,-2510.0,-2066.0,-5125.0,7.0,69.0,3.0,1.0,328.0,0.0,37.0,7563.0,3011.0,2079.0,499.0,384.0,339.0,0.0,0.0,2087.0,116.0,2024-05-16 07:30:00,2024-05-16,5.0
16/05/2024,08:00,46581.0,47000.0,45800.0,80.0,0.0,362.0,40833.0,2232.0,1434.0,12707.0,-25.0,1221.0,-12236.0,8.0,-3028.0,1613.0,-2510.0,-2227.0,-4677.0,7.0,70.0,3.0,5.0,330.0,0.0,38.0,7564.0,3003.0,2140.0,496.0,384.0,341.0,0.0,0.0,2091.0,140.0,2024-05-16 08:00:00,2024-05-16,5.0
16/05/2024,08:30,47983.0,47800.0,46900.0,81.0,0.0,380.0,40769.0,2075.0,2478.0,11941.0,-36.0,1226.0,-10886.0,8.0,-3028.0,1613.0,-2510.0,-2227.0,-4676.0,7.0,70.0,3.0,8.0,336.0,0.0,49.0,7561.0,2591.0,1789.0,498.0,385.0,343.0,0.0,0.0,1952.0,123.0,2024-05-16 08:30:00,2024-05-16,5.0
16/05/2024,09:00,48917.0,48000.0,47100.0,81.0,0.0,381.0,40660.0,1912.0,3652.0,11983.0,-39.0,1223.0,-10890.0,8.0,-3028.0,1700.0,-2912.0,-2227.0,-4387.0,8.0,69.0,4.0,8.0,337.0,0.0,53.0,7436.0,2549.0,1998.0,500.0,381.0,342.0,0.0,0.0,1746.0,166.0,2024-05-16 09:00:00,2024-05-16,5.0
16/05/2024,09:30,49458.0,48400.0,47400.0,81.0,0.0,427.0,40722.0,1845.0,4940.0,11101.0,-39.0,1220.0,-10780.0,8.0,-3028.0,1700.0,-2912.0,-2227.0,-4214.0,8.0,69.0,4.0,8.0,344.0,14.0,60.0,7155.0,2455.0,1490.0,495.0,384.0,340.0,0.0,0.0,1730.0,115.0,2024-05-16 09:30:00,2024-05-16,5.0
16/05/2024,10:00,49690.0,48500.0,47700.0,81.0,0.0,440.0,40613.0,1896.0,6216.0,10407.0,-39.0,1220.0,-11076.0,8.0,-3028.0,1591.0,-2912.0,-2124.0,-4009.0,8.0,70.0,4.0,9.0,345.0,21.0,65.0,7014.0,2340.0,1053.0,495.0,387.0,337.0,0.0,0.0,1820.0,76.0,2024-05-16 10:00:00,2024-05-16,5.0
16/05/2024,10:30,49727.0,48700.0,46900.0,81.0,0.0,447.0,40005.0,2056.0,7573.0,9984.0,-659.0,1207.0,-10954.0,8.0,-3028.0,1591.0,-2912.0,-2124.0,-3835.0,8.0,69.0,4.0,9.0,344.0,29.0,66.0,6972.0,2278.0,734.0,490.0,382.0,335.0,0.0,0.0,2000.0,56.0,2024-05-16 10:30:00,2024-05-16,5.0
16/05/2024,11:00,49781.0,48600.0,47100.0,82.0,0.0,456.0,39510.0,2178.0,8769.0,9555.0,-1094.0,1200.0,-10847.0,8.0,-3028.0,1700.0,-2912.0,-2227.0,-2308.0,9.0,70.0,4.0,5.0,343.0,41.0,67.0,6883.0,2217.0,455.0,481.0,381.0,337.0,0.0,0.0,2023.0,155.0,2024-05-16 11:00:00,2024-05-16,5.0
16/05/2024,11:30,49953.0,48900.0,46900.0,82.0,0.0,450.0,38624.0,2235.0,9551.0,9017.0,-1623.0,1191.0,-9535.0,8.0,-3028.0,1700.0,-2912.0,-2227.0,-2137.0,8.0,69.0,5.0,4.0,342.0,42.0,63.0,6814.0,1843.0,361.0,471.0,381.0,339.0,0.0,0.0,1965.0,270.0,2024-05-16 11:30:00,2024-05-16,5.0
16/05/2024,12:00,50437.0,49500.0,48500.0,84.0,0.0,446.0,38120.0,2332.0,9917.0,8958.0,-1750.0,1189.0,-8830.0,8.0,-3028.0,1612.0,-2949.0,-2227.0,-276.0,9.0,69.0,6.0,4.0,341.0,52.0,48.0,6808.0,1970.0,179.0,466.0,383.0,340.0,0.0,0.0,1988.0,344.0,2024-05-16 12:00:00,2024-05-16,5.0
16/05/2024,12:30,50911.0,49400.0,47400.0,84.0,1.0,475.0,37172.0,2354.0,10240.0,8929.0,-1917.0,1204.0,-7604.0,8.0,-3028.0,1612.0,-2949.0,-2227.0,-106.0,9.0,69.0,5.0,4.0,340.0,89.0,43.0,6837.0,1916.0,177.0,480.0,383.0,342.0,0.0,0.0,2018.0,336.0,2024-05-16 12:30:00,2024-05-16,5.0
16/05/2024,13:00,51216.0,50500.0,48900.0,84.0,0.0,521.0,37152.0,2270.0,10016.0,8941.0,-2153.0,1215.0,-6798.0,9.0,-2235.0,1700.0,-2949.0,-2227.0,-1337.0,9.0,69.0,5.0,4.0,340.0,134.0,44.0,6833.0,1931.0,177.0,479.0,389.0,348.0,0.0,0.0,1998.0,272.0,2024-05-16 13:00:00,2024-05-16,5.0
16/05/2024,13:30,50269.0,49100.0,47600.0,82.0,0.0,558.0,37215.0,2199.0,9911.0,8804.0,-2577.0,1230.0,-7125.0,9.0,-2235.0,1700.0,-2949.0,-2227.0,-1322.0,9.0,69.0,4.0,4.0,339.0,170.0,44.0,6853.0,1775.0,177.0,493.0,388.0,349.0,0.0,0.0,2011.0,187.0,2024-05-16 13:30:00,2024-05-16,5.0
16/05/2024,14:00,49565.0,48100.0,46600.0,82.0,1.0,557.0,36929.0,2242.0,9856.0,8513.0,-2489.0,1232.0,-7331.0,9.0,-2234.0,1700.0,-2949.0,-2227.0,-2012.0,9.0,69.0,4.0,4.0,339.0,170.0,44.0,6781.0,1558.0,175.0,497.0,391.0,345.0,0.0,0.0,2049.0,193.0,2024-05-16 14:00:00,2024-05-16,5.0
16/05/2024,14:30,49016.0,47700.0,46300.0,82.0,0.0,548.0,36572.0,2298.0,9893.0,8415.0,-2574.0,1217.0,-7404.0,9.0,-2234.0,1700.0,-2949.0,-2227.0,-2303.0,9.0,69.0,4.0,4.0,332.0,170.0,42.0,6599.0,1641.0,175.0,489.0,388.0,340.0,0.0,0.0,2003.0,295.0,2024-05-16 14:30:00,2024-05-16,5.0
16/05/2024,15:00,48217.0,46800.0,45500.0,81.0,1.0,545.0,36692.0,2060.0,9784.0,8371.0,-2545.0,1206.0,-7946.0,9.0,-2234.0,1700.0,-2949.0,-2227.0,-3609.0,9.0,68.0,4.0,3.0,330.0,170.0,42.0,6535.0,1658.0,177.0,480.0,390.0,337.0,0.0,0.0,1822.0,239.0,2024-05-16 15:00:00,2024-05-16,5.0
16/05/2024,15:30,47508.0,46300.0,45000.0,86.0,1.0,558.0,36714.0,1985.0,9446.0,8403.0,-2322.0,1211.0,-8538.0,9.0,-2234.0,1700.0,-2949.0,-2227.0,-3588.0,14.0,68.0,4.0,4.0,330.0,183.0,41.0,6563.0,1664.0,176.0,475.0,397.0,339.0,0.0,0.0,1715.0,271.0,2024-05-16 15:30:00,2024-05-16,5.0
16/05/2024,16:00,46772.0,45500.0,44300.0,158.0,1.0,605.0,37228.0,1877.0,9008.0,8554.0,-2325.0,1215.0,-9525.0,10.0,-2336.0,1695.0,-2949.0,-2227.0,-4584.0,85.0,68.0,5.0,3.0,328.0,230.0,43.0,6572.0,1806.0,176.0,476.0,401.0,338.0,0.0,0.0,1571.0,306.0,2024-05-16 16:00:00,2024-05-16,5.0
16/05/2024,16:30,46200.0,44600.0,43500.0,161.0,0.0,590.0,37821.0,1682.0,8726.0,8771.0,-2338.0,1229.0,-10411.0,10.0,-2336.0,1695.0,-2949.0,-2227.0,-4933.0,88.0,67.0,6.0,3.0,329.0,214.0,43.0,6730.0,1866.0,175.0,490.0,400.0,339.0,0.0,0.0,1429.0,254.0,2024-05-16 16:30:00,2024-05-16,5.0
16/05/2024,17:00,45809.0,44200.0,43100.0,157.0,1.0,616.0,38459.0,1609.0,8040.0,8930.0,-2288.0,1226.0,-10918.0,10.0,-3028.0,1700.0,-2949.0,-2227.0,-6042.0,83.0,69.0,5.0,4.0,331.0,240.0,41.0,6842.0,1909.0,178.0,491.0,394.0,342.0,0.0,0.0,1371.0,238.0,2024-05-16 17:00:00,2024-05-16,5.0
16/05/2024,17:30,45652.0,44000.0,43000.0,154.0,1.0,622.0,39169.0,1635.0,7245.0,9348.0,-1335.0,1233.0,-12386.0,10.0,-3028.0,1700.0,-2949.0,-2227.0,-6042.0,77.0,72.0,6.0,4.0,331.0,247.0,41.0,7038.0,2133.0,177.0,497.0,391.0,344.0,0.0,0.0,1446.0,188.0,2024-05-16 17:30:00,2024-05-16,5.0
16/05/2024,18:00,45760.0,45200.0,44300.0,124.0,1.0,631.0,39040.0,1617.0,6481.0,9856.0,-51.0,1238.0,-13126.0,10.0,-3028.0,1471.0,-2510.0,-2227.0,-5372.0,47.0,71.0,5.0,4.0,331.0,258.0,40.0,7060.0,2130.0,665.0,500.0,392.0,346.0,0.0,0.0,1458.0,160.0,2024-05-16 18:00:00,2024-05-16,5.0
16/05/2024,18:30,46458.0,45800.0,45000.0,118.0,1.0,782.0,39205.0,1503.0,5343.0,10475.0,-39.0,1235.0,-12121.0,11.0,-3028.0,1471.0,-2510.0,-2227.0,-5371.0,42.0,72.0,5.0,4.0,331.0,407.0,39.0,7156.0,2402.0,918.0,503.0,386.0,346.0,0.0,0.0,1352.0,152.0,2024-05-16 18:30:00,2024-05-16,5.0
16/05/2024,19:00,47814.0,47000.0,46200.0,96.0,1.0,867.0,40440.0,1282.0,4197.0,11866.0,-39.0,1242.0,-12122.0,11.0,-3021.0,1700.0,-2510.0,-1740.0,-6331.0,22.0,70.0,5.0,4.0,331.0,493.0,39.0,7307.0,2883.0,1676.0,507.0,388.0,347.0,0.0,0.0,1129.0,153.0,2024-05-16 19:00:00,2024-05-16,5.0
16/05/2024,19:30,48507.0,47500.0,46800.0,83.0,1.0,878.0,40899.0,1140.0,2905.0,13453.0,-39.0,1246.0,-12009.0,10.0,-3021.0,1700.0,-2510.0,-1740.0,-6414.0,9.0,70.0,4.0,4.0,331.0,499.0,43.0,7430.0,3194.0,2828.0,508.0,393.0,345.0,0.0,0.0,1016.0,124.0,2024-05-16 19:30:00,2024-05-16,5.0
16/05/2024,20:00,48204.0,46400.0,45800.0,83.0,1.0,876.0,41097.0,1096.0,1826.0,14385.0,-38.0,1250.0,-12327.0,11.0,-3028.0,1263.0,-2510.0,-2227.0,-6201.0,10.0,69.0,4.0,6.0,330.0,496.0,44.0,7552.0,3463.0,3369.0,510.0,398.0,342.0,0.0,0.0,1022.0,74.0,2024-05-16 20:00:00,2024-05-16,5.0
16/05/2024,20:30,46759.0,45200.0,44600.0,82.0,1.0,860.0,40931.0,995.0,928.0,14329.0,-38.0,1253.0,-12540.0,11.0,-3028.0,1263.0,-2510.0,-2227.0,-6280.0,10.0,69.0,3.0,4.0,323.0,495.0,38.0,7719.0,3437.0,3172.0,509.0,399.0,345.0,0.0,0.0,924.0,70.0,2024-05-16 20:30:00,2024-05-16,5.0
16/05/2024,21:00,45456.0,44200.0,43700.0,82.0,1.0,866.0,40904.0,1022.0,353.0,14302.0,-38.0,1250.0,-13256.0,11.0,-2978.0,-1104.0,-2510.0,-743.0,-5803.0,10.0,70.0,3.0,4.0,327.0,496.0,39.0,7742.0,3449.0,3111.0,510.0,395.0,346.0,0.0,0.0,918.0,104.0,2024-05-16 21:00:00,2024-05-16,5.0
16/05/2024,21:30,44964.0,44100.0,43700.0,82.0,1.0,878.0,41089.0,874.0,56.0,14294.0,-38.0,1241.0,-13477.0,11.0,-2978.0,-1104.0,-2510.0,-718.0,-5674.0,10.0,70.0,3.0,4.0,337.0,497.0,41.0,7741.0,3400.0,3153.0,503.0,392.0,345.0,0.0,0.0,780.0,94.0,2024-05-16 21:30:00,2024-05-16,5.0
16/05/2024,22:00,44894.0,43500.0,43200.0,82.0,1.0,882.0,40941.0,774.0,2.0,14203.0,-39.0,1232.0,-13136.0,11.0,-1775.0,-1300.0,-2445.0,-586.0,-5453.0,10.0,70.0,3.0,4.0,338.0,498.0,42.0,7761.0,3379.0,3063.0,496.0,394.0,341.0,0.0,0.0,697.0,77.0,2024-05-16 22:00:00,2024-05-16,5.0
16/05/2024,22:30,45608.0,44500.0,44200.0,82.0,1.0,672.0,40977.0,873.0,0.0,14159.0,-25.0,1230.0,-12334.0,10.0,-1775.0,-1300.0,-2445.0,-538.0,-4449.0,10.0,70.0,3.0,2.0,337.0,291.0,42.0,7779.0,3339.0,3042.0,501.0,389.0,339.0,0.0,0.0,812.0,61.0,2024-05-16 22:30:00,2024-05-16,5.0
16/05/2024,23:00,46848.0,46500.0,46300.0,83.0,0.0,533.0,41025.0,1082.0,0.0,14000.0,-25.0,1233.0,-11039.0,9.0,-2006.0,-914.0,-2238.0,-1398.0,-5253.0,10.0,70.0,3.0,1.0,338.0,152.0,42.0,7731.0,3353.0,2916.0,498.0,393.0,341.0,0.0,0.0,1005.0,77.0,2024-05-16 23:00:00,2024-05-16,5.0
16/05/2024,23:30,46146.0,45500.0,45300.0,83.0,1.0,481.0,41109.0,1232.0,0.0,14272.0,-24.0,1238.0,-12217.0,8.0,-2006.0,-914.0,-2238.0,-1398.0,-5378.0,10.0,70.0,3.0,1.0,336.0,102.0,42.0,7748.0,3449.0,3075.0,501.0,395.0,342.0,0.0,0.0,1131.0,101.0,2024-05-16 23:30:00,2024-05-16,5.0
12/06/2024,00:00,44011.0,43000.0,42800.0,66.0,11.0,403.0,40343.0,2783.0,0.0,12221.0,-50.0,1177.0,-12864.0,8.0,-3014.0,-1450.0,-1578.0,-1857.0,-5375.0,0.0,63.0,4.0,1.0,308.0,49.0,46.0,7163.0,3440.0,1618.0,474.0,365.0,338.0,0.0,0.0,2445.0,337.0,2024-06-12 00:00:00,2024-06-12,6.0
12/06/2024,00:30,42598.0,41100.0,40400.0,68.0,10.0,388.0,40204.0,2683.0,0.0,11751.0,-73.0,1166.0,-13547.0,8.0,-3014.0,-1450.0,-1578.0,-1857.0,-5375.0,0.0,66.0,4.0,1.0,298.0,50.0,40.0,6862.0,3094.0,1795.0,472.0,360.0,333.0,0.0,0.0,2400.0,283.0,2024-06-12 00:30:00,2024-06-12,6.0
12/06/2024,01:00,39937.0,39100.0,39100.0,68.0,10.0,341.0,39387.0,2546.0,0.0,10052.0,-84.0,1158.0,-13474.0,8.0,-3014.0,-1250.0,-1578.0,-1857.0,-5413.0,0.0,66.0,4.0,1.0,297.0,4.0,39.0,6663.0,2037.0,1353.0,464.0,361.0,333.0,0.0,0.0,2309.0,236.0,2024-06-12 01:00:00,2024-06-12,6.0
12/06/2024,01:30,39184.0,39000.0,38100.0,68.0,10.0,328.0,39363.0,2405.0,0.0,9538.0,-196.0,1168.0,-13438.0,8.0,-3014.0,-1250.0,-1578.0,-1857.0,-5411.0,0.0,66.0,4.0,1.0,297.0,0.0,39.0,6420.0,1876.0,1241.0,468.0,366.0,335.0,0.0,0.0,2199.0,206.0,2024-06-12 01:30:00,2024-06-12,6.0
12/06/2024,02:00,38470.0,38700.0,38000.0,68.0,11.0,328.0,39127.0,2259.0,0.0,9394.0,-491.0,1169.0,-13324.0,8.0,-3014.0,-1438.0,-1578.0,-1857.0,-5048.0,0.0,66.0,4.0,1.0,297.0,0.0,39.0,6351.0,1865.0,1178.0,467.0,366.0,336.0,0.0,0.0,2074.0,185.0,2024-06-12 02:00:00,2024-06-12,6.0
12/06/2024,02:30,38075.0,37600.0,36800.0,69.0,10.0,328.0,39229.0,2151.0,0.0,8759.0,-672.0,1178.0,-12916.0,8.0,-3014.0,-1438.0,-1578.0,-1857.0,-5139.0,0.0,66.0,4.0,1.0,297.0,0.0,39.0,6300.0,1861.0,599.0,473.0,367.0,338.0,0.0,0.0,1983.0,168.0,2024-06-12 02:30:00,2024-06-12,6.0
12/06/2024,03:00,36811.0,36400.0,35700.0,69.0,11.0,328.0,39070.0,2163.0,0.0,8504.0,-1247.0,1190.0,-13209.0,9.0,-3014.0,-1450.0,-1737.0,-1857.0,-5472.0,0.0,66.0,4.0,1.0,297.0,0.0,39.0,6309.0,1811.0,385.0,480.0,371.0,339.0,0.0,0.0,1986.0,177.0,2024-06-12 03:00:00,2024-06-12,6.0
12/06/2024,03:30,36216.0,35700.0,35100.0,69.0,10.0,328.0,38975.0,2133.0,0.0,8418.0,-1445.0,1193.0,-13406.0,9.0,-3014.0,-1450.0,-1737.0,-1857.0,-5472.0,0.0,67.0,4.0,1.0,297.0,0.0,39.0,6356.0,1878.0,184.0,478.0,375.0,339.0,0.0,0.0,1951.0,182.0,2024-06-12 03:30:00,2024-06-12,6.0
12/06/2024,04:00,35474.0,35300.0,34900.0,69.0,11.0,329.0,38583.0,2047.0,0.0,8394.0,-1522.0,1185.0,-13551.0,9.0,-3014.0,-1450.0,-1737.0,-1857.0,-5083.0,0.0,67.0,4.0,1.0,299.0,0.0,39.0,6387.0,1845.0,162.0,476.0,371.0,338.0,0.0,0.0,1872.0,175.0,2024-06-12 04:00:00,2024-06-12,6.0
12/06/2024,04:30,35219.0,35000.0,34700.0,69.0,10.0,330.0,38744.0,1967.0,0.0,8334.0,-2004.0,1184.0,-13350.0,9.0,-3014.0,-1450.0,-1737.0,-1857.0,-5086.0,0.0,67.0,4.0,1.0,299.0,0.0,39.0,6395.0,1768.0,172.0,476.0,370.0,338.0,0.0,0.0,1808.0,160.0,2024-06-12 04:30:00,2024-06-12,6.0
12/06/2024,05:00,35180.0,35700.0,35200.0,69.0,10.0,330.0,38816.0,1830.0,0.0,8333.0,-2050.0,1186.0,-13279.0,9.0,-3014.0,-1299.0,-1737.0,-1832.0,-5126.0,0.0,67.0,4.0,1.0,299.0,0.0,39.0,6395.0,1768.0,170.0,481.0,369.0,335.0,0.0,0.0,1677.0,152.0,2024-06-12 05:00:00,2024-06-12,6.0
12/06/2024,05:30,36208.0,36500.0,36100.0,69.0,10.0,331.0,39153.0,1789.0,0.0,8396.0,-1624.0,1174.0,-13025.0,9.0,-3014.0,-1299.0,-1737.0,-1832.0,-5126.0,0.0,67.0,4.0,1.0,299.0,0.0,39.0,6400.0,1827.0,169.0,473.0,365.0,335.0,0.0,0.0,1630.0,159.0,2024-06-12 05:30:00,2024-06-12,6.0
12/06/2024,06:00,36941.0,37600.0,37100.0,67.0,11.0,331.0,39278.0,1816.0,9.0,8495.0,-1292.0,1178.0,-12890.0,9.0,-3014.0,-1450.0,-1737.0,-1857.0,-4340.0,0.0,65.0,4.0,1.0,300.0,0.0,40.0,6462.0,1864.0,169.0,472.0,369.0,336.0,0.0,0.0,1676.0,140.0,2024-06-12 06:00:00,2024-06-12,6.0
12/06/2024,06:30,38750.0,39700.0,39200.0,68.0,10.0,332.0,39140.0,1804.0,122.0,9218.0,-854.0,1183.0,-12210.0,8.0,-3014.0,-1450.0,-1737.0,-1857.0,-4340.0,0.0,65.0,4.0,1.0,300.0,0.0,40.0,6629.0,2151.0,437.0,472.0,374.0,336.0,0.0,0.0,1687.0,117.0,2024-06-12 06:30:00,2024-06-12,6.0
12/06/2024,07:00,40652.0,41800.0,41100.0,68.0,11.0,331.0,39826.0,1729.0,485.0,10003.0,-683.0,1178.0,-12234.0,8.0,-3014.0,-1450.0,-2042.0,-1030.0,-4208.0,0.0,66.0,4.0,1.0,300.0,0.0,39.0,6686.0,2401.0,916.0,466.0,374.0,338.0,0.0,0.0,1617.0,112.0,2024-06-12 07:00:00,2024-06-12,6.0
12/06/2024,07:30,42920.0,44100.0,43100.0,68.0,11.0,333.0,39902.0,1639.0,1199.0,10439.0,-170.0,1174.0,-11607.0,8.0,-3014.0,-1450.0,-2042.0,-1030.0,-4002.0,0.0,66.0,4.0,1.0,300.0,0.0,39.0,6828.0,2606.0,1006.0,461.0,375.0,338.0,0.0,0.0,1520.0,119.0,2024-06-12 07:30:00,2024-06-12,6.0
12/06/2024,08:00,44439.0,45300.0,44300.0,68.0,10.0,350.0,40216.0,1398.0,2383.0,10367.0,-43.0,1174.0,-11422.0,8.0,-3014.0,-1374.0,-2042.0,-1680.0,-3925.0,0.0,66.0,4.0,1.0,301.0,4.0,43.0,6780.0,2450.0,1137.0,463.0,374.0,337.0,0.0,0.0,1286.0,112.0,2024-06-12 08:00:00,2024-06-12,6.0
12/06/2024,08:30,46056.0,46600.0,45800.0,68.0,11.0,378.0,40264.0,1061.0,3941.0,10666.0,-43.0,1175.0,-11398.0,8.0,-3014.0,-1374.0,-2042.0,-1680.0,-3927.0,0.0,66.0,4.0,4.0,307.0,11.0,57.0,6626.0,2526.0,1513.0,463.0,377.0,336.0,0.0,0.0,961.0,100.0,2024-06-12 08:30:00,2024-06-12,6.0
12/06/2024,09:00,47089.0,47200.0,46400.0,69.0,10.0,485.0,40223.0,874.0,5696.0,10511.0,-43.0,1167.0,-11833.0,8.0,-2764.0,-1374.0,-2023.0,-1857.0,-4512.0,0.0,66.0,4.0,4.0,306.0,119.0,55.0,6551.0,2272.0,1688.0,462.0,372.0,333.0,0.0,0.0,782.0,92.0,2024-06-12 09:00:00,2024-06-12,6.0
12/06/2024,09:30,47654.0,47800.0,46800.0,68.0,11.0,537.0,40354.0,851.0,7517.0,9922.0,-43.0,1161.0,-12665.0,8.0,-2764.0,-1374.0,-2023.0,-1857.0,-4512.0,0.0,65.0,5.0,4.0,305.0,172.0,56.0,6427.0,2057.0,1438.0,463.0,369.0,329.0,0.0,0.0,780.0,71.0,2024-06-12 09:30:00,2024-06-12,6.0
12/06/2024,10:00,48134.0,47700.0,46900.0,68.0,10.0,632.0,39964.0,856.0,9239.0,9052.0,-155.0,1159.0,-12624.0,9.0,-3014.0,-1173.0,-2023.0,-1857.0,-4313.0,0.0,64.0,5.0,4.0,306.0,269.0,53.0,6393.0,1913.0,746.0,462.0,371.0,326.0,0.0,0.0,802.0,54.0,2024-06-12 10:00:00,2024-06-12,6.0
12/06/2024,10:30,48253.0,47500.0,47300.0,69.0,10.0,738.0,39535.0,906.0,10633.0,8386.0,-888.0,1152.0,-12229.0,9.0,-3014.0,-1173.0,-2023.0,-1857.0,-4314.0,0.0,65.0,6.0,4.0,308.0,374.0,52.0,6273.0,1753.0,360.0,463.0,363.0,326.0,0.0,0.0,866.0,40.0,2024-06-12 10:30:00,2024-06-12,6.0
12/06/2024,11:00,48631.0,48100.0,48000.0,75.0,10.0,757.0,39147.0,961.0,11757.0,8270.0,-1098.0,1162.0,-12346.0,9.0,-3014.0,-1260.0,-2023.0,-1857.0,-3469.0,0.0,65.0,11.0,4.0,307.0,394.0,52.0,6152.0,1755.0,364.0,467.0,367.0,328.0,0.0,0.0,937.0,24.0,2024-06-12 11:00:00,2024-06-12,6.0
12/06/2024,11:30,49088.0,48500.0,48600.0,70.0,10.0,760.0,38656.0,1033.0,12420.0,8230.0,-1557.0,1158.0,-11636.0,9.0,-3014.0,-1260.0,-2023.0,-1857.0,-3446.0,0.0,65.0,6.0,4.0,307.0,397.0,52.0,6077.0,1794.0,360.0,466.0,364.0,328.0,0.0,0.0,1007.0,26.0,2024-06-12 11:30:00,2024-06-12,6.0
12/06/2024,12:00,49737.0,49600.0,49200.0,70.0,11.0,762.0,38326.0,1096.0,12758.0,8286.0,-1839.0,1152.0,-10824.0,10.0,-3014.0,-1120.0,-2246.0,-1857.0,-2902.0,0.0,65.0,6.0,4.0,307.0,397.0,54.0,6096.0,1832.0,358.0,464.0,359.0,330.0,0.0,0.0,1075.0,21.0,2024-06-12 12:00:00,2024-06-12,6.0
12/06/2024,12:30,50427.0,48800.0,48500.0,72.0,11.0,677.0,38391.0,1154.0,12804.0,8474.0,-1649.0,1150.0,-10599.0,9.0,-3014.0,-1120.0,-2246.0,-1857.0,-2659.0,0.0,65.0,9.0,4.0,305.0,304.0,64.0,6231.0,1877.0,366.0,464.0,359.0,328.0,0.0,0.0,1138.0,16.0,2024-06-12 12:30:00,2024-06-12,6.0
12/06/2024,13:00,51080.0,49900.0,50100.0,71.0,11.0,650.0,38118.0,1177.0,12875.0,9013.0,-975.0,1157.0,-10952.0,9.0,-2845.0,-1378.0,-2246.0,-1857.0,-2671.0,0.0,65.0,7.0,4.0,304.0,290.0,53.0,6377.0,2124.0,512.0,466.0,359.0,332.0,0.0,0.0,1164.0,13.0,2024-06-12 13:00:00,2024-06-12,6.0
12/06/2024,13:30,50006.0,47400.0,47800.0,70.0,11.0,569.0,38208.0,1236.0,12587.0,8200.0,-1327.0,1162.0,-10648.0,8.0,-2845.0,-1378.0,-2246.0,-1857.0,-2769.0,0.0,65.0,7.0,4.0,304.0,202.0,59.0,6253.0,1764.0,183.0,465.0,366.0,331.0,0.0,0.0,1225.0,11.0,2024-06-12 13:30:00,2024-06-12,6.0
12/06/2024,14:00,49190.0,47200.0,47000.0,70.0,11.0,547.0,38125.0,1249.0,12357.0,7834.0,-1373.0,1159.0,-10727.0,8.0,-2816.0,-1283.0,-2246.0,-1838.0,-2520.0,0.0,65.0,7.0,4.0,304.0,174.0,66.0,6057.0,1605.0,172.0,466.0,363.0,330.0,0.0,0.0,1238.0,11.0,2024-06-12 14:00:00,2024-06-12,6.0
12/06/2024,14:30,48759.0,46200.0,46600.0,71.0,11.0,513.0,38185.0,1302.0,12056.0,7814.0,-1774.0,1157.0,-10517.0,8.0,-2816.0,-1283.0,-2246.0,-1838.0,-2587.0,0.0,65.0,7.0,4.0,305.0,142.0,62.0,6039.0,1602.0,173.0,464.0,362.0,331.0,0.0,0.0,1275.0,28.0,2024-06-12 14:30:00,2024-06-12,6.0
12/06/2024,15:00,48048.0,45500.0,45300.0,69.0,14.0,361.0,37972.0,1398.0,11796.0,7870.0,-2029.0,1152.0,-10494.0,7.0,-2816.0,-305.0,-2028.0,-1828.0,-3364.0,0.0,64.0,6.0,4.0,306.0,0.0,60.0,6071.0,1627.0,172.0,456.0,363.0,332.0,0.0,0.0,1332.0,66.0,2024-06-12 15:00:00,2024-06-12,6.0
12/06/2024,15:30,47387.0,44900.0,45100.0,70.0,14.0,371.0,37714.0,1438.0,11045.0,7953.0,-2154.0,1155.0,-10159.0,8.0,-2816.0,-305.0,-2028.0,-1828.0,-3402.0,0.0,65.0,7.0,4.0,309.0,0.0,67.0,6109.0,1676.0,168.0,457.0,363.0,334.0,0.0,0.0,1355.0,83.0,2024-06-12 15:30:00,2024-06-12,6.0
12/06/2024,16:00,46618.0,44500.0,44800.0,71.0,15.0,371.0,37482.0,1636.0,10492.0,7971.0,-2088.0,1163.0,-10425.0,8.0,-2915.0,72.0,-2028.0,-1857.0,-3706.0,0.0,65.0,8.0,4.0,308.0,0.0,69.0,6138.0,1660.0,172.0,458.0,370.0,334.0,0.0,0.0,1535.0,100.0,2024-06-12 16:00:00,2024-06-12,6.0
12/06/2024,16:30,45997.0,43700.0,44200.0,70.0,15.0,366.0,37069.0,1714.0,9979.0,8042.0,-1870.0,1165.0,-10484.0,8.0,-2915.0,72.0,-2028.0,-1857.0,-3707.0,0.0,64.0,7.0,4.0,304.0,0.0,66.0,6166.0,1702.0,174.0,460.0,365.0,340.0,0.0,0.0,1626.0,88.0,2024-06-12 16:30:00,2024-06-12,6.0
12/06/2024,17:00,45365.0,42900.0,43800.0,70.0,15.0,365.0,36764.0,1666.0,9363.0,8116.0,-1424.0,1180.0,-10683.0,8.0,-2846.0,-538.0,-2028.0,-2227.0,-4122.0,0.0,64.0,7.0,4.0,305.0,0.0,65.0,6197.0,1744.0,174.0,461.0,375.0,344.0,0.0,0.0,1577.0,90.0,2024-06-12 17:00:00,2024-06-12,6.0
12/06/2024,17:30,44996.0,42800.0,43500.0,69.0,15.0,365.0,37120.0,1726.0,8455.0,8588.0,-1280.0,1176.0,-11168.0,8.0,-2846.0,-538.0,-2028.0,-2227.0,-4122.0,0.0,64.0,6.0,4.0,307.0,0.0,63.0,6363.0,2050.0,175.0,457.0,374.0,345.0,0.0,0.0,1624.0,102.0,2024-06-12 17:30:00,2024-06-12,6.0
12/06/2024,18:00,45277.0,44100.0,44700.0,69.0,15.0,366.0,38024.0,1764.0,7356.0,8841.0,-804.0,1180.0,-11470.0,8.0,-3014.0,45.0,-2181.0,-2227.0,-4199.0,0.0,64.0,6.0,4.0,308.0,0.0,63.0,6481.0,2059.0,301.0,455.0,379.0,346.0,0.0,0.0,1634.0,130.0,2024-06-12 18:00:00,2024-06-12,6.0
12/06/2024,18:30,45965.0,44800.0,45400.0,120.0,15.0,396.0,38509.0,1828.0,6221.0,9516.0,-51.0,1191.0,-11712.0,9.0,-3014.0,45.0,-2181.0,-2227.0,-4199.0,50.0,64.0,6.0,4.0,338.0,0.0,63.0,6650.0,2283.0,582.0,461.0,383.0,348.0,0.0,0.0,1655.0,173.0,2024-06-12 18:30:00,2024-06-12,6.0
12/06/2024,19:00,47130.0,46000.0,46500.0,517.0,15.0,415.0,39579.0,1859.0,5006.0,10490.0,-20.0,1187.0,-11858.0,14.0,-3014.0,1297.0,-1781.0,-2227.0,-4153.0,448.0,63.0,5.0,5.0,367.0,0.0,53.0,6813.0,2531.0,1147.0,457.0,384.0,346.0,0.0,0.0,1639.0,221.0,2024-06-12 19:00:00,2024-06-12,6.0
12/06/2024,19:30,47573.0,45600.0,46000.0,584.0,15.0,416.0,39989.0,1883.0,3799.0,10308.0,-20.0,1188.0,-10521.0,15.0,-3014.0,1297.0,-1781.0,-2227.0,-4153.0,517.0,63.0,5.0,7.0,366.0,0.0,52.0,6951.0,2586.0,771.0,453.0,387.0,348.0,0.0,0.0,1683.0,201.0,2024-06-12 19:30:00,2024-06-12,6.0
12/06/2024,20:00,46975.0,45000.0,45400.0,585.0,15.0,417.0,40462.0,1790.0,2631.0,10577.0,-20.0,1194.0,-10609.0,15.0,-3014.0,-500.0,-2181.0,-513.0,-5772.0,517.0,63.0,5.0,9.0,366.0,0.0,52.0,6948.0,2617.0,1013.0,458.0,387.0,349.0,0.0,0.0,1638.0,152.0,2024-06-12 20:00:00,2024-06-12,6.0
12/06/2024,20:30,45656.0,43800.0,44100.0,473.0,15.0,370.0,40636.0,1715.0,1591.0,12227.0,-20.0,1190.0,-12479.0,13.0,-3014.0,-500.0,-2181.0,-513.0,-5797.0,405.0,63.0,5.0,7.0,332.0,0.0,40.0,7030.0,3076.0,2121.0,457.0,385.0,348.0,0.0,0.0,1603.0,112.0,2024-06-12 20:30:00,2024-06-12,6.0
12/06/2024,21:00,44442.0,43000.0,43300.0,71.0,15.0,332.0,40803.0,1623.0,779.0,12478.0,-20.0,1199.0,-12774.0,7.0,-3014.0,-1450.0,-2319.0,-237.0,-5619.0,4.0,63.0,4.0,6.0,297.0,0.0,38.0,7016.0,3145.0,2317.0,464.0,387.0,348.0,0.0,0.0,1508.0,115.0,2024-06-12 21:00:00,2024-06-12,6.0
12/06/2024,21:30,43586.0,42600.0,42800.0,65.0,16.0,332.0,40803.0,1606.0,266.0,12096.0,-19.0,1200.0,-12714.0,8.0,-3014.0,-1450.0,-2319.0,-237.0,-5619.0,0.0,63.0,4.0,6.0,297.0,0.0,38.0,6979.0,2912.0,2205.0,465.0,388.0,347.0,0.0,0.0,1477.0,129.0,2024-06-12 21:30:00,2024-06-12,6.0
12/06/2024,22:00,43299.0,43500.0,43600.0,65.0,15.0,330.0,40837.0,1572.0,34.0,12099.0,-20.0,1202.0,-12771.0,8.0,-3014.0,-1296.0,-2319.0,692.0,-4863.0,0.0,63.0,4.0,1.0,299.0,0.0,38.0,7013.0,2943.0,2143.0,460.0,395.0,346.0,0.0,0.0,1461.0,112.0,2024-06-12 22:00:00,2024-06-12,6.0
12/06/2024,22:30,44453.0,45300.0,45400.0,65.0,16.0,329.0,40786.0,1525.0,0.0,11776.0,-20.0,1201.0,-11155.0,8.0,-3014.0,-1296.0,-2319.0,692.0,-4348.0,0.0,63.0,4.0,1.0,299.0,0.0,38.0,6974.0,2818.0,1984.0,458.0,397.0,346.0,0.0,0.0,1416.0,108.0,2024-06-12 22:30:00,2024-06-12,6.0
12/06/2024,23:00,45862.0,45300.0,45300.0,65.0,16.0,328.0,40841.0,1549.0,0.0,12367.0,-20.0,1211.0,-10427.0,7.0,-3014.0,-1450.0,-2106.0,1200.0,-6302.0,0.0,63.0,4.0,1.0,299.0,0.0,37.0,7004.0,3209.0,2153.0,461.0,404.0,346.0,0.0,0.0,1437.0,112.0,2024-06-12 23:00:00,2024-06-12,6.0
12/06/2024,23:30,45371.0,44600.0,44600.0,65.0,16.0,329.0,40993.0,1488.0,0.0,12748.0,-20.0,1214.0,-11400.0,7.0,-3014.0,-1450.0,-2106.0,1200.0,-6332.0,0.0,63.0,4.0,1.0,299.0,0.0,38.0,7032.0,3386.0,2330.0,461.0,408.0,344.0,0.0,0.0,1414.0,74.0,2024-06-12 23:30:00,2024-06-12,6.0
25/07/2024,00:00,45601.0,44100.0,44400.0,86.0,19.0,1645.0,42328.0,1470.0,2.0,8383.0,-56.0,1274.0,-9512.0,17.0,-3320.0,-1350.0,-3136.0,687.0,-4423.0,11.0,70.0,4.0,39.0,304.0,1259.0,42.0,5115.0,2200.0,1068.0,530.0,399.0,346.0,0.0,0.0,1462.0,7.0,2024-07-25 00:00:00,2024-07-25,7.0
25/07/2024,00:30,43924.0,42100.0,42700.0,86.0,19.0,1468.0,42458.0,1414.0,2.0,8663.0,-59.0,1268.0,-11376.0,16.0,-3320.0,-1350.0,-3136.0,687.0,-4468.0,12.0,71.0,4.0,19.0,282.0,1125.0,42.0,4970.0,2157.0,1535.0,533.0,390.0,345.0,0.0,0.0,1411.0,3.0,2024-07-25 00:30:00,2024-07-25,7.0
25/07/2024,01:00,41073.0,39900.0,40000.0,86.0,19.0,1049.0,41916.0,1387.0,2.0,7151.0,-13.0,1277.0,-11760.0,14.0,-3388.0,-1350.0,-3136.0,676.0,-4799.0,12.0,71.0,4.0,12.0,282.0,714.0,41.0,4860.0,1557.0,734.0,541.0,391.0,345.0,0.0,0.0,1378.0,9.0,2024-07-25 01:00:00,2024-07-25,7.0
25/07/2024,01:30,40175.0,40100.0,40400.0,86.0,19.0,656.0,42043.0,1361.0,2.0,6890.0,-141.0,1287.0,-12007.0,11.0,-3388.0,-1350.0,-3136.0,676.0,-4799.0,12.0,71.0,4.0,13.0,282.0,322.0,39.0,4870.0,1749.0,270.0,546.0,397.0,345.0,0.0,0.0,1339.0,22.0,2024-07-25 01:30:00,2024-07-25,7.0
25/07/2024,02:00,39446.0,39500.0,39500.0,86.0,19.0,567.0,41861.0,1366.0,0.0,6713.0,-198.0,1286.0,-12227.0,11.0,-3392.0,-1350.0,-3136.0,307.0,-4622.0,12.0,71.0,4.0,13.0,282.0,230.0,42.0,4903.0,1614.0,197.0,544.0,397.0,345.0,0.0,0.0,1343.0,23.0,2024-07-25 02:00:00,2024-07-25,7.0
25/07/2024,02:30,39016.0,38100.0,38100.0,86.0,19.0,350.0,42031.0,1298.0,0.0,6748.0,-529.0,1298.0,-12261.0,10.0,-3392.0,-1350.0,-3136.0,300.0,-4622.0,12.0,71.0,4.0,13.0,283.0,12.0,43.0,4930.0,1621.0,197.0,553.0,401.0,344.0,0.0,0.0,1275.0,23.0,2024-07-25 02:30:00,2024-07-25,7.0
25/07/2024,03:00,37752.0,36900.0,37100.0,86.0,19.0,322.0,41541.0,1295.0,0.0,6532.0,-761.0,1307.0,-12553.0,10.0,-3392.0,-1350.0,-3147.0,-1085.0,-4269.0,12.0,71.0,4.0,13.0,283.0,0.0,43.0,4930.0,1405.0,196.0,561.0,403.0,344.0,0.0,0.0,1240.0,55.0,2024-07-25 03:00:00,2024-07-25,7.0
25/07/2024,03:30,36947.0,36300.0,36200.0,86.0,19.0,323.0,41783.0,1220.0,0.0,6340.0,-857.0,1309.0,-13244.0,10.0,-3392.0,-1350.0,-3147.0,-1085.0,-4264.0,12.0,71.0,4.0,13.0,284.0,0.0,43.0,4901.0,1381.0,58.0,564.0,403.0,341.0,0.0,0.0,1189.0,31.0,2024-07-25 03:30:00,2024-07-25,7.0
25/07/2024,04:00,36235.0,35700.0,35600.0,86.0,19.0,323.0,41424.0,1200.0,0.0,6084.0,-927.0,1309.0,-13250.0,10.0,-3392.0,-1350.0,-3147.0,-1578.0,-4032.0,12.0,71.0,4.0,13.0,283.0,0.0,43.0,4874.0,1205.0,5.0,568.0,400.0,341.0,0.0,0.0,1145.0,55.0,2024-07-25 04:00:00,2024-07-25,7.0
25/07/2024,04:30,35870.0,35500.0,35600.0,86.0,19.0,329.0,41414.0,1153.0,0.0,5984.0,-1100.0,1293.0,-13283.0,10.0,-3392.0,-1350.0,-3147.0,-1578.0,-4032.0,12.0,71.0,4.0,13.0,289.0,0.0,43.0,4846.0,1133.0,5.0,565.0,392.0,336.0,0.0,0.0,1070.0,83.0,2024-07-25 04:30:00,2024-07-25,7.0
25/07/2024,05:00,35923.0,36100.0,36200.0,86.0,19.0,323.0,41541.0,1125.0,0.0,5776.0,-1130.0,1305.0,-13096.0,10.0,-3392.0,-1350.0,-3147.0,-776.0,-3728.0,12.0,71.0,4.0,13.0,283.0,0.0,42.0,4815.0,956.0,5.0,570.0,399.0,336.0,0.0,0.0,1033.0,92.0,2024-07-25 05:00:00,2024-07-25,7.0
25/07/2024,05:30,36698.0,36900.0,37000.0,86.0,19.0,323.0,41363.0,1136.0,0.0,5833.0,-862.0,1304.0,-12478.0,10.0,-3392.0,-1350.0,-3147.0,-776.0,-3728.0,12.0,71.0,4.0,13.0,283.0,0.0,43.0,4845.0,983.0,5.0,568.0,400.0,337.0,0.0,0.0,1061.0,75.0,2024-07-25 05:30:00,2024-07-25,7.0
25/07/2024,06:00,37542.0,37700.0,38100.0,86.0,19.0,324.0,41366.0,1145.0,0.0,6379.0,-626.0,1300.0,-12422.0,10.0,-3392.0,-2250.0,-3147.0,-169.0,-3744.0,12.0,71.0,4.0,13.0,283.0,0.0,43.0,4894.0,1181.0,304.0,566.0,397.0,337.0,0.0,0.0,1044.0,101.0,2024-07-25 06:00:00,2024-07-25,7.0
25/07/2024,06:30,38850.0,39000.0,39400.0,86.0,19.0,325.0,41475.0,1103.0,13.0,7094.0,-151.0,1298.0,-12379.0,10.0,-3392.0,-2250.0,-3147.0,-169.0,-3744.0,12.0,70.0,4.0,13.0,283.0,0.0,43.0,4866.0,1805.0,423.0,562.0,400.0,336.0,0.0,0.0,1022.0,81.0,2024-07-25 06:30:00,2024-07-25,7.0
25/07/2024,07:00,39970.0,40800.0,40500.0,86.0,19.0,324.0,41645.0,1155.0,173.0,7775.0,-49.0,1288.0,-12415.0,9.0,-3392.0,-2250.0,-3441.0,728.0,-3867.0,12.0,71.0,4.0,13.0,283.0,0.0,43.0,4779.0,2085.0,911.0,556.0,397.0,334.0,0.0,0.0,1068.0,87.0,2024-07-25 07:00:00,2024-07-25,7.0
25/07/2024,07:30,41830.0,42400.0,42400.0,87.0,19.0,325.0,42024.0,1203.0,645.0,8316.0,-13.0,1287.0,-12032.0,9.0,-3392.0,-2250.0,-3441.0,728.0,-3792.0,12.0,71.0,4.0,13.0,284.0,0.0,43.0,4842.0,2193.0,1281.0,551.0,400.0,336.0,0.0,0.0,1135.0,68.0,2024-07-25 07:30:00,2024-07-25,7.0
25/07/2024,08:00,43479.0,44000.0,44100.0,85.0,19.0,328.0,42212.0,1206.0,1515.0,8710.0,-13.0,1294.0,-11845.0,9.0,-3356.0,-1950.0,-3441.0,1200.0,-4223.0,12.0,69.0,4.0,13.0,285.0,0.0,45.0,4836.0,2397.0,1477.0,550.0,407.0,337.0,0.0,0.0,1153.0,53.0,2024-07-25 08:00:00,2024-07-25,7.0
25/07/2024,08:30,45267.0,45800.0,45700.0,83.0,19.0,345.0,42325.0,1088.0,2878.0,8704.0,-13.0,1287.0,-11422.0,9.0,-3356.0,-1950.0,-3441.0,1200.0,-4189.0,12.0,67.0,4.0,16.0,290.0,0.0,53.0,4786.0,2618.0,1300.0,546.0,407.0,335.0,0.0,0.0,1027.0,61.0,2024-07-25 08:30:00,2024-07-25,7.0
25/07/2024,09:00,46681.0,47000.0,46900.0,84.0,19.0,346.0,42214.0,943.0,4562.0,8670.0,-12.0,1274.0,-11389.0,8.0,-3392.0,-2050.0,-3320.0,1200.0,-4455.0,12.0,68.0,4.0,16.0,292.0,0.0,53.0,4770.0,2619.0,1281.0,537.0,406.0,331.0,0.0,0.0,854.0,90.0,2024-07-25 09:00:00,2024-07-25,7.0
25/07/2024,09:30,47920.0,48000.0,47900.0,89.0,19.0,357.0,42304.0,855.0,6356.0,8646.0,-12.0,1258.0,-11927.0,8.0,-3392.0,-2050.0,-3320.0,1200.0,-4365.0,12.0,68.0,9.0,16.0,303.0,0.0,52.0,4737.0,2749.0,1160.0,526.0,402.0,329.0,0.0,0.0,761.0,94.0,2024-07-25 09:30:00,2024-07-25,7.0
25/07/2024,10:00,48754.0,48700.0,48600.0,91.0,19.0,359.0,42018.0,888.0,8147.0,7909.0,-12.0,1256.0,-11889.0,8.0,-3392.0,-2250.0,-3320.0,532.0,-3485.0,13.0,67.0,11.0,17.0,301.0,0.0,55.0,4657.0,2381.0,872.0,524.0,404.0,328.0,0.0,0.0,784.0,104.0,2024-07-25 10:00:00,2024-07-25,7.0
25/07/2024,10:30,49516.0,49000.0,49100.0,84.0,19.0,349.0,41954.0,975.0,9754.0,6992.0,-44.0,1256.0,-11792.0,8.0,-3392.0,-2250.0,-3320.0,370.0,-3152.0,12.0,67.0,6.0,18.0,288.0,0.0,57.0,4463.0,2001.0,528.0,526.0,401.0,329.0,0.0,0.0,850.0,124.0,2024-07-25 10:30:00,2024-07-25,7.0
25/07/2024,11:00,50064.0,49300.0,49400.0,85.0,19.0,346.0,41877.0,1120.0,11198.0,6434.0,-349.0,1252.0,-11880.0,8.0,-3392.0,-2250.0,-3320.0,-952.0,-1678.0,11.0,66.0,7.0,18.0,288.0,0.0,54.0,4466.0,1638.0,329.0,526.0,398.0,328.0,0.0,0.0,977.0,143.0,2024-07-25 11:00:00,2024-07-25,7.0
25/07/2024,11:30,50654.0,50000.0,49300.0,90.0,19.0,337.0,41491.0,1433.0,12458.0,5951.0,-420.0,1253.0,-11887.0,8.0,-3392.0,-2250.0,-3320.0,-952.0,-1549.0,11.0,65.0,13.0,18.0,287.0,0.0,46.0,4429.0,1486.0,36.0,524.0,400.0,329.0,0.0,0.0,1228.0,205.0,2024-07-25 11:30:00,2024-07-25,7.0
25/07/2024,12:00,51124.0,51000.0,50300.0,90.0,19.0,334.0,41103.0,1787.0,13478.0,5824.0,-561.0,1252.0,-12142.0,8.0,-3392.0,-2250.0,-3252.0,-1586.0,-461.0,11.0,65.0,14.0,16.0,288.0,0.0,44.0,4433.0,1386.0,5.0,523.0,396.0,333.0,0.0,0.0,1511.0,277.0,2024-07-25 12:00:00,2024-07-25,7.0
25/07/2024,12:30,52069.0,50300.0,49600.0,81.0,19.0,329.0,40413.0,2121.0,14203.0,5625.0,-700.0,1245.0,-11246.0,7.0,-3392.0,-2250.0,-3252.0,-1586.0,512.0,11.0,62.0,8.0,15.0,286.0,0.0,40.0,4461.0,1159.0,5.0,521.0,389.0,335.0,0.0,0.0,1796.0,325.0,2024-07-25 12:30:00,2024-07-25,7.0
25/07/2024,13:00,52679.0,51700.0,51000.0,81.0,19.0,329.0,39346.0,2251.0,14667.0,5534.0,-851.0,1243.0,-9908.0,8.0,-3392.0,-2250.0,-3252.0,-1510.0,-835.0,11.0,62.0,8.0,15.0,286.0,0.0,40.0,4445.0,1084.0,5.0,521.0,388.0,334.0,0.0,0.0,1973.0,278.0,2024-07-25 13:00:00,2024-07-25,7.0
25/07/2024,13:30,52036.0,49800.0,49100.0,80.0,19.0,329.0,38764.0,2329.0,14909.0,5618.0,-949.0,1244.0,-10310.0,8.0,-3392.0,-2250.0,-3252.0,-1510.0,-744.0,11.0,62.0,7.0,15.0,285.0,0.0,40.0,4512.0,1102.0,5.0,522.0,386.0,336.0,0.0,0.0,2039.0,290.0,2024-07-25 13:30:00,2024-07-25,7.0
25/07/2024,14:00,51717.0,50600.0,49900.0,79.0,19.0,329.0,38386.0,2318.0,15000.0,5549.0,-1042.0,1268.0,-10192.0,8.0,-3392.0,-2135.0,-3252.0,-2114.0,1127.0,11.0,62.0,7.0,15.0,284.0,0.0,41.0,4450.0,1095.0,5.0,553.0,379.0,336.0,0.0,0.0,2048.0,270.0,2024-07-25 14:00:00,2024-07-25,7.0
25/07/2024,14:30,51692.0,49800.0,49100.0,79.0,20.0,329.0,38451.0,2284.0,15017.0,5466.0,-1105.0,1282.0,-10107.0,8.0,-3392.0,-2135.0,-3252.0,-2127.0,611.0,11.0,61.0,7.0,15.0,284.0,0.0,41.0,4427.0,1034.0,5.0,558.0,388.0,337.0,0.0,0.0,2071.0,213.0,2024-07-25 14:30:00,2024-07-25,7.0
25/07/2024,15:00,51290.0,49600.0,48900.0,78.0,20.0,329.0,38517.0,2330.0,14794.0,5502.0,-1103.0,1285.0,-10432.0,8.0,-3392.0,-2083.0,-3367.0,-2149.0,1024.0,10.0,60.0,7.0,15.0,282.0,0.0,42.0,4456.0,1041.0,5.0,559.0,388.0,339.0,0.0,0.0,2102.0,228.0,2024-07-25 15:00:00,2024-07-25,7.0
25/07/2024,15:30,50810.0,49300.0,48600.0,79.0,20.0,331.0,38276.0,2340.0,14375.0,5370.0,-727.0,1279.0,-10497.0,8.0,-3392.0,-2083.0,-3367.0,-2149.0,207.0,10.0,61.0,7.0,15.0,280.0,0.0,46.0,4417.0,947.0,5.0,555.0,388.0,337.0,0.0,0.0,2081.0,259.0,2024-07-25 15:30:00,2024-07-25,7.0
25/07/2024,16:00,50229.0,48500.0,47800.0,80.0,20.0,328.0,38886.0,2310.0,13732.0,5361.0,-464.0,1270.0,-11262.0,8.0,-3392.0,-1698.0,-3367.0,-1907.0,-1767.0,10.0,61.0,9.0,16.0,281.0,0.0,43.0,4380.0,977.0,5.0,542.0,393.0,336.0,0.0,0.0,2056.0,254.0,2024-07-25 16:00:00,2024-07-25,7.0
25/07/2024,16:30,49750.0,48300.0,47600.0,79.0,19.0,335.0,39884.0,2314.0,12838.0,5619.0,-41.0,1270.0,-12534.0,8.0,-3392.0,-1698.0,-3367.0,-1907.0,-2551.0,10.0,61.0,8.0,16.0,281.0,0.0,44.0,4518.0,1067.0,34.0,538.0,394.0,339.0,0.0,0.0,2029.0,284.0,2024-07-25 16:30:00,2024-07-25,7.0
25/07/2024,17:00,49346.0,47900.0,47200.0,79.0,20.0,340.0,40887.0,2188.0,11806.0,5940.0,-21.0,1280.0,-13133.0,8.0,-3392.0,-2226.0,-3367.0,663.0,-4544.0,10.0,62.0,7.0,16.0,281.0,0.0,45.0,4523.0,1353.0,64.0,545.0,394.0,340.0,0.0,0.0,1948.0,239.0,2024-07-25 17:00:00,2024-07-25,7.0
25/07/2024,17:30,48978.0,47200.0,46500.0,80.0,20.0,355.0,41162.0,2140.0,10612.0,6356.0,-14.0,1296.0,-13000.0,8.0,-3392.0,-2226.0,-3367.0,663.0,-4577.0,10.0,64.0,7.0,33.0,281.0,0.0,44.0,4583.0,1557.0,217.0,558.0,399.0,339.0,0.0,0.0,1890.0,250.0,2024-07-25 17:30:00,2024-07-25,7.0
25/07/2024,18:00,48919.0,47800.0,47200.0,81.0,20.0,472.0,41698.0,2051.0,9205.0,7172.0,-13.0,1298.0,-13047.0,9.0,-3392.0,-1527.0,-3298.0,1150.0,-4479.0,10.0,65.0,6.0,38.0,285.0,105.0,44.0,4604.0,2100.0,467.0,555.0,402.0,342.0,0.0,0.0,1734.0,317.0,2024-07-25 18:00:00,2024-07-25,7.0
25/07/2024,18:30,49124.0,48200.0,47600.0,80.0,20.0,683.0,41970.0,1979.0,7649.0,7223.0,-13.0,1295.0,-11732.0,10.0,-3392.0,-1527.0,-3298.0,1150.0,-4471.0,10.0,64.0,6.0,38.0,299.0,298.0,48.0,4882.0,1922.0,419.0,555.0,399.0,341.0,0.0,0.0,1601.0,378.0,2024-07-25 18:30:00,2024-07-25,7.0
25/07/2024,19:00,49748.0,49000.0,48500.0,82.0,20.0,921.0,42471.0,1886.0,5992.0,8229.0,-13.0,1298.0,-11109.0,11.0,-3392.0,-240.0,-3298.0,1200.0,-4378.0,10.0,66.0,5.0,38.0,300.0,535.0,47.0,5112.0,2638.0,478.0,558.0,399.0,341.0,0.0,0.0,1473.0,414.0,2024-07-25 19:00:00,2024-07-25,7.0
25/07/2024,19:30,49751.0,48500.0,48200.0,82.0,20.0,1032.0,42542.0,1928.0,4165.0,8829.0,-13.0,1292.0,-10090.0,12.0,-3392.0,-240.0,-3298.0,1200.0,-4378.0,10.0,66.0,5.0,40.0,305.0,640.0,48.0,5290.0,2596.0,944.0,553.0,398.0,341.0,0.0,0.0,1552.0,376.0,2024-07-25 19:30:00,2024-07-25,7.0
25/07/2024,20:00,49188.0,47600.0,47400.0,82.0,20.0,1154.0,42671.0,2076.0,2533.0,9722.0,-13.0,1296.0,-10325.0,13.0,-3391.0,-2250.0,-3298.0,951.0,-2679.0,11.0,67.0,5.0,40.0,306.0,760.0,48.0,5415.0,2793.0,1514.0,558.0,399.0,339.0,0.0,0.0,1679.0,397.0,2024-07-25 20:00:00,2024-07-25,7.0
25/07/2024,20:30,47874.0,46300.0,46300.0,81.0,20.0,1201.0,42624.0,2254.0,1274.0,9906.0,-13.0,1301.0,-10739.0,14.0,-3391.0,-2250.0,-3298.0,951.0,-2683.0,11.0,67.0,4.0,41.0,307.0,807.0,45.0,5530.0,2836.0,1539.0,561.0,399.0,341.0,0.0,0.0,1814.0,440.0,2024-07-25 20:30:00,2024-07-25,7.0
25/07/2024,21:00,46449.0,45100.0,45200.0,82.0,20.0,1118.0,42608.0,2448.0,506.0,9340.0,-12.0,1308.0,-10936.0,13.0,-3391.0,-2250.0,-3368.0,1200.0,-3121.0,11.0,67.0,4.0,41.0,308.0,724.0,45.0,5545.0,2654.0,1141.0,563.0,400.0,345.0,0.0,0.0,1664.0,784.0,2024-07-25 21:00:00,2024-07-25,7.0
25/07/2024,21:30,45805.0,44900.0,45200.0,82.0,20.0,1137.0,42591.0,2219.0,108.0,9268.0,-13.0,1316.0,-10897.0,14.0,-3391.0,-2250.0,-3368.0,1200.0,-3083.0,11.0,67.0,4.0,41.0,309.0,744.0,44.0,5605.0,2570.0,1094.0,565.0,405.0,346.0,0.0,0.0,1526.0,693.0,2024-07-25 21:30:00,2024-07-25,7.0
25/07/2024,22:00,45620.0,44800.0,45200.0,82.0,20.0,1185.0,42444.0,2122.0,3.0,9545.0,-12.0,1316.0,-11053.0,14.0,-3278.0,-2250.0,-3368.0,1200.0,-2320.0,11.0,67.0,4.0,42.0,308.0,790.0,44.0,5623.0,2560.0,1362.0,564.0,409.0,344.0,0.0,0.0,1451.0,672.0,2024-07-25 22:00:00,2024-07-25,7.0
25/07/2024,22:30,46634.0,46300.0,46300.0,82.0,20.0,1057.0,42561.0,2152.0,0.0,9721.0,-12.0,1315.0,-10234.0,13.0,-3278.0,-2250.0,-3368.0,1200.0,-1300.0,11.0,67.0,4.0,42.0,304.0,665.0,45.0,5492.0,2754.0,1476.0,563.0,408.0,343.0,0.0,0.0,1499.0,653.0,2024-07-25 22:30:00,2024-07-25,7.0
25/07/2024,23:00,47687.0,48000.0,47500.0,82.0,20.0,1051.0,42520.0,2216.0,0.0,9815.0,-13.0,1315.0,-9286.0,13.0,-3075.0,-2221.0,-3084.0,1200.0,-3431.0,11.0,67.0,4.0,42.0,306.0,658.0,45.0,5496.0,3037.0,1282.0,564.0,407.0,343.0,0.0,0.0,1586.0,630.0,2024-07-25 23:00:00,2024-07-25,7.0
25/07/2024,23:30,46690.0,46500.0,46000.0,82.0,20.0,1069.0,42772.0,2291.0,0.0,9895.0,-12.0,1316.0,-10716.0,13.0,-3075.0,-2221.0,-3084.0,1200.0,-3455.0,11.0,67.0,4.0,40.0,301.0,684.0,45.0,5326.0,3184.0,1385.0,563.0,409.0,345.0,0.0,0.0,1708.0,583.0,2024-07-25 23:30:00,2024-07-25,7.0
16/08/2024,00:00,40321.0,39500.0,39700.0,78.0,20.0,873.0,37466.0,2974.0,0.0,8120.0,-14.0,1280.0,-10392.0,13.0,-2901.0,-2590.0,-2049.0,1200.0,-4068.0,10.0,64.0,3.0,1.0,256.0,582.0,34.0,4420.0,2107.0,1593.0,535.0,418.0,327.0,0.0,0.0,2202.0,772.0,2024-08-16 00:00:00,2024-08-16,8.0
16/08/2024,00:30,38981.0,37300.0,37700.0,78.0,20.0,529.0,37444.0,3134.0,0.0,6983.0,-14.0,1277.0,-10389.0,11.0,-2901.0,-2590.0,-2049.0,1200.0,-4681.0,10.0,64.0,4.0,1.0,245.0,249.0,34.0,4190.0,1780.0,1013.0,538.0,410.0,329.0,0.0,0.0,2375.0,759.0,2024-08-16 00:30:00,2024-08-16,8.0
16/08/2024,01:00,36510.0,35400.0,35700.0,78.0,20.0,478.0,37113.0,3244.0,0.0,5835.0,-286.0,1275.0,-11157.0,11.0,-2883.0,-2233.0,-2595.0,-1114.0,-3377.0,10.0,64.0,4.0,1.0,244.0,199.0,34.0,4075.0,1341.0,420.0,536.0,409.0,329.0,0.0,0.0,2546.0,699.0,2024-08-16 01:00:00,2024-08-16,8.0
16/08/2024,01:30,35927.0,35900.0,35600.0,78.0,20.0,446.0,37366.0,3309.0,0.0,5874.0,-234.0,1279.0,-12134.0,11.0,-2883.0,-2233.0,-2595.0,-1114.0,-3389.0,10.0,64.0,4.0,1.0,244.0,167.0,34.0,3933.0,1402.0,539.0,540.0,409.0,329.0,0.0,0.0,2676.0,632.0,2024-08-16 01:30:00,2024-08-16,8.0
16/08/2024,02:00,35341.0,35100.0,35800.0,78.0,20.0,480.0,37210.0,3430.0,0.0,5567.0,-312.0,1275.0,-12324.0,11.0,-3007.0,-2100.0,-2590.0,-1502.0,-3473.0,10.0,64.0,4.0,1.0,243.0,202.0,34.0,3777.0,1332.0,458.0,540.0,408.0,328.0,0.0,0.0,2760.0,670.0,2024-08-16 02:00:00,2024-08-16,8.0
16/08/2024,02:30,34829.0,34100.0,34100.0,78.0,20.0,448.0,37281.0,3592.0,0.0,5316.0,-632.0,1271.0,-12467.0,11.0,-3007.0,-2100.0,-2590.0,-1502.0,-3499.0,10.0,64.0,4.0,1.0,243.0,170.0,34.0,3571.0,1273.0,472.0,532.0,414.0,326.0,0.0,0.0,2877.0,715.0,2024-08-16 02:30:00,2024-08-16,8.0
16/08/2024,03:00,33655.0,33300.0,33100.0,78.0,20.0,470.0,37068.0,3560.0,0.0,4784.0,-717.0,1278.0,-12810.0,11.0,-3126.0,-2100.0,-2068.0,-1798.0,-3197.0,10.0,64.0,4.0,1.0,243.0,192.0,34.0,3470.0,1077.0,237.0,537.0,417.0,324.0,0.0,0.0,2846.0,714.0,2024-08-16 03:00:00,2024-08-16,8.0
16/08/2024,03:30,32935.0,32800.0,32400.0,78.0,20.0,451.0,36546.0,3563.0,0.0,4481.0,-1012.0,1279.0,-12387.0,11.0,-3126.0,-2100.0,-2068.0,-1798.0,-3204.0,11.0,64.0,4.0,1.0,243.0,173.0,34.0,3377.0,1033.0,71.0,537.0,418.0,323.0,0.0,0.0,2824.0,739.0,2024-08-16 03:30:00,2024-08-16,8.0
16/08/2024,04:00,32291.0,32500.0,31900.0,78.0,20.0,451.0,36394.0,3514.0,0.0,4491.0,-1628.0,1281.0,-12226.0,11.0,-2920.0,-2200.0,-2068.0,-1930.0,-3661.0,11.0,64.0,4.0,1.0,243.0,173.0,34.0,3365.0,1024.0,102.0,538.0,419.0,324.0,0.0,0.0,2808.0,706.0,2024-08-16 04:00:00,2024-08-16,8.0
16/08/2024,04:30,31957.0,32300.0,31700.0,78.0,20.0,453.0,36505.0,3343.0,0.0,4453.0,-1892.0,1275.0,-12196.0,12.0,-2920.0,-2200.0,-2068.0,-1930.0,-3679.0,11.0,63.0,4.0,1.0,243.0,175.0,34.0,3327.0,1024.0,101.0,533.0,418.0,324.0,0.0,0.0,2654.0,689.0,2024-08-16 04:30:00,2024-08-16,8.0
16/08/2024,05:00,31960.0,32600.0,32200.0,77.0,20.0,441.0,36916.0,3131.0,0.0,4519.0,-1903.0,1280.0,-12442.0,11.0,-3375.0,-2200.0,-2121.0,-1625.0,-3511.0,11.0,63.0,4.0,1.0,243.0,164.0,34.0,3332.0,1082.0,105.0,542.0,416.0,323.0,0.0,0.0,2424.0,707.0,2024-08-16 05:00:00,2024-08-16,8.0
16/08/2024,05:30,32549.0,33100.0,32600.0,77.0,20.0,480.0,37176.0,2909.0,0.0,4586.0,-1111.0,1275.0,-12783.0,12.0,-3375.0,-2200.0,-2121.0,-1625.0,-3524.0,11.0,63.0,3.0,1.0,243.0,202.0,34.0,3336.0,1160.0,90.0,539.0,415.0,321.0,0.0,0.0,2215.0,694.0,2024-08-16 05:30:00,2024-08-16,8.0
16/08/2024,06:00,33120.0,34000.0,33400.0,78.0,20.0,444.0,37211.0,2814.0,0.0,4708.0,-503.0,1272.0,-12844.0,11.0,-3382.0,-2200.0,-2135.0,-88.0,-4391.0,11.0,63.0,4.0,1.0,243.0,165.0,35.0,3354.0,1260.0,94.0,534.0,419.0,319.0,0.0,0.0,2150.0,664.0,2024-08-16 06:00:00,2024-08-16,8.0
16/08/2024,06:30,34094.0,35100.0,34300.0,78.0,20.0,475.0,37201.0,2770.0,1.0,4993.0,-296.0,1265.0,-12332.0,11.0,-3382.0,-2200.0,-2135.0,-88.0,-4444.0,11.0,63.0,4.0,1.0,243.0,194.0,36.0,3497.0,1396.0,101.0,529.0,418.0,318.0,0.0,0.0,2157.0,612.0,2024-08-16 06:30:00,2024-08-16,8.0
16/08/2024,07:00,34384.0,35700.0,34700.0,78.0,20.0,430.0,37265.0,2874.0,19.0,5238.0,-310.0,1271.0,-12417.0,11.0,-3381.0,-2590.0,-2281.0,137.0,-3696.0,11.0,63.0,4.0,2.0,243.0,148.0,37.0,3541.0,1243.0,455.0,532.0,419.0,320.0,0.0,0.0,2213.0,661.0,2024-08-16 07:00:00,2024-08-16,8.0
16/08/2024,07:30,35209.0,37100.0,35800.0,78.0,20.0,467.0,37227.0,3000.0,204.0,5530.0,-285.0,1264.0,-12188.0,11.0,-3381.0,-2590.0,-2281.0,137.0,-3722.0,11.0,63.0,4.0,3.0,243.0,184.0,37.0,3816.0,1127.0,587.0,523.0,419.0,323.0,0.0,0.0,2383.0,617.0,2024-08-16 07:30:00,2024-08-16,8.0
16/08/2024,08:00,36298.0,38500.0,36800.0,79.0,20.0,459.0,37744.0,2967.0,748.0,5544.0,-288.0,1264.0,-12130.0,11.0,-3382.0,-2590.0,-2145.0,934.0,-5171.0,11.0,63.0,4.0,3.0,247.0,172.0,37.0,3858.0,1212.0,474.0,525.0,415.0,324.0,0.0,0.0,2437.0,530.0,2024-08-16 08:00:00,2024-08-16,8.0
16/08/2024,08:30,37658.0,40000.0,38100.0,79.0,20.0,521.0,38007.0,2778.0,1701.0,5966.0,-207.0,1261.0,-12392.0,11.0,-3382.0,-2590.0,-2145.0,934.0,-5169.0,11.0,64.0,4.0,7.0,253.0,222.0,40.0,4029.0,1392.0,545.0,523.0,412.0,326.0,0.0,0.0,2333.0,445.0,2024-08-16 08:30:00,2024-08-16,8.0
16/08/2024,09:00,38950.0,41000.0,39400.0,80.0,20.0,572.0,38022.0,2519.0,3026.0,5984.0,-186.0,1255.0,-12253.0,11.0,-3379.0,-1167.0,-2796.0,273.0,-6017.0,11.0,64.0,4.0,7.0,255.0,270.0,40.0,4088.0,1382.0,514.0,520.0,409.0,325.0,0.0,0.0,2126.0,393.0,2024-08-16 09:00:00,2024-08-16,8.0
16/08/2024,09:30,40267.0,42400.0,40600.0,80.0,20.0,683.0,38095.0,2245.0,4540.0,6240.0,-184.0,1257.0,-12659.0,11.0,-3379.0,-1167.0,-2796.0,273.0,-6024.0,11.0,64.0,5.0,7.0,267.0,369.0,40.0,4105.0,1466.0,670.0,527.0,406.0,324.0,0.0,0.0,1915.0,330.0,2024-08-16 09:30:00,2024-08-16,8.0
16/08/2024,10:00,41287.0,43000.0,41000.0,81.0,19.0,692.0,38032.0,2128.0,6100.0,5734.0,-185.0,1249.0,-12510.0,11.0,-3381.0,-1.0,-2600.0,-884.0,-5565.0,11.0,65.0,5.0,7.0,266.0,379.0,40.0,4085.0,1219.0,430.0,520.0,406.0,323.0,0.0,0.0,1834.0,294.0,2024-08-16 10:00:00,2024-08-16,8.0
16/08/2024,10:30,42278.0,43500.0,41700.0,82.0,19.0,677.0,37826.0,2115.0,7577.0,5364.0,-457.0,1245.0,-12090.0,11.0,-3381.0,-1.0,-2600.0,-1092.0,-5236.0,11.0,65.0,5.0,10.0,253.0,374.0,40.0,3949.0,1169.0,247.0,510.0,407.0,328.0,0.0,0.0,1838.0,277.0,2024-08-16 10:30:00,2024-08-16,8.0
16/08/2024,11:00,42939.0,44200.0,42200.0,83.0,20.0,686.0,37748.0,2320.0,8899.0,5094.0,-797.0,1252.0,-12286.0,11.0,-3377.0,631.0,-2795.0,-121.0,-6651.0,11.0,66.0,6.0,9.0,253.0,384.0,39.0,3930.0,1061.0,103.0,510.0,409.0,333.0,0.0,0.0,2046.0,274.0,2024-08-16 11:00:00,2024-08-16,8.0
16/08/2024,11:30,43730.0,44500.0,42500.0,82.0,19.0,658.0,37712.0,2430.0,10223.0,4972.0,-1087.0,1245.0,-12439.0,10.0,-3377.0,631.0,-2795.0,-155.0,-6002.0,11.0,64.0,6.0,6.0,253.0,359.0,39.0,3877.0,993.0,101.0,504.0,406.0,336.0,0.0,0.0,2158.0,272.0,2024-08-16 11:30:00,2024-08-16,8.0
16/08/2024,12:00,44529.0,45800.0,44000.0,81.0,19.0,677.0,37754.0,2274.0,11282.0,4578.0,-1395.0,1244.0,-11905.0,10.0,-3380.0,-627.0,-2231.0,-361.0,-3604.0,11.0,64.0,6.0,3.0,254.0,381.0,39.0,3784.0,787.0,7.0,502.0,405.0,337.0,0.0,0.0,2058.0,215.0,2024-08-16 12:00:00,2024-08-16,8.0
16/08/2024,12:30,45508.0,45800.0,44300.0,80.0,17.0,627.0,37708.0,2223.0,12197.0,4339.0,-1659.0,1239.0,-11181.0,10.0,-3380.0,-627.0,-2231.0,-271.0,-2842.0,9.0,64.0,7.0,5.0,254.0,337.0,32.0,3564.0,770.0,5.0,496.0,407.0,336.0,0.0,0.0,2058.0,165.0,2024-08-16 12:30:00,2024-08-16,8.0
16/08/2024,13:00,46705.0,46800.0,45600.0,80.0,17.0,658.0,37664.0,2233.0,12870.0,4228.0,-1952.0,1244.0,-10250.0,10.0,-3149.0,-1609.0,-2233.0,-1072.0,-3646.0,9.0,63.0,7.0,5.0,254.0,371.0,29.0,3458.0,765.0,5.0,498.0,407.0,339.0,0.0,0.0,2097.0,136.0,2024-08-16 13:00:00,2024-08-16,8.0
16/08/2024,13:30,45927.0,44900.0,44000.0,76.0,16.0,630.0,37710.0,2296.0,13003.0,4074.0,-1605.0,1245.0,-11437.0,10.0,-3149.0,-1609.0,-2233.0,-1072.0,-3686.0,7.0,62.0,7.0,5.0,252.0,344.0,29.0,3310.0,760.0,5.0,503.0,404.0,338.0,0.0,0.0,2156.0,140.0,2024-08-16 13:30:00,2024-08-16,8.0
16/08/2024,14:00,45159.0,45200.0,43800.0,71.0,16.0,651.0,37520.0,2390.0,12932.0,4072.0,-1907.0,1230.0,-11737.0,10.0,-3089.0,-1416.0,-2284.0,-1011.0,-3927.0,1.0,63.0,8.0,5.0,253.0,365.0,30.0,3300.0,767.0,5.0,493.0,399.0,338.0,0.0,0.0,2261.0,129.0,2024-08-16 14:00:00,2024-08-16,8.0
16/08/2024,14:30,44948.0,44900.0,43000.0,68.0,16.0,638.0,37574.0,2525.0,12891.0,4099.0,-2021.0,1225.0,-11989.0,10.0,-3089.0,-1416.0,-2284.0,-806.0,-4830.0,0.0,64.0,7.0,4.0,253.0,351.0,30.0,3269.0,826.0,5.0,488.0,398.0,339.0,0.0,0.0,2405.0,119.0,2024-08-16 14:30:00,2024-08-16,8.0
16/08/2024,15:00,44518.0,44300.0,42800.0,68.0,16.0,653.0,37565.0,2667.0,12667.0,4089.0,-1996.0,1215.0,-12340.0,10.0,-3271.0,-186.0,-2360.0,-2227.0,-4061.0,0.0,65.0,6.0,4.0,253.0,367.0,29.0,3253.0,832.0,5.0,483.0,392.0,340.0,0.0,0.0,2553.0,114.0,2024-08-16 15:00:00,2024-08-16,8.0
16/08/2024,15:30,44207.0,43700.0,42300.0,68.0,14.0,664.0,37457.0,2783.0,12212.0,4188.0,-1992.0,1215.0,-12323.0,10.0,-3271.0,-186.0,-2360.0,-2227.0,-5302.0,0.0,65.0,6.0,4.0,253.0,377.0,30.0,3255.0,929.0,5.0,478.0,395.0,343.0,0.0,0.0,2674.0,109.0,2024-08-16 15:30:00,2024-08-16,8.0
16/08/2024,16:00,43631.0,43300.0,42000.0,68.0,14.0,648.0,37793.0,2869.0,11674.0,4258.0,-1677.0,1219.0,-13157.0,10.0,-2957.0,506.0,-2360.0,-2227.0,-5435.0,0.0,65.0,7.0,4.0,253.0,362.0,30.0,3289.0,964.0,5.0,478.0,401.0,339.0,0.0,0.0,2759.0,110.0,2024-08-16 16:00:00,2024-08-16,8.0
16/08/2024,16:30,43195.0,42900.0,41600.0,68.0,15.0,674.0,37418.0,2949.0,10898.0,4376.0,-1655.0,1231.0,-12693.0,10.0,-2957.0,506.0,-2360.0,-2227.0,-5474.0,0.0,65.0,7.0,4.0,254.0,387.0,30.0,3355.0,1016.0,5.0,491.0,401.0,338.0,0.0,0.0,2827.0,122.0,2024-08-16 16:30:00,2024-08-16,8.0
16/08/2024,17:00,42877.0,42700.0,41500.0,76.0,17.0,621.0,37730.0,2906.0,9720.0,4553.0,-1474.0,1238.0,-12429.0,10.0,-3247.0,892.0,-2360.0,-2226.0,-4890.0,6.0,64.0,6.0,4.0,253.0,334.0,29.0,3379.0,1079.0,95.0,496.0,402.0,340.0,0.0,0.0,2783.0,123.0,2024-08-16 17:00:00,2024-08-16,8.0
16/08/2024,17:30,42681.0,42300.0,41800.0,82.0,17.0,653.0,37529.0,2809.0,8462.0,4892.0,-1149.0,1235.0,-11768.0,10.0,-3247.0,892.0,-2360.0,-2226.0,-5036.0,9.0,66.0,6.0,4.0,253.0,368.0,29.0,3589.0,1201.0,102.0,496.0,402.0,337.0,0.0,0.0,2674.0,135.0,2024-08-16 17:30:00,2024-08-16,8.0
16/08/2024,18:00,42937.0,43000.0,42400.0,82.0,18.0,625.0,38035.0,2693.0,7071.0,5297.0,-289.0,1254.0,-11771.0,10.0,-3381.0,827.0,-2291.0,-1347.0,-4552.0,10.0,66.0,6.0,4.0,254.0,338.0,29.0,3680.0,1315.0,302.0,512.0,405.0,337.0,0.0,0.0,2534.0,159.0,2024-08-16 18:00:00,2024-08-16,8.0
16/08/2024,18:30,43210.0,43400.0,42800.0,82.0,17.0,727.0,37816.0,2635.0,5688.0,5723.0,-66.0,1257.0,-10581.0,11.0,-3381.0,827.0,-2291.0,-1347.0,-4564.0,10.0,66.0,6.0,4.0,255.0,440.0,29.0,3986.0,1356.0,381.0,512.0,406.0,339.0,0.0,0.0,2465.0,170.0,2024-08-16 18:30:00,2024-08-16,8.0
16/08/2024,19:00,43619.0,44000.0,43300.0,81.0,17.0,1030.0,38364.0,2453.0,4269.0,6844.0,-70.0,1264.0,-10560.0,13.0,-2640.0,-1438.0,-2238.0,800.0,-4026.0,10.0,65.0,6.0,4.0,257.0,741.0,29.0,4053.0,1613.0,1178.0,516.0,408.0,339.0,0.0,0.0,2281.0,173.0,2024-08-16 19:00:00,2024-08-16,8.0
16/08/2024,19:30,43464.0,43600.0,42900.0,79.0,17.0,1101.0,38301.0,2287.0,2792.0,7425.0,-69.0,1235.0,-9618.0,14.0,-2640.0,-1438.0,-2238.0,800.0,-4032.0,11.0,63.0,5.0,6.0,275.0,791.0,29.0,4183.0,1693.0,1548.0,495.0,401.0,339.0,0.0,0.0,2136.0,151.0,2024-08-16 19:30:00,2024-08-16,8.0
16/08/2024,20:00,43051.0,43000.0,42400.0,78.0,17.0,1105.0,38397.0,2105.0,1470.0,8618.0,-32.0,1239.0,-9874.0,14.0,-1643.0,-2700.0,-2024.0,800.0,-4211.0,11.0,63.0,5.0,7.0,276.0,794.0,29.0,4368.0,2137.0,2113.0,499.0,401.0,339.0,0.0,0.0,1970.0,134.0,2024-08-16 20:00:00,2024-08-16,8.0
16/08/2024,20:30,42193.0,42000.0,41400.0,78.0,18.0,1112.0,38251.0,1835.0,585.0,9147.0,-13.0,1240.0,-9971.0,14.0,-1643.0,-2700.0,-2024.0,800.0,-4211.0,11.0,62.0,4.0,4.0,271.0,805.0,32.0,4428.0,2478.0,2240.0,502.0,401.0,338.0,0.0,0.0,1695.0,140.0,2024-08-16 20:30:00,2024-08-16,8.0
16/08/2024,21:00,41385.0,41500.0,41000.0,78.0,17.0,1087.0,37987.0,1633.0,118.0,9406.0,-13.0,1239.0,-10075.0,14.0,-1432.0,-2700.0,-1938.0,800.0,-4525.0,11.0,62.0,4.0,3.0,270.0,782.0,31.0,4530.0,2530.0,2346.0,503.0,401.0,335.0,0.0,0.0,1454.0,179.0,2024-08-16 21:00:00,2024-08-16,8.0
16/08/2024,21:30,41656.0,42100.0,41600.0,76.0,17.0,1080.0,37862.0,1338.0,4.0,9705.0,-14.0,1245.0,-9577.0,14.0,-1432.0,-2700.0,-1938.0,800.0,-4525.0,11.0,61.0,4.0,3.0,270.0,776.0,31.0,4563.0,2533.0,2609.0,504.0,404.0,337.0,0.0,0.0,1158.0,180.0,2024-08-16 21:30:00,2024-08-16,8.0
16/08/2024,22:00,41383.0,41500.0,41000.0,76.0,17.0,945.0,37730.0,1261.0,2.0,10026.0,-14.0,1253.0,-9826.0,13.0,-584.0,-2700.0,-1605.0,1200.0,-5082.0,11.0,62.0,4.0,3.0,270.0,641.0,31.0,4665.0,2563.0,2797.0,507.0,408.0,338.0,0.0,0.0,1073.0,188.0,2024-08-16 22:00:00,2024-08-16,8.0
16/08/2024,22:30,41857.0,42000.0,41600.0,76.0,17.0,898.0,37411.0,1285.0,1.0,9900.0,-14.0,1259.0,-8903.0,13.0,-584.0,-2700.0,-1605.0,1200.0,-4286.0,11.0,62.0,4.0,3.0,270.0,594.0,31.0,4680.0,2857.0,2363.0,506.0,415.0,339.0,0.0,0.0,1095.0,190.0,2024-08-16 22:30:00,2024-08-16,8.0
16/08/2024,23:00,42852.0,43500.0,43100.0,77.0,17.0,934.0,37025.0,1368.0,1.0,10075.0,-14.0,1256.0,-7808.0,13.0,-16.0,-2022.0,-2378.0,1200.0,-4882.0,11.0,62.0,4.0,3.0,271.0,629.0,32.0,4688.0,2936.0,2451.0,505.0,411.0,340.0,0.0,0.0,1185.0,183.0,2024-08-16 23:00:00,2024-08-16,8.0
16/08/2024,23:30,41930.0,42100.0,41900.0,76.0,17.0,892.0,37071.0,1570.0,1.0,9402.0,-14.0,1258.0,-8258.0,13.0,-16.0,-2022.0,-2378.0,1200.0,-4820.0,11.0,61.0,4.0,3.0,272.0,588.0,29.0,4445.0,2644.0,2314.0,507.0,411.0,340.0,0.0,0.0,1356.0,214.0,2024-08-16 23:30:00,2024-08-16,8.0
13/09/2024,00:00,44428.0,43500.0,43000.0,85.0,17.0,853.0,41368.0,4115.0,0.0,7047.0,-13.0,1195.0,-10151.0,12.0,-2014.0,-34.0,-2117.0,-2218.0,-5123.0,15.0,66.0,4.0,46.0,344.0,400.0,64.0,4442.0,1654.0,951.0,512.0,347.0,335.0,0.0,0.0,3233.0,882.0,2024-09-13 00:00:00,2024-09-13,9.0
13/09/2024,00:30,43059.0,41500.0,41200.0,85.0,17.0,797.0,41483.0,4349.0,0.0,6889.0,-13.0,1209.0,-11694.0,12.0,-2014.0,-34.0,-2117.0,-2227.0,-5830.0,15.0,66.0,4.0,19.0,290.0,427.0,61.0,4248.0,1572.0,1069.0,522.0,353.0,333.0,0.0,0.0,3326.0,1024.0,2024-09-13 00:30:00,2024-09-13,9.0
13/09/2024,01:00,40472.0,39500.0,39300.0,85.0,17.0,758.0,41202.0,4178.0,0.0,5553.0,-50.0,1207.0,-12401.0,12.0,-2014.0,-323.0,-2075.0,-2227.0,-6065.0,15.0,66.0,4.0,13.0,288.0,396.0,61.0,4160.0,1195.0,197.0,522.0,353.0,333.0,0.0,0.0,3449.0,729.0,2024-09-13 01:00:00,2024-09-13,9.0
13/09/2024,01:30,39850.0,39300.0,39800.0,85.0,17.0,772.0,41358.0,4173.0,0.0,5323.0,-482.0,1213.0,-12540.0,12.0,-2014.0,-323.0,-2075.0,-2227.0,-6169.0,15.0,65.0,4.0,13.0,282.0,417.0,59.0,4196.0,938.0,189.0,530.0,352.0,332.0,0.0,0.0,3624.0,548.0,2024-09-13 01:30:00,2024-09-13,9.0
13/09/2024,02:00,39176.0,39500.0,38900.0,85.0,17.0,770.0,41267.0,4301.0,0.0,5217.0,-817.0,1222.0,-12816.0,12.0,-2014.0,-350.0,-2117.0,-2227.0,-6111.0,15.0,65.0,4.0,13.0,281.0,418.0,58.0,4186.0,839.0,192.0,531.0,360.0,331.0,0.0,0.0,3824.0,477.0,2024-09-13 02:00:00,2024-09-13,9.0
13/09/2024,02:30,38974.0,38300.0,37700.0,85.0,17.0,746.0,41464.0,4399.0,0.0,4949.0,-918.0,1226.0,-12930.0,12.0,-2014.0,-350.0,-2117.0,-2227.0,-6281.0,15.0,65.0,5.0,13.0,281.0,394.0,59.0,4144.0,795.0,10.0,536.0,361.0,329.0,0.0,0.0,3927.0,472.0,2024-09-13 02:30:00,2024-09-13,9.0
13/09/2024,03:00,37846.0,37200.0,36700.0,85.0,17.0,733.0,41121.0,4604.0,0.0,4754.0,-1573.0,1227.0,-13043.0,12.0,-2014.0,-350.0,-2117.0,-2227.0,-6176.0,15.0,65.0,5.0,13.0,281.0,380.0,59.0,4067.0,678.0,9.0,536.0,362.0,329.0,0.0,0.0,4143.0,461.0,2024-09-13 03:00:00,2024-09-13,9.0
13/09/2024,03:30,36918.0,36700.0,35700.0,85.0,17.0,625.0,40795.0,4831.0,0.0,4545.0,-1826.0,1231.0,-13293.0,12.0,-2014.0,-350.0,-2117.0,-2227.0,-6177.0,15.0,65.0,5.0,13.0,282.0,272.0,59.0,3961.0,576.0,9.0,538.0,363.0,330.0,0.0,0.0,4363.0,468.0,2024-09-13 03:30:00,2024-09-13,9.0
13/09/2024,04:00,36340.0,36200.0,35200.0,86.0,17.0,622.0,40138.0,5163.0,0.0,4507.0,-1816.0,1234.0,-13497.0,12.0,-2014.0,-650.0,-2117.0,-2227.0,-6615.0,15.0,65.0,5.0,13.0,282.0,268.0,59.0,3927.0,571.0,9.0,541.0,363.0,330.0,0.0,0.0,4637.0,526.0,2024-09-13 04:00:00,2024-09-13,9.0
13/09/2024,04:30,36114.0,36000.0,34900.0,85.0,17.0,627.0,39947.0,5442.0,0.0,4510.0,-1812.0,1235.0,-13856.0,12.0,-2014.0,-650.0,-2117.0,-2227.0,-6620.0,15.0,65.0,5.0,13.0,282.0,272.0,60.0,3920.0,581.0,9.0,542.0,363.0,329.0,0.0,0.0,4915.0,527.0,2024-09-13 04:30:00,2024-09-13,9.0
13/09/2024,05:00,36002.0,36800.0,35600.0,86.0,17.0,632.0,39859.0,5437.0,0.0,4571.0,-1811.0,1237.0,-13926.0,12.0,-2013.0,-251.0,-2117.0,-2227.0,-7091.0,15.0,66.0,5.0,13.0,282.0,278.0,60.0,3915.0,647.0,9.0,543.0,365.0,329.0,0.0,0.0,4925.0,513.0,2024-09-13 05:00:00,2024-09-13,9.0
13/09/2024,05:30,37109.0,37800.0,36500.0,86.0,17.0,666.0,40259.0,5466.0,0.0,4680.0,-1493.0,1240.0,-13760.0,12.0,-2013.0,-251.0,-2117.0,-2227.0,-7066.0,15.0,66.0,5.0,13.0,283.0,311.0,59.0,3956.0,716.0,9.0,543.0,369.0,328.0,0.0,0.0,4988.0,478.0,2024-09-13 05:30:00,2024-09-13,9.0
13/09/2024,06:00,38412.0,39300.0,38400.0,85.0,17.0,749.0,40497.0,5420.0,0.0,4722.0,-965.0,1235.0,-13306.0,12.0,-2014.0,-24.0,-2117.0,-2227.0,-5292.0,15.0,65.0,5.0,13.0,301.0,376.0,60.0,3982.0,731.0,9.0,541.0,366.0,329.0,0.0,0.0,4950.0,470.0,2024-09-13 06:00:00,2024-09-13,9.0
13/09/2024,06:30,40789.0,41900.0,41200.0,86.0,17.0,767.0,40763.0,5167.0,0.0,5248.0,-295.0,1232.0,-12134.0,12.0,-2014.0,-24.0,-2117.0,-2227.0,-5292.0,15.0,65.0,5.0,33.0,354.0,318.0,63.0,4183.0,995.0,70.0,537.0,367.0,329.0,0.0,0.0,4746.0,421.0,2024-09-13 06:30:00,2024-09-13,9.0
13/09/2024,07:00,43413.0,44400.0,43900.0,86.0,17.0,912.0,41602.0,4946.0,0.0,6300.0,-14.0,1223.0,-11601.0,12.0,-1973.0,1255.0,-2570.0,-2227.0,-4303.0,15.0,66.0,6.0,47.0,359.0,440.0,67.0,4308.0,1414.0,577.0,528.0,368.0,328.0,0.0,0.0,4523.0,423.0,2024-09-13 07:00:00,2024-09-13,9.0
13/09/2024,07:30,45580.0,45900.0,45700.0,86.0,17.0,863.0,41436.0,4850.0,10.0,6904.0,-14.0,1216.0,-9710.0,12.0,-1973.0,1255.0,-2570.0,-2227.0,-4304.0,15.0,66.0,5.0,52.0,387.0,350.0,74.0,4574.0,1488.0,842.0,519.0,372.0,325.0,0.0,0.0,4414.0,437.0,2024-09-13 07:30:00,2024-09-13,9.0
13/09/2024,08:00,46973.0,47200.0,46200.0,86.0,17.0,990.0,41722.0,4607.0,250.0,7833.0,-14.0,1208.0,-9676.0,13.0,-2014.0,1242.0,-2570.0,-2227.0,-3895.0,15.0,66.0,5.0,52.0,387.0,471.0,80.0,4720.0,2011.0,1102.0,513.0,370.0,325.0,0.0,0.0,4199.0,408.0,2024-09-13 08:00:00,2024-09-13,9.0
13/09/2024,08:30,48338.0,48500.0,47800.0,86.0,17.0,972.0,41713.0,4236.0,1160.0,8439.0,-13.0,1175.0,-9360.0,12.0,-2014.0,1242.0,-2570.0,-2227.0,-3799.0,15.0,66.0,5.0,52.0,390.0,440.0,91.0,4852.0,2247.0,1340.0,502.0,343.0,329.0,0.0,0.0,3883.0,353.0,2024-09-13 08:30:00,2024-09-13,9.0
13/09/2024,09:00,49312.0,49300.0,48200.0,91.0,17.0,970.0,41800.0,3807.0,2885.0,8124.0,-13.0,1176.0,-9460.0,12.0,-2014.0,1183.0,-2082.0,-2227.0,-4772.0,15.0,66.0,9.0,52.0,389.0,437.0,93.0,4745.0,2220.0,1160.0,500.0,349.0,327.0,0.0,0.0,3478.0,328.0,2024-09-13 09:00:00,2024-09-13,9.0
13/09/2024,09:30,50144.0,49500.0,49100.0,86.0,17.0,910.0,41931.0,3271.0,5105.0,7515.0,-14.0,1168.0,-9759.0,11.0,-2014.0,1183.0,-2082.0,-2227.0,-4769.0,15.0,66.0,5.0,52.0,394.0,379.0,85.0,4444.0,2008.0,1063.0,494.0,351.0,323.0,0.0,0.0,2948.0,323.0,2024-09-13 09:30:00,2024-09-13,9.0
13/09/2024,10:00,50486.0,49100.0,49200.0,86.0,17.0,855.0,41673.0,2835.0,7438.0,6816.0,-14.0,1168.0,-10290.0,11.0,-2014.0,1500.0,-2082.0,-2227.0,-4294.0,15.0,66.0,5.0,54.0,388.0,328.0,85.0,4365.0,1706.0,745.0,495.0,351.0,322.0,0.0,0.0,2525.0,310.0,2024-09-13 10:00:00,2024-09-13,9.0
13/09/2024,10:30,50625.0,48900.0,49000.0,86.0,17.0,687.0,40611.0,2735.0,9602.0,6075.0,-606.0,1169.0,-9654.0,10.0,-2014.0,1500.0,-2082.0,-2227.0,-4295.0,15.0,66.0,6.0,31.0,309.0,273.0,75.0,4092.0,1306.0,676.0,498.0,348.0,323.0,0.0,0.0,2443.0,292.0,2024-09-13 10:30:00,2024-09-13,9.0
13/09/2024,11:00,50935.0,48800.0,49000.0,86.0,17.0,671.0,40001.0,2813.0,11377.0,5350.0,-860.0,1171.0,-9599.0,10.0,-2014.0,1050.0,-2082.0,-2227.0,-5683.0,15.0,66.0,6.0,19.0,302.0,274.0,76.0,4059.0,1273.0,19.0,495.0,351.0,326.0,0.0,0.0,2596.0,217.0,2024-09-13 11:00:00,2024-09-13,9.0
13/09/2024,11:30,51004.0,48800.0,48500.0,87.0,17.0,730.0,40190.0,2997.0,12658.0,5259.0,-1178.0,1172.0,-10864.0,10.0,-2014.0,1050.0,-2082.0,-2227.0,-5678.0,15.0,66.0,6.0,16.0,307.0,327.0,81.0,4127.0,1125.0,7.0,497.0,349.0,326.0,0.0,0.0,2835.0,162.0,2024-09-13 11:30:00,2024-09-13,9.0
13/09/2024,12:00,51187.0,49700.0,49800.0,87.0,17.0,782.0,39881.0,3206.0,13355.0,5127.0,-1529.0,1175.0,-10844.0,10.0,-2014.0,859.0,-1660.0,-2227.0,-4953.0,15.0,66.0,7.0,16.0,300.0,378.0,86.0,4137.0,982.0,8.0,503.0,346.0,327.0,0.0,0.0,3086.0,120.0,2024-09-13 12:00:00,2024-09-13,9.0
13/09/2024,12:30,51507.0,48900.0,48800.0,87.0,17.0,764.0,39118.0,3243.0,13827.0,4889.0,-1428.0,1183.0,-10144.0,10.0,-2014.0,859.0,-1660.0,-2227.0,-4952.0,15.0,66.0,7.0,17.0,289.0,384.0,74.0,4044.0,836.0,9.0,502.0,352.0,329.0,0.0,0.0,3164.0,79.0,2024-09-13 12:30:00,2024-09-13,9.0
13/09/2024,13:00,51983.0,50200.0,50400.0,88.0,17.0,785.0,38726.0,3342.0,14076.0,5225.0,-1199.0,1188.0,-10219.0,10.0,-2014.0,742.0,-1660.0,-2227.0,-3696.0,15.0,65.0,7.0,17.0,294.0,402.0,73.0,3993.0,1223.0,9.0,501.0,355.0,331.0,0.0,0.0,3292.0,50.0,2024-09-13 13:00:00,2024-09-13,9.0
13/09/2024,13:30,51011.0,47800.0,47700.0,87.0,17.0,667.0,37005.0,3611.0,14273.0,4812.0,-1313.0,1189.0,-9256.0,10.0,-2014.0,742.0,-1660.0,-2227.0,-3694.0,15.0,65.0,7.0,17.0,291.0,286.0,72.0,3901.0,902.0,8.0,500.0,356.0,333.0,0.0,0.0,3576.0,34.0,2024-09-13 13:30:00,2024-09-13,9.0
13/09/2024,14:00,49914.0,47500.0,46500.0,87.0,18.0,664.0,36373.0,3821.0,14328.0,4497.0,-1817.0,1173.0,-9139.0,10.0,-2014.0,1050.0,-1660.0,-2226.0,-6124.0,15.0,65.0,7.0,20.0,288.0,282.0,72.0,3814.0,674.0,9.0,496.0,345.0,332.0,0.0,0.0,3789.0,32.0,2024-09-13 14:00:00,2024-09-13,9.0
13/09/2024,14:30,49332.0,47200.0,45600.0,86.0,17.0,785.0,36716.0,4169.0,14125.0,4627.0,-1812.0,1170.0,-10473.0,10.0,-2014.0,1050.0,-1660.0,-2227.0,-6277.0,15.0,64.0,8.0,54.0,289.0,370.0,72.0,3783.0,836.0,9.0,494.0,344.0,332.0,0.0,0.0,4137.0,32.0,2024-09-13 14:30:00,2024-09-13,9.0
13/09/2024,15:00,48517.0,46300.0,45100.0,86.0,19.0,767.0,35980.0,4541.0,13820.0,4647.0,-1885.0,1173.0,-10553.0,11.0,-2014.0,1320.0,-1751.0,-2227.0,-5183.0,15.0,62.0,9.0,51.0,291.0,353.0,72.0,3810.0,829.0,9.0,498.0,342.0,333.0,0.0,0.0,4516.0,24.0,2024-09-13 15:00:00,2024-09-13,9.0
13/09/2024,15:30,47745.0,45100.0,44100.0,84.0,20.0,709.0,35323.0,4756.0,13310.0,4599.0,-1832.0,1188.0,-10345.0,10.0,-2014.0,1320.0,-1751.0,-2227.0,-5183.0,15.0,62.0,7.0,17.0,292.0,328.0,72.0,3854.0,736.0,8.0,509.0,343.0,336.0,0.0,0.0,4735.0,21.0,2024-09-13 15:30:00,2024-09-13,9.0
13/09/2024,16:00,46559.0,44500.0,43700.0,82.0,20.0,608.0,34746.0,4923.0,12523.0,4532.0,-1849.0,1201.0,-10159.0,10.0,-2014.0,1400.0,-1151.0,-2227.0,-6627.0,15.0,61.0,7.0,16.0,292.0,229.0,71.0,3888.0,635.0,9.0,512.0,350.0,338.0,0.0,0.0,4894.0,30.0,2024-09-13 16:00:00,2024-09-13,9.0
13/09/2024,16:30,45587.0,43600.0,43000.0,82.0,20.0,695.0,34709.0,5079.0,11596.0,4490.0,-1841.0,1192.0,-10360.0,11.0,-2014.0,1400.0,-1151.0,-2227.0,-6627.0,15.0,61.0,6.0,16.0,290.0,318.0,71.0,3913.0,569.0,8.0,505.0,350.0,338.0,0.0,0.0,5056.0,23.0,2024-09-13 16:30:00,2024-09-13,9.0
13/09/2024,17:00,44906.0,43200.0,42800.0,82.0,20.0,716.0,34936.0,4982.0,10349.0,4523.0,-1737.0,1196.0,-10099.0,11.0,-2014.0,1380.0,-2400.0,-2227.0,-6676.0,15.0,61.0,6.0,16.0,286.0,344.0,70.0,3941.0,573.0,9.0,505.0,352.0,339.0,0.0,0.0,4958.0,24.0,2024-09-13 17:00:00,2024-09-13,9.0
13/09/2024,17:30,44863.0,43500.0,43100.0,82.0,20.0,712.0,36009.0,5002.0,8926.0,5156.0,-542.0,1203.0,-11623.0,11.0,-2014.0,1380.0,-2400.0,-2227.0,-6690.0,15.0,61.0,6.0,16.0,286.0,340.0,70.0,4044.0,1102.0,9.0,511.0,351.0,340.0,0.0,0.0,4982.0,20.0,2024-09-13 17:30:00,2024-09-13,9.0
13/09/2024,18:00,45198.0,44800.0,44500.0,81.0,20.0,707.0,38257.0,4961.0,7136.0,5385.0,-464.0,1201.0,-12016.0,11.0,-2014.0,1484.0,-2000.0,-2227.0,-7305.0,15.0,61.0,5.0,16.0,287.0,331.0,73.0,4116.0,1254.0,16.0,511.0,349.0,342.0,0.0,0.0,4927.0,34.0,2024-09-13 18:00:00,2024-09-13,9.0
13/09/2024,18:30,45796.0,45300.0,45000.0,81.0,20.0,717.0,40326.0,4820.0,5169.0,6041.0,-89.0,1208.0,-12416.0,10.0,-2014.0,1484.0,-2000.0,-2227.0,-7330.0,15.0,61.0,5.0,18.0,298.0,323.0,78.0,4254.0,1538.0,249.0,513.0,352.0,343.0,0.0,0.0,4788.0,32.0,2024-09-13 18:30:00,2024-09-13,9.0
13/09/2024,19:00,46565.0,46500.0,46200.0,80.0,20.0,734.0,41880.0,4607.0,3151.0,7513.0,-14.0,1209.0,-12540.0,10.0,-2014.0,1500.0,-2000.0,-1979.0,-6173.0,15.0,61.0,4.0,25.0,299.0,332.0,79.0,4489.0,2111.0,913.0,512.0,352.0,344.0,0.0,0.0,4580.0,27.0,2024-09-13 19:00:00,2024-09-13,9.0
13/09/2024,19:30,46992.0,46500.0,46200.0,80.0,20.0,786.0,42341.0,4063.0,1434.0,7765.0,-13.0,1206.0,-10613.0,11.0,-2014.0,1500.0,-2000.0,-1979.0,-6006.0,15.0,61.0,4.0,49.0,320.0,338.0,79.0,4614.0,2120.0,1031.0,509.0,353.0,343.0,0.0,0.0,4046.0,17.0,2024-09-13 19:30:00,2024-09-13,9.0
13/09/2024,20:00,46978.0,46400.0,46200.0,79.0,21.0,803.0,42441.0,3861.0,380.0,8977.0,-13.0,1215.0,-10707.0,11.0,-2014.0,1346.0,-1981.0,-2023.0,-5849.0,15.0,61.0,4.0,49.0,322.0,353.0,79.0,4779.0,2474.0,1723.0,509.0,368.0,338.0,0.0,0.0,3842.0,19.0,2024-09-13 20:00:00,2024-09-13,9.0
13/09/2024,20:30,47195.0,46300.0,46100.0,80.0,21.0,849.0,42526.0,3918.0,33.0,9265.0,-14.0,1226.0,-10630.0,11.0,-2014.0,1346.0,-1981.0,-2028.0,-5629.0,15.0,61.0,4.0,46.0,317.0,417.0,69.0,4800.0,2512.0,1954.0,508.0,382.0,335.0,0.0,0.0,3900.0,18.0,2024-09-13 20:30:00,2024-09-13,9.0
13/09/2024,21:00,46573.0,45200.0,45000.0,81.0,21.0,794.0,42283.0,4069.0,6.0,8788.0,-14.0,1228.0,-10606.0,11.0,-2013.0,136.0,-1966.0,-1912.0,-5198.0,15.0,62.0,4.0,46.0,317.0,364.0,67.0,4756.0,2337.0,1695.0,510.0,383.0,335.0,0.0,0.0,4045.0,24.0,2024-09-13 21:00:00,2024-09-13,9.0
13/09/2024,21:30,45606.0,44100.0,43900.0,82.0,20.0,778.0,41866.0,4119.0,4.0,8446.0,-14.0,1223.0,-10844.0,11.0,-2013.0,136.0,-1966.0,-1912.0,-4075.0,15.0,63.0,4.0,46.0,315.0,353.0,65.0,4556.0,2022.0,1868.0,512.0,378.0,333.0,0.0,0.0,4082.0,37.0,2024-09-13 21:30:00,2024-09-13,9.0
13/09/2024,22:00,44253.0,42900.0,42800.0,82.0,20.0,763.0,41083.0,4184.0,3.0,7119.0,-14.0,1213.0,-10115.0,11.0,-2013.0,1116.0,-2345.0,-1080.0,-5406.0,15.0,62.0,4.0,46.0,314.0,338.0,65.0,4556.0,1633.0,930.0,507.0,374.0,332.0,0.0,0.0,4148.0,37.0,2024-09-13 22:00:00,2024-09-13,9.0
13/09/2024,22:30,44599.0,44300.0,44200.0,82.0,20.0,751.0,41192.0,4265.0,2.0,6972.0,-14.0,1227.0,-9826.0,11.0,-2013.0,1116.0,-2345.0,-1077.0,-4715.0,15.0,62.0,5.0,46.0,294.0,345.0,66.0,4460.0,1596.0,916.0,518.0,378.0,332.0,0.0,0.0,4233.0,32.0,2024-09-13 22:30:00,2024-09-13,9.0
13/09/2024,23:00,45858.0,45500.0,45400.0,82.0,20.0,781.0,41330.0,4310.0,2.0,7199.0,-14.0,1217.0,-8988.0,11.0,-2014.0,1061.0,-2417.0,-1291.0,-4496.0,15.0,62.0,5.0,45.0,292.0,379.0,65.0,4495.0,1675.0,1029.0,507.0,374.0,336.0,0.0,0.0,4285.0,25.0,2024-09-13 23:00:00,2024-09-13,9.0
13/09/2024,23:30,45053.0,44300.0,44000.0,82.0,20.0,739.0,41455.0,4364.0,2.0,6897.0,-14.0,1224.0,-9642.0,11.0,-2014.0,1061.0,-2417.0,-1291.0,-4400.0,15.0,62.0,5.0,43.0,292.0,342.0,61.0,4439.0,1535.0,924.0,515.0,372.0,337.0,0.0,0.0,4343.0,22.0,2024-09-13 23:30:00,2024-09-13,9.0
22/10/2024,00:00,45594.0,44800.0,44100.0,80.0,19.0,512.0,42212.0,6182.0,0.0,9465.0,-1004.0,1117.0,-12952.0,9.0,-1000.0,-2450.0,-2176.0,-2385.0,-5919.0,12.0,64.0,3.0,5.0,304.0,153.0,50.0,5804.0,3421.0,241.0,456.0,322.0,339.0,0.0,0.0,6026.0,156.0,2024-10-22 00:00:00,2024-10-22,10.0
22/10/2024,00:30,44270.0,42700.0,42300.0,80.0,18.0,515.0,42296.0,5559.0,0.0,9192.0,-1006.0,1116.0,-13477.0,9.0,-1000.0,-2450.0,-2176.0,-2385.0,-5919.0,12.0,64.0,3.0,4.0,291.0,177.0,42.0,5602.0,3181.0,408.0,458.0,319.0,339.0,0.0,0.0,5397.0,162.0,2024-10-22 00:30:00,2024-10-22,10.0
22/10/2024,01:00,41702.0,40800.0,40500.0,80.0,18.0,503.0,42152.0,4540.0,0.0,8718.0,-1545.0,1111.0,-13839.0,9.0,-1000.0,-2151.0,-2176.0,-2385.0,-6011.0,12.0,64.0,3.0,5.0,290.0,168.0,40.0,5556.0,2759.0,403.0,455.0,316.0,340.0,0.0,0.0,4348.0,191.0,2024-10-22 01:00:00,2024-10-22,10.0
22/10/2024,01:30,40836.0,40700.0,40200.0,80.0,18.0,481.0,42096.0,3747.0,0.0,8259.0,-1668.0,1108.0,-13258.0,9.0,-1000.0,-2151.0,-2176.0,-2385.0,-6011.0,12.0,64.0,3.0,1.0,290.0,150.0,39.0,5477.0,2632.0,150.0,453.0,318.0,338.0,0.0,0.0,3544.0,203.0,2024-10-22 01:30:00,2024-10-22,10.0
22/10/2024,02:00,40196.0,40700.0,39600.0,80.0,18.0,467.0,41920.0,3526.0,0.0,8099.0,-1733.0,1112.0,-13238.0,9.0,-985.0,-2177.0,-2176.0,-2384.0,-5577.0,12.0,65.0,3.0,1.0,290.0,135.0,41.0,5460.0,2493.0,146.0,459.0,317.0,336.0,0.0,0.0,3270.0,256.0,2024-10-22 02:00:00,2024-10-22,10.0
22/10/2024,02:30,39719.0,39500.0,38400.0,80.0,18.0,449.0,41692.0,3436.0,0.0,7669.0,-1283.0,1107.0,-13373.0,9.0,-985.0,-2177.0,-2176.0,-2384.0,-5711.0,12.0,65.0,3.0,1.0,290.0,117.0,41.0,5383.0,2180.0,105.0,457.0,315.0,335.0,0.0,0.0,3136.0,300.0,2024-10-22 02:30:00,2024-10-22,10.0
22/10/2024,03:00,38476.0,38100.0,37600.0,80.0,18.0,498.0,41493.0,3191.0,0.0,7401.0,-1482.0,1117.0,-13764.0,10.0,-1000.0,-2449.0,-2176.0,-2385.0,-5980.0,12.0,65.0,3.0,51.0,290.0,116.0,41.0,5382.0,2011.0,8.0,462.0,319.0,336.0,0.0,0.0,2935.0,256.0,2024-10-22 03:00:00,2024-10-22,10.0
22/10/2024,03:30,37716.0,37300.0,36900.0,80.0,18.0,560.0,41802.0,2796.0,0.0,7351.0,-2090.0,1112.0,-13845.0,10.0,-1000.0,-2449.0,-2176.0,-2385.0,-5982.0,12.0,65.0,3.0,109.0,290.0,120.0,41.0,5370.0,1974.0,7.0,462.0,316.0,335.0,0.0,0.0,2589.0,207.0,2024-10-22 03:30:00,2024-10-22,10.0
22/10/2024,04:00,36922.0,36700.0,36300.0,80.0,18.0,555.0,41565.0,2686.0,0.0,7203.0,-2244.0,1106.0,-13966.0,10.0,-1000.0,-2283.0,-2176.0,-2383.0,-6055.0,12.0,65.0,3.0,109.0,290.0,115.0,41.0,5367.0,1829.0,7.0,460.0,315.0,330.0,0.0,0.0,2445.0,241.0,2024-10-22 04:00:00,2024-10-22,10.0
22/10/2024,04:30,36623.0,36600.0,36000.0,80.0,18.0,565.0,41522.0,2504.0,0.0,7170.0,-2243.0,1113.0,-14056.0,11.0,-1000.0,-2283.0,-2176.0,-2383.0,-6056.0,12.0,65.0,3.0,109.0,290.0,125.0,40.0,5355.0,1809.0,7.0,465.0,317.0,331.0,0.0,0.0,2248.0,256.0,2024-10-22 04:30:00,2024-10-22,10.0
22/10/2024,05:00,36522.0,37200.0,36600.0,80.0,18.0,551.0,41565.0,2132.0,0.0,7258.0,-2241.0,1108.0,-13900.0,10.0,-790.0,-761.0,-2176.0,-2271.0,-6146.0,12.0,65.0,3.0,110.0,290.0,111.0,41.0,5372.0,1879.0,7.0,463.0,317.0,327.0,0.0,0.0,1898.0,234.0,2024-10-22 05:00:00,2024-10-22,10.0
22/10/2024,05:30,37723.0,38400.0,37700.0,80.0,18.0,571.0,41641.0,1850.0,0.0,7298.0,-2199.0,1108.0,-12584.0,11.0,-790.0,-761.0,-2176.0,-2271.0,-6146.0,12.0,64.0,3.0,110.0,290.0,128.0,42.0,5337.0,1954.0,7.0,465.0,316.0,327.0,0.0,0.0,1651.0,200.0,2024-10-22 05:30:00,2024-10-22,10.0
22/10/2024,06:00,38954.0,40400.0,39500.0,80.0,18.0,560.0,41792.0,1656.0,0.0,7645.0,-1202.0,1107.0,-12642.0,10.0,-1000.0,-382.0,-2176.0,-2385.0,-5341.0,12.0,64.0,3.0,111.0,290.0,118.0,41.0,5349.0,2073.0,223.0,467.0,314.0,326.0,0.0,0.0,1471.0,185.0,2024-10-22 06:00:00,2024-10-22,10.0
22/10/2024,06:30,41601.0,43000.0,42000.0,80.0,19.0,463.0,41923.0,1576.0,0.0,8183.0,-92.0,1108.0,-11598.0,9.0,-1000.0,-382.0,-2176.0,-2335.0,-5340.0,12.0,65.0,3.0,20.0,290.0,115.0,39.0,5495.0,2266.0,422.0,465.0,314.0,329.0,0.0,0.0,1378.0,199.0,2024-10-22 06:30:00,2024-10-22,10.0
22/10/2024,07:00,43725.0,45800.0,44800.0,80.0,18.0,446.0,42525.0,1475.0,0.0,9287.0,-5.0,1117.0,-11171.0,9.0,-979.0,1120.0,-1869.0,-2239.0,-3836.0,12.0,64.0,3.0,3.0,291.0,112.0,41.0,5580.0,2704.0,1003.0,471.0,316.0,330.0,0.0,0.0,1276.0,199.0,2024-10-22 07:00:00,2024-10-22,10.0
22/10/2024,07:30,46480.0,48100.0,47300.0,80.0,18.0,685.0,42539.0,1414.0,0.0,9161.0,-5.0,1126.0,-8484.0,10.0,-979.0,1120.0,-1869.0,-2239.0,-3836.0,12.0,64.0,3.0,9.0,319.0,308.0,48.0,5600.0,2660.0,901.0,476.0,322.0,328.0,0.0,0.0,1225.0,189.0,2024-10-22 07:30:00,2024-10-22,10.0
22/10/2024,08:00,48502.0,49900.0,49000.0,80.0,18.0,1179.0,42517.0,1343.0,1.0,10587.0,-5.0,1128.0,-8292.0,13.0,-1000.0,1004.0,-1704.0,-1662.0,-4524.0,12.0,64.0,3.0,9.0,352.0,758.0,61.0,5755.0,3059.0,1773.0,476.0,324.0,328.0,0.0,0.0,1125.0,218.0,2024-10-22 08:00:00,2024-10-22,10.0
22/10/2024,08:30,49730.0,50400.0,49700.0,80.0,18.0,1524.0,42570.0,1389.0,36.0,11365.0,-5.0,1132.0,-8315.0,15.0,-1000.0,1004.0,-1704.0,-1662.0,-3951.0,12.0,65.0,4.0,9.0,411.0,1019.0,84.0,5740.0,3670.0,1956.0,481.0,324.0,328.0,0.0,0.0,1113.0,276.0,2024-10-22 08:30:00,2024-10-22,10.0
22/10/2024,09:00,50465.0,50900.0,50100.0,79.0,17.0,1842.0,42528.0,1412.0,308.0,10981.0,-4.0,1118.0,-7747.0,17.0,-990.0,1412.0,-1685.0,-2385.0,-3270.0,12.0,64.0,3.0,16.0,460.0,1283.0,83.0,5617.0,3596.0,1768.0,469.0,321.0,328.0,0.0,0.0,1144.0,267.0,2024-10-22 09:00:00,2024-10-22,10.0
22/10/2024,09:30,51142.0,51300.0,50400.0,81.0,17.0,1959.0,42551.0,1530.0,944.0,10571.0,-4.0,1104.0,-7555.0,17.0,-990.0,1412.0,-1685.0,-2385.0,-2795.0,12.0,64.0,5.0,16.0,475.0,1380.0,88.0,5570.0,3158.0,1843.0,459.0,321.0,324.0,0.0,0.0,1197.0,333.0,2024-10-22 09:30:00,2024-10-22,10.0
22/10/2024,10:00,51538.0,51400.0,50800.0,84.0,15.0,1941.0,42543.0,1524.0,1871.0,9568.0,-4.0,1081.0,-7027.0,17.0,-1000.0,1750.0,-1685.0,-2375.0,-3630.0,12.0,64.0,8.0,16.0,464.0,1369.0,92.0,5445.0,2846.0,1278.0,457.0,302.0,322.0,0.0,0.0,1167.0,357.0,2024-10-22 10:00:00,2024-10-22,10.0
22/10/2024,10:30,51734.0,51800.0,51100.0,83.0,15.0,1396.0,42548.0,1362.0,2904.0,9623.0,-4.0,1067.0,-7206.0,14.0,-1000.0,1750.0,-1685.0,-2375.0,-3334.0,12.0,64.0,7.0,14.0,459.0,828.0,94.0,5320.0,3223.0,1080.0,453.0,296.0,319.0,0.0,0.0,1004.0,358.0,2024-10-22 10:30:00,2024-10-22,10.0
22/10/2024,11:00,52021.0,52000.0,51200.0,84.0,15.0,1095.0,42479.0,1192.0,3917.0,9288.0,-4.0,1069.0,-7052.0,12.0,-1000.0,1750.0,-1685.0,-2380.0,-4014.0,12.0,63.0,8.0,9.0,430.0,558.0,98.0,5317.0,3129.0,842.0,447.0,300.0,321.0,0.0,0.0,833.0,359.0,2024-10-22 11:00:00,2024-10-22,10.0
22/10/2024,11:30,52250.0,52200.0,51700.0,84.0,15.0,766.0,42523.0,1116.0,4902.0,9291.0,-35.0,1078.0,-7433.0,10.0,-1000.0,1750.0,-1685.0,-2380.0,-3789.0,12.0,61.0,11.0,10.0,350.0,320.0,85.0,5354.0,2938.0,999.0,450.0,305.0,323.0,0.0,0.0,786.0,331.0,2024-10-22 11:30:00,2024-10-22,10.0
22/10/2024,12:00,52900.0,53200.0,52600.0,84.0,15.0,581.0,42437.0,1084.0,5850.0,9350.0,-60.0,1085.0,-7465.0,9.0,-1000.0,2020.0,-1685.0,-2379.0,-3874.0,12.0,62.0,10.0,11.0,351.0,140.0,79.0,5389.0,3013.0,948.0,455.0,307.0,324.0,0.0,0.0,780.0,304.0,2024-10-22 12:00:00,2024-10-22,10.0
22/10/2024,12:30,53267.0,52400.0,51800.0,82.0,18.0,519.0,42310.0,1117.0,6700.0,8880.0,-61.0,1078.0,-7322.0,8.0,-1000.0,2020.0,-1685.0,-2379.0,-3343.0,12.0,62.0,8.0,10.0,319.0,113.0,77.0,5230.0,3199.0,451.0,448.0,305.0,325.0,0.0,0.0,816.0,301.0,2024-10-22 12:30:00,2024-10-22,10.0
22/10/2024,13:00,53509.0,53400.0,53100.0,78.0,18.0,518.0,42211.0,1088.0,7290.0,8564.0,-316.0,1078.0,-6964.0,8.0,-1000.0,1590.0,-1685.0,-2385.0,-4870.0,12.0,62.0,4.0,11.0,313.0,122.0,72.0,5364.0,2902.0,298.0,451.0,305.0,323.0,0.0,0.0,819.0,269.0,2024-10-22 13:00:00,2024-10-22,10.0
22/10/2024,13:30,52385.0,51200.0,50800.0,78.0,18.0,516.0,42502.0,1133.0,7557.0,8312.0,-648.0,1084.0,-8147.0,8.0,-1000.0,1590.0,-1685.0,-2385.0,-4870.0,12.0,62.0,4.0,11.0,312.0,123.0,69.0,5325.0,2934.0,53.0,455.0,303.0,326.0,0.0,0.0,892.0,241.0,2024-10-22 13:30:00,2024-10-22,10.0
22/10/2024,14:00,51622.0,51100.0,50600.0,78.0,18.0,511.0,42418.0,1187.0,7714.0,8366.0,-900.0,1086.0,-8825.0,8.0,-1000.0,1000.0,-1685.0,-2384.0,-4213.0,12.0,62.0,4.0,11.0,313.0,116.0,71.0,5368.0,2772.0,226.0,456.0,301.0,328.0,0.0,0.0,982.0,205.0,2024-10-22 14:00:00,2024-10-22,10.0
22/10/2024,14:30,50957.0,50000.0,49700.0,79.0,21.0,502.0,42094.0,1207.0,7635.0,8209.0,-853.0,1095.0,-8978.0,8.0,-1000.0,1000.0,-1685.0,-2385.0,-4825.0,12.0,62.0,4.0,8.0,312.0,115.0,67.0,5223.0,2512.0,474.0,462.0,305.0,328.0,0.0,0.0,1027.0,181.0,2024-10-22 14:30:00,2024-10-22,10.0
22/10/2024,15:00,50091.0,49500.0,48500.0,80.0,21.0,504.0,42167.0,1155.0,7374.0,7903.0,-900.0,1088.0,-9248.0,8.0,-1000.0,1000.0,-1685.0,-2385.0,-3745.0,12.0,62.0,5.0,10.0,314.0,114.0,67.0,5260.0,2615.0,27.0,459.0,299.0,330.0,0.0,0.0,1010.0,145.0,2024-10-22 15:00:00,2024-10-22,10.0
22/10/2024,15:30,49305.0,48600.0,47700.0,80.0,21.0,508.0,41942.0,1096.0,6907.0,7458.0,-900.0,1083.0,-8805.0,9.0,-1000.0,1000.0,-1685.0,-2385.0,-4285.0,12.0,62.0,5.0,10.0,320.0,106.0,71.0,5258.0,2138.0,62.0,452.0,299.0,331.0,0.0,0.0,964.0,132.0,2024-10-22 15:30:00,2024-10-22,10.0
22/10/2024,16:00,48284.0,48100.0,47300.0,79.0,20.0,541.0,41979.0,1119.0,6248.0,7438.0,-1275.0,1104.0,-8889.0,9.0,-1000.0,1000.0,-1685.0,-2385.0,-4502.0,12.0,62.0,5.0,11.0,320.0,128.0,82.0,5266.0,2090.0,83.0,454.0,317.0,333.0,0.0,0.0,994.0,125.0,2024-10-22 16:00:00,2024-10-22,10.0
22/10/2024,16:30,47322.0,47300.0,46600.0,79.0,21.0,572.0,41886.0,1143.0,5242.0,7608.0,-1437.0,1129.0,-8862.0,10.0,-1000.0,1000.0,-1685.0,-2385.0,-4504.0,12.0,61.0,5.0,12.0,316.0,147.0,97.0,5277.0,2238.0,93.0,472.0,321.0,336.0,0.0,0.0,1001.0,142.0,2024-10-22 16:30:00,2024-10-22,10.0
22/10/2024,17:00,46863.0,47300.0,46300.0,77.0,20.0,660.0,42212.0,1160.0,4156.0,7781.0,-1351.0,1118.0,-8916.0,10.0,-1000.0,1000.0,-2070.0,-2385.0,-4768.0,12.0,61.0,4.0,8.0,313.0,245.0,94.0,5432.0,2243.0,106.0,463.0,319.0,336.0,0.0,0.0,1056.0,104.0,2024-10-22 17:00:00,2024-10-22,10.0
22/10/2024,17:30,46522.0,47300.0,46000.0,77.0,18.0,806.0,42269.0,1106.0,2980.0,8126.0,-712.0,1107.0,-9205.0,11.0,-1000.0,1000.0,-2070.0,-2385.0,-4769.0,12.0,61.0,4.0,6.0,312.0,401.0,87.0,5529.0,2484.0,113.0,454.0,315.0,337.0,0.0,0.0,1020.0,86.0,2024-10-22 17:30:00,2024-10-22,10.0
22/10/2024,18:00,46921.0,48500.0,47200.0,77.0,18.0,1134.0,42424.0,1016.0,1792.0,8641.0,-53.0,1121.0,-9206.0,13.0,-778.0,1000.0,-2119.0,-2385.0,-5320.0,12.0,61.0,3.0,6.0,322.0,718.0,88.0,5758.0,2736.0,146.0,464.0,321.0,336.0,0.0,0.0,937.0,78.0,2024-10-22 18:00:00,2024-10-22,10.0
22/10/2024,18:30,48174.0,50300.0,48900.0,85.0,18.0,2097.0,42328.0,967.0,768.0,10554.0,-5.0,1120.0,-9713.0,19.0,-778.0,1000.0,-2119.0,-2372.0,-5319.0,21.0,61.0,3.0,55.0,402.0,1555.0,85.0,6106.0,3786.0,662.0,463.0,321.0,336.0,0.0,0.0,892.0,75.0,2024-10-22 18:30:00,2024-10-22,10.0
22/10/2024,19:00,50829.0,53400.0,52000.0,197.0,18.0,2890.0,42330.0,973.0,144.0,13150.0,-5.0,1122.0,-9951.0,24.0,-658.0,1699.0,-2567.0,239.0,-5409.0,133.0,61.0,3.0,214.0,461.0,2130.0,84.0,6238.0,4458.0,2455.0,462.0,322.0,337.0,0.0,0.0,898.0,75.0,2024-10-22 19:00:00,2024-10-22,10.0
22/10/2024,19:30,53196.0,54200.0,52700.0,200.0,18.0,3026.0,42213.0,1022.0,3.0,12841.0,-5.0,1108.0,-7165.0,25.0,-658.0,1699.0,-2567.0,239.0,-5409.0,135.0,61.0,3.0,214.0,462.0,2265.0,86.0,6247.0,4198.0,2396.0,451.0,320.0,337.0,0.0,0.0,944.0,78.0,2024-10-22 19:30:00,2024-10-22,10.0
22/10/2024,20:00,53003.0,52900.0,51400.0,199.0,19.0,3160.0,42248.0,1170.0,0.0,12509.0,-5.0,1105.0,-7335.0,26.0,-1000.0,-1050.0,-2119.0,-365.0,-5193.0,135.0,61.0,3.0,216.0,462.0,2396.0,86.0,6199.0,4003.0,2307.0,446.0,321.0,338.0,0.0,0.0,1086.0,84.0,2024-10-22 20:00:00,2024-10-22,10.0
22/10/2024,20:30,51122.0,50700.0,49300.0,200.0,19.0,3218.0,42418.0,1285.0,0.0,13057.0,-5.0,1117.0,-10117.0,26.0,-1000.0,-1050.0,-2119.0,-473.0,-5194.0,136.0,61.0,3.0,218.0,454.0,2481.0,65.0,6156.0,4395.0,2505.0,455.0,326.0,336.0,0.0,0.0,1195.0,90.0,2024-10-22 20:30:00,2024-10-22,10.0
22/10/2024,21:00,49153.0,48700.0,47300.0,97.0,19.0,2763.0,42239.0,1479.0,0.0,11970.0,-4.0,1127.0,-10447.0,22.0,-1000.0,-1933.0,-2070.0,-1496.0,-5481.0,33.0,61.0,3.0,56.0,355.0,2291.0,61.0,6058.0,3539.0,2374.0,461.0,331.0,335.0,0.0,0.0,1392.0,87.0,2024-10-22 21:00:00,2024-10-22,10.0
22/10/2024,21:30,47760.0,47300.0,46000.0,77.0,19.0,2760.0,42620.0,1626.0,0.0,12177.0,-4.0,1122.0,-12594.0,21.0,-1000.0,-1933.0,-2070.0,-1519.0,-5482.0,12.0,61.0,3.0,9.0,336.0,2357.0,58.0,6026.0,4007.0,2144.0,456.0,331.0,335.0,0.0,0.0,1546.0,80.0,2024-10-22 21:30:00,2024-10-22,10.0
22/10/2024,22:00,46403.0,46200.0,44900.0,77.0,19.0,2270.0,42701.0,1717.0,0.0,10524.0,-4.0,1130.0,-11982.0,19.0,-1000.0,-219.0,-2044.0,-1551.0,-6057.0,12.0,62.0,3.0,9.0,339.0,1863.0,59.0,5990.0,3609.0,925.0,465.0,330.0,336.0,0.0,0.0,1645.0,72.0,2024-10-22 22:00:00,2024-10-22,10.0
22/10/2024,22:30,46846.0,47000.0,45800.0,77.0,19.0,1684.0,42833.0,1728.0,0.0,10632.0,-4.0,1137.0,-11209.0,16.0,-1000.0,-219.0,-2044.0,-1551.0,-5459.0,12.0,62.0,3.0,6.0,331.0,1295.0,52.0,5967.0,3639.0,1025.0,470.0,330.0,337.0,0.0,0.0,1664.0,64.0,2024-10-22 22:30:00,2024-10-22,10.0
22/10/2024,23:00,47956.0,48300.0,47100.0,77.0,19.0,1750.0,42868.0,1745.0,0.0,10821.0,-4.0,1142.0,-10416.0,16.0,-1000.0,370.0,-2176.0,-2385.0,-5333.0,12.0,62.0,3.0,6.0,330.0,1364.0,51.0,5942.0,3827.0,1052.0,474.0,332.0,336.0,0.0,0.0,1673.0,72.0,2024-10-22 23:00:00,2024-10-22,10.0
22/10/2024,23:30,47261.0,47100.0,46200.0,77.0,18.0,1728.0,42886.0,1779.0,0.0,10481.0,-17.0,1144.0,-10776.0,16.0,-1000.0,370.0,-2176.0,-2385.0,-5277.0,12.0,62.0,3.0,6.0,311.0,1367.0,44.0,5835.0,3652.0,994.0,480.0,329.0,335.0,0.0,0.0,1692.0,87.0,2024-10-22 23:30:00,2024-10-22,10.0
08/11/2024,00:00,50895.0,49400.0,49600.0,89.0,20.0,4271.0,45670.0,3244.0,0.0,5286.0,-62.0,1223.0,-8767.0,33.0,-899.0,-1400.0,-3638.0,-2385.0,-1279.0,14.0,63.0,13.0,103.0,730.0,2769.0,668.0,3710.0,1569.0,8.0,480.0,387.0,355.0,0.0,0.0,2964.0,280.0,2024-11-08 00:00:00,2024-11-08,11.0
08/11/2024,00:30,49684.0,47500.0,47800.0,90.0,20.0,4522.0,45390.0,3198.0,0.0,4970.0,-61.0,1224.0,-9598.0,35.0,-899.0,-1400.0,-3638.0,-2385.0,-1519.0,14.0,63.0,13.0,100.0,724.0,3034.0,664.0,3685.0,1276.0,8.0,482.0,388.0,354.0,0.0,0.0,2915.0,283.0,2024-11-08 00:30:00,2024-11-08,11.0
08/11/2024,01:00,47207.0,45700.0,45700.0,89.0,20.0,3703.0,45109.0,3083.0,0.0,4614.0,-246.0,1218.0,-10275.0,31.0,-1322.0,-2200.0,-3638.0,-2385.0,-2147.0,14.0,62.0,13.0,100.0,723.0,2212.0,667.0,3497.0,1108.0,8.0,480.0,385.0,353.0,0.0,0.0,2820.0,263.0,2024-11-08 01:00:00,2024-11-08,11.0
08/11/2024,01:30,46372.0,46000.0,46300.0,89.0,20.0,3767.0,45217.0,3022.0,0.0,4813.0,-638.0,1220.0,-11058.0,32.0,-1322.0,-2200.0,-3638.0,-2314.0,-2255.0,14.0,62.0,13.0,100.0,722.0,2276.0,668.0,3456.0,1349.0,8.0,479.0,388.0,354.0,0.0,0.0,2761.0,261.0,2024-11-08 01:30:00,2024-11-08,11.0
08/11/2024,02:00,45698.0,45500.0,45100.0,89.0,21.0,4205.0,45161.0,3093.0,0.0,5036.0,-653.0,1224.0,-12384.0,34.0,-1604.0,-3000.0,-3638.0,-2385.0,-2367.0,14.0,62.0,13.0,100.0,722.0,2712.0,670.0,3429.0,1599.0,8.0,486.0,385.0,353.0,0.0,0.0,2818.0,275.0,2024-11-08 02:00:00,2024-11-08,11.0
08/11/2024,02:30,45415.0,44200.0,44100.0,89.0,21.0,4351.0,45419.0,3142.0,0.0,4922.0,-734.0,1220.0,-12951.0,35.0,-1604.0,-3000.0,-3638.0,-2385.0,-2529.0,14.0,62.0,13.0,100.0,720.0,2859.0,672.0,3413.0,1501.0,8.0,483.0,387.0,351.0,0.0,0.0,2862.0,280.0,2024-11-08 02:30:00,2024-11-08,11.0
08/11/2024,03:00,44082.0,42600.0,43100.0,90.0,21.0,4146.0,45509.0,3109.0,0.0,4587.0,-1153.0,1222.0,-13379.0,34.0,-1751.0,-3000.0,-3638.0,-2385.0,-2224.0,14.0,63.0,13.0,100.0,718.0,2654.0,673.0,3371.0,1208.0,7.0,484.0,387.0,350.0,0.0,0.0,2835.0,275.0,2024-11-08 03:00:00,2024-11-08,11.0
08/11/2024,03:30,43327.0,42000.0,42200.0,90.0,20.0,3971.0,45439.0,3083.0,0.0,4569.0,-1849.0,1229.0,-13141.0,34.0,-1751.0,-3000.0,-3638.0,-2385.0,-2335.0,14.0,63.0,13.0,100.0,690.0,2508.0,673.0,3334.0,1227.0,8.0,489.0,390.0,350.0,0.0,0.0,2840.0,243.0,2024-11-08 03:30:00,2024-11-08,11.0
08/11/2024,04:00,42551.0,41600.0,41700.0,90.0,20.0,4301.0,45237.0,2962.0,0.0,4754.0,-2656.0,1227.0,-13299.0,36.0,-1877.0,-3000.0,-3638.0,-2382.0,-2538.0,14.0,63.0,13.0,100.0,685.0,2842.0,673.0,3344.0,1403.0,7.0,488.0,390.0,349.0,0.0,0.0,2718.0,244.0,2024-11-08 04:00:00,2024-11-08,11.0
08/11/2024,04:30,42462.0,41500.0,41600.0,90.0,20.0,4380.0,45515.0,2850.0,0.0,4781.0,-2699.0,1218.0,-13608.0,36.0,-1877.0,-3000.0,-3638.0,-2382.0,-2521.0,14.0,63.0,13.0,100.0,685.0,2926.0,669.0,3365.0,1408.0,8.0,482.0,386.0,350.0,0.0,0.0,2599.0,251.0,2024-11-08 04:30:00,2024-11-08,11.0
08/11/2024,05:00,42603.0,42100.0,42700.0,89.0,20.0,4354.0,45539.0,2730.0,0.0,4770.0,-2520.0,1218.0,-13510.0,36.0,-1770.0,-2826.0,-3632.0,-1397.0,-2624.0,14.0,62.0,13.0,100.0,681.0,2904.0,669.0,3384.0,1378.0,8.0,479.0,389.0,350.0,0.0,0.0,2502.0,228.0,2024-11-08 05:00:00,2024-11-08,11.0
08/11/2024,05:30,44047.0,43600.0,44100.0,89.0,20.0,4351.0,45574.0,2594.0,0.0,4910.0,-2178.0,1212.0,-12443.0,36.0,-1770.0,-2826.0,-3632.0,-1397.0,-2693.0,14.0,62.0,13.0,100.0,691.0,2890.0,670.0,3428.0,1474.0,8.0,476.0,387.0,349.0,0.0,0.0,2369.0,225.0,2024-11-08 05:30:00,2024-11-08,11.0
08/11/2024,06:00,45398.0,45700.0,45900.0,89.0,20.0,4485.0,45662.0,2471.0,0.0,4954.0,-707.0,1207.0,-12702.0,36.0,-438.0,-2239.0,-3638.0,-1033.0,-2498.0,14.0,62.0,13.0,101.0,696.0,3018.0,670.0,3470.0,1476.0,8.0,474.0,384.0,348.0,0.0,0.0,2238.0,233.0,2024-11-08 06:00:00,2024-11-08,11.0
08/11/2024,06:30,48336.0,48200.0,48900.0,90.0,20.0,5029.0,45647.0,2347.0,0.0,5327.0,-606.0,1208.0,-10637.0,38.0,-438.0,-2239.0,-3638.0,-1033.0,-2585.0,14.0,63.0,13.0,103.0,728.0,3524.0,674.0,3765.0,1483.0,80.0,475.0,383.0,349.0,0.0,0.0,2111.0,236.0,2024-11-08 06:30:00,2024-11-08,11.0
08/11/2024,07:00,50864.0,51400.0,51700.0,96.0,20.0,5848.0,45634.0,2323.0,0.0,6203.0,-6.0,1210.0,-10383.0,42.0,400.0,-1515.0,-3686.0,-1479.0,-2682.0,14.0,69.0,13.0,103.0,731.0,4333.0,682.0,3949.0,2168.0,85.0,474.0,386.0,350.0,0.0,0.0,2048.0,275.0,2024-11-08 07:00:00,2024-11-08,11.0
08/11/2024,07:30,53780.0,53200.0,54100.0,95.0,20.0,5972.0,45580.0,2371.0,0.0,7755.0,-5.0,1218.0,-9142.0,41.0,400.0,-1515.0,-3686.0,-1479.0,-2676.0,14.0,68.0,13.0,103.0,743.0,4438.0,688.0,4476.0,2880.0,399.0,477.0,389.0,352.0,0.0,0.0,2122.0,249.0,2024-11-08 07:30:00,2024-11-08,11.0
08/11/2024,08:00,55151.0,54200.0,54900.0,93.0,20.0,6066.0,45611.0,2400.0,65.0,8822.0,-5.0,1217.0,-9054.0,41.0,90.0,-486.0,-3598.0,-2272.0,-3388.0,15.0,65.0,13.0,103.0,748.0,4525.0,690.0,4510.0,3304.0,1008.0,475.0,388.0,354.0,0.0,0.0,2137.0,263.0,2024-11-08 08:00:00,2024-11-08,11.0
08/11/2024,08:30,56157.0,55500.0,55100.0,91.0,20.0,6130.0,45574.0,2413.0,540.0,10201.0,-6.0,1203.0,-9933.0,40.0,90.0,-486.0,-3598.0,-2272.0,-3200.0,15.0,63.0,13.0,106.0,752.0,4570.0,702.0,4649.0,4070.0,1482.0,470.0,381.0,353.0,0.0,0.0,2146.0,267.0,2024-11-08 08:30:00,2024-11-08,11.0
08/11/2024,09:00,57075.0,56100.0,56000.0,90.0,20.0,6101.0,45674.0,2370.0,1538.0,10075.0,-6.0,1196.0,-9896.0,39.0,-1224.0,-562.0,-2632.0,-2385.0,-2770.0,14.0,63.0,14.0,108.0,756.0,4537.0,700.0,4612.0,3925.0,1538.0,461.0,385.0,351.0,0.0,0.0,2114.0,256.0,2024-11-08 09:00:00,2024-11-08,11.0
08/11/2024,09:30,57522.0,56900.0,56400.0,91.0,20.0,6121.0,45766.0,2293.0,2819.0,9735.0,-6.0,1193.0,-10426.0,39.0,-1224.0,-562.0,-2632.0,-2385.0,-2712.0,14.0,63.0,14.0,118.0,765.0,4527.0,712.0,4479.0,4084.0,1171.0,466.0,383.0,344.0,0.0,0.0,2057.0,236.0,2024-11-08 09:30:00,2024-11-08,11.0
08/11/2024,10:00,57759.0,56900.0,56700.0,91.0,20.0,6092.0,45789.0,2192.0,4078.0,8689.0,-21.0,1188.0,-10269.0,39.0,-2000.0,-1390.0,-1886.0,-2356.0,-2909.0,14.0,63.0,14.0,111.0,766.0,4501.0,713.0,4380.0,3568.0,742.0,464.0,385.0,340.0,0.0,0.0,1961.0,232.0,2024-11-08 10:00:00,2024-11-08,11.0
08/11/2024,10:30,57708.0,57100.0,56300.0,91.0,20.0,6166.0,45819.0,2037.0,5292.0,8483.0,-34.0,1177.0,-11270.0,39.0,-2000.0,-1390.0,-1886.0,-2356.0,-2837.0,14.0,64.0,14.0,102.0,791.0,4560.0,712.0,4178.0,3125.0,1180.0,463.0,381.0,333.0,0.0,0.0,1803.0,234.0,2024-11-08 10:30:00,2024-11-08,11.0
08/11/2024,11:00,57630.0,56700.0,56600.0,91.0,20.0,6165.0,45831.0,1912.0,6334.0,7018.0,-59.0,1158.0,-10756.0,39.0,-2000.0,-1834.0,-1744.0,-1859.0,-2751.0,14.0,63.0,14.0,102.0,782.0,4567.0,715.0,4059.0,2517.0,442.0,465.0,365.0,329.0,0.0,0.0,1702.0,210.0,2024-11-08 11:00:00,2024-11-08,11.0
08/11/2024,11:30,57785.0,56600.0,56900.0,91.0,20.0,6111.0,45841.0,1860.0,7272.0,6477.0,-61.0,1169.0,-10917.0,38.0,-2000.0,-1834.0,-1744.0,-1859.0,-2627.0,14.0,63.0,14.0,101.0,757.0,4537.0,716.0,3862.0,2212.0,403.0,457.0,374.0,338.0,0.0,0.0,1633.0,227.0,2024-11-08 11:30:00,2024-11-08,11.0
08/11/2024,12:00,58347.0,58100.0,57800.0,91.0,21.0,6062.0,45837.0,1808.0,7964.0,6215.0,-73.0,1173.0,-10675.0,38.0,-1996.0,-3282.0,-1125.0,-1508.0,-2122.0,14.0,63.0,15.0,101.0,756.0,4489.0,715.0,3719.0,2200.0,296.0,456.0,374.0,343.0,0.0,0.0,1581.0,228.0,2024-11-08 12:00:00,2024-11-08,11.0
08/11/2024,12:30,58644.0,57200.0,57000.0,92.0,21.0,5957.0,45853.0,1680.0,8441.0,6413.0,-68.0,1186.0,-10845.0,37.0,-1996.0,-3282.0,-1125.0,-1507.0,-2061.0,14.0,63.0,15.0,101.0,769.0,4377.0,709.0,3672.0,2319.0,422.0,463.0,377.0,346.0,0.0,0.0,1482.0,198.0,2024-11-08 12:30:00,2024-11-08,11.0
08/11/2024,13:00,58912.0,58300.0,58100.0,92.0,21.0,6067.0,45945.0,1599.0,8453.0,6283.0,-61.0,1201.0,-10604.0,38.0,-1999.0,-3355.0,-1523.0,-2134.0,-2006.0,13.0,64.0,15.0,101.0,779.0,4477.0,710.0,3655.0,2290.0,339.0,471.0,380.0,350.0,0.0,0.0,1379.0,220.0,2024-11-08 13:00:00,2024-11-08,11.0
08/11/2024,13:30,57814.0,56000.0,55900.0,91.0,21.0,6110.0,45985.0,1515.0,8130.0,6179.0,-11.0,1201.0,-11326.0,38.0,-1999.0,-3355.0,-1523.0,-2079.0,-2147.0,13.0,63.0,14.0,102.0,780.0,4522.0,706.0,3622.0,2179.0,378.0,476.0,377.0,349.0,0.0,0.0,1338.0,177.0,2024-11-08 13:30:00,2024-11-08,11.0
08/11/2024,14:00,56589.0,55600.0,56000.0,90.0,21.0,5995.0,45961.0,1482.0,7654.0,5841.0,-5.0,1196.0,-11563.0,38.0,-1950.0,-1903.0,-3212.0,-2309.0,-2132.0,13.0,63.0,13.0,104.0,780.0,4414.0,696.0,3530.0,2055.0,256.0,473.0,372.0,351.0,0.0,0.0,1297.0,185.0,2024-11-08 14:00:00,2024-11-08,11.0
08/11/2024,14:30,55974.0,54800.0,54700.0,90.0,21.0,6071.0,45943.0,1420.0,6813.0,6095.0,-15.0,1195.0,-11572.0,39.0,-1950.0,-1903.0,-3212.0,-2307.0,-2261.0,13.0,63.0,13.0,110.0,779.0,4492.0,689.0,3528.0,2316.0,251.0,473.0,368.0,353.0,0.0,0.0,1269.0,152.0,2024-11-08 14:30:00,2024-11-08,11.0
08/11/2024,15:00,54925.0,54500.0,54000.0,90.0,21.0,6075.0,45923.0,1347.0,5778.0,6675.0,-10.0,1197.0,-12085.0,39.0,-2000.0,-1169.0,-3533.0,-2367.0,-2690.0,13.0,63.0,13.0,117.0,777.0,4489.0,691.0,3666.0,2639.0,369.0,475.0,368.0,354.0,0.0,0.0,1229.0,118.0,2024-11-08 15:00:00,2024-11-08,11.0
08/11/2024,15:30,54192.0,53500.0,53300.0,89.0,21.0,6082.0,45929.0,1359.0,4411.0,7364.0,-6.0,1189.0,-12159.0,40.0,-2000.0,-1169.0,-3533.0,-2367.0,-3091.0,13.0,63.0,13.0,118.0,774.0,4497.0,692.0,3974.0,3060.0,330.0,477.0,360.0,352.0,0.0,0.0,1249.0,109.0,2024-11-08 15:30:00,2024-11-08,11.0
08/11/2024,16:00,53414.0,52800.0,52700.0,90.0,21.0,6139.0,45937.0,1405.0,2951.0,8352.0,-6.0,1189.0,-12579.0,40.0,-1999.0,-869.0,-3531.0,-2369.0,-3136.0,13.0,64.0,13.0,118.0,756.0,4572.0,692.0,4057.0,3523.0,772.0,480.0,358.0,351.0,0.0,0.0,1292.0,113.0,2024-11-08 16:00:00,2024-11-08,11.0
08/11/2024,16:30,52766.0,52500.0,52300.0,94.0,21.0,5993.0,45974.0,1418.0,1664.0,8774.0,-6.0,1216.0,-12296.0,40.0,-1999.0,-869.0,-3531.0,-2369.0,-3314.0,13.0,63.0,17.0,118.0,750.0,4432.0,694.0,4348.0,3457.0,969.0,485.0,375.0,355.0,0.0,0.0,1287.0,131.0,2024-11-08 16:30:00,2024-11-08,11.0
08/11/2024,17:00,52522.0,52400.0,52000.0,89.0,19.0,6001.0,46026.0,1491.0,693.0,9585.0,-6.0,1219.0,-12515.0,40.0,-1944.0,-1070.0,-3244.0,-2385.0,-2779.0,13.0,63.0,13.0,119.0,755.0,4432.0,696.0,4581.0,3958.0,1046.0,484.0,377.0,359.0,0.0,0.0,1317.0,174.0,2024-11-08 17:00:00,2024-11-08,11.0
08/11/2024,17:30,53630.0,54400.0,54200.0,88.0,18.0,5709.0,46079.0,1607.0,145.0,10488.0,-6.0,1223.0,-11637.0,38.0,-1944.0,-1070.0,-3244.0,-2385.0,-2408.0,14.0,62.0,13.0,123.0,783.0,4104.0,699.0,4900.0,4342.0,1246.0,485.0,380.0,358.0,0.0,0.0,1394.0,213.0,2024-11-08 17:30:00,2024-11-08,11.0
08/11/2024,18:00,55663.0,56500.0,56500.0,89.0,18.0,5782.0,46117.0,1757.0,5.0,12007.0,-6.0,1229.0,-11248.0,38.0,-1867.0,-2962.0,-3023.0,-299.0,-1161.0,14.0,62.0,13.0,109.0,791.0,4176.0,706.0,5287.0,4664.0,2055.0,495.0,381.0,354.0,0.0,0.0,1507.0,250.0,2024-11-08 18:00:00,2024-11-08,11.0
08/11/2024,18:30,56893.0,57500.0,57500.0,88.0,18.0,5870.0,46167.0,1875.0,2.0,11902.0,-6.0,1225.0,-10157.0,38.0,-1867.0,-2962.0,-3023.0,-299.0,-233.0,14.0,61.0,13.0,101.0,793.0,4274.0,702.0,5319.0,4583.0,2001.0,492.0,378.0,355.0,0.0,0.0,1638.0,236.0,2024-11-08 18:30:00,2024-11-08,11.0
08/11/2024,19:00,57867.0,57900.0,57800.0,88.0,18.0,5807.0,46167.0,1944.0,1.0,11920.0,-6.0,1221.0,-9202.0,38.0,-1950.0,-3561.0,-3150.0,-174.0,-681.0,14.0,61.0,13.0,101.0,795.0,4206.0,705.0,5281.0,4628.0,2011.0,488.0,374.0,359.0,0.0,0.0,1730.0,214.0,2024-11-08 19:00:00,2024-11-08,11.0
08/11/2024,19:30,57790.0,57600.0,57500.0,88.0,18.0,6118.0,46165.0,2015.0,0.0,12052.0,-6.0,1224.0,-9805.0,39.0,-1950.0,-3561.0,-3150.0,-174.0,-778.0,14.0,62.0,13.0,101.0,792.0,4512.0,713.0,5241.0,4617.0,2194.0,488.0,377.0,359.0,0.0,0.0,1822.0,192.0,2024-11-08 19:30:00,2024-11-08,11.0
08/11/2024,20:00,56528.0,56500.0,56200.0,88.0,18.0,6001.0,46178.0,1996.0,0.0,11466.0,-6.0,1221.0,-10353.0,39.0,-1363.0,-3561.0,-3022.0,-1088.0,-1110.0,14.0,61.0,13.0,101.0,793.0,4396.0,711.0,5244.0,4349.0,1874.0,489.0,375.0,356.0,0.0,0.0,1829.0,166.0,2024-11-08 20:00:00,2024-11-08,11.0
08/11/2024,20:30,54789.0,54600.0,54100.0,88.0,18.0,6074.0,46194.0,1970.0,0.0,10294.0,-5.0,1225.0,-10990.0,40.0,-1363.0,-3561.0,-3022.0,-1087.0,-996.0,14.0,61.0,13.0,94.0,784.0,4507.0,688.0,4727.0,4077.0,1490.0,492.0,376.0,357.0,0.0,0.0,1831.0,139.0,2024-11-08 20:30:00,2024-11-08,11.0
08/11/2024,21:00,52981.0,53300.0,52800.0,90.0,18.0,5898.0,46201.0,1977.0,0.0,8845.0,-6.0,1225.0,-11184.0,40.0,-1536.0,-3561.0,-3276.0,-1629.0,-907.0,14.0,62.0,14.0,93.0,785.0,4336.0,685.0,4506.0,3518.0,821.0,489.0,379.0,357.0,0.0,0.0,1834.0,143.0,2024-11-08 21:00:00,2024-11-08,11.0
08/11/2024,21:30,51718.0,51800.0,51400.0,90.0,18.0,6066.0,46174.0,1963.0,0.0,7494.0,-6.0,1237.0,-11241.0,42.0,-1536.0,-3561.0,-3276.0,-1629.0,-927.0,14.0,62.0,14.0,94.0,768.0,4521.0,682.0,4295.0,2803.0,395.0,496.0,387.0,354.0,0.0,0.0,1818.0,145.0,2024-11-08 21:30:00,2024-11-08,11.0
08/11/2024,22:00,50499.0,50200.0,49800.0,89.0,18.0,5938.0,46091.0,2004.0,0.0,6650.0,-16.0,1241.0,-11427.0,42.0,-1566.0,-3020.0,-3071.0,-1742.0,-359.0,14.0,62.0,13.0,94.0,765.0,4397.0,683.0,4169.0,2374.0,107.0,497.0,387.0,356.0,0.0,0.0,1856.0,148.0,2024-11-08 22:00:00,2024-11-08,11.0
08/11/2024,22:30,50811.0,51500.0,51200.0,88.0,18.0,5843.0,46011.0,1970.0,0.0,6483.0,-25.0,1249.0,-10743.0,42.0,-1566.0,-3020.0,-3071.0,-1691.0,844.0,14.0,62.0,13.0,94.0,736.0,4335.0,679.0,4089.0,2288.0,106.0,499.0,393.0,357.0,0.0,0.0,1844.0,125.0,2024-11-08 22:30:00,2024-11-08,11.0
08/11/2024,23:00,51891.0,51900.0,51600.0,90.0,18.0,5854.0,45657.0,1988.0,0.0,6759.0,-32.0,1243.0,-9595.0,42.0,-2015.0,-2337.0,-3089.0,-1958.0,802.0,14.0,62.0,14.0,94.0,735.0,4348.0,677.0,4141.0,2534.0,84.0,503.0,386.0,354.0,0.0,0.0,1872.0,117.0,2024-11-08 23:00:00,2024-11-08,11.0
08/11/2024,23:30,51216.0,51000.0,50500.0,89.0,18.0,5901.0,45034.0,2008.0,0.0,6305.0,-47.0,1247.0,-9255.0,43.0,-2015.0,-2337.0,-3089.0,-1958.0,1301.0,14.0,62.0,14.0,94.0,722.0,4410.0,676.0,3914.0,2338.0,53.0,504.0,386.0,356.0,0.0,0.0,1897.0,112.0,2024-11-08 23:30:00,2024-11-08,11.0
02/12/2024,00:00,54870.0,54300.0,53400.0,94.0,15.0,1752.0,48397.0,7828.0,0.0,6298.0,-1740.0,1234.0,-8889.0,18.0,-2383.0,-2682.0,-2915.0,-3200.0,1086.0,15.0,56.0,23.0,112.0,689.0,178.0,772.0,4663.0,1453.0,183.0,526.0,366.0,342.0,0.0,0.0,6640.0,1188.0,2024-12-02 00:00:00,2024-12-02,12.0
02/12/2024,00:30,53773.0,52600.0,51400.0,95.0,15.0,1698.0,48420.0,7878.0,0.0,6132.0,-1633.0,1228.0,-9964.0,18.0,-2383.0,-2682.0,-2915.0,-3200.0,919.0,15.0,57.0,23.0,92.0,694.0,140.0,771.0,4692.0,1429.0,11.0,518.0,368.0,342.0,0.0,0.0,6726.0,1152.0,2024-12-02 00:30:00,2024-12-02,12.0
02/12/2024,01:00,51371.0,50600.0,49600.0,95.0,16.0,1735.0,47824.0,7790.0,0.0,5380.0,-2091.0,1231.0,-10477.0,18.0,-2074.0,-2475.0,-2915.0,-3200.0,-97.0,15.0,57.0,23.0,80.0,695.0,189.0,772.0,4532.0,841.0,6.0,521.0,367.0,343.0,0.0,0.0,6690.0,1100.0,2024-12-02 01:00:00,2024-12-02,12.0
02/12/2024,01:30,50726.0,51100.0,50100.0,96.0,15.0,1691.0,47989.0,7755.0,0.0,5203.0,-2255.0,1223.0,-10873.0,18.0,-2074.0,-2475.0,-2915.0,-3200.0,-103.0,16.0,58.0,23.0,80.0,692.0,146.0,772.0,4406.0,791.0,6.0,518.0,363.0,342.0,0.0,0.0,6665.0,1090.0,2024-12-02 01:30:00,2024-12-02,12.0
02/12/2024,02:00,50053.0,50400.0,49500.0,97.0,15.0,1706.0,47830.0,7629.0,0.0,5161.0,-2427.0,1225.0,-11066.0,19.0,-939.0,-2682.0,-2915.0,-3200.0,-1553.0,16.0,59.0,23.0,80.0,691.0,163.0,772.0,4350.0,805.0,7.0,526.0,357.0,342.0,0.0,0.0,6561.0,1069.0,2024-12-02 02:00:00,2024-12-02,12.0
02/12/2024,02:30,49853.0,49000.0,48200.0,95.0,16.0,1718.0,48339.0,7354.0,0.0,4758.0,-2057.0,1224.0,-11490.0,19.0,-939.0,-2682.0,-2915.0,-3200.0,-1999.0,15.0,57.0,22.0,80.0,690.0,176.0,773.0,4281.0,471.0,7.0,529.0,355.0,340.0,0.0,0.0,6364.0,990.0,2024-12-02 02:30:00,2024-12-02,12.0
02/12/2024,03:00,48579.0,48000.0,47200.0,95.0,15.0,1708.0,48038.0,7289.0,0.0,4591.0,-2361.0,1231.0,-11899.0,19.0,-914.0,-2682.0,-2508.0,-2800.0,-2854.0,15.0,58.0,22.0,80.0,690.0,166.0,772.0,4173.0,412.0,7.0,532.0,361.0,338.0,0.0,0.0,6217.0,1073.0,2024-12-02 03:00:00,2024-12-02,12.0
02/12/2024,03:30,47774.0,47400.0,46100.0,95.0,15.0,1707.0,47774.0,7331.0,0.0,4376.0,-2737.0,1229.0,-11901.0,19.0,-914.0,-2682.0,-2508.0,-2800.0,-3096.0,15.0,58.0,22.0,80.0,690.0,168.0,770.0,4018.0,352.0,7.0,531.0,360.0,338.0,0.0,0.0,6217.0,1114.0,2024-12-02 03:30:00,2024-12-02,12.0
02/12/2024,04:00,46829.0,46300.0,45400.0,96.0,15.0,1671.0,47349.0,7363.0,0.0,4289.0,-2902.0,1220.0,-12153.0,19.0,-871.0,-2729.0,-2908.0,-2800.0,-2823.0,15.0,58.0,22.0,80.0,690.0,132.0,769.0,3932.0,350.0,7.0,522.0,362.0,336.0,0.0,0.0,6292.0,1071.0,2024-12-02 04:00:00,2024-12-02,12.0
02/12/2024,04:30,46676.0,46400.0,45700.0,95.0,15.0,1718.0,47373.0,7464.0,0.0,4218.0,-2982.0,1225.0,-12317.0,19.0,-871.0,-2729.0,-2908.0,-2800.0,-2872.0,15.0,57.0,22.0,80.0,690.0,176.0,772.0,3863.0,348.0,7.0,524.0,366.0,335.0,0.0,0.0,6324.0,1140.0,2024-12-02 04:30:00,2024-12-02,12.0
02/12/2024,05:00,46804.0,47800.0,46600.0,96.0,15.0,1680.0,47418.0,7428.0,0.0,4235.0,-2727.0,1230.0,-12437.0,19.0,491.0,-2729.0,-2908.0,-2800.0,-3437.0,16.0,58.0,22.0,78.0,695.0,135.0,772.0,3855.0,373.0,7.0,527.0,367.0,337.0,0.0,0.0,6252.0,1175.0,2024-12-02 05:00:00,2024-12-02,12.0
02/12/2024,05:30,48679.0,49300.0,48200.0,96.0,14.0,1724.0,47510.0,7383.0,0.0,4475.0,-2077.0,1235.0,-11554.0,19.0,491.0,-2729.0,-2908.0,-2800.0,-3266.0,16.0,59.0,22.0,68.0,696.0,193.0,766.0,3833.0,635.0,7.0,532.0,366.0,337.0,0.0,0.0,6229.0,1154.0,2024-12-02 05:30:00,2024-12-02,12.0
02/12/2024,06:00,50155.0,52300.0,50300.0,95.0,15.0,1715.0,47731.0,7481.0,0.0,4714.0,-1218.0,1226.0,-11483.0,18.0,452.0,-2600.0,-2915.0,-2754.0,-1357.0,16.0,58.0,22.0,68.0,693.0,184.0,770.0,3922.0,785.0,7.0,523.0,366.0,337.0,0.0,0.0,6297.0,1184.0,2024-12-02 06:00:00,2024-12-02,12.0
02/12/2024,06:30,53516.0,54900.0,53800.0,95.0,14.0,1989.0,48100.0,7524.0,0.0,5512.0,-1149.0,1227.0,-9688.0,20.0,452.0,-2600.0,-2915.0,-2754.0,-1522.0,16.0,58.0,22.0,69.0,694.0,452.0,774.0,4249.0,1123.0,140.0,525.0,365.0,337.0,0.0,0.0,6362.0,1162.0,2024-12-02 06:30:00,2024-12-02,12.0
02/12/2024,07:00,56238.0,57900.0,56500.0,96.0,15.0,2287.0,48321.0,7585.0,0.0,6893.0,-449.0,1215.0,-9618.0,20.0,346.0,-2600.0,-2800.0,-3199.0,-2077.0,16.0,58.0,22.0,69.0,689.0,750.0,779.0,4514.0,1898.0,481.0,518.0,360.0,337.0,0.0,0.0,6442.0,1143.0,2024-12-02 07:00:00,2024-12-02,12.0
02/12/2024,07:30,59357.0,60700.0,58700.0,95.0,15.0,2943.0,48527.0,7672.0,0.0,9294.0,-141.0,1200.0,-10145.0,22.0,346.0,-2600.0,-2800.0,-3199.0,-2105.0,16.0,58.0,22.0,71.0,701.0,1386.0,785.0,5039.0,3721.0,534.0,499.0,363.0,338.0,0.0,0.0,6708.0,964.0,2024-12-02 07:30:00,2024-12-02,12.0
02/12/2024,08:00,61352.0,61800.0,60200.0,95.0,14.0,3596.0,48589.0,8010.0,3.0,10703.0,-39.0,1202.0,-10723.0,25.0,-174.0,-2600.0,-2800.0,-2904.0,-2729.0,16.0,58.0,22.0,69.0,751.0,1990.0,786.0,5173.0,4235.0,1295.0,499.0,366.0,337.0,0.0,0.0,6939.0,1071.0,2024-12-02 08:00:00,2024-12-02,12.0
02/12/2024,08:30,62230.0,62500.0,60500.0,96.0,14.0,3949.0,48587.0,8089.0,88.0,11507.0,-61.0,1203.0,-11117.0,26.0,-174.0,-2600.0,-2800.0,-2904.0,-2818.0,16.0,59.0,22.0,66.0,774.0,2304.0,804.0,5416.0,4416.0,1675.0,500.0,366.0,338.0,0.0,0.0,7066.0,1023.0,2024-12-02 08:30:00,2024-12-02,12.0
02/12/2024,09:00,62714.0,62700.0,60500.0,95.0,14.0,4362.0,48690.0,8009.0,440.0,11429.0,-63.0,1193.0,-11329.0,28.0,-1559.0,-1932.0,-2593.0,-3200.0,-2201.0,16.0,58.0,22.0,66.0,781.0,2711.0,803.0,5493.0,4406.0,1530.0,493.0,366.0,334.0,0.0,0.0,6993.0,1015.0,2024-12-02 09:00:00,2024-12-02,12.0
02/12/2024,09:30,63018.0,62800.0,60700.0,95.0,14.0,4681.0,48718.0,7894.0,1129.0,10909.0,-63.0,1179.0,-11409.0,29.0,-1559.0,-1932.0,-2593.0,-3198.0,-1911.0,15.0,58.0,22.0,67.0,781.0,3030.0,804.0,5483.0,4418.0,1008.0,483.0,367.0,330.0,0.0,0.0,6854.0,1040.0,2024-12-02 09:30:00,2024-12-02,12.0
02/12/2024,10:00,62833.0,63000.0,60000.0,96.0,14.0,4598.0,48732.0,7529.0,2004.0,10098.0,-7.0,1176.0,-11268.0,29.0,-2134.0,-2000.0,-2587.0,-3198.0,-2034.0,15.0,59.0,22.0,67.0,788.0,2947.0,796.0,5543.0,4136.0,420.0,486.0,361.0,328.0,0.0,0.0,6518.0,1011.0,2024-12-02 10:00:00,2024-12-02,12.0
02/12/2024,10:30,62558.0,62800.0,60100.0,96.0,14.0,4645.0,48722.0,7147.0,2911.0,9851.0,-6.0,1164.0,-11868.0,29.0,-2134.0,-2000.0,-2587.0,-3200.0,-2021.0,15.0,59.0,22.0,70.0,787.0,2989.0,800.0,5529.0,3986.0,335.0,498.0,338.0,328.0,0.0,0.0,6114.0,1033.0,2024-12-02 10:30:00,2024-12-02,12.0
02/12/2024,11:00,62382.0,62600.0,60000.0,96.0,15.0,4556.0,48719.0,6845.0,3723.0,9407.0,-6.0,1156.0,-12006.0,29.0,-1944.0,-2050.0,-2589.0,-3155.0,-2377.0,15.0,59.0,22.0,70.0,787.0,2900.0,799.0,5606.0,3368.0,433.0,492.0,333.0,332.0,0.0,0.0,5851.0,993.0,2024-12-02 11:00:00,2024-12-02,12.0
02/12/2024,11:30,62450.0,62600.0,60700.0,96.0,14.0,4561.0,48734.0,6949.0,4448.0,9020.0,-6.0,1186.0,-12434.0,28.0,-1944.0,-2050.0,-2589.0,-3076.0,-2106.0,15.0,59.0,22.0,61.0,795.0,2916.0,789.0,5391.0,3024.0,604.0,495.0,359.0,333.0,0.0,0.0,5862.0,1087.0,2024-12-02 11:30:00,2024-12-02,12.0
02/12/2024,12:00,62848.0,63800.0,61100.0,98.0,15.0,4427.0,48735.0,7023.0,5047.0,8693.0,-6.0,1180.0,-12245.0,28.0,-2524.0,-1937.0,-1996.0,-3189.0,-2275.0,15.0,60.0,23.0,62.0,801.0,2770.0,794.0,5350.0,2788.0,556.0,486.0,357.0,337.0,0.0,0.0,5960.0,1063.0,2024-12-02 12:00:00,2024-12-02,12.0
02/12/2024,12:30,63030.0,63200.0,60600.0,96.0,15.0,4331.0,48724.0,7282.0,5332.0,8468.0,-6.0,1184.0,-12275.0,27.0,-2524.0,-1937.0,-1996.0,-3189.0,-2347.0,15.0,58.0,23.0,65.0,812.0,2667.0,787.0,5377.0,2690.0,401.0,487.0,358.0,340.0,0.0,0.0,6184.0,1098.0,2024-12-02 12:30:00,2024-12-02,12.0
02/12/2024,13:00,63308.0,64600.0,61700.0,97.0,15.0,4369.0,48710.0,7693.0,5575.0,8497.0,-6.0,1184.0,-12696.0,27.0,-2906.0,-2049.0,-2219.0,-2796.0,-3463.0,15.0,58.0,24.0,66.0,871.0,2642.0,789.0,5344.0,2702.0,450.0,486.0,359.0,339.0,0.0,0.0,6639.0,1054.0,2024-12-02 13:00:00,2024-12-02,12.0
02/12/2024,13:30,62172.0,62300.0,59600.0,97.0,15.0,4361.0,48708.0,8356.0,5339.0,8462.0,-8.0,1186.0,-14214.0,27.0,-2906.0,-2049.0,-2219.0,-2800.0,-3720.0,15.0,59.0,23.0,66.0,878.0,2623.0,794.0,5375.0,2727.0,361.0,487.0,358.0,341.0,0.0,0.0,7259.0,1097.0,2024-12-02 13:30:00,2024-12-02,12.0
02/12/2024,14:00,61228.0,61800.0,59000.0,101.0,15.0,4458.0,48658.0,8799.0,4946.0,7960.0,-371.0,1191.0,-14402.0,28.0,-3009.0,-2050.0,-2501.0,-2800.0,-3918.0,15.0,58.0,28.0,68.0,872.0,2724.0,796.0,5367.0,2361.0,233.0,491.0,359.0,340.0,0.0,0.0,7664.0,1135.0,2024-12-02 14:00:00,2024-12-02,12.0
02/12/2024,14:30,60398.0,60800.0,58400.0,100.0,15.0,4567.0,48501.0,9060.0,4305.0,7823.0,-410.0,1197.0,-14635.0,28.0,-3009.0,-2050.0,-2501.0,-2800.0,-3963.0,15.0,58.0,27.0,70.0,855.0,2849.0,792.0,5330.0,2266.0,227.0,494.0,361.0,342.0,0.0,0.0,7906.0,1154.0,2024-12-02 14:30:00,2024-12-02,12.0
02/12/2024,15:00,59440.0,60100.0,57800.0,97.0,15.0,4665.0,48485.0,9164.0,3506.0,7595.0,-409.0,1199.0,-14743.0,29.0,-2973.0,-1950.0,-2516.0,-3200.0,-4521.0,15.0,59.0,23.0,70.0,864.0,2946.0,785.0,5209.0,2213.0,173.0,495.0,361.0,343.0,0.0,0.0,8008.0,1156.0,2024-12-02 15:00:00,2024-12-02,12.0
02/12/2024,15:30,58961.0,59200.0,57000.0,96.0,15.0,4552.0,48616.0,9084.0,2739.0,8111.0,-328.0,1201.0,-15020.0,29.0,-2973.0,-1950.0,-2516.0,-3200.0,-4620.0,15.0,58.0,23.0,68.0,891.0,2810.0,784.0,5168.0,2523.0,419.0,501.0,357.0,343.0,0.0,0.0,8049.0,1035.0,2024-12-02 15:30:00,2024-12-02,12.0
02/12/2024,16:00,58437.0,58700.0,56600.0,96.0,15.0,4868.0,48608.0,8939.0,1829.0,8248.0,-6.0,1220.0,-15274.0,30.0,-2911.0,-1950.0,-2116.0,-3200.0,-4719.0,15.0,57.0,24.0,68.0,895.0,3120.0,785.0,5210.0,2695.0,343.0,511.0,364.0,345.0,0.0,0.0,7880.0,1059.0,2024-12-02 16:00:00,2024-12-02,12.0
02/12/2024,16:30,58292.0,58000.0,56000.0,97.0,15.0,5164.0,48529.0,8884.0,977.0,8656.0,-6.0,1210.0,-15113.0,32.0,-2911.0,-1950.0,-2116.0,-3200.0,-4777.0,15.0,58.0,24.0,68.0,911.0,3398.0,787.0,5229.0,3187.0,239.0,500.0,363.0,346.0,0.0,0.0,7790.0,1093.0,2024-12-02 16:30:00,2024-12-02,12.0
02/12/2024,17:00,58660.0,59000.0,56900.0,96.0,16.0,5424.0,48423.0,8689.0,331.0,9864.0,-6.0,1219.0,-15281.0,33.0,-2754.0,-1950.0,-2116.0,-3200.0,-5028.0,15.0,59.0,22.0,68.0,914.0,3644.0,797.0,5388.0,3883.0,592.0,501.0,367.0,350.0,0.0,0.0,7655.0,1034.0,2024-12-02 17:00:00,2024-12-02,12.0
02/12/2024,17:30,60382.0,60900.0,58700.0,95.0,16.0,5633.0,48513.0,8812.0,30.0,11444.0,-5.0,1214.0,-15246.0,33.0,-2754.0,-1950.0,-2116.0,-3200.0,-5090.0,15.0,58.0,22.0,66.0,917.0,3849.0,801.0,5739.0,4886.0,820.0,494.0,369.0,350.0,0.0,0.0,7719.0,1092.0,2024-12-02 17:30:00,2024-12-02,12.0
02/12/2024,18:00,62172.0,62700.0,60400.0,95.0,16.0,5647.0,48627.0,8832.0,0.0,13026.0,-6.0,1220.0,-15160.0,33.0,-2035.0,-2400.0,-2177.0,-3200.0,-3405.0,15.0,59.0,22.0,68.0,917.0,3858.0,803.0,5943.0,5370.0,1713.0,500.0,370.0,351.0,0.0,0.0,7848.0,984.0,2024-12-02 18:00:00,2024-12-02,12.0
02/12/2024,18:30,63719.0,64300.0,61900.0,95.0,16.0,5606.0,48657.0,9072.0,0.0,12767.0,-6.0,1227.0,-13602.0,32.0,-2035.0,-2400.0,-2177.0,-3198.0,-2809.0,15.0,59.0,22.0,71.0,921.0,3812.0,802.0,6110.0,5101.0,1556.0,503.0,371.0,353.0,0.0,0.0,7941.0,1131.0,2024-12-02 18:30:00,2024-12-02,12.0
02/12/2024,19:00,65451.0,66000.0,63500.0,95.0,16.0,5611.0,48776.0,9076.0,0.0,13483.0,-6.0,1235.0,-12724.0,32.0,-2205.0,-2400.0,-1892.0,-3147.0,-2566.0,15.0,58.0,22.0,72.0,921.0,3817.0,800.0,6102.0,5150.0,2230.0,506.0,374.0,355.0,0.0,0.0,7851.0,1225.0,2024-12-02 19:00:00,2024-12-02,12.0
02/12/2024,19:30,65832.0,64700.0,62300.0,96.0,16.0,5650.0,48897.0,8726.0,0.0,13784.0,-6.0,1246.0,-12463.0,32.0,-2205.0,-2400.0,-1892.0,-3199.0,-2461.0,15.0,59.0,22.0,72.0,923.0,3854.0,801.0,6129.0,5207.0,2448.0,514.0,378.0,355.0,0.0,0.0,7471.0,1255.0,2024-12-02 19:30:00,2024-12-02,12.0
02/12/2024,20:00,64340.0,62800.0,60400.0,96.0,15.0,5472.0,48869.0,8637.0,0.0,12589.0,-13.0,1257.0,-12463.0,32.0,-2984.0,-2400.0,-1841.0,-3200.0,-2866.0,15.0,59.0,22.0,72.0,925.0,3673.0,802.0,6153.0,4740.0,1696.0,517.0,385.0,356.0,0.0,0.0,7415.0,1222.0,2024-12-02 20:00:00,2024-12-02,12.0
02/12/2024,20:30,62378.0,60600.0,58300.0,96.0,15.0,4898.0,48929.0,8571.0,0.0,12257.0,-58.0,1246.0,-13454.0,30.0,-2984.0,-2400.0,-1841.0,-3200.0,-2238.0,15.0,59.0,22.0,72.0,911.0,3134.0,780.0,5960.0,4465.0,1832.0,509.0,384.0,353.0,0.0,0.0,7469.0,1102.0,2024-12-02 20:30:00,2024-12-02,12.0
02/12/2024,21:00,60404.0,58700.0,56500.0,95.0,16.0,4943.0,48908.0,8539.0,0.0,10254.0,-62.0,1244.0,-13408.0,31.0,-2676.0,-2400.0,-2536.0,-3092.0,-3285.0,15.0,59.0,22.0,72.0,912.0,3181.0,778.0,5713.0,3714.0,827.0,509.0,384.0,352.0,0.0,0.0,7530.0,1008.0,2024-12-02 21:00:00,2024-12-02,12.0
02/12/2024,21:30,58773.0,57500.0,55300.0,96.0,15.0,5190.0,48948.0,8084.0,0.0,9636.0,-62.0,1253.0,-14264.0,32.0,-2676.0,-2400.0,-2536.0,-3092.0,-2487.0,15.0,60.0,22.0,72.0,907.0,3433.0,778.0,5259.0,3296.0,1081.0,515.0,386.0,352.0,0.0,0.0,7185.0,900.0,2024-12-02 21:30:00,2024-12-02,12.0
02/12/2024,22:00,57395.0,56600.0,54500.0,95.0,15.0,4887.0,48940.0,7843.0,0.0,8066.0,-57.0,1256.0,-13520.0,32.0,-2901.0,-2700.0,-2229.0,-3146.0,-2231.0,15.0,58.0,22.0,72.0,901.0,3136.0,778.0,5116.0,2566.0,384.0,520.0,384.0,352.0,0.0,0.0,7052.0,791.0,2024-12-02 22:00:00,2024-12-02,12.0
02/12/2024,22:30,57717.0,57500.0,55400.0,95.0,16.0,4934.0,49003.0,7605.0,0.0,8105.0,-5.0,1264.0,-13191.0,32.0,-2901.0,-2700.0,-2229.0,-3146.0,188.0,15.0,58.0,22.0,72.0,884.0,3198.0,779.0,5008.0,2587.0,510.0,525.0,387.0,352.0,0.0,0.0,6905.0,701.0,2024-12-02 22:30:00,2024-12-02,12.0
02/12/2024,23:00,58709.0,58500.0,56500.0,96.0,15.0,5015.0,48989.0,7145.0,0.0,7430.0,-6.0,1258.0,-11107.0,33.0,-2408.0,-2700.0,-1602.0,-3152.0,-726.0,15.0,59.0,22.0,72.0,884.0,3279.0,780.0,4981.0,2183.0,266.0,526.0,381.0,351.0,0.0,0.0,6627.0,518.0,2024-12-02 23:00:00,2024-12-02,12.0
02/12/2024,23:30,57898.0,57900.0,56200.0,96.0,15.0,4372.0,49051.0,6775.0,0.0,7254.0,-6.0,1262.0,-10813.0,30.0,-2408.0,-2700.0,-1602.0,-3152.0,411.0,15.0,59.0,21.0,72.0,885.0,2634.0,781.0,4995.0,2159.0,100.0,530.0,382.0,350.0,0.0,0.0,6410.0,365.0,2024-12-02 23:30:00,2024-12-02,12.0
