Code INSEE région;Région;Date;Heure;Consommation (MW);Thermique (MW);Nucléaire (MW);Eolien (MW);Solaire (MW);Hydraulique (MW);Pompage (MW);Bioénergies (MW);Ech. physiques (MW);Stockage batterie;Déstockage batterie;Eolien terrestre;Eolien offshore;Total gen (MW)
11;Île-de-France;2024-01-18;00:00;11026;487;0;24;0;6;0;122;10388;0;0;24;0;639
93;Provence-Alpes-Côte d'Azur;2024-01-18;00:00;5354;1620;0;1;0;1712;0;96;1926;0;0;1;0;3429
27;Bourgogne-Franche-Comté;2024-01-18;00:00;2642;106;0;757;0;112;0;55;1613;0;0;757;0;1030
32;Hauts-de-France;2024-01-18;00:00;6959;1284;4389;433;0;2;0;135;716;0;0;433;0;6243
76;Occitanie;2024-01-18;00:00;5015;74;1789;218;0;1780;0;116;1039;0;0;218;0;3977
52;Pays de la Loire;2024-01-18;00:00;3769;572;0;1129;0;3;0;58;2007;0;0;803;326;1762
28;Normandie;2024-01-18;00:00;4469;355;10367;181;0;16;0;75;-6524;0;0;116;65;10994
75;Nouvelle-Aquitaine;2024-01-18;00:00;5274;199;5779;1420;0;922;0;130;-3174;0;0;1420;0;8450
44;Grand Est;2024-01-18;00:00;5860;2052;10041;703;0;1009;-316;157;-7787;0;0;703;0;13646
53;Bretagne;2024-01-18;00:00;3782;690;0;968;0;22;-18;54;2066;0;0;829;140;1716
24;Centre-Val de Loire;2024-01-18;00:00;2707;90;8486;497;0;16;0;58;-6440;0;0;497;0;9147
84;Auvergne-Rhône-Alpes;2024-01-18;00:00;8252;574;9850;260;0;4054;-3;132;-6615;0;0;260;0;14867
11;Île-de-France;2024-01-18;00:30;10831;484;0;21;0;6;0;123;10201;0;0;21;0;634
27;Bourgogne-Franche-Comté;2024-01-18;00:30;2580;106;0;770;0;112;0;54;1537;0;0;770;0;1042
24;Centre-Val de Loire;2024-01-18;00:30;2772;90;8483;406;0;15;0;58;-6281;0;0;406;0;9052
28;Normandie;2024-01-18;00:30;4424;349;10368;164;0;16;0;74;-6547;0;0;100;64;10971
44;Grand Est;2024-01-18;00:30;5835;1385;10043;711;0;1009;-350;156;-7122;0;0;711;0;12954
53;Bretagne;2024-01-18;00:30;3787;552;0;958;0;22;-50;56;2249;0;0;819;140;1538
52;Pays de la Loire;2024-01-18;00:30;3734;579;0;1176;0;2;0;55;1921;0;0;818;358;1812
93;Provence-Alpes-Côte d'Azur;2024-01-18;00:30;5054;1778;0;1;0;1686;0;96;1494;0;0;1;0;3561
75;Nouvelle-Aquitaine;2024-01-18;00:30;5246;200;5778;1459;0;1059;0;130;-3380;0;0;1459;0;8626
76;Occitanie;2024-01-18;00:30;4756;74;1785;197;0;2175;0;115;411;0;0;197;0;4346
84;Auvergne-Rhône-Alpes;2024-01-18;00:30;8315;353;9846;294;0;4477;-3;133;-6784;0;0;294;0;15100
32;Hauts-de-France;2024-01-18;00:30;6908;1532;4390;452;0;2;0;137;390;0;0;452;0;6513
93;Provence-Alpes-Côte d'Azur;2024-01-18;01:00;4850;1728;0;1;0;1665;0;95;1363;0;0;1;0;3489
27;Bourgogne-Franche-Comté;2024-01-18;01:00;2524;106;0;809;0;111;0;54;1444;0;0;809;0;1080
44;Grand Est;2024-01-18;01:00;5607;722;10043;728;0;1009;-351;155;-6704;0;0;728;0;12306
32;Hauts-de-France;2024-01-18;01:00;6862;1173;4390;467;0;2;0;136;694;0;0;467;0;6168
76;Occitanie;2024-01-18;01:00;4512;74;1785;217;0;1686;0;116;634;0;0;217;0;3878
52;Pays de la Loire;2024-01-18;01:00;3600;578;0;1162;0;2;0;54;1803;0;0;804;358;1796
11;Île-de-France;2024-01-18;01:00;10413;484;0;24;0;6;0;121;9786;0;0;24;0;635
75;Nouvelle-Aquitaine;2024-01-18;01:00;5004;200;5776;1511;0;863;0;133;-3478;0;0;1511;0;8483
24;Centre-Val de Loire;2024-01-18;01:00;2620;90;8481;534;0;8;0;58;-6550;0;0;534;0;9171
53;Bretagne;2024-01-18;01:00;3558;288;0;934;0;22;-57;54;2317;0;0;799;135;1241
28;Normandie;2024-01-18;01:00;4317;349;10368;154;0;16;0;74;-6643;0;0;101;53;10961
84;Auvergne-Rhône-Alpes;2024-01-18;01:00;8040;144;9844;334;0;4287;-3;132;-6699;0;0;334;0;14738
52;Pays de la Loire;2024-01-18;01:30;3639;578;0;1112;0;2;0;54;1892;0;0;754;358;1746
93;Provence-Alpes-Côte d'Azur;2024-01-18;01:30;4877;1741;0;0;0;1647;0;96;1394;0;0;0;0;3484
32;Hauts-de-France;2024-01-18;01:30;6766;929;4390;615;0;2;0;140;689;0;0;615;0;6076
24;Centre-Val de Loire;2024-01-18;01:30;2698;90;8449;738;0;7;0;58;-6643;0;0;738;0;9342
84;Auvergne-Rhône-Alpes;2024-01-18;01:30;7945;143;9843;351;0;4320;-3;132;-6840;0;0;351;0;14786
53;Bretagne;2024-01-18;01:30;3477;240;0;864;0;22;-57;55;2353;0;0;739;125;1124
28;Normandie;2024-01-18;01:30;4349;354;10369;157;0;16;0;74;-6622;0;0;102;55;10970
11;Île-de-France;2024-01-18;01:30;10103;484;0;46;0;6;0;120;9451;0;0;46;0;656
75;Nouvelle-Aquitaine;2024-01-18;01:30;5175;200;5777;1515;0;926;0;135;-3377;0;0;1515;0;8553
76;Occitanie;2024-01-18;01:30;4536;74;1788;222;0;1805;0;116;532;0;0;222;0;4005
44;Grand Est;2024-01-18;01:30;5464;520;10044;774;0;1008;-177;154;-6858;0;0;774;0;12323
27;Bourgogne-Franche-Comté;2024-01-18;01:30;2530;105;0;768;0;111;0;55;1491;0;0;768;0;1039
11;Île-de-France;2024-01-18;02:00;9802;484;0;62;0;6;0;124;9130;0;0;62;0;676
28;Normandie;2024-01-18;02:00;4379;355;10258;159;0;17;0;75;-6484;0;0;96;63;10864
52;Pays de la Loire;2024-01-18;02:00;3683;580;0;1092;0;2;0;57;1952;0;0;734;358;1731
44;Grand Est;2024-01-18;02:00;5670;526;10043;768;0;1012;-176;154;-6655;0;0;768;0;12327
76;Occitanie;2024-01-18;02:00;4455;74;1788;214;0;1798;0;115;467;0;0;214;0;3989
84;Auvergne-Rhône-Alpes;2024-01-18;02:00;7951;138;9845;381;0;4210;-66;132;-6689;0;0;381;0;14640
32;Hauts-de-France;2024-01-18;02:00;6789;804;4391;720;0;2;0;140;732;0;0;720;0;6057
75;Nouvelle-Aquitaine;2024-01-18;02:00;5026;196;5779;1490;0;856;0;132;-3426;0;0;1490;0;8453
93;Provence-Alpes-Côte d'Azur;2024-01-18;02:00;4850;1755;0;1;0;1552;0;95;1447;0;0;1;0;3403
53;Bretagne;2024-01-18;02:00;3584;240;0;819;0;22;-57;55;2504;0;0;702;117;1079
27;Bourgogne-Franche-Comté;2024-01-18;02:00;2570;106;0;746;0;111;0;54;1554;0;0;746;0;1017
24;Centre-Val de Loire;2024-01-18;02:00;2631;90;8087;964;0;7;0;58;-6574;0;0;964;0;9206
27;Bourgogne-Franche-Comté;2024-01-18;02:30;2619;106;0;741;0;112;0;54;1606;0;0;741;0;1013
76;Occitanie;2024-01-18;02:30;4558;74;1795;215;0;1841;0;116;518;0;0;215;0;4041
75;Nouvelle-Aquitaine;2024-01-18;02:30;5086;196;5777;1462;0;749;0;131;-3229;0;0;1462;0;8315
24;Centre-Val de Loire;2024-01-18;02:30;2635;90;8449;1003;0;6;0;59;-6972;0;0;1003;0;9607
84;Auvergne-Rhône-Alpes;2024-01-18;02:30;8008;138;9847;396;0;4320;-82;130;-6742;0;0;396;0;14749
32;Hauts-de-France;2024-01-18;02:30;6709;826;4392;844;0;2;0;139;505;0;0;844;0;6203
11;Île-de-France;2024-01-18;02:30;9712;477;0;82;0;6;0;125;9022;0;0;82;0;690
28;Normandie;2024-01-18;02:30;4301;349;10232;167;0;17;0;74;-6537;0;0;95;72;10839
93;Provence-Alpes-Côte d'Azur;2024-01-18;02:30;4992;1827;0;6;0;1462;0;96;1602;0;0;6;0;3391
52;Pays de la Loire;2024-01-18;02:30;3693;579;0;1115;0;2;0;56;1941;0;0;756;358;1752
44;Grand Est;2024-01-18;02:30;5664;535;10043;926;0;1011;-312;156;-6694;0;0;926;0;12359
53;Bretagne;2024-01-18;02:30;3563;234;0;799;0;22;-4;55;2458;0;0;664;135;1106
53;Bretagne;2024-01-18;03:00;3471;233;0;758;0;21;-1;55;2404;0;0;618;140;1066
27;Bourgogne-Franche-Comté;2024-01-18;03:00;2548;106;0;685;0;111;0;54;1592;0;0;685;0;956
76;Occitanie;2024-01-18;03:00;4482;74;1810;241;0;1619;0;117;622;0;0;241;0;3861
93;Provence-Alpes-Côte d'Azur;2024-01-18;03:00;4870;1732;0;7;0;1429;0;95;1607;0;0;7;0;3263
84;Auvergne-Rhône-Alpes;2024-01-18;03:00;7866;137;9847;393;0;4158;-82;132;-6720;0;0;393;0;14585
52;Pays de la Loire;2024-01-18;03:00;3582;579;0;1132;0;2;0;56;1813;0;0;774;358;1769
28;Normandie;2024-01-18;03:00;4233;351;10236;174;0;17;0;74;-6618;0;0;106;68;10852
32;Hauts-de-France;2024-01-18;03:00;6601;856;4393;777;0;2;0;140;439;0;0;777;0;6168
75;Nouvelle-Aquitaine;2024-01-18;03:00;4931;196;5776;1462;0;712;0;132;-3347;0;0;1462;0;8278
44;Grand Est;2024-01-18;03:00;5581;517;10045;1185;0;1008;-476;156;-6854;0;0;1185;0;12435
24;Centre-Val de Loire;2024-01-18;03:00;2623;90;8500;1014;0;6;0;60;-7046;0;0;1014;0;9670
11;Île-de-France;2024-01-18;03:00;9539;472;0;88;0;6;0;124;8854;0;0;88;0;690
27;Bourgogne-Franche-Comté;2024-01-18;03:30;2553;106;0;754;0;111;0;55;1527;0;0;754;0;1026
75;Nouvelle-Aquitaine;2024-01-18;03:30;4650;196;5776;1445;0;810;0;134;-3711;0;0;1445;0;8361
28;Normandie;2024-01-18;03:30;4170;353;10255;176;0;17;0;74;-6705;0;0;104;72;10875
93;Provence-Alpes-Côte d'Azur;2024-01-18;03:30;4720;1266;0;5;0;1428;0;95;1926;0;0;5;0;2794
24;Centre-Val de Loire;2024-01-18;03:30;2582;90;8510;1026;0;6;0;61;-7111;0;0;1026;0;9693
53;Bretagne;2024-01-18;03:30;3374;234;0;699;0;67;-1;56;2320;0;0;559;140;1055
84;Auvergne-Rhône-Alpes;2024-01-18;03:30;7792;138;9847;381;0;4049;-82;131;-6672;0;0;381;0;14464
44;Grand Est;2024-01-18;03:30;5554;479;10047;1248;0;1011;-516;155;-6870;0;0;1248;0;12424
32;Hauts-de-France;2024-01-18;03:30;6541;872;4395;634;0;2;0;140;497;0;0;634;0;6043
52;Pays de la Loire;2024-01-18;03:30;3562;581;0;1107;0;2;0;55;1816;0;0;749;358;1745
76;Occitanie;2024-01-18;03:30;4364;73;1823;251;0;1452;-318;114;969;0;0;251;0;3395
11;Île-de-France;2024-01-18;03:30;9478;472;0;94;0;6;0;128;8778;0;0;94;0;700
28;Normandie;2024-01-18;04:00;4107;353;10244;279;0;17;0;74;-6859;0;0;120;158;10967
75;Nouvelle-Aquitaine;2024-01-18;04:00;4553;197;5775;1445;0;864;0;132;-3861;0;0;1445;0;8413
27;Bourgogne-Franche-Comté;2024-01-18;04:00;2478;106;0;848;0;110;0;55;1360;0;0;848;0;1119
24;Centre-Val de Loire;2024-01-18;04:00;2547;90;8424;981;0;6;0;62;-7017;0;0;981;0;9563
76;Occitanie;2024-01-18;04:00;4384;74;1765;236;0;1460;-759;115;1493;0;0;236;0;2891
32;Hauts-de-France;2024-01-18;04:00;6409;915;4396;621;0;2;0;139;338;0;0;621;0;6073
53;Bretagne;2024-01-18;04:00;3322;234;0;641;0;149;-1;57;2242;0;0;501;140;1080
93;Provence-Alpes-Côte d'Azur;2024-01-18;04:00;4522;1199;0;2;0;1422;0;96;1803;0;0;2;0;2719
84;Auvergne-Rhône-Alpes;2024-01-18;04:00;7706;138;9767;392;0;4154;-370;123;-6498;0;0;392;0;14204
44;Grand Est;2024-01-18;04:00;5309;471;10048;1423;0;1008;-515;156;-7281;0;0;1423;0;12591
11;Île-de-France;2024-01-18;04:00;9446;472;0;93;0;6;0;127;8750;0;0;93;0;698
52;Pays de la Loire;2024-01-18;04:00;3574;580;0;1105;0;2;0;56;1831;0;0;746;359;1743
52;Pays de la Loire;2024-01-18;04:30;3549;429;0;1058;0;2;0;56;2004;0;0;700;358;1545
24;Centre-Val de Loire;2024-01-18;04:30;2527;91;8392;926;0;6;0;60;-6949;0;0;926;0;9475
44;Grand Est;2024-01-18;04:30;5315;454;10046;1667;0;1009;-512;156;-7505;0;0;1667;0;12820
75;Nouvelle-Aquitaine;2024-01-18;04:30;4541;196;5774;1370;0;759;0;129;-3686;0;0;1370;0;8228
27;Bourgogne-Franche-Comté;2024-01-18;04:30;2464;106;0;891;0;110;0;54;1303;0;0;891;0;1161
53;Bretagne;2024-01-18;04:30;3305;231;0;612;0;189;-1;57;2218;0;0;472;140;1088
11;Île-de-France;2024-01-18;04:30;9409;472;0;90;0;6;0;128;8713;0;0;90;0;696
32;Hauts-de-France;2024-01-18;04:30;6377;996;4397;661;0;2;0;139;181;0;0;661;0;6195
28;Normandie;2024-01-18;04:30;4085;353;10339;332;0;17;0;75;-7030;0;0;131;201;11116
93;Provence-Alpes-Côte d'Azur;2024-01-18;04:30;4527;1114;0;1;0;1434;0;96;1882;0;0;1;0;2645
84;Auvergne-Rhône-Alpes;2024-01-18;04:30;7611;138;9760;412;0;3854;-444;122;-6232;0;0;412;0;13842
76;Occitanie;2024-01-18;04:30;4182;73;1733;263;0;1307;-846;117;1535;0;0;263;0;2647
11;Île-de-France;2024-01-18;05:00;9523;464;0;85;0;6;0;130;8838;0;0;85;0;685
28;Normandie;2024-01-18;05:00;4092;359;10358;345;0;17;0;74;-7061;0;0;124;222;11153
52;Pays de la Loire;2024-01-18;05:00;3532;421;0;1069;0;2;0;56;1983;0;0;711;358;1548
93;Provence-Alpes-Côte d'Azur;2024-01-18;05:00;4469;1127;0;1;0;1439;0;95;1807;0;0;1;0;2662
27;Bourgogne-Franche-Comté;2024-01-18;05:00;2432;106;0;908;0;110;0;54;1254;0;0;908;0;1178
32;Hauts-de-France;2024-01-18;05:00;6290;1056;4397;699;0;2;0;139;-6;0;0;699;0;6293
76;Occitanie;2024-01-18;05:00;4168;74;1757;384;0;1313;-845;117;1369;0;0;384;0;2800
24;Centre-Val de Loire;2024-01-18;05:00;2552;91;8425;952;0;6;0;59;-6981;0;0;952;0;9533
75;Nouvelle-Aquitaine;2024-01-18;05:00;4558;196;5778;1313;0;718;0;130;-3576;0;0;1313;0;8135
44;Grand Est;2024-01-18;05:00;5284;465;10047;1828;0;1010;-509;155;-7712;0;0;1828;0;12996
53;Bretagne;2024-01-18;05:00;3323;229;0;608;0;204;-1;57;2225;0;0;469;140;1097
84;Auvergne-Rhône-Alpes;2024-01-18;05:00;7638;139;9761;437;0;3857;-724;123;-5955;0;0;437;0;13593
75;Nouvelle-Aquitaine;2024-01-18;05:30;4681;200;5786;1298;0;725;0;130;-3456;0;0;1298;0;8139
11;Île-de-France;2024-01-18;05:30;9825;424;0;90;0;6;0;128;9174;0;0;90;0;648
76;Occitanie;2024-01-18;05:30;4278;74;1781;409;0;1347;-712;117;1261;0;0;409;0;3016
52;Pays de la Loire;2024-01-18;05:30;3693;576;0;1068;0;2;0;55;1992;0;0;709;358;1701
32;Hauts-de-France;2024-01-18;05:30;6383;990;4397;774;0;2;0;140;77;0;0;774;0;6303
44;Grand Est;2024-01-18;05:30;5395;446;10045;1941;0;1006;-506;154;-7690;0;0;1941;0;13086
53;Bretagne;2024-01-18;05:30;3429;229;0;605;0;224;-1;56;2315;0;0;465;140;1113
28;Normandie;2024-01-18;05:30;4183;362;10367;360;0;17;0;74;-6996;0;0;125;235;11180
27;Bourgogne-Franche-Comté;2024-01-18;05:30;2548;106;0;914;0;110;0;54;1364;0;0;914;0;1184
93;Provence-Alpes-Côte d'Azur;2024-01-18;05:30;4508;1203;0;1;0;1473;0;95;1737;0;0;1;0;2772
84;Auvergne-Rhône-Alpes;2024-01-18;05:30;7847;140;9764;445;0;3634;-782;122;-5475;0;0;445;0;13323
24;Centre-Val de Loire;2024-01-18;05:30;2661;91;8454;1014;0;6;0;61;-6965;0;0;1014;0;9626
52;Pays de la Loire;2024-01-18;06:00;3886;588;0;1044;0;2;0;54;2198;0;0;685;358;1688
93;Provence-Alpes-Côte d'Azur;2024-01-18;06:00;4597;1318;0;2;0;1481;0;95;1703;0;0;2;0;2896
84;Auvergne-Rhône-Alpes;2024-01-18;06:00;7877;140;9793;448;0;3777;-745;122;-5657;0;0;448;0;13535
75;Nouvelle-Aquitaine;2024-01-18;06:00;4850;200;5788;1286;0;829;0;128;-3381;0;0;1286;0;8231
28;Normandie;2024-01-18;06:00;4251;361;10369;361;0;17;0;76;-6933;0;0;125;236;11184
44;Grand Est;2024-01-18;06:00;5517;481;10048;1994;0;1002;-503;155;-7659;0;0;1994;0;13177
32;Hauts-de-France;2024-01-18;06:00;6435;1096;4397;767;0;2;0;137;38;0;0;767;0;6399
11;Île-de-France;2024-01-18;06:00;9997;429;0;89;0;6;0;127;9346;0;0;89;0;651
24;Centre-Val de Loire;2024-01-18;06:00;2772;91;8462;1035;0;6;0;60;-6883;0;0;1035;0;9654
53;Bretagne;2024-01-18;06:00;3494;229;0;571;0;225;-1;56;2414;0;0;431;140;1080
27;Bourgogne-Franche-Comté;2024-01-18;06:00;2614;106;0;884;0;109;0;54;1460;0;0;884;0;1153
76;Occitanie;2024-01-18;06:00;4474;74;1831;409;0;1469;-633;116;1208;0;0;409;0;3266
76;Occitanie;2024-01-18;06:30;4467;74;1848;430;0;1519;-363;114;846;0;0;430;0;3622
28;Normandie;2024-01-18;06:30;4377;362;10363;357;0;16;0;78;-6798;0;0;120;237;11176
44;Grand Est;2024-01-18;06:30;6004;488;10047;1960;0;1003;-331;155;-7318;0;0;1960;0;13322
24;Centre-Val de Loire;2024-01-18;06:30;2876;91;8482;1020;0;13;0;60;-6791;0;0;1020;0;9666
32;Hauts-de-France;2024-01-18;06:30;6903;1139;4396;807;0;2;0;128;430;0;0;807;0;6472
52;Pays de la Loire;2024-01-18;06:30;4040;588;0;992;0;2;0;54;2404;0;0;635;357;1636
27;Bourgogne-Franche-Comté;2024-01-18;06:30;2734;106;0;848;0;109;0;52;1619;0;0;848;0;1115
75;Nouvelle-Aquitaine;2024-01-18;06:30;5140;200;5790;1205;0;920;0;125;-3099;0;0;1205;0;8240
93;Provence-Alpes-Côte d'Azur;2024-01-18;06:30;4794;1699;0;1;0;1475;0;94;1526;0;0;1;0;3269
53;Bretagne;2024-01-18;06:30;3691;303;0;556;0;221;-1;56;2555;0;0;417;139;1135
11;Île-de-France;2024-01-18;06:30;10495;473;0;69;0;6;0;128;9819;0;0;69;0;676
84;Auvergne-Rhône-Alpes;2024-01-18;06:30;8153;140;9785;451;0;3933;-372;120;-5904;0;0;451;0;14057
28;Normandie;2024-01-18;07:00;4498;362;10373;345;0;16;0;76;-6674;0;0;109;236;11172
32;Hauts-de-France;2024-01-18;07:00;6999;1467;4398;830;0;2;0;133;170;0;0;830;0;6830
75;Nouvelle-Aquitaine;2024-01-18;07:00;5410;200;5795;1093;0;1054;0;123;-2854;0;0;1093;0;8265
76;Occitanie;2024-01-18;07:00;4902;74;1916;449;0;1937;-24;110;441;0;0;449;0;4462
11;Île-de-France;2024-01-18;07:00;10982;472;0;68;0;5;0;123;10312;0;0;68;0;668
84;Auvergne-Rhône-Alpes;2024-01-18;07:00;8333;138;9814;457;0;4437;-3;120;-6628;0;0;457;0;14963
52;Pays de la Loire;2024-01-18;07:00;4336;589;0;939;0;2;0;54;2752;0;0;587;352;1584
24;Centre-Val de Loire;2024-01-18;07:00;3047;91;8545;930;0;14;0;60;-6594;0;0;930;0;9640
27;Bourgogne-Franche-Comté;2024-01-18;07:00;2892;106;0;811;0;108;0;52;1816;0;0;811;0;1077
44;Grand Est;2024-01-18;07:00;6099;713;10049;2015;0;1000;-3;154;-7829;0;0;2015;0;13928
53;Bretagne;2024-01-18;07:00;3851;515;0;527;0;203;-1;56;2551;0;0;390;137;1300
93;Provence-Alpes-Côte d'Azur;2024-01-18;07:00;5059;1748;0;2;0;1546;0;92;1671;0;0;2;0;3388
44;Grand Est;2024-01-18;07:30;6347;1382;10049;2092;0;999;-1;153;-8326;0;0;2092;0;14674
24;Centre-Val de Loire;2024-01-18;07:30;3183;91;8482;912;0;14;0;59;-6377;0;0;912;0;9558
11;Île-de-France;2024-01-18;07:30;11584;470;0;82;0;5;0;121;10909;0;0;82;0;678
76;Occitanie;2024-01-18;07:30;5124;74;1876;443;0;1987;0;110;633;0;0;443;0;4490
28;Normandie;2024-01-18;07:30;4652;368;10371;344;0;16;0;73;-6520;0;0;112;232;11172
93;Provence-Alpes-Côte d'Azur;2024-01-18;07:30;5171;1880;0;8;0;1550;0;86;1649;0;0;8;0;3524
53;Bretagne;2024-01-18;07:30;4082;685;0;536;0;170;-1;57;2636;0;0;397;139;1447
84;Auvergne-Rhône-Alpes;2024-01-18;07:30;8637;240;9771;468;0;4831;-2;119;-6790;0;0;468;0;15427
52;Pays de la Loire;2024-01-18;07:30;4520;591;0;922;0;2;0;53;2951;0;0;569;354;1568
75;Nouvelle-Aquitaine;2024-01-18;07:30;5724;200;5808;1046;0;1085;0;128;-2542;0;0;1046;0;8267
32;Hauts-de-France;2024-01-18;07:30;7281;1673;4397;792;0;2;0;137;282;0;0;792;0;7001
27;Bourgogne-Franche-Comté;2024-01-18;07:30;3017;106;0;858;0;111;0;51;1891;0;0;858;0;1126
28;Normandie;2024-01-18;08:00;4721;369;10371;339;0;15;0;74;-6447;0;0;106;232;11168
52;Pays de la Loire;2024-01-18;08:00;4716;592;0;840;0;2;0;54;3228;0;0;508;332;1488
32;Hauts-de-France;2024-01-18;08:00;7403;1697;4397;811;0;2;0;137;357;0;0;811;0;7044
84;Auvergne-Rhône-Alpes;2024-01-18;08:00;8946;347;9793;461;0;5445;-2;118;-7216;0;0;461;0;16162
76;Occitanie;2024-01-18;08:00;5224;74;1924;482;0;2579;0;110;55;0;0;482;0;5169
75;Nouvelle-Aquitaine;2024-01-18;08:00;5973;201;5814;868;0;1436;0;125;-2471;0;0;868;0;8444
24;Centre-Val de Loire;2024-01-18;08:00;3312;92;8511;864;0;47;0;59;-6260;0;0;864;0;9573
27;Bourgogne-Franche-Comté;2024-01-18;08:00;3112;105;0;874;0;112;0;53;1969;0;0;874;0;1144
93;Provence-Alpes-Côte d'Azur;2024-01-18;08:00;5305;1905;0;3;0;1542;0;89;1766;0;0;3;0;3539
44;Grand Est;2024-01-18;08:00;6438;1817;10050;2046;0;1003;-1;153;-8629;0;0;2046;0;15068
11;Île-de-France;2024-01-18;08:00;12099;470;0;81;0;5;0;119;11421;0;0;81;0;675
53;Bretagne;2024-01-18;08:00;4150;695;0;518;0;123;-1;57;2758;0;0;383;135;1392
28;Normandie;2024-01-18;08:30;4772;367;10374;360;0;15;0;74;-6418;0;0;130;230;11190
27;Bourgogne-Franche-Comté;2024-01-18;08:30;3143;102;0;826;0;111;0;52;2053;0;0;826;0;1091
76;Occitanie;2024-01-18;08:30;5326;75;1921;500;4;2728;0;112;-12;0;0;500;0;5340
11;Île-de-France;2024-01-18;08:30;12426;470;0;75;0;5;0;118;11758;0;0;75;0;668
75;Nouvelle-Aquitaine;2024-01-18;08:30;6120;203;5816;771;0;1431;0;117;-2217;0;0;771;0;8338
44;Grand Est;2024-01-18;08:30;6481;1849;10049;2037;0;1130;-1;155;-8738;0;0;2037;0;15219
52;Pays de la Loire;2024-01-18;08:30;4823;596;0;814;0;2;0;54;3358;0;0;482;332;1466
93;Provence-Alpes-Côte d'Azur;2024-01-18;08:30;5309;1909;0;1;14;1618;0;88;1679;0;0;1;0;3630
32;Hauts-de-France;2024-01-18;08:30;7442;1696;4396;824;0;2;0;137;387;0;0;824;0;7055
53;Bretagne;2024-01-18;08:30;4262;708;0;487;0;71;-1;56;2942;0;0;361;127;1321
84;Auvergne-Rhône-Alpes;2024-01-18;08:30;9020;486;9781;475;0;5561;-2;117;-7397;0;0;475;0;16418
24;Centre-Val de Loire;2024-01-18;08:30;3341;95;8490;804;0;53;0;58;-6160;0;0;804;0;9500
11;Île-de-France;2024-01-18;09:00;12603;471;0;61;0;5;0;117;11948;0;0;61;0;654
53;Bretagne;2024-01-18;09:00;4295;707;0;448;0;26;-2;56;3059;0;0;321;127;1235
27;Bourgogne-Franche-Comté;2024-01-18;09:00;3135;101;0;781;2;111;0;51;2088;0;0;781;0;1046
76;Occitanie;2024-01-18;09:00;5263;75;1965;482;60;3181;0;112;-611;0;0;482;0;5875
52;Pays de la Loire;2024-01-18;09:00;4697;595;0;773;1;2;0;53;3273;0;0;445;329;1424
32;Hauts-de-France;2024-01-18;09:00;7562;1683;4395;766;0;1;0;133;583;0;0;766;0;6978
93;Provence-Alpes-Côte d'Azur;2024-01-18;09:00;5344;1912;0;1;85;1605;0;89;1652;0;0;1;0;3692
75;Nouvelle-Aquitaine;2024-01-18;09:00;6067;203;5816;630;24;1452;0;118;-2175;0;0;630;0;8243
44;Grand Est;2024-01-18;09:00;6735;1854;10049;2011;3;1131;-1;155;-8467;0;0;2011;0;15202
24;Centre-Val de Loire;2024-01-18;09:00;3348;95;8608;780;1;54;0;58;-6248;0;0;780;0;9596
84;Auvergne-Rhône-Alpes;2024-01-18;09:00;9123;541;9796;477;10;5979;-2;118;-7797;0;0;477;0;16919
28;Normandie;2024-01-18;09:00;4779;365;10368;378;0;15;0;74;-6421;0;0;161;217;11200
75;Nouvelle-Aquitaine;2024-01-18;09:30;6133;198;5818;615;117;1517;0;118;-2249;0;0;615;0;8383
27;Bourgogne-Franche-Comté;2024-01-18;09:30;3125;101;0;754;9;108;0;52;2100;0;0;754;0;1024
52;Pays de la Loire;2024-01-18;09:30;4832;591;0;771;20;2;0;55;3395;0;0;438;333;1439
11;Île-de-France;2024-01-18;09:30;12790;470;0;55;1;5;0;121;12137;0;0;55;0;652
76;Occitanie;2024-01-18;09:30;5390;75;2024;438;211;3354;0;113;-824;0;0;438;0;6215
28;Normandie;2024-01-18;09:30;4788;364;10371;359;1;15;0;74;-6395;0;0;159;200;11184
53;Bretagne;2024-01-18;09:30;4257;707;0;440;6;21;-1;55;3028;0;0;308;132;1228
93;Provence-Alpes-Côte d'Azur;2024-01-18;09:30;5353;1916;0;1;171;1467;0;91;1708;0;0;1;0;3646
44;Grand Est;2024-01-18;09:30;6713;1853;10049;1959;10;1165;-1;156;-8479;0;0;1959;0;15191
84;Auvergne-Rhône-Alpes;2024-01-18;09:30;9308;535;9818;484;37;6592;-2;117;-8272;0;0;484;0;17581
24;Centre-Val de Loire;2024-01-18;09:30;3309;94;8623;661;9;54;0;58;-6189;0;0;661;0;9499
32;Hauts-de-France;2024-01-18;09:30;7472;1677;4395;820;0;1;0;134;447;0;0;820;0;7027
93;Provence-Alpes-Côte d'Azur;2024-01-18;10:00;5375;1911;0;1;227;1424;0;92;1721;0;0;1;0;3655
44;Grand Est;2024-01-18;10:00;6732;1856;10055;1762;19;1145;-1;155;-8258;0;0;1762;0;14991
53;Bretagne;2024-01-18;10:00;4276;709;0;450;22;21;-1;54;3019;0;0;318;132;1255
24;Centre-Val de Loire;2024-01-18;10:00;3288;93;8626;599;24;52;0;57;-6164;0;0;599;0;9451
52;Pays de la Loire;2024-01-18;10:00;4806;591;0;774;66;2;0;54;3320;0;0;425;349;1487
75;Nouvelle-Aquitaine;2024-01-18;10:00;6141;195;5818;556;252;1486;0;115;-2281;0;0;556;0;8422
11;Île-de-France;2024-01-18;10:00;12894;471;0;45;4;5;0;119;12252;0;0;45;0;644
28;Normandie;2024-01-18;10:00;4828;364;10370;369;4;15;0;72;-6365;0;0;154;215;11194
76;Occitanie;2024-01-18;10:00;5336;74;1987;396;433;3186;0;111;-850;0;0;396;0;6187
84;Auvergne-Rhône-Alpes;2024-01-18;10:00;9323;534;9785;473;67;6124;-2;117;-7775;0;0;473;0;17098
27;Bourgogne-Franche-Comté;2024-01-18;10:00;3140;101;0;652;21;109;0;55;2202;0;0;652;0;938
32;Hauts-de-France;2024-01-18;10:00;7575;1695;4393;878;2;1;0;128;478;0;0;878;0;7097
93;Provence-Alpes-Côte d'Azur;2024-01-18;10:30;5319;1905;0;3;298;1396;0;94;1624;0;0;3;0;3696
76;Occitanie;2024-01-18;10:30;5190;75;2039;370;658;3215;0;111;-1277;0;0;370;0;6468
24;Centre-Val de Loire;2024-01-18;10:30;3317;93;8631;517;48;53;0;57;-6082;0;0;517;0;9399
53;Bretagne;2024-01-18;10:30;4232;709;0;415;40;21;-1;54;2994;0;0;288;127;1238
28;Normandie;2024-01-18;10:30;4817;364;10372;330;9;15;0;71;-6344;0;0;137;193;11161
75;Nouvelle-Aquitaine;2024-01-18;10:30;6146;195;5819;517;398;1489;0;121;-2391;0;0;517;0;8539
27;Bourgogne-Franche-Comté;2024-01-18;10:30;3211;102;0;592;35;112;0;54;2317;0;0;592;0;895
32;Hauts-de-France;2024-01-18;10:30;7617;1701;4392;930;6;1;0;129;449;0;0;930;0;7159
11;Île-de-France;2024-01-18;10:30;12874;473;0;43;9;5;0;121;12224;0;0;43;0;651
84;Auvergne-Rhône-Alpes;2024-01-18;10:30;9289;539;9807;460;113;6510;-2;115;-8254;0;0;460;0;17542
52;Pays de la Loire;2024-01-18;10:30;4755;592;0;747;122;1;0;55;3237;0;0;395;352;1517
44;Grand Est;2024-01-18;10:30;6890;1870;10055;1490;31;1173;-1;154;-7888;0;0;1490;0;14772
28;Normandie;2024-01-18;11:00;4754;365;10373;269;16;15;0;72;-6355;0;0;121;148;11110
27;Bourgogne-Franche-Comté;2024-01-18;11:00;3198;103;0;588;47;112;0;55;2294;0;0;588;0;905
76;Occitanie;2024-01-18;11:00;5181;75;2062;392;829;3278;0;115;-1570;0;0;392;0;6751
75;Nouvelle-Aquitaine;2024-01-18;11:00;6083;195;5818;523;551;1485;0;122;-2610;0;0;523;0;8694
53;Bretagne;2024-01-18;11:00;4182;707;0;377;66;21;-1;54;2958;0;0;264;113;1224
93;Provence-Alpes-Côte d'Azur;2024-01-18;11:00;5229;1903;0;6;395;1420;0;94;1412;0;0;6;0;3818
32;Hauts-de-France;2024-01-18;11:00;7602;1710;4376;958;9;2;0;135;412;0;0;958;0;7190
84;Auvergne-Rhône-Alpes;2024-01-18;11:00;9509;542;9810;470;147;6291;-3;110;-7859;0;0;470;0;17367
44;Grand Est;2024-01-18;11:00;6847;1863;10052;1509;50;1180;-1;152;-7959;0;0;1509;0;14805
24;Centre-Val de Loire;2024-01-18;11:00;3346;94;8630;494;89;53;0;58;-6072;0;0;494;0;9418
52;Pays de la Loire;2024-01-18;11:00;4737;591;0;705;183;1;0;55;3202;0;0;354;351;1535
11;Île-de-France;2024-01-18;11:00;12879;470;0;36;20;5;0;118;12232;0;0;36;0;649
28;Normandie;2024-01-18;11:30;4725;352;10374;268;24;14;0;62;-6370;0;0;103;165;11094
27;Bourgogne-Franche-Comté;2024-01-18;11:30;3231;106;0;588;52;109;0;54;2321;0;0;588;0;909
93;Provence-Alpes-Côte d'Azur;2024-01-18;11:30;5235;1897;0;6;460;1302;0;92;1477;0;0;6;0;3757
52;Pays de la Loire;2024-01-18;11:30;4713;592;0;676;252;1;0;53;3139;0;0;363;313;1574
44;Grand Est;2024-01-18;11:30;7007;1863;10051;1379;72;1143;-1;152;-7650;0;0;1379;0;14659
75;Nouvelle-Aquitaine;2024-01-18;11:30;6130;196;5820;584;734;1438;0;121;-2763;0;0;584;0;8893
53;Bretagne;2024-01-18;11:30;4136;710;0;357;98;22;-1;53;2899;0;0;263;95;1239
32;Hauts-de-France;2024-01-18;11:30;7558;1700;4377;885;13;2;0;136;448;0;0;885;0;7113
24;Centre-Val de Loire;2024-01-18;11:30;3347;95;8635;460;137;53;0;58;-6092;0;0;460;0;9438
76;Occitanie;2024-01-18;11:30;5194;75;2080;418;976;2914;0;115;-1383;0;0;418;0;6578
84;Auvergne-Rhône-Alpes;2024-01-18;11:30;9463;547;9808;466;141;5755;-2;114;-7365;0;0;466;0;16829
11;Île-de-France;2024-01-18;11:30;12823;458;0;33;31;5;0;116;12180;0;0;33;0;643
11;Île-de-France;2024-01-18;12:00;12801;462;0;29;46;5;0;120;12140;0;0;29;0;662
32;Hauts-de-France;2024-01-18;12:00;7651;1693;4376;822;17;1;0;134;610;0;0;822;0;7043
27;Bourgogne-Franche-Comté;2024-01-18;12:00;3274;106;0;594;59;109;0;55;2351;0;0;594;0;923
52;Pays de la Loire;2024-01-18;12:00;4655;593;0;613;294;1;0;53;3101;0;0;344;269;1554
75;Nouvelle-Aquitaine;2024-01-18;12:00;6147;198;5822;658;742;1426;0;115;-2814;0;0;658;0;8961
24;Centre-Val de Loire;2024-01-18;12:00;3285;95;8638;445;179;53;0;60;-6185;0;0;445;0;9470
76;Occitanie;2024-01-18;12:00;5099;74;2035;422;1099;2813;0;117;-1460;0;0;422;0;6560
28;Normandie;2024-01-18;12:00;4694;356;10372;240;35;15;0;72;-6396;0;0;86;154;11090
93;Provence-Alpes-Côte d'Azur;2024-01-18;12:00;5260;1868;0;7;531;1221;0;93;1540;0;0;7;0;3720
44;Grand Est;2024-01-18;12:00;7025;1865;10049;1279;103;1166;-1;153;-7589;0;0;1279;0;14614
53;Bretagne;2024-01-18;12:00;4085;711;0;336;128;22;-5;53;2839;0;0;266;70;1245
84;Auvergne-Rhône-Alpes;2024-01-18;12:00;9569;549;9764;422;130;5723;-3;114;-7132;0;0;422;0;16699
75;Nouvelle-Aquitaine;2024-01-18;12:30;6080;199;5823;666;696;1270;0;111;-2684;0;0;666;0;8765
28;Normandie;2024-01-18;12:30;4604;365;10372;180;49;15;0;73;-6449;0;0;74;106;11054
27;Bourgogne-Franche-Comté;2024-01-18;12:30;3194;106;0;561;70;111;0;56;2291;0;0;561;0;904
84;Auvergne-Rhône-Alpes;2024-01-18;12:30;9554;551;9761;380;137;5135;-2;113;-6520;0;0;380;0;16075
52;Pays de la Loire;2024-01-18;12:30;4597;594;0;631;319;1;0;55;2996;0;0;319;312;1600
93;Provence-Alpes-Côte d'Azur;2024-01-18;12:30;5248;1844;0;6;531;1211;0;96;1559;0;0;6;0;3688
32;Hauts-de-France;2024-01-18;12:30;7757;1663;4376;675;22;1;0;134;893;0;0;675;0;6871
11;Île-de-France;2024-01-18;12:30;12795;464;0;29;56;5;0;125;12117;0;0;29;0;679
24;Centre-Val de Loire;2024-01-18;12:30;3267;95;8637;333;218;53;0;59;-6128;0;0;333;0;9395
53;Bretagne;2024-01-18;12:30;4032;708;0;354;158;22;-36;55;2771;0;0;295;59;1261
76;Occitanie;2024-01-18;12:30;4994;74;2139;415;1221;2786;0;116;-1755;0;0;415;0;6751
44;Grand Est;2024-01-18;12:30;7000;1866;10048;1209;120;1058;-1;154;-7451;0;0;1209;0;14454
28;Normandie;2024-01-18;13:00;4441;365;10372;183;62;15;0;74;-6629;0;0;67;116;11071
93;Provence-Alpes-Côte d'Azur;2024-01-18;13:00;5121;1735;0;8;553;1193;0;101;1532;0;0;8;0;3590
75;Nouvelle-Aquitaine;2024-01-18;13:00;6109;202;5822;681;730;1262;0;118;-2705;0;0;681;0;8815
24;Centre-Val de Loire;2024-01-18;13:00;3174;95;8638;288;230;53;0;58;-6188;0;0;288;0;9362
76;Occitanie;2024-01-18;13:00;4969;74;2163;411;1322;2718;0;115;-1834;0;0;411;0;6803
11;Île-de-France;2024-01-18;13:00;12701;474;0;31;59;5;0;123;12009;0;0;31;0;692
52;Pays de la Loire;2024-01-18;13:00;4517;595;0;635;337;1;0;55;2894;0;0;309;326;1623
27;Bourgogne-Franche-Comté;2024-01-18;13:00;3149;107;0;516;71;111;0;55;2289;0;0;516;0;860
53;Bretagne;2024-01-18;13:00;3886;705;0;380;185;22;-56;56;2595;0;0;325;55;1292
84;Auvergne-Rhône-Alpes;2024-01-18;13:00;9456;552;9800;386;147;4530;-2;115;-6071;0;0;386;0;15528
44;Grand Est;2024-01-18;13:00;6850;1859;10047;1185;134;991;-1;154;-7513;0;0;1185;0;14369
32;Hauts-de-France;2024-01-18;13:00;7533;1641;4376;563;27;1;0;134;804;0;0;563;0;6742
53;Bretagne;2024-01-18;13:30;3780;707;0;367;211;22;-56;56;2474;0;0;314;53;1307
32;Hauts-de-France;2024-01-18;13:30;7419;1675;4376;539;31;1;0;135;662;0;0;539;0;6757
84;Auvergne-Rhône-Alpes;2024-01-18;13:30;9501;550;9804;358;158;4856;-2;119;-6342;0;0;358;0;15843
76;Occitanie;2024-01-18;13:30;4864;74;2178;431;1333;2552;0;115;-1818;0;0;431;0;6683
93;Provence-Alpes-Côte d'Azur;2024-01-18;13:30;5046;1746;0;9;585;1235;0;101;1370;0;0;9;0;3676
75;Nouvelle-Aquitaine;2024-01-18;13:30;5957;204;5804;684;777;1226;0;120;-2857;0;0;684;0;8815
24;Centre-Val de Loire;2024-01-18;13:30;3172;95;8638;303;229;53;0;58;-6204;0;0;303;0;9376
27;Bourgogne-Franche-Comté;2024-01-18;13:30;3176;106;0;465;67;111;0;54;2374;0;0;465;0;803
28;Normandie;2024-01-18;13:30;4339;364;10370;166;71;15;0;74;-6721;0;0;71;95;11060
44;Grand Est;2024-01-18;13:30;6770;1864;10048;1168;148;987;-1;155;-7599;0;0;1168;0;14369
11;Île-de-France;2024-01-18;13:30;12518;468;0;32;58;5;0;130;11825;0;0;32;0;693
52;Pays de la Loire;2024-01-18;13:30;4376;593;0;645;373;1;0;52;2711;0;0;314;331;1664
52;Pays de la Loire;2024-01-18;14:00;4367;596;0;677;399;1;0;52;2643;0;0;360;317;1725
93;Provence-Alpes-Côte d'Azur;2024-01-18;14:00;5011;1645;0;10;599;1235;0;101;1420;0;0;10;0;3590
76;Occitanie;2024-01-18;14:00;4775;74;2193;428;1243;2486;0;110;-1758;0;0;428;0;6534
53;Bretagne;2024-01-18;14:00;3703;707;0;332;233;22;-56;55;2411;0;0;286;47;1293
84;Auvergne-Rhône-Alpes;2024-01-18;14:00;9485;546;9805;307;166;4696;-2;120;-6153;0;0;307;0;15638
75;Nouvelle-Aquitaine;2024-01-18;14:00;6021;205;5803;717;741;1226;0;121;-2792;0;0;717;0;8813
27;Bourgogne-Franche-Comté;2024-01-18;14:00;3203;106;0;444;58;110;0;55;2430;0;0;444;0;773
44;Grand Est;2024-01-18;14:00;6715;1870;10045;1220;143;986;-1;155;-7703;0;0;1220;0;14418
11;Île-de-France;2024-01-18;14:00;12297;470;0;38;57;5;0;132;11596;0;0;38;0;702
28;Normandie;2024-01-18;14:00;4289;364;10370;161;77;15;0;74;-6772;0;0;71;90;11061
24;Centre-Val de Loire;2024-01-18;14:00;3109;95;8634;305;247;53;0;58;-6283;0;0;305;0;9392
32;Hauts-de-France;2024-01-18;14:00;7142;1672;4377;569;32;1;0;136;355;0;0;569;0;6787
28;Normandie;2024-01-18;14:30;4254;365;10370;180;78;15;0;73;-6827;0;0;84;96;11081
24;Centre-Val de Loire;2024-01-18;14:30;3063;95;8633;342;236;53;0;58;-6354;0;0;342;0;9417
27;Bourgogne-Franche-Comté;2024-01-18;14:30;3354;106;0;444;52;108;0;54;2590;0;0;444;0;764
76;Occitanie;2024-01-18;14:30;4847;73;2209;429;1111;2525;0;109;-1611;0;0;429;0;6456
84;Auvergne-Rhône-Alpes;2024-01-18;14:30;9389;546;9801;275;169;4291;-2;121;-5812;0;0;275;0;15201
75;Nouvelle-Aquitaine;2024-01-18;14:30;6150;206;5803;807;684;1015;0;126;-2490;0;0;807;0;8641
32;Hauts-de-France;2024-01-18;14:30;7155;1618;4378;588;35;1;0;132;400;0;0;588;0;6752
53;Bretagne;2024-01-18;14:30;3657;704;0;292;234;22;-56;56;2405;0;0;250;42;1252
11;Île-de-France;2024-01-18;14:30;12133;464;0;33;56;5;0;132;11442;0;0;33;0;690
52;Pays de la Loire;2024-01-18;14:30;4311;603;0;575;374;1;0;54;2704;0;0;373;202;1607
93;Provence-Alpes-Côte d'Azur;2024-01-18;14:30;5033;1749;0;11;565;1206;0;99;1403;0;0;11;0;3630
44;Grand Est;2024-01-18;14:30;6787;1756;10046;1133;128;985;-1;155;-7416;0;0;1133;0;14202
11;Île-de-France;2024-01-18;15:00;11989;499;0;32;53;5;0;128;11272;0;0;32;0;717
53;Bretagne;2024-01-18;15:00;3584;701;0;271;214;22;-7;55;2327;0;0;237;34;1256
75;Nouvelle-Aquitaine;2024-01-18;15:00;6133;206;5798;926;558;1011;0;122;-2487;0;0;926;0;8621
84;Auvergne-Rhône-Alpes;2024-01-18;15:00;9249;548;9810;237;144;4319;-2;121;-5928;0;0;237;0;15177
28;Normandie;2024-01-18;15:00;4247;365;10370;193;69;15;0;72;-6836;0;0;105;88;11084
76;Occitanie;2024-01-18;15:00;4922;66;2226;410;938;2620;0;107;-1446;0;0;410;0;6367
32;Hauts-de-France;2024-01-18;15:00;7165;1636;4379;603;35;1;0;131;377;0;0;603;0;6785
24;Centre-Val de Loire;2024-01-18;15:00;3096;94;8632;373;215;46;0;56;-6320;0;0;373;0;9416
27;Bourgogne-Franche-Comté;2024-01-18;15:00;3315;107;0;426;45;109;0;54;2575;0;0;426;0;741
52;Pays de la Loire;2024-01-18;15:00;4352;602;0;541;312;1;0;54;2842;0;0;380;161;1510
93;Provence-Alpes-Côte d'Azur;2024-01-18;15:00;5026;1733;0;10;519;1188;0;101;1476;0;0;10;0;3551
44;Grand Est;2024-01-18;15:00;6706;1852;10045;1002;108;984;-1;156;-7441;0;0;1002;0;14146
75;Nouvelle-Aquitaine;2024-01-18;15:30;6163;206;5791;932;432;1007;0;119;-2325;0;0;932;0;8487
44;Grand Est;2024-01-18;15:30;6722;1889;10045;854;91;983;-1;156;-7294;0;0;854;0;14017
32;Hauts-de-France;2024-01-18;15:30;7149;1633;4381;634;29;1;0;136;334;0;0;634;0;6814
53;Bretagne;2024-01-18;15:30;3535;698;0;277;190;22;-1;56;2292;0;0;244;33;1242
84;Auvergne-Rhône-Alpes;2024-01-18;15:30;9323;549;9810;205;109;4576;-2;123;-6047;0;0;205;0;15370
93;Provence-Alpes-Côte d'Azur;2024-01-18;15:30;5014;1783;0;15;468;1237;0;103;1409;0;0;15;0;3606
11;Île-de-France;2024-01-18;15:30;11831;475;0;28;48;5;0;126;11149;0;0;28;0;682
24;Centre-Val de Loire;2024-01-18;15:30;3083;93;8632;427;183;45;0;58;-6356;0;0;427;0;9438
27;Bourgogne-Franche-Comté;2024-01-18;15:30;3323;112;0;424;35;108;0;54;2588;0;0;424;0;733
28;Normandie;2024-01-18;15:30;4192;369;10371;177;59;15;0;71;-6870;0;0;99;78;11062
52;Pays de la Loire;2024-01-18;15:30;4302;600;0;543;259;1;0;54;2845;0;0;346;197;1457
76;Occitanie;2024-01-18;15:30;4801;69;2234;338;770;2661;0;104;-1375;0;0;338;0;6176
24;Centre-Val de Loire;2024-01-18;16:00;3070;93;8629;436;152;46;0;58;-6344;0;0;436;0;9414
44;Grand Est;2024-01-18;16:00;6618;1918;10042;747;66;984;-1;153;-7289;0;0;747;0;13909
52;Pays de la Loire;2024-01-18;16:00;4294;597;0;535;191;1;0;54;2917;0;0;312;222;1378
32;Hauts-de-France;2024-01-18;16:00;7131;1657;4382;657;19;1;0;133;281;0;0;657;0;6849
84;Auvergne-Rhône-Alpes;2024-01-18;16:00;9294;553;9812;204;73;4683;-2;124;-6154;0;0;204;0;15447
93;Provence-Alpes-Côte d'Azur;2024-01-18;16:00;4901;1859;0;21;355;1268;0;110;1286;0;0;21;0;3613
75;Nouvelle-Aquitaine;2024-01-18;16:00;6112;207;5755;915;309;1006;0;117;-2196;0;0;915;0;8309
76;Occitanie;2024-01-18;16:00;4737;73;2236;318;612;2834;0;101;-1438;0;0;318;0;6174
11;Île-de-France;2024-01-18;16:00;11788;474;0;22;34;5;0;124;11128;0;0;22;0;659
28;Normandie;2024-01-18;16:00;4164;369;10372;144;44;15;0;73;-6853;0;0;91;53;11017
53;Bretagne;2024-01-18;16:00;3487;708;0;286;153;60;-1;56;2225;0;0;247;39;1262
27;Bourgogne-Franche-Comté;2024-01-18;16:00;3256;113;0;366;26;108;0;52;2592;0;0;366;0;665
84;Auvergne-Rhône-Alpes;2024-01-18;16:30;9123;557;9822;204;42;4892;-2;122;-6513;0;0;204;0;15637
76;Occitanie;2024-01-18;16:30;4656;74;2234;299;385;2681;0;99;-1118;0;0;299;0;5772
93;Provence-Alpes-Côte d'Azur;2024-01-18;16:30;4792;1756;0;24;231;1289;0;110;1382;0;0;24;0;3410
53;Bretagne;2024-01-18;16:30;3513;719;0;257;106;143;-1;57;2232;0;0;215;42;1281
32;Hauts-de-France;2024-01-18;16:30;7131;1672;4383;687;12;1;0;133;246;0;0;687;0;6888
28;Normandie;2024-01-18;16:30;4178;368;10372;135;30;15;0;73;-6814;0;0;88;47;10993
52;Pays de la Loire;2024-01-18;16:30;4288;540;0;474;135;1;0;54;3084;0;0;306;169;1204
75;Nouvelle-Aquitaine;2024-01-18;16:30;6076;208;5720;909;211;1175;0;118;-2266;0;0;909;0;8341
11;Île-de-France;2024-01-18;16:30;11816;487;0;19;19;5;0;127;11160;0;0;19;0;657
44;Grand Est;2024-01-18;16:30;6620;1922;10044;647;42;976;-1;150;-7159;0;0;647;0;13780
27;Bourgogne-Franche-Comté;2024-01-18;16:30;3250;113;0;307;19;108;0;52;2651;0;0;307;0;599
24;Centre-Val de Loire;2024-01-18;16:30;3030;90;8631;383;96;51;0;58;-6279;0;0;383;0;9309
53;Bretagne;2024-01-18;17:00;3536;724;0;228;55;185;-1;57;2288;0;0;194;34;1248
93;Provence-Alpes-Côte d'Azur;2024-01-18;17:00;4825;1853;0;22;94;1360;0;109;1388;0;0;22;0;3438
24;Centre-Val de Loire;2024-01-18;17:00;3093;89;8633;371;46;54;0;58;-6160;0;0;371;0;9251
76;Occitanie;2024-01-18;17:00;4477;73;2241;284;177;2758;0;97;-1152;0;0;284;0;5630
84;Auvergne-Rhône-Alpes;2024-01-18;17:00;9123;558;9787;153;20;5431;-2;122;-6947;0;0;153;0;16069
28;Normandie;2024-01-18;17:00;4242;368;10373;138;15;16;0;72;-6740;0;0;90;48;10982
32;Hauts-de-France;2024-01-18;17:00;7170;1729;4384;691;4;1;0;137;227;0;0;691;0;6946
27;Bourgogne-Franche-Comté;2024-01-18;17:00;3252;113;0;280;9;108;0;53;2691;0;0;280;0;563
75;Nouvelle-Aquitaine;2024-01-18;17:00;6062;208;5752;825;118;1209;0;116;-2166;0;0;825;0;8228
11;Île-de-France;2024-01-18;17:00;11956;488;0;23;7;5;0;126;11307;0;0;23;0;649
52;Pays de la Loire;2024-01-18;17:00;4218;545;0;412;78;1;0;55;3127;0;0;274;139;1091
44;Grand Est;2024-01-18;17:00;6579;1925;10049;609;13;942;-1;149;-7107;0;0;609;0;13686
76;Occitanie;2024-01-18;17:30;4579;73;2243;324;51;2979;0;101;-1193;0;0;324;0;5771
27;Bourgogne-Franche-Comté;2024-01-18;17:30;3270;113;0;297;1;108;0;53;2699;0;0;297;0;572
11;Île-de-France;2024-01-18;17:30;12248;485;0;30;1;5;0;123;11603;0;0;30;0;644
75;Nouvelle-Aquitaine;2024-01-18;17:30;6102;210;5767;720;42;1299;0;119;-2054;0;0;720;0;8157
32;Hauts-de-France;2024-01-18;17:30;7311;1730;4384;713;0;1;0;137;343;0;0;713;0;6965
44;Grand Est;2024-01-18;17:30;6673;1930;10051;648;1;1294;-1;149;-7399;0;0;648;0;14072
53;Bretagne;2024-01-18;17:30;3655;721;0;178;20;202;-1;57;2478;0;0;152;26;1177
52;Pays de la Loire;2024-01-18;17:30;4320;558;0;423;25;1;0;54;3259;0;0;248;175;1061
28;Normandie;2024-01-18;17:30;4348;370;10371;142;3;15;0;72;-6625;0;0;90;51;10973
93;Provence-Alpes-Côte d'Azur;2024-01-18;17:30;4934;1875;0;22;13;1408;0;109;1506;0;0;22;0;3427
24;Centre-Val de Loire;2024-01-18;17:30;3136;90;8628;405;11;53;0;58;-6109;0;0;405;0;9245
84;Auvergne-Rhône-Alpes;2024-01-18;17:30;9208;559;9789;141;2;5745;-2;121;-7147;0;0;141;0;16355
28;Normandie;2024-01-18;18:00;4533;370;10369;147;0;16;0;71;-6439;0;0;91;56;10973
93;Provence-Alpes-Côte d'Azur;2024-01-18;18:00;5218;1886;0;22;0;1538;0;110;1662;0;0;22;0;3556
75;Nouvelle-Aquitaine;2024-01-18;18:00;6351;210;5792;661;2;1479;0;127;-1921;0;0;661;0;8271
32;Hauts-de-France;2024-01-18;18:00;7402;1744;4384;775;0;1;0;129;362;0;0;775;0;7033
53;Bretagne;2024-01-18;18:00;3821;722;0;165;3;223;-1;56;2652;0;0;133;32;1168
11;Île-de-France;2024-01-18;18:00;12729;483;0;29;0;5;0;123;12088;0;0;29;0;640
84;Auvergne-Rhône-Alpes;2024-01-18;18:00;9336;556;9802;161;0;6532;-2;121;-7834;0;0;161;0;17170
76;Occitanie;2024-01-18;18:00;4987;74;2248;312;2;3384;0;99;-1132;0;0;312;0;6119
44;Grand Est;2024-01-18;18:00;6760;1937;10060;726;0;1648;-1;153;-7766;0;0;726;0;14523
24;Centre-Val de Loire;2024-01-18;18:00;3270;90;8628;377;0;53;0;57;-5936;0;0;377;0;9205
52;Pays de la Loire;2024-01-18;18:00;4547;568;0;412;2;1;0;54;3510;0;0;244;168;1037
27;Bourgogne-Franche-Comté;2024-01-18;18:00;3395;113;0;276;0;108;0;53;2846;0;0;276;0;550
93;Provence-Alpes-Côte d'Azur;2024-01-18;18:30;5401;1819;0;20;0;1544;0;111;1908;0;0;20;0;3494
27;Bourgogne-Franche-Comté;2024-01-18;18:30;3479;112;0;277;0;107;0;54;2928;0;0;277;0;550
84;Auvergne-Rhône-Alpes;2024-01-18;18:30;9581;556;9793;163;0;6877;-2;123;-7928;0;0;163;0;17510
44;Grand Est;2024-01-18;18:30;6932;1934;10067;726;0;1626;-1;155;-7573;0;0;726;0;14507
11;Île-de-France;2024-01-18;18:30;13003;477;0;21;0;5;0;125;12375;0;0;21;0;628
52;Pays de la Loire;2024-01-18;18:30;4755;558;0;401;0;1;0;54;3742;0;0;263;139;1014
28;Normandie;2024-01-18;18:30;4701;371;10368;153;0;16;0;71;-6277;0;0;99;54;10979
53;Bretagne;2024-01-18;18:30;4070;718;0;157;0;226;-1;56;2914;0;0;123;34;1156
24;Centre-Val de Loire;2024-01-18;18:30;3304;90;8640;373;0;53;0;57;-5910;0;0;373;0;9213
75;Nouvelle-Aquitaine;2024-01-18;18:30;6594;211;5795;640;0;1464;0;132;-1647;0;0;640;0;8242
76;Occitanie;2024-01-18;18:30;5227;74;2253;358;0;3433;0;99;-990;0;0;358;0;6217
32;Hauts-de-France;2024-01-18;18:30;7718;1708;4384;863;0;1;0;127;634;0;0;863;0;7083
53;Bretagne;2024-01-18;19:00;4242;714;0;137;1;223;-1;56;3111;0;0;104;33;1130
75;Nouvelle-Aquitaine;2024-01-18;19:00;6872;211;5796;639;0;1564;0;135;-1473;0;0;639;0;8345
24;Centre-Val de Loire;2024-01-18;19:00;3400;91;8642;369;0;53;0;58;-5813;0;0;369;0;9213
11;Île-de-France;2024-01-18;19:00;13252;476;0;25;0;5;0;126;12622;0;0;25;0;632
52;Pays de la Loire;2024-01-18;19:00;4872;561;0;413;0;1;0;55;3842;0;0;274;139;1030
93;Provence-Alpes-Côte d'Azur;2024-01-18;19:00;5544;1922;0;14;0;1553;0;113;1943;0;0;14;0;3602
32;Hauts-de-France;2024-01-18;19:00;7946;1634;4384;954;0;1;0;131;838;0;0;954;0;7104
84;Auvergne-Rhône-Alpes;2024-01-18;19:00;9828;557;9798;152;0;7533;-2;121;-8331;0;0;152;0;18159
44;Grand Est;2024-01-18;19:00;7036;1935;10065;710;0;1624;-1;155;-7453;0;0;710;0;14488
28;Normandie;2024-01-18;19:00;4843;370;10368;164;0;15;0;71;-6146;0;0;112;52;10988
76;Occitanie;2024-01-18;19:00;5527;75;2258;446;0;3670;0;101;-1024;0;0;446;0;6550
27;Bourgogne-Franche-Comté;2024-01-18;19:00;3530;113;0;243;0;106;0;56;3013;0;0;243;0;518
11;Île-de-France;2024-01-18;19:30;13335;484;0;25;0;5;0;127;12695;0;0;25;0;641
24;Centre-Val de Loire;2024-01-18;19:30;3325;92;8646;352;0;53;0;59;-5876;0;0;352;0;9202
76;Occitanie;2024-01-18;19:30;5715;74;2261;599;0;3549;0;103;-871;0;0;599;0;6586
84;Auvergne-Rhône-Alpes;2024-01-18;19:30;9821;559;9800;172;0;7341;-3;118;-8166;0;0;172;0;17987
27;Bourgogne-Franche-Comté;2024-01-18;19:30;3436;112;0;235;0;113;0;56;2920;0;0;235;0;516
93;Provence-Alpes-Côte d'Azur;2024-01-18;19:30;5645;1953;0;12;0;1534;0;112;2035;0;0;12;0;3611
53;Bretagne;2024-01-18;19:30;4269;713;0;127;0;205;-1;57;3167;0;0;89;38;1101
32;Hauts-de-France;2024-01-18;19:30;8009;1634;4384;1036;0;1;0;133;826;0;0;1036;0;7188
52;Pays de la Loire;2024-01-18;19:30;4949;561;0;488;0;1;0;55;3845;0;0;295;193;1105
28;Normandie;2024-01-18;19:30;4863;371;10368;176;0;15;0;70;-6137;0;0;106;70;11000
75;Nouvelle-Aquitaine;2024-01-18;19:30;6834;212;5797;602;0;1483;0;138;-1395;0;0;602;0;8232
44;Grand Est;2024-01-18;19:30;7127;1863;10066;686;0;1636;-1;154;-7274;0;0;686;0;14404
52;Pays de la Loire;2024-01-18;20:00;4758;570;0;533;0;1;0;54;3600;0;0;310;222;1158
27;Bourgogne-Franche-Comté;2024-01-18;20:00;3388;113;0;228;0;116;0;54;2878;0;0;228;0;511
32;Hauts-de-France;2024-01-18;20:00;7926;1631;4384;1065;0;2;0;133;717;0;0;1065;0;7215
75;Nouvelle-Aquitaine;2024-01-18;20:00;6742;211;5798;562;0;1528;0;137;-1493;0;0;562;0;8236
44;Grand Est;2024-01-18;20:00;7078;1834;10069;649;0;1579;-1;154;-7204;0;0;649;0;14284
24;Centre-Val de Loire;2024-01-18;20:00;3256;92;8648;338;0;53;0;58;-5933;0;0;338;0;9189
53;Bretagne;2024-01-18;20:00;4195;714;0;107;0;173;-1;58;3145;0;0;77;30;1051
11;Île-de-France;2024-01-18;20:00;13147;487;0;26;0;5;0;126;12504;0;0;26;0;644
76;Occitanie;2024-01-18;20:00;5447;74;2266;841;0;3148;0;106;-989;0;0;841;0;6435
93;Provence-Alpes-Côte d'Azur;2024-01-18;20:00;5549;1950;0;16;0;1521;0;112;1950;0;0;16;0;3599
28;Normandie;2024-01-18;20:00;4803;371;10365;179;0;15;0;71;-6198;0;0;96;84;11001
84;Auvergne-Rhône-Alpes;2024-01-18;20:00;9716;559;9782;181;0;7046;-2;118;-7967;0;0;181;0;17684
93;Provence-Alpes-Côte d'Azur;2024-01-18;20:30;5367;1906;0;16;0;1506;0;110;1830;0;0;16;0;3538
24;Centre-Val de Loire;2024-01-18;20:30;3163;92;8650;310;0;53;0;57;-5998;0;0;310;0;9162
32;Hauts-de-France;2024-01-18;20:30;7702;1628;4384;1017;0;2;0;133;542;0;0;1017;0;7164
27;Bourgogne-Franche-Comté;2024-01-18;20:30;3252;112;0;215;0;106;0;53;2765;0;0;215;0;486
44;Grand Est;2024-01-18;20:30;6854;1814;10072;641;0;1242;-1;154;-7067;0;0;641;0;13922
28;Normandie;2024-01-18;20:30;4672;371;10372;151;0;15;0;72;-6309;0;0;89;62;10981
52;Pays de la Loire;2024-01-18;20:30;4611;603;0;482;0;1;0;54;3472;0;0;295;186;1140
75;Nouvelle-Aquitaine;2024-01-18;20:30;6501;210;5798;566;0;1362;0;135;-1569;0;0;566;0;8071
76;Occitanie;2024-01-18;20:30;5328;74;2269;1116;0;2993;0;107;-1231;0;0;1116;0;6559
53;Bretagne;2024-01-18;20:30;4107;699;0;115;0;128;-1;58;3108;0;0;90;24;999
84;Auvergne-Rhône-Alpes;2024-01-18;20:30;9713;559;9826;207;0;6403;-2;117;-7397;0;0;207;0;17110
11;Île-de-France;2024-01-18;20:30;12840;487;0;33;0;5;0;126;12190;0;0;33;0;651
76;Occitanie;2024-01-18;21:00;5174;74;2272;1244;0;2813;0;109;-1338;0;0;1244;0;6512
44;Grand Est;2024-01-18;21:00;6714;1917;10075;616;0;1049;-1;155;-7095;0;0;616;0;13811
84;Auvergne-Rhône-Alpes;2024-01-18;21:00;9490;558;9854;216;0;5171;-2;117;-6425;0;0;216;0;15914
27;Bourgogne-Franche-Comté;2024-01-18;21:00;3202;113;0;212;0;106;0;56;2716;0;0;212;0;487
28;Normandie;2024-01-18;21:00;4593;370;10372;134;0;15;0;73;-6371;0;0;84;50;10964
52;Pays de la Loire;2024-01-18;21:00;4458;600;0;407;0;1;0;55;3395;0;0;277;130;1063
32;Hauts-de-France;2024-01-18;21:00;7564;1633;4383;960;0;2;0;133;454;0;0;960;0;7111
11;Île-de-France;2024-01-18;21:00;12512;475;0;28;0;5;0;121;11884;0;0;28;0;629
24;Centre-Val de Loire;2024-01-18;21:00;3084;92;8647;293;0;52;0;58;-6059;0;0;293;0;9142
93;Provence-Alpes-Côte d'Azur;2024-01-18;21:00;5192;1868;0;24;0;1396;0;111;1793;0;0;24;0;3399
75;Nouvelle-Aquitaine;2024-01-18;21:00;6323;210;5799;536;0;1237;0;137;-1595;0;0;536;0;7919
53;Bretagne;2024-01-18;21:00;3989;693;0;107;0;80;-1;58;3054;0;0;88;18;937
44;Grand Est;2024-01-18;21:30;6613;1943;10080;561;0;961;-1;156;-7086;0;0;561;0;13700
75;Nouvelle-Aquitaine;2024-01-18;21:30;6251;210;5800;555;0;1130;0;138;-1581;0;0;555;0;7833
28;Normandie;2024-01-18;21:30;4643;368;10371;126;0;15;0;73;-6310;0;0;80;47;10953
27;Bourgogne-Franche-Comté;2024-01-18;21:30;3229;113;0;200;0;106;0;54;2756;0;0;200;0;473
53;Bretagne;2024-01-18;21:30;3899;688;0;98;0;33;-2;56;3027;0;0;81;17;873
84;Auvergne-Rhône-Alpes;2024-01-18;21:30;9208;556;9858;252;0;5021;-2;115;-6592;0;0;252;0;15800
76;Occitanie;2024-01-18;21:30;5097;74;2275;1271;0;2629;0;105;-1257;0;0;1271;0;6354
93;Provence-Alpes-Côte d'Azur;2024-01-18;21:30;5022;1868;0;19;0;1362;0;111;1663;0;0;19;0;3360
24;Centre-Val de Loire;2024-01-18;21:30;3100;92;8646;293;0;52;0;58;-6042;0;0;293;0;9141
52;Pays de la Loire;2024-01-18;21:30;4345;599;0;329;0;1;0;54;3362;0;0;236;94;983
11;Île-de-France;2024-01-18;21:30;12077;482;0;30;0;5;0;127;11434;0;0;30;0;644
32;Hauts-de-France;2024-01-18;21:30;7403;1463;4382;974;0;1;0;134;447;0;0;974;0;6954
28;Normandie;2024-01-18;22:00;4566;366;10369;125;0;15;0;72;-6380;0;0;83;42;10947
53;Bretagne;2024-01-18;22:00;3930;684;0;91;0;22;0;56;3077;0;0;73;19;853
24;Centre-Val de Loire;2024-01-18;22:00;3017;92;8648;287;0;51;0;58;-6119;0;0;287;0;9136
84;Auvergne-Rhône-Alpes;2024-01-18;22:00;9005;557;9855;274;0;4639;-2;115;-6434;0;0;274;0;15438
32;Hauts-de-France;2024-01-18;22:00;7282;1673;4381;973;0;1;0;133;124;0;0;973;0;7161
76;Occitanie;2024-01-18;22:00;4875;75;2277;1288;0;2214;0;103;-1083;0;0;1288;0;5957
93;Provence-Alpes-Côte d'Azur;2024-01-18;22:00;4957;1656;0;29;0;1342;0;110;1821;0;0;29;0;3137
44;Grand Est;2024-01-18;22:00;6521;1822;10081;505;0;959;-1;156;-6999;0;0;505;0;13522
11;Île-de-France;2024-01-18;22:00;11828;485;0;31;0;5;0;127;11180;0;0;31;0;648
52;Pays de la Loire;2024-01-18;22:00;4276;598;0;288;0;1;0;54;3334;0;0;205;83;941
75;Nouvelle-Aquitaine;2024-01-18;22:00;6075;211;5800;514;0;1126;0;137;-1712;0;0;514;0;7788
27;Bourgogne-Franche-Comté;2024-01-18;22:00;3182;113;0;190;0;106;0;54;2720;0;0;190;0;463
53;Bretagne;2024-01-18;22:30;3934;683;0;91;0;22;-1;57;3081;0;0;73;18;852
27;Bourgogne-Franche-Comté;2024-01-18;22:30;3129;113;0;181;0;105;0;54;2676;0;0;181;0;453
76;Occitanie;2024-01-18;22:30;4964;75;2277;1240;0;2082;0;105;-814;0;0;1240;0;5779
24;Centre-Val de Loire;2024-01-18;22:30;3066;92;8651;297;0;15;0;57;-6047;0;0;297;0;9112
52;Pays de la Loire;2024-01-18;22:30;4325;599;0;228;0;1;0;54;3444;0;0;172;56;882
93;Provence-Alpes-Côte d'Azur;2024-01-18;22:30;4929;1581;0;41;0;1318;0;111;1879;0;0;41;0;3051
32;Hauts-de-France;2024-01-18;22:30;7263;1712;4381;893;0;1;0;132;140;0;0;893;0;7119
44;Grand Est;2024-01-18;22:30;6399;1800;10082;442;0;958;-1;155;-7037;0;0;442;0;13436
75;Nouvelle-Aquitaine;2024-01-18;22:30;6158;211;5801;488;0;1022;0;133;-1495;0;0;488;0;7655
11;Île-de-France;2024-01-18;22:30;11706;486;0;32;0;5;0;130;11054;0;0;32;0;653
84;Auvergne-Rhône-Alpes;2024-01-18;22:30;9076;559;9856;234;0;4639;-2;114;-6323;0;0;234;0;15400
28;Normandie;2024-01-18;22:30;4681;358;10368;136;0;15;0;73;-6269;0;0;84;52;10950
53;Bretagne;2024-01-18;23:00;4082;685;0;88;0;22;-1;58;3230;0;0;71;17;852
75;Nouvelle-Aquitaine;2024-01-18;23:00;6373;211;5801;482;0;1085;0;135;-1340;0;0;482;0;7714
76;Occitanie;2024-01-18;23:00;5162;75;2276;1197;0;2106;0;103;-596;0;0;1197;0;5757
44;Grand Est;2024-01-18;23:00;6512;1831;10083;370;0;955;-1;157;-6882;0;0;370;0;13395
52;Pays de la Loire;2024-01-18;23:00;4645;598;0;175;0;1;0;51;3820;0;0;145;30;825
11;Île-de-France;2024-01-18;23:00;11918;486;0;28;0;5;0;130;11270;0;0;28;0;649
27;Bourgogne-Franche-Comté;2024-01-18;23:00;3120;113;0;166;0;105;0;54;2683;0;0;166;0;438
93;Provence-Alpes-Côte d'Azur;2024-01-18;23:00;4948;1628;0;53;0;1298;0;111;1859;0;0;53;0;3090
32;Hauts-de-France;2024-01-18;23:00;7238;1700;4380;880;0;1;0;134;147;0;0;880;0;7095
24;Centre-Val de Loire;2024-01-18;23:00;3048;93;8653;260;0;15;0;57;-6030;0;0;260;0;9078
28;Normandie;2024-01-18;23:00;4744;358;10368;145;0;15;0;73;-6215;0;0;81;64;10959
84;Auvergne-Rhône-Alpes;2024-01-18;23:00;9384;560;9855;202;0;4487;-2;109;-5826;0;0;202;0;15211
11;Île-de-France;2024-01-18;23:30;11622;486;0;23;0;5;0;130;10980;0;0;23;0;644
93;Provence-Alpes-Côte d'Azur;2024-01-18;23:30;5273;1593;0;56;0;1298;0;110;2215;0;0;56;0;3057
76;Occitanie;2024-01-18;23:30;4993;75;2279;1123;0;1949;0;107;-540;0;0;1123;0;5533
32;Hauts-de-France;2024-01-18;23:30;7175;1456;4380;836;0;2;0;134;371;0;0;836;0;6808
28;Normandie;2024-01-18;23:30;4597;358;10368;141;0;15;0;71;-6356;0;0;80;62;10953
27;Bourgogne-Franche-Comté;2024-01-18;23:30;3018;113;0;144;0;104;0;53;2604;0;0;144;0;414
84;Auvergne-Rhône-Alpes;2024-01-18;23:30;9401;560;9857;205;0;4374;-2;113;-5705;0;0;205;0;15107
52;Pays de la Loire;2024-01-18;23:30;4537;598;0;133;0;1;0;54;3752;0;0;119;14;786
24;Centre-Val de Loire;2024-01-18;23:30;3045;93;8652;213;0;15;0;57;-5986;0;0;213;0;9030
75;Nouvelle-Aquitaine;2024-01-18;23:30;6216;212;5801;486;0;852;0;134;-1268;0;0;486;0;7485
44;Grand Est;2024-01-18;23:30;6543;1775;10084;320;0;954;-1;157;-6745;0;0;320;0;13289
53;Bretagne;2024-01-18;23:30;3971;677;0;85;0;22;-1;57;3130;0;0;68;18;840
32;Hauts-de-France;2024-02-04;00:00;5835;411;3594;2812;0;2;0;153;-1139;0;0;2812;0;6972
76;Occitanie;2024-02-04;00:00;4813;52;1248;346;0;792;-53;101;2328;0;0;346;0;2486
93;Provence-Alpes-Côte d'Azur;2024-02-04;00:00;5080;161;0;27;0;1591;-51;126;3225;0;0;27;0;1854
53;Bretagne;2024-02-04;00:00;2913;243;0;91;0;7;-31;53;2551;0;0;38;54;363
84;Auvergne-Rhône-Alpes;2024-02-04;00:00;7718;140;10710;177;0;3719;-972;128;-6183;0;0;177;0;13902
52;Pays de la Loire;2024-02-04;00:00;3077;157;0;18;0;5;0;57;2840;0;0;21;0;237
11;Île-de-France;2024-02-04;00:00;8370;331;0;19;0;8;0;141;7871;0;0;19;0;499
24;Centre-Val de Loire;2024-02-04;00:00;2274;67;7027;97;0;4;0;61;-4983;0;0;97;0;7256
44;Grand Est;2024-02-04;00:00;5091;206;9574;1285;0;1034;-1;163;-7171;0;0;1285;0;12261
75;Nouvelle-Aquitaine;2024-02-04;00:00;5678;212;4754;85;0;296;0;197;135;0;0;85;0;5544
27;Bourgogne-Franche-Comté;2024-02-04;00:00;2350;142;0;66;0;75;0;48;2018;0;0;66;0;331
28;Normandie;2024-02-04;00:00;3436;295;7754;504;0;12;0;86;-5215;0;0;276;228;8651
93;Provence-Alpes-Côte d'Azur;2024-02-04;00:30;4901;160;0;27;0;1552;-51;127;3087;0;0;27;0;1815
76;Occitanie;2024-02-04;00:30;4713;51;1248;347;0;609;-221;102;2578;0;0;347;0;2136
44;Grand Est;2024-02-04;00:30;5066;207;9448;1337;0;1037;-1;164;-7127;0;0;1337;0;12192
32;Hauts-de-France;2024-02-04;00:30;5764;432;3576;2990;0;2;0;155;-1391;0;0;2990;0;7155
52;Pays de la Loire;2024-02-04;00:30;3111;155;0;19;0;5;0;57;2875;0;0;21;0;236
75;Nouvelle-Aquitaine;2024-02-04;00:30;5648;212;4699;56;0;370;0;202;111;0;0;56;0;5539
11;Île-de-France;2024-02-04;00:30;8196;334;0;21;0;8;0;141;7693;0;0;21;0;504
24;Centre-Val de Loire;2024-02-04;00:30;2260;67;7004;97;0;4;0;60;-4973;0;0;97;0;7232
27;Bourgogne-Franche-Comté;2024-02-04;00:30;2323;142;0;80;0;68;0;48;1986;0;0;80;0;338
53;Bretagne;2024-02-04;00:30;2847;243;0;97;0;7;-42;53;2488;0;0;42;56;358
84;Auvergne-Rhône-Alpes;2024-02-04;00:30;7633;138;10597;169;0;3247;-1058;129;-5589;0;0;169;0;13222
28;Normandie;2024-02-04;00:30;3466;283;7547;550;0;12;0;86;-5012;0;0;320;229;8478
11;Île-de-France;2024-02-04;01:00;7839;334;0;26;0;8;0;141;7334;0;0;26;0;509
93;Provence-Alpes-Côte d'Azur;2024-02-04;01:00;4699;159;0;27;0;1561;-51;127;2877;0;0;27;0;1823
24;Centre-Val de Loire;2024-02-04;01:00;2128;67;6969;119;0;4;0;61;-5092;0;0;119;0;7220
75;Nouvelle-Aquitaine;2024-02-04;01:00;5461;211;4660;56;0;366;0;198;-29;0;0;56;0;5491
52;Pays de la Loire;2024-02-04;01:00;2916;155;0;24;0;5;0;56;2676;0;0;26;0;240
44;Grand Est;2024-02-04;01:00;5007;207;8909;1481;0;1017;-403;164;-6366;0;0;1481;0;11375
28;Normandie;2024-02-04;01:00;3280;282;7406;571;0;12;0;85;-5076;0;0;345;226;8356
27;Bourgogne-Franche-Comté;2024-02-04;01:00;2262;141;0;89;0;66;0;48;1920;0;0;89;0;344
76;Occitanie;2024-02-04;01:00;4448;51;1247;308;0;538;-314;101;2516;0;0;308;0;1931
32;Hauts-de-France;2024-02-04;01:00;5569;397;3530;3109;0;2;0;156;-1621;0;0;3109;0;7194
53;Bretagne;2024-02-04;01:00;2621;243;0;107;0;7;-50;55;2260;0;0;45;62;362
84;Auvergne-Rhône-Alpes;2024-02-04;01:00;7361;138;10394;175;0;2535;-1173;128;-4836;0;0;175;0;12197
53;Bretagne;2024-02-04;01:30;2538;243;0;125;0;7;-57;54;2165;0;0;45;80;372
84;Auvergne-Rhône-Alpes;2024-02-04;01:30;7243;138;10439;182;0;2512;-1129;129;-5027;0;0;182;0;12271
44;Grand Est;2024-02-04;01:30;4911;206;8641;1528;0;1005;-525;164;-6107;0;0;1528;0;11019
76;Occitanie;2024-02-04;01:30;4351;52;1249;303;0;518;-890;100;3019;0;0;303;0;1332
52;Pays de la Loire;2024-02-04;01:30;2903;155;0;24;0;5;0;56;2662;0;0;27;0;240
93;Provence-Alpes-Côte d'Azur;2024-02-04;01:30;4737;160;0;30;0;1565;-51;129;2904;0;0;30;0;1833
32;Hauts-de-France;2024-02-04;01:30;5610;413;3555;3093;0;2;0;157;-1607;0;0;3093;0;7220
27;Bourgogne-Franche-Comté;2024-02-04;01:30;2287;141;0;81;0;66;0;48;1953;0;0;81;0;336
28;Normandie;2024-02-04;01:30;3267;284;7475;580;0;12;0;85;-5170;0;0;360;219;8436
75;Nouvelle-Aquitaine;2024-02-04;01:30;5577;212;4686;46;0;348;0;199;88;0;0;46;0;5491
24;Centre-Val de Loire;2024-02-04;01:30;2138;67;7035;147;0;4;0;61;-5175;0;0;147;0;7314
11;Île-de-France;2024-02-04;01:30;7478;334;0;28;0;8;0;141;6969;0;0;28;0;511
53;Bretagne;2024-02-04;02:00;2633;243;0;106;0;7;-57;53;2281;0;0;43;63;352
28;Normandie;2024-02-04;02:00;3282;286;7417;591;0;12;0;87;-5111;0;0;364;227;8393
27;Bourgogne-Franche-Comté;2024-02-04;02:00;2334;142;0;73;0;65;0;50;2008;0;0;73;0;330
93;Provence-Alpes-Côte d'Azur;2024-02-04;02:00;4702;161;0;30;0;1533;-51;127;2902;0;0;30;0;1800
76;Occitanie;2024-02-04;02:00;4390;52;1249;324;0;514;-900;101;3051;0;0;324;0;1340
52;Pays de la Loire;2024-02-04;02:00;2880;155;0;25;0;5;0;56;2639;0;0;28;0;241
11;Île-de-France;2024-02-04;02:00;7228;335;0;33;0;8;0;140;6718;0;0;33;0;516
75;Nouvelle-Aquitaine;2024-02-04;02:00;5561;212;4660;72;0;331;0;195;93;0;0;72;0;5470
32;Hauts-de-France;2024-02-04;02:00;5424;393;3526;2972;0;2;0;156;-1617;0;0;2972;0;7049
24;Centre-Val de Loire;2024-02-04;02:00;2134;67;7025;160;0;4;0;62;-5183;0;0;160;0;7318
44;Grand Est;2024-02-04;02:00;4933;208;8531;1435;0;989;-524;165;-5868;0;0;1435;0;10804
84;Auvergne-Rhône-Alpes;2024-02-04;02:00;7263;138;10434;181;0;2430;-1239;129;-4809;0;0;181;0;12073
53;Bretagne;2024-02-04;02:30;2570;241;0;102;0;7;-53;53;2221;0;0;38;63;350
28;Normandie;2024-02-04;02:30;3197;286;7292;594;0;12;0;88;-5075;0;0;377;217;8272
52;Pays de la Loire;2024-02-04;02:30;2797;154;0;28;0;5;0;56;2554;0;0;30;0;243
44;Grand Est;2024-02-04;02:30;4868;206;8481;1417;0;994;-522;163;-5870;0;0;1417;0;10739
24;Centre-Val de Loire;2024-02-04;02:30;2141;67;6885;161;0;4;0;63;-5039;0;0;161;0;7180
27;Bourgogne-Franche-Comté;2024-02-04;02:30;2362;142;0;89;0;65;0;49;2019;0;0;89;0;345
76;Occitanie;2024-02-04;02:30;4380;52;1248;361;0;510;-899;101;3006;0;0;361;0;1373
11;Île-de-France;2024-02-04;02:30;7063;335;0;30;0;8;0;139;6555;0;0;30;0;512
32;Hauts-de-France;2024-02-04;02:30;5384;442;3523;2928;0;2;0;156;-1662;0;0;2928;0;7051
75;Nouvelle-Aquitaine;2024-02-04;02:30;5500;212;4661;89;0;255;0;199;87;0;0;89;0;5416
93;Provence-Alpes-Côte d'Azur;2024-02-04;02:30;4786;162;0;32;0;1507;-51;127;3010;0;0;32;0;1777
84;Auvergne-Rhône-Alpes;2024-02-04;02:30;7428;138;10428;188;0;2227;-1335;129;-4346;0;0;188;0;11775
11;Île-de-France;2024-02-04;03:00;6840;335;0;30;0;8;0;141;6334;0;0;30;0;514
52;Pays de la Loire;2024-02-04;03:00;2701;154;0;29;0;5;0;56;2456;0;0;31;0;244
44;Grand Est;2024-02-04;03:00;4802;207;8428;1407;0;991;-521;160;-5865;0;0;1407;0;10672
24;Centre-Val de Loire;2024-02-04;03:00;1994;67;6814;134;0;4;0;63;-5087;0;0;134;0;7082
28;Normandie;2024-02-04;03:00;3099;286;7211;624;0;12;0;87;-5121;0;0;407;217;8220
53;Bretagne;2024-02-04;03:00;2459;241;0;86;0;7;-1;54;2071;0;0;37;49;387
32;Hauts-de-France;2024-02-04;03:00;5252;397;3512;2969;0;2;0;157;-1774;0;0;2969;0;7037
84;Auvergne-Rhône-Alpes;2024-02-04;03:00;7417;138;9650;180;0;2076;-1378;129;-3377;0;0;180;0;10795
75;Nouvelle-Aquitaine;2024-02-04;03:00;5338;212;4645;86;0;246;0;198;-48;0;0;86;0;5387
93;Provence-Alpes-Côte d'Azur;2024-02-04;03:00;4622;161;0;32;0;1424;-51;127;2929;0;0;32;0;1693
76;Occitanie;2024-02-04;03:00;4276;52;1252;374;0;502;-901;102;2896;0;0;374;0;1381
27;Bourgogne-Franche-Comté;2024-02-04;03:00;2306;142;0;99;0;64;0;45;1958;0;0;99;0;350
28;Normandie;2024-02-04;03:30;3107;286;7095;643;0;13;0;87;-5016;0;0;418;225;8124
75;Nouvelle-Aquitaine;2024-02-04;03:30;5206;212;4684;53;0;237;0;196;-174;0;0;53;0;5382
27;Bourgogne-Franche-Comté;2024-02-04;03:30;2303;142;0;90;0;64;0;47;1960;0;0;90;0;343
11;Île-de-France;2024-02-04;03:30;6678;335;0;34;0;7;0;141;6161;0;0;34;0;517
76;Occitanie;2024-02-04;03:30;4157;52;1252;392;0;491;-897;101;2767;0;0;392;0;1391
24;Centre-Val de Loire;2024-02-04;03:30;1932;67;6921;129;0;4;0;62;-5251;0;0;129;0;7183
44;Grand Est;2024-02-04;03:30;4647;206;7999;1415;0;1014;-517;158;-5628;0;0;1415;0;10275
52;Pays de la Loire;2024-02-04;03:30;2568;154;0;29;0;5;0;56;2324;0;0;32;0;244
93;Provence-Alpes-Côte d'Azur;2024-02-04;03:30;4493;160;0;29;0;1333;-51;126;2896;0;0;29;0;1597
53;Bretagne;2024-02-04;03:30;2359;241;0;89;0;7;0;53;1969;0;0;44;45;390
84;Auvergne-Rhône-Alpes;2024-02-04;03:30;7192;138;9200;179;0;1913;-1283;131;-3084;0;0;179;0;10278
32;Hauts-de-France;2024-02-04;03:30;5093;417;3494;2978;0;2;0;156;-1954;0;0;2978;0;7047
52;Pays de la Loire;2024-02-04;04:00;2484;155;0;35;0;5;0;56;2233;0;0;38;0;251
11;Île-de-France;2024-02-04;04:00;6589;335;0;33;0;7;0;144;6070;0;0;33;0;519
53;Bretagne;2024-02-04;04:00;2263;241;0;86;0;7;0;53;1877;0;0;45;42;387
28;Normandie;2024-02-04;04:00;2950;286;6747;661;0;13;0;87;-4843;0;0;442;219;7794
27;Bourgogne-Franche-Comté;2024-02-04;04:00;2232;141;0;89;0;63;0;48;1892;0;0;89;0;341
75;Nouvelle-Aquitaine;2024-02-04;04:00;5005;212;4657;63;0;226;0;198;-348;0;0;63;0;5356
76;Occitanie;2024-02-04;04:00;4075;52;1252;400;0;483;-898;99;2688;0;0;400;0;1388
93;Provence-Alpes-Côte d'Azur;2024-02-04;04:00;4353;160;0;27;0;1192;-51;128;2898;0;0;27;0;1456
84;Auvergne-Rhône-Alpes;2024-02-04;04:00;7108;138;8987;184;0;1825;-1387;129;-2767;0;0;184;0;9876
44;Grand Est;2024-02-04;04:00;4523;207;7738;1400;0;1017;-516;158;-5481;0;0;1400;0;10004
24;Centre-Val de Loire;2024-02-04;04:00;1886;67;6889;148;0;4;0;62;-5284;0;0;148;0;7170
32;Hauts-de-France;2024-02-04;04:00;5016;407;3430;3075;0;2;0;157;-2055;0;0;3075;0;7071
32;Hauts-de-France;2024-02-04;04:30;4908;418;3467;3063;0;2;0;155;-2208;0;0;3063;0;7105
11;Île-de-France;2024-02-04;04:30;6482;335;0;33;0;7;0;142;5960;0;0;33;0;517
53;Bretagne;2024-02-04;04:30;2204;241;0;108;0;18;-1;54;1783;0;0;57;52;420
28;Normandie;2024-02-04;04:30;2838;286;6852;661;0;13;0;87;-5059;0;0;448;213;7899
44;Grand Est;2024-02-04;04:30;4477;206;7908;1374;0;1027;-513;158;-5687;0;0;1374;0;10160
52;Pays de la Loire;2024-02-04;04:30;2397;154;0;43;0;5;0;56;2139;0;0;45;0;258
24;Centre-Val de Loire;2024-02-04;04:30;1857;67;7079;148;0;4;0;62;-5503;0;0;148;0;7360
76;Occitanie;2024-02-04;04:30;3951;52;1252;413;0;477;-896;103;2551;0;0;413;0;1401
93;Provence-Alpes-Côte d'Azur;2024-02-04;04:30;4294;160;0;27;0;1173;-51;127;2858;0;0;27;0;1436
75;Nouvelle-Aquitaine;2024-02-04;04:30;4930;211;4676;105;0;220;0;196;-477;0;0;105;0;5408
27;Bourgogne-Franche-Comté;2024-02-04;04:30;2223;142;0;79;0;63;0;47;1891;0;0;79;0;331
84;Auvergne-Rhône-Alpes;2024-02-04;04:30;7001;138;9077;191;0;1761;-1533;130;-2762;0;0;191;0;9764
76;Occitanie;2024-02-04;05:00;3837;52;1250;397;0;479;-895;102;2451;0;0;397;0;1385
84;Auvergne-Rhône-Alpes;2024-02-04;05:00;6986;138;9081;194;0;1728;-1695;129;-2589;0;0;194;0;9575
53;Bretagne;2024-02-04;05:00;2186;241;0;103;0;75;-1;54;1715;0;0;53;50;472
28;Normandie;2024-02-04;05:00;2819;286;6846;676;0;13;0;85;-5086;0;0;460;216;7906
52;Pays de la Loire;2024-02-04;05:00;2365;154;0;45;0;5;0;56;2104;0;0;47;0;260
11;Île-de-France;2024-02-04;05:00;6471;335;0;28;0;7;0;142;5951;0;0;28;0;512
32;Hauts-de-France;2024-02-04;05:00;4947;419;3438;3017;0;2;0;155;-2093;0;0;3017;0;7031
27;Bourgogne-Franche-Comté;2024-02-04;05:00;2197;141;0;83;0;63;0;48;1861;0;0;83;0;335
93;Provence-Alpes-Côte d'Azur;2024-02-04;05:00;4243;159;0;28;0;1168;-51;126;2812;0;0;28;0;1430
24;Centre-Val de Loire;2024-02-04;05:00;1815;67;7122;134;0;4;0;62;-5575;0;0;134;0;7389
75;Nouvelle-Aquitaine;2024-02-04;05:00;4879;211;4666;117;0;217;0;197;-528;0;0;117;0;5408
44;Grand Est;2024-02-04;05:00;4400;205;7866;1408;0;1030;-511;157;-5760;0;0;1408;0;10155
75;Nouvelle-Aquitaine;2024-02-04;05:30;4950;211;4691;128;0;217;0;195;-490;0;0;128;0;5442
44;Grand Est;2024-02-04;05:30;4426;207;7990;1367;0;1024;-509;156;-5809;0;0;1367;0;10235
52;Pays de la Loire;2024-02-04;05:30;2419;155;0;46;0;5;0;56;2157;0;0;49;0;262
76;Occitanie;2024-02-04;05:30;3954;52;1250;408;0;489;-895;102;2548;0;0;408;0;1406
93;Provence-Alpes-Côte d'Azur;2024-02-04;05:30;4270;159;0;31;0;1164;-51;125;2842;0;0;31;0;1428
28;Normandie;2024-02-04;05:30;2836;286;6904;676;0;13;0;86;-5127;0;0;456;220;7965
32;Hauts-de-France;2024-02-04;05:30;4914;412;3562;3018;0;2;0;153;-2234;0;0;3018;0;7147
24;Centre-Val de Loire;2024-02-04;05:30;1825;67;7120;123;0;4;0;62;-5552;0;0;123;0;7376
53;Bretagne;2024-02-04;05:30;2197;241;0;102;0;95;-1;53;1706;0;0;57;45;490
27;Bourgogne-Franche-Comté;2024-02-04;05:30;2213;141;0;91;0;63;0;48;1869;0;0;91;0;343
84;Auvergne-Rhône-Alpes;2024-02-04;05:30;7015;138;9131;202;0;1816;-1824;130;-2577;0;0;202;0;9593
11;Île-de-France;2024-02-04;05:30;6546;335;0;27;0;7;0;140;6037;0;0;27;0;509
93;Provence-Alpes-Côte d'Azur;2024-02-04;06:00;4272;159;0;38;0;1238;-51;126;2761;0;0;38;0;1510
24;Centre-Val de Loire;2024-02-04;06:00;1847;67;7123;113;0;4;0;62;-5522;0;0;113;0;7369
44;Grand Est;2024-02-04;06:00;4421;206;8007;1343;0;1012;-506;157;-5797;0;0;1343;0;10219
84;Auvergne-Rhône-Alpes;2024-02-04;06:00;6938;138;9136;207;0;1812;-1830;129;-2653;0;0;207;0;9592
52;Pays de la Loire;2024-02-04;06:00;2402;154;0;43;0;5;0;56;2143;0;0;45;0;258
11;Île-de-France;2024-02-04;06:00;6587;335;0;30;0;7;0;139;6077;0;0;30;0;511
28;Normandie;2024-02-04;06:00;2836;286;7101;691;0;15;0;85;-5341;0;0;466;226;8178
27;Bourgogne-Franche-Comté;2024-02-04;06:00;2207;141;0;93;0;63;0;48;1861;0;0;93;0;345
76;Occitanie;2024-02-04;06:00;3966;52;1250;427;0;485;-893;101;2545;0;0;427;0;1422
75;Nouvelle-Aquitaine;2024-02-04;06:00;4927;212;4695;129;0;214;0;196;-517;0;0;129;0;5446
53;Bretagne;2024-02-04;06:00;2190;241;0;113;0;103;-1;54;1680;0;0;54;59;510
32;Hauts-de-France;2024-02-04;06:00;4888;441;3579;2980;0;2;0;153;-2268;0;0;2980;0;7155
76;Occitanie;2024-02-04;06:30;4095;52;1250;441;0;497;-894;100;2648;0;0;441;0;1446
24;Centre-Val de Loire;2024-02-04;06:30;1877;67;7121;112;0;4;0;61;-5488;0;0;112;0;7365
27;Bourgogne-Franche-Comté;2024-02-04;06:30;2277;142;0;81;0;67;0;48;1938;0;0;81;0;338
44;Grand Est;2024-02-04;06:30;4476;197;7951;1353;0;1000;-504;157;-5677;0;0;1353;0;10154
52;Pays de la Loire;2024-02-04;06:30;2515;154;0;43;0;5;0;56;2257;0;0;46;0;258
75;Nouvelle-Aquitaine;2024-02-04;06:30;5111;213;4677;88;0;215;0;191;-272;0;0;88;0;5384
93;Provence-Alpes-Côte d'Azur;2024-02-04;06:30;4303;160;0;40;0;1263;-51;127;2765;0;0;40;0;1539
53;Bretagne;2024-02-04;06:30;2269;243;0;100;0;106;-1;54;1768;0;0;52;48;502
84;Auvergne-Rhône-Alpes;2024-02-04;06:30;7046;138;9115;234;0;1757;-1921;129;-2405;0;0;234;0;9452
32;Hauts-de-France;2024-02-04;06:30;4953;405;3488;3060;0;2;0;148;-2148;0;0;3060;0;7103
28;Normandie;2024-02-04;06:30;2868;286;7399;671;0;19;0;85;-5592;0;0;445;226;8460
11;Île-de-France;2024-02-04;06:30;6684;335;0;30;0;7;0;141;6172;0;0;30;0;513
75;Nouvelle-Aquitaine;2024-02-04;07:00;5173;212;4667;61;0;214;0;187;-168;0;0;61;0;5341
84;Auvergne-Rhône-Alpes;2024-02-04;07:00;6997;138;9088;243;0;1784;-1692;128;-2692;0;0;243;0;9689
52;Pays de la Loire;2024-02-04;07:00;2466;155;0;51;0;5;0;56;2199;0;0;51;0;267
24;Centre-Val de Loire;2024-02-04;07:00;1921;67;7120;110;0;4;0;61;-5440;0;0;110;0;7362
76;Occitanie;2024-02-04;07:00;4122;52;1250;446;0;498;-892;98;2669;0;0;446;0;1452
11;Île-de-France;2024-02-04;07:00;6799;334;0;25;0;7;0;139;6294;0;0;25;0;505
44;Grand Est;2024-02-04;07:00;4537;195;7873;1445;0;1006;-501;158;-5638;0;0;1445;0;10176
93;Provence-Alpes-Côte d'Azur;2024-02-04;07:00;4334;160;0;43;0;1305;-51;127;2751;0;0;43;0;1584
53;Bretagne;2024-02-04;07:00;2285;243;0;101;0;100;-1;54;1788;0;0;53;48;497
27;Bourgogne-Franche-Comté;2024-02-04;07:00;2288;141;0;74;0;68;0;48;1958;0;0;74;0;331
32;Hauts-de-France;2024-02-04;07:00;5016;445;3399;3269;0;2;0;149;-2247;0;0;3269;0;7264
28;Normandie;2024-02-04;07:00;2950;286;7443;653;0;19;0;84;-5534;0;0;442;211;8485
32;Hauts-de-France;2024-02-04;07:30;5111;389;3392;3354;0;2;0;148;-2169;0;0;3354;0;7285
11;Île-de-France;2024-02-04;07:30;6970;333;0;23;0;7;0;139;6468;0;0;23;0;502
44;Grand Est;2024-02-04;07:30;4466;195;7859;1592;0;1004;-499;157;-5841;0;0;1592;0;10308
52;Pays de la Loire;2024-02-04;07:30;2627;155;0;45;0;5;0;56;2366;0;0;44;1;261
28;Normandie;2024-02-04;07:30;3034;286;7412;690;0;19;0;83;-5455;0;0;472;218;8490
76;Occitanie;2024-02-04;07:30;4221;52;1250;464;0;513;-892;98;2735;0;0;464;0;1485
27;Bourgogne-Franche-Comté;2024-02-04;07:30;2299;141;0;80;0;71;0;47;1962;0;0;80;0;339
75;Nouvelle-Aquitaine;2024-02-04;07:30;5268;213;4660;67;0;208;0;186;-63;0;0;67;0;5334
24;Centre-Val de Loire;2024-02-04;07:30;1963;67;7075;100;0;4;0;61;-5344;0;0;100;0;7307
84;Auvergne-Rhône-Alpes;2024-02-04;07:30;7096;138;9083;242;0;1830;-1690;126;-2634;0;0;242;0;9729
93;Provence-Alpes-Côte d'Azur;2024-02-04;07:30;4390;161;0;40;0;1326;-51;128;2785;0;0;40;0;1604
53;Bretagne;2024-02-04;07:30;2371;243;0;105;0;89;-1;54;1881;0;0;51;55;490
75;Nouvelle-Aquitaine;2024-02-04;08:00;5318;213;4664;81;0;211;0;188;-36;0;0;81;0;5357
27;Bourgogne-Franche-Comté;2024-02-04;08:00;2342;141;0;86;0;72;0;49;1995;0;0;86;0;348
24;Centre-Val de Loire;2024-02-04;08:00;1982;66;7067;97;0;4;0;60;-5312;0;0;97;0;7294
76;Occitanie;2024-02-04;08:00;4258;52;1250;470;0;528;-891;97;2751;0;0;470;0;1506
28;Normandie;2024-02-04;08:00;3051;286;7510;691;0;19;0;84;-5538;0;0;462;229;8590
44;Grand Est;2024-02-04;08:00;4626;194;7872;1773;0;1004;-495;157;-5879;0;0;1773;0;10505
52;Pays de la Loire;2024-02-04;08:00;2592;155;0;45;0;5;0;57;2331;0;0;43;2;262
84;Auvergne-Rhône-Alpes;2024-02-04;08:00;7103;138;9091;235;0;1875;-1690;127;-2673;0;0;235;0;9776
93;Provence-Alpes-Côte d'Azur;2024-02-04;08:00;4434;161;0;38;2;1454;-51;128;2703;0;0;38;0;1732
53;Bretagne;2024-02-04;08:00;2389;243;0;97;0;69;-1;54;1927;0;0;49;48;462
32;Hauts-de-France;2024-02-04;08:00;5295;440;3399;3347;0;2;0;149;-2040;0;0;3347;0;7337
11;Île-de-France;2024-02-04;08:00;7122;333;0;22;0;7;0;139;6621;0;0;22;0;501
93;Provence-Alpes-Côte d'Azur;2024-02-04;08:30;4522;161;0;35;60;1571;-50;127;2618;0;0;35;0;1904
75;Nouvelle-Aquitaine;2024-02-04;08:30;5343;212;4686;100;1;212;0;194;-62;0;0;100;0;5405
24;Centre-Val de Loire;2024-02-04;08:30;1975;66;7070;93;0;4;0;61;-5318;0;0;93;0;7294
44;Grand Est;2024-02-04;08:30;4646;193;7907;1891;5;995;-420;156;-6081;0;0;1891;0;10727
53;Bretagne;2024-02-04;08:30;2441;243;0;95;0;46;-1;54;2003;0;0;48;47;437
84;Auvergne-Rhône-Alpes;2024-02-04;08:30;7231;138;9132;232;9;2070;-1512;127;-2966;0;0;232;0;10196
76;Occitanie;2024-02-04;08:30;4342;52;1249;453;23;543;-890;97;2814;0;0;453;0;1527
32;Hauts-de-France;2024-02-04;08:30;5229;392;3480;3306;0;2;0;150;-2100;0;0;3306;0;7330
27;Bourgogne-Franche-Comté;2024-02-04;08:30;2366;141;0;84;2;72;0;49;2018;0;0;84;0;348
52;Pays de la Loire;2024-02-04;08:30;2656;155;0;34;0;5;0;56;2406;0;0;34;0;250
28;Normandie;2024-02-04;08:30;3082;285;7529;672;0;18;0;84;-5506;0;0;442;230;8588
11;Île-de-France;2024-02-04;08:30;7295;333;0;18;0;7;0;142;6795;0;0;18;0;500
28;Normandie;2024-02-04;09:00;3077;286;7551;649;1;18;0;84;-5512;0;0;419;230;8589
27;Bourgogne-Franche-Comté;2024-02-04;09:00;2421;140;0;85;12;72;0;48;2064;0;0;85;0;357
75;Nouvelle-Aquitaine;2024-02-04;09:00;5514;212;4694;103;35;206;0;193;72;0;0;103;0;5443
76;Occitanie;2024-02-04;09:00;4389;52;1250;442;157;544;-890;98;2736;0;0;442;0;1653
93;Provence-Alpes-Côte d'Azur;2024-02-04;09:00;4657;161;0;33;183;1601;-50;115;2614;0;0;33;0;2043
53;Bretagne;2024-02-04;09:00;2487;243;0;106;0;23;-1;55;2061;0;0;48;58;426
32;Hauts-de-France;2024-02-04;09:00;5365;431;3489;3258;3;2;0;148;-1965;0;0;3258;0;7331
84;Auvergne-Rhône-Alpes;2024-02-04;09:00;7465;138;9137;227;59;2101;-1224;126;-3098;0;0;227;0;10564
24;Centre-Val de Loire;2024-02-04;09:00;2020;66;7072;101;3;4;0;60;-5285;0;0;101;0;7306
52;Pays de la Loire;2024-02-04;09:00;2675;155;0;28;2;5;0;56;2430;0;0;30;0;246
44;Grand Est;2024-02-04;09:00;4660;194;7777;1903;26;993;-4;157;-6387;0;0;1903;0;11046
11;Île-de-France;2024-02-04;09:00;7554;333;0;18;2;7;0;142;7051;0;0;18;0;502
52;Pays de la Loire;2024-02-04;09:30;2751;155;0;21;13;4;0;57;2501;0;0;24;0;250
75;Nouvelle-Aquitaine;2024-02-04;09:30;5659;212;4697;111;119;291;0;192;38;0;0;111;0;5622
27;Bourgogne-Franche-Comté;2024-02-04;09:30;2466;139;0;97;30;72;0;48;2078;0;0;97;0;386
76;Occitanie;2024-02-04;09:30;4502;52;1251;432;386;523;-890;100;2649;0;0;432;0;1854
32;Hauts-de-France;2024-02-04;09:30;5474;412;3521;3321;10;2;0;149;-1943;0;0;3321;0;7415
84;Auvergne-Rhône-Alpes;2024-02-04;09:30;7656;138;9148;213;147;2280;-880;125;-3516;0;0;213;0;11171
11;Île-de-France;2024-02-04;09:30;7830;333;0;21;8;7;0;140;7319;0;0;21;0;509
28;Normandie;2024-02-04;09:30;3186;285;7699;635;5;19;0;84;-5541;0;0;405;230;8727
44;Grand Est;2024-02-04;09:30;4873;194;7431;1927;64;1135;-1;157;-6034;0;0;1927;0;10907
53;Bretagne;2024-02-04;09:30;2564;243;0;101;4;7;-1;54;2155;0;0;45;57;408
24;Centre-Val de Loire;2024-02-04;09:30;2126;66;7083;100;14;4;0;60;-5201;0;0;100;0;7327
93;Provence-Alpes-Côte d'Azur;2024-02-04;09:30;4737;161;0;37;408;1571;-50;115;2495;0;0;37;0;2242
76;Occitanie;2024-02-04;10:00;4528;52;1251;398;643;518;-888;97;2457;0;0;398;0;2071
28;Normandie;2024-02-04;10:00;3229;286;7684;648;12;19;0;84;-5503;0;0;418;230;8733
75;Nouvelle-Aquitaine;2024-02-04;10:00;5747;212;4690;88;238;303;0;193;23;0;0;88;0;5724
11;Île-de-France;2024-02-04;10:00;8064;333;0;20;15;7;0;139;7549;0;0;20;0;514
53;Bretagne;2024-02-04;10:00;2628;243;0;108;12;7;-1;55;2204;0;0;42;66;424
52;Pays de la Loire;2024-02-04;10:00;2766;155;0;22;31;4;0;56;2497;0;0;25;0;268
93;Provence-Alpes-Côte d'Azur;2024-02-04;10:00;4811;161;0;31;664;1555;-50;125;2326;0;0;31;0;2486
44;Grand Est;2024-02-04;10:00;4856;194;6933;1968;109;1129;-1;155;-5632;0;0;1968;0;10487
27;Bourgogne-Franche-Comté;2024-02-04;10:00;2475;140;0;85;52;72;0;48;2078;0;0;85;0;397
84;Auvergne-Rhône-Alpes;2024-02-04;10:00;7837;138;9132;195;255;2539;-883;126;-3664;0;0;195;0;11502
24;Centre-Val de Loire;2024-02-04;10:00;2142;66;7076;103;29;4;0;60;-5195;0;0;103;0;7338
32;Hauts-de-France;2024-02-04;10:00;5791;428;3482;3473;24;2;0;149;-1767;0;0;3473;0;7558
27;Bourgogne-Franche-Comté;2024-02-04;10:30;2507;140;0;91;74;73;0;48;2080;0;0;91;0;426
24;Centre-Val de Loire;2024-02-04;10:30;2156;66;7120;110;46;4;0;59;-5249;0;0;110;0;7405
76;Occitanie;2024-02-04;10:30;4591;52;1251;358;888;527;-547;103;1957;0;0;358;0;2632
75;Nouvelle-Aquitaine;2024-02-04;10:30;5894;212;4719;67;359;309;0;190;40;0;0;67;0;5856
11;Île-de-France;2024-02-04;10:30;8345;333;0;18;21;7;0;137;7825;0;0;18;0;516
32;Hauts-de-France;2024-02-04;10:30;5674;432;3573;3555;44;2;0;148;-2083;0;0;3555;0;7754
84;Auvergne-Rhône-Alpes;2024-02-04;10:30;7948;138;9169;182;359;2984;-684;125;-4325;0;0;182;0;12273
28;Normandie;2024-02-04;10:30;3290;285;7733;648;20;19;0;84;-5500;0;0;418;230;8789
93;Provence-Alpes-Côte d'Azur;2024-02-04;10:30;4824;160;0;28;893;1650;-50;125;2018;0;0;28;0;2806
44;Grand Est;2024-02-04;10:30;4996;192;6981;2048;152;1340;-1;156;-5873;0;0;2048;0;10868
53;Bretagne;2024-02-04;10:30;2698;245;0;102;22;9;-1;54;2268;0;0;37;64;431
52;Pays de la Loire;2024-02-04;10:30;2892;155;0;23;51;5;0;56;2602;0;0;25;0;290
75;Nouvelle-Aquitaine;2024-02-04;11:00;5912;212;4689;54;477;312;0;197;-28;0;0;54;0;5941
93;Provence-Alpes-Côte d'Azur;2024-02-04;11:00;4775;160;0;30;1058;1611;-50;125;1841;0;0;30;0;2934
28;Normandie;2024-02-04;11:00;3303;285;7629;635;25;19;0;84;-5375;0;0;405;230;8677
53;Bretagne;2024-02-04;11:00;2747;245;0;87;32;9;-1;55;2319;0;0;36;51;427
27;Bourgogne-Franche-Comté;2024-02-04;11:00;2529;141;0;98;95;70;0;48;2077;0;0;98;0;452
52;Pays de la Loire;2024-02-04;11:00;2957;155;0;26;70;5;0;57;2644;0;0;29;0;313
76;Occitanie;2024-02-04;11:00;4653;52;1251;326;1096;523;-470;104;1772;0;0;326;0;2882
44;Grand Est;2024-02-04;11:00;5097;193;6785;2018;187;1262;0;157;-5504;0;0;2018;0;10602
84;Auvergne-Rhône-Alpes;2024-02-04;11:00;7919;138;9274;170;455;2832;-814;124;-4260;0;0;170;0;12179
24;Centre-Val de Loire;2024-02-04;11:00;2202;67;7135;106;65;4;0;61;-5236;0;0;106;0;7438
32;Hauts-de-France;2024-02-04;11:00;5838;423;3483;3517;50;2;0;149;-1786;0;0;3517;0;7624
11;Île-de-France;2024-02-04;11:00;8464;333;0;16;34;7;0;135;7939;0;0;16;0;525
93;Provence-Alpes-Côte d'Azur;2024-02-04;11:30;4802;159;0;30;1192;1631;-50;124;1716;0;0;30;0;3086
84;Auvergne-Rhône-Alpes;2024-02-04;11:30;7954;138;9493;161;542;2845;-548;123;-4800;0;0;161;0;12754
75;Nouvelle-Aquitaine;2024-02-04;11:30;6060;212;4708;43;587;318;0;197;-3;0;0;43;0;6065
76;Occitanie;2024-02-04;11:30;4740;52;1251;299;1273;513;-469;104;1718;0;0;299;0;3023
28;Normandie;2024-02-04;11:30;3382;285;7670;669;31;18;0;84;-5375;0;0;438;230;8757
52;Pays de la Loire;2024-02-04;11:30;3003;155;0;25;87;5;0;57;2674;0;0;28;0;329
27;Bourgogne-Franche-Comté;2024-02-04;11:30;2555;140;0;120;110;69;0;49;2067;0;0;120;0;488
44;Grand Est;2024-02-04;11:30;5185;194;7338;1987;212;1303;0;157;-6006;0;0;1987;0;11191
53;Bretagne;2024-02-04;11:30;2776;245;0;98;41;9;-1;56;2330;0;0;41;57;448
11;Île-de-France;2024-02-04;11:30;8641;333;0;21;43;7;0;139;8096;0;0;21;0;543
24;Centre-Val de Loire;2024-02-04;11:30;2208;67;7073;127;86;4;0;60;-5209;0;0;127;0;7417
32;Hauts-de-France;2024-02-04;11:30;5885;436;3531;3561;66;1;0;150;-1863;0;0;3561;0;7745
24;Centre-Val de Loire;2024-02-04;12:00;2228;67;6985;161;100;4;0;61;-5149;0;0;161;0;7378
52;Pays de la Loire;2024-02-04;12:00;3080;155;0;26;103;5;0;58;2734;0;0;28;0;347
76;Occitanie;2024-02-04;12:00;4709;52;1251;266;1415;516;-470;108;1571;0;0;266;0;3138
93;Provence-Alpes-Côte d'Azur;2024-02-04;12:00;4790;156;0;29;1296;1605;-50;124;1630;0;0;29;0;3160
44;Grand Est;2024-02-04;12:00;5215;194;7688;2036;239;1254;0;155;-6350;0;0;2036;0;11566
84;Auvergne-Rhône-Alpes;2024-02-04;12:00;8146;138;9871;141;614;2902;-469;123;-5174;0;0;141;0;13320
28;Normandie;2024-02-04;12:00;3407;285;7587;687;34;18;0;86;-5290;0;0;456;230;8697
53;Bretagne;2024-02-04;12:00;2854;245;0;119;47;9;-2;55;2381;0;0;47;71;473
32;Hauts-de-France;2024-02-04;12:00;6028;415;3475;3699;64;1;0;151;-1778;0;0;3699;0;7805
75;Nouvelle-Aquitaine;2024-02-04;12:00;6089;212;4683;30;683;319;0;196;-33;0;0;30;0;6123
27;Bourgogne-Franche-Comté;2024-02-04;12:00;2590;141;0;133;112;69;0;50;2085;0;0;133;0;505
11;Île-de-France;2024-02-04;12:00;8822;334;0;27;41;7;0;136;8277;0;0;27;0;545
11;Île-de-France;2024-02-04;12:30;9013;334;0;33;43;7;0;138;8462;0;0;33;0;555
75;Nouvelle-Aquitaine;2024-02-04;12:30;6108;212;4698;24;755;325;0;196;-100;0;0;24;0;6210
27;Bourgogne-Franche-Comté;2024-02-04;12:30;2586;141;0;141;115;68;0;50;2074;0;0;141;0;515
53;Bretagne;2024-02-04;12:30;2884;245;0;152;53;6;-26;55;2399;0;0;60;92;485
84;Auvergne-Rhône-Alpes;2024-02-04;12:30;8148;138;10031;136;671;2470;-727;124;-4694;0;0;136;0;12843
93;Provence-Alpes-Côte d'Azur;2024-02-04;12:30;4789;157;0;27;1368;1603;-50;125;1560;0;0;27;0;3230
52;Pays de la Loire;2024-02-04;12:30;3127;155;0;26;116;5;0;58;2767;0;0;29;0;360
28;Normandie;2024-02-04;12:30;3456;285;7607;668;37;18;0;84;-5244;0;0;438;230;8699
76;Occitanie;2024-02-04;12:30;4675;52;1251;232;1517;510;-469;110;1472;0;0;232;0;3203
32;Hauts-de-France;2024-02-04;12:30;6044;447;3493;3816;63;1;0;153;-1927;0;0;3816;0;7973
24;Centre-Val de Loire;2024-02-04;12:30;2262;67;7010;186;111;4;0;61;-5176;0;0;186;0;7439
44;Grand Est;2024-02-04;12:30;5276;195;8229;2079;275;1258;0;154;-6911;0;0;2079;0;12190
93;Provence-Alpes-Côte d'Azur;2024-02-04;13:00;4647;158;0;30;1397;1593;-50;125;1394;0;0;30;0;3253
24;Centre-Val de Loire;2024-02-04;13:00;2254;67;7003;200;117;4;0;60;-5196;0;0;200;0;7451
28;Normandie;2024-02-04;13:00;3397;285;7596;657;39;18;0;84;-5283;0;0;427;230;8679
84;Auvergne-Rhône-Alpes;2024-02-04;13:00;7955;138;9958;133;722;2237;-978;126;-4380;0;0;133;0;12336
11;Île-de-France;2024-02-04;13:00;9067;333;0;37;30;7;0;138;8524;0;0;37;0;545
52;Pays de la Loire;2024-02-04;13:00;3125;155;0;31;127;5;0;58;2750;0;0;34;0;376
53;Bretagne;2024-02-04;13:00;2855;245;0;163;57;6;-42;56;2370;0;0;72;90;485
32;Hauts-de-France;2024-02-04;13:00;6052;409;3477;3932;63;1;0;152;-1981;0;0;3932;0;8034
75;Nouvelle-Aquitaine;2024-02-04;13:00;6057;211;4691;19;804;337;0;195;-200;0;0;19;0;6257
76;Occitanie;2024-02-04;13:00;4603;52;1250;204;1575;504;-469;110;1378;0;0;204;0;3226
44;Grand Est;2024-02-04;13:00;5165;193;8233;2140;245;981;-1;156;-6782;0;0;2140;0;11947
27;Bourgogne-Franche-Comté;2024-02-04;13:00;2508;141;0;152;113;70;0;48;1986;0;0;152;0;524
75;Nouvelle-Aquitaine;2024-02-04;13:30;5749;211;4697;17;840;257;0;196;-469;0;0;17;0;6218
24;Centre-Val de Loire;2024-02-04;13:30;2195;67;7028;226;116;4;0;57;-5302;0;0;226;0;7498
93;Provence-Alpes-Côte d'Azur;2024-02-04;13:30;4525;161;0;29;1383;1572;-50;124;1306;0;0;29;0;3219
32;Hauts-de-France;2024-02-04;13:30;5956;442;3488;4062;57;1;0;150;-2243;0;0;4062;0;8200
84;Auvergne-Rhône-Alpes;2024-02-04;13:30;7787;138;9928;133;754;2164;-1343;125;-4112;0;0;133;0;11899
76;Occitanie;2024-02-04;13:30;4368;52;1250;174;1606;498;-725;109;1405;0;0;174;0;2964
52;Pays de la Loire;2024-02-04;13:30;3007;155;0;33;134;5;0;57;2623;0;0;36;0;384
11;Île-de-France;2024-02-04;13:30;8903;333;0;37;27;8;0;136;8367;0;0;37;0;541
28;Normandie;2024-02-04;13:30;3266;285;7601;675;44;19;0;83;-5441;0;0;444;230;8707
27;Bourgogne-Franche-Comté;2024-02-04;13:30;2487;139;0;149;107;70;0;48;1973;0;0;149;0;513
44;Grand Est;2024-02-04;13:30;5152;194;8235;2276;241;977;-50;154;-6874;0;0;2276;0;12027
53;Bretagne;2024-02-04;13:30;2727;245;0;158;59;6;-53;54;2258;0;0;82;76;469
32;Hauts-de-France;2024-02-04;14:00;5703;415;3479;4094;55;1;0;149;-2487;0;0;4094;0;8193
11;Île-de-France;2024-02-04;14:00;8736;334;0;42;26;8;0;141;8190;0;0;42;0;551
93;Provence-Alpes-Côte d'Azur;2024-02-04;14:00;4384;161;0;28;1333;1258;-50;125;1530;0;0;28;0;2855
27;Bourgogne-Franche-Comté;2024-02-04;14:00;2381;140;0;147;97;71;0;48;1879;0;0;147;0;503
76;Occitanie;2024-02-04;14:00;4195;52;1250;160;1607;490;-885;108;1415;0;0;160;0;2782
84;Auvergne-Rhône-Alpes;2024-02-04;14:00;7543;138;9896;126;776;2055;-1698;125;-3874;0;0;126;0;11418
52;Pays de la Loire;2024-02-04;14:00;2912;155;0;37;135;5;0;57;2522;0;0;39;0;389
24;Centre-Val de Loire;2024-02-04;14:00;2106;67;7010;215;118;4;0;57;-5366;0;0;215;0;7471
53;Bretagne;2024-02-04;14:00;2630;245;0;159;58;6;-57;54;2166;0;0;96;62;465
28;Normandie;2024-02-04;14:00;3172;285;7584;678;41;19;0;83;-5518;0;0;447;230;8690
75;Nouvelle-Aquitaine;2024-02-04;14:00;5623;211;4690;17;848;256;0;193;-592;0;0;17;0;6215
44;Grand Est;2024-02-04;14:00;5070;195;8210;2416;200;976;-465;154;-6615;0;0;2416;0;11686
52;Pays de la Loire;2024-02-04;14:30;2844;155;0;43;128;5;0;58;2455;0;0;43;0;389
32;Hauts-de-France;2024-02-04;14:30;5653;439;3486;4089;53;1;0;151;-2565;0;0;4089;0;8219
53;Bretagne;2024-02-04;14:30;2603;245;0;177;55;5;-57;55;2122;0;0;110;67;480
93;Provence-Alpes-Côte d'Azur;2024-02-04;14:30;4410;161;0;26;1249;1226;-50;125;1674;0;0;26;0;2737
11;Île-de-France;2024-02-04;14:30;8668;334;0;47;23;8;0;137;8117;0;0;47;0;549
28;Normandie;2024-02-04;14:30;3144;285;7654;693;36;19;0;84;-5627;0;0;463;230;8771
75;Nouvelle-Aquitaine;2024-02-04;14:30;5580;211;4692;17;830;258;0;195;-623;0;0;17;0;6203
44;Grand Est;2024-02-04;14:30;5068;196;8221;2442;176;978;-500;152;-6597;0;0;2442;0;11665
24;Centre-Val de Loire;2024-02-04;14:30;2091;67;7125;227;111;4;0;61;-5503;0;0;227;0;7595
84;Auvergne-Rhône-Alpes;2024-02-04;14:30;7309;137;10276;129;772;2117;-1759;125;-4488;0;0;129;0;11797
76;Occitanie;2024-02-04;14:30;4156;50;1250;150;1559;485;-884;110;1437;0;0;150;0;2720
27;Bourgogne-Franche-Comté;2024-02-04;14:30;2450;141;0;145;89;71;0;48;1957;0;0;145;0;494
32;Hauts-de-France;2024-02-04;15:00;5613;418;3492;4139;42;1;0;150;-2629;0;0;4139;0;8242
53;Bretagne;2024-02-04;15:00;2535;245;0;188;48;4;-54;56;2047;0;0;106;83;487
52;Pays de la Loire;2024-02-04;15:00;2848;155;0;49;116;5;0;58;2466;0;0;48;1;383
76;Occitanie;2024-02-04;15:00;4146;45;1250;150;1457;472;-883;107;1547;0;0;150;0;2598
84;Auvergne-Rhône-Alpes;2024-02-04;15:00;7264;136;10574;135;714;2146;-1530;127;-5037;0;0;135;0;12302
93;Provence-Alpes-Côte d'Azur;2024-02-04;15:00;4410;161;0;22;1123;1181;-50;125;1850;0;0;22;0;2562
11;Île-de-France;2024-02-04;15:00;8642;334;0;46;19;8;0;137;8099;0;0;46;0;544
44;Grand Est;2024-02-04;15:00;4999;195;8247;2404;135;981;-496;151;-6617;0;0;2404;0;11617
28;Normandie;2024-02-04;15:00;3132;285;7676;706;28;19;0;83;-5667;0;0;476;230;8797
24;Centre-Val de Loire;2024-02-04;15:00;2106;67;7166;223;110;4;0;61;-5525;0;0;223;0;7631
75;Nouvelle-Aquitaine;2024-02-04;15:00;5515;211;4698;17;776;261;0;194;-640;0;0;17;0;6157
27;Bourgogne-Franche-Comté;2024-02-04;15:00;2404;141;0;148;77;71;0;48;1919;0;0;148;0;485
11;Île-de-France;2024-02-04;15:30;8487;334;0;46;12;8;0;139;7950;0;0;46;0;539
27;Bourgogne-Franche-Comté;2024-02-04;15:30;2404;141;0;144;63;71;0;48;1937;0;0;144;0;467
84;Auvergne-Rhône-Alpes;2024-02-04;15:30;7345;136;10597;136;616;2292;-1445;128;-5114;0;0;136;0;12460
75;Nouvelle-Aquitaine;2024-02-04;15:30;5474;211;4694;17;693;266;0;191;-597;0;0;17;0;6072
44;Grand Est;2024-02-04;15:30;5007;192;8351;2390;109;979;-331;151;-6832;0;0;2390;0;11841
53;Bretagne;2024-02-04;15:30;2528;245;0;198;39;6;-1;56;1986;0;0;95;103;543
28;Normandie;2024-02-04;15:30;3079;285;7669;733;22;19;0;82;-5731;0;0;503;230;8810
76;Occitanie;2024-02-04;15:30;4030;45;1249;149;1307;464;-884;109;1590;0;0;149;0;2439
24;Centre-Val de Loire;2024-02-04;15:30;2068;67;7204;217;96;4;0;61;-5582;0;0;217;0;7649
52;Pays de la Loire;2024-02-04;15:30;2750;155;0;48;97;5;0;58;2388;0;0;47;0;363
93;Provence-Alpes-Côte d'Azur;2024-02-04;15:30;4434;161;0;20;958;1041;-50;124;2182;0;0;20;0;2254
32;Hauts-de-France;2024-02-04;15:30;5598;434;3475;4268;39;1;0;149;-2769;0;0;4268;0;8366
32;Hauts-de-France;2024-02-04;16:00;5559;430;3503;4266;24;2;0;150;-2816;0;0;4266;0;8375
27;Bourgogne-Franche-Comté;2024-02-04;16:00;2331;141;0;132;51;71;0;48;1889;0;0;132;0;443
52;Pays de la Loire;2024-02-04;16:00;2815;155;0;51;78;5;0;58;2470;0;0;51;0;347
44;Grand Est;2024-02-04;16:00;4720;193;8888;2442;80;991;-207;152;-7818;0;0;2442;0;12539
53;Bretagne;2024-02-04;16:00;2489;245;0;170;31;9;0;55;1980;0;0;82;87;510
28;Normandie;2024-02-04;16:00;3044;285;7691;759;17;19;0;84;-5810;0;0;529;230;8855
11;Île-de-France;2024-02-04;16:00;8445;334;0;49;11;8;0;138;7906;0;0;49;0;540
24;Centre-Val de Loire;2024-02-04;16:00;2029;67;7232;209;76;4;0;61;-5620;0;0;209;0;7649
93;Provence-Alpes-Côte d'Azur;2024-02-04;16:00;4289;161;0;21;761;980;-50;123;2293;0;0;21;0;1996
84;Auvergne-Rhône-Alpes;2024-02-04;16:00;7259;137;10560;137;493;2307;-1432;128;-5070;0;0;137;0;12330
75;Nouvelle-Aquitaine;2024-02-04;16:00;5380;211;4738;18;594;272;0;191;-643;0;0;18;0;6024
76;Occitanie;2024-02-04;16:00;3992;47;1249;151;1097;456;-881;108;1765;0;0;151;0;2227
75;Nouvelle-Aquitaine;2024-02-04;16:30;5356;211;4757;20;471;275;0;191;-568;0;0;20;0;5925
27;Bourgogne-Franche-Comté;2024-02-04;16:30;2361;141;0;130;37;71;0;48;1935;0;0;130;0;427
52;Pays de la Loire;2024-02-04;16:30;2795;155;0;53;57;5;0;58;2467;0;0;53;0;328
24;Centre-Val de Loire;2024-02-04;16:30;1981;67;7248;213;55;4;0;60;-5666;0;0;213;0;7647
76;Occitanie;2024-02-04;16:30;3887;48;1248;159;830;465;-881;108;1911;0;0;159;0;1977
28;Normandie;2024-02-04;16:30;3013;285;7699;756;12;19;0;83;-5841;0;0;526;230;8854
93;Provence-Alpes-Côte d'Azur;2024-02-04;16:30;4146;161;0;24;536;1155;-50;122;2198;0;0;24;0;1948
53;Bretagne;2024-02-04;16:30;2489;244;0;145;24;7;0;55;2015;0;0;67;78;475
44;Grand Est;2024-02-04;16:30;4804;190;9338;2372;59;995;-1;153;-8303;0;0;2372;0;13106
32;Hauts-de-France;2024-02-04;16:30;5576;423;3491;4255;20;2;0;149;-2762;0;0;4255;0;8340
84;Auvergne-Rhône-Alpes;2024-02-04;16:30;7069;137;10536;125;342;2397;-1028;128;-5568;0;0;125;0;12637
11;Île-de-France;2024-02-04;16:30;8404;334;0;42;7;8;0;136;7876;0;0;42;0;527
27;Bourgogne-Franche-Comté;2024-02-04;17:00;2320;141;0;125;22;71;0;48;1911;0;0;125;0;407
93;Provence-Alpes-Côte d'Azur;2024-02-04;17:00;4186;161;0;25;312;1460;-50;124;2154;0;0;25;0;2032
28;Normandie;2024-02-04;17:00;3046;296;7750;760;7;19;0;83;-5868;0;0;529;230;8915
11;Île-de-France;2024-02-04;17:00;8400;333;0;48;5;8;0;138;7867;0;0;48;0;532
32;Hauts-de-France;2024-02-04;17:00;5540;435;3591;4172;12;2;0;150;-2828;0;0;4172;0;8362
52;Pays de la Loire;2024-02-04;17:00;2742;155;0;54;38;5;0;58;2433;0;0;52;2;310
76;Occitanie;2024-02-04;17:00;3822;47;1248;164;532;616;-880;109;1986;0;0;164;0;1836
75;Nouvelle-Aquitaine;2024-02-04;17:00;5254;211;4759;17;325;285;0;191;-534;0;0;17;0;5788
24;Centre-Val de Loire;2024-02-04;17:00;2044;67;7250;228;31;4;0;60;-5596;0;0;228;0;7640
44;Grand Est;2024-02-04;17:00;4837;191;9548;2237;34;997;-1;153;-8325;0;0;2237;0;13159
53;Bretagne;2024-02-04;17:00;2477;244;0;128;16;7;0;55;2027;0;0;56;73;450
84;Auvergne-Rhône-Alpes;2024-02-04;17:00;6956;138;10643;133;194;2621;-683;127;-6217;0;0;133;0;13173
28;Normandie;2024-02-04;17:30;3108;306;7707;748;3;19;0;84;-5758;0;0;518;230;8867
75;Nouvelle-Aquitaine;2024-02-04;17:30;5354;211;4758;18;163;417;0;193;-405;0;0;18;0;5760
52;Pays de la Loire;2024-02-04;17:30;2802;155;0;49;20;5;0;57;2515;0;0;47;2;286
32;Hauts-de-France;2024-02-04;17:30;5583;435;3476;4161;4;2;0;148;-2641;0;0;4161;0;8226
93;Provence-Alpes-Côte d'Azur;2024-02-04;17:30;4246;161;0;21;134;1656;0;124;2151;0;0;21;0;2096
27;Bourgogne-Franche-Comté;2024-02-04;17:30;2328;141;0;133;7;71;0;49;1927;0;0;133;0;401
53;Bretagne;2024-02-04;17:30;2496;243;0;114;9;57;-1;55;2019;0;0;51;63;477
84;Auvergne-Rhône-Alpes;2024-02-04;17:30;7060;138;10575;140;86;2512;-741;128;-5776;0;0;140;0;12838
76;Occitanie;2024-02-04;17:30;4057;46;1248;184;248;1019;-881;108;2085;0;0;184;0;1972
44;Grand Est;2024-02-04;17:30;4804;189;9398;2120;9;1100;-1;153;-8162;0;0;2120;0;12968
24;Centre-Val de Loire;2024-02-04;17:30;2022;67;7248;225;12;4;0;60;-5594;0;0;225;0;7616
11;Île-de-France;2024-02-04;17:30;8452;333;0;41;2;8;0;135;7934;0;0;41;0;519
52;Pays de la Loire;2024-02-04;18:00;2780;156;0;43;6;5;0;57;2513;0;0;41;2;267
11;Île-de-France;2024-02-04;18:00;8624;332;0;41;0;8;0;137;8104;0;0;41;0;518
27;Bourgogne-Franche-Comté;2024-02-04;18:00;2398;141;0;133;1;73;0;50;2000;0;0;133;0;398
75;Nouvelle-Aquitaine;2024-02-04;18:00;5422;211;4758;18;44;516;0;189;-313;0;0;18;0;5736
44;Grand Est;2024-02-04;18:00;5031;196;9501;2139;0;1559;0;152;-8515;0;0;2139;0;13547
24;Centre-Val de Loire;2024-02-04;18:00;2143;67;7248;223;2;4;0;59;-5461;0;0;223;0;7603
76;Occitanie;2024-02-04;18:00;4099;49;1248;226;56;1144;-878;106;2148;0;0;226;0;1951
93;Provence-Alpes-Côte d'Azur;2024-02-04;18:00;4536;161;0;19;21;1843;0;124;2367;0;0;19;0;2168
53;Bretagne;2024-02-04;18:00;2600;243;0;116;4;80;-1;55;2104;0;0;42;74;497
84;Auvergne-Rhône-Alpes;2024-02-04;18:00;7388;138;10639;148;18;3242;-717;127;-6208;0;0;148;0;13595
28;Normandie;2024-02-04;18:00;3187;305;7749;754;0;19;0;86;-5727;0;0;523;230;8913
32;Hauts-de-France;2024-02-04;18:00;5799;456;3536;4194;0;2;0;149;-2538;0;0;4194;0;8337
52;Pays de la Loire;2024-02-04;18:30;3105;155;0;36;0;5;0;58;2851;0;0;33;3;254
28;Normandie;2024-02-04;18:30;3388;305;7763;751;0;20;0;84;-5536;0;0;521;230;8923
75;Nouvelle-Aquitaine;2024-02-04;18:30;5807;211;4758;20;2;835;0;189;-208;0;0;20;0;6015
44;Grand Est;2024-02-04;18:30;5202;195;9411;2191;0;1482;0;153;-8225;0;0;2191;0;13432
24;Centre-Val de Loire;2024-02-04;18:30;2193;67;7235;217;0;4;0;59;-5390;0;0;217;0;7582
76;Occitanie;2024-02-04;18:30;4767;44;1248;281;4;1147;-880;107;2815;0;0;281;0;1951
93;Provence-Alpes-Côte d'Azur;2024-02-04;18:30;4884;161;0;21;0;1857;0;125;2720;0;0;21;0;2164
11;Île-de-France;2024-02-04;18:30;9068;332;0;44;0;8;0;131;8555;0;0;44;0;515
53;Bretagne;2024-02-04;18:30;2743;243;0;106;0;89;-1;55;2252;0;0;36;69;492
84;Auvergne-Rhône-Alpes;2024-02-04;18:30;7757;138;10593;171;0;3211;-705;127;-5778;0;0;171;0;13535
27;Bourgogne-Franche-Comté;2024-02-04;18:30;2598;140;0;130;0;124;0;48;2157;0;0;130;0;442
32;Hauts-de-France;2024-02-04;18:30;5900;435;3471;4296;0;2;0;150;-2448;0;0;4296;0;8354
75;Nouvelle-Aquitaine;2024-02-04;19:00;6208;211;4757;24;1;951;0;190;75;0;0;24;0;6134
27;Bourgogne-Franche-Comté;2024-02-04;19:00;2662;141;0;119;0;129;0;48;2226;0;0;119;0;437
44;Grand Est;2024-02-04;19:00;5377;194;9599;2201;0;1507;0;155;-8276;0;0;2201;0;13656
76;Occitanie;2024-02-04;19:00;4889;45;1248;319;3;1198;-146;89;2134;0;0;319;0;2756
93;Provence-Alpes-Côte d'Azur;2024-02-04;19:00;5168;161;0;23;0;1958;0;123;2903;0;0;23;0;2265
52;Pays de la Loire;2024-02-04;19:00;3179;155;0;33;0;5;0;58;2929;0;0;31;2;251
11;Île-de-France;2024-02-04;19:00;9394;332;0;44;0;8;0;133;8880;0;0;44;0;517
32;Hauts-de-France;2024-02-04;19:00;6187;456;3547;4377;0;2;0;150;-2340;0;0;4377;0;8532
84;Auvergne-Rhône-Alpes;2024-02-04;19:00;8261;138;10668;181;0;3673;-7;126;-6517;0;0;181;0;14779
24;Centre-Val de Loire;2024-02-04;19:00;2344;67;7242;176;0;4;0;59;-5204;0;0;176;0;7548
53;Bretagne;2024-02-04;19:00;2932;243;0;92;0;91;-1;55;2454;0;0;36;56;480
28;Normandie;2024-02-04;19:00;3488;305;7761;745;0;20;0;84;-5428;0;0;515;230;8915
52;Pays de la Loire;2024-02-04;19:30;3345;155;0;30;0;5;0;58;3097;0;0;29;0;248
11;Île-de-France;2024-02-04;19:30;9577;332;0;43;0;8;0;132;9062;0;0;43;0;515
53;Bretagne;2024-02-04;19:30;2991;241;0;82;0;85;-1;54;2529;0;0;29;54;461
28;Normandie;2024-02-04;19:30;3550;305;7763;765;0;20;0;83;-5384;0;0;535;230;8936
76;Occitanie;2024-02-04;19:30;5206;50;1248;325;2;1201;-53;77;2356;0;0;325;0;2850
32;Hauts-de-France;2024-02-04;19:30;6153;421;3581;4454;0;1;0;149;-2454;0;0;4454;0;8606
24;Centre-Val de Loire;2024-02-04;19:30;2358;67;7266;150;0;4;0;60;-5189;0;0;150;0;7547
27;Bourgogne-Franche-Comté;2024-02-04;19:30;2699;140;0;118;0;135;0;48;2257;0;0;118;0;441
84;Auvergne-Rhône-Alpes;2024-02-04;19:30;8458;138;10704;192;0;4399;-7;126;-7095;0;0;192;0;15552
75;Nouvelle-Aquitaine;2024-02-04;19:30;6309;212;4757;22;0;1040;0;187;91;0;0;22;0;6218
93;Provence-Alpes-Côte d'Azur;2024-02-04;19:30;5301;161;0;23;0;2022;0;123;2972;0;0;23;0;2329
44;Grand Est;2024-02-04;19:30;5471;196;9637;2209;0;1550;0;156;-8277;0;0;2209;0;13748
32;Hauts-de-France;2024-02-04;20:00;6121;450;3562;4563;0;1;0;150;-2607;0;0;4563;0;8726
53;Bretagne;2024-02-04;20:00;2930;238;0;74;0;75;-1;55;2489;0;0;23;51;441
75;Nouvelle-Aquitaine;2024-02-04;20:00;6284;212;4758;21;0;1047;0;186;61;0;0;21;0;6224
76;Occitanie;2024-02-04;20:00;4921;52;1248;347;2;1036;-53;77;2211;0;0;347;0;2709
52;Pays de la Loire;2024-02-04;20:00;3167;155;0;31;0;5;0;58;2919;0;0;32;0;249
93;Provence-Alpes-Côte d'Azur;2024-02-04;20:00;5266;161;0;23;0;2019;0;124;2939;0;0;23;0;2327
27;Bourgogne-Franche-Comté;2024-02-04;20:00;2654;140;0;121;0;126;0;48;2220;0;0;121;0;435
44;Grand Est;2024-02-04;20:00;5506;195;9637;2230;0;1552;-1;157;-8265;0;0;2230;0;13770
28;Normandie;2024-02-04;20:00;3480;305;7763;779;0;20;0;83;-5468;0;0;549;230;8950
84;Auvergne-Rhône-Alpes;2024-02-04;20:00;8514;138;10688;206;0;4132;-7;127;-6770;0;0;206;0;15284
24;Centre-Val de Loire;2024-02-04;20:00;2334;67;7282;162;0;4;0;60;-5241;0;0;162;0;7575
11;Île-de-France;2024-02-04;20:00;9547;330;0;43;0;8;0;130;9037;0;0;43;0;511
52;Pays de la Loire;2024-02-04;20:30;3164;155;0;28;0;5;0;57;2918;0;0;31;0;245
75;Nouvelle-Aquitaine;2024-02-04;20:30;6033;212;4758;23;0;782;0;186;74;0;0;23;0;5961
44;Grand Est;2024-02-04;20:30;5286;194;9556;2191;0;1556;0;158;-8369;0;0;2191;0;13655
24;Centre-Val de Loire;2024-02-04;20:30;2211;67;7292;196;0;4;0;61;-5409;0;0;196;0;7620
93;Provence-Alpes-Côte d'Azur;2024-02-04;20:30;5135;161;0;22;0;1910;0;125;2917;0;0;22;0;2218
32;Hauts-de-France;2024-02-04;20:30;6035;403;3568;4495;0;1;0;149;-2586;0;0;4495;0;8616
27;Bourgogne-Franche-Comté;2024-02-04;20:30;2603;140;0;138;0;82;0;48;2196;0;0;138;0;408
28;Normandie;2024-02-04;20:30;3396;305;7980;776;0;19;0;86;-5770;0;0;546;230;9166
76;Occitanie;2024-02-04;20:30;5157;52;1247;357;2;1646;-53;77;1828;0;0;357;0;3328
53;Bretagne;2024-02-04;20:30;2839;238;0;67;0;58;-1;55;2422;0;0;21;46;417
84;Auvergne-Rhône-Alpes;2024-02-04;20:30;8183;138;10691;212;0;4046;-7;127;-7023;0;0;212;0;15207
11;Île-de-France;2024-02-04;20:30;9325;330;0;40;0;8;0;131;8816;0;0;40;0;509
11;Île-de-France;2024-02-04;21:00;9060;331;0;47;0;8;0;131;8543;0;0;47;0;517
53;Bretagne;2024-02-04;21:00;2735;238;0;70;0;39;-1;55;2334;0;0;24;47;401
76;Occitanie;2024-02-04;21:00;4826;52;1247;346;1;828;-53;79;2326;0;0;346;0;2500
28;Normandie;2024-02-04;21:00;3350;305;7778;750;0;19;0;85;-5588;0;0;520;230;8937
52;Pays de la Loire;2024-02-04;21:00;3005;155;0;23;0;5;0;58;2764;0;0;25;0;241
75;Nouvelle-Aquitaine;2024-02-04;21:00;5968;212;4758;22;0;676;0;187;115;0;0;22;0;5855
32;Hauts-de-France;2024-02-04;21:00;5886;426;3574;4302;0;1;0;151;-2571;0;0;4302;0;8454
24;Centre-Val de Loire;2024-02-04;21:00;2193;67;7420;221;0;4;0;61;-5579;0;0;221;0;7773
93;Provence-Alpes-Côte d'Azur;2024-02-04;21:00;5016;161;0;21;0;1869;0;125;2841;0;0;21;0;2176
44;Grand Est;2024-02-04;21:00;5249;193;9550;2159;0;1559;0;158;-8369;0;0;2159;0;13619
84;Auvergne-Rhône-Alpes;2024-02-04;21:00;8123;138;10697;202;0;3541;-8;127;-6574;0;0;202;0;14697
27;Bourgogne-Franche-Comté;2024-02-04;21:00;2572;141;0;131;0;71;0;48;2181;0;0;131;0;391
76;Occitanie;2024-02-04;21:30;4870;52;1246;327;0;1243;-53;78;1976;0;0;327;0;2893
44;Grand Est;2024-02-04;21:30;5111;195;9448;2228;0;1506;-1;157;-8421;0;0;2228;0;13533
93;Provence-Alpes-Côte d'Azur;2024-02-04;21:30;4842;161;0;23;0;1801;0;124;2734;0;0;23;0;2109
32;Hauts-de-France;2024-02-04;21:30;5744;421;3563;4134;0;1;0;151;-2525;0;0;4134;0;8270
27;Bourgogne-Franche-Comté;2024-02-04;21:30;2631;140;0;117;0;70;0;47;2259;0;0;117;0;374
84;Auvergne-Rhône-Alpes;2024-02-04;21:30;7962;138;10687;193;0;3040;-8;127;-6216;0;0;193;0;14177
28;Normandie;2024-02-04;21:30;3413;305;7766;723;0;19;0;87;-5488;0;0;493;230;8900
75;Nouvelle-Aquitaine;2024-02-04;21:30;5791;212;4758;22;0;385;0;188;227;0;0;22;0;5565
11;Île-de-France;2024-02-04;21:30;8836;333;0;49;0;8;0;129;8318;0;0;49;0;519
24;Centre-Val de Loire;2024-02-04;21:30;2238;67;7496;220;0;4;0;61;-5610;0;0;220;0;7848
52;Pays de la Loire;2024-02-04;21:30;2947;155;0;19;0;5;0;58;2710;0;0;21;0;237
53;Bretagne;2024-02-04;21:30;2655;236;0;93;0;17;-1;55;2254;0;0;29;65;400
52;Pays de la Loire;2024-02-04;22:00;2781;155;0;22;0;5;0;57;2542;0;0;25;0;239
53;Bretagne;2024-02-04;22:00;2677;236;0;96;0;7;-1;55;2285;0;0;36;60;393
24;Centre-Val de Loire;2024-02-04;22:00;2262;67;7477;198;0;4;0;61;-5545;0;0;198;0;7807
75;Nouvelle-Aquitaine;2024-02-04;22:00;5693;212;4759;25;0;305;0;188;206;0;0;25;0;5489
44;Grand Est;2024-02-04;22:00;5193;194;9373;2176;0;1224;-1;152;-7923;0;0;2176;0;13118
27;Bourgogne-Franche-Comté;2024-02-04;22:00;2540;140;0;116;0;71;0;47;2167;0;0;116;0;374
84;Auvergne-Rhône-Alpes;2024-02-04;22:00;7796;138;10664;193;0;2764;-8;127;-6082;0;0;193;0;13878
76;Occitanie;2024-02-04;22:00;4553;52;1246;294;0;607;-53;79;2328;0;0;294;0;2225
32;Hauts-de-France;2024-02-04;22:00;5648;451;3540;3987;0;1;0;150;-2476;0;0;3987;0;8129
28;Normandie;2024-02-04;22:00;3349;305;7765;702;0;19;0;89;-5532;0;0;472;230;8880
93;Provence-Alpes-Côte d'Azur;2024-02-04;22:00;4774;161;0;22;0;1783;0;126;2683;0;0;22;0;2092
11;Île-de-France;2024-02-04;22:00;8563;333;0;48;0;8;0;131;8047;0;0;48;0;520
11;Île-de-France;2024-02-04;22:30;8498;333;0;46;0;8;0;131;7981;0;0;46;0;518
27;Bourgogne-Franche-Comté;2024-02-04;22:30;2504;141;0;116;0;72;0;49;2128;0;0;116;0;378
24;Centre-Val de Loire;2024-02-04;22:30;2230;67;7492;176;0;4;0;60;-5569;0;0;176;0;7799
32;Hauts-de-France;2024-02-04;22:30;5654;453;3540;3781;0;1;0;151;-2269;0;0;3781;0;7926
84;Auvergne-Rhône-Alpes;2024-02-04;22:30;7859;138;10668;192;0;2776;-172;129;-5872;0;0;192;0;13731
28;Normandie;2024-02-04;22:30;3489;305;7689;676;0;13;0;90;-5284;0;0;446;230;8773
75;Nouvelle-Aquitaine;2024-02-04;22:30;5673;212;4759;25;0;382;0;189;108;0;0;25;0;5567
76;Occitanie;2024-02-04;22:30;4546;52;1247;277;0;724;-53;79;2221;0;0;277;0;2326
93;Provence-Alpes-Côte d'Azur;2024-02-04;22:30;4794;161;0;21;0;1762;0;125;2725;0;0;21;0;2069
44;Grand Est;2024-02-04;22:30;4980;193;9382;2120;0;1185;-1;151;-8050;0;0;2120;0;13030
52;Pays de la Loire;2024-02-04;22:30;2883;155;0;22;0;5;0;57;2644;0;0;25;0;239
53;Bretagne;2024-02-04;22:30;2671;240;0;98;0;7;-1;56;2272;0;0;41;57;400
32;Hauts-de-France;2024-02-04;23:00;5436;421;3558;3651;0;1;0;152;-2346;0;0;3651;0;7783
11;Île-de-France;2024-02-04;23:00;8690;333;0;42;0;8;0;134;8175;0;0;42;0;517
84;Auvergne-Rhône-Alpes;2024-02-04;23:00;7978;138;10687;204;0;2840;-546;130;-5475;0;0;204;0;13453
75;Nouvelle-Aquitaine;2024-02-04;23:00;5956;212;4760;22;0;379;0;189;395;0;0;22;0;5562
44;Grand Est;2024-02-04;23:00;5118;195;9440;2064;0;1254;0;155;-7989;0;0;2064;0;13108
27;Bourgogne-Franche-Comté;2024-02-04;23:00;2504;141;0;124;0;72;0;48;2119;0;0;124;0;385
76;Occitanie;2024-02-04;23:00;4935;52;1247;286;0;818;-53;78;2507;0;0;286;0;2428
53;Bretagne;2024-02-04;23:00;2836;240;0;95;0;7;-1;54;2442;0;0;46;48;395
28;Normandie;2024-02-04;23:00;3570;305;7696;652;0;13;0;90;-5185;0;0;422;230;8756
93;Provence-Alpes-Côte d'Azur;2024-02-04;23:00;4833;161;0;20;0;1755;0;127;2770;0;0;20;0;2063
24;Centre-Val de Loire;2024-02-04;23:00;2162;67;7511;150;0;4;0;60;-5630;0;0;150;0;7792
52;Pays de la Loire;2024-02-04;23:00;3250;155;0;24;0;5;0;57;3009;0;0;27;0;241
32;Hauts-de-France;2024-02-04;23:30;5517;438;3534;3625;0;1;0;152;-2235;0;0;3625;0;7750
53;Bretagne;2024-02-04;23:30;2741;240;0;103;0;7;-1;53;2339;0;0;50;54;402
76;Occitanie;2024-02-04;23:30;4865;52;1247;292;0;822;-118;77;2492;0;0;292;0;2372
52;Pays de la Loire;2024-02-04;23:30;3162;155;0;26;0;5;0;56;2920;0;0;29;0;242
24;Centre-Val de Loire;2024-02-04;23:30;2176;67;7556;134;0;4;0;61;-5646;0;0;134;0;7822
44;Grand Est;2024-02-04;23:30;5117;195;9296;2048;0;1178;-1;157;-7757;0;0;2048;0;12873
28;Normandie;2024-02-04;23:30;3496;288;7541;648;0;13;0;89;-5082;0;0;418;230;8579
93;Provence-Alpes-Côte d'Azur;2024-02-04;23:30;5178;161;0;22;0;1632;-48;129;3282;0;0;22;0;1896
84;Auvergne-Rhône-Alpes;2024-02-04;23:30;8016;138;10579;211;0;2808;-634;129;-5216;0;0;211;0;13231
75;Nouvelle-Aquitaine;2024-02-04;23:30;5722;211;4759;20;0;284;0;189;260;0;0;20;0;5463
27;Bourgogne-Franche-Comté;2024-02-04;23:30;2390;141;0;122;0;71;0;48;2008;0;0;122;0;382
11;Île-de-France;2024-02-04;23:30;8520;333;0;33;0;8;0;136;8012;0;0;33;0;510
53;Bretagne;2024-03-12;00:00;3033;666;0;311;0;147;-1;55;1856;0;0;245;66;1178
11;Île-de-France;2024-03-12;00:00;8225;395;0;37;0;0;0;123;7672;0;0;37;0;555
76;Occitanie;2024-03-12;00:00;4862;46;2578;1040;0;2943;-17;105;-1832;0;0;1040;0;6695
32;Hauts-de-France;2024-03-12;00:00;5929;1447;4450;779;0;2;0;133;-880;0;0;779;0;6811
75;Nouvelle-Aquitaine;2024-03-12;00:00;5473;175;3267;466;0;1240;0;186;150;0;0;466;0;5334
24;Centre-Val de Loire;2024-03-12;00:00;2302;54;7790;380;0;43;0;51;-6016;0;0;380;0;8318
84;Auvergne-Rhône-Alpes;2024-03-12;00:00;8100;578;9518;233;0;4372;-2;123;-6722;0;0;233;0;14822
93;Provence-Alpes-Côte d'Azur;2024-03-12;00:00;5149;1541;0;42;0;1506;0;84;1976;0;0;42;0;3173
27;Bourgogne-Franche-Comté;2024-03-12;00:00;2344;128;0;328;0;166;0;49;1674;0;0;328;0;671
44;Grand Est;2024-03-12;00:00;4969;1593;7065;1191;0;906;-5;158;-5938;0;0;1191;0;10908
52;Pays de la Loire;2024-03-12;00:00;3357;564;0;357;0;5;0;54;2377;0;0;270;87;980
28;Normandie;2024-03-12;00:00;3563;288;7867;244;0;11;0;86;-4933;0;0;180;65;8496
75;Nouvelle-Aquitaine;2024-03-12;00:30;5451;175;3266;468;0;1285;0;185;64;0;0;468;0;5379
52;Pays de la Loire;2024-03-12;00:30;3366;564;0;395;0;5;0;54;2348;0;0;311;84;1018
32;Hauts-de-France;2024-03-12;00:30;5760;1443;4453;757;0;2;0;133;-1026;0;0;757;0;6788
84;Auvergne-Rhône-Alpes;2024-03-12;00:30;7847;566;9525;243;0;4284;-2;124;-6894;0;0;243;0;14740
76;Occitanie;2024-03-12;00:30;4803;46;2578;944;0;2948;-17;106;-1803;0;0;944;0;6605
93;Provence-Alpes-Côte d'Azur;2024-03-12;00:30;4922;1401;0;40;0;1585;0;85;1812;0;0;40;0;3111
11;Île-de-France;2024-03-12;00:30;8091;395;0;40;0;0;0;128;7527;0;0;40;0;563
27;Bourgogne-Franche-Comté;2024-03-12;00:30;2291;127;0;332;0;169;0;49;1612;0;0;332;0;677
53;Bretagne;2024-03-12;00:30;3024;543;0;350;0;180;-1;55;1897;0;0;261;89;1127
44;Grand Est;2024-03-12;00:30;5019;1341;7067;1261;0;926;-5;158;-5727;0;0;1261;0;10748
24;Centre-Val de Loire;2024-03-12;00:30;2275;54;7791;425;0;44;0;50;-6090;0;0;425;0;8364
28;Normandie;2024-03-12;00:30;3457;288;7869;248;0;11;0;87;-5046;0;0;182;66;8503
75;Nouvelle-Aquitaine;2024-03-12;01:00;5180;183;3266;474;0;1258;0;185;-178;0;0;474;0;5366
84;Auvergne-Rhône-Alpes;2024-03-12;01:00;7718;579;9524;239;0;4037;-2;123;-6782;0;0;239;0;14500
24;Centre-Val de Loire;2024-03-12;01:00;2168;54;7789;395;0;12;0;51;-6132;0;0;395;0;8301
32;Hauts-de-France;2024-03-12;01:00;5636;1274;4453;759;0;2;0;134;-985;0;0;759;0;6622
76;Occitanie;2024-03-12;01:00;4376;46;2579;910;0;2065;-17;107;-1314;0;0;910;0;5690
27;Bourgogne-Franche-Comté;2024-03-12;01:00;2229;128;0;337;0;162;0;49;1554;0;0;337;0;676
53;Bretagne;2024-03-12;01:00;2753;265;0;379;0;186;-1;54;1870;0;0;270;108;883
52;Pays de la Loire;2024-03-12;01:00;3156;564;0;399;0;5;0;54;2134;0;0;313;86;1022
93;Provence-Alpes-Côte d'Azur;2024-03-12;01:00;4782;1214;0;51;0;1545;0;85;1886;0;0;51;0;2895
44;Grand Est;2024-03-12;01:00;4895;841;7067;1183;0;919;-5;158;-5266;0;0;1183;0;10163
11;Île-de-France;2024-03-12;01:00;7629;395;0;40;0;0;0;125;7070;0;0;40;0;560
28;Normandie;2024-03-12;01:00;3274;287;7867;248;0;11;0;87;-5226;0;0;193;55;8500
75;Nouvelle-Aquitaine;2024-03-12;01:30;5335;183;3266;468;0;1229;0;187;4;0;0;468;0;5333
27;Bourgogne-Franche-Comté;2024-03-12;01:30;2273;127;0;339;0;70;0;50;1686;0;0;339;0;586
24;Centre-Val de Loire;2024-03-12;01:30;2215;54;7789;376;0;12;0;50;-6066;0;0;376;0;8281
76;Occitanie;2024-03-12;01:30;4365;46;2579;951;0;2204;-17;107;-1504;0;0;951;0;5870
44;Grand Est;2024-03-12;01:30;4825;757;7067;1123;0;924;-5;157;-5197;0;0;1123;0;10023
32;Hauts-de-France;2024-03-12;01:30;5614;1270;4454;719;0;2;0;134;-963;0;0;719;0;6579
52;Pays de la Loire;2024-03-12;01:30;3191;568;0;398;0;5;0;54;2167;0;0;313;84;1025
53;Bretagne;2024-03-12;01:30;2684;233;0;401;0;188;-1;55;1808;0;0;277;124;876
11;Île-de-France;2024-03-12;01:30;7351;395;0;40;0;0;0;124;6793;0;0;40;0;559
28;Normandie;2024-03-12;01:30;3334;287;7864;257;0;11;0;87;-5172;0;0;194;63;8506
93;Provence-Alpes-Côte d'Azur;2024-03-12;01:30;4785;1061;0;53;0;1540;0;84;2048;0;0;53;0;2738
84;Auvergne-Rhône-Alpes;2024-03-12;01:30;7664;574;9525;215;0;3816;-2;122;-6586;0;0;215;0;14250
27;Bourgogne-Franche-Comté;2024-03-12;02:00;2327;127;0;347;0;52;0;50;1751;0;0;347;0;576
11;Île-de-France;2024-03-12;02:00;7123;395;0;37;0;0;0;128;6565;0;0;37;0;560
76;Occitanie;2024-03-12;02:00;4339;46;2579;915;0;2196;-17;108;-1486;0;0;915;0;5827
84;Auvergne-Rhône-Alpes;2024-03-12;02:00;7663;573;9528;216;0;3826;-2;122;-6602;0;0;216;0;14263
75;Nouvelle-Aquitaine;2024-03-12;02:00;5271;183;3268;449;0;1163;0;184;21;0;0;449;0;5247
32;Hauts-de-France;2024-03-12;02:00;5480;1239;4454;636;0;2;0;133;-982;0;0;636;0;6464
24;Centre-Val de Loire;2024-03-12;02:00;2103;54;7792;378;0;12;0;49;-6182;0;0;378;0;8285
52;Pays de la Loire;2024-03-12;02:00;3231;568;0;377;0;5;0;53;2228;0;0;285;92;1003
93;Provence-Alpes-Côte d'Azur;2024-03-12;02:00;4739;1054;0;55;0;1538;0;80;2012;0;0;55;0;2727
53;Bretagne;2024-03-12;02:00;2754;232;0;414;0;189;-1;54;1866;0;0;304;110;888
28;Normandie;2024-03-12;02:00;3329;287;7787;263;0;11;0;86;-5104;0;0;181;82;8434
44;Grand Est;2024-03-12;02:00;4942;753;7068;1152;0;880;-5;158;-5063;0;0;1152;0;10006
84;Auvergne-Rhône-Alpes;2024-03-12;02:30;7792;399;9532;202;0;3882;-2;123;-6344;0;0;202;0;14136
24;Centre-Val de Loire;2024-03-12;02:30;2094;54;7794;380;0;11;0;49;-6195;0;0;380;0;8288
27;Bourgogne-Franche-Comté;2024-03-12;02:30;2354;128;0;325;0;56;0;49;1796;0;0;325;0;558
75;Nouvelle-Aquitaine;2024-03-12;02:30;5245;178;3271;441;0;1151;0;184;22;0;0;441;0;5225
52;Pays de la Loire;2024-03-12;02:30;3088;568;0;376;0;5;0;54;2085;0;0;277;99;1003
93;Provence-Alpes-Côte d'Azur;2024-03-12;02:30;4851;1064;0;51;0;1533;0;85;2119;0;0;51;0;2733
44;Grand Est;2024-03-12;02:30;4883;753;7065;1141;0;864;-6;157;-5092;0;0;1141;0;9974
28;Normandie;2024-03-12;02:30;3257;287;7790;247;0;11;0;86;-5164;0;0;164;83;8421
11;Île-de-France;2024-03-12;02:30;7035;395;0;40;0;0;0;129;6470;0;0;40;0;564
32;Hauts-de-France;2024-03-12;02:30;5464;1287;4454;606;0;2;0;133;-1018;0;0;606;0;6482
76;Occitanie;2024-03-12;02:30;4338;46;2579;886;0;2245;-17;107;-1507;0;0;886;0;5846
53;Bretagne;2024-03-12;02:30;2698;231;0;471;0;189;-1;52;1755;0;0;352;119;942
52;Pays de la Loire;2024-03-12;03:00;3017;567;0;373;0;5;0;54;2017;0;0;259;114;999
11;Île-de-France;2024-03-12;03:00;6855;396;0;35;0;0;0;125;6299;0;0;35;0;556
27;Bourgogne-Franche-Comté;2024-03-12;03:00;2269;127;0;298;0;56;0;49;1738;0;0;298;0;530
44;Grand Est;2024-03-12;03:00;4839;531;7068;1130;0;848;-263;158;-4631;0;0;1130;0;9472
32;Hauts-de-France;2024-03-12;03:00;5341;1253;4453;577;0;2;0;133;-1077;0;0;577;0;6418
84;Auvergne-Rhône-Alpes;2024-03-12;03:00;7618;349;9535;201;0;3618;-2;124;-6207;0;0;201;0;13825
53;Bretagne;2024-03-12;03:00;2573;232;0;487;0;189;-1;53;1614;0;0;369;118;960
93;Provence-Alpes-Côte d'Azur;2024-03-12;03:00;4682;1064;0;56;0;1531;0;86;1945;0;0;56;0;2737
76;Occitanie;2024-03-12;03:00;4278;46;2578;855;0;2002;-17;106;-1292;0;0;855;0;5570
28;Normandie;2024-03-12;03:00;3185;287;7799;225;0;11;0;84;-5221;0;0;165;60;8406
24;Centre-Val de Loire;2024-03-12;03:00;2046;54;7795;383;0;11;0;50;-6247;0;0;383;0;8293
75;Nouvelle-Aquitaine;2024-03-12;03:00;5072;175;3270;376;0;1146;0;184;-77;0;0;376;0;5151
53;Bretagne;2024-03-12;03:30;2511;232;0;472;0;188;-1;53;1567;0;0;371;101;944
11;Île-de-France;2024-03-12;03:30;6751;396;0;27;0;0;0;122;6206;0;0;27;0;545
76;Occitanie;2024-03-12;03:30;4168;46;2579;793;0;2054;-17;107;-1393;0;0;793;0;5562
93;Provence-Alpes-Côte d'Azur;2024-03-12;03:30;4568;1065;0;52;0;1537;0;85;1828;0;0;52;0;2739
32;Hauts-de-France;2024-03-12;03:30;5273;1329;4453;502;0;2;0;131;-1144;0;0;502;0;6417
28;Normandie;2024-03-12;03:30;3114;287;7856;226;0;10;0;83;-5349;0;0;158;68;8462
75;Nouvelle-Aquitaine;2024-03-12;03:30;4966;175;3272;301;0;1141;0;183;-108;0;0;301;0;5072
44;Grand Est;2024-03-12;03:30;4720;513;7070;1177;0;840;-346;156;-4690;0;0;1177;0;9410
52;Pays de la Loire;2024-03-12;03:30;2924;567;0;367;0;5;0;54;1931;0;0;251;116;993
84;Auvergne-Rhône-Alpes;2024-03-12;03:30;7579;349;9535;216;0;3686;-2;124;-6329;0;0;216;0;13908
27;Bourgogne-Franche-Comté;2024-03-12;03:30;2272;128;0;314;0;55;0;49;1726;0;0;314;0;546
24;Centre-Val de Loire;2024-03-12;03:30;2014;54;7798;376;0;11;0;51;-6276;0;0;376;0;8290
93;Provence-Alpes-Côte d'Azur;2024-03-12;04:00;4527;993;0;53;0;1477;0;84;1921;0;0;53;0;2607
52;Pays de la Loire;2024-03-12;04:00;2902;566;0;385;0;5;0;55;1892;0;0;267;118;1011
76;Occitanie;2024-03-12;04:00;4062;46;2580;808;0;2053;-17;104;-1512;0;0;808;0;5574
84;Auvergne-Rhône-Alpes;2024-03-12;04:00;7492;349;9537;202;0;3689;-2;121;-6403;0;0;202;0;13896
11;Île-de-France;2024-03-12;04:00;6669;395;0;27;0;0;0;118;6128;0;0;27;0;540
44;Grand Est;2024-03-12;04:00;4670;449;7069;1095;0;817;-638;157;-4279;0;0;1095;0;8949
53;Bretagne;2024-03-12;04:00;2471;232;0;478;0;187;-1;53;1522;0;0;374;104;949
28;Normandie;2024-03-12;04:00;3070;287;7866;256;0;10;0;84;-5434;0;0;166;90;8503
24;Centre-Val de Loire;2024-03-12;04:00;1961;54;7798;414;0;11;0;52;-6368;0;0;414;0;8329
27;Bourgogne-Franche-Comté;2024-03-12;04:00;2226;128;0;303;0;55;0;49;1693;0;0;303;0;535
75;Nouvelle-Aquitaine;2024-03-12;04:00;4840;175;3272;237;0;1141;0;183;-164;0;0;237;0;5008
32;Hauts-de-France;2024-03-12;04:00;5133;1300;4453;503;0;2;0;130;-1256;0;0;503;0;6388
75;Nouvelle-Aquitaine;2024-03-12;04:30;4796;178;3272;224;0;1105;0;186;-169;0;0;224;0;4965
28;Normandie;2024-03-12;04:30;3073;287;7868;272;0;10;0;85;-5449;0;0;167;105;8522
24;Centre-Val de Loire;2024-03-12;04:30;2011;54;7797;415;0;11;0;51;-6317;0;0;415;0;8328
53;Bretagne;2024-03-12;04:30;2455;230;0;472;0;185;-1;53;1516;0;0;359;113;939
11;Île-de-France;2024-03-12;04:30;6742;395;0;30;0;0;0;119;6198;0;0;30;0;544
76;Occitanie;2024-03-12;04:30;4026;46;2579;834;0;2028;-17;107;-1550;0;0;834;0;5577
52;Pays de la Loire;2024-03-12;04:30;2892;565;0;390;0;5;0;55;1877;0;0;279;111;1015
93;Provence-Alpes-Côte d'Azur;2024-03-12;04:30;4488;971;0;57;0;1423;0;80;1958;0;0;57;0;2531
27;Bourgogne-Franche-Comté;2024-03-12;04:30;2220;127;0;295;0;55;0;49;1694;0;0;295;0;526
44;Grand Est;2024-03-12;04:30;4509;441;7072;1010;0;812;-683;155;-4298;0;0;1010;0;8807
84;Auvergne-Rhône-Alpes;2024-03-12;04:30;7362;349;9538;208;0;3513;-2;121;-6366;0;0;208;0;13727
32;Hauts-de-France;2024-03-12;04:30;5151;1306;4453;503;0;2;0;130;-1243;0;0;503;0;6394
28;Normandie;2024-03-12;05:00;3039;287;7863;319;0;10;0;84;-5524;0;0;173;146;8563
52;Pays de la Loire;2024-03-12;05:00;2984;565;0;395;0;5;0;55;1964;0;0;275;120;1020
24;Centre-Val de Loire;2024-03-12;05:00;1999;54;7797;431;0;11;0;51;-6346;0;0;431;0;8344
11;Île-de-France;2024-03-12;05:00;6884;395;0;35;0;0;0;120;6334;0;0;35;0;550
84;Auvergne-Rhône-Alpes;2024-03-12;05:00;7398;349;9540;195;0;3522;-2;122;-6329;0;0;195;0;13726
75;Nouvelle-Aquitaine;2024-03-12;05:00;4879;176;3273;207;0;1109;0;181;-64;0;0;207;0;4946
53;Bretagne;2024-03-12;05:00;2472;229;0;465;0;160;-1;53;1565;0;0;353;112;906
76;Occitanie;2024-03-12;05:00;4086;46;2581;838;0;2073;-17;107;-1542;0;0;838;0;5628
32;Hauts-de-France;2024-03-12;05:00;5062;1392;4452;514;0;2;0;130;-1427;0;0;514;0;6490
27;Bourgogne-Franche-Comté;2024-03-12;05:00;2215;128;0;285;0;55;0;49;1698;0;0;285;0;517
93;Provence-Alpes-Côte d'Azur;2024-03-12;05:00;4469;903;0;56;0;1419;0;84;2008;0;0;56;0;2462
44;Grand Est;2024-03-12;05:00;4461;453;7076;982;0;814;-678;156;-4341;0;0;982;0;8803
28;Normandie;2024-03-12;05:30;3188;287;7863;359;0;10;0;85;-5416;0;0;185;174;8604
93;Provence-Alpes-Côte d'Azur;2024-03-12;05:30;4537;1200;0;51;0;1475;0;84;1728;0;0;51;0;2810
76;Occitanie;2024-03-12;05:30;4136;46;2582;804;0;2082;-17;108;-1470;0;0;804;0;5605
52;Pays de la Loire;2024-03-12;05:30;3033;565;0;412;0;5;0;54;1997;0;0;284;128;1036
44;Grand Est;2024-03-12;05:30;4702;514;7077;947;0;880;-673;155;-4197;0;0;947;0;8900
24;Centre-Val de Loire;2024-03-12;05:30;2075;54;7800;400;0;11;0;51;-6241;0;0;400;0;8316
11;Île-de-France;2024-03-12;05:30;7208;395;0;37;0;0;0;117;6659;0;0;37;0;549
84;Auvergne-Rhône-Alpes;2024-03-12;05:30;7673;521;9541;182;0;3595;-2;121;-6286;0;0;182;0;13958
75;Nouvelle-Aquitaine;2024-03-12;05:30;4969;178;3270;213;0;1008;0;182;114;0;0;213;0;4851
53;Bretagne;2024-03-12;05:30;2531;297;0;476;0;88;-1;53;1618;0;0;356;120;913
32;Hauts-de-France;2024-03-12;05:30;5293;1322;4450;539;0;2;0;131;-1151;0;0;539;0;6444
27;Bourgogne-Franche-Comté;2024-03-12;05:30;2307;129;0;270;0;55;0;49;1804;0;0;270;0;503
75;Nouvelle-Aquitaine;2024-03-12;06:00;5186;179;3271;218;0;1115;0;179;233;0;0;218;0;4962
52;Pays de la Loire;2024-03-12;06:00;3264;565;0;447;0;5;0;54;2194;0;0;308;139;1071
53;Bretagne;2024-03-12;06:00;2572;517;0;519;0;22;-2;52;1463;0;0;370;150;1108
24;Centre-Val de Loire;2024-03-12;06:00;2146;54;7801;350;0;11;0;51;-6121;0;0;350;0;8267
93;Provence-Alpes-Côte d'Azur;2024-03-12;06:00;4649;1285;0;52;0;1521;0;83;1709;0;0;52;0;2941
11;Île-de-France;2024-03-12;06:00;7470;397;0;39;0;0;0;117;6920;0;0;39;0;553
44;Grand Est;2024-03-12;06:00;4777;784;7077;909;0;885;-11;154;-5020;0;0;909;0;9798
32;Hauts-de-France;2024-03-12;06:00;5397;1387;4448;607;0;2;0;129;-1175;0;0;607;0;6573
76;Occitanie;2024-03-12;06:00;4418;46;2583;772;0;2118;-17;109;-1192;0;0;772;0;5611
84;Auvergne-Rhône-Alpes;2024-03-12;06:00;7690;573;9539;171;0;3812;-2;121;-6523;0;0;171;0;14214
27;Bourgogne-Franche-Comté;2024-03-12;06:00;2372;129;0;249;0;54;0;49;1893;0;0;249;0;481
28;Normandie;2024-03-12;06:00;3267;287;7861;365;0;10;0;84;-5340;0;0;187;178;8607
75;Nouvelle-Aquitaine;2024-03-12;06:30;5539;184;3270;225;0;1298;0;180;381;0;0;225;0;5157
84;Auvergne-Rhône-Alpes;2024-03-12;06:30;7994;561;9535;154;0;4386;-2;118;-6757;0;0;154;0;14752
24;Centre-Val de Loire;2024-03-12;06:30;2302;55;7801;343;0;18;0;51;-5965;0;0;343;0;8268
27;Bourgogne-Franche-Comté;2024-03-12;06:30;2500;128;0;223;0;55;0;49;2045;0;0;223;0;455
76;Occitanie;2024-03-12;06:30;4595;46;2584;760;0;2447;-17;109;-1334;0;0;760;0;5929
32;Hauts-de-France;2024-03-12;06:30;5744;1125;4447;722;0;2;0;128;-679;0;0;722;0;6424
44;Grand Est;2024-03-12;06:30;4993;1255;7076;780;0;899;-1;154;-5171;0;0;780;0;10163
11;Île-de-France;2024-03-12;06:30;7996;405;0;42;0;0;0;114;7436;0;0;42;0;561
93;Provence-Alpes-Côte d'Azur;2024-03-12;06:30;4823;1279;0;53;0;1582;0;82;1829;0;0;53;0;2996
52;Pays de la Loire;2024-03-12;06:30;3419;564;0;449;0;5;0;54;2347;0;0;327;122;1072
53;Bretagne;2024-03-12;06:30;2805;680;0;526;0;10;0;54;1535;0;0;381;145;1270
28;Normandie;2024-03-12;06:30;3462;287;7860;385;0;10;0;84;-5165;0;0;189;197;8626
52;Pays de la Loire;2024-03-12;07:00;3634;548;0;495;0;5;0;54;2533;0;0;343;152;1102
11;Île-de-France;2024-03-12;07:00;8354;405;0;44;0;0;0;116;7787;0;0;44;0;565
84;Auvergne-Rhône-Alpes;2024-03-12;07:00;8271;556;9534;155;0;5136;-2;119;-7227;0;0;155;0;15498
27;Bourgogne-Franche-Comté;2024-03-12;07:00;2555;128;0;198;0;61;0;49;2120;0;0;198;0;436
76;Occitanie;2024-03-12;07:00;4819;46;2584;743;0;3087;-17;110;-1735;0;0;743;0;6553
24;Centre-Val de Loire;2024-03-12;07:00;2465;55;7801;347;0;19;0;51;-5808;0;0;347;0;8273
93;Provence-Alpes-Côte d'Azur;2024-03-12;07:00;4983;1351;0;49;1;1605;0;82;1895;0;0;49;0;3088
28;Normandie;2024-03-12;07:00;3565;294;7859;366;0;10;0;83;-5047;0;0;203;163;8612
32;Hauts-de-France;2024-03-12;07:00;5781;1413;4445;811;0;2;0;126;-1017;0;0;811;0;6797
75;Nouvelle-Aquitaine;2024-03-12;07:00;5841;183;3269;251;0;1341;0;178;617;0;0;251;0;5222
44;Grand Est;2024-03-12;07:00;5293;1727;7075;703;0;908;-1;149;-5268;0;0;703;0;10561
53;Bretagne;2024-03-12;07:00;2973;686;0;517;0;23;-1;54;1694;0;0;383;134;1279
93;Provence-Alpes-Côte d'Azur;2024-03-12;07:30;5060;1330;0;55;35;1677;0;81;1881;0;0;55;0;3178
32;Hauts-de-France;2024-03-12;07:30;6133;1401;4443;932;1;2;0;129;-773;0;0;932;0;6908
28;Normandie;2024-03-12;07:30;3673;303;7858;379;0;10;0;84;-4961;0;0;240;138;8634
53;Bretagne;2024-03-12;07:30;3133;699;0;520;0;50;-1;54;1811;0;0;404;116;1322
76;Occitanie;2024-03-12;07:30;5070;45;2585;763;16;3273;-17;109;-1706;0;0;763;0;6774
11;Île-de-France;2024-03-12;07:30;8833;405;0;45;1;0;0;113;8270;0;0;45;0;564
84;Auvergne-Rhône-Alpes;2024-03-12;07:30;8525;575;9536;157;6;5777;-2;119;-7643;0;0;157;0;16168
27;Bourgogne-Franche-Comté;2024-03-12;07:30;2728;128;0;180;3;221;0;49;2147;0;0;180;0;581
75;Nouvelle-Aquitaine;2024-03-12;07:30;5978;184;3272;284;3;1538;0;179;520;0;0;284;0;5460
52;Pays de la Loire;2024-03-12;07:30;3795;477;0;609;0;5;0;55;2649;0;0;368;241;1146
44;Grand Est;2024-03-12;07:30;5233;1783;7075;644;5;1364;-1;151;-5788;0;0;644;0;11021
24;Centre-Val de Loire;2024-03-12;07:30;2548;54;7803;305;2;53;0;51;-5721;0;0;305;0;8268
53;Bretagne;2024-03-12;08:00;3148;701;0;522;2;62;-1;53;1809;0;0;399;123;1339
52;Pays de la Loire;2024-03-12;08:00;3765;534;0;652;12;5;0;54;2508;0;0;387;266;1257
44;Grand Est;2024-03-12;08:00;5347;1795;7074;611;31;1518;0;153;-5834;0;0;611;0;11182
84;Auvergne-Rhône-Alpes;2024-03-12;08:00;8727;578;9534;148;47;6023;-2;119;-7720;0;0;148;0;16447
28;Normandie;2024-03-12;08:00;3727;301;7860;385;2;10;0;85;-4917;0;0;245;140;8643
93;Provence-Alpes-Côte d'Azur;2024-03-12;08:00;5107;1353;0;58;169;1689;0;79;1760;0;0;58;0;3348
32;Hauts-de-France;2024-03-12;08:00;6401;1450;4441;940;8;2;0;129;-568;0;0;940;0;6970
24;Centre-Val de Loire;2024-03-12;08:00;2529;55;7802;281;22;59;0;53;-5743;0;0;281;0;8272
27;Bourgogne-Franche-Comté;2024-03-12;08:00;2796;127;0;192;16;233;0;49;2179;0;0;192;0;617
75;Nouvelle-Aquitaine;2024-03-12;08:00;6006;184;3270;290;91;1549;0;180;441;0;0;290;0;5564
76;Occitanie;2024-03-12;08:00;5083;42;2587;757;121;3265;-17;111;-1783;0;0;757;0;6866
11;Île-de-France;2024-03-12;08:00;9263;405;0;38;6;0;0;108;8707;0;0;38;0;557
75;Nouvelle-Aquitaine;2024-03-12;08:30;6018;184;3267;314;321;1554;0;181;199;0;0;314;0;5821
24;Centre-Val de Loire;2024-03-12;08:30;2577;55;7800;276;61;59;0;54;-5728;0;0;276;0;8305
52;Pays de la Loire;2024-03-12;08:30;3853;576;0;687;49;5;0;54;2482;0;0;381;306;1371
93;Provence-Alpes-Côte d'Azur;2024-03-12;08:30;5138;1387;0;55;403;1697;0;79;1518;0;0;55;0;3621
76;Occitanie;2024-03-12;08:30;5065;43;2587;747;340;2935;-17;112;-1682;0;0;747;0;6747
27;Bourgogne-Franche-Comté;2024-03-12;08:30;2887;127;0;174;32;267;0;49;2238;0;0;174;0;649
53;Bretagne;2024-03-12;08:30;3194;709;0;535;10;60;-1;54;1828;0;0;386;149;1367
44;Grand Est;2024-03-12;08:30;5662;1871;7072;583;67;1506;0;154;-5591;0;0;583;0;11253
84;Auvergne-Rhône-Alpes;2024-03-12;08:30;8901;582;9532;157;132;6160;-2;117;-7777;0;0;157;0;16678
28;Normandie;2024-03-12;08:30;3740;302;7855;464;7;10;0;86;-4984;0;0;246;217;8724
32;Hauts-de-France;2024-03-12;08:30;6310;1451;4439;1036;20;2;0;130;-768;0;0;1036;0;7078
11;Île-de-France;2024-03-12;08:30;9378;561;0;34;20;0;0;107;8656;0;0;34;0;722
24;Centre-Val de Loire;2024-03-12;09:00;2537;54;7800;250;113;59;0;53;-5792;0;0;250;0;8329
32;Hauts-de-France;2024-03-12;09:00;6345;1495;4438;1099;38;2;0;131;-856;0;0;1099;0;7203
76;Occitanie;2024-03-12;09:00;5079;46;2588;769;633;2485;-17;112;-1536;0;0;769;0;6616
84;Auvergne-Rhône-Alpes;2024-03-12;09:00;8954;581;9531;143;246;5950;-2;115;-7610;0;0;143;0;16564
52;Pays de la Loire;2024-03-12;09:00;3877;575;0;673;93;5;0;53;2478;0;0;358;315;1399
75;Nouvelle-Aquitaine;2024-03-12;09:00;6067;183;3244;280;659;1500;0;181;26;0;0;280;0;6047
28;Normandie;2024-03-12;09:00;3818;303;7856;524;12;11;0;86;-4974;0;0;258;266;8792
93;Provence-Alpes-Côte d'Azur;2024-03-12;09:00;5111;1381;0;50;659;1692;0;90;1240;0;0;50;0;3872
44;Grand Est;2024-03-12;09:00;5517;1884;7032;582;96;1398;0;148;-5623;0;0;582;0;11140
53;Bretagne;2024-03-12;09:00;3233;711;0;514;22;45;-1;54;1889;0;0;371;143;1345
27;Bourgogne-Franche-Comté;2024-03-12;09:00;2817;125;0;157;53;268;0;50;2165;0;0;157;0;653
11;Île-de-France;2024-03-12;09:00;9422;612;0;32;37;0;0;107;8637;0;0;32;0;788
76;Occitanie;2024-03-12;09:30;4917;47;2587;749;967;2601;-17;112;-2128;0;0;749;0;7046
84;Auvergne-Rhône-Alpes;2024-03-12;09:30;9089;579;9524;134;396;5505;-2;115;-7163;0;0;134;0;16251
28;Normandie;2024-03-12;09:30;3802;303;7858;572;16;11;0;86;-5044;0;0;297;276;8846
32;Hauts-de-France;2024-03-12;09:30;6341;1451;4436;1057;48;2;0;128;-781;0;0;1057;0;7122
93;Provence-Alpes-Côte d'Azur;2024-03-12;09:30;5129;1376;0;46;920;1710;0;87;991;0;0;46;0;4139
44;Grand Est;2024-03-12;09:30;5631;1882;7036;605;139;1469;0;149;-5648;0;0;605;0;11280
24;Centre-Val de Loire;2024-03-12;09:30;2542;52;7798;223;172;59;0;52;-5816;0;0;223;0;8356
75;Nouvelle-Aquitaine;2024-03-12;09:30;6104;180;3239;240;1007;1537;0;187;-287;0;0;240;0;6390
52;Pays de la Loire;2024-03-12;09:30;3855;575;0;634;124;5;0;54;2464;0;0;341;293;1392
53;Bretagne;2024-03-12;09:30;3204;711;0;495;36;22;-1;53;1888;0;0;355;140;1316
27;Bourgogne-Franche-Comté;2024-03-12;09:30;2838;122;0;159;84;271;0;52;2151;0;0;159;0;688
11;Île-de-France;2024-03-12;09:30;9457;612;0;25;55;0;0;108;8657;0;0;25;0;800
75;Nouvelle-Aquitaine;2024-03-12;10:00;6022;178;3237;237;1312;1483;0;189;-611;0;0;237;0;6636
28;Normandie;2024-03-12;10:00;3787;302;7860;627;20;11;0;86;-5118;0;0;348;279;8906
53;Bretagne;2024-03-12;10:00;3194;707;0;531;54;18;-1;53;1834;0;0;369;162;1362
76;Occitanie;2024-03-12;10:00;4892;45;2586;757;1313;2490;-17;112;-2395;0;0;757;0;7286
44;Grand Est;2024-03-12;10:00;5589;1875;7027;655;175;1386;0;154;-5679;0;0;655;0;11272
27;Bourgogne-Franche-Comté;2024-03-12;10:00;2817;121;0;167;119;210;0;51;2150;0;0;167;0;668
52;Pays de la Loire;2024-03-12;10:00;3850;559;0;591;157;5;0;54;2485;0;0;332;259;1366
24;Centre-Val de Loire;2024-03-12;10:00;2554;54;7793;212;234;59;0;51;-5848;0;0;212;0;8403
93;Provence-Alpes-Côte d'Azur;2024-03-12;10:00;5072;1341;0;50;1179;1703;0;88;711;0;0;50;0;4361
84;Auvergne-Rhône-Alpes;2024-03-12;10:00;9027;575;9522;131;529;4935;-2;116;-6779;0;0;131;0;15806
32;Hauts-de-France;2024-03-12;10:00;6343;1474;4439;1074;61;2;0;128;-829;0;0;1074;0;7178
11;Île-de-France;2024-03-12;10:00;9460;612;0;20;64;0;0;107;8662;0;0;20;0;803
27;Bourgogne-Franche-Comté;2024-03-12;10:30;2840;126;0;177;165;193;0;48;2132;0;0;177;0;709
84;Auvergne-Rhône-Alpes;2024-03-12;10:30;8997;570;9421;140;654;5018;-2;120;-6923;0;0;140;0;15921
28;Normandie;2024-03-12;10:30;3782;299;7862;658;23;11;0;87;-5158;0;0;379;279;8940
24;Centre-Val de Loire;2024-03-12;10:30;2530;54;7788;214;249;59;0;50;-5885;0;0;214;0;8414
53;Bretagne;2024-03-12;10:30;3136;697;0;553;75;18;-1;52;1742;0;0;367;186;1394
32;Hauts-de-France;2024-03-12;10:30;6311;1465;4440;1181;68;2;0;129;-975;0;0;1181;0;7285
75;Nouvelle-Aquitaine;2024-03-12;10:30;5953;177;3261;229;1465;1528;0;186;-894;0;0;229;0;6846
76;Occitanie;2024-03-12;10:30;4826;46;2584;747;1572;2477;-17;112;-2695;0;0;747;0;7521
93;Provence-Alpes-Côte d'Azur;2024-03-12;10:30;4982;1101;0;56;1290;1634;0;90;811;0;0;56;0;4171
52;Pays de la Loire;2024-03-12;10:30;3774;436;0;545;184;5;0;53;2551;0;0;324;221;1223
44;Grand Est;2024-03-12;10:30;5672;1884;7051;696;214;1436;0;154;-5762;0;0;696;0;11435
11;Île-de-France;2024-03-12;10:30;9476;610;0;21;53;0;0;105;8687;0;0;21;0;789
75;Nouvelle-Aquitaine;2024-03-12;11:00;5802;178;3260;256;1592;1470;0;187;-1136;0;0;256;0;6943
28;Normandie;2024-03-12;11:00;3776;299;7851;685;27;11;0;88;-5185;0;0;406;279;8961
53;Bretagne;2024-03-12;11:00;3108;698;0;582;105;15;-1;54;1654;0;0;354;228;1453
44;Grand Est;2024-03-12;11:00;5643;1754;7032;788;244;900;-1;154;-5227;0;0;788;0;10871
52;Pays de la Loire;2024-03-12;11:00;3778;427;0;595;203;5;0;53;2495;0;0;341;253;1283
24;Centre-Val de Loire;2024-03-12;11:00;2523;54;7780;247;266;58;0;50;-5934;0;0;247;0;8455
76;Occitanie;2024-03-12;11:00;4830;44;2582;732;1778;2265;-17;112;-2666;0;0;732;0;7496
32;Hauts-de-France;2024-03-12;11:00;6323;1465;4444;1360;80;2;0;128;-1155;0;0;1360;0;7479
11;Île-de-France;2024-03-12;11:00;9507;595;0;16;52;0;0;108;8738;0;0;16;0;771
93;Provence-Alpes-Côte d'Azur;2024-03-12;11:00;4929;1086;0;59;1490;1615;0;93;586;0;0;59;0;4343
84;Auvergne-Rhône-Alpes;2024-03-12;11:00;8940;571;9060;151;760;4794;-2;117;-6511;0;0;151;0;15451
27;Bourgogne-Franche-Comté;2024-03-12;11:00;2837;127;0;192;215;189;0;48;2068;0;0;192;0;771
75;Nouvelle-Aquitaine;2024-03-12;11:30;5701;178;3261;284;1687;1291;0;187;-1190;0;0;284;0;6888
28;Normandie;2024-03-12;11:30;3809;293;7816;731;34;11;0;86;-5162;0;0;452;279;8971
11;Île-de-France;2024-03-12;11:30;9531;612;0;18;54;0;0;105;8737;0;0;18;0;789
24;Centre-Val de Loire;2024-03-12;11:30;2534;54;7778;327;283;59;0;50;-6018;0;0;327;0;8551
52;Pays de la Loire;2024-03-12;11:30;3740;506;0;578;214;5;0;52;2386;0;0;339;239;1355
44;Grand Est;2024-03-12;11:30;5750;1787;7035;877;266;869;-1;154;-5239;0;0;877;0;10987
53;Bretagne;2024-03-12;11:30;3084;698;0;596;120;65;-1;54;1552;0;0;370;226;1532
76;Occitanie;2024-03-12;11:30;4765;48;2580;750;1932;2021;-17;113;-2662;0;0;750;0;7427
93;Provence-Alpes-Côte d'Azur;2024-03-12;11:30;5000;913;0;56;1627;1589;0;93;723;0;0;56;0;4278
84;Auvergne-Rhône-Alpes;2024-03-12;11:30;8927;574;8988;171;817;4426;-2;116;-6163;0;0;171;0;15090
27;Bourgogne-Franche-Comté;2024-03-12;11:30;2798;127;0;207;251;70;0;49;2094;0;0;207;0;704
32;Hauts-de-France;2024-03-12;11:30;6327;1343;4447;1553;91;2;0;129;-1244;0;0;1553;0;7565
28;Normandie;2024-03-12;12:00;3814;295;7778;744;38;11;0;84;-5136;0;0;465;279;8950
93;Provence-Alpes-Côte d'Azur;2024-03-12;12:00;4938;605;0;60;1701;1641;0;91;841;0;0;60;0;4098
11;Île-de-France;2024-03-12;12:00;9653;537;0;20;51;0;0;100;8943;0;0;20;0;708
44;Grand Est;2024-03-12;12:00;5759;1786;7030;921;273;865;-1;152;-5269;0;0;921;0;11026
32;Hauts-de-France;2024-03-12;12:00;6437;1283;4448;1784;91;2;0;125;-1300;0;0;1784;0;7733
76;Occitanie;2024-03-12;12:00;4737;48;2579;754;1970;2028;-17;112;-2738;0;0;754;0;7474
84;Auvergne-Rhône-Alpes;2024-03-12;12:00;8911;572;8987;174;900;4034;-2;119;-5874;0;0;174;0;14784
53;Bretagne;2024-03-12;12:00;3098;689;0;629;146;114;-1;53;1467;0;0;407;222;1630
75;Nouvelle-Aquitaine;2024-03-12;12:00;5683;177;3262;304;1772;1283;0;185;-1303;0;0;304;0;6983
52;Pays de la Loire;2024-03-12;12:00;3707;528;0;581;249;5;0;55;2289;0;0;351;229;1418
27;Bourgogne-Franche-Comté;2024-03-12;12:00;2819;128;0;226;247;66;0;49;2104;0;0;226;0;716
24;Centre-Val de Loire;2024-03-12;12:00;2488;54;7775;432;289;59;0;50;-6171;0;0;432;0;8659
28;Normandie;2024-03-12;12:30;3809;295;7774;801;42;11;0;86;-5199;0;0;522;279;9009
52;Pays de la Loire;2024-03-12;12:30;3674;488;0;593;293;5;0;57;2237;0;0;365;228;1436
27;Bourgogne-Franche-Comté;2024-03-12;12:30;2778;122;0;232;238;58;0;49;2080;0;0;232;0;699
76;Occitanie;2024-03-12;12:30;4829;48;2578;751;1961;2309;-17;110;-2913;0;0;751;0;7740
84;Auvergne-Rhône-Alpes;2024-03-12;12:30;8711;551;8982;179;864;3764;-221;119;-5527;0;0;179;0;14238
75;Nouvelle-Aquitaine;2024-03-12;12:30;5612;175;3261;292;1861;1262;0;187;-1425;0;0;292;0;7038
53;Bretagne;2024-03-12;12:30;3126;444;0;637;141;154;-1;54;1696;0;0;436;201;1429
44;Grand Est;2024-03-12;12:30;5617;1772;7024;1026;301;893;-1;155;-5554;0;0;1026;0;11170
32;Hauts-de-France;2024-03-12;12:30;6454;1194;4451;2086;91;2;0;127;-1498;0;0;2086;0;7951
24;Centre-Val de Loire;2024-03-12;12:30;2529;54;7772;500;279;52;0;50;-6178;0;0;500;0;8707
93;Provence-Alpes-Côte d'Azur;2024-03-12;12:30;4925;575;0;61;1727;1652;0;93;817;0;0;61;0;4108
11;Île-de-France;2024-03-12;12:30;9775;505;0;33;46;0;0;103;9089;0;0;33;0;687
28;Normandie;2024-03-12;13:00;3804;295;7778;836;41;11;0;91;-5249;0;0;557;279;9052
76;Occitanie;2024-03-12;13:00;4841;47;2579;759;1961;2581;-17;108;-3178;0;0;759;0;8018
32;Hauts-de-France;2024-03-12;13:00;6586;965;4452;2366;82;2;0;128;-1409;0;0;2366;0;7995
84;Auvergne-Rhône-Alpes;2024-03-12;13:00;8795;557;8980;185;809;3842;-240;121;-5458;0;0;185;0;14254
93;Provence-Alpes-Côte d'Azur;2024-03-12;13:00;4914;521;0;56;1737;1598;0;98;905;0;0;56;0;4010
11;Île-de-France;2024-03-12;13:00;9760;502;0;45;44;0;0;104;9066;0;0;45;0;695
24;Centre-Val de Loire;2024-03-12;13:00;2569;54;7770;554;272;52;0;50;-6182;0;0;554;0;8752
53;Bretagne;2024-03-12;13:00;3135;258;0;647;136;184;-1;54;1857;0;0;463;183;1278
75;Nouvelle-Aquitaine;2024-03-12;13:00;5739;172;3260;293;1862;1277;0;192;-1311;0;0;293;0;7056
44;Grand Est;2024-03-12;13:00;5886;1380;7021;1167;293;896;-1;156;-5026;0;0;1167;0;10912
27;Bourgogne-Franche-Comté;2024-03-12;13:00;2739;123;0;243;229;99;0;50;1995;0;0;243;0;744
52;Pays de la Loire;2024-03-12;13:00;3679;570;0;651;347;5;0;57;2047;0;0;415;237;1630
53;Bretagne;2024-03-12;13:30;2991;251;0;632;135;187;-1;54;1733;0;0;496;135;1258
24;Centre-Val de Loire;2024-03-12;13:30;2531;54;7765;597;247;21;0;49;-6202;0;0;597;0;8733
76;Occitanie;2024-03-12;13:30;4761;43;2577;771;1932;2151;-17;107;-2804;0;0;771;0;7564
32;Hauts-de-France;2024-03-12;13:30;6471;935;4453;2518;71;2;0;129;-1634;0;0;2518;0;8108
75;Nouvelle-Aquitaine;2024-03-12;13:30;5586;171;3257;349;1764;1164;0;186;-1307;0;0;349;0;6891
52;Pays de la Loire;2024-03-12;13:30;3588;571;0;667;365;5;0;55;1924;0;0;448;220;1663
44;Grand Est;2024-03-12;13:30;5651;1057;7027;1344;258;848;-1;157;-5036;0;0;1344;0;10690
93;Provence-Alpes-Côte d'Azur;2024-03-12;13:30;4819;530;0;56;1720;1582;0;97;833;0;0;56;0;3985
11;Île-de-France;2024-03-12;13:30;9703;501;0;50;36;0;0;105;9012;0;0;50;0;692
84;Auvergne-Rhône-Alpes;2024-03-12;13:30;8648;557;8978;171;758;3677;-245;119;-5368;0;0;171;0;14015
27;Bourgogne-Franche-Comté;2024-03-12;13:30;2675;123;0;259;204;56;0;50;1983;0;0;259;0;692
28;Normandie;2024-03-12;13:30;3707;295;7800;832;41;11;0;92;-5365;0;0;554;279;9071
11;Île-de-France;2024-03-12;14:00;9579;499;0;57;33;0;0;108;8883;0;0;57;0;697
27;Bourgogne-Franche-Comté;2024-03-12;14:00;2693;123;0;247;214;56;0;49;2004;0;0;247;0;689
52;Pays de la Loire;2024-03-12;14:00;3510;571;0;709;365;5;0;54;1806;0;0;479;230;1704
24;Centre-Val de Loire;2024-03-12;14:00;2478;54;7761;606;219;20;0;50;-6232;0;0;606;0;8710
93;Provence-Alpes-Côte d'Azur;2024-03-12;14:00;4751;530;0;65;1684;1562;0;96;814;0;0;65;0;3937
76;Occitanie;2024-03-12;14:00;4600;45;2575;795;1829;2129;-9;106;-2870;0;0;795;0;7470
53;Bretagne;2024-03-12;14:00;2959;253;0;697;141;189;-1;55;1627;0;0;489;208;1334
75;Nouvelle-Aquitaine;2024-03-12;14:00;5514;170;3252;382;1787;980;0;184;-1238;0;0;382;0;6755
44;Grand Est;2024-03-12;14:00;5639;522;7031;1435;266;825;-132;155;-4462;0;0;1435;0;10102
84;Auvergne-Rhône-Alpes;2024-03-12;14:00;8580;558;8943;164;753;3657;-379;121;-5238;0;0;164;0;13817
28;Normandie;2024-03-12;14:00;3648;295;7834;837;43;11;0;92;-5463;0;0;558;279;9112
32;Hauts-de-France;2024-03-12;14:00;6375;778;4453;2620;61;2;0;129;-1664;0;0;2620;0;8043
28;Normandie;2024-03-12;14:30;3626;295;7857;834;49;11;0;90;-5509;0;0;555;279;9136
52;Pays de la Loire;2024-03-12;14:30;3395;569;0;749;353;5;0;54;1665;0;0;503;246;1730
11;Île-de-France;2024-03-12;14:30;9536;499;0;58;30;0;0;108;8841;0;0;58;0;695
24;Centre-Val de Loire;2024-03-12;14:30;2419;54;7757;601;199;20;0;51;-6264;0;0;601;0;8682
27;Bourgogne-Franche-Comté;2024-03-12;14:30;2714;123;0;218;207;55;0;50;2061;0;0;218;0;653
76;Occitanie;2024-03-12;14:30;4466;47;2576;789;1815;2060;-2;107;-2928;0;0;789;0;7392
53;Bretagne;2024-03-12;14:30;2897;249;0;723;139;190;-1;54;1543;0;0;549;175;1354
75;Nouvelle-Aquitaine;2024-03-12;14:30;5437;162;3252;365;1557;862;0;181;-944;0;0;365;0;6379
93;Provence-Alpes-Côte d'Azur;2024-03-12;14:30;4773;532;0;69;1624;1538;0;97;913;0;0;69;0;3860
44;Grand Est;2024-03-12;14:30;5684;465;7025;1317;230;822;-174;151;-4155;0;0;1317;0;9836
84;Auvergne-Rhône-Alpes;2024-03-12;14:30;8546;559;8936;163;715;3504;-390;121;-5062;0;0;163;0;13608
32;Hauts-de-France;2024-03-12;14:30;6360;800;4453;2832;52;2;0;130;-1908;0;0;2832;0;8269
28;Normandie;2024-03-12;15:00;3546;295;7857;845;53;11;0;89;-5604;0;0;566;279;9150
27;Bourgogne-Franche-Comté;2024-03-12;15:00;2702;123;0;220;205;41;0;50;2064;0;0;220;0;639
24;Centre-Val de Loire;2024-03-12;15:00;2442;54;7754;621;177;20;0;51;-6236;0;0;621;0;8677
32;Hauts-de-France;2024-03-12;15:00;6367;900;4453;2996;44;2;0;130;-2161;0;0;2996;0;8525
44;Grand Est;2024-03-12;15:00;5616;511;7027;1222;192;830;-173;152;-4146;0;0;1222;0;9761
76;Occitanie;2024-03-12;15:00;4422;47;2576;770;1762;2100;0;111;-2944;0;0;770;0;7366
84;Auvergne-Rhône-Alpes;2024-03-12;15:00;8348;560;8957;178;645;3463;-362;121;-5212;0;0;178;0;13562
75;Nouvelle-Aquitaine;2024-03-12;15:00;5272;164;3252;370;1451;866;0;182;-1017;0;0;370;0;6285
93;Provence-Alpes-Côte d'Azur;2024-03-12;15:00;4708;538;0;73;1531;1489;0;100;977;0;0;73;0;3731
11;Île-de-France;2024-03-12;15:00;9361;501;0;60;25;0;0;111;8661;0;0;60;0;697
53;Bretagne;2024-03-12;15:00;2848;251;0;675;136;192;-1;54;1541;0;0;542;133;1307
52;Pays de la Loire;2024-03-12;15:00;3372;565;0;773;354;5;0;55;1620;0;0;508;265;1752
52;Pays de la Loire;2024-03-12;15:30;3334;569;0;782;335;5;0;55;1586;0;0;540;242;1746
24;Centre-Val de Loire;2024-03-12;15:30;2411;54;7753;553;159;20;0;53;-6181;0;0;553;0;8592
53;Bretagne;2024-03-12;15:30;2815;251;0;639;117;194;-1;53;1561;0;0;536;103;1253
76;Occitanie;2024-03-12;15:30;4395;47;2575;794;1666;2282;0;108;-3078;0;0;794;0;7472
84;Auvergne-Rhône-Alpes;2024-03-12;15:30;8330;558;8985;182;588;3291;-417;121;-4978;0;0;182;0;13308
75;Nouvelle-Aquitaine;2024-03-12;15:30;5290;168;3256;396;1402;828;0;184;-946;0;0;396;0;6234
93;Provence-Alpes-Côte d'Azur;2024-03-12;15:30;4698;534;0;73;1399;1494;0;101;1097;0;0;73;0;3601
11;Île-de-France;2024-03-12;15:30;9252;458;0;58;26;0;0;114;8597;0;0;58;0;656
32;Hauts-de-France;2024-03-12;15:30;6452;681;4452;3150;39;2;0;129;-2003;0;0;3150;0;8453
44;Grand Est;2024-03-12;15:30;5521;441;7021;1218;167;837;-173;158;-4150;0;0;1218;0;9669
27;Bourgogne-Franche-Comté;2024-03-12;15:30;2695;123;0;244;149;46;0;50;2083;0;0;244;0;612
28;Normandie;2024-03-12;15:30;3471;292;7862;842;49;11;0;89;-5673;0;0;563;279;9145
28;Normandie;2024-03-12;16:00;3409;290;7862;835;43;11;0;92;-5725;0;0;556;279;9133
93;Provence-Alpes-Côte d'Azur;2024-03-12;16:00;4632;523;0;74;1227;1511;0;102;1196;0;0;74;0;3437
52;Pays de la Loire;2024-03-12;16:00;3381;553;0;752;306;5;0;56;1708;0;0;564;188;1672
44;Grand Est;2024-03-12;16:00;5369;424;7030;1321;133;848;-185;159;-4362;0;0;1321;0;9730
24;Centre-Val de Loire;2024-03-12;16:00;2353;54;7750;417;154;18;0;52;-6093;0;0;417;0;8445
11;Île-de-France;2024-03-12;16:00;9196;394;0;51;26;0;0;117;8610;0;0;51;0;588
75;Nouvelle-Aquitaine;2024-03-12;16:00;5237;170;3257;403;1272;826;0;188;-879;0;0;403;0;6116
76;Occitanie;2024-03-12;16:00;4493;48;2573;789;1543;2242;-19;103;-2787;0;0;789;0;7279
32;Hauts-de-France;2024-03-12;16:00;6258;616;4452;3273;33;2;0;124;-2243;0;0;3273;0;8500
84;Auvergne-Rhône-Alpes;2024-03-12;16:00;8225;558;9198;173;545;3296;-392;123;-5276;0;0;173;0;13501
53;Bretagne;2024-03-12;16:00;2767;253;0;641;99;194;-1;52;1530;0;0;526;115;1238
27;Bourgogne-Franche-Comté;2024-03-12;16:00;2657;123;0;225;109;57;0;51;2093;0;0;225;0;565
75;Nouvelle-Aquitaine;2024-03-12;16:30;5017;170;3255;374;1062;858;0;188;-891;0;0;374;0;5907
28;Normandie;2024-03-12;16:30;3419;290;7861;814;37;10;0;90;-5683;0;0;538;275;9102
52;Pays de la Loire;2024-03-12;16:30;3254;378;0;726;264;5;0;56;1824;0;0;534;192;1429
84;Auvergne-Rhône-Alpes;2024-03-12;16:30;8238;551;9344;174;452;3150;-499;128;-5062;0;0;174;0;13300
27;Bourgogne-Franche-Comté;2024-03-12;16:30;2658;123;0;223;77;56;0;50;2130;0;0;223;0;529
32;Hauts-de-France;2024-03-12;16:30;6219;624;4452;3358;30;2;0;129;-2373;0;0;3358;0;8595
44;Grand Est;2024-03-12;16:30;5465;392;7016;1503;88;852;-687;158;-3856;0;0;1503;0;9322
53;Bretagne;2024-03-12;16:30;2692;324;0;647;76;192;-1;53;1400;0;0;499;148;1291
93;Provence-Alpes-Côte d'Azur;2024-03-12;16:30;4464;373;0;69;1015;1508;0;102;1397;0;0;69;0;3067
76;Occitanie;2024-03-12;16:30;4186;47;2571;758;1328;1979;-207;104;-2395;0;0;758;0;6580
11;Île-de-France;2024-03-12;16:30;9120;394;0;44;25;0;0;118;8540;0;0;44;0;581
24;Centre-Val de Loire;2024-03-12;16:30;2279;54;7750;409;146;20;0;50;-6150;0;0;409;0;8429
75;Nouvelle-Aquitaine;2024-03-12;17:00;4833;171;3254;395;899;864;0;185;-925;0;0;395;0;5768
93;Provence-Alpes-Côte d'Azur;2024-03-12;17:00;4480;351;0;70;764;1544;0;101;1650;0;0;70;0;2830
27;Bourgogne-Franche-Comté;2024-03-12;17:00;2620;123;0;218;55;55;0;51;2119;0;0;218;0;502
76;Occitanie;2024-03-12;17:00;4053;47;2570;717;1050;1965;-207;110;-2200;0;0;717;0;6252
28;Normandie;2024-03-12;17:00;3376;291;7859;818;26;4;0;90;-5711;0;0;541;277;9088
11;Île-de-France;2024-03-12;17:00;9130;390;0;43;24;0;0;120;8561;0;0;43;0;577
52;Pays de la Loire;2024-03-12;17:00;3151;350;0;756;207;5;0;56;1778;0;0;505;251;1374
44;Grand Est;2024-03-12;17:00;5519;604;6892;1649;60;862;-689;151;-4005;0;0;1649;0;9529
53;Bretagne;2024-03-12;17:00;2670;578;0;647;58;189;-1;54;1145;0;0;483;164;1525
84;Auvergne-Rhône-Alpes;2024-03-12;17:00;8124;543;9478;162;332;3296;-523;126;-5290;0;0;162;0;13414
24;Centre-Val de Loire;2024-03-12;17:00;2237;54;7746;444;125;20;0;51;-6203;0;0;444;0;8440
32;Hauts-de-France;2024-03-12;17:00;6269;620;4453;3397;21;2;0;127;-2342;0;0;3397;0;8620
84;Auvergne-Rhône-Alpes;2024-03-12;17:30;7978;549;9502;154;201;3378;-523;125;-5407;0;0;154;0;13386
28;Normandie;2024-03-12;17:30;3397;294;7858;795;19;9;0;88;-5666;0;0;512;283;9063
32;Hauts-de-France;2024-03-12;17:30;6343;600;4452;3426;17;2;0;128;-2274;0;0;3426;0;8625
53;Bretagne;2024-03-12;17:30;2752;694;0;611;40;156;-1;54;1198;0;0;466;145;1554
44;Grand Est;2024-03-12;17:30;5255;1159;6871;1769;33;850;-588;151;-4985;0;0;1769;0;10245
52;Pays de la Loire;2024-03-12;17:30;3204;337;0;771;145;5;0;56;1891;0;0;506;265;1314
75;Nouvelle-Aquitaine;2024-03-12;17:30;4865;172;3256;360;661;842;0;188;-612;0;0;360;0;5479
93;Provence-Alpes-Côte d'Azur;2024-03-12;17:30;4492;352;0;63;493;1556;0;102;1927;0;0;63;0;2566
24;Centre-Val de Loire;2024-03-12;17:30;2244;54;7744;445;97;20;0;52;-6168;0;0;445;0;8412
27;Bourgogne-Franche-Comté;2024-03-12;17:30;2583;122;0;234;35;61;0;51;2079;0;0;234;0;503
76;Occitanie;2024-03-12;17:30;4200;47;2570;676;729;1966;-215;109;-1682;0;0;676;0;5882
11;Île-de-France;2024-03-12;17:30;9206;390;0;48;19;0;0;120;8635;0;0;48;0;577
28;Normandie;2024-03-12;18:00;3414;295;7845;813;11;10;0;91;-5652;0;0;530;283;9065
44;Grand Est;2024-03-12;18:00;5553;1480;6889;1908;17;921;-1;150;-5810;0;0;1908;0;11364
24;Centre-Val de Loire;2024-03-12;18:00;2295;54;7741;471;67;20;0;54;-6113;0;0;471;0;8407
11;Île-de-France;2024-03-12;18:00;9400;394;0;49;12;0;0;119;8829;0;0;49;0;574
76;Occitanie;2024-03-12;18:00;4224;47;2570;599;394;2099;-217;109;-1376;0;0;599;0;5601
84;Auvergne-Rhône-Alpes;2024-03-12;18:00;7918;550;9505;134;97;3487;-246;126;-5734;0;0;134;0;13653
93;Provence-Alpes-Côte d'Azur;2024-03-12;18:00;4637;375;0;62;229;1558;0;100;2314;0;0;62;0;2324
75;Nouvelle-Aquitaine;2024-03-12;18:00;4864;173;3256;334;412;863;0;184;-364;0;0;334;0;5222
52;Pays de la Loire;2024-03-12;18:00;3150;382;0;742;94;5;0;57;1870;0;0;508;235;1280
53;Bretagne;2024-03-12;18:00;2823;698;0;543;26;81;-1;54;1423;0;0;427;117;1401
27;Bourgogne-Franche-Comté;2024-03-12;18:00;2642;124;0;265;17;63;0;52;2122;0;0;265;0;521
32;Hauts-de-France;2024-03-12;18:00;6335;715;4450;3501;8;2;0;128;-2467;0;0;3501;0;8804
11;Île-de-France;2024-03-12;18:30;9680;395;0;45;3;0;0;120;9114;0;0;45;0;563
24;Centre-Val de Loire;2024-03-12;18:30;2355;54;7741;473;30;20;0;55;-6017;0;0;473;0;8373
32;Hauts-de-France;2024-03-12;18:30;6451;903;4450;3656;2;2;0;128;-2694;0;0;3656;0;9141
84;Auvergne-Rhône-Alpes;2024-03-12;18:30;8269;561;9457;129;29;3704;-2;126;-5736;0;0;129;0;14004
52;Pays de la Loire;2024-03-12;18:30;3325;459;0;721;46;5;0;57;2037;0;0;461;260;1288
27;Bourgogne-Franche-Comté;2024-03-12;18:30;2745;125;0;320;6;67;0;51;2177;0;0;320;0;569
75;Nouvelle-Aquitaine;2024-03-12;18:30;4990;174;3256;351;195;1047;0;182;-215;0;0;351;0;5205
93;Provence-Alpes-Côte d'Azur;2024-03-12;18:30;4901;419;0;59;58;1548;0;101;2717;0;0;59;0;2185
44;Grand Est;2024-03-12;18:30;5550;1594;6873;1996;4;994;-1;151;-6063;0;0;1996;0;11611
53;Bretagne;2024-03-12;18:30;2876;679;0;511;14;21;-2;53;1600;0;0;379;133;1276
76;Occitanie;2024-03-12;18:30;4555;47;2569;527;140;2366;-136;110;-1066;0;0;527;0;5623
28;Normandie;2024-03-12;18:30;3524;295;7848;797;4;10;0;96;-5526;0;0;518;280;9050
93;Provence-Alpes-Côte d'Azur;2024-03-12;19:00;5260;522;0;57;1;1593;0;101;2985;0;0;57;0;2274
52;Pays de la Loire;2024-03-12;19:00;3500;566;0;614;12;5;0;58;2246;0;0;414;200;1255
76;Occitanie;2024-03-12;19:00;4920;47;2569;491;22;2748;-17;108;-1048;0;0;491;0;5968
28;Normandie;2024-03-12;19:00;3653;295;7850;778;0;10;0;97;-5378;0;0;511;268;9030
75;Nouvelle-Aquitaine;2024-03-12;19:00;5373;174;3258;319;43;1536;0;180;-127;0;0;319;0;5510
44;Grand Est;2024-03-12;19:00;5888;1774;6836;2145;0;1471;0;150;-6489;0;0;2145;0;12376
11;Île-de-France;2024-03-12;19:00;10160;397;0;41;0;0;0;118;9603;0;0;41;0;556
24;Centre-Val de Loire;2024-03-12;19:00;2417;54;7741;429;4;53;0;54;-5917;0;0;429;0;8335
84;Auvergne-Rhône-Alpes;2024-03-12;19:00;8689;563;9440;154;2;5109;-2;126;-6703;0;0;154;0;15392
53;Bretagne;2024-03-12;19:00;3009;679;0;526;5;15;-1;54;1730;0;0;337;189;1278
27;Bourgogne-Franche-Comté;2024-03-12;19:00;2822;125;0;353;0;248;0;51;2045;0;0;353;0;777
32;Hauts-de-France;2024-03-12;19:00;6582;1002;4447;3762;0;2;0;128;-2764;0;0;3762;0;9341
93;Provence-Alpes-Côte d'Azur;2024-03-12;19:30;5406;542;0;48;0;1695;0;102;3019;0;0;48;0;2387
76;Occitanie;2024-03-12;19:30;5298;47;2569;505;4;3313;-17;107;-1230;0;0;505;0;6528
75;Nouvelle-Aquitaine;2024-03-12;19:30;5605;175;3258;291;0;1591;0;183;105;0;0;291;0;5498
28;Normandie;2024-03-12;19:30;3776;295;7848;778;0;10;0;96;-5251;0;0;494;284;9027
44;Grand Est;2024-03-12;19:30;5879;1920;6942;2180;0;1494;0;151;-6811;0;0;2180;0;12687
24;Centre-Val de Loire;2024-03-12;19:30;2542;54;7740;483;0;59;0;53;-5847;0;0;483;0;8389
27;Bourgogne-Franche-Comté;2024-03-12;19:30;2865;125;0;393;0;287;0;51;2009;0;0;393;0;856
53;Bretagne;2024-03-12;19:30;3084;683;0;467;0;33;-1;55;1847;0;0;326;142;1237
32;Hauts-de-France;2024-03-12;19:30;6657;1380;4446;3664;0;2;0;129;-2971;0;0;3664;0;9621
11;Île-de-France;2024-03-12;19:30;9956;402;0;40;0;0;0;120;9390;0;0;40;0;562
84;Auvergne-Rhône-Alpes;2024-03-12;19:30;8784;569;9433;169;0;5610;-2;127;-7123;0;0;169;0;15906
52;Pays de la Loire;2024-03-12;19:30;3672;572;0;553;0;5;0;57;2485;0;0;394;159;1187
75;Nouvelle-Aquitaine;2024-03-12;20:00;5616;176;3259;276;0;1583;0;186;137;0;0;276;0;5480
52;Pays de la Loire;2024-03-12;20:00;3555;573;0;501;0;5;0;58;2419;0;0;355;146;1137
53;Bretagne;2024-03-12;20:00;3064;684;0;436;0;51;-1;54;1839;0;0;299;137;1224
28;Normandie;2024-03-12;20:00;3703;296;7853;766;0;10;0;96;-5318;0;0;480;286;9021
44;Grand Est;2024-03-12;20:00;5878;1926;7043;2259;0;1372;0;153;-6877;0;0;2259;0;12753
24;Centre-Val de Loire;2024-03-12;20:00;2473;54;7737;569;0;59;0;52;-5999;0;0;569;0;8471
11;Île-de-France;2024-03-12;20:00;9831;402;0;47;0;0;0;118;9263;0;0;47;0;567
84;Auvergne-Rhône-Alpes;2024-03-12;20:00;8730;569;9416;174;0;5266;-2;128;-6822;0;0;174;0;15551
93;Provence-Alpes-Côte d'Azur;2024-03-12;20:00;5376;536;0;45;0;1713;0;101;2982;0;0;45;0;2395
32;Hauts-de-France;2024-03-12;20:00;6749;1431;4443;3683;0;2;0;129;-2944;0;0;3683;0;9688
76;Occitanie;2024-03-12;20:00;5187;47;2571;474;3;3217;-17;107;-1215;0;0;474;0;6402
27;Bourgogne-Franche-Comté;2024-03-12;20:00;2829;125;0;432;0;278;0;50;1943;0;0;432;0;885
28;Normandie;2024-03-12;20:30;3579;296;7852;736;0;10;0;94;-5409;0;0;455;282;8988
27;Bourgogne-Franche-Comté;2024-03-12;20:30;2701;126;0;458;0;277;0;50;1791;0;0;458;0;911
11;Île-de-France;2024-03-12;20:30;9652;404;0;51;0;0;0;120;9080;0;0;51;0;575
93;Provence-Alpes-Côte d'Azur;2024-03-12;20:30;5196;540;0;41;0;1714;0;99;2803;0;0;41;0;2394
32;Hauts-de-France;2024-03-12;20:30;6423;1423;4441;3740;0;2;0;127;-3304;0;0;3740;0;9733
24;Centre-Val de Loire;2024-03-12;20:30;2392;54;7738;704;0;59;0;52;-6215;0;0;704;0;8607
53;Bretagne;2024-03-12;20:30;2935;667;0;419;0;53;-1;54;1743;0;0;273;146;1192
44;Grand Est;2024-03-12;20:30;5685;1931;7042;2285;0;1379;0;151;-7102;0;0;2285;0;12788
52;Pays de la Loire;2024-03-12;20:30;3403;565;0;478;0;5;0;58;2298;0;0;338;140;1106
75;Nouvelle-Aquitaine;2024-03-12;20:30;5529;176;3259;287;0;1511;0;190;106;0;0;287;0;5423
76;Occitanie;2024-03-12;20:30;5043;47;2571;432;3;3199;-17;105;-1297;0;0;432;0;6340
84;Auvergne-Rhône-Alpes;2024-03-12;20:30;8621;573;9493;183;0;5122;-2;131;-6879;0;0;183;0;15500
93;Provence-Alpes-Côte d'Azur;2024-03-12;21:00;5026;530;0;39;0;1638;0;98;2722;0;0;39;0;2305
27;Bourgogne-Franche-Comté;2024-03-12;21:00;2703;126;0;482;0;250;0;51;1796;0;0;482;0;909
24;Centre-Val de Loire;2024-03-12;21:00;2321;54;7738;785;0;59;0;51;-6368;0;0;785;0;8687
76;Occitanie;2024-03-12;21:00;4805;47;2572;394;2;3009;-17;106;-1309;0;0;394;0;6113
44;Grand Est;2024-03-12;21:00;5522;1919;7042;2361;0;965;-1;152;-6910;0;0;2361;0;12438
32;Hauts-de-France;2024-03-12;21:00;6254;1154;4439;3616;0;2;0;128;-3067;0;0;3616;0;9339
75;Nouvelle-Aquitaine;2024-03-12;21:00;5327;175;3260;283;0;1462;0;188;-35;0;0;283;0;5368
52;Pays de la Loire;2024-03-12;21:00;3237;560;0;446;0;5;0;57;2168;0;0;321;125;1068
11;Île-de-France;2024-03-12;21:00;9229;402;0;58;0;0;0;121;8658;0;0;58;0;581
53;Bretagne;2024-03-12;21:00;2824;666;0;407;0;40;-1;54;1657;0;0;256;151;1166
84;Auvergne-Rhône-Alpes;2024-03-12;21:00;8264;572;9516;195;0;4396;-2;129;-6543;0;0;195;0;14806
28;Normandie;2024-03-12;21:00;3505;296;7854;751;0;10;0;92;-5499;0;0;471;280;9003
93;Provence-Alpes-Côte d'Azur;2024-03-12;21:30;4931;432;0;41;0;1561;0;96;2802;0;0;41;0;2130
76;Occitanie;2024-03-12;21:30;4716;46;2572;348;2;2947;-17;105;-1288;0;0;348;0;6003
44;Grand Est;2024-03-12;21:30;5394;1741;7040;2472;0;971;-1;153;-6982;0;0;2472;0;12376
32;Hauts-de-France;2024-03-12;21:30;5909;1135;4439;3529;0;2;0;126;-3323;0;0;3529;0;9231
75;Nouvelle-Aquitaine;2024-03-12;21:30;5256;167;3261;241;0;1294;0;191;99;0;0;241;0;5154
28;Normandie;2024-03-12;21:30;3527;296;7858;762;0;10;0;93;-5492;0;0;489;273;9019
24;Centre-Val de Loire;2024-03-12;21:30;2323;54;7738;822;0;29;0;52;-6371;0;0;822;0;8695
52;Pays de la Loire;2024-03-12;21:30;3082;452;0;415;0;5;0;57;2153;0;0;305;110;929
53;Bretagne;2024-03-12;21:30;2733;683;0;382;0;20;-1;53;1597;0;0;253;129;1137
84;Auvergne-Rhône-Alpes;2024-03-12;21:30;8049;573;9521;196;0;4234;-2;131;-6605;0;0;196;0;14653
27;Bourgogne-Franche-Comté;2024-03-12;21:30;2609;124;0;476;0;75;0;51;1883;0;0;476;0;726
11;Île-de-France;2024-03-12;21:30;8912;402;0;57;0;0;0;118;8333;0;0;57;0;577
52;Pays de la Loire;2024-03-12;22:00;2996;399;0;386;0;5;0;56;2149;0;0;285;101;846
53;Bretagne;2024-03-12;22:00;2723;683;0;360;0;15;-1;53;1613;0;0;248;112;1110
27;Bourgogne-Franche-Comté;2024-03-12;22:00;2546;124;0;460;0;75;0;51;1836;0;0;460;0;710
44;Grand Est;2024-03-12;22:00;5429;1607;7028;2434;0;959;-1;154;-6751;0;0;2434;0;12181
93;Provence-Alpes-Côte d'Azur;2024-03-12;22:00;4807;399;0;38;0;1494;0;96;2781;0;0;38;0;2027
84;Auvergne-Rhône-Alpes;2024-03-12;22:00;7936;574;9521;191;0;3925;-2;128;-6402;0;0;191;0;14337
75;Nouvelle-Aquitaine;2024-03-12;22:00;5052;165;3263;248;0;1257;0;192;-68;0;0;248;0;5125
32;Hauts-de-France;2024-03-12;22:00;5855;1014;4439;3409;0;2;0;126;-3132;0;0;3409;0;8990
76;Occitanie;2024-03-12;22:00;4460;47;2574;295;2;2818;-17;106;-1365;0;0;295;0;5825
28;Normandie;2024-03-12;22:00;3429;296;7860;770;0;11;0;89;-5596;0;0;486;284;9026
24;Centre-Val de Loire;2024-03-12;22:00;2251;54;7738;784;0;28;0;51;-6404;0;0;784;0;8655
11;Île-de-France;2024-03-12;22:00;8519;403;0;75;0;0;0;115;7927;0;0;75;0;593
75;Nouvelle-Aquitaine;2024-03-12;22:30;5138;171;3265;231;0;1283;0;190;-8;0;0;231;0;5140
84;Auvergne-Rhône-Alpes;2024-03-12;22:30;7913;574;9524;184;0;3949;-2;129;-6445;0;0;184;0;14358
76;Occitanie;2024-03-12;22:30;4484;47;2572;280;2;2495;-17;107;-1001;0;0;280;0;5486
93;Provence-Alpes-Côte d'Azur;2024-03-12;22:30;4877;398;0;29;0;1503;0;86;2862;0;0;29;0;2016
52;Pays de la Loire;2024-03-12;22:30;3054;411;0;331;0;5;0;56;2250;0;0;227;104;803
44;Grand Est;2024-03-12;22:30;5396;1559;7026;2445;0;962;-4;154;-6750;0;0;2445;0;12142
28;Normandie;2024-03-12;22:30;3549;289;7863;735;0;11;0;90;-5438;0;0;451;284;8988
11;Île-de-France;2024-03-12;22:30;8363;404;0;84;0;0;0;116;7753;0;0;84;0;604
32;Hauts-de-France;2024-03-12;22:30;5735;1054;4441;3272;0;2;0;129;-3170;0;0;3272;0;8898
24;Centre-Val de Loire;2024-03-12;22:30;2224;54;7736;688;0;28;0;51;-6334;0;0;688;0;8557
27;Bourgogne-Franche-Comté;2024-03-12;22:30;2490;125;0;446;0;74;0;52;1794;0;0;446;0;697
53;Bretagne;2024-03-12;22:30;2725;681;0;345;0;8;-1;55;1636;0;0;244;101;1088
28;Normandie;2024-03-12;23:00;3590;288;7863;689;0;11;0;90;-5351;0;0;412;277;8941
53;Bretagne;2024-03-12;23:00;2878;682;0;305;0;8;-1;54;1831;0;0;248;57;1048
32;Hauts-de-France;2024-03-12;23:00;5624;1175;4443;3234;0;2;0;130;-3368;0;0;3234;0;8984
84;Auvergne-Rhône-Alpes;2024-03-12;23:00;8191;574;9529;180;0;4168;-2;127;-6385;0;0;180;0;14576
75;Nouvelle-Aquitaine;2024-03-12;23:00;5324;176;3266;223;0;1301;0;189;176;0;0;223;0;5155
93;Provence-Alpes-Côte d'Azur;2024-03-12;23:00;4851;409;0;30;0;1500;0;82;2830;0;0;30;0;2021
27;Bourgogne-Franche-Comté;2024-03-12;23:00;2503;126;0;456;0;108;0;51;1761;0;0;456;0;741
24;Centre-Val de Loire;2024-03-12;23:00;2220;54;7734;635;0;28;0;51;-6283;0;0;635;0;8502
76;Occitanie;2024-03-12;23:00;4726;47;2571;287;2;2725;-17;108;-995;0;0;287;0;5723
52;Pays de la Loire;2024-03-12;23:00;3350;421;0;312;0;5;0;56;2556;0;0;215;97;794
44;Grand Est;2024-03-12;23:00;5412;1581;7017;2476;0;955;-5;154;-6769;0;0;2476;0;12178
11;Île-de-France;2024-03-12;23:00;8495;404;0;72;0;0;0;119;7895;0;0;72;0;595
28;Normandie;2024-03-12;23:30;3447;288;7866;686;0;11;0;91;-5495;0;0;407;279;8942
53;Bretagne;2024-03-12;23:30;2733;679;0;321;0;38;-1;54;1643;0;0;274;47;1091
84;Auvergne-Rhône-Alpes;2024-03-12;23:30;8071;573;9530;184;0;4102;-2;128;-6445;0;0;184;0;14515
52;Pays de la Loire;2024-03-12;23:30;3229;423;0;298;0;5;0;56;2446;0;0;213;85;782
44;Grand Est;2024-03-12;23:30;5439;1653;6932;2411;0;923;-139;155;-6495;0;0;2411;0;11935
32;Hauts-de-France;2024-03-12;23:30;5683;1108;4446;3073;0;2;0;131;-3077;0;0;3073;0;8760
93;Provence-Alpes-Côte d'Azur;2024-03-12;23:30;5161;414;0;31;0;1515;0;83;3120;0;0;31;0;2043
24;Centre-Val de Loire;2024-03-12;23:30;2211;54;7737;610;0;21;0;52;-6263;0;0;610;0;8474
27;Bourgogne-Franche-Comté;2024-03-12;23:30;2407;126;0;481;0;55;0;51;1695;0;0;481;0;713
75;Nouvelle-Aquitaine;2024-03-12;23:30;5188;175;3266;190;0;1207;0;191;158;0;0;190;0;5029
76;Occitanie;2024-03-12;23:30;4565;47;2571;280;1;2480;-17;109;-906;0;0;280;0;5471
11;Île-de-France;2024-03-12;23:30;8366;404;0;62;0;0;0;120;7780;0;0;62;0;586
28;Normandie;2024-06-12;00:00;2595;202;4509;66;0;20;0;85;-2287;0;0;34;32;4882
76;Occitanie;2024-06-12;00:00;3634;1;2405;333;0;2321;-14;79;-1489;0;0;333;0;5125
32;Hauts-de-France;2024-06-12;00:00;4994;133;4449;299;0;1;0;129;-15;0;0;299;0;5011
11;Île-de-France;2024-06-12;00:00;6008;0;0;1;0;13;0;108;5889;0;0;1;0;122
53;Bretagne;2024-06-12;00:00;2294;3;0;213;0;1;-31;56;2053;0;0;140;72;242
93;Provence-Alpes-Côte d'Azur;2024-06-12;00:00;3816;19;0;49;0;2176;0;134;1439;0;0;49;0;2378
24;Centre-Val de Loire;2024-06-12;00:00;1918;0;10424;195;0;22;0;58;-8781;0;0;195;0;10699
27;Bourgogne-Franche-Comté;2024-06-12;00:00;1832;53;0;115;0;202;0;47;1415;0;0;115;0;417
75;Nouvelle-Aquitaine;2024-06-12;00:00;3827;15;3316;457;0;835;0;194;-981;0;0;457;0;4817
52;Pays de la Loire;2024-06-12;00:00;2622;0;0;615;0;4;0;45;1962;0;0;382;233;664
44;Grand Est;2024-06-12;00:00;4278;49;6415;242;0;1319;0;145;-3891;0;0;242;0;8170
84;Auvergne-Rhône-Alpes;2024-06-12;00:00;6192;9;8824;197;0;5308;-5;102;-8243;0;0;197;0;14435
11;Île-de-France;2024-06-12;00:30;5770;0;0;3;0;13;0;104;5653;0;0;3;0;120
27;Bourgogne-Franche-Comté;2024-06-12;00:30;1793;54;0;112;0;202;0;47;1379;0;0;112;0;415
75;Nouvelle-Aquitaine;2024-06-12;00:30;3730;15;3317;456;0;709;0;193;-971;0;0;456;0;4690
93;Provence-Alpes-Côte d'Azur;2024-06-12;00:30;3578;19;0;48;0;2112;0;134;1265;0;0;48;0;2313
52;Pays de la Loire;2024-06-12;00:30;2553;0;0;578;0;4;0;45;1930;0;0;366;213;627
24;Centre-Val de Loire;2024-06-12;00:30;1905;0;10373;224;0;23;0;57;-8773;0;0;224;0;10677
28;Normandie;2024-06-12;00:30;2558;188;4366;67;0;14;0;86;-2163;0;0;27;40;4721
76;Occitanie;2024-06-12;00:30;3454;1;2440;330;0;2254;-25;80;-1629;0;0;330;0;5080
44;Grand Est;2024-06-12;00:30;4224;51;6447;231;0;1347;0;138;-3989;0;0;231;0;8214
53;Bretagne;2024-06-12;00:30;2167;0;0;159;0;1;-43;56;1993;0;0;129;30;173
84;Auvergne-Rhône-Alpes;2024-06-12;00:30;5959;9;8788;201;0;5072;-5;101;-8208;0;0;201;0;14166
32;Hauts-de-France;2024-06-12;00:30;4907;133;4473;272;0;1;0;127;-99;0;0;272;0;5006
28;Normandie;2024-06-12;01:00;2362;186;4292;49;0;14;0;84;-2263;0;0;21;28;4625
44;Grand Est;2024-06-12;01:00;4006;51;6360;220;0;1341;0;138;-4104;0;0;220;0;8110
24;Centre-Val de Loire;2024-06-12;01:00;1738;0;10344;235;0;23;0;58;-8921;0;0;235;0;10660
27;Bourgogne-Franche-Comté;2024-06-12;01:00;1732;54;0;122;0;141;0;47;1369;0;0;122;0;364
76;Occitanie;2024-06-12;01:00;3237;1;1921;335;0;1569;-31;81;-638;0;0;335;0;3876
32;Hauts-de-France;2024-06-12;01:00;4677;87;4384;226;0;1;0;125;-145;0;0;226;0;4823
93;Provence-Alpes-Côte d'Azur;2024-06-12;01:00;3341;20;0;32;0;1919;0;130;1240;0;0;32;0;2101
84;Auvergne-Rhône-Alpes;2024-06-12;01:00;5748;9;8769;210;0;4570;-5;102;-7906;0;0;210;0;13655
75;Nouvelle-Aquitaine;2024-06-12;01:00;3477;15;3317;455;0;457;0;193;-958;0;0;455;0;4437
52;Pays de la Loire;2024-06-12;01:00;2344;0;0;523;0;4;0;45;1776;0;0;321;201;572
53;Bretagne;2024-06-12;01:00;1929;0;0;134;0;1;-47;56;1785;0;0;126;7;144
11;Île-de-France;2024-06-12;01:00;5346;0;0;5;0;13;0;103;5228;0;0;5;0;121
28;Normandie;2024-06-12;01:30;2390;186;4352;37;0;14;0;85;-2284;0;0;15;22;4674
11;Île-de-France;2024-06-12;01:30;5027;0;0;6;0;13;0;106;4905;0;0;6;0;125
44;Grand Est;2024-06-12;01:30;4018;51;6407;218;0;1371;0;136;-4165;0;0;218;0;8183
75;Nouvelle-Aquitaine;2024-06-12;01:30;3592;15;3319;448;0;311;0;195;-699;0;0;448;0;4288
27;Bourgogne-Franche-Comté;2024-06-12;01:30;1752;54;0;129;0;66;0;46;1457;0;0;129;0;295
93;Provence-Alpes-Côte d'Azur;2024-06-12;01:30;3356;20;0;22;0;1928;-47;132;1301;0;0;22;0;2055
32;Hauts-de-France;2024-06-12;01:30;4538;73;4423;190;0;1;0;126;-273;0;0;190;0;4813
76;Occitanie;2024-06-12;01:30;2944;1;1693;345;0;1435;-31;86;-585;0;0;345;0;3529
52;Pays de la Loire;2024-06-12;01:30;2278;0;0;456;0;4;0;45;1777;0;0;271;184;505
53;Bretagne;2024-06-12;01:30;1844;0;0;129;0;1;-50;56;1708;0;0;130;0;136
24;Centre-Val de Loire;2024-06-12;01:30;1753;0;10385;214;0;23;0;58;-8928;0;0;214;0;10680
84;Auvergne-Rhône-Alpes;2024-06-12;01:30;5691;9;8784;211;0;4370;-68;100;-7715;0;0;211;0;13406
44;Grand Est;2024-06-12;02:00;4016;51;6342;220;0;1343;0;136;-4075;0;0;220;0;8092
27;Bourgogne-Franche-Comté;2024-06-12;02:00;1777;54;0;142;0;65;0;46;1470;0;0;142;0;307
76;Occitanie;2024-06-12;02:00;3015;1;1657;352;0;1404;-31;84;-451;0;0;352;0;3467
93;Provence-Alpes-Côte d'Azur;2024-06-12;02:00;3276;20;0;25;0;1910;-50;131;1242;0;0;25;0;2036
53;Bretagne;2024-06-12;02:00;1901;0;0;135;0;1;-2;55;1712;0;0;131;4;189
28;Normandie;2024-06-12;02:00;2322;186;4318;26;0;14;0;85;-2306;0;0;12;14;4629
32;Hauts-de-France;2024-06-12;02:00;4400;73;4380;153;0;1;0;126;-332;0;0;153;0;4733
84;Auvergne-Rhône-Alpes;2024-06-12;02:00;5527;9;8753;218;0;4316;-408;101;-7462;0;0;218;0;12989
11;Île-de-France;2024-06-12;02:00;4756;0;0;8;0;13;0;109;4628;0;0;8;0;130
75;Nouvelle-Aquitaine;2024-06-12;02:00;3476;15;3315;399;0;300;0;197;-746;0;0;399;0;4226
52;Pays de la Loire;2024-06-12;02:00;2300;0;0;396;0;4;0;47;1858;0;0;229;167;447
24;Centre-Val de Loire;2024-06-12;02:00;1703;0;10363;185;0;23;0;58;-8925;0;0;185;0;10629
44;Grand Est;2024-06-12;02:30;3970;51;6369;239;0;1101;-1;136;-3926;0;0;239;0;7895
52;Pays de la Loire;2024-06-12;02:30;2173;0;0;348;0;3;0;51;1775;0;0;203;145;402
93;Provence-Alpes-Côte d'Azur;2024-06-12;02:30;3363;20;0;25;0;1911;-50;132;1325;0;0;25;0;2038
76;Occitanie;2024-06-12;02:30;3044;1;1666;336;0;1234;-31;84;-247;0;0;336;0;3290
75;Nouvelle-Aquitaine;2024-06-12;02:30;3480;15;3312;361;0;262;0;199;-670;0;0;361;0;4149
11;Île-de-France;2024-06-12;02:30;4702;0;0;10;0;13;0;112;4570;0;0;10;0;135
24;Centre-Val de Loire;2024-06-12;02:30;1675;0;10383;170;0;23;0;58;-8959;0;0;170;0;10634
53;Bretagne;2024-06-12;02:30;1819;0;0;146;0;1;0;54;1619;0;0;127;19;201
84;Auvergne-Rhône-Alpes;2024-06-12;02:30;5469;9;8767;225;0;4131;-589;101;-7175;0;0;225;0;12644
27;Bourgogne-Franche-Comté;2024-06-12;02:30;1785;54;0;137;0;65;0;45;1484;0;0;137;0;301
32;Hauts-de-France;2024-06-12;02:30;4327;74;4396;140;0;1;0;125;-408;0;0;140;0;4736
28;Normandie;2024-06-12;02:30;2267;186;4336;14;0;15;0;84;-2368;0;0;10;4;4635
53;Bretagne;2024-06-12;03:00;1724;0;0;165;0;33;-1;55;1472;0;0;135;30;252
84;Auvergne-Rhône-Alpes;2024-06-12;03:00;5462;9;8749;230;0;4126;-886;103;-6869;0;0;230;0;12331
32;Hauts-de-France;2024-06-12;03:00;4209;74;4370;122;0;1;0;126;-483;0;0;122;0;4693
75;Nouvelle-Aquitaine;2024-06-12;03:00;3297;15;3314;355;0;263;0;198;-846;0;0;355;0;4145
44;Grand Est;2024-06-12;03:00;3927;51;6325;261;0;1096;-268;142;-3680;0;0;261;0;7607
24;Centre-Val de Loire;2024-06-12;03:00;1611;0;10362;166;0;6;0;58;-8981;0;0;166;0;10592
76;Occitanie;2024-06-12;03:00;2868;1;1644;334;0;1000;-42;86;-155;0;0;334;0;3023
27;Bourgogne-Franche-Comté;2024-06-12;03:00;1696;54;0;149;0;65;0;46;1382;0;0;149;0;314
52;Pays de la Loire;2024-06-12;03:00;2062;0;0;330;0;2;0;52;1683;0;0;186;143;384
93;Provence-Alpes-Côte d'Azur;2024-06-12;03:00;3190;21;0;25;0;1884;-50;133;1178;0;0;25;0;2013
28;Normandie;2024-06-12;03:00;2211;186;4305;15;0;15;0;85;-2394;0;0;11;3;4606
11;Île-de-France;2024-06-12;03:00;4553;0;0;11;0;13;0;112;4420;0;0;11;0;136
93;Provence-Alpes-Côte d'Azur;2024-06-12;03:30;3093;21;0;23;0;1904;-50;133;1062;0;0;23;0;2031
52;Pays de la Loire;2024-06-12;03:30;2025;0;0;305;0;3;0;52;1670;0;0;171;134;360
24;Centre-Val de Loire;2024-06-12;03:30;1586;0;10391;154;0;5;0;59;-9023;0;0;154;0;10609
44;Grand Est;2024-06-12;03:30;3865;51;6121;269;0;1098;-348;142;-3469;0;0;269;0;7333
32;Hauts-de-France;2024-06-12;03:30;4180;74;4402;108;0;1;0;126;-530;0;0;108;0;4711
27;Bourgogne-Franche-Comté;2024-06-12;03:30;1719;54;0;149;0;63;0;47;1406;0;0;149;0;313
11;Île-de-France;2024-06-12;03:30;4481;0;0;13;0;13;0;112;4346;0;0;13;0;138
76;Occitanie;2024-06-12;03:30;2783;1;1669;338;0;1037;-49;86;-300;0;0;338;0;3082
53;Bretagne;2024-06-12;03:30;1682;0;0;178;0;87;-1;55;1363;0;0;132;46;319
28;Normandie;2024-06-12;03:30;2174;186;4305;14;0;15;0;84;-2430;0;0;12;2;4604
75;Nouvelle-Aquitaine;2024-06-12;03:30;3187;15;3319;348;0;262;0;198;-959;0;0;348;0;4142
84;Auvergne-Rhône-Alpes;2024-06-12;03:30;5441;9;8769;234;0;3930;-998;103;-6606;0;0;234;0;12047
53;Bretagne;2024-06-12;04:00;1650;0;0;185;0;113;-1;56;1297;0;0;123;63;353
76;Occitanie;2024-06-12;04:00;2821;1;1643;325;0;1038;-56;86;-215;0;0;325;0;3037
28;Normandie;2024-06-12;04:00;2179;186;4248;16;0;15;0;83;-2369;0;0;13;3;4548
27;Bourgogne-Franche-Comté;2024-06-12;04:00;1640;55;0;135;0;62;0;46;1342;0;0;135;0;298
44;Grand Est;2024-06-12;04:00;3649;51;5890;262;0;1097;-347;142;-3445;0;0;262;0;7095
52;Pays de la Loire;2024-06-12;04:00;1994;0;0;263;0;3;0;52;1681;0;0;153;109;318
11;Île-de-France;2024-06-12;04:00;4423;0;0;14;0;13;0;112;4286;0;0;14;0;139
24;Centre-Val de Loire;2024-06-12;04:00;1573;0;10368;145;0;5;0;58;-9004;0;0;145;0;10576
84;Auvergne-Rhône-Alpes;2024-06-12;04:00;5265;9;8743;231;0;3889;-1068;102;-6642;0;0;231;0;11906
75;Nouvelle-Aquitaine;2024-06-12;04:00;3161;15;3319;360;0;267;0;195;-990;0;0;360;0;4156
93;Provence-Alpes-Côte d'Azur;2024-06-12;04:00;3024;21;0;26;0;1892;-50;132;1004;0;0;26;0;2021
32;Hauts-de-France;2024-06-12;04:00;4095;74;4371;84;0;1;0;127;-562;0;0;84;0;4657
28;Normandie;2024-06-12;04:30;2132;186;4183;18;0;15;0;84;-2354;0;0;15;3;4486
76;Occitanie;2024-06-12;04:30;2718;1;1595;306;0;1039;-407;84;99;0;0;306;0;2618
93;Provence-Alpes-Côte d'Azur;2024-06-12;04:30;2967;21;0;27;0;1833;-50;131;1006;0;0;27;0;1962
52;Pays de la Loire;2024-06-12;04:30;1998;0;0;237;0;3;0;52;1712;0;0;142;94;292
27;Bourgogne-Franche-Comté;2024-06-12;04:30;1645;56;0;133;0;59;-66;45;1418;0;0;133;0;227
53;Bretagne;2024-06-12;04:30;1646;0;0;176;0;130;-1;56;1285;0;0;114;63;361
75;Nouvelle-Aquitaine;2024-06-12;04:30;3126;15;3320;353;0;265;0;195;-1023;0;0;353;0;4148
84;Auvergne-Rhône-Alpes;2024-06-12;04:30;5238;9;8726;244;0;3873;-1134;102;-6582;0;0;244;0;11820
44;Grand Est;2024-06-12;04:30;3664;51;6245;269;0;1096;-346;142;-3792;0;0;269;0;7457
24;Centre-Val de Loire;2024-06-12;04:30;1541;0;10337;135;0;5;0;60;-8997;0;0;135;0;10537
32;Hauts-de-France;2024-06-12;04:30;4099;74;4339;57;0;1;0;128;-498;0;0;57;0;4599
11;Île-de-France;2024-06-12;04:30;4446;0;0;13;0;13;0;110;4313;0;0;13;0;136
93;Provence-Alpes-Côte d'Azur;2024-06-12;05:00;2961;21;0;25;0;1832;-50;132;1001;0;0;25;0;1960
84;Auvergne-Rhône-Alpes;2024-06-12;05:00;5232;9;8731;248;0;3859;-1133;102;-6584;0;0;248;0;11816
11;Île-de-France;2024-06-12;05:00;4474;0;0;10;0;13;0;110;4344;0;0;10;0;133
24;Centre-Val de Loire;2024-06-12;05:00;1540;0;10353;121;0;5;0;59;-8999;0;0;121;0;10538
53;Bretagne;2024-06-12;05:00;1631;1;0;171;0;142;-1;55;1264;0;0;109;62;368
44;Grand Est;2024-06-12;05:00;3655;51;6275;276;0;1096;-345;142;-3840;0;0;276;0;7495
75;Nouvelle-Aquitaine;2024-06-12;05:00;3112;15;3320;295;0;267;0;196;-981;0;0;295;0;4093
52;Pays de la Loire;2024-06-12;05:00;2011;0;0;221;0;3;0;51;1740;0;0;134;87;275
28;Normandie;2024-06-12;05:00;2113;186;4203;21;0;15;0;84;-2397;0;0;17;4;4509
32;Hauts-de-France;2024-06-12;05:00;4138;73;4346;39;0;1;0;127;-449;0;0;39;0;4586
27;Bourgogne-Franche-Comté;2024-06-12;05:00;1624;56;0;131;0;59;-66;45;1398;0;0;131;0;225
76;Occitanie;2024-06-12;05:00;2688;1;1587;271;0;1041;-455;84;160;0;0;271;0;2529
28;Normandie;2024-06-12;05:30;2185;187;4294;22;0;15;0;84;-2416;0;0;19;3;4602
93;Provence-Alpes-Côte d'Azur;2024-06-12;05:30;3002;21;0;23;0;1845;-50;131;1033;0;0;23;0;1970
24;Centre-Val de Loire;2024-06-12;05:30;1598;0;10404;117;0;13;0;59;-8996;0;0;117;0;10593
32;Hauts-de-France;2024-06-12;05:30;4212;73;4399;32;0;1;0;128;-421;0;0;32;0;4633
11;Île-de-France;2024-06-12;05:30;4673;0;0;12;0;13;0;111;4540;0;0;12;0;136
27;Bourgogne-Franche-Comté;2024-06-12;05:30;1704;56;0;139;0;58;-66;46;1470;0;0;139;0;233
53;Bretagne;2024-06-12;05:30;1700;1;0;184;0;147;-1;55;1314;0;0;108;76;386
75;Nouvelle-Aquitaine;2024-06-12;05:30;3163;15;3321;243;0;263;0;188;-866;0;0;243;0;4030
52;Pays de la Loire;2024-06-12;05:30;2110;0;0;211;0;3;0;49;1850;0;0;132;80;263
84;Auvergne-Rhône-Alpes;2024-06-12;05:30;5406;9;8764;253;0;3886;-980;101;-6628;0;0;253;0;12033
76;Occitanie;2024-06-12;05:30;2663;1;1587;272;0;1056;-184;85;-152;0;0;272;0;2817
44;Grand Est;2024-06-12;05:30;3792;52;6384;279;0;1095;-343;142;-3816;0;0;279;0;7609
11;Île-de-France;2024-06-12;06:00;4789;0;0;13;0;13;0;110;4655;0;0;13;0;136
32;Hauts-de-France;2024-06-12;06:00;4213;74;4406;29;0;1;0;128;-426;0;0;29;0;4638
75;Nouvelle-Aquitaine;2024-06-12;06:00;3297;16;3323;228;1;265;0;189;-726;0;0;228;0;4022
44;Grand Est;2024-06-12;06:00;3787;50;6398;300;6;1095;-166;143;-4038;0;0;300;0;7826
27;Bourgogne-Franche-Comté;2024-06-12;06:00;1725;56;0;150;1;57;-65;44;1482;0;0;150;0;243
76;Occitanie;2024-06-12;06:00;2806;1;1587;285;0;1113;-37;83;-226;0;0;285;0;3032
93;Provence-Alpes-Côte d'Azur;2024-06-12;06:00;3023;21;0;24;0;1862;-50;132;1035;0;0;24;0;1989
53;Bretagne;2024-06-12;06:00;1765;1;0;171;0;148;-1;55;1392;0;0;105;65;374
52;Pays de la Loire;2024-06-12;06:00;2169;0;0;198;0;3;0;50;1922;0;0;128;70;251
84;Auvergne-Rhône-Alpes;2024-06-12;06:00;5530;9;8751;254;1;3909;-973;103;-6523;0;0;254;0;12054
24;Centre-Val de Loire;2024-06-12;06:00;1616;0;10411;140;0;14;0;59;-9009;0;0;140;0;10624
28;Normandie;2024-06-12;06:00;2220;187;4402;25;0;15;0;84;-2492;0;0;20;4;4713
28;Normandie;2024-06-12;06:30;2316;187;4408;27;2;15;0;83;-2407;0;0;22;6;4722
11;Île-de-France;2024-06-12;06:30;5234;0;0;16;4;13;0;112;5092;0;0;16;0;145
84;Auvergne-Rhône-Alpes;2024-06-12;06:30;5758;9;8609;250;20;3898;-815;103;-6316;0;0;250;0;12074
75;Nouvelle-Aquitaine;2024-06-12;06:30;3314;16;3325;199;9;466;0;192;-892;0;0;199;0;4207
76;Occitanie;2024-06-12;06:30;2837;1;1587;302;9;1504;-37;82;-610;0;0;302;0;3448
32;Hauts-de-France;2024-06-12;06:30;4430;74;4403;29;6;1;0;129;-211;0;0;29;0;4642
27;Bourgogne-Franche-Comté;2024-06-12;06:30;1849;56;0;144;12;60;0;45;1532;0;0;144;0;317
93;Provence-Alpes-Côte d'Azur;2024-06-12;06:30;3152;21;0;24;14;2003;0;133;958;0;0;24;0;2195
52;Pays de la Loire;2024-06-12;06:30;2306;0;0;209;4;3;0;50;2043;0;0;134;75;266
53;Bretagne;2024-06-12;06:30;1860;1;0;144;1;139;-1;56;1520;0;0;107;37;340
44;Grand Est;2024-06-12;06:30;3977;50;6396;316;33;1094;-1;142;-4054;0;0;316;0;8030
24;Centre-Val de Loire;2024-06-12;06:30;1717;0;10412;145;9;21;0;59;-8929;0;0;145;0;10646
52;Pays de la Loire;2024-06-12;07:00;2401;0;0;219;27;3;0;50;2106;0;0;141;78;299
53;Bretagne;2024-06-12;07:00;1966;1;0;136;9;123;-1;56;1642;0;0;105;32;324
84;Auvergne-Rhône-Alpes;2024-06-12;07:00;5926;9;8636;247;71;4088;-645;102;-6582;0;0;247;0;12508
76;Occitanie;2024-06-12;07:00;2973;1;2155;282;60;1789;-37;82;-1359;0;0;282;0;4332
44;Grand Est;2024-06-12;07:00;4126;51;6408;318;80;1232;0;142;-4105;0;0;318;0;8231
93;Provence-Alpes-Côte d'Azur;2024-06-12;07:00;3295;21;0;22;62;2005;0;130;1055;0;0;22;0;2240
28;Normandie;2024-06-12;07:00;2422;187;4414;25;9;16;0;85;-2314;0;0;23;2;4736
11;Île-de-France;2024-06-12;07:00;5635;0;0;16;11;13;0;112;5485;0;0;16;0;152
32;Hauts-de-France;2024-06-12;07:00;4613;74;4465;26;17;1;0;128;-98;0;0;26;0;4711
24;Centre-Val de Loire;2024-06-12;07:00;1786;0;10420;132;31;23;0;59;-8880;0;0;132;0;10665
75;Nouvelle-Aquitaine;2024-06-12;07:00;3534;15;3327;175;74;647;0;191;-895;0;0;175;0;4429
27;Bourgogne-Franche-Comté;2024-06-12;07:00;1975;56;0;131;34;62;0;44;1647;0;0;131;0;327
28;Normandie;2024-06-12;07:30;2512;187;4303;15;22;20;0;85;-2119;0;0;19;0;4632
53;Bretagne;2024-06-12;07:30;2110;2;0;134;25;95;-1;56;1798;0;0;89;46;311
76;Occitanie;2024-06-12;07:30;3323;1;2432;291;174;1813;-37;83;-1434;0;0;291;0;4757
93;Provence-Alpes-Côte d'Azur;2024-06-12;07:30;3413;22;0;24;160;2117;0;128;961;0;0;24;0;2451
84;Auvergne-Rhône-Alpes;2024-06-12;07:30;6149;9;8583;244;165;4148;-132;103;-6971;0;0;244;0;13120
32;Hauts-de-France;2024-06-12;07:30;4764;74;4466;23;34;1;0;127;39;0;0;23;0;4725
44;Grand Est;2024-06-12;07:30;4251;51;6383;278;166;1369;0;143;-4138;0;0;278;0;8390
75;Nouvelle-Aquitaine;2024-06-12;07:30;3706;15;3328;162;210;775;0;192;-974;0;0;162;0;4682
52;Pays de la Loire;2024-06-12;07:30;2606;0;0;209;68;3;0;50;2280;0;0;131;78;330
27;Bourgogne-Franche-Comté;2024-06-12;07:30;2112;55;0;121;76;62;0;44;1753;0;0;121;0;358
24;Centre-Val de Loire;2024-06-12;07:30;1855;0;10408;119;73;23;0;59;-8827;0;0;119;0;10682
11;Île-de-France;2024-06-12;07:30;6122;0;0;17;26;13;0;108;5960;0;0;17;0;164
84;Auvergne-Rhône-Alpes;2024-06-12;08:00;6411;9;8649;232;327;4298;-5;102;-7201;0;0;232;0;13612
24;Centre-Val de Loire;2024-06-12;08:00;1898;0;10406;79;148;23;0;59;-8818;0;0;79;0;10715
27;Bourgogne-Franche-Comté;2024-06-12;08:00;2141;55;0;85;146;65;0;44;1746;0;0;85;0;395
11;Île-de-France;2024-06-12;08:00;6404;0;0;12;50;13;0;111;6220;0;0;12;0;186
28;Normandie;2024-06-12;08:00;2571;187;4385;9;42;20;0;84;-2156;0;0;12;0;4727
52;Pays de la Loire;2024-06-12;08:00;2695;0;0;163;137;3;0;50;2344;0;0;94;69;353
53;Bretagne;2024-06-12;08:00;2161;5;0;114;55;63;-1;55;1870;0;0;67;46;291
44;Grand Est;2024-06-12;08:00;4511;51;6465;227;294;1369;0;142;-4037;0;0;227;0;8548
75;Nouvelle-Aquitaine;2024-06-12;08:00;3887;15;3329;136;432;685;0;194;-904;0;0;136;0;4791
76;Occitanie;2024-06-12;08:00;3339;1;2435;300;360;1722;-37;84;-1526;0;0;300;0;4865
93;Provence-Alpes-Côte d'Azur;2024-06-12;08:00;3533;33;0;23;332;2106;0;128;911;0;0;23;0;2622
32;Hauts-de-France;2024-06-12;08:00;4888;73;4547;19;59;1;0;126;63;0;0;19;0;4825
93;Provence-Alpes-Côte d'Azur;2024-06-12;08:30;3733;41;0;23;568;2083;0;127;892;0;0;23;0;2842
53;Bretagne;2024-06-12;08:30;2251;25;0;97;96;23;-1;55;1957;0;0;42;55;295
24;Centre-Val de Loire;2024-06-12;08:30;2004;0;10397;35;249;23;0;59;-8759;0;0;35;0;10763
44;Grand Est;2024-06-12;08:30;4500;51;6473;125;446;1368;0;140;-4101;0;0;125;0;8603
76;Occitanie;2024-06-12;08:30;3523;1;2441;324;624;1749;-37;87;-1665;0;0;324;0;5189
28;Normandie;2024-06-12;08:30;2675;187;4401;4;69;19;0;84;-2090;0;0;6;0;4764
84;Auvergne-Rhône-Alpes;2024-06-12;08:30;6658;9;8672;220;536;4650;-5;102;-7526;0;0;220;0;14184
52;Pays de la Loire;2024-06-12;08:30;2758;2;0;92;236;2;0;48;2379;0;0;45;47;380
75;Nouvelle-Aquitaine;2024-06-12;08:30;4007;15;3327;78;717;611;0;195;-937;0;0;78;0;4943
11;Île-de-France;2024-06-12;08:30;6727;0;0;4;78;13;0;112;6522;0;0;4;0;207
32;Hauts-de-France;2024-06-12;08:30;5016;73;4552;16;89;1;0;126;159;0;0;16;0;4857
27;Bourgogne-Franche-Comté;2024-06-12;08:30;2203;54;0;43;233;122;0;46;1706;0;0;43;0;498
53;Bretagne;2024-06-12;09:00;2305;25;0;95;146;2;-1;56;1982;0;0;22;73;323
27;Bourgogne-Franche-Comté;2024-06-12;09:00;2240;54;0;30;328;121;0;46;1662;0;0;30;0;579
75;Nouvelle-Aquitaine;2024-06-12;09:00;4130;15;3325;45;1073;590;0;193;-1111;0;0;45;0;5241
44;Grand Est;2024-06-12;09:00;4678;51;6451;71;602;1345;0;136;-3975;0;0;71;0;8656
84;Auvergne-Rhône-Alpes;2024-06-12;09:00;6833;9;8714;210;765;4758;-5;102;-7720;0;0;210;0;14553
93;Provence-Alpes-Côte d'Azur;2024-06-12;09:00;3814;149;0;25;822;2024;0;126;668;0;0;25;0;3146
24;Centre-Val de Loire;2024-06-12;09:00;2024;0;10370;17;365;23;0;59;-8811;0;0;17;0;10834
76;Occitanie;2024-06-12;09:00;3711;1;2427;323;907;1615;-37;87;-1610;0;0;323;0;5323
52;Pays de la Loire;2024-06-12;09:00;2848;2;0;45;354;2;0;47;2399;0;0;19;27;450
11;Île-de-France;2024-06-12;09:00;6851;0;0;0;110;13;0;109;6625;0;0;0;0;232
32;Hauts-de-France;2024-06-12;09:00;4973;72;4549;15;122;1;0;126;89;0;0;15;0;4885
28;Normandie;2024-06-12;09:00;2680;186;4387;0;102;17;0;86;-2096;0;0;5;0;4778
53;Bretagne;2024-06-12;09:30;2330;24;0;94;197;1;0;55;1959;0;0;23;71;371
24;Centre-Val de Loire;2024-06-12;09:30;2052;0;10403;14;485;23;0;58;-8931;0;0;14;0;10983
27;Bourgogne-Franche-Comté;2024-06-12;09:30;2197;54;0;29;421;62;0;46;1586;0;0;29;0;612
28;Normandie;2024-06-12;09:30;2732;185;4424;0;136;10;0;86;-2104;0;0;5;0;4841
84;Auvergne-Rhône-Alpes;2024-06-12;09:30;7000;9;8754;204;992;4534;-5;101;-7588;0;0;204;0;14589
76;Occitanie;2024-06-12;09:30;3707;1;2469;341;1197;1436;-37;85;-1785;0;0;341;0;5492
32;Hauts-de-France;2024-06-12;09:30;4990;72;4548;18;158;1;0;121;72;0;0;18;0;4918
11;Île-de-France;2024-06-12;09:30;6924;0;0;0;142;13;0;112;6658;0;0;0;0;267
44;Grand Est;2024-06-12;09:30;4724;50;6433;73;755;1288;0;135;-4012;0;0;73;0;8734
75;Nouvelle-Aquitaine;2024-06-12;09:30;4161;15;3324;33;1490;554;0;195;-1450;0;0;33;0;5611
93;Provence-Alpes-Côte d'Azur;2024-06-12;09:30;3966;202;0;27;1064;1998;0;125;551;0;0;27;0;3416
52;Pays de la Loire;2024-06-12;09:30;2870;2;0;23;481;2;0;47;2315;0;0;13;10;555
53;Bretagne;2024-06-12;10:00;2354;21;0;98;246;1;0;55;1933;0;0;35;62;421
24;Centre-Val de Loire;2024-06-12;10:00;2118;0;10334;11;595;23;0;58;-8902;0;0;11;0;11021
76;Occitanie;2024-06-12;10:00;3833;1;2407;339;1513;1372;-37;85;-1845;0;0;339;0;5680
93;Provence-Alpes-Côte d'Azur;2024-06-12;10:00;3994;300;0;31;1253;1986;0;127;297;0;0;31;0;3697
32;Hauts-de-France;2024-06-12;10:00;5066;72;4545;23;200;1;0;123;101;0;0;23;0;4964
84;Auvergne-Rhône-Alpes;2024-06-12;10:00;7105;9;8689;208;1220;4039;-116;101;-7045;0;0;208;0;14150
28;Normandie;2024-06-12;10:00;2734;184;4375;0;150;9;0;85;-2065;0;0;7;0;4803
52;Pays de la Loire;2024-06-12;10:00;2868;2;0;15;598;2;0;47;2205;0;0;13;2;664
75;Nouvelle-Aquitaine;2024-06-12;10:00;4142;15;3323;31;1905;447;0;197;-1776;0;0;31;0;5918
11;Île-de-France;2024-06-12;10:00;6892;0;0;0;168;13;0;107;6609;0;0;0;0;288
44;Grand Est;2024-06-12;10:00;4822;50;6291;76;892;1102;-1;136;-3723;0;0;76;0;8546
27;Bourgogne-Franche-Comté;2024-06-12;10:00;2206;55;0;28;499;56;0;45;1523;0;0;28;0;683
24;Centre-Val de Loire;2024-06-12;10:30;2086;0;10354;9;675;6;0;56;-9015;0;0;9;0;11100
75;Nouvelle-Aquitaine;2024-06-12;10:30;4198;15;3320;37;2266;361;0;195;-1996;0;0;37;0;6194
53;Bretagne;2024-06-12;10:30;2368;21;0;100;286;1;-1;53;1908;0;0;46;54;460
32;Hauts-de-France;2024-06-12;10:30;4983;72;4542;32;225;1;0;121;-10;0;0;32;0;4993
28;Normandie;2024-06-12;10:30;2707;185;4411;0;152;12;0;85;-2135;0;0;8;0;4845
84;Auvergne-Rhône-Alpes;2024-06-12;10:30;7079;9;8655;212;1412;3913;-585;101;-6637;0;0;212;0;13717
11;Île-de-France;2024-06-12;10:30;6968;0;0;0;177;13;0;110;6669;0;0;0;0;300
76;Occitanie;2024-06-12;10:30;3931;1;1917;366;1794;983;-37;85;-1178;0;0;366;0;5109
52;Pays de la Loire;2024-06-12;10:30;2909;2;0;18;692;2;0;46;2148;0;0;21;0;760
93;Provence-Alpes-Côte d'Azur;2024-06-12;10:30;4064;405;0;33;1423;1940;0;127;136;0;0;33;0;3928
44;Grand Est;2024-06-12;10:30;4734;51;6337;69;961;1098;-266;135;-3652;0;0;69;0;8385
27;Bourgogne-Franche-Comté;2024-06-12;10:30;2226;55;0;31;572;55;0;45;1469;0;0;31;0;758
93;Provence-Alpes-Côte d'Azur;2024-06-12;11:00;4138;425;0;34;1556;1886;0;128;110;0;0;34;0;4029
11;Île-de-France;2024-06-12;11:00;6975;0;0;0;173;13;0;109;6684;0;0;0;0;295
76;Occitanie;2024-06-12;11:00;3966;6;1656;402;2110;998;-139;87;-1153;0;0;402;0;5120
44;Grand Est;2024-06-12;11:00;4753;50;6335;54;1005;1093;-347;135;-3571;0;0;54;0;8325
27;Bourgogne-Franche-Comté;2024-06-12;11:00;2271;55;0;38;627;55;0;44;1451;0;0;38;0;819
52;Pays de la Loire;2024-06-12;11:00;2912;1;0;23;761;3;0;47;2077;0;0;26;0;835
53;Bretagne;2024-06-12;11:00;2364;21;0;93;299;1;-1;54;1896;0;0;56;38;467
32;Hauts-de-France;2024-06-12;11:00;5091;72;4470;38;247;1;0;121;142;0;0;38;0;4949
24;Centre-Val de Loire;2024-06-12;11:00;2120;0;10348;7;689;5;0;58;-8988;0;0;7;0;11107
84;Auvergne-Rhône-Alpes;2024-06-12;11:00;7048;9;8606;233;1553;3879;-611;103;-6724;0;0;233;0;13772
75;Nouvelle-Aquitaine;2024-06-12;11:00;4251;15;3321;41;2595;321;0;198;-2239;0;0;41;0;6491
28;Normandie;2024-06-12;11:00;2742;185;4410;0;143;15;0;85;-2095;0;0;9;0;4838
28;Normandie;2024-06-12;11:30;2742;185;4420;0;134;15;0;85;-2098;0;0;10;0;4839
93;Provence-Alpes-Côte d'Azur;2024-06-12;11:30;4159;428;0;36;1664;1869;0;128;34;0;0;36;0;4125
44;Grand Est;2024-06-12;11:30;4896;50;5821;52;1056;1102;-345;135;-2977;0;0;52;0;7871
76;Occitanie;2024-06-12;11:30;3944;1;1666;452;2318;1019;-288;82;-1306;0;0;452;0;5250
75;Nouvelle-Aquitaine;2024-06-12;11:30;4326;15;3321;38;2793;245;0;197;-2281;0;0;38;0;6609
27;Bourgogne-Franche-Comté;2024-06-12;11:30;2286;55;0;48;669;54;0;46;1415;0;0;48;0;872
53;Bretagne;2024-06-12;11:30;2398;20;0;97;316;1;-1;55;1908;0;0;58;39;488
11;Île-de-France;2024-06-12;11:30;7024;0;0;1;173;13;0;109;6728;0;0;1;0;296
32;Hauts-de-France;2024-06-12;11:30;5120;72;4452;29;218;1;0;121;227;0;0;29;0;4893
52;Pays de la Loire;2024-06-12;11:30;2956;2;0;26;778;3;0;48;2100;0;0;30;0;857
84;Auvergne-Rhône-Alpes;2024-06-12;11:30;7137;9;8623;241;1621;3903;-922;101;-6439;0;0;241;0;13576
24;Centre-Val de Loire;2024-06-12;11:30;2102;0;10353;13;679;5;0;60;-9009;0;0;13;0;11110
28;Normandie;2024-06-12;12:00;2772;186;4418;4;159;15;0;83;-2092;0;0;14;0;4865
84;Auvergne-Rhône-Alpes;2024-06-12;12:00;7238;9;8612;243;1685;3972;-1037;103;-6348;0;0;243;0;13587
32;Hauts-de-France;2024-06-12;12:00;5136;72;4448;24;235;1;0;121;235;0;0;24;0;4901
93;Provence-Alpes-Côte d'Azur;2024-06-12;12:00;4242;429;0;39;1747;1878;0;128;21;0;0;39;0;4221
52;Pays de la Loire;2024-06-12;12:00;2988;2;0;34;741;3;0;48;2161;0;0;38;0;828
75;Nouvelle-Aquitaine;2024-06-12;12:00;4383;15;3318;43;2757;243;0;193;-2185;0;0;43;0;6569
76;Occitanie;2024-06-12;12:00;4029;1;1663;496;2505;1000;-449;85;-1272;0;0;496;0;5301
44;Grand Est;2024-06-12;12:00;4940;50;5517;53;1038;1103;-345;135;-2611;0;0;53;0;7551
53;Bretagne;2024-06-12;12:00;2448;20;0;95;337;0;-8;55;1949;0;0;61;34;499
27;Bourgogne-Franche-Comté;2024-06-12;12:00;2339;55;0;48;672;54;0;46;1465;0;0;48;0;875
24;Centre-Val de Loire;2024-06-12;12:00;2125;0;10349;16;696;5;0;59;-9002;0;0;16;0;11125
11;Île-de-France;2024-06-12;12:00;7096;0;0;1;187;13;0;106;6790;0;0;1;0;307
11;Île-de-France;2024-06-12;12:30;7228;8;0;2;180;13;0;104;6920;0;0;2;0;307
27;Bourgogne-Franche-Comté;2024-06-12;12:30;2383;55;0;40;667;54;0;45;1522;0;0;40;0;861
93;Provence-Alpes-Côte d'Azur;2024-06-12;12:30;4390;335;0;37;1816;1916;0;130;156;0;0;37;0;4234
32;Hauts-de-France;2024-06-12;12:30;5237;72;4460;37;248;1;0;121;298;0;0;37;0;4939
52;Pays de la Loire;2024-06-12;12:30;3044;3;0;34;773;3;0;48;2183;0;0;37;0;861
75;Nouvelle-Aquitaine;2024-06-12;12:30;4530;15;3320;42;2612;328;0;190;-1979;0;0;42;0;6507
76;Occitanie;2024-06-12;12:30;4096;1;1610;545;2639;1045;-309;85;-1520;0;0;545;0;5616
44;Grand Est;2024-06-12;12:30;4856;51;5551;68;995;1101;-343;135;-2703;0;0;68;0;7558
53;Bretagne;2024-06-12;12:30;2510;23;0;91;339;1;-14;55;2015;0;0;61;30;495
84;Auvergne-Rhône-Alpes;2024-06-12;12:30;7141;9;8649;233;1704;3992;-982;102;-6567;0;0;233;0;13707
24;Centre-Val de Loire;2024-06-12;12:30;2165;0;10363;17;669;5;0;59;-8949;0;0;17;0;11113
28;Normandie;2024-06-12;12:30;2849;186;4437;7;161;15;0;83;-2041;0;0;18;0;4889
52;Pays de la Loire;2024-06-12;13:00;3088;2;0;35;800;3;0;48;2200;0;0;38;0;888
76;Occitanie;2024-06-12;13:00;4337;1;1548;557;2683;1303;-51;86;-1789;0;0;557;0;6127
24;Centre-Val de Loire;2024-06-12;13:00;2216;0;10335;25;641;5;0;58;-8849;0;0;25;0;11064
93;Provence-Alpes-Côte d'Azur;2024-06-12;13:00;4328;320;0;33;1848;1894;0;130;104;0;0;33;0;4225
84;Auvergne-Rhône-Alpes;2024-06-12;13:00;7354;9;8575;224;1745;4229;-558;102;-6973;0;0;224;0;14326
75;Nouvelle-Aquitaine;2024-06-12;13:00;4577;15;3320;49;2534;392;0;194;-1928;0;0;49;0;6504
32;Hauts-de-France;2024-06-12;13:00;5272;72;4440;36;251;1;0;122;350;0;0;36;0;4922
44;Grand Est;2024-06-12;13:00;4973;51;5488;81;1002;1101;-343;135;-2541;0;0;81;0;7515
28;Normandie;2024-06-12;13:00;2851;185;4411;10;173;15;0;83;-2027;0;0;21;0;4877
27;Bourgogne-Franche-Comté;2024-06-12;13:00;2298;54;0;41;673;55;0;45;1430;0;0;41;0;868
53;Bretagne;2024-06-12;13:00;2570;19;0;85;345;1;-23;54;2089;0;0;58;27;481
11;Île-de-France;2024-06-12;13:00;7216;0;0;1;180;13;0;107;6918;0;0;1;0;301
76;Occitanie;2024-06-12;13:30;4269;1;1594;546;2550;973;-415;90;-1068;0;0;546;0;5339
27;Bourgogne-Franche-Comté;2024-06-12;13:30;2296;54;0;46;680;55;0;44;1417;0;0;46;0;879
75;Nouvelle-Aquitaine;2024-06-12;13:30;4428;15;3318;58;2520;312;0;195;-1990;0;0;58;0;6418
44;Grand Est;2024-06-12;13:30;4779;51;5441;105;933;1100;-342;135;-2646;0;0;105;0;7423
52;Pays de la Loire;2024-06-12;13:30;2960;2;0;39;773;3;0;47;2097;0;0;41;0;864
93;Provence-Alpes-Côte d'Azur;2024-06-12;13:30;4402;232;0;36;1866;1887;0;129;253;0;0;36;0;4150
28;Normandie;2024-06-12;13:30;2755;185;4433;18;173;15;0;85;-2155;0;0;28;0;4909
84;Auvergne-Rhône-Alpes;2024-06-12;13:30;7204;9;8609;224;1707;3835;-545;101;-6736;0;0;224;0;13940
24;Centre-Val de Loire;2024-06-12;13:30;2161;0;10358;21;602;5;0;59;-8885;0;0;21;0;11045
53;Bretagne;2024-06-12;13:30;2431;19;0;96;341;1;-26;55;1946;0;0;72;24;486
32;Hauts-de-France;2024-06-12;13:30;5160;72;4456;47;261;1;0;122;201;0;0;47;0;4959
11;Île-de-France;2024-06-12;13:30;7161;5;0;0;180;13;0;107;6855;0;0;0;0;305
52;Pays de la Loire;2024-06-12;14:00;2927;2;0;34;759;3;0;47;2083;0;0;35;0;845
53;Bretagne;2024-06-12;14:00;2380;23;0;95;342;1;-17;55;1883;0;0;72;23;499
76;Occitanie;2024-06-12;14:00;4077;1;1601;510;2344;972;-456;89;-983;0;0;510;0;5061
44;Grand Est;2024-06-12;14:00;4733;51;5949;134;902;1100;-341;136;-3198;0;0;134;0;7931
32;Hauts-de-France;2024-06-12;14:00;5106;72;4448;50;257;1;0;122;156;0;0;50;0;4950
84;Auvergne-Rhône-Alpes;2024-06-12;14:00;7120;9;8586;218;1694;3547;-559;101;-6474;0;0;218;0;13596
75;Nouvelle-Aquitaine;2024-06-12;14:00;4401;16;3317;67;2593;258;0;196;-2047;0;0;67;0;6447
11;Île-de-France;2024-06-12;14:00;6993;8;0;0;168;13;0;107;6698;0;0;0;0;296
24;Centre-Val de Loire;2024-06-12;14:00;2218;0;9796;26;597;5;0;59;-8265;0;0;26;0;10483
27;Bourgogne-Franche-Comté;2024-06-12;14:00;2241;54;0;51;640;55;0;44;1396;0;0;51;0;844
93;Provence-Alpes-Côte d'Azur;2024-06-12;14:00;4296;203;0;40;1881;1865;0;129;179;0;0;40;0;4118
28;Normandie;2024-06-12;14:00;2696;185;4426;23;180;16;0;83;-2217;0;0;34;0;4913
84;Auvergne-Rhône-Alpes;2024-06-12;14:30;7047;9;8701;213;1650;3534;-980;101;-6183;0;0;213;0;13228
93;Provence-Alpes-Côte d'Azur;2024-06-12;14:30;4358;171;0;39;1858;1858;0;128;305;0;0;39;0;4054
53;Bretagne;2024-06-12;14:30;2340;23;0;109;346;1;0;56;1806;0;0;77;31;535
28;Normandie;2024-06-12;14:30;2697;186;4438;34;200;16;0;83;-2260;0;0;45;0;4957
75;Nouvelle-Aquitaine;2024-06-12;14:30;4380;16;3316;61;2630;252;0;196;-2091;0;0;61;0;6471
27;Bourgogne-Franche-Comté;2024-06-12;14:30;2224;55;0;55;610;54;0;43;1407;0;0;55;0;817
76;Occitanie;2024-06-12;14:30;4050;1;1672;501;2161;979;-455;89;-897;0;0;501;0;4948
24;Centre-Val de Loire;2024-06-12;14:30;2008;0;9542;21;580;5;0;59;-8199;0;0;21;0;10207
52;Pays de la Loire;2024-06-12;14:30;2878;1;0;52;785;3;0;48;1988;0;0;45;7;889
44;Grand Est;2024-06-12;14:30;4655;51;6196;144;870;1099;-339;136;-3502;0;0;144;0;8157
32;Hauts-de-France;2024-06-12;14:30;5186;68;4319;72;225;1;0;122;377;0;0;72;0;4807
11;Île-de-France;2024-06-12;14:30;6937;8;0;0;141;13;0;106;6669;0;0;0;0;268
28;Normandie;2024-06-12;15:00;2632;186;4440;42;184;16;0;83;-2319;0;0;53;0;4951
53;Bretagne;2024-06-12;15:00;2280;21;0;126;362;1;0;56;1714;0;0;71;55;566
44;Grand Est;2024-06-12;15:00;4698;53;6200;141;887;1134;-338;136;-3516;0;0;141;0;8213
75;Nouvelle-Aquitaine;2024-06-12;15:00;4222;16;3315;67;2731;252;0;194;-2352;0;0;67;0;6575
27;Bourgogne-Franche-Comté;2024-06-12;15:00;2234;55;0;59;605;55;0;44;1417;0;0;59;0;818
84;Auvergne-Rhône-Alpes;2024-06-12;15:00;6918;9;8743;210;1583;3526;-1235;101;-6019;0;0;210;0;12937
11;Île-de-France;2024-06-12;15:00;6830;6;0;0;143;13;0;106;6563;0;0;0;0;268
52;Pays de la Loire;2024-06-12;15:00;2821;2;0;79;776;3;0;48;1914;0;0;57;22;908
93;Provence-Alpes-Côte d'Azur;2024-06-12;15:00;4259;20;0;46;1791;1869;0;123;410;0;0;46;0;3849
32;Hauts-de-France;2024-06-12;15:00;5156;71;4050;84;207;1;0;123;619;0;0;84;0;4536
76;Occitanie;2024-06-12;15:00;3935;1;1682;521;1909;995;-455;88;-807;0;0;521;0;4741
24;Centre-Val de Loire;2024-06-12;15:00;2062;0;9541;22;617;5;0;59;-8182;0;0;22;0;10244
52;Pays de la Loire;2024-06-12;15:30;2829;2;0;99;715;3;0;48;1962;0;0;64;36;867
11;Île-de-France;2024-06-12;15:30;6695;9;0;1;136;13;0;104;6430;0;0;1;0;263
76;Occitanie;2024-06-12;15:30;3918;1;1683;528;1729;983;-455;87;-638;0;0;528;0;4556
24;Centre-Val de Loire;2024-06-12;15:30;2102;0;9401;24;576;5;0;58;-7962;0;0;24;0;10064
27;Bourgogne-Franche-Comté;2024-06-12;15:30;2187;55;0;61;552;57;0;44;1418;0;0;61;0;769
28;Normandie;2024-06-12;15:30;2618;186;4439;46;159;16;0;82;-2309;0;0;56;0;4928
84;Auvergne-Rhône-Alpes;2024-06-12;15:30;6925;9;8739;208;1485;3586;-1362;100;-5839;0;0;208;0;12765
32;Hauts-de-France;2024-06-12;15:30;4912;72;3944;80;194;1;0;122;499;0;0;80;0;4413
75;Nouvelle-Aquitaine;2024-06-12;15:30;4230;16;3313;78;2554;253;0;194;-2178;0;0;78;0;6408
53;Bretagne;2024-06-12;15:30;2221;24;0;129;364;26;-1;56;1622;0;0;72;57;598
93;Provence-Alpes-Côte d'Azur;2024-06-12;15:30;4200;24;0;46;1756;1872;0;125;377;0;0;46;0;3823
44;Grand Est;2024-06-12;15:30;4550;54;6195;137;823;1139;-336;142;-3605;0;0;137;0;8154
11;Île-de-France;2024-06-12;16:00;6610;9;0;1;119;13;0;101;6366;0;0;1;0;243
75;Nouvelle-Aquitaine;2024-06-12;16:00;4080;16;3313;107;2536;247;0;197;-2328;0;0;107;0;6416
44;Grand Est;2024-06-12;16:00;4534;54;6185;175;759;1143;-333;150;-3600;0;0;175;0;8133
24;Centre-Val de Loire;2024-06-12;16:00;1988;0;9227;32;557;5;0;58;-7890;0;0;32;0;9879
93;Provence-Alpes-Côte d'Azur;2024-06-12;16:00;4124;24;0;49;1646;1874;0;129;404;0;0;49;0;3722
32;Hauts-de-France;2024-06-12;16:00;4930;72;3940;127;197;1;0;123;472;0;0;127;0;4460
27;Bourgogne-Franche-Comté;2024-06-12;16:00;2172;55;0;70;516;58;0;45;1429;0;0;70;0;744
52;Pays de la Loire;2024-06-12;16:00;2747;2;0;121;693;3;0;49;1878;0;0;76;45;868
28;Normandie;2024-06-12;16:00;2613;186;4432;51;163;16;0;83;-2317;0;0;61;0;4931
84;Auvergne-Rhône-Alpes;2024-06-12;16:00;6839;9;8711;206;1411;3578;-1300;100;-5876;0;0;206;0;12715
76;Occitanie;2024-06-12;16:00;3798;1;1673;561;1546;985;-454;84;-598;0;0;561;0;4396
53;Bretagne;2024-06-12;16:00;2184;24;0;136;349;49;-1;55;1572;0;0;71;66;612
28;Normandie;2024-06-12;16:30;2527;186;4427;47;153;16;0;85;-2387;0;0;58;0;4914
11;Île-de-France;2024-06-12;16:30;6504;9;0;1;123;13;0;102;6256;0;0;1;0;248
24;Centre-Val de Loire;2024-06-12;16:30;1936;0;9210;32;470;5;0;57;-7837;0;0;32;0;9774
44;Grand Est;2024-06-12;16:30;4650;55;5916;160;713;1147;-332;140;-3149;0;0;160;0;7799
75;Nouvelle-Aquitaine;2024-06-12;16:30;4044;16;3314;136;2490;245;0;203;-2359;0;0;136;0;6404
52;Pays de la Loire;2024-06-12;16:30;2694;2;0;139;679;3;0;51;1820;0;0;87;52;874
32;Hauts-de-France;2024-06-12;16:30;4880;72;3939;170;194;1;0;127;377;0;0;170;0;4503
84;Auvergne-Rhône-Alpes;2024-06-12;16:30;6669;9;8591;226;1340;3612;-1083;99;-6125;0;0;226;0;12794
93;Provence-Alpes-Côte d'Azur;2024-06-12;16:30;4045;21;0;54;1566;1896;0;128;380;0;0;54;0;3665
53;Bretagne;2024-06-12;16:30;2159;21;0;121;326;62;-1;56;1573;0;0;75;46;585
76;Occitanie;2024-06-12;16:30;3753;1;1671;562;1441;983;-454;83;-532;0;0;562;0;4287
27;Bourgogne-Franche-Comté;2024-06-12;16:30;2138;55;0;66;484;59;0;44;1437;0;0;66;0;708
24;Centre-Val de Loire;2024-06-12;17:00;1906;0;9221;36;445;5;0;57;-7858;0;0;36;0;9764
44;Grand Est;2024-06-12;17:00;4436;55;5510;143;643;1149;-4;142;-3202;0;0;143;0;7638
27;Bourgogne-Franche-Comté;2024-06-12;17:00;2065;55;0;77;437;60;0;43;1395;0;0;77;0;672
93;Provence-Alpes-Côte d'Azur;2024-06-12;17:00;4037;19;0;55;1443;1935;0;129;457;0;0;55;0;3581
11;Île-de-France;2024-06-12;17:00;6496;9;0;1;124;13;0;101;6248;0;0;1;0;248
32;Hauts-de-France;2024-06-12;17:00;4817;72;3952;164;196;1;0;128;304;0;0;164;0;4513
28;Normandie;2024-06-12;17:00;2523;186;4438;52;151;16;0;90;-2409;0;0;62;0;4933
75;Nouvelle-Aquitaine;2024-06-12;17:00;3954;16;3313;123;2427;245;0;205;-2374;0;0;123;0;6329
76;Occitanie;2024-06-12;17:00;3781;1;1683;533;1299;980;-413;85;-385;0;0;533;0;4168
53;Bretagne;2024-06-12;17:00;2134;22;0;125;289;75;-1;57;1567;0;0;79;47;567
84;Auvergne-Rhône-Alpes;2024-06-12;17:00;6564;9;8648;215;1257;3634;-1006;98;-6291;0;0;215;0;12855
52;Pays de la Loire;2024-06-12;17:00;2652;2;0;143;651;3;0;53;1800;0;0;89;53;852
53;Bretagne;2024-06-12;17:30;2108;21;0;127;263;82;-1;56;1561;0;0;90;37;548
76;Occitanie;2024-06-12;17:30;3617;1;1680;542;1084;1009;-253;81;-526;0;0;542;0;4144
44;Grand Est;2024-06-12;17:30;4561;55;5501;175;580;1143;-1;143;-3034;0;0;175;0;7596
32;Hauts-de-France;2024-06-12;17:30;4900;72;3948;104;171;1;0;129;476;0;0;104;0;4425
75;Nouvelle-Aquitaine;2024-06-12;17:30;3868;16;3312;147;2286;385;0;201;-2476;0;0;147;0;6347
27;Bourgogne-Franche-Comté;2024-06-12;17:30;2031;55;0;74;414;60;0;43;1385;0;0;74;0;646
93;Provence-Alpes-Côte d'Azur;2024-06-12;17:30;4004;19;0;52;1269;2019;0;126;520;0;0;52;0;3485
11;Île-de-France;2024-06-12;17:30;6545;9;0;2;117;13;0;106;6301;0;0;2;0;247
52;Pays de la Loire;2024-06-12;17:30;2593;2;0;172;605;3;0;53;1759;0;0;95;76;835
28;Normandie;2024-06-12;17:30;2492;186;4435;62;140;16;0;90;-2437;0;0;73;0;4929
24;Centre-Val de Loire;2024-06-12;17:30;1755;0;9656;48;403;12;0;56;-8420;0;0;48;0;10175
84;Auvergne-Rhône-Alpes;2024-06-12;17:30;6523;9;8589;223;1124;3846;-1026;99;-6341;0;0;223;0;12864
11;Île-de-France;2024-06-12;18:00;6600;9;0;3;98;13;0;107;6370;0;0;3;0;230
76;Occitanie;2024-06-12;18:00;3594;1;1717;527;912;1017;-88;79;-569;0;0;527;0;4165
32;Hauts-de-France;2024-06-12;18:00;4927;72;3985;74;151;1;0;128;513;0;0;74;0;4411
44;Grand Est;2024-06-12;18:00;4546;54;5612;191;487;1140;-1;145;-3084;0;0;191;0;7628
52;Pays de la Loire;2024-06-12;18:00;2597;2;0;219;571;2;0;54;1749;0;0;108;111;848
84;Auvergne-Rhône-Alpes;2024-06-12;18:00;6413;9;8647;234;974;4055;-714;98;-6890;0;0;234;0;13303
24;Centre-Val de Loire;2024-06-12;18:00;1961;0;10279;60;367;14;0;57;-8816;0;0;60;0;10777
27;Bourgogne-Franche-Comté;2024-06-12;18:00;2091;55;0;79;351;60;0;43;1504;0;0;79;0;588
53;Bretagne;2024-06-12;18:00;2121;21;0;121;238;85;-1;55;1601;0;0;92;29;519
75;Nouvelle-Aquitaine;2024-06-12;18:00;3834;16;3311;147;1993;409;0;203;-2243;0;0;147;0;6079
93;Provence-Alpes-Côte d'Azur;2024-06-12;18:00;4046;19;0;55;1073;2030;0;128;742;0;0;55;0;3305
28;Normandie;2024-06-12;18:00;2547;187;4472;53;140;16;0;92;-2412;0;0;63;0;4960
28;Normandie;2024-06-12;18:30;2582;217;4590;59;132;16;0;91;-2524;0;0;62;0;5105
53;Bretagne;2024-06-12;18:30;2122;33;0;121;220;83;-1;54;1611;0;0;93;27;510
84;Auvergne-Rhône-Alpes;2024-06-12;18:30;6674;9;8520;219;792;4188;-29;101;-7127;0;0;219;0;13800
44;Grand Est;2024-06-12;18:30;4602;55;5483;191;431;1136;-1;147;-2841;0;0;191;0;7442
24;Centre-Val de Loire;2024-06-12;18:30;2029;0;10326;52;314;13;0;57;-8733;0;0;52;0;10762
76;Occitanie;2024-06-12;18:30;3480;1;2139;530;781;1520;-21;80;-1550;0;0;530;0;5030
32;Hauts-de-France;2024-06-12;18:30;4965;72;4138;64;137;1;0;128;424;0;0;64;0;4540
75;Nouvelle-Aquitaine;2024-06-12;18:30;3934;16;3312;167;1729;469;0;203;-1956;0;0;167;0;5896
93;Provence-Alpes-Côte d'Azur;2024-06-12;18:30;4096;19;0;59;802;2009;0;129;1079;0;0;59;0;3018
11;Île-de-France;2024-06-12;18:30;6637;48;0;4;89;13;0;109;6375;0;0;4;0;263
52;Pays de la Loire;2024-06-12;18:30;2655;2;0;274;498;3;0;55;1823;0;0;126;148;832
27;Bourgogne-Franche-Comté;2024-06-12;18:30;2188;55;0;87;297;64;0;44;1642;0;0;87;0;547
24;Centre-Val de Loire;2024-06-12;19:00;2040;0;10326;45;248;21;0;57;-8656;0;0;45;0;10697
53;Bretagne;2024-06-12;19:00;2210;231;0;125;187;77;-1;56;1536;0;0;91;34;675
28;Normandie;2024-06-12;19:00;2702;246;4860;66;115;16;0;85;-2685;0;0;56;10;5388
84;Auvergne-Rhône-Alpes;2024-06-12;19:00;6674;9;8584;205;605;4548;-5;101;-7372;0;0;205;0;14047
52;Pays de la Loire;2024-06-12;19:00;2734;2;0;325;417;3;0;58;1929;0;0;148;177;805
75;Nouvelle-Aquitaine;2024-06-12;19:00;4049;16;3313;166;1471;575;0;203;-1696;0;0;166;0;5744
32;Hauts-de-France;2024-06-12;19:00;5148;73;4384;58;144;1;0;129;359;0;0;58;0;4789
27;Bourgogne-Franche-Comté;2024-06-12;19:00;2205;55;0;107;228;66;0;45;1705;0;0;107;0;501
44;Grand Est;2024-06-12;19:00;4592;54;5737;201;333;1251;0;147;-3131;0;0;201;0;7723
76;Occitanie;2024-06-12;19:00;3816;1;2377;499;642;1895;-14;79;-1664;0;0;499;0;5479
93;Provence-Alpes-Côte d'Azur;2024-06-12;19:00;4123;19;0;55;548;2026;0;128;1348;0;0;55;0;2776
11;Île-de-France;2024-06-12;19:00;6839;239;0;8;68;13;0;106;6405;0;0;8;0;434
75;Nouvelle-Aquitaine;2024-06-12;19:30;4026;16;3314;163;1139;605;0;204;-1415;0;0;163;0;5441
93;Provence-Alpes-Côte d'Azur;2024-06-12;19:30;4153;19;0;46;329;2105;0;127;1527;0;0;46;0;2626
28;Normandie;2024-06-12;19:30;2743;245;4948;62;89;16;0;82;-2698;0;0;52;10;5442
84;Auvergne-Rhône-Alpes;2024-06-12;19:30;6848;9;8593;195;440;4422;-5;101;-6907;0;0;195;0;13755
53;Bretagne;2024-06-12;19:30;2236;251;0;107;154;64;-1;56;1604;0;0;86;22;631
11;Île-de-France;2024-06-12;19:30;6886;286;0;6;60;13;0;105;6418;0;0;6;0;470
24;Centre-Val de Loire;2024-06-12;19:30;2099;0;10299;35;205;22;0;57;-8519;0;0;35;0;10618
76;Occitanie;2024-06-12;19:30;3771;1;2327;504;519;1762;-14;79;-1405;0;0;504;0;5178
52;Pays de la Loire;2024-06-12;19:30;2729;2;0;331;325;3;0;60;2008;0;0;162;169;721
44;Grand Est;2024-06-12;19:30;4688;54;6131;259;254;1228;0;148;-3384;0;0;259;0;8074
27;Bourgogne-Franche-Comté;2024-06-12;19:30;2196;55;0;112;180;66;0;46;1737;0;0;112;0;459
32;Hauts-de-France;2024-06-12;19:30;5197;75;4378;63;104;1;0;129;450;0;0;63;0;4750
28;Normandie;2024-06-12;20:00;2677;245;4958;47;63;17;0;85;-2738;0;0;49;0;5415
93;Provence-Alpes-Côte d'Azur;2024-06-12;20:00;4110;19;0;12;168;2106;0;129;1676;0;0;12;0;2434
76;Occitanie;2024-06-12;20:00;3878;1;2422;474;396;1718;-14;80;-1197;0;0;474;0;5077
44;Grand Est;2024-06-12;20:00;4612;54;6319;349;169;1351;0;148;-3778;0;0;349;0;8390
24;Centre-Val de Loire;2024-06-12;20:00;1980;0;10326;30;154;22;0;57;-8610;0;0;30;0;10589
27;Bourgogne-Franche-Comté;2024-06-12;20:00;2095;55;0;114;116;67;0;46;1694;0;0;114;0;398
52;Pays de la Loire;2024-06-12;20:00;2697;2;0;302;233;3;0;61;2095;0;0;158;144;601
11;Île-de-France;2024-06-12;20:00;6872;287;0;4;46;13;0;107;6416;0;0;4;0;457
32;Hauts-de-France;2024-06-12;20:00;5214;77;4401;52;83;1;0;128;473;0;0;52;0;4742
84;Auvergne-Rhône-Alpes;2024-06-12;20:00;6516;9;8722;180;282;4643;-5;100;-7413;0;0;180;0;13931
75;Nouvelle-Aquitaine;2024-06-12;20:00;4117;16;3315;136;806;588;0;202;-941;0;0;136;0;5063
53;Bretagne;2024-06-12;20:00;2206;251;0;89;115;47;-1;56;1649;0;0;79;10;557
28;Normandie;2024-06-12;20:30;2635;220;4954;39;39;21;0;85;-2722;0;0;44;0;5358
93;Provence-Alpes-Côte d'Azur;2024-06-12;20:30;3964;19;0;13;93;2120;0;129;1591;0;0;13;0;2374
52;Pays de la Loire;2024-06-12;20:30;2589;0;0;264;148;3;0;61;2116;0;0;152;112;476
76;Occitanie;2024-06-12;20:30;3809;1;2430;462;259;2142;-14;80;-1551;0;0;462;0;5360
24;Centre-Val de Loire;2024-06-12;20:30;1919;0;10371;27;103;22;0;58;-8662;0;0;27;0;10581
75;Nouvelle-Aquitaine;2024-06-12;20:30;4008;16;3315;128;482;884;0;199;-1016;0;0;128;0;5024
53;Bretagne;2024-06-12;20:30;2135;177;0;80;74;29;-1;56;1719;0;0;75;6;415
11;Île-de-France;2024-06-12;20:30;6808;230;0;4;30;13;0;106;6425;0;0;4;0;383
84;Auvergne-Rhône-Alpes;2024-06-12;20:30;6317;9;8748;189;154;5569;-5;101;-8448;0;0;189;0;14765
44;Grand Est;2024-06-12;20:30;4462;54;6414;344;100;1355;0;148;-3951;0;0;344;0;8415
27;Bourgogne-Franche-Comté;2024-06-12;20:30;2057;55;0;122;67;68;0;45;1698;0;0;122;0;357
32;Hauts-de-France;2024-06-12;20:30;4954;77;4406;44;43;1;0;128;257;0;0;44;0;4699
53;Bretagne;2024-06-12;21:00;2022;1;0;82;40;6;-1;56;1837;0;0;69;13;184
75;Nouvelle-Aquitaine;2024-06-12;21:00;3805;16;3317;110;233;908;0;205;-984;0;0;110;0;4789
24;Centre-Val de Loire;2024-06-12;21:00;1867;0;10397;24;51;22;0;58;-8684;0;0;24;0;10552
52;Pays de la Loire;2024-06-12;21:00;2446;0;0;227;81;3;0;61;2079;0;0;126;100;372
93;Provence-Alpes-Côte d'Azur;2024-06-12;21:00;3868;18;0;13;41;2095;0;133;1567;0;0;13;0;2300
76;Occitanie;2024-06-12;21:00;3562;1;2450;469;124;2178;-14;80;-1726;0;0;469;0;5288
28;Normandie;2024-06-12;21:00;2564;185;4953;38;20;21;0;86;-2738;0;0;36;1;5303
84;Auvergne-Rhône-Alpes;2024-06-12;21:00;6336;9;8760;203;70;5770;-5;100;-8571;0;0;203;0;14907
44;Grand Est;2024-06-12;21:00;4424;54;6438;303;49;1393;0;148;-3959;0;0;303;0;8385
27;Bourgogne-Franche-Comté;2024-06-12;21:00;2060;55;0;101;30;68;0;44;1762;0;0;101;0;298
32;Hauts-de-France;2024-06-12;21:00;4882;77;4488;50;25;1;0;129;114;0;0;50;0;4770
11;Île-de-France;2024-06-12;21:00;6606;4;0;3;15;13;0;105;6467;0;0;3;0;140
44;Grand Est;2024-06-12;21:30;4214;54;6445;277;14;1409;0;148;-4135;0;0;277;0;8347
75;Nouvelle-Aquitaine;2024-06-12;21:30;3753;16;3315;116;84;768;0;205;-746;0;0;116;0;4504
93;Provence-Alpes-Côte d'Azur;2024-06-12;21:30;3808;18;0;8;8;2078;0;133;1564;0;0;8;0;2245
11;Île-de-France;2024-06-12;21:30;6357;0;0;2;6;13;0;105;6232;0;0;2;0;126
32;Hauts-de-France;2024-06-12;21:30;4754;77;4485;67;11;1;0;128;-16;0;0;67;0;4769
84;Auvergne-Rhône-Alpes;2024-06-12;21:30;6280;9;8762;208;17;5614;-5;100;-8425;0;0;208;0;14705
76;Occitanie;2024-06-12;21:30;3508;1;2449;481;32;2098;-14;80;-1620;0;0;481;0;5127
53;Bretagne;2024-06-12;21:30;1985;1;0;82;18;1;0;56;1827;0;0;60;21;158
28;Normandie;2024-06-12;21:30;2638;185;4952;53;9;21;0;86;-2668;0;0;30;22;5306
24;Centre-Val de Loire;2024-06-12;21:30;1857;0;10395;20;20;22;0;58;-8658;0;0;20;0;10515
52;Pays de la Loire;2024-06-12;21:30;2397;0;0;195;37;3;0;59;2106;0;0;110;85;294
27;Bourgogne-Franche-Comté;2024-06-12;21:30;2036;55;0;97;9;67;0;45;1764;0;0;97;0;273
93;Provence-Alpes-Côte d'Azur;2024-06-12;22:00;3794;18;0;8;0;2057;0;132;1580;0;0;8;0;2215
52;Pays de la Loire;2024-06-12;22:00;2344;0;0;170;9;3;0;60;2107;0;0;100;70;242
53;Bretagne;2024-06-12;22:00;2053;2;0;71;6;1;0;56;1918;0;0;51;20;136
28;Normandie;2024-06-12;22:00;2606;185;4952;48;3;21;0;87;-2690;0;0;27;21;5296
75;Nouvelle-Aquitaine;2024-06-12;22:00;3671;16;3315;112;9;840;0;204;-819;0;0;112;0;4496
32;Hauts-de-France;2024-06-12;22:00;4780;73;4473;97;1;1;0;128;7;0;0;97;0;4773
24;Centre-Val de Loire;2024-06-12;22:00;1831;0;10398;17;3;22;0;58;-8666;0;0;17;0;10498
76;Occitanie;2024-06-12;22:00;3495;1;2433;497;1;2146;-14;82;-1652;0;0;497;0;5146
44;Grand Est;2024-06-12;22:00;4282;55;6513;248;1;1412;0;153;-4100;0;0;248;0;8382
11;Île-de-France;2024-06-12;22:00;6250;0;0;1;1;13;0;103;6133;0;0;1;0;118
27;Bourgogne-Franche-Comté;2024-06-12;22:00;2035;57;0;99;1;70;0;44;1765;0;0;99;0;271
84;Auvergne-Rhône-Alpes;2024-06-12;22:00;6158;9;8752;206;0;5514;-5;100;-8418;0;0;206;0;14576
93;Provence-Alpes-Côte d'Azur;2024-06-12;22:30;3832;18;0;8;0;2043;0;133;1630;0;0;8;0;2202
75;Nouvelle-Aquitaine;2024-06-12;22:30;3875;16;3316;101;0;843;0;201;-604;0;0;101;0;4477
76;Occitanie;2024-06-12;22:30;3584;1;2404;511;0;2049;-14;81;-1449;0;0;511;0;5032
44;Grand Est;2024-06-12;22:30;4365;54;6521;238;0;1329;0;156;-3931;0;0;238;0;8298
27;Bourgogne-Franche-Comté;2024-06-12;22:30;2012;57;0;107;0;76;0;44;1728;0;0;107;0;284
28;Normandie;2024-06-12;22:30;2782;186;4952;32;0;21;0;88;-2496;0;0;24;8;5279
32;Hauts-de-France;2024-06-12;22:30;4874;72;4460;92;0;1;0;127;126;0;0;92;0;4752
11;Île-de-France;2024-06-12;22:30;6404;0;0;1;0;13;0;104;6290;0;0;1;0;118
52;Pays de la Loire;2024-06-12;22:30;2487;0;0;142;0;3;0;60;2286;0;0;88;54;205
53;Bretagne;2024-06-12;22:30;2102;1;0;83;0;0;0;56;1963;0;0;37;46;140
24;Centre-Val de Loire;2024-06-12;22:30;1829;0;10398;14;0;22;0;58;-8664;0;0;14;0;10492
84;Auvergne-Rhône-Alpes;2024-06-12;22:30;6309;9;8735;195;0;5375;-5;99;-8098;0;0;195;0;14408
28;Normandie;2024-06-12;23:00;2838;186;4952;27;0;21;0;93;-2441;0;0;22;5;5279
93;Provence-Alpes-Côte d'Azur;2024-06-12;23:00;3834;18;0;9;0;2090;0;133;1585;0;0;9;0;2250
84;Auvergne-Rhône-Alpes;2024-06-12;23:00;6424;9;8752;198;0;5578;-5;97;-8203;0;0;198;0;14629
32;Hauts-de-France;2024-06-12;23:00;4868;72;4464;89;0;1;0;128;114;0;0;89;0;4754
75;Nouvelle-Aquitaine;2024-06-12;23:00;4055;16;3319;98;0;999;0;202;-573;0;0;98;0;4634
27;Bourgogne-Franche-Comté;2024-06-12;23:00;2052;57;0;119;0;141;0;44;1691;0;0;119;0;361
52;Pays de la Loire;2024-06-12;23:00;2820;0;0;170;0;3;0;60;2592;0;0;113;57;233
11;Île-de-France;2024-06-12;23:00;6556;0;0;2;0;13;0;106;6437;0;0;2;0;121
24;Centre-Val de Loire;2024-06-12;23:00;1840;0;10405;24;0;22;0;58;-8669;0;0;24;0;10509
53;Bretagne;2024-06-12;23:00;2289;1;0;81;0;0;0;56;2152;0;0;32;49;138
44;Grand Est;2024-06-12;23:00;4458;54;6526;210;0;1365;0;158;-3854;0;0;210;0;8313
76;Occitanie;2024-06-12;23:00;3827;1;2423;522;0;2134;-14;81;-1321;0;0;522;0;5147
93;Provence-Alpes-Côte d'Azur;2024-06-12;23:30;4119;18;0;12;0;2125;0;132;1832;0;0;12;0;2287
84;Auvergne-Rhône-Alpes;2024-06-12;23:30;6380;9;8772;196;0;5743;-5;98;-8433;0;0;196;0;14813
24;Centre-Val de Loire;2024-06-12;23:30;1879;0;10412;33;0;22;0;58;-8646;0;0;33;0;10525
27;Bourgogne-Franche-Comté;2024-06-12;23:30;1939;57;0;120;0;142;0;44;1576;0;0;120;0;363
32;Hauts-de-France;2024-06-12;23:30;4913;72;4527;80;0;1;0;128;106;0;0;80;0;4808
75;Nouvelle-Aquitaine;2024-06-12;23:30;3980;16;3320;108;0;1030;0;202;-699;0;0;108;0;4676
76;Occitanie;2024-06-12;23:30;3655;1;2452;519;0;2239;-14;83;-1624;0;0;519;0;5280
52;Pays de la Loire;2024-06-12;23:30;2689;0;0;153;0;3;0;60;2478;0;0;131;22;216
44;Grand Est;2024-06-12;23:30;4486;55;6555;164;0;1410;0;159;-3855;0;0;164;0;8343
53;Bretagne;2024-06-12;23:30;2177;1;0;71;0;0;0;55;2050;0;0;29;42;127
28;Normandie;2024-06-12;23:30;2741;186;4956;31;0;21;0;93;-2546;0;0;22;9;5287
11;Île-de-France;2024-06-12;23:30;6413;0;0;1;0;13;0;105;6296;0;0;1;0;119
24;Centre-Val de Loire;2024-06-22;00:00;1657;0;7964;958;0;51;0;56;-7372;0;0;958;0;9029
44;Grand Est;2024-06-22;00:00;4234;88;6222;729;0;1401;0;141;-4346;0;0;729;0;8581
75;Nouvelle-Aquitaine;2024-06-22;00:00;3617;16;3240;243;0;871;0;177;-922;0;0;243;0;4547
76;Occitanie;2024-06-22;00:00;3732;1;2414;669;0;2088;-17;99;-1522;0;0;669;0;5254
52;Pays de la Loire;2024-06-22;00:00;2480;0;0;540;0;5;0;60;1884;0;0;266;274;605
32;Hauts-de-France;2024-06-22;00:00;4830;190;3605;443;0;1;0;126;464;0;0;443;0;4365
53;Bretagne;2024-06-22;00:00;2249;0;0;552;0;152;-1;58;1489;0;0;312;240;761
28;Normandie;2024-06-22;00:00;2546;191;5805;234;0;13;0;90;-3787;0;0;76;158;6333
11;Île-de-France;2024-06-22;00:00;6119;0;0;62;0;6;0;119;5934;0;0;62;0;187
27;Bourgogne-Franche-Comté;2024-06-22;00:00;1794;22;0;223;0;146;0;41;1362;0;0;223;0;432
93;Provence-Alpes-Côte d'Azur;2024-06-22;00:00;4034;34;0;19;0;1532;0;119;2331;0;0;19;0;1704
84;Auvergne-Rhône-Alpes;2024-06-22;00:00;6043;337;8626;141;0;3692;-15;116;-6854;0;0;141;0;12897
32;Hauts-de-France;2024-06-22;00:30;4767;186;3606;398;0;1;0;126;448;0;0;398;0;4317
27;Bourgogne-Franche-Comté;2024-06-22;00:30;1709;23;0;263;0;121;0;41;1261;0;0;263;0;448
84;Auvergne-Rhône-Alpes;2024-06-22;00:30;5805;352;8705;137;0;3577;-15;115;-7066;0;0;137;0;12871
53;Bretagne;2024-06-22;00:30;2132;0;0;523;0;174;-1;58;1378;0;0;284;239;754
76;Occitanie;2024-06-22;00:30;3554;1;2481;649;0;2340;-17;100;-1999;0;0;649;0;5554
93;Provence-Alpes-Côte d'Azur;2024-06-22;00:30;3838;34;0;34;0;1725;0;119;1926;0;0;34;0;1912
28;Normandie;2024-06-22;00:30;2537;200;5811;222;0;13;0;91;-3799;0;0;84;137;6337
24;Centre-Val de Loire;2024-06-22;00:30;1766;0;7818;1061;0;51;0;56;-7220;0;0;1061;0;8986
75;Nouvelle-Aquitaine;2024-06-22;00:30;3666;15;3282;216;0;992;0;177;-1031;0;0;216;0;4682
52;Pays de la Loire;2024-06-22;00:30;2416;0;0;554;0;5;0;58;1808;0;0;250;304;617
44;Grand Est;2024-06-22;00:30;3943;70;6289;834;0;1466;0;142;-4859;0;0;834;0;8801
11;Île-de-France;2024-06-22;00:30;5902;0;0;82;0;6;0;114;5701;0;0;82;0;202
52;Pays de la Loire;2024-06-22;01:00;2194;0;0;621;0;5;0;59;1518;0;0;282;339;685
76;Occitanie;2024-06-22;01:00;3242;1;2402;642;0;1978;-17;100;-1863;0;0;642;0;5106
11;Île-de-France;2024-06-22;01:00;5498;0;0;102;0;6;0;110;5283;0;0;102;0;218
28;Normandie;2024-06-22;01:00;2366;169;5670;139;0;13;0;90;-3715;0;0;90;49;6081
84;Auvergne-Rhône-Alpes;2024-06-22;01:00;5597;320;8587;126;0;3570;-15;115;-7106;0;0;126;0;12703
93;Provence-Alpes-Côte d'Azur;2024-06-22;01:00;3599;34;0;35;0;1652;0;120;1759;0;0;35;0;1841
27;Bourgogne-Franche-Comté;2024-06-22;01:00;1635;22;0;321;0;120;0;40;1132;0;0;321;0;503
53;Bretagne;2024-06-22;01:00;1872;0;0;525;0;194;-1;58;1096;0;0;266;259;776
44;Grand Est;2024-06-22;01:00;3916;65;6077;945;0;1387;0;142;-4698;0;0;945;0;8616
75;Nouvelle-Aquitaine;2024-06-22;01:00;3385;15;3229;241;0;925;0;177;-1191;0;0;241;0;4587
24;Centre-Val de Loire;2024-06-22;01:00;1584;0;7174;876;0;51;0;57;-6574;0;0;876;0;8158
32;Hauts-de-France;2024-06-22;01:00;4559;187;3607;423;0;1;0;125;219;0;0;423;0;4343
32;Hauts-de-France;2024-06-22;01:30;4582;187;3588;441;0;1;0;127;240;0;0;441;0;4344
93;Provence-Alpes-Côte d'Azur;2024-06-22;01:30;3565;34;0;49;0;1655;0;123;1705;0;0;49;0;1861
84;Auvergne-Rhône-Alpes;2024-06-22;01:30;5496;344;8627;128;0;3549;-15;113;-7250;0;0;128;0;12746
27;Bourgogne-Franche-Comté;2024-06-22;01:30;1623;22;0;352;0;122;0;41;1087;0;0;352;0;537
53;Bretagne;2024-06-22;01:30;1780;0;0;515;0;197;-1;58;1011;0;0;252;263;769
44;Grand Est;2024-06-22;01:30;3788;64;6187;1064;0;1427;0;141;-5094;0;0;1064;0;8883
75;Nouvelle-Aquitaine;2024-06-22;01:30;3452;16;3254;266;0;941;0;177;-1196;0;0;266;0;4654
28;Normandie;2024-06-22;01:30;2328;154;5727;160;0;13;0;91;-3818;0;0;97;64;6145
11;Île-de-France;2024-06-22;01:30;5110;0;0;102;0;6;0;107;4900;0;0;102;0;215
24;Centre-Val de Loire;2024-06-22;01:30;1646;0;6811;663;0;51;0;58;-5937;0;0;663;0;7583
76;Occitanie;2024-06-22;01:30;3131;1;2449;677;0;1963;-47;99;-2010;0;0;677;0;5142
52;Pays de la Loire;2024-06-22;01:30;2146;0;0;653;0;5;0;59;1438;0;0;299;354;717
11;Île-de-France;2024-06-22;02:00;4774;0;0;95;0;6;0;108;4568;0;0;95;0;209
24;Centre-Val de Loire;2024-06-22;02:00;1595;0;6637;565;0;51;0;58;-5717;0;0;565;0;7311
53;Bretagne;2024-06-22;02:00;1850;0;0;552;0;197;-1;58;1045;0;0;256;296;806
93;Provence-Alpes-Côte d'Azur;2024-06-22;02:00;3513;34;0;50;0;1639;0;120;1670;0;0;50;0;1843
84;Auvergne-Rhône-Alpes;2024-06-22;02:00;5466;349;8476;130;0;3553;-15;118;-7145;0;0;130;0;12611
32;Hauts-de-France;2024-06-22;02:00;4335;186;3499;420;0;1;0;125;106;0;0;420;0;4231
52;Pays de la Loire;2024-06-22;02:00;2160;0;0;669;0;5;0;56;1439;0;0;312;357;730
44;Grand Est;2024-06-22;02:00;3895;64;6116;1248;0;1433;0;140;-5106;0;0;1248;0;9001
28;Normandie;2024-06-22;02:00;2272;156;5673;155;0;13;0;94;-3818;0;0;89;66;6091
27;Bourgogne-Franche-Comté;2024-06-22;02:00;1645;22;0;366;0;121;0;40;1096;0;0;366;0;549
75;Nouvelle-Aquitaine;2024-06-22;02:00;3285;15;3233;266;0;875;0;178;-1274;0;0;266;0;4567
76;Occitanie;2024-06-22;02:00;3104;1;2412;672;0;1917;-53;98;-1943;0;0;672;0;5047
11;Île-de-France;2024-06-22;02:30;4697;0;0;81;0;6;0;110;4504;0;0;81;0;197
27;Bourgogne-Franche-Comté;2024-06-22;02:30;1637;22;0;368;0;121;0;40;1086;0;0;368;0;551
75;Nouvelle-Aquitaine;2024-06-22;02:30;3369;15;3235;261;0;764;0;177;-1082;0;0;261;0;4452
32;Hauts-de-France;2024-06-22;02:30;4199;189;3497;426;0;1;0;126;-39;0;0;426;0;4239
28;Normandie;2024-06-22;02:30;2205;156;5682;180;0;12;0;91;-3917;0;0;92;88;6121
52;Pays de la Loire;2024-06-22;02:30;2018;0;0;693;0;5;0;51;1277;0;0;334;360;749
76;Occitanie;2024-06-22;02:30;3241;1;2410;625;0;1639;-64;98;-1469;0;0;625;0;4709
44;Grand Est;2024-06-22;02:30;3743;64;6185;1353;0;1433;0;140;-5431;0;0;1353;0;9175
53;Bretagne;2024-06-22;02:30;1731;0;0;502;0;197;-1;57;976;0;0;237;265;755
24;Centre-Val de Loire;2024-06-22;02:30;1554;0;6542;575;0;51;0;58;-5672;0;0;575;0;7226
84;Auvergne-Rhône-Alpes;2024-06-22;02:30;5365;349;8493;128;0;3525;-15;118;-7233;0;0;128;0;12598
93;Provence-Alpes-Côte d'Azur;2024-06-22;02:30;3579;34;0;38;0;1639;0;120;1749;0;0;38;0;1831
75;Nouvelle-Aquitaine;2024-06-22;03:00;3172;16;3235;305;0;703;0;176;-1261;0;0;305;0;4435
27;Bourgogne-Franche-Comté;2024-06-22;03:00;1529;23;0;443;0;121;0;40;902;0;0;443;0;627
53;Bretagne;2024-06-22;03:00;1620;0;0;505;0;193;-1;58;864;0;0;239;266;755
76;Occitanie;2024-06-22;03:00;2958;1;2406;575;0;1142;-67;99;-1199;0;0;575;0;4156
84;Auvergne-Rhône-Alpes;2024-06-22;03:00;5303;245;8485;122;0;3478;-305;118;-6841;0;0;122;0;12143
11;Île-de-France;2024-06-22;03:00;4517;0;0;75;0;6;0;110;4330;0;0;75;0;191
52;Pays de la Loire;2024-06-22;03:00;1916;0;0;738;0;4;0;51;1130;0;0;373;365;793
44;Grand Est;2024-06-22;03:00;3664;66;6250;1289;0;1410;0;142;-5491;0;0;1289;0;9157
28;Normandie;2024-06-22;03:00;2171;156;5687;170;0;12;0;90;-3944;0;0;92;78;6115
24;Centre-Val de Loire;2024-06-22;03:00;1450;0;6482;603;0;51;0;58;-5744;0;0;603;0;7194
93;Provence-Alpes-Côte d'Azur;2024-06-22;03:00;3392;34;0;30;0;1629;0;120;1581;0;0;30;0;1813
32;Hauts-de-France;2024-06-22;03:00;4123;188;3494;468;0;1;0;125;-150;0;0;468;0;4276
28;Normandie;2024-06-22;03:30;2086;157;5587;190;0;11;0;89;-3949;0;0;89;102;6034
53;Bretagne;2024-06-22;03:30;1553;0;0;550;0;169;-1;58;776;0;0;214;336;776
75;Nouvelle-Aquitaine;2024-06-22;03:30;3051;16;3235;334;0;653;0;178;-1364;0;0;334;0;4416
24;Centre-Val de Loire;2024-06-22;03:30;1437;0;6494;722;0;51;0;58;-5889;0;0;722;0;7325
32;Hauts-de-France;2024-06-22;03:30;3962;189;3495;534;0;1;0;126;-383;0;0;534;0;4345
44;Grand Est;2024-06-22;03:30;3459;65;6292;1442;0;1410;0;141;-5892;0;0;1442;0;9350
76;Occitanie;2024-06-22;03:30;3032;1;1881;566;0;1065;-244;97;-333;0;0;566;0;3366
27;Bourgogne-Franche-Comté;2024-06-22;03:30;1521;23;0;500;0;121;0;40;837;0;0;500;0;684
93;Provence-Alpes-Côte d'Azur;2024-06-22;03:30;3265;34;0;28;0;1569;-48;119;1563;0;0;28;0;1702
52;Pays de la Loire;2024-06-22;03:30;1859;0;0;768;0;4;0;53;1042;0;0;404;364;825
84;Auvergne-Rhône-Alpes;2024-06-22;03:30;5067;13;8595;126;0;3404;-569;118;-6621;0;0;126;0;11687
11;Île-de-France;2024-06-22;03:30;4391;0;0;77;0;6;0;108;4205;0;0;77;0;191
53;Bretagne;2024-06-22;04:00;1498;0;0;602;0;122;-1;57;717;0;0;197;405;780
11;Île-de-France;2024-06-22;04:00;4279;6;0;77;0;6;0;114;4077;0;0;77;0;203
52;Pays de la Loire;2024-06-22;04:00;1798;0;0;771;0;4;0;55;977;0;0;426;344;830
44;Grand Est;2024-06-22;04:00;3407;65;6231;1846;0;1162;0;139;-6036;0;0;1846;0;9443
32;Hauts-de-France;2024-06-22;04:00;3935;190;3479;573;0;1;0;126;-434;0;0;573;0;4369
28;Normandie;2024-06-22;04:00;2071;158;5505;189;0;11;0;91;-3882;0;0;80;108;5954
27;Bourgogne-Franche-Comté;2024-06-22;04:00;1464;22;0;515;0;120;0;41;768;0;0;515;0;698
76;Occitanie;2024-06-22;04:00;2800;1;1609;533;0;1043;-585;99;101;0;0;533;0;2700
24;Centre-Val de Loire;2024-06-22;04:00;1460;0;6431;691;0;51;0;58;-5773;0;0;691;0;7231
93;Provence-Alpes-Côte d'Azur;2024-06-22;04:00;3187;34;0;37;0;1546;-51;120;1501;0;0;37;0;1686
75;Nouvelle-Aquitaine;2024-06-22;04:00;2961;15;3216;355;0;648;0;178;-1448;0;0;355;0;4412
84;Auvergne-Rhône-Alpes;2024-06-22;04:00;4929;10;8562;124;0;3338;-622;119;-6601;0;0;124;0;11531
28;Normandie;2024-06-22;04:30;1924;158;5498;276;0;11;0;88;-4108;0;0;84;192;6031
24;Centre-Val de Loire;2024-06-22;04:30;1355;0;6334;497;0;51;0;59;-5586;0;0;497;0;6941
32;Hauts-de-France;2024-06-22;04:30;3911;187;3559;547;0;1;0;119;-489;0;0;547;0;4413
27;Bourgogne-Franche-Comté;2024-06-22;04:30;1437;22;0;527;0;63;0;40;786;0;0;527;0;652
93;Provence-Alpes-Côte d'Azur;2024-06-22;04:30;3129;34;0;50;0;1534;-51;120;1442;0;0;50;0;1687
53;Bretagne;2024-06-22;04:30;1494;0;0;645;0;68;-1;58;725;0;0;212;433;770
76;Occitanie;2024-06-22;04:30;2605;1;1564;537;0;1028;-677;99;53;0;0;537;0;2552
84;Auvergne-Rhône-Alpes;2024-06-22;04:30;5016;11;8460;121;0;3329;-829;116;-6192;0;0;121;0;11208
52;Pays de la Loire;2024-06-22;04:30;1767;0;0;729;0;4;0;59;983;0;0;392;337;792
75;Nouvelle-Aquitaine;2024-06-22;04:30;2825;15;3266;381;0;618;0;178;-1631;0;0;381;0;4458
44;Grand Est;2024-06-22;04:30;3534;66;6226;1955;0;1159;-40;139;-5964;0;0;1955;0;9505
11;Île-de-France;2024-06-22;04:30;4310;120;0;78;0;6;0;118;3997;0;0;78;0;322
84;Auvergne-Rhône-Alpes;2024-06-22;05:00;4834;11;8097;121;0;3323;-896;118;-5940;0;0;121;0;10774
75;Nouvelle-Aquitaine;2024-06-22;05:00;2837;15;3297;409;0;547;0;180;-1618;0;0;409;0;4448
27;Bourgogne-Franche-Comté;2024-06-22;05:00;1386;23;0;478;0;62;0;43;783;0;0;478;0;606
32;Hauts-de-France;2024-06-22;05:00;3841;186;3600;496;0;1;0;95;-536;0;0;496;0;4378
53;Bretagne;2024-06-22;05:00;1446;0;0;637;0;18;-2;58;735;0;0;209;428;711
11;Île-de-France;2024-06-22;05:00;4305;125;0;65;0;6;0;120;3990;0;0;65;0;316
76;Occitanie;2024-06-22;05:00;2570;1;1631;565;0;1018;-675;100;-70;0;0;565;0;2640
52;Pays de la Loire;2024-06-22;05:00;1754;0;0;667;0;4;0;59;1032;0;0;363;304;730
28;Normandie;2024-06-22;05:00;1962;159;5747;404;0;11;0;89;-4448;0;0;108;296;6410
93;Provence-Alpes-Côte d'Azur;2024-06-22;05:00;3119;33;0;41;0;1546;-51;119;1430;0;0;41;0;1688
44;Grand Est;2024-06-22;05:00;3407;67;6209;2024;0;1160;-357;139;-5833;0;0;2024;0;9242
24;Centre-Val de Loire;2024-06-22;05:00;1406;0;6276;353;0;51;0;59;-5333;0;0;353;0;6739
84;Auvergne-Rhône-Alpes;2024-06-22;05:30;4838;11;8129;121;0;3265;-896;113;-5905;0;0;121;0;10743
75;Nouvelle-Aquitaine;2024-06-22;05:30;2858;16;3297;411;0;550;0;179;-1593;0;0;411;0;4453
32;Hauts-de-France;2024-06-22;05:30;3787;186;3598;405;0;1;0;99;-502;0;0;405;0;4289
27;Bourgogne-Franche-Comté;2024-06-22;05:30;1413;23;0;498;0;64;0;42;786;0;0;498;0;627
52;Pays de la Loire;2024-06-22;05:30;1743;0;0;614;0;4;0;55;1078;0;0;345;269;673
93;Provence-Alpes-Côte d'Azur;2024-06-22;05:30;3108;33;0;28;0;1545;-51;119;1434;0;0;28;0;1674
76;Occitanie;2024-06-22;05:30;2643;1;1704;555;0;995;-675;99;-36;0;0;555;0;2679
53;Bretagne;2024-06-22;05:30;1466;0;0;602;0;1;0;58;806;0;0;182;421;661
28;Normandie;2024-06-22;05:30;1985;159;5827;405;0;11;0;90;-4507;0;0;129;276;6492
24;Centre-Val de Loire;2024-06-22;05:30;1314;0;5973;288;0;52;0;59;-5059;0;0;288;0;6372
44;Grand Est;2024-06-22;05:30;3328;64;6296;2045;0;1158;-357;138;-6016;0;0;2045;0;9344
11;Île-de-France;2024-06-22;05:30;4321;126;0;54;0;5;0;116;4018;0;0;54;0;301
11;Île-de-France;2024-06-22;06:00;4295;126;0;30;0;5;0;117;4016;0;0;30;0;278
93;Provence-Alpes-Côte d'Azur;2024-06-22;06:00;3086;33;0;27;0;1544;-51;118;1415;0;0;27;0;1671
28;Normandie;2024-06-22;06:00;1975;160;5811;399;0;13;0;88;-4495;0;0;144;255;6471
24;Centre-Val de Loire;2024-06-22;06:00;1307;0;5913;316;0;51;0;59;-5033;0;0;316;0;6339
53;Bretagne;2024-06-22;06:00;1486;0;0;584;0;1;0;57;845;0;0;164;419;642
75;Nouvelle-Aquitaine;2024-06-22;06:00;2824;16;3296;429;0;549;0;179;-1645;0;0;429;0;4469
76;Occitanie;2024-06-22;06:00;2600;1;1679;564;0;1006;-675;98;-74;0;0;564;0;2673
32;Hauts-de-France;2024-06-22;06:00;3878;185;3595;273;0;1;0;117;-292;0;0;273;0;4171
52;Pays de la Loire;2024-06-22;06:00;1705;0;0;528;0;5;0;56;1125;0;0;322;206;589
44;Grand Est;2024-06-22;06:00;3337;62;6217;2314;2;1159;-287;140;-6270;0;0;2314;0;9607
84;Auvergne-Rhône-Alpes;2024-06-22;06:00;4760;11;8061;123;0;3261;-896;112;-5913;0;0;123;0;10672
27;Bourgogne-Franche-Comté;2024-06-22;06:00;1424;22;0;477;1;65;0;40;818;0;0;477;0;605
53;Bretagne;2024-06-22;06:30;1495;0;0;570;1;1;-1;56;867;0;0;151;419;627
84;Auvergne-Rhône-Alpes;2024-06-22;06:30;4852;11;8078;139;7;3295;-664;113;-6127;0;0;139;0;10979
75;Nouvelle-Aquitaine;2024-06-22;06:30;2805;16;3300;453;2;629;0;179;-1776;0;0;453;0;4579
76;Occitanie;2024-06-22;06:30;2565;1;1692;586;4;1003;-674;98;-145;0;0;586;0;2710
52;Pays de la Loire;2024-06-22;06:30;1710;0;0;503;1;5;0;56;1154;0;0;320;183;565
27;Bourgogne-Franche-Comté;2024-06-22;06:30;1428;23;0;427;4;70;0;39;864;0;0;427;0;563
44;Grand Est;2024-06-22;06:30;3511;64;6259;2439;13;1163;-181;140;-6390;0;0;2439;0;9897
11;Île-de-France;2024-06-22;06:30;4389;127;0;33;1;5;0;118;4096;0;0;33;0;284
93;Provence-Alpes-Côte d'Azur;2024-06-22;06:30;3103;33;0;39;14;1548;-51;118;1401;0;0;39;0;1701
24;Centre-Val de Loire;2024-06-22;06:30;1297;0;5928;374;1;51;0;59;-5116;0;0;374;0;6413
28;Normandie;2024-06-22;06:30;1950;160;5915;312;0;17;0;88;-4542;0;0;156;156;6492
32;Hauts-de-France;2024-06-22;06:30;3874;174;3592;252;2;1;0;125;-283;0;0;252;0;4146
93;Provence-Alpes-Côte d'Azur;2024-06-22;07:00;3150;34;0;37;55;1539;-51;116;1420;0;0;37;0;1730
24;Centre-Val de Loire;2024-06-22;07:00;1359;0;5900;423;10;52;0;59;-5085;0;0;423;0;6444
52;Pays de la Loire;2024-06-22;07:00;1735;0;0;448;15;5;0;59;1217;0;0;293;155;527
44;Grand Est;2024-06-22;07:00;3539;64;6180;2040;35;1161;-182;141;-5905;0;0;2040;0;9439
32;Hauts-de-France;2024-06-22;07:00;3895;182;3590;332;9;1;0;125;-353;0;0;332;0;4239
11;Île-de-France;2024-06-22;07:00;4472;126;0;41;5;5;0;116;4171;0;0;41;0;293
28;Normandie;2024-06-22;07:00;1995;159;5931;316;3;17;0;88;-4519;0;0;152;164;6514
27;Bourgogne-Franche-Comté;2024-06-22;07:00;1432;22;0;390;9;123;0;39;846;0;0;390;0;583
53;Bretagne;2024-06-22;07:00;1532;0;0;548;9;1;-1;57;918;0;0;155;393;614
75;Nouvelle-Aquitaine;2024-06-22;07:00;2878;16;3259;485;31;634;0;177;-1719;0;0;485;0;4602
76;Occitanie;2024-06-22;07:00;2537;1;1613;599;53;996;-242;98;-580;0;0;599;0;3118
84;Auvergne-Rhône-Alpes;2024-06-22;07:00;4916;11;7953;139;38;3288;-582;114;-6044;0;0;139;0;10961
76;Occitanie;2024-06-22;07:30;2735;1;1607;581;164;994;-53;98;-654;0;0;581;0;3392
75;Nouvelle-Aquitaine;2024-06-22;07:30;2930;15;3237;499;98;636;0;179;-1732;0;0;499;0;4664
93;Provence-Alpes-Côte d'Azur;2024-06-22;07:30;3244;34;0;30;139;1540;-51;118;1434;0;0;30;0;1810
84;Auvergne-Rhône-Alpes;2024-06-22;07:30;4967;11;7740;152;87;3279;-661;114;-5755;0;0;152;0;10722
28;Normandie;2024-06-22;07:30;2071;159;5835;311;9;18;0;88;-4348;0;0;146;165;6420
27;Bourgogne-Franche-Comté;2024-06-22;07:30;1494;22;0;406;21;123;0;39;886;0;0;406;0;611
52;Pays de la Loire;2024-06-22;07:30;1803;0;0;404;47;5;0;60;1296;0;0;276;127;516
53;Bretagne;2024-06-22;07:30;1549;0;0;518;27;3;-1;58;944;0;0;152;366;605
44;Grand Est;2024-06-22;07:30;3504;63;6017;1760;77;1161;-181;141;-5534;0;0;1760;0;9038
24;Centre-Val de Loire;2024-06-22;07:30;1304;0;6019;467;35;52;0;59;-5328;0;0;467;0;6632
32;Hauts-de-France;2024-06-22;07:30;3984;183;3545;367;15;1;0;126;-250;0;0;367;0;4237
11;Île-de-France;2024-06-22;07:30;4710;65;0;48;11;5;0;115;4467;0;0;48;0;244
28;Normandie;2024-06-22;08:00;2062;158;5808;300;17;18;0;89;-4326;0;0;137;163;6390
53;Bretagne;2024-06-22;08:00;1598;0;0;505;56;4;-1;58;975;0;0;134;372;622
84;Auvergne-Rhône-Alpes;2024-06-22;08:00;5081;10;7714;155;158;3265;-662;112;-5672;0;0;155;0;10752
76;Occitanie;2024-06-22;08:00;2878;1;1608;578;329;1004;-234;100;-505;0;0;578;0;3386
32;Hauts-de-France;2024-06-22;08:00;4020;184;3544;429;26;1;0;127;-290;0;0;429;0;4311
52;Pays de la Loire;2024-06-22;08:00;1894;0;0;346;97;5;0;60;1394;0;0;246;100;508
75;Nouvelle-Aquitaine;2024-06-22;08:00;2995;15;3229;499;187;635;0;182;-1755;0;0;499;0;4747
93;Provence-Alpes-Côte d'Azur;2024-06-22;08:00;3319;34;0;29;291;1558;0;118;1290;0;0;29;0;2030
11;Île-de-France;2024-06-22;08:00;4819;0;0;42;16;6;0;117;4645;0;0;42;0;181
24;Centre-Val de Loire;2024-06-22;08:00;1419;0;6670;494;63;52;0;59;-5919;0;0;494;0;7338
44;Grand Est;2024-06-22;08:00;3589;63;5992;1629;111;1159;-181;141;-5326;0;0;1629;0;8914
27;Bourgogne-Franche-Comté;2024-06-22;08:00;1578;23;0;386;34;123;0;38;977;0;0;386;0;604
93;Provence-Alpes-Côte d'Azur;2024-06-22;08:30;3511;34;0;28;499;1579;0;116;1256;0;0;28;0;2256
52;Pays de la Loire;2024-06-22;08:30;1998;0;0;283;158;5;0;60;1500;0;0;218;65;506
11;Île-de-France;2024-06-22;08:30;4960;0;0;35;23;6;0;119;4784;0;0;35;0;183
84;Auvergne-Rhône-Alpes;2024-06-22;08:30;5276;11;7797;146;269;3271;-601;115;-5731;0;0;146;0;11008
44;Grand Est;2024-06-22;08:30;3742;64;6052;1372;142;1163;-181;142;-5011;0;0;1372;0;8754
75;Nouvelle-Aquitaine;2024-06-22;08:30;3197;15;3241;488;275;589;0;180;-1591;0;0;488;0;4788
76;Occitanie;2024-06-22;08:30;2960;1;1635;602;556;991;-674;101;-252;0;0;602;0;3212
32;Hauts-de-France;2024-06-22;08:30;4096;185;3545;445;44;1;0;126;-248;0;0;445;0;4346
53;Bretagne;2024-06-22;08:30;1663;1;0;477;86;4;-12;58;1049;0;0;111;366;614
27;Bourgogne-Franche-Comté;2024-06-22;08:30;1591;23;0;349;49;125;0;38;1009;0;0;349;0;584
24;Centre-Val de Loire;2024-06-22;08:30;1525;0;6718;552;96;52;0;59;-5951;0;0;552;0;7477
28;Normandie;2024-06-22;08:30;2165;157;5714;309;29;18;0;88;-4149;0;0;139;170;6315
93;Provence-Alpes-Côte d'Azur;2024-06-22;09:00;3621;34;0;29;726;1590;0;116;1125;0;0;29;0;2495
24;Centre-Val de Loire;2024-06-22;09:00;1589;0;6606;520;134;52;0;59;-5782;0;0;520;0;7371
32;Hauts-de-France;2024-06-22;09:00;4228;185;3577;440;61;1;0;127;-162;0;0;440;0;4391
75;Nouvelle-Aquitaine;2024-06-22;09:00;3269;15;3241;474;370;581;0;180;-1591;0;0;474;0;4861
52;Pays de la Loire;2024-06-22;09:00;2041;0;0;261;244;5;0;59;1480;0;0;212;50;569
76;Occitanie;2024-06-22;09:00;3053;1;1643;629;816;995;-673;100;-456;0;0;629;0;3511
53;Bretagne;2024-06-22;09:00;1754;1;0;336;118;4;-25;58;1262;0;0;109;227;492
11;Île-de-France;2024-06-22;09:00;5277;0;0;42;28;6;0;119;5089;0;0;42;0;195
44;Grand Est;2024-06-22;09:00;3762;64;6128;1208;197;1158;-181;142;-4954;0;0;1208;0;8716
27;Bourgogne-Franche-Comté;2024-06-22;09:00;1693;23;0;298;73;126;0;38;1136;0;0;298;0;558
84;Auvergne-Rhône-Alpes;2024-06-22;09:00;5579;11;7780;158;371;3271;-575;114;-5552;0;0;158;0;11130
28;Normandie;2024-06-22;09:00;2199;157;5712;346;46;18;0;88;-4167;0;0;130;216;6367
93;Provence-Alpes-Côte d'Azur;2024-06-22;09:30;3799;34;0;38;940;1591;0;116;1080;0;0;38;0;2719
27;Bourgogne-Franche-Comté;2024-06-22;09:30;1751;22;0;282;104;128;0;38;1175;0;0;282;0;574
32;Hauts-de-France;2024-06-22;09:30;4374;185;3586;434;83;1;0;127;-40;0;0;434;0;4416
76;Occitanie;2024-06-22;09:30;3231;1;1651;613;1025;994;-684;100;-470;0;0;613;0;3700
28;Normandie;2024-06-22;09:30;2255;157;5728;453;66;12;0;89;-4249;0;0;152;301;6505
24;Centre-Val de Loire;2024-06-22;09:30;1650;0;6569;511;173;52;0;59;-5714;0;0;511;0;7364
53;Bretagne;2024-06-22;09:30;1803;1;0;245;156;4;-25;58;1364;0;0;121;123;439
52;Pays de la Loire;2024-06-22;09:30;2141;0;0;257;343;5;0;59;1486;0;0;209;48;664
44;Grand Est;2024-06-22;09:30;3938;60;6211;1086;227;1160;-180;142;-4767;0;0;1086;0;8706
75;Nouvelle-Aquitaine;2024-06-22;09:30;3439;15;3246;446;467;583;0;182;-1500;0;0;446;0;4939
84;Auvergne-Rhône-Alpes;2024-06-22;09:30;5717;11;7740;161;468;3251;-581;116;-5447;0;0;161;0;11166
11;Île-de-France;2024-06-22;09:30;5509;0;0;39;35;6;0;119;5313;0;0;39;0;199
28;Normandie;2024-06-22;10:00;2310;156;5718;475;95;11;0;88;-4233;0;0;179;295;6543
84;Auvergne-Rhône-Alpes;2024-06-22;10:00;5922;11;7717;162;574;3239;-571;115;-5326;0;0;162;0;11247
76;Occitanie;2024-06-22;10:00;3287;1;1644;625;1118;985;-686;101;-501;0;0;625;0;3788
27;Bourgogne-Franche-Comté;2024-06-22;10:00;1809;23;0;272;132;128;0;40;1214;0;0;272;0;595
52;Pays de la Loire;2024-06-22;10:00;2166;0;0;252;440;5;0;59;1419;0;0;204;48;756
32;Hauts-de-France;2024-06-22;10:00;4477;186;3588;425;104;1;0;122;53;0;0;425;0;4426
75;Nouvelle-Aquitaine;2024-06-22;10:00;3443;16;3171;382;586;585;0;181;-1479;0;0;382;0;4921
44;Grand Est;2024-06-22;10:00;4057;64;6197;932;221;1162;-180;141;-4479;0;0;932;0;8537
24;Centre-Val de Loire;2024-06-22;10:00;1711;0;6577;479;209;52;0;59;-5665;0;0;479;0;7376
93;Provence-Alpes-Côte d'Azur;2024-06-22;10:00;3910;34;0;39;1128;1585;0;117;1006;0;0;39;0;2903
53;Bretagne;2024-06-22;10:00;1841;1;0;266;191;4;-1;58;1322;0;0;127;139;519
11;Île-de-France;2024-06-22;10:00;5742;0;0;32;48;6;0;115;5546;0;0;32;0;201
28;Normandie;2024-06-22;10:30;2337;156;5716;528;113;12;0;89;-4277;0;0;193;335;6614
11;Île-de-France;2024-06-22;10:30;5936;0;0;28;60;5;0;117;5729;0;0;28;0;210
84;Auvergne-Rhône-Alpes;2024-06-22;10:30;5931;11;7678;165;695;3244;-588;115;-5390;0;0;165;0;11320
44;Grand Est;2024-06-22;10:30;4075;64;6127;778;262;1163;-306;143;-4155;0;0;778;0;8231
75;Nouvelle-Aquitaine;2024-06-22;10:30;3692;16;3125;375;736;564;0;185;-1306;0;0;375;0;5001
24;Centre-Val de Loire;2024-06-22;10:30;1830;0;6270;411;276;52;0;58;-5237;0;0;411;0;7067
53;Bretagne;2024-06-22;10:30;1879;1;0;252;225;4;0;58;1339;0;0;122;130;540
93;Provence-Alpes-Côte d'Azur;2024-06-22;10:30;4047;34;0;38;1222;1569;0;118;1065;0;0;38;0;2981
52;Pays de la Loire;2024-06-22;10:30;2247;0;0;272;530;5;0;60;1388;0;0;215;57;867
76;Occitanie;2024-06-22;10:30;3469;1;1601;649;1206;967;-693;102;-364;0;0;649;0;3833
27;Bourgogne-Franche-Comté;2024-06-22;10:30;1858;22;0;245;171;129;0;40;1252;0;0;245;0;607
32;Hauts-de-France;2024-06-22;10:30;4508;184;3590;403;134;1;0;123;74;0;0;403;0;4435
75;Nouvelle-Aquitaine;2024-06-22;11:00;3751;16;3097;344;873;564;0;179;-1317;0;0;344;0;5073
52;Pays de la Loire;2024-06-22;11:00;2263;0;0;300;594;4;0;61;1310;0;0;223;77;959
24;Centre-Val de Loire;2024-06-22;11:00;1805;0;5891;412;338;52;0;59;-4947;0;0;412;0;6752
27;Bourgogne-Franche-Comté;2024-06-22;11:00;1837;23;0;242;213;129;0;40;1190;0;0;242;0;647
84;Auvergne-Rhône-Alpes;2024-06-22;11:00;6023;11;7673;153;737;3223;-580;115;-5308;0;0;153;0;11332
76;Occitanie;2024-06-22;11:00;3607;1;1575;654;1330;996;-694;101;-356;0;0;654;0;3963
32;Hauts-de-France;2024-06-22;11:00;4579;184;3576;326;184;1;0;124;185;0;0;326;0;4395
44;Grand Est;2024-06-22;11:00;4178;65;5639;733;280;1161;-351;143;-3492;0;0;733;0;7670
28;Normandie;2024-06-22;11:00;2383;156;5712;547;122;12;0;89;-4254;0;0;225;322;6638
11;Île-de-France;2024-06-22;11:00;6023;0;0;27;93;5;0;115;5787;0;0;27;0;240
93;Provence-Alpes-Côte d'Azur;2024-06-22;11:00;4104;34;0;40;1332;1566;0;116;1015;0;0;40;0;3088
53;Bretagne;2024-06-22;11:00;1896;1;0;219;249;6;0;58;1363;0;0;113;106;533
52;Pays de la Loire;2024-06-22;11:30;2278;0;0;284;610;4;0;62;1324;0;0;213;71;960
32;Hauts-de-France;2024-06-22;11:30;4572;179;3136;248;218;1;0;125;665;0;0;248;0;3907
11;Île-de-France;2024-06-22;11:30;6228;0;0;21;129;5;0;116;5962;0;0;21;0;271
93;Provence-Alpes-Côte d'Azur;2024-06-22;11:30;4170;34;0;44;1383;1573;0;116;1021;0;0;44;0;3150
27;Bourgogne-Franche-Comté;2024-06-22;11:30;1837;22;0;237;250;131;0;39;1158;0;0;237;0;679
53;Bretagne;2024-06-22;11:30;1890;1;0;201;245;77;-1;58;1310;0;0;111;90;581
24;Centre-Val de Loire;2024-06-22;11:30;1960;0;5414;395;417;51;0;59;-4376;0;0;395;0;6336
84;Auvergne-Rhône-Alpes;2024-06-22;11:30;6075;11;7691;150;786;3256;-578;115;-5356;0;0;150;0;11431
75;Nouvelle-Aquitaine;2024-06-22;11:30;3874;15;2773;353;1002;561;0;180;-1011;0;0;353;0;4884
76;Occitanie;2024-06-22;11:30;3696;1;1575;572;1471;1044;-693;101;-373;0;0;572;0;4071
44;Grand Est;2024-06-22;11:30;4077;66;4697;608;318;1160;-350;143;-2565;0;0;608;0;6642
28;Normandie;2024-06-22;11:30;2446;156;5727;539;141;12;0;89;-4218;0;0;230;309;6664
28;Normandie;2024-06-22;12:00;2466;156;5571;520;158;12;0;88;-4037;0;0;254;265;6505
76;Occitanie;2024-06-22;12:00;3746;1;1575;552;1565;1053;-693;100;-405;0;0;552;0;4153
32;Hauts-de-France;2024-06-22;12:00;4621;179;2872;248;264;1;0;126;931;0;0;248;0;3690
24;Centre-Val de Loire;2024-06-22;12:00;1784;0;5168;351;475;51;0;59;-4320;0;0;351;0;6104
27;Bourgogne-Franche-Comté;2024-06-22;12:00;1913;22;0;210;299;81;0;40;1261;0;0;210;0;652
53;Bretagne;2024-06-22;12:00;1937;1;0;179;271;114;-1;57;1315;0;0;108;72;621
84;Auvergne-Rhône-Alpes;2024-06-22;12:00;6255;11;7581;139;911;3272;-571;113;-5201;0;0;139;0;11456
52;Pays de la Loire;2024-06-22;12:00;2354;0;0;274;622;4;0;61;1399;0;0;228;45;961
11;Île-de-France;2024-06-22;12:00;6344;0;0;19;150;5;0;114;6062;0;0;19;0;288
44;Grand Est;2024-06-22;12:00;4262;67;4590;493;333;1161;-349;144;-2178;0;0;493;0;6439
93;Provence-Alpes-Côte d'Azur;2024-06-22;12:00;4259;33;0;41;1474;1564;0;116;1031;0;0;41;0;3228
75;Nouvelle-Aquitaine;2024-06-22;12:00;3886;15;2628;347;1119;563;0;180;-965;0;0;347;0;4852
28;Normandie;2024-06-22;12:30;2529;156;5545;602;164;12;0;87;-4037;0;0;321;281;6566
44;Grand Est;2024-06-22;12:30;4264;68;4577;427;367;1164;-348;145;-2136;0;0;427;0;6400
75;Nouvelle-Aquitaine;2024-06-22;12:30;4035;16;2592;340;1196;481;0;175;-764;0;0;340;0;4800
52;Pays de la Loire;2024-06-22;12:30;2412;0;0;284;606;4;0;60;1463;0;0;233;50;954
24;Centre-Val de Loire;2024-06-22;12:30;1842;0;5021;365;562;51;0;59;-4217;0;0;365;0;6058
93;Provence-Alpes-Côte d'Azur;2024-06-22;12:30;4382;34;0;48;1496;1524;0;116;1165;0;0;48;0;3218
84;Auvergne-Rhône-Alpes;2024-06-22;12:30;6309;11;6732;134;989;3286;-609;113;-4346;0;0;134;0;10656
11;Île-de-France;2024-06-22;12:30;6417;0;0;16;149;5;0;101;6149;0;0;16;0;271
53;Bretagne;2024-06-22;12:30;2077;1;0;163;272;139;-1;57;1445;0;0;108;55;631
32;Hauts-de-France;2024-06-22;12:30;4788;183;2873;240;291;1;0;126;1075;0;0;240;0;3714
76;Occitanie;2024-06-22;12:30;3938;1;1573;562;1554;1054;-693;100;-213;0;0;562;0;4151
27;Bourgogne-Franche-Comté;2024-06-22;12:30;1975;23;0;181;328;72;0;42;1330;0;0;181;0;646
53;Bretagne;2024-06-22;13:00;2102;1;0;156;261;143;-1;58;1483;0;0;103;54;618
84;Auvergne-Rhône-Alpes;2024-06-22;13:00;6371;11;6402;124;1073;3310;-591;112;-4070;0;0;124;0;10441
24;Centre-Val de Loire;2024-06-22;13:00;1893;0;4985;379;620;51;0;58;-4201;0;0;379;0;6093
52;Pays de la Loire;2024-06-22;13:00;2493;0;0;296;633;5;0;61;1504;0;0;244;52;995
75;Nouvelle-Aquitaine;2024-06-22;13:00;4185;16;2575;362;1247;480;0;176;-669;0;0;362;0;4856
32;Hauts-de-France;2024-06-22;13:00;4768;184;2874;308;259;1;0;128;1015;0;0;308;0;3754
44;Grand Est;2024-06-22;13:00;4470;68;4575;414;447;1162;-348;144;-1993;0;0;414;0;6462
27;Bourgogne-Franche-Comté;2024-06-22;13:00;1950;22;0;175;364;69;0;42;1278;0;0;175;0;672
11;Île-de-France;2024-06-22;13:00;6512;0;0;24;180;5;0;101;6206;0;0;24;0;310
28;Normandie;2024-06-22;13:00;2598;156;5543;571;164;12;0;87;-3935;0;0;309;262;6533
93;Provence-Alpes-Côte d'Azur;2024-06-22;13:00;4399;34;0;50;1526;1599;0;116;1074;0;0;50;0;3325
76;Occitanie;2024-06-22;13:00;4144;1;1571;575;1631;1051;-693;98;-89;0;0;575;0;4234
53;Bretagne;2024-06-22;13:30;2009;1;0;161;267;144;-1;58;1380;0;0;97;64;630
11;Île-de-France;2024-06-22;13:30;6429;0;0;19;194;5;0;111;6107;0;0;19;0;329
24;Centre-Val de Loire;2024-06-22;13:30;1854;0;4921;376;617;51;0;58;-4169;0;0;376;0;6023
32;Hauts-de-France;2024-06-22;13:30;4792;183;2874;459;287;1;0;129;863;0;0;459;0;3933
84;Auvergne-Rhône-Alpes;2024-06-22;13:30;6311;11;6213;119;1112;3334;-663;112;-3927;0;0;119;0;10238
75;Nouvelle-Aquitaine;2024-06-22;13:30;3924;16;2517;396;1321;554;0;179;-1047;0;0;396;0;4983
76;Occitanie;2024-06-22;13:30;3842;1;1570;534;1649;1048;-694;99;-363;0;0;534;0;4207
44;Grand Est;2024-06-22;13:30;4367;65;4447;376;477;1159;-347;145;-1955;0;0;376;0;6322
28;Normandie;2024-06-22;13:30;2474;156;5451;533;170;12;0;88;-3935;0;0;291;242;6410
27;Bourgogne-Franche-Comté;2024-06-22;13:30;1893;22;0;138;411;59;0;42;1221;0;0;138;0;672
93;Provence-Alpes-Côte d'Azur;2024-06-22;13:30;4411;35;0;55;1554;1582;0;119;1067;0;0;55;0;3345
52;Pays de la Loire;2024-06-22;13:30;2376;0;0;293;661;5;0;60;1362;0;0;238;56;1019
93;Provence-Alpes-Côte d'Azur;2024-06-22;14:00;4330;35;0;54;1488;1580;0;119;1055;0;0;54;0;3276
11;Île-de-France;2024-06-22;14:00;6269;0;0;24;184;5;0;110;5957;0;0;24;0;323
76;Occitanie;2024-06-22;14:00;3921;1;1569;528;1614;1047;-694;98;-240;0;0;528;0;4163
28;Normandie;2024-06-22;14:00;2535;155;4945;490;191;12;0;88;-3346;0;0;286;204;5881
32;Hauts-de-France;2024-06-22;14:00;4640;182;2645;616;310;1;0;128;770;0;0;616;0;3882
75;Nouvelle-Aquitaine;2024-06-22;14:00;3991;16;2458;402;1362;551;0;179;-965;0;0;402;0;4968
52;Pays de la Loire;2024-06-22;14:00;2260;0;0;268;686;5;0;60;1246;0;0;209;59;1019
44;Grand Est;2024-06-22;14:00;3996;61;4336;316;550;1156;-347;145;-2218;0;0;316;0;6217
53;Bretagne;2024-06-22;14:00;1927;1;0;131;271;142;-1;58;1323;0;0;84;47;602
84;Auvergne-Rhône-Alpes;2024-06-22;14:00;6033;10;6063;126;1198;3362;-663;113;-4177;0;0;126;0;10209
27;Bourgogne-Franche-Comté;2024-06-22;14:00;1822;23;0;115;415;59;0;41;1170;0;0;115;0;653
24;Centre-Val de Loire;2024-06-22;14:00;1814;0;4871;488;672;51;0;58;-4327;0;0;488;0;6140
75;Nouvelle-Aquitaine;2024-06-22;14:30;3866;16;2187;413;1432;557;0;176;-908;0;0;413;0;4781
76;Occitanie;2024-06-22;14:30;3721;1;1568;571;1435;1044;-693;97;-301;0;0;571;0;4023
27;Bourgogne-Franche-Comté;2024-06-22;14:30;1819;22;0;139;399;61;0;40;1158;0;0;139;0;661
84;Auvergne-Rhône-Alpes;2024-06-22;14:30;6009;10;5627;123;1255;3310;-827;111;-3601;0;0;123;0;9609
24;Centre-Val de Loire;2024-06-22;14:30;1768;0;4919;512;710;52;0;59;-4484;0;0;512;0;6252
53;Bretagne;2024-06-22;14:30;1876;1;0;126;297;143;-1;59;1251;0;0;77;49;625
52;Pays de la Loire;2024-06-22;14:30;2185;0;0;288;713;5;0;60;1125;0;0;210;79;1066
44;Grand Est;2024-06-22;14:30;4055;60;4417;220;589;1158;-345;142;-2187;0;0;220;0;6241
11;Île-de-France;2024-06-22;14:30;6208;0;0;31;174;4;0;108;5896;0;0;31;0;317
93;Provence-Alpes-Côte d'Azur;2024-06-22;14:30;4258;35;0;48;1476;1604;0;119;976;0;0;48;0;3282
28;Normandie;2024-06-22;14:30;2278;155;4726;520;188;11;0;85;-3407;0;0;270;250;5685
32;Hauts-de-France;2024-06-22;14:30;4602;180;2177;693;311;1;0;126;1114;0;0;693;0;3488
11;Île-de-France;2024-06-22;15:00;6090;0;0;36;180;4;0;111;5764;0;0;36;0;331
93;Provence-Alpes-Côte d'Azur;2024-06-22;15:00;4241;35;0;48;1492;1615;0;119;932;0;0;48;0;3309
32;Hauts-de-France;2024-06-22;15:00;4468;179;2147;882;321;1;0;128;809;0;0;882;0;3658
84;Auvergne-Rhône-Alpes;2024-06-22;15:00;5891;10;5560;120;1213;3289;-896;111;-3515;0;0;120;0;9407
24;Centre-Val de Loire;2024-06-22;15:00;1816;0;4928;591;713;52;0;59;-4526;0;0;591;0;6343
27;Bourgogne-Franche-Comté;2024-06-22;15:00;1738;23;0;173;398;62;0;39;1044;0;0;173;0;695
52;Pays de la Loire;2024-06-22;15:00;2153;0;0;306;747;5;0;60;1041;0;0;208;98;1118
28;Normandie;2024-06-22;15:00;2290;154;4785;509;194;9;0;81;-3444;0;0;263;247;5732
75;Nouvelle-Aquitaine;2024-06-22;15:00;3698;15;1898;422;1413;562;0;174;-784;0;0;422;0;4484
76;Occitanie;2024-06-22;15:00;3617;1;1565;657;1272;1033;-693;97;-315;0;0;657;0;3932
44;Grand Est;2024-06-22;15:00;4140;61;4453;162;636;1160;-344;141;-2129;0;0;162;0;6269
53;Bretagne;2024-06-22;15:00;1801;1;0;153;291;143;-1;58;1156;0;0;79;74;645
84;Auvergne-Rhône-Alpes;2024-06-22;15:30;5828;10;5723;127;1143;3280;-894;111;-3672;0;0;127;0;9500
44;Grand Est;2024-06-22;15:30;4086;62;4483;123;706;1163;-342;143;-2255;0;0;123;0;6338
75;Nouvelle-Aquitaine;2024-06-22;15:30;3665;16;1888;417;1387;563;0;176;-787;0;0;417;0;4447
52;Pays de la Loire;2024-06-22;15:30;2145;0;0;317;773;4;0;61;995;0;0;205;112;1155
93;Provence-Alpes-Côte d'Azur;2024-06-22;15:30;4116;34;0;49;1433;1632;0;120;847;0;0;49;0;3268
11;Île-de-France;2024-06-22;15:30;5991;0;0;49;185;4;0;106;5647;0;0;49;0;344
32;Hauts-de-France;2024-06-22;15:30;4387;179;2162;1092;294;1;0;127;525;0;0;1092;0;3855
24;Centre-Val de Loire;2024-06-22;15:30;1736;0;4981;603;656;52;0;59;-4615;0;0;603;0;6351
53;Bretagne;2024-06-22;15:30;1774;1;0;164;301;140;-1;58;1111;0;0;81;83;663
27;Bourgogne-Franche-Comté;2024-06-22;15:30;1782;22;0;153;406;62;0;40;1098;0;0;153;0;683
76;Occitanie;2024-06-22;15:30;3652;1;1564;716;1076;1036;-691;97;-148;0;0;716;0;3799
28;Normandie;2024-06-22;15:30;2254;154;4830;527;191;10;0;80;-3538;0;0;271;256;5792
52;Pays de la Loire;2024-06-22;16:00;2099;0;0;365;762;3;0;61;913;0;0;184;181;1191
93;Provence-Alpes-Côte d'Azur;2024-06-22;16:00;4078;34;0;50;1404;1647;0;124;819;0;0;50;0;3259
84;Auvergne-Rhône-Alpes;2024-06-22;16:00;5764;10;6079;108;1095;3270;-662;112;-4248;0;0;108;0;10012
11;Île-de-France;2024-06-22;16:00;5888;0;0;29;182;4;0;106;5565;0;0;29;0;321
53;Bretagne;2024-06-22;16:00;1736;1;0;141;287;136;-1;58;1115;0;0;74;67;622
28;Normandie;2024-06-22;16:00;2234;154;4888;519;201;11;0;80;-3619;0;0;279;240;5853
32;Hauts-de-France;2024-06-22;16:00;4427;178;2180;1181;319;1;0;129;432;0;0;1181;0;3988
24;Centre-Val de Loire;2024-06-22;16:00;1695;0;5008;588;670;52;0;59;-4681;0;0;588;0;6377
75;Nouvelle-Aquitaine;2024-06-22;16:00;3548;16;1964;389;1318;568;0;177;-899;0;0;389;0;4432
76;Occitanie;2024-06-22;16:00;3499;1;1564;778;916;1039;-689;98;-207;0;0;778;0;3707
44;Grand Est;2024-06-22;16:00;3890;63;4519;102;631;1160;-340;144;-2393;0;0;102;0;6279
27;Bourgogne-Franche-Comté;2024-06-22;16:00;1721;23;0;101;406;62;0;40;1089;0;0;101;0;632
53;Bretagne;2024-06-22;16:30;1709;1;0;117;278;103;-1;58;1152;0;0;78;39;556
32;Hauts-de-France;2024-06-22;16:30;4409;176;2170;1228;275;1;0;130;429;0;0;1228;0;3980
76;Occitanie;2024-06-22;16:30;3437;1;1568;826;788;1038;-690;99;-193;0;0;826;0;3630
52;Pays de la Loire;2024-06-22;16:30;2058;0;0;397;785;3;0;61;816;0;0;192;206;1246
93;Provence-Alpes-Côte d'Azur;2024-06-22;16:30;4008;34;0;52;1357;1643;0;121;801;0;0;52;0;3207
44;Grand Est;2024-06-22;16:30;3926;62;4585;78;612;1157;-339;143;-2374;0;0;78;0;6298
24;Centre-Val de Loire;2024-06-22;16:30;1735;0;5001;633;706;52;0;59;-4715;0;0;633;0;6451
27;Bourgogne-Franche-Comté;2024-06-22;16:30;1755;23;0;82;355;65;0;39;1191;0;0;82;0;564
75;Nouvelle-Aquitaine;2024-06-22;16:30;3529;16;1954;388;1252;564;0;182;-832;0;0;388;0;4356
84;Auvergne-Rhône-Alpes;2024-06-22;16:30;5727;10;6312;134;1028;3247;-661;113;-4458;0;0;134;0;10183
28;Normandie;2024-06-22;16:30;2072;154;5456;500;194;11;0;84;-4327;0;0;289;210;6399
11;Île-de-France;2024-06-22;16:30;5759;0;0;23;172;4;0;108;5456;0;0;23;0;307
32;Hauts-de-France;2024-06-22;17:00;4236;173;2470;1369;251;1;0;130;-159;0;0;1369;0;4394
27;Bourgogne-Franche-Comté;2024-06-22;17:00;1732;22;0;58;333;65;0;38;1216;0;0;58;0;516
44;Grand Est;2024-06-22;17:00;3846;62;4623;62;563;1160;-337;143;-2431;0;0;62;0;6276
76;Occitanie;2024-06-22;17:00;3387;1;1571;854;660;1042;-362;98;-477;0;0;854;0;3864
93;Provence-Alpes-Côte d'Azur;2024-06-22;17:00;4005;33;0;56;1159;1661;0;123;973;0;0;56;0;3032
52;Pays de la Loire;2024-06-22;17:00;2052;0;0;395;744;3;0;60;856;0;0;194;200;1202
53;Bretagne;2024-06-22;17:00;1689;1;0;117;261;49;-1;58;1204;0;0;84;33;485
28;Normandie;2024-06-22;17:00;2223;154;5712;483;190;11;0;84;-4411;0;0;282;201;6634
75;Nouvelle-Aquitaine;2024-06-22;17:00;3505;16;1993;360;1149;567;0;182;-765;0;0;360;0;4267
84;Auvergne-Rhône-Alpes;2024-06-22;17:00;5548;10;6511;128;957;3276;-569;112;-4879;0;0;128;0;10425
24;Centre-Val de Loire;2024-06-22;17:00;1741;0;4997;558;625;52;0;59;-4551;0;0;558;0;6291
11;Île-de-France;2024-06-22;17:00;5801;0;0;35;162;4;0;110;5494;0;0;35;0;311
53;Bretagne;2024-06-22;17:30;1667;1;0;123;241;6;-2;57;1240;0;0;89;33;426
24;Centre-Val de Loire;2024-06-22;17:30;1462;0;5771;520;592;52;0;59;-5532;0;0;520;0;6994
52;Pays de la Loire;2024-06-22;17:30;2052;0;0;365;684;3;0;58;947;0;0;175;190;1110
32;Hauts-de-France;2024-06-22;17:30;4275;182;2849;1442;227;1;0;128;-551;0;0;1442;0;4829
27;Bourgogne-Franche-Comté;2024-06-22;17:30;1700;23;0;68;307;76;0;38;1190;0;0;68;0;512
28;Normandie;2024-06-22;17:30;2212;155;5610;450;177;10;0;81;-4271;0;0;266;183;6483
93;Provence-Alpes-Côte d'Azur;2024-06-22;17:30;3991;33;0;58;954;1653;0;124;1169;0;0;58;0;2822
11;Île-de-France;2024-06-22;17:30;5797;0;0;41;158;4;0;109;5492;0;0;41;0;312
44;Grand Est;2024-06-22;17:30;4030;62;4887;70;516;1169;-336;143;-2480;0;0;70;0;6511
75;Nouvelle-Aquitaine;2024-06-22;17:30;3375;16;2658;346;1058;635;0;183;-1517;0;0;346;0;4896
76;Occitanie;2024-06-22;17:30;3517;1;1575;859;583;1039;-55;98;-581;0;0;859;0;4100
84;Auvergne-Rhône-Alpes;2024-06-22;17:30;5743;10;7133;145;797;3300;-15;112;-5739;0;0;145;0;11482
84;Auvergne-Rhône-Alpes;2024-06-22;18:00;5734;11;7555;171;648;3316;-15;111;-6064;0;0;171;0;11797
75;Nouvelle-Aquitaine;2024-06-22;18:00;3482;16;3191;338;955;647;0;182;-1850;0;0;338;0;5329
76;Occitanie;2024-06-22;18:00;3554;1;1608;902;456;1024;-573;99;38;0;0;902;0;3517
24;Centre-Val de Loire;2024-06-22;18:00;1395;0;6591;442;499;52;0;58;-6247;0;0;442;0;7642
44;Grand Est;2024-06-22;18:00;3875;62;5143;65;460;1168;-333;143;-2830;0;0;65;0;6708
28;Normandie;2024-06-22;18:00;2185;155;5606;470;165;10;0;80;-4300;0;0;253;216;6486
52;Pays de la Loire;2024-06-22;18:00;2046;0;0;362;627;3;0;58;1001;0;0;174;187;1050
11;Île-de-France;2024-06-22;18:00;6111;0;0;42;143;4;0;113;5820;0;0;42;0;302
27;Bourgogne-Franche-Comté;2024-06-22;18:00;1710;23;0;77;269;84;0;38;1223;0;0;77;0;491
53;Bretagne;2024-06-22;18:00;1711;1;0;150;229;1;0;56;1275;0;0;106;44;437
93;Provence-Alpes-Côte d'Azur;2024-06-22;18:00;4023;33;0;62;786;1664;0;124;1354;0;0;62;0;2669
32;Hauts-de-France;2024-06-22;18:00;4340;176;3198;1589;224;1;0;129;-969;0;0;1589;0;5317
84;Auvergne-Rhône-Alpes;2024-06-22;18:30;5868;11;7662;174;491;3371;-168;112;-5785;0;0;174;0;11653
75;Nouvelle-Aquitaine;2024-06-22;18:30;3515;16;3191;336;829;650;0;183;-1690;0;0;336;0;5205
27;Bourgogne-Franche-Comté;2024-06-22;18:30;1734;23;0;90;240;86;0;39;1260;0;0;90;0;478
53;Bretagne;2024-06-22;18:30;1731;1;0;168;188;1;-1;58;1316;0;0;122;46;415
52;Pays de la Loire;2024-06-22;18:30;2086;0;0;350;556;3;0;59;1123;0;0;182;167;968
11;Île-de-France;2024-06-22;18:30;6143;0;0;42;121;4;0;110;5873;0;0;42;0;277
24;Centre-Val de Loire;2024-06-22;18:30;1456;0;6655;440;436;52;0;59;-6186;0;0;440;0;7642
44;Grand Est;2024-06-22;18:30;3869;82;5630;123;370;1167;-3;143;-3638;0;0;123;0;7512
93;Provence-Alpes-Côte d'Azur;2024-06-22;18:30;4052;33;0;61;562;1660;0;124;1612;0;0;61;0;2440
28;Normandie;2024-06-22;18:30;2228;155;5605;469;144;10;0;81;-4237;0;0;240;229;6464
76;Occitanie;2024-06-22;18:30;3460;1;1593;930;357;956;-667;98;192;0;0;930;0;3268
32;Hauts-de-France;2024-06-22;18:30;4445;172;3418;1511;220;1;0;128;-999;0;0;1511;0;5450
11;Île-de-France;2024-06-22;19:00;6261;0;0;30;102;4;0;111;6017;0;0;30;0;247
28;Normandie;2024-06-22;19:00;2264;158;5748;428;122;11;0;80;-4283;0;0;218;210;6547
93;Provence-Alpes-Côte d'Azur;2024-06-22;19:00;4061;34;0;61;332;1682;0;122;1831;0;0;61;0;2231
76;Occitanie;2024-06-22;19:00;3485;1;1642;921;289;1026;-666;99;174;0;0;921;0;3312
84;Auvergne-Rhône-Alpes;2024-06-22;19:00;5781;11;7920;164;379;3423;-339;112;-5890;0;0;164;0;11670
52;Pays de la Loire;2024-06-22;19:00;2091;0;0;350;453;3;0;59;1231;0;0;205;145;865
53;Bretagne;2024-06-22;19:00;1794;1;0;159;159;1;-1;58;1416;0;0;118;42;377
44;Grand Est;2024-06-22;19:00;4030;89;6144;243;302;1411;0;144;-4302;0;0;243;0;8333
32;Hauts-de-France;2024-06-22;19:00;4484;183;3469;1296;175;1;0;128;-766;0;0;1296;0;5252
27;Bourgogne-Franche-Comté;2024-06-22;19:00;1766;22;0;86;203;138;0;39;1279;0;0;86;0;488
75;Nouvelle-Aquitaine;2024-06-22;19:00;3549;15;3246;323;693;690;0;182;-1600;0;0;323;0;5149
24;Centre-Val de Loire;2024-06-22;19:00;1472;0;6726;392;342;52;0;59;-6098;0;0;392;0;7571
84;Auvergne-Rhône-Alpes;2024-06-22;19:30;5915;11;8366;179;287;3504;-339;114;-6206;0;0;179;0;12122
76;Occitanie;2024-06-22;19:30;3471;1;2118;1016;202;1096;-667;100;-396;0;0;1016;0;3866
32;Hauts-de-France;2024-06-22;19:30;4479;184;3474;1270;136;1;0;128;-718;0;0;1270;0;5193
24;Centre-Val de Loire;2024-06-22;19:30;1463;0;6767;347;255;52;0;59;-6016;0;0;347;0;7480
11;Île-de-France;2024-06-22;19:30;6275;0;0;27;74;4;0;109;6060;0;0;27;0;214
93;Provence-Alpes-Côte d'Azur;2024-06-22;19:30;4060;34;0;60;182;1720;0;122;1943;0;0;60;0;2118
28;Normandie;2024-06-22;19:30;2284;166;5741;435;92;11;0;80;-4242;0;0;199;236;6525
75;Nouvelle-Aquitaine;2024-06-22;19:30;3661;16;3247;329;552;705;0;182;-1366;0;0;329;0;5031
53;Bretagne;2024-06-22;19:30;1790;1;0;136;130;1;-1;59;1464;0;0;109;27;326
44;Grand Est;2024-06-22;19:30;4135;90;6138;361;237;1439;0;144;-4276;0;0;361;0;8409
52;Pays de la Loire;2024-06-22;19:30;2152;0;0;341;361;3;0;60;1392;0;0;199;142;765
27;Bourgogne-Franche-Comté;2024-06-22;19:30;1740;23;0;76;154;137;0;40;1309;0;0;76;0;430
84;Auvergne-Rhône-Alpes;2024-06-22;20:00;5883;11;8585;193;199;3535;-264;113;-6489;0;0;193;0;12372
24;Centre-Val de Loire;2024-06-22;20:00;1473;0;6794;274;170;52;0;58;-5876;0;0;274;0;7348
32;Hauts-de-France;2024-06-22;20:00;4416;186;3483;1304;103;1;0;127;-793;0;0;1304;0;5204
76;Occitanie;2024-06-22;20:00;3525;1;2416;1001;139;1115;-519;100;-727;0;0;1001;0;4253
52;Pays de la Loire;2024-06-22;20:00;2131;0;0;294;258;3;0;60;1521;0;0;199;95;615
75;Nouvelle-Aquitaine;2024-06-22;20:00;3606;16;3249;360;415;724;0;178;-1331;0;0;360;0;4942
27;Bourgogne-Franche-Comté;2024-06-22;20:00;1712;22;0;81;107;138;0;40;1323;0;0;81;0;388
53;Bretagne;2024-06-22;20:00;1782;1;0;101;98;1;-1;59;1524;0;0;87;14;259
93;Provence-Alpes-Côte d'Azur;2024-06-22;20:00;4020;34;0;58;114;1728;0;122;1965;0;0;58;0;2056
11;Île-de-France;2024-06-22;20:00;6331;0;0;23;60;4;0;111;6130;0;0;23;0;198
44;Grand Est;2024-06-22;20:00;3939;90;6173;354;173;1439;0;141;-4433;0;0;354;0;8370
28;Normandie;2024-06-22;20:00;2275;168;5767;411;67;13;0;81;-4233;0;0;176;235;6507
75;Nouvelle-Aquitaine;2024-06-22;20:30;3579;15;3232;354;272;895;0;178;-1365;0;0;354;0;4946
32;Hauts-de-France;2024-06-22;20:30;4355;187;3468;1188;58;1;0;128;-678;0;0;1188;0;5030
27;Bourgogne-Franche-Comté;2024-06-22;20:30;1713;22;0;91;57;139;0;40;1362;0;0;91;0;349
24;Centre-Val de Loire;2024-06-22;20:30;1423;0;6804;215;102;52;0;59;-5808;0;0;215;0;7232
93;Provence-Alpes-Côte d'Azur;2024-06-22;20:30;3874;34;0;61;65;1655;0;122;1937;0;0;61;0;1937
76;Occitanie;2024-06-22;20:30;3612;1;2420;980;83;1242;-53;99;-1160;0;0;980;0;4772
84;Auvergne-Rhône-Alpes;2024-06-22;20:30;5725;11;8568;228;117;3586;-15;114;-6885;0;0;228;0;12609
52;Pays de la Loire;2024-06-22;20:30;2071;0;0;276;163;3;0;59;1575;0;0;190;86;501
53;Bretagne;2024-06-22;20:30;1728;0;0;81;63;3;-1;58;1522;0;0;75;6;204
11;Île-de-France;2024-06-22;20:30;6228;0;0;24;36;4;0;113;6056;0;0;24;0;177
44;Grand Est;2024-06-22;20:30;3851;90;6098;255;101;1439;0;141;-4275;0;0;255;0;8124
28;Normandie;2024-06-22;20:30;2211;168;5809;380;40;17;0;81;-4285;0;0;141;239;6495
53;Bretagne;2024-06-22;21:00;1671;0;0;71;34;4;-26;59;1528;0;0;73;0;142
44;Grand Est;2024-06-22;21:00;3825;90;6254;181;50;1440;0;143;-4334;0;0;181;0;8158
75;Nouvelle-Aquitaine;2024-06-22;21:00;3429;16;3250;324;147;907;0;177;-1394;0;0;324;0;4821
76;Occitanie;2024-06-22;21:00;3366;1;2450;917;37;1256;-18;99;-1376;0;0;917;0;4742
28;Normandie;2024-06-22;21:00;2181;169;5934;355;20;17;0;82;-4395;0;0;107;248;6577
32;Hauts-de-France;2024-06-22;21:00;4218;187;3527;1078;28;1;0;128;-736;0;0;1078;0;4949
27;Bourgogne-Franche-Comté;2024-06-22;21:00;1688;22;0;89;29;140;0;40;1367;0;0;89;0;320
93;Provence-Alpes-Côte d'Azur;2024-06-22;21:00;3836;34;0;58;21;1817;0;126;1780;0;0;58;0;2056
84;Auvergne-Rhône-Alpes;2024-06-22;21:00;5726;11;8619;238;62;3609;-15;114;-6913;0;0;238;0;12638
52;Pays de la Loire;2024-06-22;21:00;2011;0;0;273;85;3;0;59;1596;0;0;167;107;420
24;Centre-Val de Loire;2024-06-22;21:00;1410;0;6836;174;51;52;0;58;-5761;0;0;174;0;7171
11;Île-de-France;2024-06-22;21:00;6093;0;0;19;18;4;0;112;5943;0;0;19;0;153
28;Normandie;2024-06-22;21:30;2305;169;5962;310;9;17;0;82;-4245;0;0;84;227;6549
93;Provence-Alpes-Côte d'Azur;2024-06-22;21:30;3788;34;0;56;2;1841;0;123;1734;0;0;56;0;2056
24;Centre-Val de Loire;2024-06-22;21:30;1465;0;6862;123;23;52;0;57;-5653;0;0;123;0;7117
52;Pays de la Loire;2024-06-22;21:30;1980;0;0;240;37;3;0;58;1646;0;0;152;89;338
53;Bretagne;2024-06-22;21:30;1654;0;0;62;17;4;-49;58;1561;0;0;66;0;92
11;Île-de-France;2024-06-22;21:30;5940;0;0;11;8;4;0;112;5809;0;0;11;0;135
76;Occitanie;2024-06-22;21:30;3304;1;2473;947;8;1724;-17;97;-1929;0;0;947;0;5233
44;Grand Est;2024-06-22;21:30;3814;90;6316;144;19;1460;0;141;-4356;0;0;144;0;8170
32;Hauts-de-France;2024-06-22;21:30;4224;187;3570;962;12;1;0;126;-632;0;0;962;0;4858
27;Bourgogne-Franche-Comté;2024-06-22;21:30;1745;22;0;78;10;140;0;40;1455;0;0;78;0;290
75;Nouvelle-Aquitaine;2024-06-22;21:30;3420;15;3267;278;54;887;0;173;-1256;0;0;278;0;4674
84;Auvergne-Rhône-Alpes;2024-06-22;21:30;5512;11;8630;217;19;3971;-15;115;-7436;0;0;217;0;12948
53;Bretagne;2024-06-22;22:00;1732;0;0;43;5;4;-56;58;1677;0;0;47;0;54
93;Provence-Alpes-Côte d'Azur;2024-06-22;22:00;3760;33;0;48;0;1858;0;125;1695;0;0;48;0;2064
28;Normandie;2024-06-22;22:00;2284;169;5963;310;3;17;0;82;-4261;0;0;66;244;6544
76;Occitanie;2024-06-22;22:00;3171;1;2482;921;0;1935;-17;98;-2247;0;0;921;0;5420
75;Nouvelle-Aquitaine;2024-06-22;22:00;3193;15;3276;243;5;925;0;170;-1438;0;0;243;0;4634
44;Grand Est;2024-06-22;22:00;3789;90;6348;108;1;1459;0;142;-4357;0;0;108;0;8148
11;Île-de-France;2024-06-22;22:00;5869;0;0;9;2;4;0;114;5744;0;0;9;0;129
32;Hauts-de-France;2024-06-22;22:00;4326;185;3575;832;3;1;0;126;-394;0;0;832;0;4722
84;Auvergne-Rhône-Alpes;2024-06-22;22:00;5611;11;8631;192;1;4110;-15;115;-7435;0;0;192;0;13045
52;Pays de la Loire;2024-06-22;22:00;1954;0;0;205;9;3;0;58;1684;0;0;132;73;275
27;Bourgogne-Franche-Comté;2024-06-22;22:00;1731;22;0;58;1;140;0;40;1470;0;0;58;0;261
24;Centre-Val de Loire;2024-06-22;22:00;1388;0;6865;91;4;52;0;58;-5684;0;0;91;0;7070
53;Bretagne;2024-06-22;22:30;1790;0;0;28;0;4;-56;58;1754;0;0;33;0;34
76;Occitanie;2024-06-22;22:30;3399;1;2467;808;0;2026;-17;98;-1984;0;0;808;0;5383
44;Grand Est;2024-06-22;22:30;3961;90;6333;91;0;1447;0;140;-4138;0;0;91;0;8101
11;Île-de-France;2024-06-22;22:30;6016;0;0;11;0;4;0;113;5891;0;0;11;0;128
28;Normandie;2024-06-22;22:30;2478;169;5965;278;0;17;0;82;-4033;0;0;58;220;6511
75;Nouvelle-Aquitaine;2024-06-22;22:30;3526;16;3264;231;0;1011;0;173;-1167;0;0;231;0;4695
32;Hauts-de-France;2024-06-22;22:30;4300;185;3579;767;0;1;0;125;-354;0;0;767;0;4657
52;Pays de la Loire;2024-06-22;22:30;2139;0;0;179;0;4;0;58;1903;0;0;113;66;241
93;Provence-Alpes-Côte d'Azur;2024-06-22;22:30;3827;34;0;50;0;1896;0;127;1721;0;0;50;0;2107
27;Bourgogne-Franche-Comté;2024-06-22;22:30;1754;22;0;54;0;141;0;39;1498;0;0;54;0;256
84;Auvergne-Rhône-Alpes;2024-06-22;22:30;5812;11;8615;169;0;4787;-15;116;-7870;0;0;169;0;13683
24;Centre-Val de Loire;2024-06-22;22:30;1514;0;6906;73;0;52;0;58;-5574;0;0;73;0;7089
84;Auvergne-Rhône-Alpes;2024-06-22;23:00;5966;11;8553;163;0;4831;-15;115;-7692;0;0;163;0;13658
52;Pays de la Loire;2024-06-22;23:00;2497;0;0;165;0;4;0;58;2276;0;0;102;62;227
32;Hauts-de-France;2024-06-22;23:00;4364;182;3583;793;0;1;0;123;-316;0;0;793;0;4682
27;Bourgogne-Franche-Comté;2024-06-22;23:00;1795;22;0;68;0;141;0;40;1525;0;0;68;0;271
24;Centre-Val de Loire;2024-06-22;23:00;1493;0;6878;80;0;52;0;58;-5575;0;0;80;0;7068
11;Île-de-France;2024-06-22;23:00;6389;0;0;18;0;4;0;113;6258;0;0;18;0;135
28;Normandie;2024-06-22;23:00;2543;170;5966;267;0;17;0;82;-3959;0;0;59;208;6502
53;Bretagne;2024-06-22;23:00;1990;0;0;33;0;4;-1;58;1897;0;0;37;0;94
75;Nouvelle-Aquitaine;2024-06-22;23:00;3668;15;3235;229;0;1039;0;177;-1025;0;0;229;0;4695
76;Occitanie;2024-06-22;23:00;3638;1;2427;756;0;2318;-17;98;-1945;0;0;756;0;5583
93;Provence-Alpes-Côte d'Azur;2024-06-22;23:00;3892;35;0;44;0;1889;0;126;1798;0;0;44;0;2094
44;Grand Est;2024-06-22;23:00;4015;90;6253;98;0;1433;0;140;-3997;0;0;98;0;8014
28;Normandie;2024-06-22;23:30;2476;171;5972;252;0;12;0;81;-4011;0;0;56;196;6488
52;Pays de la Loire;2024-06-22;23:30;2381;0;0;147;0;4;0;59;2177;0;0;92;55;210
32;Hauts-de-France;2024-06-22;23:30;4329;183;3588;760;0;1;0;124;-329;0;0;760;0;4656
53;Bretagne;2024-06-22;23:30;1891;0;0;34;0;20;-1;57;1781;0;0;38;0;110
93;Provence-Alpes-Côte d'Azur;2024-06-22;23:30;4176;35;0;42;0;1896;0;125;2079;0;0;42;0;2098
75;Nouvelle-Aquitaine;2024-06-22;23:30;3601;15;3263;227;0;985;0;178;-1069;0;0;227;0;4668
44;Grand Est;2024-06-22;23:30;4092;90;6332;114;0;1473;0;140;-4056;0;0;114;0;8149
76;Occitanie;2024-06-22;23:30;3511;1;2463;750;0;2193;-17;96;-1975;0;0;750;0;5486
11;Île-de-France;2024-06-22;23:30;6276;0;0;19;0;4;0;111;6145;0;0;19;0;134
84;Auvergne-Rhône-Alpes;2024-06-22;23:30;6021;11;8616;168;0;4893;-15;116;-7768;0;0;168;0;13789
27;Bourgogne-Franche-Comté;2024-06-22;23:30;1695;22;0;80;0;141;0;39;1412;0;0;80;0;282
24;Centre-Val de Loire;2024-06-22;23:30;1570;0;6918;89;0;52;0;59;-5549;0;0;89;0;7118
93;Provence-Alpes-Côte d'Azur;2024-08-13;00:00;4680;80;0;0;0;898;0;84;3618;0;0;0;0;1062
53;Bretagne;2024-08-13;00:00;2249;4;0;93;0;0;-21;55;2119;0;0;16;77;131
24;Centre-Val de Loire;2024-08-13;00:00;1714;0;7829;196;0;1;0;61;-6373;0;0;196;0;8087
27;Bourgogne-Franche-Comté;2024-08-13;00:00;1645;21;0;110;0;102;0;46;1366;0;0;110;0;279
32;Hauts-de-France;2024-08-13;00:00;4498;291;3525;752;0;2;0;121;-192;0;0;752;0;4691
52;Pays de la Loire;2024-08-13;00:00;2450;0;0;262;0;1;0;58;2135;0;0;41;221;321
75;Nouvelle-Aquitaine;2024-08-13;00:00;4284;15;4700;112;1;77;0;186;-795;0;0;112;0;5091
76;Occitanie;2024-08-13;00:00;4212;1;257;0;0;1403;0;110;2443;0;0;0;0;1771
11;Île-de-France;2024-08-13;00:00;5810;0;0;66;0;10;0;155;5582;0;0;66;0;231
84;Auvergne-Rhône-Alpes;2024-08-13;00:00;5900;6;8464;55;0;4134;-12;121;-6867;0;0;55;0;12768
44;Grand Est;2024-08-13;00:00;3854;221;8740;242;0;1409;-1;133;-6890;0;0;242;0;10744
28;Normandie;2024-08-13;00:00;2500;193;7521;243;0;14;0;78;-5549;0;0;76;167;8049
75;Nouvelle-Aquitaine;2024-08-13;00:30;4237;15;4703;104;1;63;0;187;-842;0;0;104;0;5073
52;Pays de la Loire;2024-08-13;00:30;2368;0;0;111;0;1;0;58;2204;0;0;40;71;170
76;Occitanie;2024-08-13;00:30;3992;1;257;0;0;1397;0;108;2231;0;0;0;0;1763
28;Normandie;2024-08-13;00:30;2384;193;7505;280;0;14;0;75;-5682;0;0;69;211;8067
84;Auvergne-Rhône-Alpes;2024-08-13;00:30;5781;6;8420;56;0;4422;-12;121;-7232;0;0;56;0;13013
93;Provence-Alpes-Côte d'Azur;2024-08-13;00:30;4369;33;0;0;0;835;0;86;3416;0;0;0;0;954
24;Centre-Val de Loire;2024-08-13;00:30;1625;0;7933;113;0;1;0;61;-6483;0;0;113;0;8108
32;Hauts-de-France;2024-08-13;00:30;4340;278;3524;623;0;2;0;121;-213;0;0;623;0;4548
44;Grand Est;2024-08-13;00:30;3736;276;8752;258;0;1414;-1;133;-7098;0;0;258;0;10832
53;Bretagne;2024-08-13;00:30;2090;0;0;29;0;0;-34;55;2041;0;0;15;14;50
27;Bourgogne-Franche-Comté;2024-08-13;00:30;1560;21;0;113;0;18;0;47;1360;0;0;113;0;199
11;Île-de-France;2024-08-13;00:30;5602;0;0;40;0;10;0;152;5398;0;0;40;0;202
28;Normandie;2024-08-13;01:00;2218;193;7474;277;0;14;0;79;-5818;0;0;64;212;8037
53;Bretagne;2024-08-13;01:00;1850;0;0;18;0;0;-48;56;1824;0;0;12;5;26
93;Provence-Alpes-Côte d'Azur;2024-08-13;01:00;4141;33;0;0;0;793;0;85;3229;0;0;0;0;911
24;Centre-Val de Loire;2024-08-13;01:00;1481;0;7825;76;0;1;0;61;-6481;0;0;76;0;7963
84;Auvergne-Rhône-Alpes;2024-08-13;01:00;5499;6;8414;52;0;3408;-12;119;-6487;0;0;52;0;11987
11;Île-de-France;2024-08-13;01:00;5241;0;0;23;0;10;0;156;5052;0;0;23;0;189
32;Hauts-de-France;2024-08-13;01:00;4080;277;3522;541;0;2;0;120;-384;0;0;541;0;4462
52;Pays de la Loire;2024-08-13;01:00;2159;0;0;65;0;1;0;58;2041;0;0;26;39;124
76;Occitanie;2024-08-13;01:00;3701;1;257;0;0;507;0;107;2830;0;0;0;0;872
44;Grand Est;2024-08-13;01:00;3596;349;8750;276;0;1227;-1;134;-7140;0;0;276;0;10735
27;Bourgogne-Franche-Comté;2024-08-13;01:00;1500;20;0;147;0;18;0;47;1267;0;0;147;0;232
75;Nouvelle-Aquitaine;2024-08-13;01:00;3974;15;4707;87;1;54;0;186;-1074;0;0;87;0;5050
28;Normandie;2024-08-13;01:30;2230;190;7485;256;0;14;0;85;-5799;0;0;67;189;8030
93;Provence-Alpes-Côte d'Azur;2024-08-13;01:30;4105;33;0;0;0;745;0;84;3244;0;0;0;0;862
32;Hauts-de-France;2024-08-13;01:30;4095;278;3521;529;0;2;0;121;-355;0;0;529;0;4451
53;Bretagne;2024-08-13;01:30;1767;0;0;12;0;0;-56;57;1754;0;0;12;0;13
24;Centre-Val de Loire;2024-08-13;01:30;1495;0;7811;60;0;1;0;61;-6438;0;0;60;0;7933
52;Pays de la Loire;2024-08-13;01:30;2107;0;0;47;0;1;0;57;2008;0;0;17;29;105
76;Occitanie;2024-08-13;01:30;3544;1;256;2;0;654;0;109;2522;0;0;2;0;1022
11;Île-de-France;2024-08-13;01:30;4985;0;0;19;0;10;0;155;4805;0;0;19;0;184
75;Nouvelle-Aquitaine;2024-08-13;01:30;4044;15;4710;67;1;48;0;186;-988;0;0;67;0;5027
27;Bourgogne-Franche-Comté;2024-08-13;01:30;1472;21;0;192;0;17;0;48;1194;0;0;192;0;278
44;Grand Est;2024-08-13;01:30;3474;330;8752;293;0;888;-1;134;-6921;0;0;293;0;10396
84;Auvergne-Rhône-Alpes;2024-08-13;01:30;5356;6;8427;48;0;3230;-121;118;-6352;0;0;48;0;11708
44;Grand Est;2024-08-13;02:00;3510;320;8725;363;0;870;-1;133;-6898;0;0;363;0;10410
76;Occitanie;2024-08-13;02:00;3498;1;256;12;0;812;-8;113;2312;0;0;12;0;1186
52;Pays de la Loire;2024-08-13;02:00;2102;0;0;86;0;1;0;57;1964;0;0;13;73;144
11;Île-de-France;2024-08-13;02:00;4816;0;0;9;0;10;0;154;4648;0;0;9;0;173
28;Normandie;2024-08-13;02:00;2164;189;7517;248;0;14;0;86;-5891;0;0;77;171;8054
75;Nouvelle-Aquitaine;2024-08-13;02:00;3892;15;4713;49;1;47;0;187;-1111;0;0;49;0;5012
27;Bourgogne-Franche-Comté;2024-08-13;02:00;1471;21;0;212;0;17;0;48;1174;0;0;212;0;298
32;Hauts-de-France;2024-08-13;02:00;3948;274;3523;472;0;2;0;124;-446;0;0;472;0;4395
93;Provence-Alpes-Côte d'Azur;2024-08-13;02:00;3993;33;0;0;0;724;0;83;3154;0;0;0;0;840
24;Centre-Val de Loire;2024-08-13;02:00;1383;0;7723;60;0;1;0;61;-6463;0;0;60;0;7845
84;Auvergne-Rhône-Alpes;2024-08-13;02:00;5388;6;7906;48;0;3157;-313;115;-5531;0;0;48;0;10919
53;Bretagne;2024-08-13;02:00;1836;0;0;6;0;0;-57;57;1831;0;0;11;0;6
93;Provence-Alpes-Côte d'Azur;2024-08-13;02:30;4036;33;0;0;0;690;0;83;3230;0;0;0;0;806
75;Nouvelle-Aquitaine;2024-08-13;02:30;3889;15;4715;42;1;49;0;185;-1117;0;0;42;0;5007
32;Hauts-de-France;2024-08-13;02:30;3861;278;3526;438;0;2;0;124;-502;0;0;438;0;4368
27;Bourgogne-Franche-Comté;2024-08-13;02:30;1496;20;0;222;0;17;0;48;1190;0;0;222;0;307
44;Grand Est;2024-08-13;02:30;3562;319;8713;461;0;804;-269;134;-6598;0;0;461;0;10162
84;Auvergne-Rhône-Alpes;2024-08-13;02:30;5302;6;7444;36;0;3089;-383;117;-5007;0;0;36;0;10309
11;Île-de-France;2024-08-13;02:30;4739;0;0;8;0;10;0;156;4572;0;0;8;0;174
24;Centre-Val de Loire;2024-08-13;02:30;1375;0;7803;73;0;1;0;61;-6564;0;0;73;0;7938
76;Occitanie;2024-08-13;02:30;3393;1;257;34;0;805;-12;113;2194;0;0;34;0;1198
53;Bretagne;2024-08-13;02:30;1743;0;0;11;0;0;-57;56;1733;0;0;14;0;10
52;Pays de la Loire;2024-08-13;02:30;1990;0;0;158;0;1;0;58;1780;0;0;17;140;217
28;Normandie;2024-08-13;02:30;2124;189;7538;148;0;14;0;85;-5850;0;0;58;91;7974
93;Provence-Alpes-Côte d'Azur;2024-08-13;03:00;3832;33;0;0;0;682;0;89;3028;0;0;0;0;804
75;Nouvelle-Aquitaine;2024-08-13;03:00;3707;15;4718;37;1;50;0;184;-1294;0;0;37;0;5005
52;Pays de la Loire;2024-08-13;03:00;1934;0;0;162;0;1;0;58;1719;0;0;20;142;221
24;Centre-Val de Loire;2024-08-13;03:00;1365;0;7751;60;0;1;0;61;-6508;0;0;60;0;7873
11;Île-de-France;2024-08-13;03:00;4616;0;0;7;0;10;0;159;4449;0;0;7;0;176
44;Grand Est;2024-08-13;03:00;3381;291;8619;590;0;798;-494;135;-6555;0;0;590;0;9939
84;Auvergne-Rhône-Alpes;2024-08-13;03:00;5174;6;7427;28;0;2711;-563;118;-4553;0;0;28;0;9727
27;Bourgogne-Franche-Comté;2024-08-13;03:00;1435;20;0;233;0;17;0;48;1119;0;0;233;0;318
53;Bretagne;2024-08-13;03:00;1649;0;0;16;0;0;-21;57;1597;0;0;17;0;52
32;Hauts-de-France;2024-08-13;03:00;3782;224;3530;439;0;2;0;124;-531;0;0;439;0;4319
28;Normandie;2024-08-13;03:00;2042;189;7539;100;0;14;0;85;-5886;0;0;33;67;7927
76;Occitanie;2024-08-13;03:00;3298;1;258;78;0;742;-21;114;2126;0;0;78;0;1172
93;Provence-Alpes-Côte d'Azur;2024-08-13;03:30;3722;33;0;0;0;676;0;114;2900;0;0;0;0;823
44;Grand Est;2024-08-13;03:30;3320;259;8624;719;0;803;-531;134;-6686;0;0;719;0;10008
32;Hauts-de-France;2024-08-13;03:30;3726;167;3534;423;0;2;0;125;-522;0;0;423;0;4251
53;Bretagne;2024-08-13;03:30;1601;0;0;29;0;0;0;57;1516;0;0;17;12;86
76;Occitanie;2024-08-13;03:30;3246;1;259;148;0;710;-23;115;2038;0;0;148;0;1210
28;Normandie;2024-08-13;03:30;2017;189;7523;74;0;14;0;86;-5869;0;0;18;56;7886
84;Auvergne-Rhône-Alpes;2024-08-13;03:30;5016;6;7434;26;0;2672;-670;119;-4571;0;0;26;0;9587
75;Nouvelle-Aquitaine;2024-08-13;03:30;3619;15;4720;32;1;50;0;185;-1381;0;0;32;0;5003
24;Centre-Val de Loire;2024-08-13;03:30;1300;0;7688;44;0;1;0;58;-6491;0;0;44;0;7791
52;Pays de la Loire;2024-08-13;03:30;1878;0;0;178;0;1;0;57;1648;0;0;38;141;236
27;Bourgogne-Franche-Comté;2024-08-13;03:30;1424;21;0;216;0;17;0;48;1124;0;0;216;0;302
11;Île-de-France;2024-08-13;03:30;4544;0;0;5;0;10;0;153;4382;0;0;5;0;168
52;Pays de la Loire;2024-08-13;04:00;1859;0;0;156;0;1;0;56;1652;0;0;33;123;213
24;Centre-Val de Loire;2024-08-13;04:00;1219;0;7694;20;0;1;0;58;-6554;0;0;20;0;7773
76;Occitanie;2024-08-13;04:00;3224;1;258;222;0;399;-23;114;2253;0;0;222;0;971
93;Provence-Alpes-Côte d'Azur;2024-08-13;04:00;3636;33;0;0;0;698;0;115;2790;0;0;0;0;846
28;Normandie;2024-08-13;04:00;2041;189;7513;134;0;14;0;86;-5896;0;0;14;120;7936
75;Nouvelle-Aquitaine;2024-08-13;04:00;3552;15;4722;35;1;49;0;186;-1457;0;0;35;0;5008
32;Hauts-de-France;2024-08-13;04:00;3656;166;3537;344;0;2;0;124;-515;0;0;344;0;4173
53;Bretagne;2024-08-13;04:00;1568;0;0;29;0;0;0;56;1483;0;0;15;14;85
11;Île-de-France;2024-08-13;04:00;4503;0;0;3;0;10;0;143;4352;0;0;3;0;156
27;Bourgogne-Franche-Comté;2024-08-13;04:00;1344;21;0;209;0;16;0;38;1062;0;0;209;0;284
44;Grand Est;2024-08-13;04:00;3182;237;8624;617;0;817;-529;133;-6716;0;0;617;0;9899
84;Auvergne-Rhône-Alpes;2024-08-13;04:00;4863;6;7445;25;0;2501;-788;120;-4446;0;0;25;0;9309
93;Provence-Alpes-Côte d'Azur;2024-08-13;04:30;3582;32;0;0;0;705;0;112;2734;0;0;0;0;849
32;Hauts-de-France;2024-08-13;04:30;3674;149;3541;278;0;2;0;124;-421;0;0;278;0;4094
28;Normandie;2024-08-13;04:30;1986;190;7516;151;0;14;0;86;-5971;0;0;20;131;7957
53;Bretagne;2024-08-13;04:30;1553;0;0;25;0;16;-1;56;1457;0;0;18;7;96
52;Pays de la Loire;2024-08-13;04:30;1871;0;0;160;0;1;0;57;1660;0;0;40;120;218
24;Centre-Val de Loire;2024-08-13;04:30;1229;0;7831;10;0;1;0;62;-6676;0;0;10;0;7904
84;Auvergne-Rhône-Alpes;2024-08-13;04:30;4812;6;7475;22;0;2638;-566;122;-4885;0;0;22;0;9697
75;Nouvelle-Aquitaine;2024-08-13;04:30;3481;15;4723;37;1;49;0;187;-1528;0;0;37;0;5012
44;Grand Est;2024-08-13;04:30;3221;304;8680;505;0;819;-527;132;-6691;0;0;505;0;9913
76;Occitanie;2024-08-13;04:30;3109;1;258;211;0;387;-23;116;2160;0;0;211;0;950
27;Bourgogne-Franche-Comté;2024-08-13;04:30;1332;21;0;212;0;16;0;31;1052;0;0;212;0;280
11;Île-de-France;2024-08-13;04:30;4482;0;0;4;0;10;0;140;4332;0;0;4;0;154
44;Grand Est;2024-08-13;05:00;3224;124;8681;476;0;799;-526;133;-6463;0;0;476;0;9687
75;Nouvelle-Aquitaine;2024-08-13;05:00;3410;15;4722;40;1;49;0;184;-1594;0;0;40;0;5011
24;Centre-Val de Loire;2024-08-13;05:00;1263;0;7912;18;0;1;0;62;-6731;0;0;18;0;7993
52;Pays de la Loire;2024-08-13;05:00;1872;0;0;96;0;1;0;58;1723;0;0;36;61;155
11;Île-de-France;2024-08-13;05:00;4498;0;0;2;0;10;0;142;4348;0;0;2;0;154
93;Provence-Alpes-Côte d'Azur;2024-08-13;05:00;3557;33;0;0;0;702;0;115;2707;0;0;0;0;850
32;Hauts-de-France;2024-08-13;05:00;3624;153;3544;178;0;2;0;124;-379;0;0;178;0;4001
27;Bourgogne-Franche-Comté;2024-08-13;05:00;1327;21;0;223;0;15;0;31;1036;0;0;223;0;290
76;Occitanie;2024-08-13;05:00;3049;1;258;173;0;418;-23;115;2107;0;0;173;0;942
53;Bretagne;2024-08-13;05:00;1562;0;0;18;0;85;-1;56;1404;0;0;17;0;158
84;Auvergne-Rhône-Alpes;2024-08-13;05:00;4865;6;7472;19;0;2732;-561;121;-4924;0;0;19;0;9789
28;Normandie;2024-08-13;05:00;2008;189;7516;152;0;14;0;86;-5949;0;0;35;117;7957
76;Occitanie;2024-08-13;05:30;3093;1;259;151;0;419;-23;116;2172;0;0;151;0;923
11;Île-de-France;2024-08-13;05:30;4618;0;0;3;0;10;0;141;4474;0;0;3;0;154
75;Nouvelle-Aquitaine;2024-08-13;05:30;3478;15;4724;37;1;46;0;185;-1535;0;0;37;0;5008
24;Centre-Val de Loire;2024-08-13;05:30;1290;0;7873;28;0;1;0;63;-6675;0;0;28;0;7965
84;Auvergne-Rhône-Alpes;2024-08-13;05:30;4948;6;7453;14;0;2791;-563;120;-4874;0;0;14;0;9821
27;Bourgogne-Franche-Comté;2024-08-13;05:30;1362;20;0;188;0;16;0;31;1106;0;0;188;0;255
28;Normandie;2024-08-13;05:30;2033;190;7518;193;0;14;0;85;-5966;0;0;52;142;8000
53;Bretagne;2024-08-13;05:30;1600;0;0;13;0;98;-1;56;1435;0;0;18;0;166
44;Grand Est;2024-08-13;05:30;3266;75;8634;459;0;791;-524;142;-6309;0;0;459;0;9577
52;Pays de la Loire;2024-08-13;05:30;1904;0;0;67;0;1;0;57;1786;0;0;34;33;125
93;Provence-Alpes-Côte d'Azur;2024-08-13;05:30;3575;33;0;0;0;733;0;116;2693;0;0;0;0;882
32;Hauts-de-France;2024-08-13;05:30;3708;166;3546;167;0;2;0;124;-297;0;0;167;0;4005
84;Auvergne-Rhône-Alpes;2024-08-13;06:00;5015;6;7467;9;0;3175;-314;123;-5452;0;0;9;0;10466
44;Grand Est;2024-08-13;06:00;3240;77;8665;352;0;788;-522;143;-6264;0;0;352;0;9503
93;Provence-Alpes-Côte d'Azur;2024-08-13;06:00;3611;32;0;0;0;733;0;118;2729;0;0;0;0;883
24;Centre-Val de Loire;2024-08-13;06:00;1332;0;7901;35;0;1;0;62;-6667;0;0;35;0;7999
52;Pays de la Loire;2024-08-13;06:00;1938;0;0;53;0;1;0;57;1833;0;0;32;21;111
32;Hauts-de-France;2024-08-13;06:00;3733;169;3547;261;0;2;0;122;-369;0;0;261;0;4101
75;Nouvelle-Aquitaine;2024-08-13;06:00;3607;15;4724;38;1;45;0;182;-1395;0;0;38;0;5005
53;Bretagne;2024-08-13;06:00;1636;0;0;16;0;105;-1;55;1461;0;0;21;0;175
28;Normandie;2024-08-13;06:00;2068;190;7517;191;0;14;0;85;-5928;0;0;53;138;7997
27;Bourgogne-Franche-Comté;2024-08-13;06:00;1405;21;0;134;0;17;0;31;1201;0;0;134;0;203
76;Occitanie;2024-08-13;06:00;3246;1;259;110;0;417;-23;116;2368;0;0;110;0;880
11;Île-de-France;2024-08-13;06:00;4755;0;0;4;0;10;0;138;4606;0;0;4;0;152
76;Occitanie;2024-08-13;06:30;3309;1;259;46;0;472;-14;116;2429;0;0;46;0;880
24;Centre-Val de Loire;2024-08-13;06:30;1369;0;7907;39;0;1;0;61;-6640;0;0;39;0;8008
84;Auvergne-Rhône-Alpes;2024-08-13;06:30;5221;6;7474;7;0;3381;-317;122;-5451;0;0;7;0;10673
28;Normandie;2024-08-13;06:30;2124;193;7516;169;0;14;0;85;-5853;0;0;48;121;7977
75;Nouvelle-Aquitaine;2024-08-13;06:30;3657;15;4724;44;1;46;0;187;-1362;0;0;44;0;5017
32;Hauts-de-France;2024-08-13;06:30;3931;185;3548;407;0;2;0;123;-332;0;0;407;0;4265
44;Grand Est;2024-08-13;06:30;3263;78;8679;305;0;869;-145;144;-6666;0;0;305;0;9930
52;Pays de la Loire;2024-08-13;06:30;2044;0;0;37;0;1;0;55;1957;0;0;28;9;93
53;Bretagne;2024-08-13;06:30;1705;0;0;27;0;108;-1;56;1516;0;0;32;0;190
11;Île-de-France;2024-08-13;06:30;5128;0;0;2;0;10;0;143;4978;0;0;2;0;155
27;Bourgogne-Franche-Comté;2024-08-13;06:30;1432;21;0;112;0;22;0;31;1247;0;0;112;0;186
93;Provence-Alpes-Côte d'Azur;2024-08-13;06:30;3667;30;0;0;0;798;0;115;2724;0;0;0;0;943
93;Provence-Alpes-Côte d'Azur;2024-08-13;07:00;3677;30;0;0;6;802;0;113;2727;0;0;0;0;951
44;Grand Est;2024-08-13;07:00;3470;78;8694;235;10;884;-1;145;-6575;0;0;235;0;10045
52;Pays de la Loire;2024-08-13;07:00;2083;0;0;24;0;1;0;50;2014;0;0;18;6;75
76;Occitanie;2024-08-13;07:00;3293;1;259;27;2;490;-12;115;2412;0;0;27;0;882
32;Hauts-de-France;2024-08-13;07:00;3896;187;3548;533;2;2;0;124;-499;0;0;533;0;4396
75;Nouvelle-Aquitaine;2024-08-13;07:00;3671;15;4724;40;1;47;0;189;-1349;0;0;40;0;5016
84;Auvergne-Rhône-Alpes;2024-08-13;07:00;5308;6;7478;4;4;3617;-150;122;-5771;0;0;4;0;11081
27;Bourgogne-Franche-Comté;2024-08-13;07:00;1478;21;0;95;4;24;0;38;1297;0;0;95;0;182
53;Bretagne;2024-08-13;07:00;1760;0;0;25;0;102;-1;56;1578;0;0;29;0;182
24;Centre-Val de Loire;2024-08-13;07:00;1395;0;7907;51;1;1;0;62;-6628;0;0;51;0;8022
11;Île-de-France;2024-08-13;07:00;5171;0;0;2;1;10;0;144;5019;0;0;2;0;157
28;Normandie;2024-08-13;07:00;2158;193;7518;130;0;14;0;83;-5779;0;0;52;78;7938
84;Auvergne-Rhône-Alpes;2024-08-13;07:30;5393;6;7467;3;43;3960;-14;121;-6194;0;0;3;0;11586
75;Nouvelle-Aquitaine;2024-08-13;07:30;3770;15;4727;57;16;138;0;187;-1363;0;0;57;0;5140
24;Centre-Val de Loire;2024-08-13;07:30;1449;0;7837;77;15;1;0;62;-6543;0;0;77;0;7992
11;Île-de-France;2024-08-13;07:30;5436;0;0;7;7;10;0;144;5267;0;0;7;0;168
76;Occitanie;2024-08-13;07:30;3438;1;259;35;43;528;-1;115;2458;0;0;35;0;980
52;Pays de la Loire;2024-08-13;07:30;2162;0;0;33;8;1;0;50;2076;0;0;14;19;92
32;Hauts-de-France;2024-08-13;07:30;3994;176;3548;581;16;2;0;124;-451;0;0;581;0;4447
53;Bretagne;2024-08-13;07:30;1834;0;0;25;1;98;-1;53;1657;0;0;23;3;176
93;Provence-Alpes-Côte d'Azur;2024-08-13;07:30;3784;30;0;0;47;816;0;109;2783;0;0;0;0;1002
27;Bourgogne-Franche-Comté;2024-08-13;07:30;1540;21;0;89;25;25;0;44;1337;0;0;89;0;204
44;Grand Est;2024-08-13;07:30;3450;79;8669;178;52;1105;-1;146;-6779;0;0;178;0;10228
28;Normandie;2024-08-13;07:30;2212;193;7491;70;2;14;0;83;-5641;0;0;56;14;7853
28;Normandie;2024-08-13;08:00;2253;193;7414;44;8;14;0;84;-5504;0;0;32;11;7757
84;Auvergne-Rhône-Alpes;2024-08-13;08:00;5579;6;7471;2;136;4006;-12;117;-6147;0;0;2;0;11726
52;Pays de la Loire;2024-08-13;08:00;2239;0;0;30;40;1;0;55;2120;0;0;15;15;126
76;Occitanie;2024-08-13;08:00;3590;1;259;35;164;565;0;116;2451;0;0;35;0;1140
75;Nouvelle-Aquitaine;2024-08-13;08:00;3895;15;4726;54;93;154;0;189;-1328;0;0;54;0;5231
44;Grand Est;2024-08-13;08:00;3520;80;8679;131;129;1152;-1;147;-6798;0;0;131;0;10317
93;Provence-Alpes-Côte d'Azur;2024-08-13;08:00;3900;30;0;0;148;818;0;108;2796;0;0;0;0;1104
32;Hauts-de-France;2024-08-13;08:00;4087;177;3547;630;36;2;0;122;-427;0;0;630;0;4514
11;Île-de-France;2024-08-13;08:00;5570;0;0;10;15;10;0;147;5388;0;0;10;0;182
27;Bourgogne-Franche-Comté;2024-08-13;08:00;1608;21;0;80;65;26;0;44;1372;0;0;80;0;236
53;Bretagne;2024-08-13;08:00;1886;3;0;27;11;80;-1;52;1714;0;0;21;6;172
24;Centre-Val de Loire;2024-08-13;08:00;1478;0;7937;57;43;1;0;62;-6622;0;0;57;0;8100
28;Normandie;2024-08-13;08:30;2320;193;7429;39;20;14;0;81;-5457;0;0;25;14;7776
76;Occitanie;2024-08-13;08:30;3660;1;259;30;361;580;0;115;2315;0;0;30;0;1346
11;Île-de-France;2024-08-13;08:30;5802;0;0;4;30;10;0;147;5616;0;0;4;0;191
75;Nouvelle-Aquitaine;2024-08-13;08:30;4021;15;4727;59;245;117;0;189;-1336;0;0;59;0;5352
52;Pays de la Loire;2024-08-13;08:30;2346;0;0;19;85;1;0;51;2196;0;0;10;9;156
24;Centre-Val de Loire;2024-08-13;08:30;1504;0;7999;29;87;1;0;62;-6674;0;0;29;0;8178
32;Hauts-de-France;2024-08-13;08:30;4194;177;3546;554;72;2;0;119;-278;0;0;554;0;4470
44;Grand Est;2024-08-13;08:30;3667;81;8737;112;245;1232;-1;145;-6884;0;0;112;0;10551
93;Provence-Alpes-Côte d'Azur;2024-08-13;08:30;4086;31;0;0;321;867;0;112;2756;0;0;0;0;1331
84;Auvergne-Rhône-Alpes;2024-08-13;08:30;5829;6;7475;2;286;4016;-12;114;-6058;0;0;2;0;11887
53;Bretagne;2024-08-13;08:30;2002;15;0;30;31;50;-1;51;1825;0;0;27;3;176
27;Bourgogne-Franche-Comté;2024-08-13;08:30;1701;21;0;54;126;28;0;44;1427;0;0;54;0;273
93;Provence-Alpes-Côte d'Azur;2024-08-13;09:00;4297;30;0;0;548;831;0;110;2779;0;0;0;0;1519
75;Nouvelle-Aquitaine;2024-08-13;09:00;4262;15;4726;40;452;142;0;191;-1301;0;0;40;0;5566
32;Hauts-de-France;2024-08-13;09:00;4311;176;3545;409;103;2;0;113;-34;0;0;409;0;4348
11;Île-de-France;2024-08-13;09:00;5926;0;0;0;47;9;0;149;5726;0;0;0;0;205
27;Bourgogne-Franche-Comté;2024-08-13;09:00;1704;21;0;31;200;29;0;44;1379;0;0;31;0;325
28;Normandie;2024-08-13;09:00;2371;192;7407;39;34;14;0;82;-5396;0;0;21;17;7768
53;Bretagne;2024-08-13;09:00;2082;15;0;34;64;26;-1;51;1892;0;0;29;5;189
52;Pays de la Loire;2024-08-13;09:00;2413;0;0;10;139;1;0;50;2220;0;0;10;0;200
76;Occitanie;2024-08-13;09:00;3945;1;258;27;594;565;0;115;2386;0;0;27;0;1560
24;Centre-Val de Loire;2024-08-13;09:00;1565;0;8023;32;137;1;0;61;-6689;0;0;32;0;8254
84;Auvergne-Rhône-Alpes;2024-08-13;09:00;5881;6;7436;2;476;3876;-12;118;-6022;0;0;2;0;11902
44;Grand Est;2024-08-13;09:00;3692;81;8775;99;396;1238;-1;145;-7040;0;0;99;0;10733
52;Pays de la Loire;2024-08-13;09:30;2482;0;0;19;188;1;0;49;2232;0;0;18;1;257
32;Hauts-de-France;2024-08-13;09:30;4341;176;3544;261;133;2;0;112;112;0;0;261;0;4228
24;Centre-Val de Loire;2024-08-13;09:30;1599;0;8020;47;176;1;0;59;-6704;0;0;47;0;8303
44;Grand Est;2024-08-13;09:30;3932;80;8762;149;543;1227;-1;145;-6972;0;0;149;0;10905
76;Occitanie;2024-08-13;09:30;3945;1;257;11;853;504;0;115;2202;0;0;11;0;1741
11;Île-de-France;2024-08-13;09:30;6065;0;0;1;63;9;0;143;5851;0;0;1;0;216
27;Bourgogne-Franche-Comté;2024-08-13;09:30;1766;21;0;20;277;30;0;44;1373;0;0;20;0;392
75;Nouvelle-Aquitaine;2024-08-13;09:30;4279;15;4726;31;698;73;0;191;-1456;0;0;31;0;5734
84;Auvergne-Rhône-Alpes;2024-08-13;09:30;6250;6;7474;3;688;3774;-12;118;-5800;0;0;3;0;12051
53;Bretagne;2024-08-13;09:30;2149;15;0;41;104;6;-1;52;1932;0;0;29;12;217
28;Normandie;2024-08-13;09:30;2416;192;7466;45;52;14;0;82;-5434;0;0;18;27;7851
93;Provence-Alpes-Côte d'Azur;2024-08-13;09:30;4512;29;0;3;779;802;0;108;2792;0;0;3;0;1721
93;Provence-Alpes-Côte d'Azur;2024-08-13;10:00;4679;29;0;3;995;776;0;108;2769;0;0;3;0;1911
53;Bretagne;2024-08-13;10:00;2180;16;0;54;144;2;-1;53;1912;0;0;36;17;268
52;Pays de la Loire;2024-08-13;10:00;2524;0;0;44;207;1;0;53;2225;0;0;43;1;305
24;Centre-Val de Loire;2024-08-13;10:00;1599;0;8015;50;222;1;0;60;-6748;0;0;50;0;8348
32;Hauts-de-France;2024-08-13;10:00;4401;155;3542;141;187;2;0;116;258;0;0;141;0;4143
44;Grand Est;2024-08-13;10:00;4054;76;8748;153;687;1163;-1;144;-6917;0;0;153;0;10970
75;Nouvelle-Aquitaine;2024-08-13;10:00;4416;16;4723;29;892;54;0;192;-1492;0;0;29;0;5906
76;Occitanie;2024-08-13;10:00;4177;2;256;16;1092;522;0;115;2173;0;0;16;0;2003
28;Normandie;2024-08-13;10:00;2448;192;7423;37;76;14;0;81;-5375;0;0;12;25;7823
11;Île-de-France;2024-08-13;10:00;6181;0;0;2;68;10;0;140;5964;0;0;2;0;220
84;Auvergne-Rhône-Alpes;2024-08-13;10:00;6199;6;7434;6;898;3396;-12;118;-5647;0;0;6;0;11846
27;Bourgogne-Franche-Comté;2024-08-13;10:00;1788;22;0;19;345;32;0;45;1325;0;0;19;0;463
93;Provence-Alpes-Côte d'Azur;2024-08-13;10:30;4828;29;0;4;1187;755;0;108;2745;0;0;4;0;2083
24;Centre-Val de Loire;2024-08-13;10:30;1637;0;7938;42;255;1;0;60;-6659;0;0;42;0;8296
75;Nouvelle-Aquitaine;2024-08-13;10:30;4665;27;4721;35;937;53;0;191;-1296;0;0;35;0;5964
44;Grand Est;2024-08-13;10:30;4032;58;8659;105;820;895;-1;141;-6645;0;0;105;0;10677
52;Pays de la Loire;2024-08-13;10:30;2551;0;0;58;231;1;0;57;2206;0;0;61;0;347
28;Normandie;2024-08-13;10:30;2482;196;7436;23;102;14;0;83;-5371;0;0;8;15;7854
84;Auvergne-Rhône-Alpes;2024-08-13;10:30;6258;9;7477;9;1098;3278;-22;115;-5707;0;0;9;0;11964
76;Occitanie;2024-08-13;10:30;4397;6;256;25;1313;470;0;114;2212;0;0;25;0;2184
32;Hauts-de-France;2024-08-13;10:30;4420;141;3540;74;249;2;0;111;305;0;0;74;0;4117
53;Bretagne;2024-08-13;10:30;2212;27;0;101;185;2;0;53;1844;0;0;73;28;368
27;Bourgogne-Franche-Comté;2024-08-13;10:30;1810;21;0;24;424;31;0;45;1265;0;0;24;0;545
11;Île-de-France;2024-08-13;10:30;6312;0;0;1;67;10;0;139;6101;0;0;1;0;217
93;Provence-Alpes-Côte d'Azur;2024-08-13;11:00;4971;28;0;5;1350;617;0;109;2861;0;0;5;0;2109
75;Nouvelle-Aquitaine;2024-08-13;11:00;4645;27;4717;53;967;52;0;189;-1354;0;0;53;0;6005
11;Île-de-France;2024-08-13;11:00;6385;0;0;0;75;10;0;130;6177;0;0;0;0;215
32;Hauts-de-France;2024-08-13;11:00;4408;144;3537;54;291;2;0;108;275;0;0;54;0;4136
76;Occitanie;2024-08-13;11:00;4432;6;256;22;1436;442;0;114;2156;0;0;22;0;2276
84;Auvergne-Rhône-Alpes;2024-08-13;11:00;6442;8;7475;14;1267;3057;-54;114;-5440;0;0;14;0;11881
53;Bretagne;2024-08-13;11:00;2220;27;0;151;227;2;-1;53;1761;0;0;122;29;459
52;Pays de la Loire;2024-08-13;11:00;2573;0;0;80;261;1;0;58;2174;0;0;81;0;400
24;Centre-Val de Loire;2024-08-13;11:00;1644;0;7896;47;288;1;0;56;-6646;0;0;47;0;8288
27;Bourgogne-Franche-Comté;2024-08-13;11:00;1886;21;0;27;480;25;0;46;1286;0;0;27;0;599
44;Grand Est;2024-08-13;11:00;4209;58;8606;58;933;895;-176;135;-6300;0;0;58;0;10509
28;Normandie;2024-08-13;11:00;2493;197;7398;12;122;14;0;83;-5332;0;0;7;6;7826
44;Grand Est;2024-08-13;11:30;4353;58;8536;74;1025;883;-526;133;-5830;0;0;74;0;10183
53;Bretagne;2024-08-13;11:30;2271;20;0;175;269;2;-5;53;1757;0;0;152;23;514
27;Bourgogne-Franche-Comté;2024-08-13;11:30;1931;21;0;30;532;25;0;45;1279;0;0;30;0;653
93;Provence-Alpes-Côte d'Azur;2024-08-13;11:30;5091;42;0;4;1486;610;0;108;2840;0;0;4;0;2250
76;Occitanie;2024-08-13;11:30;4458;2;256;29;1498;385;0;113;2174;0;0;29;0;2283
84;Auvergne-Rhône-Alpes;2024-08-13;11:30;6603;6;7469;13;1434;2967;-99;116;-5304;0;0;13;0;11906
32;Hauts-de-France;2024-08-13;11:30;4622;68;3535;43;317;2;0;110;546;0;0;43;0;4075
52;Pays de la Loire;2024-08-13;11:30;2595;0;0;77;271;1;0;59;2194;0;0;74;3;408
75;Nouvelle-Aquitaine;2024-08-13;11:30;4715;21;4717;54;978;52;0;188;-1298;0;0;54;0;6010
11;Île-de-France;2024-08-13;11:30;6389;0;0;1;100;10;0;122;6160;0;0;1;0;233
24;Centre-Val de Loire;2024-08-13;11:30;1663;0;7912;22;311;1;0;59;-6642;0;0;22;0;8305
28;Normandie;2024-08-13;11:30;2527;196;7414;15;121;14;0;83;-5316;0;0;7;8;7843
28;Normandie;2024-08-13;12:00;2549;196;7406;37;120;14;0;85;-5309;0;0;12;25;7858
75;Nouvelle-Aquitaine;2024-08-13;12:00;4727;19;4716;39;1036;51;0;187;-1321;0;0;39;0;6048
44;Grand Est;2024-08-13;12:00;4403;58;8506;109;1102;891;-523;130;-5869;0;0;109;0;10273
76;Occitanie;2024-08-13;12:00;4575;1;256;54;1611;394;0;113;2146;0;0;54;0;2429
84;Auvergne-Rhône-Alpes;2024-08-13;12:00;6784;5;7417;16;1555;2804;-258;115;-4870;0;0;16;0;11654
93;Provence-Alpes-Côte d'Azur;2024-08-13;12:00;5209;161;0;4;1589;587;0;110;2758;0;0;4;0;2451
11;Île-de-France;2024-08-13;12:00;6511;0;0;0;108;10;0;130;6266;0;0;0;0;248
24;Centre-Val de Loire;2024-08-13;12:00;1635;0;7900;25;311;1;0;60;-6662;0;0;25;0;8297
53;Bretagne;2024-08-13;12:00;2308;14;0;173;316;2;-16;53;1765;0;0;163;11;542
52;Pays de la Loire;2024-08-13;12:00;2654;0;0;56;283;1;0;59;2262;0;0;50;6;399
32;Hauts-de-France;2024-08-13;12:00;4580;57;3533;28;314;2;0;110;535;0;0;28;0;4044
27;Bourgogne-Franche-Comté;2024-08-13;12:00;1975;21;0;22;591;19;0;45;1279;0;0;22;0;698
93;Provence-Alpes-Côte d'Azur;2024-08-13;12:30;5438;221;0;6;1673;555;0;106;2877;0;0;6;0;2561
11;Île-de-France;2024-08-13;12:30;6604;0;0;0;128;10;0;129;6340;0;0;0;0;267
53;Bretagne;2024-08-13;12:30;2413;13;0;194;344;2;-22;55;1827;0;0;193;1;586
32;Hauts-de-France;2024-08-13;12:30;4645;56;3531;46;321;2;0;115;574;0;0;46;0;4071
44;Grand Est;2024-08-13;12:30;4521;58;8441;126;1166;826;-520;131;-5706;0;0;126;0;10228
76;Occitanie;2024-08-13;12:30;4621;1;256;44;1777;631;0;114;1800;0;0;44;0;2823
28;Normandie;2024-08-13;12:30;2644;197;7415;55;131;14;0;85;-5253;0;0;20;35;7897
52;Pays de la Loire;2024-08-13;12:30;2694;0;0;64;284;0;0;59;2294;0;0;43;21;407
75;Nouvelle-Aquitaine;2024-08-13;12:30;4857;19;4526;65;1211;51;0;189;-1203;0;0;65;0;6061
24;Centre-Val de Loire;2024-08-13;12:30;1667;0;7907;39;325;1;0;61;-6667;0;0;39;0;8333
84;Auvergne-Rhône-Alpes;2024-08-13;12:30;6831;5;7399;23;1664;2544;-386;114;-4532;0;0;23;0;11363
27;Bourgogne-Franche-Comté;2024-08-13;12:30;2063;21;0;17;646;17;0;45;1318;0;0;17;0;746
28;Normandie;2024-08-13;13:00;2687;197;7404;59;140;14;0;86;-5213;0;0;26;33;7900
52;Pays de la Loire;2024-08-13;13:00;2747;0;0;59;283;1;0;59;2353;0;0;41;18;402
75;Nouvelle-Aquitaine;2024-08-13;13:00;5000;19;4128;53;1374;51;0;189;-808;0;0;53;0;5814
44;Grand Est;2024-08-13;13:00;4486;58;8462;134;1202;794;-518;131;-5776;0;0;134;0;10263
53;Bretagne;2024-08-13;13:00;2462;13;0;209;359;2;-38;55;1861;0;0;212;0;600
11;Île-de-France;2024-08-13;13:00;6637;0;0;0;130;10;0;128;6374;0;0;0;0;268
93;Provence-Alpes-Côte d'Azur;2024-08-13;13:00;5457;222;0;5;1731;554;0;108;2839;0;0;5;0;2620
84;Auvergne-Rhône-Alpes;2024-08-13;13:00;6960;5;7384;37;1721;2461;-415;114;-4347;0;0;37;0;11307
24;Centre-Val de Loire;2024-08-13;13:00;1779;0;7896;58;337;1;0;61;-6574;0;0;58;0;8353
76;Occitanie;2024-08-13;13:00;4853;1;255;27;2008;772;-10;111;1690;0;0;27;0;3164
32;Hauts-de-France;2024-08-13;13:00;4737;55;3529;64;343;2;0;117;627;0;0;64;0;4110
27;Bourgogne-Franche-Comté;2024-08-13;13:00;2024;21;0;14;680;17;0;44;1250;0;0;14;0;776
52;Pays de la Loire;2024-08-13;13:30;2642;0;0;55;308;1;0;59;2226;0;0;38;17;423
93;Provence-Alpes-Côte d'Azur;2024-08-13;13:30;5536;221;0;4;1761;553;0;107;2889;0;0;4;0;2646
27;Bourgogne-Franche-Comté;2024-08-13;13:30;1993;21;0;14;708;17;0;43;1189;0;0;14;0;803
84;Auvergne-Rhône-Alpes;2024-08-13;13:30;6838;6;7386;47;1750;2527;-402;114;-4589;0;0;47;0;11428
75;Nouvelle-Aquitaine;2024-08-13;13:30;4792;19;4015;68;1476;52;0;186;-1022;0;0;68;0;5816
76;Occitanie;2024-08-13;13:30;4811;1;255;35;2088;748;-12;111;1585;0;0;35;0;3226
44;Grand Est;2024-08-13;13:30;4508;57;8482;98;1232;791;-516;131;-5767;0;0;98;0;10275
28;Normandie;2024-08-13;13:30;2608;196;7379;53;149;14;0;84;-5269;0;0;33;19;7875
11;Île-de-France;2024-08-13;13:30;6577;0;0;0;148;10;0;132;6291;0;0;0;0;290
24;Centre-Val de Loire;2024-08-13;13:30;1719;0;7908;44;368;1;0;61;-6664;0;0;44;0;8382
32;Hauts-de-France;2024-08-13;13:30;4713;55;3528;108;352;2;0;121;549;0;0;108;0;4166
53;Bretagne;2024-08-13;13:30;2338;13;0;201;331;2;-42;55;1777;0;0;206;0;560
93;Provence-Alpes-Côte d'Azur;2024-08-13;14:00;5515;221;0;8;1757;549;0;108;2871;0;0;8;0;2643
24;Centre-Val de Loire;2024-08-13;14:00;1680;0;7892;101;390;1;0;54;-6757;0;0;101;0;8438
44;Grand Est;2024-08-13;14:00;4365;58;8449;91;1237;784;-515;130;-5869;0;0;91;0;10234
11;Île-de-France;2024-08-13;14:00;6589;0;0;0;143;10;0;135;6304;0;0;0;0;288
27;Bourgogne-Franche-Comté;2024-08-13;14:00;1975;20;0;15;708;17;0;43;1172;0;0;15;0;803
28;Normandie;2024-08-13;14:00;2518;199;7325;68;136;14;0;85;-5309;0;0;39;29;7827
32;Hauts-de-France;2024-08-13;14:00;4567;55;3527;116;379;2;0;118;372;0;0;116;0;4197
84;Auvergne-Rhône-Alpes;2024-08-13;14:00;6855;5;7373;77;1729;2466;-242;115;-4669;0;0;77;0;11523
75;Nouvelle-Aquitaine;2024-08-13;14:00;4806;19;4010;70;1589;50;0;183;-1114;0;0;70;0;5921
76;Occitanie;2024-08-13;14:00;4867;1;254;29;2079;408;-12;113;1994;0;0;29;0;2872
52;Pays de la Loire;2024-08-13;14:00;2598;0;0;48;374;1;0;60;2122;0;0;29;20;483
53;Bretagne;2024-08-13;14:00;2289;13;0;189;329;2;-48;54;1749;0;0;195;0;539
84;Auvergne-Rhône-Alpes;2024-08-13;14:30;6843;5;7329;135;1640;2376;-285;117;-4474;0;0;135;0;11317
75;Nouvelle-Aquitaine;2024-08-13;14:30;4748;19;3991;68;1652;49;0;183;-1213;0;0;68;0;5962
11;Île-de-France;2024-08-13;14:30;6598;0;0;0;134;10;0;127;6334;0;0;0;0;271
28;Normandie;2024-08-13;14:30;2519;198;7245;58;123;14;0;82;-5201;0;0;39;19;7720
32;Hauts-de-France;2024-08-13;14:30;4615;57;3526;109;340;2;0;118;468;0;0;109;0;4152
53;Bretagne;2024-08-13;14:30;2254;13;0;191;344;0;-52;54;1704;0;0;195;0;550
24;Centre-Val de Loire;2024-08-13;14:30;1668;0;7799;115;371;1;0;53;-6672;0;0;115;0;8339
27;Bourgogne-Franche-Comté;2024-08-13;14:30;1994;20;0;11;701;17;0;43;1204;0;0;11;0;792
44;Grand Est;2024-08-13;14:30;4441;58;8326;74;1213;774;-512;126;-5617;0;0;74;0;10059
52;Pays de la Loire;2024-08-13;14:30;2557;0;0;56;407;1;0;61;2039;0;0;28;28;525
76;Occitanie;2024-08-13;14:30;4700;1;610;46;1991;376;-247;112;1813;0;0;46;0;2889
93;Provence-Alpes-Côte d'Azur;2024-08-13;14:30;5562;220;0;13;1745;566;0;106;2911;0;0;13;0;2650
84;Auvergne-Rhône-Alpes;2024-08-13;15:00;6835;5;7051;129;1523;2552;-271;118;-4274;0;0;129;0;11107
32;Hauts-de-France;2024-08-13;15:00;4535;57;3527;152;334;2;0;118;347;0;0;152;0;4190
75;Nouvelle-Aquitaine;2024-08-13;15:00;4619;19;4008;72;1676;48;0;184;-1390;0;0;72;0;6007
93;Provence-Alpes-Côte d'Azur;2024-08-13;15:00;5510;221;0;13;1703;578;0;82;2913;0;0;13;0;2597
27;Bourgogne-Franche-Comté;2024-08-13;15:00;1950;20;0;17;703;24;0;43;1143;0;0;17;0;807
28;Normandie;2024-08-13;15:00;2486;196;7395;44;100;14;0;79;-5342;0;0;37;7;7828
24;Centre-Val de Loire;2024-08-13;15:00;1692;0;7800;95;384;1;0;53;-6642;0;0;95;0;8333
53;Bretagne;2024-08-13;15:00;2202;13;0;194;363;0;-57;54;1634;0;0;194;0;567
44;Grand Est;2024-08-13;15:00;4440;59;8424;60;1181;776;-509;124;-5675;0;0;60;0;10115
11;Île-de-France;2024-08-13;15:00;6542;0;0;0;151;10;0;130;6254;0;0;0;0;291
76;Occitanie;2024-08-13;15:00;4741;1;1181;47;2061;376;-416;110;1380;0;0;47;0;3360
52;Pays de la Loire;2024-08-13;15:00;2514;0;0;68;447;1;0;60;1946;0;0;32;36;576
84;Auvergne-Rhône-Alpes;2024-08-13;15:30;6776;5;6740;126;1407;2727;-360;119;-3990;0;0;126;0;10764
75;Nouvelle-Aquitaine;2024-08-13;15:30;4553;19;4007;61;1654;48;0;186;-1419;0;0;61;0;5975
32;Hauts-de-France;2024-08-13;15:30;4556;57;3528;205;307;2;0;111;346;0;0;205;0;4210
53;Bretagne;2024-08-13;15:30;2165;13;0;196;361;0;-21;55;1561;0;0;195;1;604
52;Pays de la Loire;2024-08-13;15:30;2528;0;0;77;504;1;0;60;1896;0;0;36;41;642
27;Bourgogne-Franche-Comté;2024-08-13;15:30;1977;20;0;27;664;19;0;43;1205;0;0;27;0;773
76;Occitanie;2024-08-13;15:30;4716;1;1207;37;2009;398;-416;105;1375;0;0;37;0;3341
11;Île-de-France;2024-08-13;15:30;6432;0;0;1;158;10;0;122;6146;0;0;1;0;291
24;Centre-Val de Loire;2024-08-13;15:30;1622;0;7766;83;396;1;0;49;-6673;0;0;83;0;8295
93;Provence-Alpes-Côte d'Azur;2024-08-13;15:30;5489;221;0;13;1612;602;0;103;2937;0;0;13;0;2551
44;Grand Est;2024-08-13;15:30;4406;59;8428;55;1133;778;-507;122;-5663;0;0;55;0;10068
28;Normandie;2024-08-13;15:30;2444;197;7489;31;86;14;0;80;-5452;0;0;34;0;7897
11;Île-de-France;2024-08-13;16:00;6509;0;0;2;154;10;0;120;6228;0;0;2;0;286
32;Hauts-de-France;2024-08-13;16:00;4495;134;3530;237;264;2;0;108;219;0;0;237;0;4275
84;Auvergne-Rhône-Alpes;2024-08-13;16:00;6699;5;6735;131;1282;2848;-320;120;-4102;0;0;131;0;10801
53;Bretagne;2024-08-13;16:00;2128;13;0;215;335;0;0;55;1510;0;0;213;2;618
27;Bourgogne-Franche-Comté;2024-08-13;16:00;1923;20;0;42;603;19;0;42;1197;0;0;42;0;726
44;Grand Est;2024-08-13;16:00;4245;60;8381;53;1073;772;-401;125;-5818;0;0;53;0;10063
93;Provence-Alpes-Côte d'Azur;2024-08-13;16:00;5422;221;0;11;1484;600;0;104;3002;0;0;11;0;2420
76;Occitanie;2024-08-13;16:00;4565;1;1210;40;1853;415;-78;107;1017;0;0;40;0;3548
75;Nouvelle-Aquitaine;2024-08-13;16:00;4526;19;3847;62;1625;47;0;185;-1257;0;0;62;0;5785
52;Pays de la Loire;2024-08-13;16:00;2440;0;0;60;557;1;0;62;1769;0;0;33;28;680
24;Centre-Val de Loire;2024-08-13;16:00;1576;0;7721;84;370;1;0;50;-6650;0;0;84;0;8226
28;Normandie;2024-08-13;16:00;2437;196;7507;17;88;14;0;84;-5470;0;0;29;0;7906
24;Centre-Val de Loire;2024-08-13;16:30;1577;0;7686;99;359;1;0;57;-6626;0;0;99;0;8202
11;Île-de-France;2024-08-13;16:30;6468;0;0;6;125;10;0;123;6206;0;0;6;0;264
53;Bretagne;2024-08-13;16:30;2099;13;0;251;319;0;0;56;1460;0;0;230;20;639
75;Nouvelle-Aquitaine;2024-08-13;16:30;4323;19;3559;68;1639;47;0;190;-1200;0;0;68;0;5522
28;Normandie;2024-08-13;16:30;2392;199;7507;14;95;14;0;85;-5523;0;0;27;0;7914
52;Pays de la Loire;2024-08-13;16:30;2406;0;0;84;601;1;0;63;1667;0;0;48;36;749
76;Occitanie;2024-08-13;16:30;4419;1;1212;89;1606;488;-1;111;911;0;0;89;0;3506
27;Bourgogne-Franche-Comté;2024-08-13;16:30;1947;20;0;53;510;20;0;42;1301;0;0;53;0;645
93;Provence-Alpes-Côte d'Azur;2024-08-13;16:30;5385;221;0;11;1358;627;0;106;3063;0;0;11;0;2323
84;Auvergne-Rhône-Alpes;2024-08-13;16:30;6681;5;6881;120;1152;3062;-335;119;-4323;0;0;120;0;11004
32;Hauts-de-France;2024-08-13;16:30;4503;163;3533;266;248;2;0;107;182;0;0;266;0;4319
44;Grand Est;2024-08-13;16:30;4324;78;7729;67;986;780;-136;130;-5311;0;0;67;0;9634
28;Normandie;2024-08-13;17:00;2378;200;7506;9;94;14;0;87;-5533;0;0;23;0;7910
84;Auvergne-Rhône-Alpes;2024-08-13;17:00;6539;5;7240;97;1001;3216;-258;119;-4880;0;0;97;0;11420
76;Occitanie;2024-08-13;17:00;4530;1;1213;114;1315;838;0;112;937;0;0;114;0;3593
75;Nouvelle-Aquitaine;2024-08-13;17:00;4238;19;3581;90;1532;48;0;196;-1228;0;0;90;0;5466
24;Centre-Val de Loire;2024-08-13;17:00;1631;0;7681;103;305;1;0;59;-6518;0;0;103;0;8149
52;Pays de la Loire;2024-08-13;17:00;2396;0;0;96;569;1;0;62;1675;0;0;49;47;728
11;Île-de-France;2024-08-13;17:00;6435;0;0;6;95;10;0;124;6203;0;0;6;0;235
93;Provence-Alpes-Côte d'Azur;2024-08-13;17:00;5390;221;0;9;1205;701;0;108;3147;0;0;9;0;2244
32;Hauts-de-France;2024-08-13;17:00;4438;154;3539;336;214;2;0;108;82;0;0;336;0;4353
53;Bretagne;2024-08-13;17:00;2072;13;0;289;284;9;-1;55;1423;0;0;250;39;649
27;Bourgogne-Franche-Comté;2024-08-13;17:00;1918;21;0;72;404;19;0;42;1359;0;0;72;0;558
44;Grand Est;2024-08-13;17:00;4198;78;7738;101;893;790;-1;133;-5536;0;0;101;0;9732
52;Pays de la Loire;2024-08-13;17:30;2398;0;0;100;504;1;0;63;1737;0;0;51;49;668
75;Nouvelle-Aquitaine;2024-08-13;17:30;4166;19;3577;110;1375;58;0;195;-1167;0;0;110;0;5334
76;Occitanie;2024-08-13;17:30;4402;1;1212;116;1104;863;0;107;999;0;0;116;0;3403
28;Normandie;2024-08-13;17:30;2373;200;7506;2;80;14;0;89;-5518;0;0;15;0;7891
84;Auvergne-Rhône-Alpes;2024-08-13;17:30;6564;6;7514;100;833;3271;-15;117;-5262;0;0;100;0;11826
27;Bourgogne-Franche-Comté;2024-08-13;17:30;1907;21;0;100;327;21;0;41;1397;0;0;100;0;510
32;Hauts-de-France;2024-08-13;17:30;4519;158;3546;391;182;2;0;109;132;0;0;391;0;4388
53;Bretagne;2024-08-13;17:30;2066;13;0;276;245;68;-1;55;1409;0;0;254;22;656
11;Île-de-France;2024-08-13;17:30;6471;0;0;6;90;11;0;125;6243;0;0;6;0;232
93;Provence-Alpes-Côte d'Azur;2024-08-13;17:30;5357;221;0;7;1064;823;0;106;3135;0;0;7;0;2221
24;Centre-Val de Loire;2024-08-13;17:30;1564;0;7657;122;256;9;0;59;-6540;0;0;122;0;8103
44;Grand Est;2024-08-13;17:30;4133;78;7762;157;766;913;-1;135;-5678;0;0;157;0;9810
93;Provence-Alpes-Côte d'Azur;2024-08-13;18:00;5369;221;0;10;935;845;0;105;3253;0;0;10;0;2116
44;Grand Est;2024-08-13;18:00;4020;78;7809;281;591;1089;-1;135;-5962;0;0;281;0;9982
27;Bourgogne-Franche-Comté;2024-08-13;18:00;1911;20;0;130;225;20;0;41;1475;0;0;130;0;436
75;Nouvelle-Aquitaine;2024-08-13;18:00;4414;19;3602;135;1222;109;0;194;-873;0;0;135;0;5281
32;Hauts-de-France;2024-08-13;18:00;4314;167;3547;458;160;2;0;107;-127;0;0;458;0;4441
24;Centre-Val de Loire;2024-08-13;18:00;1635;0;7687;111;255;10;0;60;-6488;0;0;111;0;8123
11;Île-de-France;2024-08-13;18:00;6472;0;0;10;70;11;0;131;6255;0;0;10;0;222
84;Auvergne-Rhône-Alpes;2024-08-13;18:00;6523;5;7745;98;687;3796;-12;116;-5912;0;0;98;0;12435
76;Occitanie;2024-08-13;18:00;4532;1;1213;121;942;1095;0;103;1058;0;0;121;0;3475
53;Bretagne;2024-08-13;18:00;2099;13;0;272;204;85;-1;54;1472;0;0;266;5;627
28;Normandie;2024-08-13;18:00;2368;201;7504;0;73;14;0;90;-5507;0;0;8;0;7882
52;Pays de la Loire;2024-08-13;18:00;2377;0;0;113;455;1;0;62;1754;0;0;58;55;631
93;Provence-Alpes-Côte d'Azur;2024-08-13;18:30;5357;221;0;13;731;1078;0;104;3210;0;0;13;0;2147
44;Grand Est;2024-08-13;18:30;4130;78;7967;426;434;1164;-1;135;-6072;0;0;426;0;10203
52;Pays de la Loire;2024-08-13;18:30;2398;0;0;131;400;1;0;62;1811;0;0;81;50;594
24;Centre-Val de Loire;2024-08-13;18:30;1632;0;7604;91;214;10;0;58;-6345;0;0;91;0;7977
11;Île-de-France;2024-08-13;18:30;6489;0;0;8;48;11;0;130;6299;0;0;8;0;197
75;Nouvelle-Aquitaine;2024-08-13;18:30;4163;19;4006;95;999;127;0;196;-1271;0;0;95;0;5442
53;Bretagne;2024-08-13;18:30;2102;16;0;290;164;92;-1;55;1487;0;0;281;10;616
84;Auvergne-Rhône-Alpes;2024-08-13;18:30;6709;5;8130;120;537;3508;-12;117;-5696;0;0;120;0;12405
76;Occitanie;2024-08-13;18:30;4406;1;1213;72;706;1142;0;106;1168;0;0;72;0;3240
32;Hauts-de-France;2024-08-13;18:30;4449;166;3547;523;133;2;0;107;-27;0;0;523;0;4478
27;Bourgogne-Franche-Comté;2024-08-13;18:30;1914;21;0;158;163;30;0;41;1504;0;0;158;0;413
28;Normandie;2024-08-13;18:30;2422;201;7506;0;64;14;0;91;-5448;0;0;9;0;7876
44;Grand Est;2024-08-13;19:00;4191;78;8508;577;301;1267;-1;129;-6664;0;0;577;0;10859
76;Occitanie;2024-08-13;19:00;4430;1;1214;57;578;1061;0;111;1410;0;0;57;0;3022
53;Bretagne;2024-08-13;19:00;2174;17;0;264;125;94;-1;56;1621;0;0;253;11;555
52;Pays de la Loire;2024-08-13;19:00;2481;0;0;149;327;1;0;62;1949;0;0;108;42;539
75;Nouvelle-Aquitaine;2024-08-13;19:00;4449;18;4598;73;781;241;0;193;-1457;0;0;73;0;5904
93;Provence-Alpes-Côte d'Azur;2024-08-13;19:00;5368;222;0;19;483;1133;0;75;3436;0;0;19;0;1932
84;Auvergne-Rhône-Alpes;2024-08-13;19:00;6613;5;8321;106;374;3428;-12;112;-5721;0;0;106;0;12334
32;Hauts-de-France;2024-08-13;19:00;4539;167;3546;540;94;2;0;108;90;0;0;540;0;4457
24;Centre-Val de Loire;2024-08-13;19:00;1610;0;7725;66;162;10;0;60;-6412;0;0;66;0;8023
27;Bourgogne-Franche-Comté;2024-08-13;19:00;1932;21;0;181;128;109;0;42;1454;0;0;181;0;481
11;Île-de-France;2024-08-13;19:00;6421;0;0;6;32;11;0;127;6255;0;0;6;0;176
28;Normandie;2024-08-13;19:00;2425;201;7505;0;53;14;0;92;-5431;0;0;6;0;7865
28;Normandie;2024-08-13;19:30;2468;197;7506;0;43;14;0;94;-5373;0;0;3;0;7854
93;Provence-Alpes-Côte d'Azur;2024-08-13;19:30;5371;222;0;24;242;1257;0;75;3551;0;0;24;0;1820
27;Bourgogne-Franche-Comté;2024-08-13;19:30;1896;21;0;169;95;112;0;42;1456;0;0;169;0;439
52;Pays de la Loire;2024-08-13;19:30;2501;0;0;148;238;1;0;63;2058;0;0;118;30;450
76;Occitanie;2024-08-13;19:30;4477;1;1215;86;404;1341;0;114;1316;0;0;86;0;3161
32;Hauts-de-France;2024-08-13;19:30;4457;179;3542;518;59;2;0;109;48;0;0;518;0;4409
53;Bretagne;2024-08-13;19:30;2215;17;0;198;89;89;-1;55;1768;0;0;195;3;447
75;Nouvelle-Aquitaine;2024-08-13;19:30;4521;18;4677;53;516;260;0;191;-1190;0;0;53;0;5715
24;Centre-Val de Loire;2024-08-13;19:30;1645;0;7746;62;122;10;0;60;-6354;0;0;62;0;8000
44;Grand Est;2024-08-13;19:30;4082;78;8510;714;185;1325;-1;128;-6859;0;0;714;0;10939
84;Auvergne-Rhône-Alpes;2024-08-13;19:30;6581;5;8367;85;203;3857;-12;113;-6037;0;0;85;0;12618
11;Île-de-France;2024-08-13;19:30;6360;0;0;8;31;11;0;127;6187;0;0;8;0;177
84;Auvergne-Rhône-Alpes;2024-08-13;20:00;6556;6;8378;136;96;4002;-12;113;-6163;0;0;136;0;12719
76;Occitanie;2024-08-13;20:00;4297;1;1217;67;234;1488;0;115;1176;0;0;67;0;3122
52;Pays de la Loire;2024-08-13;20:00;2472;0;0;138;153;0;0;63;2125;0;0;118;19;354
75;Nouvelle-Aquitaine;2024-08-13;20:00;4420;17;4689;45;330;322;0;189;-1172;0;0;45;0;5592
11;Île-de-France;2024-08-13;20:00;6332;0;0;8;24;11;0;129;6165;0;0;8;0;172
24;Centre-Val de Loire;2024-08-13;20:00;1647;0;7693;80;84;10;0;60;-6281;0;0;80;0;7927
93;Provence-Alpes-Côte d'Azur;2024-08-13;20:00;5277;223;0;22;106;1283;0;78;3565;0;0;22;0;1712
44;Grand Est;2024-08-13;20:00;4114;79;8517;892;99;1326;-1;128;-6926;0;0;892;0;11040
32;Hauts-de-France;2024-08-13;20:00;4453;183;3546;457;35;2;0;108;122;0;0;457;0;4331
53;Bretagne;2024-08-13;20:00;2175;17;0;176;55;79;-1;55;1794;0;0;173;3;381
27;Bourgogne-Franche-Comté;2024-08-13;20:00;1845;22;0;149;55;112;0;42;1464;0;0;149;0;380
28;Normandie;2024-08-13;20:00;2435;196;7508;0;30;14;0;93;-5395;0;0;3;0;7841
28;Normandie;2024-08-13;20:30;2395;196;7510;0;17;14;0;93;-5424;0;0;3;0;7830
93;Provence-Alpes-Côte d'Azur;2024-08-13;20:30;5090;223;0;12;36;1330;0;78;3412;0;0;12;0;1679
75;Nouvelle-Aquitaine;2024-08-13;20:30;4374;18;4691;35;168;401;0;192;-1127;0;0;35;0;5505
52;Pays de la Loire;2024-08-13;20:30;2413;0;0;118;82;1;0;63;2156;0;0;95;23;264
32;Hauts-de-France;2024-08-13;20:30;4351;184;3549;347;17;2;0;109;139;0;0;347;0;4208
24;Centre-Val de Loire;2024-08-13;20:30;1597;0;7649;66;45;10;0;61;-6234;0;0;66;0;7831
44;Grand Est;2024-08-13;20:30;4049;79;8516;882;39;1336;-1;131;-6934;0;0;882;0;10982
76;Occitanie;2024-08-13;20:30;4260;1;1219;129;101;1245;0;114;1450;0;0;129;0;2809
27;Bourgogne-Franche-Comté;2024-08-13;20:30;1804;22;0;153;23;112;0;43;1451;0;0;153;0;353
84;Auvergne-Rhône-Alpes;2024-08-13;20:30;6399;6;8376;164;37;4469;-12;109;-6751;0;0;164;0;13149
11;Île-de-France;2024-08-13;20:30;6064;0;0;5;15;11;0;132;5901;0;0;5;0;163
53;Bretagne;2024-08-13;20:30;2114;6;0;154;31;68;-1;55;1800;0;0;156;0;313
93;Provence-Alpes-Côte d'Azur;2024-08-13;21:00;5019;222;0;16;0;1328;0;78;3375;0;0;16;0;1644
75;Nouvelle-Aquitaine;2024-08-13;21:00;4276;18;4703;43;58;408;0;195;-1151;0;0;43;0;5425
76;Occitanie;2024-08-13;21:00;4132;1;1219;149;16;1270;0;115;1361;0;0;149;0;2770
11;Île-de-France;2024-08-13;21:00;5947;0;0;6;5;11;0;131;5794;0;0;6;0;153
53;Bretagne;2024-08-13;21:00;2039;5;0;114;14;47;-1;55;1805;0;0;117;0;234
32;Hauts-de-France;2024-08-13;21:00;4265;183;3547;349;4;2;0;111;64;0;0;349;0;4196
44;Grand Est;2024-08-13;21:00;3917;80;8523;791;6;1289;-1;130;-6903;0;0;791;0;10818
27;Bourgogne-Franche-Comté;2024-08-13;21:00;1786;21;0;154;4;112;0;45;1450;0;0;154;0;336
52;Pays de la Loire;2024-08-13;21:00;2310;0;0;106;28;0;0;63;2120;0;0;86;19;197
24;Centre-Val de Loire;2024-08-13;21:00;1527;0;7652;86;14;10;0;60;-6295;0;0;86;0;7822
84;Auvergne-Rhône-Alpes;2024-08-13;21:00;6190;6;8381;144;6;4422;-12;111;-6867;0;0;144;0;13058
28;Normandie;2024-08-13;21:00;2383;196;7509;0;7;14;0;92;-5424;0;0;4;0;7818
84;Auvergne-Rhône-Alpes;2024-08-13;21:30;6131;6;8389;166;0;4622;-12;111;-7150;0;0;166;0;13282
93;Provence-Alpes-Côte d'Azur;2024-08-13;21:30;4960;222;0;1;0;1326;0;78;3334;0;0;1;0;1627
52;Pays de la Loire;2024-08-13;21:30;2288;0;0;113;2;0;0;62;2117;0;0;89;23;177
44;Grand Est;2024-08-13;21:30;3968;81;8530;690;0;1332;-1;130;-6793;0;0;690;0;10762
76;Occitanie;2024-08-13;21:30;4125;1;1218;158;0;1232;0;115;1402;0;0;158;0;2724
11;Île-de-France;2024-08-13;21:30;5926;0;0;5;0;11;0;135;5780;0;0;5;0;151
28;Normandie;2024-08-13;21:30;2474;192;7508;0;1;13;0;92;-5321;0;0;5;0;7806
24;Centre-Val de Loire;2024-08-13;21:30;1639;0;7656;68;0;1;0;60;-6147;0;0;68;0;7785
53;Bretagne;2024-08-13;21:30;2002;5;0;80;3;26;-1;54;1835;0;0;82;0;167
27;Bourgogne-Franche-Comté;2024-08-13;21:30;1857;22;0;132;0;111;0;45;1548;0;0;132;0;310
75;Nouvelle-Aquitaine;2024-08-13;21:30;4219;18;4708;45;2;305;0;191;-1043;0;0;45;0;5269
32;Hauts-de-France;2024-08-13;21:30;4212;172;3545;362;0;2;0;110;22;0;0;362;0;4191
75;Nouvelle-Aquitaine;2024-08-13;22:00;4189;17;4708;37;1;293;0;192;-1048;0;0;37;0;5248
32;Hauts-de-France;2024-08-13;22:00;4395;170;3542;335;0;2;0;110;236;0;0;335;0;4159
93;Provence-Alpes-Côte d'Azur;2024-08-13;22:00;4847;222;0;1;0;1305;0;81;3238;0;0;1;0;1609
52;Pays de la Loire;2024-08-13;22:00;2281;0;0;111;0;0;0;62;2114;0;0;66;45;173
53;Bretagne;2024-08-13;22:00;2092;5;0;66;0;8;-1;55;1959;0;0;54;12;133
28;Normandie;2024-08-13;22:00;2424;192;7506;0;0;13;0;93;-5370;0;0;6;0;7804
24;Centre-Val de Loire;2024-08-13;22:00;1627;0;7570;81;0;1;0;60;-6086;0;0;81;0;7712
84;Auvergne-Rhône-Alpes;2024-08-13;22:00;6032;6;8381;127;0;4548;-12;116;-7134;0;0;127;0;13166
27;Bourgogne-Franche-Comté;2024-08-13;22:00;1775;22;0;130;0;110;0;46;1469;0;0;130;0;308
76;Occitanie;2024-08-13;22:00;4002;1;1216;141;0;1208;0;111;1325;0;0;141;0;2677
44;Grand Est;2024-08-13;22:00;3999;81;8622;640;0;1270;-1;134;-6746;0;0;640;0;10746
11;Île-de-France;2024-08-13;22:00;5836;0;0;4;0;11;0;134;5693;0;0;4;0;149
76;Occitanie;2024-08-13;22:30;3963;1;1218;161;0;1258;0;112;1215;0;0;161;0;2750
84;Auvergne-Rhône-Alpes;2024-08-13;22:30;6006;6;8406;90;0;4420;-12;114;-7018;0;0;90;0;13024
52;Pays de la Loire;2024-08-13;22:30;2392;0;0;130;0;0;0;63;2206;0;0;64;66;193
53;Bretagne;2024-08-13;22:30;2121;5;0;105;0;0;-1;56;1956;0;0;49;56;165
44;Grand Est;2024-08-13;22:30;4065;82;8653;499;0;1266;-1;137;-6570;0;0;499;0;10636
75;Nouvelle-Aquitaine;2024-08-13;22:30;4274;18;4710;40;1;287;0;192;-982;0;0;40;0;5248
32;Hauts-de-France;2024-08-13;22:30;4353;178;3541;310;0;2;0;117;206;0;0;310;0;4148
24;Centre-Val de Loire;2024-08-13;22:30;1617;0;7583;118;0;1;0;60;-6145;0;0;118;0;7762
27;Bourgogne-Franche-Comté;2024-08-13;22:30;1771;22;0;133;0;112;0;48;1457;0;0;133;0;315
93;Provence-Alpes-Côte d'Azur;2024-08-13;22:30;4822;222;0;0;0;1300;0;83;3217;0;0;0;0;1605
11;Île-de-France;2024-08-13;22:30;5804;0;0;4;0;11;0;134;5659;0;0;4;0;149
28;Normandie;2024-08-13;22:30;2582;192;7501;0;0;13;0;93;-5211;0;0;10;0;7799
93;Provence-Alpes-Côte d'Azur;2024-08-13;23:00;4774;222;0;0;0;1294;0;82;3177;0;0;0;0;1598
28;Normandie;2024-08-13;23:00;2620;192;7498;0;0;13;0;93;-5173;0;0;13;0;7796
52;Pays de la Loire;2024-08-13;23:00;2664;0;0;147;0;0;0;63;2460;0;0;64;84;210
11;Île-de-France;2024-08-13;23:00;6003;0;0;6;0;11;0;138;5853;0;0;6;0;155
84;Auvergne-Rhône-Alpes;2024-08-13;23:00;6109;6;8409;69;0;4551;-12;111;-7025;0;0;69;0;13134
24;Centre-Val de Loire;2024-08-13;23:00;1597;0;7656;94;0;1;0;60;-6214;0;0;94;0;7811
32;Hauts-de-France;2024-08-13;23:00;4281;178;3540;296;0;2;0;121;147;0;0;296;0;4137
53;Bretagne;2024-08-13;23:00;2257;5;0;107;0;0;-1;56;2090;0;0;51;56;167
76;Occitanie;2024-08-13;23:00;4160;1;1218;180;0;1567;0;116;1079;0;0;180;0;3082
75;Nouvelle-Aquitaine;2024-08-13;23:00;4358;17;4712;42;1;206;0;184;-794;0;0;42;0;5162
27;Bourgogne-Franche-Comté;2024-08-13;23:00;1777;22;0;114;0;111;0;48;1483;0;0;114;0;295
44;Grand Est;2024-08-13;23:00;4075;82;8659;430;0;1273;-1;135;-6502;0;0;430;0;10578
28;Normandie;2024-08-13;23:30;2513;192;7497;1;0;13;0;93;-5283;0;0;16;0;7796
75;Nouvelle-Aquitaine;2024-08-13;23:30;4222;17;4716;49;1;207;0;180;-946;0;0;49;0;5170
32;Hauts-de-France;2024-08-13;23:30;4262;179;3537;314;0;2;0;122;115;0;0;314;0;4154
76;Occitanie;2024-08-13;23:30;3921;1;1219;182;0;1437;0;118;963;0;0;182;0;2957
93;Provence-Alpes-Côte d'Azur;2024-08-13;23:30;4968;222;0;0;0;1219;0;82;3445;0;0;0;0;1523
84;Auvergne-Rhône-Alpes;2024-08-13;23:30;5945;6;8463;67;0;4315;-12;108;-7002;0;0;67;0;12947
52;Pays de la Loire;2024-08-13;23:30;2465;0;0;187;0;0;0;62;2222;0;0;79;108;249
53;Bretagne;2024-08-13;23:30;2121;5;0;123;0;0;-1;55;1938;0;0;49;75;182
11;Île-de-France;2024-08-13;23:30;5773;0;0;5;0;11;0;135;5630;0;0;5;0;151
24;Centre-Val de Loire;2024-08-13;23:30;1620;0;7691;96;0;1;0;60;-6228;0;0;96;0;7848
27;Bourgogne-Franche-Comté;2024-08-13;23:30;1680;22;0;126;0;110;0;48;1376;0;0;126;0;306
44;Grand Est;2024-08-13;23:30;4086;82;8683;474;0;1270;-1;137;-6556;0;0;474;0;10645
28;Normandie;2024-09-17;00:00;2723;184;6973;546;0;15;0;97;-5091;0;0;232;314;7815
75;Nouvelle-Aquitaine;2024-09-17;00:00;3878;21;5562;646;0;116;0;169;-2630;0;0;646;0;6514
27;Bourgogne-Franche-Comté;2024-09-17;00:00;1880;19;0;278;0;60;0;29;1494;0;0;278;0;386
44;Grand Est;2024-09-17;00:00;4346;47;6597;1535;0;931;0;149;-4913;0;0;1535;0;9259
53;Bretagne;2024-09-17;00:00;2311;0;0;519;0;209;-1;54;1530;0;0;279;241;781
84;Auvergne-Rhône-Alpes;2024-09-17;00:00;6203;10;8400;503;0;2628;-12;107;-5434;0;0;503;0;11636
11;Île-de-France;2024-09-17;00:00;5763;0;0;59;0;12;0;148;5546;0;0;59;0;219
24;Centre-Val de Loire;2024-09-17;00:00;1821;3;6716;638;0;4;0;59;-5598;0;0;638;0;7420
32;Hauts-de-France;2024-09-17;00:00;4998;206;3575;1998;0;2;0;107;-891;0;0;1998;0;5888
52;Pays de la Loire;2024-09-17;00:00;2560;0;0;651;0;0;0;62;1851;0;0;456;195;713
93;Provence-Alpes-Côte d'Azur;2024-09-17;00:00;3811;58;0;38;0;683;0;118;2913;0;0;38;0;897
76;Occitanie;2024-09-17;00:00;3676;1;1216;1040;0;1076;0;92;251;0;0;1040;0;3425
84;Auvergne-Rhône-Alpes;2024-09-17;00:30;6043;10;8399;496;0;2656;-12;108;-5616;0;0;496;0;11657
75;Nouvelle-Aquitaine;2024-09-17;00:30;3952;21;5623;674;0;99;0;165;-2636;0;0;674;0;6582
11;Île-de-France;2024-09-17;00:30;5431;0;0;63;0;12;0;148;5207;0;0;63;0;223
53;Bretagne;2024-09-17;00:30;2205;0;0;574;0;212;-1;54;1365;0;0;270;303;839
76;Occitanie;2024-09-17;00:30;3372;1;1219;1010;0;979;0;92;71;0;0;1010;0;3301
32;Hauts-de-France;2024-09-17;00:30;4865;203;3575;1994;0;2;0;107;-1018;0;0;1994;0;5881
27;Bourgogne-Franche-Comté;2024-09-17;00:30;1855;19;0;278;0;108;0;29;1420;0;0;278;0;434
52;Pays de la Loire;2024-09-17;00:30;2472;0;0;667;0;0;0;62;1746;0;0;476;191;729
93;Provence-Alpes-Côte d'Azur;2024-09-17;00:30;3566;58;0;39;0;643;0;119;2707;0;0;39;0;859
24;Centre-Val de Loire;2024-09-17;00:30;1877;3;6790;681;0;3;0;59;-5659;0;0;681;0;7536
44;Grand Est;2024-09-17;00:30;4270;78;6345;1666;0;955;-1;150;-4924;0;0;1666;0;9193
28;Normandie;2024-09-17;00:30;2649;179;7021;561;0;15;0;96;-5223;0;0;221;340;7872
93;Provence-Alpes-Côte d'Azur;2024-09-17;01:00;3356;58;0;39;0;530;0;118;2610;0;0;39;0;745
75;Nouvelle-Aquitaine;2024-09-17;01:00;3631;21;5547;677;0;97;0;169;-2878;0;0;677;0;6511
11;Île-de-France;2024-09-17;01:00;5126;0;0;60;0;12;0;147;4909;0;0;60;0;219
53;Bretagne;2024-09-17;01:00;1996;0;0;503;0;215;-1;52;1226;0;0;255;249;769
28;Normandie;2024-09-17;01:00;2539;179;6877;566;0;15;0;95;-5194;0;0;211;356;7732
52;Pays de la Loire;2024-09-17;01:00;2261;0;0;668;0;0;0;62;1534;0;0;466;201;730
24;Centre-Val de Loire;2024-09-17;01:00;1678;3;6739;702;0;3;0;58;-5827;0;0;702;0;7505
27;Bourgogne-Franche-Comté;2024-09-17;01:00;1739;20;0;309;0;101;0;29;1280;0;0;309;0;459
76;Occitanie;2024-09-17;01:00;2990;1;1221;983;0;391;0;89;305;0;0;983;0;2685
32;Hauts-de-France;2024-09-17;01:00;4630;206;3576;1954;0;2;0;106;-1212;0;0;1954;0;5844
44;Grand Est;2024-09-17;01:00;4166;213;5883;1731;0;944;-261;149;-4491;0;0;1731;0;8659
84;Auvergne-Rhône-Alpes;2024-09-17;01:00;5815;10;8385;484;0;2130;-12;108;-5289;0;0;484;0;11105
52;Pays de la Loire;2024-09-17;01:30;2225;0;0;676;0;0;0;61;1492;0;0;446;230;737
75;Nouvelle-Aquitaine;2024-09-17;01:30;3753;21;5536;707;0;97;0;166;-2772;0;0;707;0;6527
53;Bretagne;2024-09-17;01:30;1876;0;0;489;0;215;-1;54;1119;0;0;258;232;757
76;Occitanie;2024-09-17;01:30;2978;1;1222;929;0;357;0;89;380;0;0;929;0;2598
27;Bourgogne-Franche-Comté;2024-09-17;01:30;1748;19;0;332;0;97;0;30;1271;0;0;332;0;478
11;Île-de-France;2024-09-17;01:30;4859;0;0;63;0;12;0;145;4640;0;0;63;0;220
93;Provence-Alpes-Côte d'Azur;2024-09-17;01:30;3356;58;0;35;0;501;0;118;2644;0;0;35;0;712
32;Hauts-de-France;2024-09-17;01:30;4614;161;3576;1789;0;2;0;105;-1019;0;0;1789;0;5633
24;Centre-Val de Loire;2024-09-17;01:30;1668;3;6617;756;0;3;0;58;-5769;0;0;756;0;7437
44;Grand Est;2024-09-17;01:30;4011;222;5540;1741;0;937;-349;149;-4230;0;0;1741;0;8240
84;Auvergne-Rhône-Alpes;2024-09-17;01:30;5624;10;8385;476;0;2031;-324;108;-5062;0;0;476;0;10686
28;Normandie;2024-09-17;01:30;2487;179;6864;598;0;14;0;95;-5263;0;0;217;380;7750
44;Grand Est;2024-09-17;02:00;4137;264;5284;1763;0;923;-348;148;-3897;0;0;1763;0;8034
53;Bretagne;2024-09-17;02:00;1936;0;0;453;0;215;-1;54;1214;0;0;247;206;721
27;Bourgogne-Franche-Comté;2024-09-17;02:00;1763;19;0;345;0;97;0;30;1271;0;0;345;0;491
76;Occitanie;2024-09-17;02:00;2829;1;1224;916;0;382;0;90;217;0;0;916;0;2613
11;Île-de-France;2024-09-17;02:00;4601;0;0;65;0;12;0;144;4382;0;0;65;0;221
28;Normandie;2024-09-17;02:00;2465;179;6872;596;0;14;0;94;-5290;0;0;217;379;7755
84;Auvergne-Rhône-Alpes;2024-09-17;02:00;5698;10;8388;476;0;2090;-637;109;-4738;0;0;476;0;10436
24;Centre-Val de Loire;2024-09-17;02:00;1609;3;6585;749;0;3;0;59;-5789;0;0;749;0;7399
32;Hauts-de-France;2024-09-17;02:00;4518;153;3577;1729;0;2;0;105;-1047;0;0;1729;0;5566
52;Pays de la Loire;2024-09-17;02:00;2245;0;0;663;0;0;0;59;1526;0;0;421;242;722
93;Provence-Alpes-Côte d'Azur;2024-09-17;02:00;3316;58;0;31;0;497;0;118;2612;0;0;31;0;704
75;Nouvelle-Aquitaine;2024-09-17;02:00;3560;22;5546;760;0;98;0;171;-3036;0;0;760;0;6597
32;Hauts-de-France;2024-09-17;02:30;4387;186;3578;1808;0;2;0;104;-1288;0;0;1808;0;5678
44;Grand Est;2024-09-17;02:30;4064;317;5096;1698;0;902;-347;148;-3749;0;0;1698;0;7814
76;Occitanie;2024-09-17;02:30;2926;1;1226;889;0;378;0;86;346;0;0;889;0;2580
11;Île-de-France;2024-09-17;02:30;4528;0;0;69;0;11;0;143;4308;0;0;69;0;223
24;Centre-Val de Loire;2024-09-17;02:30;1612;1;6624;752;0;2;0;59;-5826;0;0;752;0;7438
53;Bretagne;2024-09-17;02:30;1852;0;0;465;0;202;-1;54;1131;0;0;240;225;720
27;Bourgogne-Franche-Comté;2024-09-17;02:30;1789;20;0;360;0;51;0;30;1328;0;0;360;0;461
52;Pays de la Loire;2024-09-17;02:30;2128;0;0;643;0;0;0;60;1429;0;0;403;239;703
75;Nouvelle-Aquitaine;2024-09-17;02:30;3646;22;5607;786;0;99;0;169;-3036;0;0;786;0;6683
93;Provence-Alpes-Côte d'Azur;2024-09-17;02:30;3349;58;0;27;0;463;0;118;2683;0;0;27;0;666
28;Normandie;2024-09-17;02:30;2393;179;6922;532;0;13;0;95;-5348;0;0;219;313;7741
84;Auvergne-Rhône-Alpes;2024-09-17;02:30;5689;10;8389;470;0;2114;-729;108;-4673;0;0;470;0;10362
32;Hauts-de-France;2024-09-17;03:00;4247;208;3578;1831;0;2;0;101;-1471;0;0;1831;0;5720
44;Grand Est;2024-09-17;03:00;3893;422;4850;1682;0;889;-346;148;-3750;0;0;1682;0;7645
52;Pays de la Loire;2024-09-17;03:00;2027;0;0;611;0;0;0;61;1358;0;0;391;220;672
11;Île-de-France;2024-09-17;03:00;4406;0;0;66;0;11;0;144;4188;0;0;66;0;221
24;Centre-Val de Loire;2024-09-17;03:00;1574;0;6580;714;0;2;0;59;-5781;0;0;714;0;7355
75;Nouvelle-Aquitaine;2024-09-17;03:00;3379;21;5575;787;0;101;0;168;-3271;0;0;787;0;6652
93;Provence-Alpes-Côte d'Azur;2024-09-17;03:00;3195;58;0;23;0;456;0;119;2540;0;0;23;0;656
84;Auvergne-Rhône-Alpes;2024-09-17;03:00;5627;10;8391;444;0;1913;-921;107;-4317;0;0;444;0;9944
76;Occitanie;2024-09-17;03:00;2876;1;1227;842;0;327;-319;82;717;0;0;842;0;2160
53;Bretagne;2024-09-17;03:00;1761;0;0;481;0;163;-1;54;1063;0;0;250;232;697
27;Bourgogne-Franche-Comté;2024-09-17;03:00;1742;20;0;401;0;50;0;30;1241;0;0;401;0;501
28;Normandie;2024-09-17;03:00;2349;179;6858;522;0;13;0;94;-5317;0;0;223;299;7666
75;Nouvelle-Aquitaine;2024-09-17;03:30;3339;21;5462;801;0;100;0;169;-3215;0;0;801;0;6553
44;Grand Est;2024-09-17;03:30;3867;470;4873;1671;0;884;-345;148;-3833;0;0;1671;0;7701
53;Bretagne;2024-09-17;03:30;1726;0;0;491;0;96;-1;54;1085;0;0;243;248;640
24;Centre-Val de Loire;2024-09-17;03:30;1528;0;6710;715;0;2;0;58;-5957;0;0;715;0;7485
27;Bourgogne-Franche-Comté;2024-09-17;03:30;1731;20;0;418;0;50;-1;30;1215;0;0;418;0;517
93;Provence-Alpes-Côte d'Azur;2024-09-17;03:30;3152;58;0;21;0;393;0;117;2564;0;0;21;0;589
84;Auvergne-Rhône-Alpes;2024-09-17;03:30;5524;10;8392;451;0;2051;-959;107;-4527;0;0;451;0;10052
32;Hauts-de-France;2024-09-17;03:30;4152;212;3576;1913;0;2;0;102;-1652;0;0;1913;0;5805
52;Pays de la Loire;2024-09-17;03:30;2013;0;0;605;0;0;0;63;1349;0;0;379;226;668
76;Occitanie;2024-09-17;03:30;2741;1;1227;821;0;320;-413;87;698;0;0;821;0;2043
11;Île-de-France;2024-09-17;03:30;4320;0;0;58;0;11;0;144;4109;0;0;58;0;213
28;Normandie;2024-09-17;03:30;2321;179;6881;535;0;12;0;93;-5379;0;0;230;305;7700
32;Hauts-de-France;2024-09-17;04:00;4095;213;3575;1991;0;2;0;104;-1789;0;0;1991;0;5885
24;Centre-Val de Loire;2024-09-17;04:00;1506;0;6735;732;0;2;0;58;-6022;0;0;732;0;7527
28;Normandie;2024-09-17;04:00;2288;179;6816;573;0;12;0;92;-5384;0;0;234;339;7672
93;Provence-Alpes-Côte d'Azur;2024-09-17;04:00;3073;58;0;20;0;316;0;118;2562;0;0;20;0;512
84;Auvergne-Rhône-Alpes;2024-09-17;04:00;5296;10;8397;438;0;1943;-976;111;-4627;0;0;438;0;9923
52;Pays de la Loire;2024-09-17;04:00;1959;0;0;582;0;0;0;63;1318;0;0;359;223;645
75;Nouvelle-Aquitaine;2024-09-17;04:00;3323;21;5059;783;0;101;0;174;-2816;0;0;783;0;6138
44;Grand Est;2024-09-17;04:00;3787;510;4868;1689;0;898;-344;148;-3982;0;0;1689;0;7769
11;Île-de-France;2024-09-17;04:00;4257;0;0;58;0;11;0;147;4042;0;0;58;0;216
27;Bourgogne-Franche-Comté;2024-09-17;04:00;1660;20;0;438;0;50;-65;30;1187;0;0;438;0;473
76;Occitanie;2024-09-17;04:00;2747;1;1227;810;0;314;-579;87;888;0;0;810;0;1860
53;Bretagne;2024-09-17;04:00;1708;0;0;509;0;31;-1;54;1116;0;0;265;244;593
75;Nouvelle-Aquitaine;2024-09-17;04:30;3249;22;4890;757;0;98;0;171;-2687;0;0;757;0;5938
52;Pays de la Loire;2024-09-17;04:30;1934;0;0;567;0;0;0;62;1308;0;0;362;205;629
28;Normandie;2024-09-17;04:30;2269;179;6902;583;0;12;0;91;-5498;0;0;232;351;7767
11;Île-de-France;2024-09-17;04:30;4269;0;0;68;0;11;0;147;4044;0;0;68;0;226
27;Bourgogne-Franche-Comté;2024-09-17;04:30;1634;20;0;473;0;50;-65;30;1125;0;0;473;0;508
93;Provence-Alpes-Côte d'Azur;2024-09-17;04:30;2991;58;0;21;0;322;0;118;2472;0;0;21;0;519
53;Bretagne;2024-09-17;04:30;1682;0;0;512;0;1;-1;54;1117;0;0;285;228;566
32;Hauts-de-France;2024-09-17;04:30;4094;213;3572;1946;0;2;0;101;-1740;0;0;1946;0;5834
44;Grand Est;2024-09-17;04:30;3821;497;4950;1670;0;900;-343;148;-4002;0;0;1670;0;7822
84;Auvergne-Rhône-Alpes;2024-09-17;04:30;5385;10;8395;424;0;1735;-1042;116;-4253;0;0;424;0;9638
76;Occitanie;2024-09-17;04:30;2636;1;1228;822;0;304;-617;87;811;0;0;822;0;1825
24;Centre-Val de Loire;2024-09-17;04:30;1490;0;6793;767;0;2;0;58;-6130;0;0;767;0;7620
84;Auvergne-Rhône-Alpes;2024-09-17;05:00;5386;10;8397;427;0;1713;-1044;116;-4234;0;0;427;0;9619
93;Provence-Alpes-Côte d'Azur;2024-09-17;05:00;2974;58;0;18;0;321;0;118;2458;0;0;18;0;515
75;Nouvelle-Aquitaine;2024-09-17;05:00;3234;22;4903;716;0;98;0;173;-2676;0;0;716;0;5912
53;Bretagne;2024-09-17;05:00;1688;0;0;543;0;0;0;54;1091;0;0;304;239;597
52;Pays de la Loire;2024-09-17;05:00;1954;0;0;568;0;0;0;62;1328;0;0;363;205;630
24;Centre-Val de Loire;2024-09-17;05:00;1509;0;6795;760;0;2;0;59;-6107;0;0;760;0;7616
11;Île-de-France;2024-09-17;05:00;4304;0;0;66;0;11;0;145;4083;0;0;66;0;222
28;Normandie;2024-09-17;05:00;2267;179;6950;576;0;12;0;92;-5542;0;0;222;354;7809
27;Bourgogne-Franche-Comté;2024-09-17;05:00;1637;20;0;528;0;50;-65;30;1074;0;0;528;0;563
32;Hauts-de-France;2024-09-17;05:00;4148;213;3570;1891;0;2;0;105;-1634;0;0;1891;0;5781
76;Occitanie;2024-09-17;05:00;2628;1;1228;886;0;305;-616;88;736;0;0;886;0;1892
44;Grand Est;2024-09-17;05:00;3752;497;4928;1770;0;900;-341;147;-4149;0;0;1770;0;7901
52;Pays de la Loire;2024-09-17;05:30;2048;0;0;573;0;0;0;61;1417;0;0;380;193;634
44;Grand Est;2024-09-17;05:30;3956;497;4753;1891;0;896;-340;147;-3882;0;0;1891;0;7844
53;Bretagne;2024-09-17;05:30;1734;0;0;557;0;8;-1;54;1116;0;0;329;228;618
76;Occitanie;2024-09-17;05:30;2658;1;1228;838;0;327;-616;90;789;0;0;838;0;1868
11;Île-de-France;2024-09-17;05:30;4494;0;0;77;0;11;0;147;4269;0;0;77;0;235
27;Bourgogne-Franche-Comté;2024-09-17;05:30;1733;19;0;539;0;49;-65;29;1163;0;0;539;0;571
93;Provence-Alpes-Côte d'Azur;2024-09-17;05:30;3032;58;0;18;0;318;0;118;2520;0;0;18;0;512
84;Auvergne-Rhône-Alpes;2024-09-17;05:30;5545;10;8395;408;0;1496;-622;117;-4260;0;0;408;0;9804
32;Hauts-de-France;2024-09-17;05:30;4227;213;3568;1896;0;2;0;106;-1547;0;0;1896;0;5785
24;Centre-Val de Loire;2024-09-17;05:30;1536;0;6691;750;0;2;0;59;-5966;0;0;750;0;7502
75;Nouvelle-Aquitaine;2024-09-17;05:30;3238;21;4894;703;0;98;0;174;-2652;0;0;703;0;5890
28;Normandie;2024-09-17;05:30;2348;179;6909;583;0;12;0;91;-5427;0;0;220;363;7774
28;Normandie;2024-09-17;06:00;2399;179;6945;566;0;13;0;91;-5394;0;0;224;342;7794
52;Pays de la Loire;2024-09-17;06:00;2133;0;0;619;0;0;0;61;1456;0;0;393;226;680
24;Centre-Val de Loire;2024-09-17;06:00;1619;0;6705;722;0;2;0;59;-5868;0;0;722;0;7488
93;Provence-Alpes-Côte d'Azur;2024-09-17;06:00;3109;58;0;17;0;334;0;117;2582;0;0;17;0;526
84;Auvergne-Rhône-Alpes;2024-09-17;06:00;5656;10;8398;398;0;1510;-612;117;-4165;0;0;398;0;9821
44;Grand Est;2024-09-17;06:00;4070;496;4817;1941;0;893;-52;146;-4169;0;0;1941;0;8241
27;Bourgogne-Franche-Comté;2024-09-17;06:00;1790;19;0;527;0;49;-65;29;1232;0;0;527;0;559
76;Occitanie;2024-09-17;06:00;2749;1;1229;749;0;337;-99;93;439;0;0;749;0;2310
32;Hauts-de-France;2024-09-17;06:00;4373;214;3565;1970;0;2;0;87;-1462;0;0;1970;0;5838
53;Bretagne;2024-09-17;06:00;1810;0;0;572;0;33;-1;54;1152;0;0;341;231;658
75;Nouvelle-Aquitaine;2024-09-17;06:00;3404;22;4915;730;0;100;0;174;-2537;0;0;730;0;5941
11;Île-de-France;2024-09-17;06:00;4716;0;0;72;0;11;0;147;4490;0;0;72;0;230
76;Occitanie;2024-09-17;06:30;2898;1;1229;662;0;578;0;92;337;0;0;662;0;2562
75;Nouvelle-Aquitaine;2024-09-17;06:30;3605;22;5110;769;0;117;0;176;-2588;0;0;769;0;6194
32;Hauts-de-France;2024-09-17;06:30;4654;212;3561;1937;0;2;0;81;-1138;0;0;1937;0;5793
44;Grand Est;2024-09-17;06:30;4346;495;5115;2078;0;874;0;146;-4362;0;0;2078;0;8708
52;Pays de la Loire;2024-09-17;06:30;2296;0;0;664;0;0;0;62;1574;0;0;423;241;726
84;Auvergne-Rhône-Alpes;2024-09-17;06:30;6079;10;8400;397;0;1701;-378;115;-4165;0;0;397;0;10245
93;Provence-Alpes-Côte d'Azur;2024-09-17;06:30;3291;58;0;16;0;550;0;117;2550;0;0;16;0;741
28;Normandie;2024-09-17;06:30;2524;179;7026;559;0;13;0;91;-5345;0;0;244;315;7868
11;Île-de-France;2024-09-17;06:30;5262;0;0;64;0;11;0;145;5043;0;0;64;0;220
53;Bretagne;2024-09-17;06:30;1962;0;0;604;0;33;-1;54;1271;0;0;362;242;690
24;Centre-Val de Loire;2024-09-17;06:30;1643;0;6818;705;0;2;0;59;-5941;0;0;705;0;7584
27;Bourgogne-Franche-Comté;2024-09-17;06:30;1926;20;0;553;0;52;0;29;1273;0;0;553;0;654
84;Auvergne-Rhône-Alpes;2024-09-17;07:00;6243;10;8411;396;0;2206;-14;113;-4879;0;0;396;0;11122
44;Grand Est;2024-09-17;07:00;4560;495;5219;2113;0;1226;-1;146;-4640;0;0;2113;0;9198
76;Occitanie;2024-09-17;07:00;3090;1;1228;557;0;1201;0;92;12;0;0;557;0;3079
24;Centre-Val de Loire;2024-09-17;07:00;1813;0;6879;700;0;2;0;59;-5826;0;0;700;0;7640
93;Provence-Alpes-Côte d'Azur;2024-09-17;07:00;3492;58;0;17;0;561;0;117;2740;0;0;17;0;753
28;Normandie;2024-09-17;07:00;2694;179;7052;543;0;13;0;92;-5185;0;0;243;300;7879
75;Nouvelle-Aquitaine;2024-09-17;07:00;3862;21;5520;819;0;239;0;172;-2912;0;0;819;0;6771
11;Île-de-France;2024-09-17;07:00;5714;0;0;66;0;11;0;146;5488;0;0;66;0;223
53;Bretagne;2024-09-17;07:00;2127;0;0;632;0;24;-1;53;1419;0;0;342;291;708
52;Pays de la Loire;2024-09-17;07:00;2504;0;0;680;0;0;0;61;1766;0;0;444;236;741
32;Hauts-de-France;2024-09-17;07:00;4884;215;3560;1829;0;2;0;77;-803;0;0;1829;0;5683
27;Bourgogne-Franche-Comté;2024-09-17;07:00;2093;20;0;528;0;53;0;29;1462;0;0;528;0;630
27;Bourgogne-Franche-Comté;2024-09-17;07:30;2173;19;0;519;1;58;0;30;1544;0;0;519;0;627
32;Hauts-de-France;2024-09-17;07:30;5150;214;3558;1853;0;2;0;91;-578;0;0;1853;0;5718
44;Grand Est;2024-09-17;07:30;4617;495;5264;2263;1;1185;-1;147;-4741;0;0;2263;0;9354
53;Bretagne;2024-09-17;07:30;2296;0;0;704;0;11;-1;54;1527;0;0;369;335;768
52;Pays de la Loire;2024-09-17;07:30;2706;0;0;699;0;0;0;62;1948;0;0;473;227;761
24;Centre-Val de Loire;2024-09-17;07:30;1879;0;6846;650;0;2;0;59;-5678;0;0;650;0;7557
93;Provence-Alpes-Côte d'Azur;2024-09-17;07:30;3607;58;0;16;2;716;0;115;2700;0;0;16;0;907
84;Auvergne-Rhône-Alpes;2024-09-17;07:30;6720;10;8414;413;1;3262;-12;114;-5482;0;0;413;0;12202
75;Nouvelle-Aquitaine;2024-09-17;07:30;4118;21;5624;878;0;464;0;178;-3042;0;0;878;0;7165
76;Occitanie;2024-09-17;07:30;3412;1;1228;494;0;1333;0;92;264;0;0;494;0;3148
11;Île-de-France;2024-09-17;07:30;6179;0;0;66;0;11;0;147;5952;0;0;66;0;224
28;Normandie;2024-09-17;07:30;2797;179;7028;566;0;13;0;94;-5083;0;0;252;314;7880
75;Nouvelle-Aquitaine;2024-09-17;08:00;4149;21;5685;849;11;515;0;175;-3107;0;0;849;0;7256
24;Centre-Val de Loire;2024-09-17;08:00;1908;0;6894;668;5;2;0;59;-5720;0;0;668;0;7628
11;Île-de-France;2024-09-17;08:00;6517;0;0;70;2;11;0;146;6284;0;0;70;0;229
52;Pays de la Loire;2024-09-17;08:00;2797;0;0;734;3;0;0;62;1998;0;0;497;237;799
76;Occitanie;2024-09-17;08:00;3508;1;1229;482;26;1329;0;92;348;0;0;482;0;3159
93;Provence-Alpes-Côte d'Azur;2024-09-17;08:00;3729;58;0;15;46;759;0;115;2736;0;0;15;0;993
28;Normandie;2024-09-17;08:00;2807;179;7083;570;1;13;0;91;-5131;0;0;262;308;7937
53;Bretagne;2024-09-17;08:00;2338;4;0;707;1;10;-1;54;1563;0;0;390;317;775
32;Hauts-de-France;2024-09-17;08:00;5095;216;3558;1845;2;2;0;103;-641;0;0;1845;0;5726
27;Bourgogne-Franche-Comté;2024-09-17;08:00;2201;20;0;541;10;172;0;29;1424;0;0;541;0;772
44;Grand Est;2024-09-17;08:00;4756;496;5414;2301;21;1216;-1;146;-4842;0;0;2301;0;9593
84;Auvergne-Rhône-Alpes;2024-09-17;08:00;6905;10;8415;387;20;3383;-12;114;-5412;0;0;387;0;12317
28;Normandie;2024-09-17;08:30;2879;179;7090;606;12;14;0;93;-5115;0;0;258;348;7994
75;Nouvelle-Aquitaine;2024-09-17;08:30;4208;21;5697;803;135;625;0;170;-3238;0;0;803;0;7451
24;Centre-Val de Loire;2024-09-17;08:30;2009;0;6898;686;35;2;0;60;-5671;0;0;686;0;7681
53;Bretagne;2024-09-17;08:30;2409;16;0;721;14;2;-27;53;1630;0;0;407;314;779
32;Hauts-de-France;2024-09-17;08:30;5191;228;3558;1807;14;2;0;103;-514;0;0;1807;0;5712
52;Pays de la Loire;2024-09-17;08:30;2862;0;0;744;39;0;0;62;2018;0;0;508;236;845
84;Auvergne-Rhône-Alpes;2024-09-17;08:30;7111;10;8416;382;83;3553;-12;114;-5434;0;0;382;0;12546
93;Provence-Alpes-Côte d'Azur;2024-09-17;08:30;3794;58;0;17;172;728;0;117;2701;0;0;17;0;1092
76;Occitanie;2024-09-17;08:30;3567;1;1230;499;156;1330;0;92;259;0;0;499;0;3308
44;Grand Est;2024-09-17;08:30;4872;512;6115;2340;80;1210;-1;141;-5524;0;0;2340;0;10397
11;Île-de-France;2024-09-17;08:30;6768;0;0;60;9;11;0;149;6544;0;0;60;0;229
27;Bourgogne-Franche-Comté;2024-09-17;08:30;2288;19;0;520;41;168;0;29;1509;0;0;520;0;777
28;Normandie;2024-09-17;09:00;2880;180;7092;554;33;14;0;93;-5085;0;0;248;306;7966
44;Grand Est;2024-09-17;09:00;4750;525;6258;2279;162;1161;-1;134;-5765;0;0;2279;0;10518
76;Occitanie;2024-09-17;09:00;3704;1;1229;477;433;1217;0;94;254;0;0;477;0;3451
93;Provence-Alpes-Côte d'Azur;2024-09-17;09:00;3881;58;0;21;387;696;0;117;2602;0;0;21;0;1279
84;Auvergne-Rhône-Alpes;2024-09-17;09:00;7412;10;8411;374;183;2871;-12;113;-4539;0;0;374;0;11950
32;Hauts-de-France;2024-09-17;09:00;5166;228;3560;1858;33;2;0;104;-616;0;0;1858;0;5785
75;Nouvelle-Aquitaine;2024-09-17;09:00;4335;21;5679;741;419;511;0;173;-3209;0;0;741;0;7544
53;Bretagne;2024-09-17;09:00;2429;16;0;720;51;3;-43;53;1630;0;0;409;311;800
11;Île-de-France;2024-09-17;09:00;6902;0;0;61;20;11;0;148;6665;0;0;61;0;240
27;Bourgogne-Franche-Comté;2024-09-17;09:00;2249;19;0;547;85;116;0;28;1453;0;0;547;0;795
52;Pays de la Loire;2024-09-17;09:00;2864;0;0;698;126;0;0;62;1979;0;0;458;240;886
24;Centre-Val de Loire;2024-09-17;09:00;1975;0;6886;703;90;2;0;59;-5765;0;0;703;0;7740
28;Normandie;2024-09-17;09:30;2901;180;7049;577;65;14;0;92;-5075;0;0;251;326;7977
84;Auvergne-Rhône-Alpes;2024-09-17;09:30;7336;10;8079;353;284;2296;-12;113;-3787;0;0;353;0;11123
53;Bretagne;2024-09-17;09:30;2444;16;0;738;108;3;-8;52;1535;0;0;368;370;909
27;Bourgogne-Franche-Comté;2024-09-17;09:30;2289;20;0;539;137;123;0;29;1442;0;0;539;0;848
11;Île-de-France;2024-09-17;09:30;6956;0;0;73;33;11;0;146;6696;0;0;73;0;263
93;Provence-Alpes-Côte d'Azur;2024-09-17;09:30;3998;58;0;17;644;642;0;116;2522;0;0;17;0;1477
52;Pays de la Loire;2024-09-17;09:30;2874;0;0;651;252;0;0;61;1910;0;0;418;233;964
75;Nouvelle-Aquitaine;2024-09-17;09:30;4334;21;5671;759;803;374;0;172;-3464;0;0;759;0;7800
32;Hauts-de-France;2024-09-17;09:30;5198;229;3561;1969;57;2;0;107;-724;0;0;1969;0;5925
76;Occitanie;2024-09-17;09:30;3758;1;1228;457;782;1244;-2;95;-46;0;0;457;0;3805
24;Centre-Val de Loire;2024-09-17;09:30;1989;0;6882;745;152;2;0;59;-5850;0;0;745;0;7840
44;Grand Est;2024-09-17;09:30;5092;524;6333;2190;255;1206;-1;133;-5548;0;0;2190;0;10640
84;Auvergne-Rhône-Alpes;2024-09-17;10:00;7448;11;7787;322;405;2049;-12;114;-3226;0;0;322;0;10676
11;Île-de-France;2024-09-17;10:00;7026;0;0;84;47;11;0;145;6743;0;0;84;0;287
75;Nouvelle-Aquitaine;2024-09-17;10:00;4469;22;5675;757;1241;254;0;171;-3649;0;0;757;0;8120
76;Occitanie;2024-09-17;10:00;3925;1;1227;442;1131;1282;-4;98;-250;0;0;442;0;4177
32;Hauts-de-France;2024-09-17;10:00;5188;221;3563;2106;82;2;0;109;-893;0;0;2106;0;6083
53;Bretagne;2024-09-17;10:00;2443;17;0;744;176;8;-1;52;1447;0;0;342;402;996
44;Grand Est;2024-09-17;10:00;4980;526;6315;2300;351;1154;-1;132;-5795;0;0;2300;0;10777
24;Centre-Val de Loire;2024-09-17;10:00;2021;10;6884;843;213;1;0;59;-5989;0;0;843;0;8010
27;Bourgogne-Franche-Comté;2024-09-17;10:00;2363;20;0;559;193;68;0;29;1496;0;0;559;0;869
52;Pays de la Loire;2024-09-17;10:00;2926;0;0;614;387;0;0;61;1864;0;0;391;223;1062
93;Provence-Alpes-Côte d'Azur;2024-09-17;10:00;4106;58;0;15;867;510;0;116;2540;0;0;15;0;1566
28;Normandie;2024-09-17;10:00;2882;180;7032;600;101;14;0;93;-5137;0;0;247;353;8020
52;Pays de la Loire;2024-09-17;10:30;2905;0;0;582;522;0;0;60;1742;0;0;397;186;1164
28;Normandie;2024-09-17;10:30;2901;180;7037;610;134;14;0;93;-5166;0;0;280;330;8068
32;Hauts-de-France;2024-09-17;10:30;5198;212;3564;2316;109;2;0;108;-1114;0;0;2316;0;6311
44;Grand Est;2024-09-17;10:30;5115;527;6320;2372;425;1155;-1;133;-5815;0;0;2372;0;10931
76;Occitanie;2024-09-17;10:30;3961;2;1225;421;1440;1108;-2;97;-329;0;0;421;0;4291
84;Auvergne-Rhône-Alpes;2024-09-17;10:30;7484;11;7478;308;476;1985;-302;111;-2581;0;0;308;0;10067
93;Provence-Alpes-Côte d'Azur;2024-09-17;10:30;4153;58;0;16;1037;484;0;116;2443;0;0;16;0;1711
53;Bretagne;2024-09-17;10:30;2442;19;0;800;248;64;-1;50;1261;0;0;364;437;1180
27;Bourgogne-Franche-Comté;2024-09-17;10:30;2311;19;0;563;235;51;-35;29;1450;0;0;563;0;862
24;Centre-Val de Loire;2024-09-17;10:30;2078;14;6884;939;262;1;0;59;-6081;0;0;939;0;8159
75;Nouvelle-Aquitaine;2024-09-17;10:30;4536;21;5675;735;1643;280;0;173;-3991;0;0;735;0;8527
11;Île-de-France;2024-09-17;10:30;7007;0;0;87;64;9;0;143;6706;0;0;87;0;303
28;Normandie;2024-09-17;11:00;2900;181;6989;614;161;14;0;93;-5153;0;0;335;279;8052
75;Nouvelle-Aquitaine;2024-09-17;11:00;4505;21;5677;768;1979;105;0;168;-4208;0;0;768;0;8718
53;Bretagne;2024-09-17;11:00;2417;19;0;842;311;106;-1;52;1087;0;0;436;406;1329
44;Grand Est;2024-09-17;11:00;5190;523;6304;2559;477;1143;-1;132;-5946;0;0;2559;0;11137
93;Provence-Alpes-Côte d'Azur;2024-09-17;11:00;4161;57;0;15;1173;360;0;113;2443;0;0;15;0;1718
24;Centre-Val de Loire;2024-09-17;11:00;2124;14;6876;978;304;1;0;58;-6108;0;0;978;0;8231
11;Île-de-France;2024-09-17;11:00;7054;0;0;87;89;5;0;144;6732;0;0;87;0;325
52;Pays de la Loire;2024-09-17;11:00;2914;0;0;557;653;0;0;61;1644;0;0;430;127;1271
76;Occitanie;2024-09-17;11:00;3955;2;1222;413;1728;654;-3;89;-150;0;0;413;0;4105
32;Hauts-de-France;2024-09-17;11:00;5267;210;3568;2742;150;2;0;101;-1503;0;0;2742;0;6773
84;Auvergne-Rhône-Alpes;2024-09-17;11:00;7605;10;7472;313;529;1846;-540;111;-2137;0;0;313;0;9741
27;Bourgogne-Franche-Comté;2024-09-17;11:00;2401;19;0;555;314;52;-65;29;1499;0;0;555;0;904
44;Grand Est;2024-09-17;11:30;5293;523;6235;2515;508;1080;-1;132;-5700;0;0;2515;0;10992
32;Hauts-de-France;2024-09-17;11:30;5284;209;3572;3079;211;2;0;102;-1890;0;0;3079;0;7175
84;Auvergne-Rhône-Alpes;2024-09-17;11:30;7651;11;7407;300;590;1548;-863;113;-1455;0;0;300;0;9106
52;Pays de la Loire;2024-09-17;11:30;2876;0;0;585;772;0;0;60;1460;0;0;474;111;1417
24;Centre-Val de Loire;2024-09-17;11:30;2091;14;6863;969;358;1;0;59;-6174;0;0;969;0;8264
53;Bretagne;2024-09-17;11:30;2467;16;0;907;359;139;-1;54;993;0;0;516;390;1474
27;Bourgogne-Franche-Comté;2024-09-17;11:30;2451;19;0;554;387;52;-65;29;1479;0;0;554;0;976
75;Nouvelle-Aquitaine;2024-09-17;11:30;4702;21;5265;868;2223;101;0;163;-3936;0;0;868;0;8641
76;Occitanie;2024-09-17;11:30;3967;2;1221;402;1961;357;0;88;-65;0;0;402;0;4031
93;Provence-Alpes-Côte d'Azur;2024-09-17;11:30;4192;57;0;14;1205;331;0;114;2471;0;0;14;0;1721
11;Île-de-France;2024-09-17;11:30;7052;0;0;88;115;9;0;145;6698;0;0;88;0;357
28;Normandie;2024-09-17;11:30;2907;181;6937;667;192;14;0;94;-5179;0;0;371;295;8085
93;Provence-Alpes-Côte d'Azur;2024-09-17;12:00;4309;57;0;16;1197;326;0;114;2600;0;0;16;0;1710
75;Nouvelle-Aquitaine;2024-09-17;12:00;4668;20;4657;911;2397;98;0;161;-3578;0;0;911;0;8244
44;Grand Est;2024-09-17;12:00;5320;523;6163;2418;513;1103;-1;133;-5532;0;0;2418;0;10852
76;Occitanie;2024-09-17;12:00;4136;2;1220;407;2134;363;-486;90;404;0;0;407;0;3730
53;Bretagne;2024-09-17;12:00;2493;16;0;909;410;166;-1;54;940;0;0;543;366;1554
24;Centre-Val de Loire;2024-09-17;12:00;2119;13;6768;1034;412;1;0;58;-6167;0;0;1034;0;8286
28;Normandie;2024-09-17;12:00;2948;180;6938;726;210;14;0;93;-5213;0;0;415;311;8161
52;Pays de la Loire;2024-09-17;12:00;2916;0;0;614;878;0;0;59;1365;0;0;518;95;1551
32;Hauts-de-France;2024-09-17;12:00;5393;210;3573;3357;271;2;0;104;-2124;0;0;3357;0;7517
84;Auvergne-Rhône-Alpes;2024-09-17;12:00;7614;10;7406;291;650;1581;-893;112;-1544;0;0;291;0;9157
27;Bourgogne-Franche-Comté;2024-09-17;12:00;2442;19;0;570;456;54;0;29;1315;0;0;570;0;1128
11;Île-de-France;2024-09-17;12:00;7148;0;0;85;151;12;0;146;6756;0;0;85;0;394
84;Auvergne-Rhône-Alpes;2024-09-17;12:30;7554;10;7352;282;757;1409;-1045;113;-1325;0;0;282;0;8878
44;Grand Est;2024-09-17;12:30;5240;549;6187;2307;539;1119;-1;135;-5595;0;0;2307;0;10835
75;Nouvelle-Aquitaine;2024-09-17;12:30;4719;19;4636;919;2480;96;0;161;-3593;0;0;919;0;8311
32;Hauts-de-France;2024-09-17;12:30;5387;215;3574;3466;340;2;0;103;-2313;0;0;3466;0;7700
93;Provence-Alpes-Côte d'Azur;2024-09-17;12:30;4362;57;0;17;1091;303;0;113;2782;0;0;17;0;1581
24;Centre-Val de Loire;2024-09-17;12:30;2131;1;6768;1044;466;1;0;58;-6206;0;0;1044;0;8338
53;Bretagne;2024-09-17;12:30;2569;15;0;881;452;173;-1;54;996;0;0;532;349;1574
52;Pays de la Loire;2024-09-17;12:30;2954;0;0;632;978;1;0;60;1285;0;0;551;81;1671
11;Île-de-France;2024-09-17;12:30;7234;0;0;92;170;12;0;145;6816;0;0;92;0;419
27;Bourgogne-Franche-Comté;2024-09-17;12:30;2441;19;0;547;487;91;0;29;1269;0;0;547;0;1173
76;Occitanie;2024-09-17;12:30;4153;2;1219;395;2210;348;-620;92;506;0;0;395;0;3646
28;Normandie;2024-09-17;12:30;3092;180;6858;747;215;14;0;92;-5013;0;0;463;284;8106
52;Pays de la Loire;2024-09-17;13:00;2993;0;0;657;1030;1;0;61;1246;0;0;596;62;1749
24;Centre-Val de Loire;2024-09-17;13:00;2014;2;6767;988;549;1;0;58;-6351;0;0;988;0;8365
53;Bretagne;2024-09-17;13:00;2626;17;0;793;480;174;-1;54;1108;0;0;494;299;1517
93;Provence-Alpes-Côte d'Azur;2024-09-17;13:00;4398;57;0;23;1019;295;0;112;2893;0;0;23;0;1506
11;Île-de-France;2024-09-17;13:00;7307;0;0;92;171;12;0;144;6888;0;0;92;0;419
32;Hauts-de-France;2024-09-17;13:00;5357;221;3573;3562;407;2;0;103;-2512;0;0;3562;0;7868
75;Nouvelle-Aquitaine;2024-09-17;13:00;4763;17;4633;900;2413;95;0;159;-3455;0;0;900;0;8217
76;Occitanie;2024-09-17;13:00;4437;3;1218;379;2258;346;-619;94;759;0;0;379;0;3679
28;Normandie;2024-09-17;13:00;2963;180;6300;808;218;14;0;93;-4649;0;0;479;329;7613
84;Auvergne-Rhône-Alpes;2024-09-17;13:00;7562;10;7346;275;826;1420;-1049;111;-1377;0;0;275;0;8939
27;Bourgogne-Franche-Comté;2024-09-17;13:00;2382;19;0;578;479;140;0;28;1139;0;0;578;0;1244
44;Grand Est;2024-09-17;13:00;5226;615;6184;2209;608;1127;-1;136;-5653;0;0;2209;0;10878
11;Île-de-France;2024-09-17;13:30;7307;0;0;90;157;12;0;148;6900;0;0;90;0;407
44;Grand Est;2024-09-17;13:30;5014;617;6107;2100;720;1122;-1;144;-5796;0;0;2100;0;10809
76;Occitanie;2024-09-17;13:30;4274;3;1165;367;2257;334;-648;92;704;0;0;367;0;3570
93;Provence-Alpes-Côte d'Azur;2024-09-17;13:30;4413;56;0;25;965;285;0;113;2969;0;0;25;0;1444
52;Pays de la Loire;2024-09-17;13:30;2880;0;0;716;1045;0;0;60;1061;0;0;655;60;1821
24;Centre-Val de Loire;2024-09-17;13:30;2029;3;6640;957;600;1;0;58;-6231;0;0;957;0;8259
27;Bourgogne-Franche-Comté;2024-09-17;13:30;2343;19;0;615;498;43;0;28;1137;0;0;615;0;1203
32;Hauts-de-France;2024-09-17;13:30;5342;220;3573;3743;436;2;0;107;-2739;0;0;3743;0;8081
53;Bretagne;2024-09-17;13:30;2514;19;0;753;503;177;-1;54;1010;0;0;504;249;1505
84;Auvergne-Rhône-Alpes;2024-09-17;13:30;7374;10;7357;270;854;1283;-1024;110;-1486;0;0;270;0;8860
75;Nouvelle-Aquitaine;2024-09-17;13:30;4676;17;4581;888;2321;88;0;162;-3381;0;0;888;0;8057
28;Normandie;2024-09-17;13:30;2921;180;6282;888;221;14;0;92;-4755;0;0;484;405;7677
28;Normandie;2024-09-17;14:00;2845;179;6283;868;228;14;0;91;-4817;0;0;491;377;7663
93;Provence-Alpes-Côte d'Azur;2024-09-17;14:00;4228;56;0;26;1008;265;0;114;2760;0;0;26;0;1469
24;Centre-Val de Loire;2024-09-17;14:00;1827;3;5974;936;648;1;0;58;-5792;0;0;936;0;7620
76;Occitanie;2024-09-17;14:00;4101;3;620;349;2219;308;-655;90;1167;0;0;349;0;2934
75;Nouvelle-Aquitaine;2024-09-17;14:00;4640;17;4572;927;2354;86;0;161;-3472;0;0;927;0;8117
84;Auvergne-Rhône-Alpes;2024-09-17;14:00;7359;10;7346;271;873;1296;-1013;111;-1535;0;0;271;0;8894
32;Hauts-de-France;2024-09-17;14:00;5346;220;3573;3877;475;2;0;110;-2907;0;0;3877;0;8257
44;Grand Est;2024-09-17;14:00;5045;618;6081;2073;756;1116;-1;152;-5751;0;0;2073;0;10795
11;Île-de-France;2024-09-17;14:00;7221;0;0;96;161;12;0;148;6806;0;0;96;0;417
27;Bourgogne-Franche-Comté;2024-09-17;14:00;2351;19;0;653;469;37;0;29;1144;0;0;653;0;1207
52;Pays de la Loire;2024-09-17;14:00;2891;0;0;788;1021;0;0;60;1023;0;0;723;65;1869
53;Bretagne;2024-09-17;14:00;2473;19;0;692;513;178;-1;54;1019;0;0;503;189;1455
28;Normandie;2024-09-17;14:30;2790;180;6287;867;246;14;0;93;-4897;0;0;505;362;7687
75;Nouvelle-Aquitaine;2024-09-17;14:30;4689;17;4210;943;2274;85;0;160;-3002;0;0;943;0;7689
52;Pays de la Loire;2024-09-17;14:30;2817;0;0;845;1017;0;0;62;894;0;0;765;80;1924
24;Centre-Val de Loire;2024-09-17;14:30;1814;3;5954;937;669;1;0;59;-5809;0;0;937;0;7623
11;Île-de-France;2024-09-17;14:30;7103;0;0;100;155;12;0;148;6690;0;0;100;0;415
84;Auvergne-Rhône-Alpes;2024-09-17;14:30;7242;10;7354;272;876;1299;-1009;110;-1670;0;0;272;0;8912
76;Occitanie;2024-09-17;14:30;4061;1;587;328;2172;288;-654;96;1243;0;0;328;0;2818
32;Hauts-de-France;2024-09-17;14:30;5280;208;3555;4006;475;2;0;111;-3080;0;0;4006;0;8357
93;Provence-Alpes-Côte d'Azur;2024-09-17;14:30;4225;56;0;24;1033;281;0;110;2719;0;0;24;0;1504
44;Grand Est;2024-09-17;14:30;5027;619;5684;1936;743;851;-1;151;-4957;0;0;1936;0;9983
53;Bretagne;2024-09-17;14:30;2428;15;0;716;513;177;-1;55;952;0;0;513;203;1475
27;Bourgogne-Franche-Comté;2024-09-17;14:30;2306;19;0;702;483;36;0;29;1037;0;0;702;0;1269
93;Provence-Alpes-Côte d'Azur;2024-09-17;15:00;4175;58;0;22;993;309;0;97;2696;0;0;22;0;1479
75;Nouvelle-Aquitaine;2024-09-17;15:00;4452;17;3943;943;2285;86;0;160;-2976;0;0;943;0;7434
27;Bourgogne-Franche-Comté;2024-09-17;15:00;2268;20;0;767;489;37;0;30;926;0;0;767;0;1343
24;Centre-Val de Loire;2024-09-17;15:00;1861;3;5958;1022;649;1;0;58;-5830;0;0;1022;0;7691
44;Grand Est;2024-09-17;15:00;4984;501;5207;1915;728;848;-261;151;-4106;0;0;1915;0;9089
32;Hauts-de-France;2024-09-17;15:00;5351;205;3318;4071;462;2;0;111;-2816;0;0;4071;0;8169
11;Île-de-France;2024-09-17;15:00;6952;0;0;97;182;12;0;148;6515;0;0;97;0;439
76;Occitanie;2024-09-17;15:00;3859;1;596;324;2105;281;-654;96;1110;0;0;324;0;2749
52;Pays de la Loire;2024-09-17;15:00;2812;0;0;901;1014;0;0;62;835;0;0;791;110;1977
53;Bretagne;2024-09-17;15:00;2370;13;0;750;506;174;-1;54;873;0;0;543;207;1496
84;Auvergne-Rhône-Alpes;2024-09-17;15:00;7134;10;7350;268;835;1287;-1000;110;-1726;0;0;268;0;8860
28;Normandie;2024-09-17;15:00;2706;179;6299;891;253;13;0;93;-5022;0;0;536;355;7728
75;Nouvelle-Aquitaine;2024-09-17;15:30;4282;17;3925;878;2189;87;0;155;-2970;0;0;878;0;7251
32;Hauts-de-France;2024-09-17;15:30;5183;208;3244;4088;438;2;0;111;-2908;0;0;4088;0;8091
24;Centre-Val de Loire;2024-09-17;15:30;1808;3;5950;1046;555;1;0;59;-5806;0;0;1046;0;7614
11;Île-de-France;2024-09-17;15:30;6760;0;0;103;204;11;0;142;6302;0;0;103;0;460
44;Grand Est;2024-09-17;15:30;4947;238;5204;1996;711;862;-355;153;-3861;0;0;1996;0;8809
93;Provence-Alpes-Côte d'Azur;2024-09-17;15:30;4134;58;0;19;858;306;0;97;2797;0;0;19;0;1338
27;Bourgogne-Franche-Comté;2024-09-17;15:30;2284;19;0;748;513;37;0;30;938;0;0;748;0;1347
76;Occitanie;2024-09-17;15:30;3868;1;597;316;1994;315;-655;97;1203;0;0;316;0;2665
28;Normandie;2024-09-17;15:30;2731;180;6279;999;240;13;0;93;-5072;0;0;566;433;7804
53;Bretagne;2024-09-17;15:30;2342;16;0;902;492;149;-1;53;731;0;0;556;347;1611
52;Pays de la Loire;2024-09-17;15:30;2808;0;0;959;992;0;0;62;795;0;0;799;161;2013
84;Auvergne-Rhône-Alpes;2024-09-17;15:30;7070;10;7349;263;786;1233;-1005;112;-1677;0;0;263;0;8748
44;Grand Est;2024-09-17;16:00;4835;44;5263;2123;694;872;-353;154;-3962;0;0;2123;0;8797
11;Île-de-France;2024-09-17;16:00;6726;0;0;98;210;11;0;142;6265;0;0;98;0;461
76;Occitanie;2024-09-17;16:00;3686;1;596;316;1816;311;-655;98;1203;0;0;316;0;2483
93;Provence-Alpes-Côte d'Azur;2024-09-17;16:00;4065;56;0;23;709;318;0;97;2862;0;0;23;0;1203
75;Nouvelle-Aquitaine;2024-09-17;16:00;4087;17;3998;894;2046;92;0;130;-3095;0;0;894;0;7177
32;Hauts-de-France;2024-09-17;16:00;5128;198;3242;4040;386;2;0;111;-2852;0;0;4040;0;7979
53;Bretagne;2024-09-17;16:00;2286;20;0;939;468;105;-1;53;702;0;0;592;347;1584
24;Centre-Val de Loire;2024-09-17;16:00;1795;3;5970;1057;530;1;0;57;-5822;0;0;1057;0;7618
84;Auvergne-Rhône-Alpes;2024-09-17;16:00;7105;10;7375;241;705;1221;-998;110;-1560;0;0;241;0;8664
52;Pays de la Loire;2024-09-17;16:00;2713;0;0;988;959;0;0;62;705;0;0;808;179;2009
27;Bourgogne-Franche-Comté;2024-09-17;16:00;2253;20;0;753;468;36;0;30;946;0;0;753;0;1307
28;Normandie;2024-09-17;16:00;2698;179;6337;1009;223;13;0;92;-5154;0;0;560;449;7853
84;Auvergne-Rhône-Alpes;2024-09-17;16:30;6930;10;7366;219;668;1218;-1003;111;-1658;0;0;219;0;8589
75;Nouvelle-Aquitaine;2024-09-17;16:30;4092;17;3971;883;1827;92;0;130;-2823;0;0;883;0;6920
24;Centre-Val de Loire;2024-09-17;16:30;1729;3;5963;1014;485;1;0;58;-5794;0;0;1014;0;7524
11;Île-de-France;2024-09-17;16:30;6713;0;0;95;189;11;0;147;6273;0;0;95;0;442
76;Occitanie;2024-09-17;16:30;3798;1;596;305;1572;292;-653;98;1587;0;0;305;0;2211
28;Normandie;2024-09-17;16:30;2575;172;6398;1046;201;12;0;94;-5348;0;0;560;486;7923
27;Bourgogne-Franche-Comté;2024-09-17;16:30;2157;20;0;758;431;44;0;30;875;0;0;758;0;1283
32;Hauts-de-France;2024-09-17;16:30;5060;203;3239;3971;345;2;0;111;-2810;0;0;3971;0;7871
44;Grand Est;2024-09-17;16:30;4667;44;5242;2230;580;866;-353;153;-4095;0;0;2230;0;8762
93;Provence-Alpes-Côte d'Azur;2024-09-17;16:30;3957;56;0;39;556;314;0;97;2896;0;0;39;0;1062
53;Bretagne;2024-09-17;16:30;2242;18;0;1015;433;35;-1;54;689;0;0;606;409;1554
52;Pays de la Loire;2024-09-17;16:30;2692;0;0;1018;894;0;0;62;721;0;0;839;179;1974
28;Normandie;2024-09-17;17:00;2643;169;6970;1053;180;12;0;95;-5836;0;0;565;488;8479
84;Auvergne-Rhône-Alpes;2024-09-17;17:00;6722;10;7386;209;541;1205;-842;111;-1898;0;0;209;0;8620
93;Provence-Alpes-Côte d'Azur;2024-09-17;17:00;3919;53;0;34;475;340;0;97;2920;0;0;34;0;999
53;Bretagne;2024-09-17;17:00;2213;17;0;1048;382;1;-1;53;713;0;0;641;407;1500
27;Bourgogne-Franche-Comté;2024-09-17;17:00;2203;21;0;768;384;161;0;29;840;0;0;768;0;1363
44;Grand Est;2024-09-17;17:00;4576;44;5369;2314;506;866;-352;154;-4325;0;0;2314;0;8901
52;Pays de la Loire;2024-09-17;17:00;2638;0;0;1035;800;0;0;61;745;0;0;838;196;1896
76;Occitanie;2024-09-17;17:00;3669;1;596;303;1285;306;-652;99;1732;0;0;303;0;1938
32;Hauts-de-France;2024-09-17;17:00;4965;205;3236;3960;301;2;0;110;-2849;0;0;3960;0;7814
24;Centre-Val de Loire;2024-09-17;17:00;1713;5;5975;1030;449;1;0;57;-5804;0;0;1030;0;7517
75;Nouvelle-Aquitaine;2024-09-17;17:00;4013;17;3996;858;1582;89;0;134;-2662;0;0;858;0;6676
11;Île-de-France;2024-09-17;17:00;6703;0;0;104;172;11;0;150;6267;0;0;104;0;437
28;Normandie;2024-09-17;17:30;2628;170;6928;1073;143;12;0;90;-5788;0;0;585;488;8416
93;Provence-Alpes-Côte d'Azur;2024-09-17;17:30;3938;53;0;34;401;339;0;97;3012;0;0;34;0;924
24;Centre-Val de Loire;2024-09-17;17:30;1545;6;6412;1040;351;1;0;58;-6324;0;0;1040;0;7868
11;Île-de-France;2024-09-17;17:30;6669;0;0;112;138;11;0;149;6261;0;0;112;0;410
27;Bourgogne-Franche-Comté;2024-09-17;17:30;2142;20;0;788;302;55;0;30;949;0;0;788;0;1195
44;Grand Est;2024-09-17;17:30;4762;44;5288;2315;420;858;-352;153;-3964;0;0;2315;0;8726
76;Occitanie;2024-09-17;17:30;3591;1;804;293;1003;314;-14;96;1095;0;0;293;0;2497
84;Auvergne-Rhône-Alpes;2024-09-17;17:30;6739;10;7271;203;455;1208;-1039;112;-1481;0;0;203;0;8220
52;Pays de la Loire;2024-09-17;17:30;2606;0;0;1068;674;0;0;62;805;0;0;842;226;1804
75;Nouvelle-Aquitaine;2024-09-17;17:30;3742;17;4265;842;1235;101;0;131;-2846;0;0;842;0;6591
32;Hauts-de-France;2024-09-17;17:30;5139;202;3233;3933;239;2;0;110;-2577;0;0;3933;0;7719
53;Bretagne;2024-09-17;17:30;2165;22;0;1088;319;0;0;52;684;0;0;675;414;1481
84;Auvergne-Rhône-Alpes;2024-09-17;18:00;6715;10;7351;205;353;1353;-1041;114;-1629;0;0;205;0;8345
93;Provence-Alpes-Côte d'Azur;2024-09-17;18:00;4020;54;0;34;275;335;0;98;3224;0;0;34;0;796
52;Pays de la Loire;2024-09-17;18:00;2609;0;0;1087;537;0;0;62;926;0;0;857;230;1686
11;Île-de-France;2024-09-17;18:00;6788;0;0;112;96;11;0;150;6419;0;0;112;0;369
32;Hauts-de-France;2024-09-17;18:00;5060;203;3230;3914;175;2;0;108;-2570;0;0;3914;0;7632
44;Grand Est;2024-09-17;18:00;4656;45;5420;2350;335;869;-186;153;-4329;0;0;2350;0;8986
24;Centre-Val de Loire;2024-09-17;18:00;1675;3;6853;1068;251;1;0;58;-6559;0;0;1068;0;8234
27;Bourgogne-Franche-Comté;2024-09-17;18:00;2158;20;0;790;238;39;-65;30;1108;0;0;790;0;1052
76;Occitanie;2024-09-17;18:00;3639;1;1185;283;680;647;0;96;748;0;0;283;0;2892
53;Bretagne;2024-09-17;18:00;2176;20;0;1136;249;15;-1;52;705;0;0;700;436;1471
75;Nouvelle-Aquitaine;2024-09-17;18:00;3827;17;4898;834;995;110;0;131;-3161;0;0;834;0;6985
28;Normandie;2024-09-17;18:00;2667;169;7053;1081;109;13;0;92;-5849;0;0;594;488;8517
24;Centre-Val de Loire;2024-09-17;18:30;1680;3;6998;1048;171;1;0;58;-6599;0;0;1048;0;8279
53;Bretagne;2024-09-17;18:30;2221;17;0;1189;179;38;-1;53;746;0;0;717;472;1475
76;Occitanie;2024-09-17;18:30;3791;1;1206;276;441;744;0;96;1029;0;0;276;0;2764
52;Pays de la Loire;2024-09-17;18:30;2657;0;0;1085;381;0;0;61;1133;0;0;838;247;1527
84;Auvergne-Rhône-Alpes;2024-09-17;18:30;6741;10;7299;214;220;1770;-750;114;-2137;0;0;214;0;8877
44;Grand Est;2024-09-17;18:30;4762;46;5324;2217;235;861;0;152;-4074;0;0;2217;0;8835
75;Nouvelle-Aquitaine;2024-09-17;18:30;3970;17;5465;819;739;131;0;130;-3327;0;0;819;0;7301
32;Hauts-de-France;2024-09-17;18:30;5170;206;3227;3858;114;2;0;108;-2343;0;0;3858;0;7515
11;Île-de-France;2024-09-17;18:30;6797;0;0;108;64;11;0;150;6466;0;0;108;0;333
27;Bourgogne-Franche-Comté;2024-09-17;18:30;2248;20;0;789;160;45;-65;30;1270;0;0;789;0;979
93;Provence-Alpes-Côte d'Azur;2024-09-17;18:30;4033;56;0;38;179;383;0;99;3278;0;0;38;0;755
28;Normandie;2024-09-17;18:30;2726;170;6994;1081;76;13;0;92;-5699;0;0;594;488;8426
75;Nouvelle-Aquitaine;2024-09-17;19:00;4119;17;5685;796;470;139;0;129;-3121;0;0;796;0;7236
44;Grand Est;2024-09-17;19:00;4824;46;5882;1970;120;957;0;154;-4306;0;0;1970;0;9129
53;Bretagne;2024-09-17;19:00;2299;16;0;1183;110;42;-1;52;896;0;0;710;474;1402
24;Centre-Val de Loire;2024-09-17;19:00;1798;3;7206;954;100;1;0;59;-6525;0;0;954;0;8323
93;Provence-Alpes-Côte d'Azur;2024-09-17;19:00;4143;57;0;32;87;494;0;99;3373;0;0;32;0;769
52;Pays de la Loire;2024-09-17;19:00;2725;0;0;1047;230;0;0;61;1389;0;0;796;252;1338
11;Île-de-France;2024-09-17;19:00;7004;0;0;91;33;11;0;147;6721;0;0;91;0;282
32;Hauts-de-France;2024-09-17;19:00;5321;207;3225;3682;59;2;0;106;-1961;0;0;3682;0;7281
76;Occitanie;2024-09-17;19:00;3715;1;1207;250;212;1007;0;96;942;0;0;250;0;2773
28;Normandie;2024-09-17;19:00;2775;169;7086;1058;45;13;0;92;-5688;0;0;570;488;8463
27;Bourgogne-Franche-Comté;2024-09-17;19:00;2281;20;0;763;88;54;0;29;1327;0;0;763;0;954
84;Auvergne-Rhône-Alpes;2024-09-17;19:00;7023;10;7387;221;105;2200;-12;113;-3002;0;0;221;0;10024
27;Bourgogne-Franche-Comté;2024-09-17;19:30;2265;20;0;770;31;165;0;29;1249;0;0;770;0;1015
53;Bretagne;2024-09-17;19:30;2338;16;0;1173;53;34;-1;52;1011;0;0;690;483;1327
76;Occitanie;2024-09-17;19:30;3851;1;1208;200;74;1193;0;96;1079;0;0;200;0;2772
52;Pays de la Loire;2024-09-17;19:30;2737;0;0;940;109;0;0;59;1633;0;0;687;253;1108
84;Auvergne-Rhône-Alpes;2024-09-17;19:30;7152;10;7407;227;37;2753;-12;106;-3375;0;0;227;0;10528
75;Nouvelle-Aquitaine;2024-09-17;19:30;4196;17;5690;772;230;370;0;130;-3011;0;0;772;0;7209
11;Île-de-France;2024-09-17;19:30;7168;0;0;64;13;11;0;148;6933;0;0;64;0;236
32;Hauts-de-France;2024-09-17;19:30;5334;208;3223;3476;22;2;0;106;-1704;0;0;3476;0;7037
93;Provence-Alpes-Côte d'Azur;2024-09-17;19:30;4262;57;0;27;31;816;0;99;3232;0;0;27;0;1030
24;Centre-Val de Loire;2024-09-17;19:30;1760;3;7459;801;42;1;0;59;-6605;0;0;801;0;8365
44;Grand Est;2024-09-17;19:30;4990;45;6000;1820;38;1194;-1;154;-4261;0;0;1820;0;9250
28;Normandie;2024-09-17;19:30;2815;170;7124;1039;19;14;0;93;-5643;0;0;551;487;8459
11;Île-de-France;2024-09-17;20:00;7247;0;0;60;2;11;0;149;7026;0;0;60;0;222
27;Bourgogne-Franche-Comté;2024-09-17;20:00;2240;20;0;765;4;182;0;29;1238;0;0;765;0;1000
75;Nouvelle-Aquitaine;2024-09-17;20:00;4248;17;5693;727;58;396;0;133;-2771;0;0;727;0;7024
32;Hauts-de-France;2024-09-17;20:00;5275;208;3222;3352;3;2;0;105;-1622;0;0;3352;0;6892
76;Occitanie;2024-09-17;20:00;3949;1;1209;155;13;1359;0;96;1116;0;0;155;0;2833
52;Pays de la Loire;2024-09-17;20:00;2695;0;0;827;31;0;0;61;1779;0;0;573;253;919
24;Centre-Val de Loire;2024-09-17;20:00;1776;3;7686;701;9;1;0;58;-6682;0;0;701;0;8458
53;Bretagne;2024-09-17;20:00;2316;16;0;1147;17;12;-1;51;1073;0;0;659;487;1242
44;Grand Est;2024-09-17;20:00;4931;45;5973;1970;3;1229;-1;154;-4446;0;0;1970;0;9373
93;Provence-Alpes-Côte d'Azur;2024-09-17;20:00;4304;57;0;19;3;906;0;98;3221;0;0;19;0;1083
84;Auvergne-Rhône-Alpes;2024-09-17;20:00;6980;10;7436;223;5;3555;-12;106;-4343;0;0;223;0;11323
28;Normandie;2024-09-17;20:00;2815;170;7168;1032;4;14;0;93;-5666;0;0;545;488;8481
93;Provence-Alpes-Côte d'Azur;2024-09-17;20:30;4193;58;0;8;0;946;0;110;3071;0;0;8;0;1122
75;Nouvelle-Aquitaine;2024-09-17;20:30;4183;17;5695;662;2;432;0;134;-2757;0;0;662;0;6942
76;Occitanie;2024-09-17;20:30;3933;1;1209;118;3;1565;0;98;940;0;0;118;0;2994
27;Bourgogne-Franche-Comté;2024-09-17;20:30;2221;20;0;772;0;183;0;30;1216;0;0;772;0;1005
32;Hauts-de-France;2024-09-17;20:30;5231;209;3222;3294;0;2;0;107;-1604;0;0;3294;0;6834
53;Bretagne;2024-09-17;20:30;2279;1;0;1098;2;7;-2;52;1120;0;0;613;486;1158
24;Centre-Val de Loire;2024-09-17;20:30;1758;1;7728;688;0;1;0;59;-6719;0;0;688;0;8477
84;Auvergne-Rhône-Alpes;2024-09-17;20:30;7122;10;7450;222;0;4155;-12;106;-4809;0;0;222;0;11931
52;Pays de la Loire;2024-09-17;20:30;2638;0;0;769;2;0;0;62;1811;0;0;516;254;833
44;Grand Est;2024-09-17;20:30;4874;45;5965;2154;0;1247;-1;154;-4691;0;0;2154;0;9564
11;Île-de-France;2024-09-17;20:30;7237;0;0;64;0;11;0;150;7011;0;0;64;0;225
28;Normandie;2024-09-17;20:30;2820;169;7193;1006;0;14;0;92;-5654;0;0;519;487;8474
32;Hauts-de-France;2024-09-17;21:00;5153;208;3223;3283;0;2;0;108;-1668;0;0;3283;0;6824
24;Centre-Val de Loire;2024-09-17;21:00;1687;0;7657;740;0;1;0;59;-6769;0;0;740;0;8457
44;Grand Est;2024-09-17;21:00;4853;45;5905;2247;0;1160;-1;154;-4655;0;0;2247;0;9510
93;Provence-Alpes-Côte d'Azur;2024-09-17;21:00;4016;58;0;4;0;931;0;115;2909;0;0;4;0;1108
52;Pays de la Loire;2024-09-17;21:00;2557;0;0;769;0;0;0;61;1733;0;0;519;250;830
75;Nouvelle-Aquitaine;2024-09-17;21:00;4063;17;5694;620;1;353;0;134;-2756;0;0;620;0;6819
53;Bretagne;2024-09-17;21:00;2238;0;0;1086;0;7;-43;52;1136;0;0;597;489;1102
27;Bourgogne-Franche-Comté;2024-09-17;21:00;2151;20;0;797;0;166;0;30;1139;0;0;797;0;1013
76;Occitanie;2024-09-17;21:00;3724;1;1209;114;3;1264;0;98;1037;0;0;114;0;2689
28;Normandie;2024-09-17;21:00;2780;169;7160;997;0;14;0;92;-5652;0;0;510;487;8432
11;Île-de-France;2024-09-17;21:00;7030;0;0;78;0;11;0;149;6793;0;0;78;0;238
84;Auvergne-Rhône-Alpes;2024-09-17;21:00;7007;10;7416;205;0;3689;-12;108;-4408;0;0;205;0;11416
44;Grand Est;2024-09-17;21:30;4687;45;5992;2492;0;1137;-1;154;-5131;0;0;2492;0;9819
11;Île-de-France;2024-09-17;21:30;6680;0;0;92;0;11;0;148;6433;0;0;92;0;251
93;Provence-Alpes-Côte d'Azur;2024-09-17;21:30;3852;58;0;1;0;878;0;117;2799;0;0;1;0;1054
84;Auvergne-Rhône-Alpes;2024-09-17;21:30;6840;10;7340;193;0;3348;-12;107;-4147;0;0;193;0;10986
27;Bourgogne-Franche-Comté;2024-09-17;21:30;2178;20;0;766;0;62;0;30;1303;0;0;766;0;878
76;Occitanie;2024-09-17;21:30;3663;1;1209;123;2;1394;0;98;837;0;0;123;0;2827
52;Pays de la Loire;2024-09-17;21:30;2435;0;0;769;0;0;0;61;1611;0;0;526;243;830
32;Hauts-de-France;2024-09-17;21:30;4975;209;3226;3183;0;2;0;108;-1747;0;0;3183;0;6728
75;Nouvelle-Aquitaine;2024-09-17;21:30;3925;17;5694;643;0;216;0;136;-2779;0;0;643;0;6706
28;Normandie;2024-09-17;21:30;2839;169;7184;973;0;14;0;94;-5595;0;0;487;486;8434
53;Bretagne;2024-09-17;21:30;2156;0;0;1062;0;0;-50;52;1091;0;0;574;488;1064
24;Centre-Val de Loire;2024-09-17;21:30;1691;0;7669;837;0;1;0;59;-6875;0;0;837;0;8566
93;Provence-Alpes-Côte d'Azur;2024-09-17;22:00;3748;58;0;0;0;860;0;118;2712;0;0;0;0;1036
52;Pays de la Loire;2024-09-17;22:00;2356;0;0;789;0;0;0;62;1514;0;0;540;249;851
44;Grand Est;2024-09-17;22:00;4627;45;5932;2659;0;1049;-1;155;-5208;0;0;2659;0;9839
27;Bourgogne-Franche-Comté;2024-09-17;22:00;2121;20;0;747;0;49;0;30;1280;0;0;747;0;846
32;Hauts-de-France;2024-09-17;22:00;4985;209;3229;3201;0;2;0;109;-1755;0;0;3201;0;6750
24;Centre-Val de Loire;2024-09-17;22:00;1641;0;7582;910;0;1;0;60;-6912;0;0;910;0;8553
76;Occitanie;2024-09-17;22:00;3371;1;1208;96;2;1277;0;97;690;0;0;96;0;2681
11;Île-de-France;2024-09-17;22:00;6416;0;0;91;0;11;0;151;6172;0;0;91;0;253
75;Nouvelle-Aquitaine;2024-09-17;22:00;3754;17;5695;641;0;197;0;135;-2925;0;0;641;0;6685
53;Bretagne;2024-09-17;22:00;2178;0;0;1052;0;0;0;52;1073;0;0;564;488;1104
84;Auvergne-Rhône-Alpes;2024-09-17;22:00;6587;10;7220;166;0;2762;-12;107;-3667;0;0;166;0;10253
28;Normandie;2024-09-17;22:00;2748;169;7136;985;0;14;0;95;-5650;0;0;498;487;8399
93;Provence-Alpes-Côte d'Azur;2024-09-17;22:30;3795;58;0;0;0;850;0;118;2770;0;0;0;0;1026
32;Hauts-de-France;2024-09-17;22:30;4955;211;3233;3176;0;2;0;109;-1775;0;0;3176;0;6731
75;Nouvelle-Aquitaine;2024-09-17;22:30;3955;17;5696;636;0;192;0;143;-2733;0;0;636;0;6684
44;Grand Est;2024-09-17;22:30;4670;45;5986;2727;0;1137;-1;153;-5378;0;0;2727;0;10047
53;Bretagne;2024-09-17;22:30;2173;0;0;993;0;43;-1;52;1086;0;0;504;489;1087
27;Bourgogne-Franche-Comté;2024-09-17;22:30;2095;20;0;708;0;49;0;30;1289;0;0;708;0;807
11;Île-de-France;2024-09-17;22:30;6287;0;0;92;0;11;0;152;6036;0;0;92;0;255
24;Centre-Val de Loire;2024-09-17;22:30;1626;0;7652;875;0;1;0;60;-6962;0;0;875;0;8588
52;Pays de la Loire;2024-09-17;22:30;2453;0;0;745;0;0;0;63;1655;0;0;504;241;808
76;Occitanie;2024-09-17;22:30;3396;1;1208;75;2;1414;0;94;602;0;0;75;0;2794
84;Auvergne-Rhône-Alpes;2024-09-17;22:30;6511;10;7307;140;0;3023;-12;98;-4056;0;0;140;0;10566
28;Normandie;2024-09-17;22:30;2845;169;7202;936;0;14;0;94;-5570;0;0;449;487;8415
52;Pays de la Loire;2024-09-17;23:00;2738;0;0;736;0;0;0;62;1949;0;0;511;225;798
24;Centre-Val de Loire;2024-09-17;23:00;1629;0;7679;872;0;1;0;60;-6983;0;0;872;0;8612
53;Bretagne;2024-09-17;23:00;2293;1;0;973;0;112;-1;53;1155;0;0;487;485;1138
44;Grand Est;2024-09-17;23:00;4527;46;6007;2765;0;1148;-1;155;-5594;0;0;2765;0;10120
76;Occitanie;2024-09-17;23:00;3641;1;1209;48;2;1292;0;96;993;0;0;48;0;2648
11;Île-de-France;2024-09-17;23:00;6398;0;0;93;0;11;0;152;6144;0;0;93;0;256
84;Auvergne-Rhône-Alpes;2024-09-17;23:00;6687;10;7344;123;0;3401;-12;104;-4282;0;0;123;0;10970
93;Provence-Alpes-Côte d'Azur;2024-09-17;23:00;3820;58;0;0;0;852;0;118;2792;0;0;0;0;1028
32;Hauts-de-France;2024-09-17;23:00;4952;213;3237;2997;0;2;0;110;-1606;0;0;2997;0;6559
27;Bourgogne-Franche-Comté;2024-09-17;23:00;2058;20;0;714;0;48;0;30;1247;0;0;714;0;812
75;Nouvelle-Aquitaine;2024-09-17;23:00;4084;17;5699;644;0;191;0;158;-2623;0;0;644;0;6709
28;Normandie;2024-09-17;23:00;2857;169;7308;929;0;14;0;93;-5655;0;0;441;487;8513
84;Auvergne-Rhône-Alpes;2024-09-17;23:30;6583;10;7390;102;0;3245;-12;103;-4257;0;0;102;0;10838
24;Centre-Val de Loire;2024-09-17;23:30;1617;0;7716;860;0;1;0;60;-7020;0;0;860;0;8637
75;Nouvelle-Aquitaine;2024-09-17;23:30;3957;17;5699;631;0;191;0;162;-2742;0;0;631;0;6700
44;Grand Est;2024-09-17;23:30;4537;46;6038;2767;0;1182;-1;155;-5651;0;0;2767;0;10187
11;Île-de-France;2024-09-17;23:30;6185;0;0;91;0;11;0;151;5932;0;0;91;0;253
28;Normandie;2024-09-17;23:30;2755;169;7333;919;0;14;0;93;-5773;0;0;432;487;8528
52;Pays de la Loire;2024-09-17;23:30;2563;0;0;757;0;0;0;63;1753;0;0;550;207;820
76;Occitanie;2024-09-17;23:30;3536;1;1210;41;2;1215;0;96;972;0;0;41;0;2565
32;Hauts-de-France;2024-09-17;23:30;4880;211;3241;2860;0;2;0;108;-1544;0;0;2860;0;6422
53;Bretagne;2024-09-17;23:30;2178;1;0;939;0;163;-1;53;1023;0;0;453;486;1155
93;Provence-Alpes-Côte d'Azur;2024-09-17;23:30;4061;58;0;0;0;837;0;118;3049;0;0;0;0;1013
27;Bourgogne-Franche-Comté;2024-09-17;23:30;1926;20;0;698;0;48;0;30;1127;0;0;698;0;796
75;Nouvelle-Aquitaine;2024-10-04;00:00;4178;13;4178;428;0;920;0;104;-1458;0;0;428;0;5643
84;Auvergne-Rhône-Alpes;2024-10-04;00:00;6524;12;8111;362;0;3926;-3;110;-5993;0;0;362;0;12518
44;Grand Est;2024-10-04;00:00;4823;47;7547;1886;0;1270;0;146;-6070;0;0;1886;0;10896
76;Occitanie;2024-10-04;00:00;3632;1;2090;812;0;1844;-29;83;-1168;0;0;812;0;4801
93;Provence-Alpes-Côte d'Azur;2024-10-04;00:00;3783;44;0;44;0;1464;0;105;2127;0;0;44;0;1657
52;Pays de la Loire;2024-10-04;00:00;2737;259;0;158;0;1;0;56;2263;0;0;154;4;474
53;Bretagne;2024-10-04;00:00;2436;0;0;267;0;118;-1;49;2004;0;0;92;175;433
11;Île-de-France;2024-10-04;00:00;6979;0;0;58;0;9;0;124;6790;0;0;58;0;191
27;Bourgogne-Franche-Comté;2024-10-04;00:00;2008;21;0;368;0;230;0;44;1346;0;0;368;0;663
32;Hauts-de-France;2024-10-04;00:00;5343;252;3549;1376;0;2;0;94;73;0;0;1376;0;5273
24;Centre-Val de Loire;2024-10-04;00:00;1938;0;6363;473;0;5;0;62;-4965;0;0;473;0;6903
28;Normandie;2024-10-04;00:00;2888;253;7519;191;0;12;0;68;-5155;0;0;104;87;8043
28;Normandie;2024-10-04;00:30;2852;191;7523;204;0;12;0;68;-5144;0;0;108;96;7998
52;Pays de la Loire;2024-10-04;00:30;2731;250;0;150;0;1;0;57;2273;0;0;152;0;458
93;Provence-Alpes-Côte d'Azur;2024-10-04;00:30;3609;44;0;46;0;1282;0;106;2132;0;0;46;0;1478
84;Auvergne-Rhône-Alpes;2024-10-04;00:30;6470;12;8200;362;0;3994;-3;111;-6205;0;0;362;0;12676
27;Bourgogne-Franche-Comté;2024-10-04;00:30;1939;21;0;359;0;205;0;44;1310;0;0;359;0;629
53;Bretagne;2024-10-04;00:30;2351;0;0;270;0;168;-1;50;1864;0;0;97;173;487
24;Centre-Val de Loire;2024-10-04;00:30;1929;0;6447;473;0;5;0;62;-5060;0;0;473;0;6987
76;Occitanie;2024-10-04;00:30;3417;1;2094;765;0;1961;-36;84;-1451;0;0;765;0;4869
75;Nouvelle-Aquitaine;2024-10-04;00:30;4167;13;4179;410;0;931;0;105;-1470;0;0;410;0;5638
32;Hauts-de-France;2024-10-04;00:30;5213;244;3552;1320;0;2;0;96;1;0;0;1320;0;5214
44;Grand Est;2024-10-04;00:30;4689;47;7561;1872;0;1039;-1;143;-5971;0;0;1872;0;10661
11;Île-de-France;2024-10-04;00:30;6716;0;0;59;0;9;0;126;6522;0;0;59;0;194
28;Normandie;2024-10-04;01:00;2673;177;7525;185;0;12;0;67;-5293;0;0;113;72;7966
44;Grand Est;2024-10-04;01:00;4557;47;7398;1836;0;1032;-271;145;-5628;0;0;1836;0;10187
53;Bretagne;2024-10-04;01:00;2116;0;0;288;0;199;-1;50;1581;0;0;95;192;536
76;Occitanie;2024-10-04;01:00;3202;1;2094;749;0;1833;-36;85;-1523;0;0;749;0;4726
24;Centre-Val de Loire;2024-10-04;01:00;1802;0;6449;456;0;5;0;62;-5170;0;0;456;0;6972
11;Île-de-France;2024-10-04;01:00;6333;0;0;55;0;9;0;126;6146;0;0;55;0;190
27;Bourgogne-Franche-Comté;2024-10-04;01:00;1843;21;0;349;0;188;0;43;1243;0;0;349;0;601
32;Hauts-de-France;2024-10-04;01:00;5021;279;3554;1203;0;2;0;93;-104;0;0;1203;0;5131
84;Auvergne-Rhône-Alpes;2024-10-04;01:00;6103;12;8086;357;0;3425;-3;111;-5885;0;0;357;0;11988
52;Pays de la Loire;2024-10-04;01:00;2487;168;0;135;0;1;0;58;2125;0;0;139;0;362
75;Nouvelle-Aquitaine;2024-10-04;01:00;3983;13;4100;388;0;876;0;107;-1495;0;0;388;0;5484
93;Provence-Alpes-Côte d'Azur;2024-10-04;01:00;3389;44;0;47;0;1223;0;105;1971;0;0;47;0;1419
84;Auvergne-Rhône-Alpes;2024-10-04;01:30;5967;12;8142;350;0;3420;-326;111;-5742;0;0;350;0;11709
93;Provence-Alpes-Côte d'Azur;2024-10-04;01:30;3383;44;0;42;0;1121;0;108;2069;0;0;42;0;1315
52;Pays de la Loire;2024-10-04;01:30;2447;167;0;130;0;1;0;58;2091;0;0;133;0;356
44;Grand Est;2024-10-04;01:30;4399;47;7469;1739;0;1034;-351;146;-5686;0;0;1739;0;10084
32;Hauts-de-France;2024-10-04;01:30;5014;281;3556;1041;0;2;0;93;41;0;0;1041;0;4973
75;Nouvelle-Aquitaine;2024-10-04;01:30;3992;13;4114;368;0;772;0;105;-1388;0;0;368;0;5372
76;Occitanie;2024-10-04;01:30;3119;1;2095;705;0;1856;-36;85;-1587;0;0;705;0;4706
11;Île-de-France;2024-10-04;01:30;6061;0;0;55;0;9;0;127;5870;0;0;55;0;191
28;Normandie;2024-10-04;01:30;2677;177;7526;207;0;12;0;68;-5312;0;0;115;92;7990
53;Bretagne;2024-10-04;01:30;2038;0;0;309;0;210;-1;51;1469;0;0;102;207;569
24;Centre-Val de Loire;2024-10-04;01:30;1770;0;6461;432;0;5;0;61;-5189;0;0;432;0;6959
27;Bourgogne-Franche-Comté;2024-10-04;01:30;1932;21;0;333;0;286;0;43;1250;0;0;333;0;683
75;Nouvelle-Aquitaine;2024-10-04;02:00;3869;13;4119;323;0;737;0;105;-1432;0;0;323;0;5297
84;Auvergne-Rhône-Alpes;2024-10-04;02:00;5953;12;8151;344;0;3420;-335;111;-5748;0;0;344;0;11703
93;Provence-Alpes-Côte d'Azur;2024-10-04;02:00;3303;44;0;48;0;1092;0;108;2011;0;0;48;0;1292
32;Hauts-de-France;2024-10-04;02:00;4843;277;3557;923;0;2;0;92;-9;0;0;923;0;4851
52;Pays de la Loire;2024-10-04;02:00;2470;167;0;119;0;1;0;56;2127;0;0;122;0;343
24;Centre-Val de Loire;2024-10-04;02:00;1902;0;6399;425;0;5;0;61;-4988;0;0;425;0;6890
76;Occitanie;2024-10-04;02:00;3093;1;2096;703;0;1816;-36;84;-1570;0;0;703;0;4664
27;Bourgogne-Franche-Comté;2024-10-04;02:00;1927;21;0;321;0;192;0;43;1349;0;0;321;0;577
44;Grand Est;2024-10-04;02:00;4427;47;7484;1640;0;1033;-350;148;-5577;0;0;1640;0;10002
28;Normandie;2024-10-04;02:00;2652;177;7526;185;0;12;0;67;-5315;0;0;106;80;7967
11;Île-de-France;2024-10-04;02:00;5640;0;0;56;0;9;0;126;5449;0;0;56;0;191
53;Bretagne;2024-10-04;02:00;2118;0;0;280;0;215;-1;51;1573;0;0;101;178;545
75;Nouvelle-Aquitaine;2024-10-04;02:30;3854;13;4144;308;0;655;0;109;-1373;0;0;308;0;5229
84;Auvergne-Rhône-Alpes;2024-10-04;02:30;6002;11;8231;341;0;3338;-419;111;-5611;0;0;341;0;11613
32;Hauts-de-France;2024-10-04;02:30;4771;287;3559;876;0;2;0;92;-46;0;0;876;0;4816
76;Occitanie;2024-10-04;02:30;3094;1;2096;724;0;1785;-36;84;-1561;0;0;724;0;4654
93;Provence-Alpes-Côte d'Azur;2024-10-04;02:30;3416;43;0;51;0;1027;0;107;2187;0;0;51;0;1228
27;Bourgogne-Franche-Comté;2024-10-04;02:30;1915;21;0;317;0;203;0;44;1329;0;0;317;0;585
53;Bretagne;2024-10-04;02:30;2022;0;0;254;0;215;-1;51;1503;0;0;108;147;519
28;Normandie;2024-10-04;02:30;2600;177;7527;164;0;12;0;72;-5351;0;0;100;64;7952
11;Île-de-France;2024-10-04;02:30;5561;1;0;65;0;9;0;124;5362;0;0;65;0;199
24;Centre-Val de Loire;2024-10-04;02:30;1899;0;6396;413;0;5;0;61;-4976;0;0;413;0;6875
52;Pays de la Loire;2024-10-04;02:30;2367;168;0;121;0;1;0;56;2020;0;0;123;0;346
44;Grand Est;2024-10-04;02:30;4373;47;7592;1521;0;1035;-349;147;-5621;0;0;1521;0;9993
84;Auvergne-Rhône-Alpes;2024-10-04;03:00;5824;11;8238;325;0;3170;-615;112;-5417;0;0;325;0;11241
93;Provence-Alpes-Côte d'Azur;2024-10-04;03:00;3199;41;0;43;0;1015;0;106;1994;0;0;43;0;1205
76;Occitanie;2024-10-04;03:00;3044;1;2097;725;0;1699;-36;83;-1524;0;0;725;0;4569
27;Bourgogne-Franche-Comté;2024-10-04;03:00;1838;21;0;303;0;203;0;44;1266;0;0;303;0;571
52;Pays de la Loire;2024-10-04;03:00;2265;169;0;153;0;1;0;57;1885;0;0;134;19;380
75;Nouvelle-Aquitaine;2024-10-04;03:00;3675;13;4121;323;0;533;0;121;-1433;0;0;323;0;5111
11;Île-de-France;2024-10-04;03:00;5311;1;0;62;0;9;0;128;5110;0;0;62;0;200
24;Centre-Val de Loire;2024-10-04;03:00;1864;0;6369;419;0;5;0;60;-4990;0;0;419;0;6853
32;Hauts-de-France;2024-10-04;03:00;4750;237;3560;872;0;2;0;93;-14;0;0;872;0;4764
44;Grand Est;2024-10-04;03:00;4364;47;7493;1427;0;1035;-348;147;-5438;0;0;1427;0;9801
53;Bretagne;2024-10-04;03:00;1932;0;0;236;0;215;-1;51;1431;0;0;118;117;501
28;Normandie;2024-10-04;03:00;2572;177;7525;145;0;12;0;71;-5357;0;0;91;54;7930
28;Normandie;2024-10-04;03:30;2534;177;7525;126;0;11;0;70;-5374;0;0;76;49;7909
44;Grand Est;2024-10-04;03:30;4136;46;7534;1360;0;1032;-347;146;-5635;0;0;1360;0;9771
76;Occitanie;2024-10-04;03:30;2985;1;2098;762;0;1720;-36;82;-1642;0;0;762;0;4627
52;Pays de la Loire;2024-10-04;03:30;2243;169;0;187;0;1;0;57;1829;0;0;143;44;414
75;Nouvelle-Aquitaine;2024-10-04;03:30;3555;13;4131;324;0;527;0;123;-1562;0;0;324;0;5118
53;Bretagne;2024-10-04;03:30;1884;0;0;213;0;215;-1;51;1406;0;0;124;88;478
93;Provence-Alpes-Côte d'Azur;2024-10-04;03:30;3129;82;0;41;0;1014;0;103;1889;0;0;41;0;1240
32;Hauts-de-France;2024-10-04;03:30;4672;271;3390;859;0;2;0;93;59;0;0;859;0;4615
11;Île-de-France;2024-10-04;03:30;5270;0;0;59;0;9;0;126;5076;0;0;59;0;194
27;Bourgogne-Franche-Comté;2024-10-04;03:30;1824;21;0;285;0;200;0;46;1272;0;0;285;0;552
24;Centre-Val de Loire;2024-10-04;03:30;1850;0;6384;429;0;5;0;60;-5028;0;0;429;0;6878
84;Auvergne-Rhône-Alpes;2024-10-04;03:30;5782;11;8309;317;0;3139;-767;110;-5337;0;0;317;0;11119
75;Nouvelle-Aquitaine;2024-10-04;04:00;3408;13;4135;287;0;527;0;125;-1677;0;0;287;0;5087
84;Auvergne-Rhône-Alpes;2024-10-04;04:00;5715;23;8324;319;0;3165;-927;108;-5297;0;0;319;0;11012
11;Île-de-France;2024-10-04;04:00;5215;0;0;53;0;9;0;126;5025;0;0;53;0;188
32;Hauts-de-France;2024-10-04;04:00;4619;271;3254;850;0;2;0;93;150;0;0;850;0;4470
76;Occitanie;2024-10-04;04:00;2771;1;2098;752;0;1434;-36;82;-1559;0;0;752;0;4331
93;Provence-Alpes-Côte d'Azur;2024-10-04;04:00;3023;149;0;42;0;1018;0;106;1708;0;0;42;0;1315
28;Normandie;2024-10-04;04:00;2500;179;7526;111;0;10;0;69;-5395;0;0;66;45;7895
53;Bretagne;2024-10-04;04:00;1852;0;0;208;0;213;-1;51;1382;0;0;125;83;471
27;Bourgogne-Franche-Comté;2024-10-04;04:00;1804;21;0;279;0;199;0;39;1265;0;0;279;0;538
44;Grand Est;2024-10-04;04:00;4242;45;7548;1257;0;1032;-346;147;-5441;0;0;1257;0;9683
52;Pays de la Loire;2024-10-04;04:00;2203;169;0;181;0;1;0;56;1795;0;0;142;39;407
24;Centre-Val de Loire;2024-10-04;04:00;1827;0;6386;402;0;5;0;59;-5025;0;0;402;0;6852
93;Provence-Alpes-Côte d'Azur;2024-10-04;04:30;2974;251;0;46;0;1026;0;106;1545;0;0;46;0;1429
84;Auvergne-Rhône-Alpes;2024-10-04;04:30;5730;55;8317;328;0;3183;-1032;110;-5232;0;0;328;0;10961
27;Bourgogne-Franche-Comté;2024-10-04;04:30;1765;21;0;275;0;201;0;28;1240;0;0;275;0;525
76;Occitanie;2024-10-04;04:30;2670;1;2099;747;0;1450;-36;83;-1673;0;0;747;0;4344
53;Bretagne;2024-10-04;04:30;1850;0;0;207;0;204;-1;51;1391;0;0;123;85;461
44;Grand Est;2024-10-04;04:30;4220;43;7506;1165;0;1034;-345;146;-5329;0;0;1165;0;9549
52;Pays de la Loire;2024-10-04;04:30;2216;169;0;184;0;1;0;56;1806;0;0;144;40;410
75;Nouvelle-Aquitaine;2024-10-04;04:30;3407;13;4126;299;0;527;0;125;-1686;0;0;299;0;5090
32;Hauts-de-France;2024-10-04;04:30;4588;279;3532;792;0;2;0;94;-109;0;0;792;0;4699
24;Centre-Val de Loire;2024-10-04;04:30;1821;0;6432;354;0;5;0;60;-5030;0;0;354;0;6851
11;Île-de-France;2024-10-04;04:30;5253;0;0;48;0;9;0;126;5070;0;0;48;0;183
28;Normandie;2024-10-04;04:30;2517;185;7526;88;0;10;0;70;-5361;0;0;53;34;7879
93;Provence-Alpes-Côte d'Azur;2024-10-04;05:00;2964;361;0;44;0;1018;0;103;1438;0;0;44;0;1526
24;Centre-Val de Loire;2024-10-04;05:00;1846;0;6447;327;0;5;0;60;-4993;0;0;327;0;6839
44;Grand Est;2024-10-04;05:00;4052;113;7631;1119;0;1038;-344;145;-5649;0;0;1119;0;9702
76;Occitanie;2024-10-04;05:00;2812;1;2100;735;0;1447;-36;83;-1518;0;0;735;0;4330
75;Nouvelle-Aquitaine;2024-10-04;05:00;3489;13;4138;293;0;523;0;125;-1605;0;0;293;0;5092
11;Île-de-France;2024-10-04;05:00;5343;0;0;42;0;9;0;125;5167;0;0;42;0;176
53;Bretagne;2024-10-04;05:00;1864;0;0;220;0;154;-1;51;1443;0;0;130;90;424
28;Normandie;2024-10-04;05:00;2526;186;7524;74;0;9;0;71;-5338;0;0;47;27;7864
84;Auvergne-Rhône-Alpes;2024-10-04;05:00;5662;9;8260;321;0;3177;-1034;110;-5181;0;0;321;0;10843
27;Bourgogne-Franche-Comté;2024-10-04;05:00;1778;21;0;266;0;238;0;27;1226;0;0;266;0;552
52;Pays de la Loire;2024-10-04;05:00;2236;169;0;189;0;1;0;56;1820;0;0;139;50;415
32;Hauts-de-France;2024-10-04;05:00;4565;278;3555;715;0;2;0;95;-80;0;0;715;0;4645
52;Pays de la Loire;2024-10-04;05:30;2343;169;0;187;0;1;0;56;1930;0;0;130;58;413
27;Bourgogne-Franche-Comté;2024-10-04;05:30;1846;21;0;258;0;237;0;29;1301;0;0;258;0;545
53;Bretagne;2024-10-04;05:30;1941;53;0;222;0;79;-1;49;1539;0;0;131;91;402
75;Nouvelle-Aquitaine;2024-10-04;05:30;3549;13;4126;267;0;552;0;123;-1530;0;0;267;0;5081
84;Auvergne-Rhône-Alpes;2024-10-04;05:30;5873;10;8218;312;0;3221;-463;111;-5536;0;0;312;0;11409
76;Occitanie;2024-10-04;05:30;2727;1;2100;743;0;1733;-1;81;-1930;0;0;743;0;4657
28;Normandie;2024-10-04;05:30;2601;186;7525;73;0;9;0;70;-5262;0;0;47;26;7863
93;Provence-Alpes-Côte d'Azur;2024-10-04;05:30;3008;475;0;40;0;1038;0;103;1352;0;0;40;0;1656
11;Île-de-France;2024-10-04;05:30;5597;0;0;37;0;9;0;128;5423;0;0;37;0;174
32;Hauts-de-France;2024-10-04;05:30;4729;289;3556;681;0;2;0;92;110;0;0;681;0;4620
24;Centre-Val de Loire;2024-10-04;05:30;1907;0;6450;306;0;5;0;61;-4915;0;0;306;0;6822
44;Grand Est;2024-10-04;05:30;4260;258;7610;1104;0;1036;-343;146;-5550;0;0;1104;0;9811
84;Auvergne-Rhône-Alpes;2024-10-04;06:00;6002;10;8227;311;0;3495;-3;110;-6148;0;0;311;0;12150
24;Centre-Val de Loire;2024-10-04;06:00;1994;0;6478;298;0;5;0;59;-4847;0;0;298;0;6840
27;Bourgogne-Franche-Comté;2024-10-04;06:00;1920;21;0;256;0;240;0;29;1374;0;0;256;0;546
52;Pays de la Loire;2024-10-04;06:00;2459;169;0;168;0;1;0;55;2065;0;0;116;53;393
11;Île-de-France;2024-10-04;06:00;5770;0;0;43;0;9;0;126;5592;0;0;43;0;178
53;Bretagne;2024-10-04;06:00;1984;181;0;203;0;16;-2;47;1538;0;0;132;71;445
44;Grand Est;2024-10-04;06:00;4363;441;7620;1076;0;1034;-88;145;-5867;0;0;1076;0;10228
75;Nouvelle-Aquitaine;2024-10-04;06:00;3686;13;4129;217;0;649;0;122;-1444;0;0;217;0;5130
28;Normandie;2024-10-04;06:00;2677;202;7526;70;0;9;0;69;-5200;0;0;52;19;7876
76;Occitanie;2024-10-04;06:00;2886;1;2099;752;0;1899;0;82;-1946;0;0;752;0;4833
93;Provence-Alpes-Côte d'Azur;2024-10-04;06:00;3116;515;0;44;0;1171;0;105;1282;0;0;44;0;1835
32;Hauts-de-France;2024-10-04;06:00;4957;286;3553;693;0;2;0;89;334;0;0;693;0;4623
75;Nouvelle-Aquitaine;2024-10-04;06:30;3968;13;4136;186;0;799;0;125;-1288;0;0;186;0;5259
11;Île-de-France;2024-10-04;06:30;6463;0;0;44;0;10;0;122;6288;0;0;44;0;176
44;Grand Est;2024-10-04;06:30;4669;802;7642;1097;0;1029;-1;145;-6045;0;0;1097;0;10714
53;Bretagne;2024-10-04;06:30;2189;426;0;179;0;0;0;49;1536;0;0;118;62;654
27;Bourgogne-Franche-Comté;2024-10-04;06:30;2105;21;0;236;0;303;0;27;1520;0;0;236;0;587
93;Provence-Alpes-Côte d'Azur;2024-10-04;06:30;3306;541;0;50;0;1317;0;105;1293;0;0;50;0;2013
84;Auvergne-Rhône-Alpes;2024-10-04;06:30;6269;9;8243;316;0;3788;-3;109;-6193;0;0;316;0;12462
52;Pays de la Loire;2024-10-04;06:30;2663;169;0;162;0;1;0;55;2275;0;0;120;42;387
24;Centre-Val de Loire;2024-10-04;06:30;2026;0;6531;284;0;13;0;60;-4860;0;0;284;0;6888
32;Hauts-de-France;2024-10-04;06:30;5199;304;3551;677;0;2;0;89;576;0;0;677;0;4623
76;Occitanie;2024-10-04;06:30;3096;1;2101;759;0;1917;0;80;-1761;0;0;759;0;4858
28;Normandie;2024-10-04;06:30;2846;252;7528;81;0;9;0;69;-5094;0;0;55;26;7939
32;Hauts-de-France;2024-10-04;07:00;5350;308;3550;707;0;2;0;91;693;0;0;707;0;4658
44;Grand Est;2024-10-04;07:00;4924;1002;7720;1171;0;1304;0;145;-6417;0;0;1171;0;11342
75;Nouvelle-Aquitaine;2024-10-04;07:00;4298;13;4161;177;0;946;0;123;-1119;0;0;177;0;5420
24;Centre-Val de Loire;2024-10-04;07:00;2049;0;6564;257;0;36;0;59;-4868;0;0;257;0;6916
11;Île-de-France;2024-10-04;07:00;7045;0;0;49;0;10;0;123;6863;0;0;49;0;182
27;Bourgogne-Franche-Comté;2024-10-04;07:00;2282;21;0;232;0;303;0;32;1695;0;0;232;0;588
93;Provence-Alpes-Côte d'Azur;2024-10-04;07:00;3489;567;0;50;0;1424;0;103;1346;0;0;50;0;2144
84;Auvergne-Rhône-Alpes;2024-10-04;07:00;6744;9;8305;331;0;4504;-3;109;-6511;0;0;331;0;13255
28;Normandie;2024-10-04;07:00;2998;254;7528;89;0;10;0;70;-4952;0;0;64;26;7951
76;Occitanie;2024-10-04;07:00;3153;1;2101;781;0;2137;0;78;-1945;0;0;781;0;5098
52;Pays de la Loire;2024-10-04;07:00;2815;186;0;151;0;1;0;55;2422;0;0;123;28;393
53;Bretagne;2024-10-04;07:00;2358;452;0;155;0;0;-1;49;1703;0;0;107;48;655
93;Provence-Alpes-Côte d'Azur;2024-10-04;07:30;3601;722;0;37;0;1546;0;102;1194;0;0;37;0;2407
52;Pays de la Loire;2024-10-04;07:30;3069;378;0;144;0;1;0;54;2491;0;0;120;24;577
32;Hauts-de-France;2024-10-04;07:30;5678;300;3548;721;0;2;0;92;1016;0;0;721;0;4663
44;Grand Est;2024-10-04;07:30;5004;1195;7707;1204;0;1337;0;144;-6582;0;0;1204;0;11587
24;Centre-Val de Loire;2024-10-04;07:30;2182;0;6558;224;0;49;0;60;-4709;0;0;224;0;6891
11;Île-de-France;2024-10-04;07:30;7740;0;0;56;0;10;0;123;7554;0;0;56;0;189
76;Occitanie;2024-10-04;07:30;3645;1;2101;790;0;2375;0;78;-1700;0;0;790;0;5345
75;Nouvelle-Aquitaine;2024-10-04;07:30;4551;15;4158;177;0;1034;0;123;-958;0;0;177;0;5507
53;Bretagne;2024-10-04;07:30;2569;466;0;151;0;5;-1;49;1900;0;0;103;48;670
28;Normandie;2024-10-04;07:30;3170;254;7527;94;0;11;0;70;-4785;0;0;74;20;7956
27;Bourgogne-Franche-Comté;2024-10-04;07:30;2451;21;0;235;0;303;0;40;1851;0;0;235;0;599
84;Auvergne-Rhône-Alpes;2024-10-04;07:30;7032;9;8298;374;0;4737;-3;109;-6492;0;0;374;0;13524
44;Grand Est;2024-10-04;08:00;5119;1244;7778;1148;2;1396;0;139;-6588;0;0;1148;0;11707
76;Occitanie;2024-10-04;08:00;3722;1;2102;796;3;2498;0;77;-1754;0;0;796;0;5477
32;Hauts-de-France;2024-10-04;08:00;5693;309;3545;733;0;2;0;92;1012;0;0;733;0;4681
53;Bretagne;2024-10-04;08:00;2666;447;0;154;0;6;-1;49;2010;0;0;98;56;655
84;Auvergne-Rhône-Alpes;2024-10-04;08:00;7250;10;8359;381;1;5148;-3;108;-6755;0;0;381;0;14004
27;Bourgogne-Franche-Comté;2024-10-04;08:00;2499;21;0;219;1;296;0;32;1930;0;0;219;0;569
75;Nouvelle-Aquitaine;2024-10-04;08:00;4786;15;4165;174;0;1168;0;120;-856;0;0;174;0;5642
24;Centre-Val de Loire;2024-10-04;08:00;2235;0;6582;231;0;49;0;58;-4686;0;0;231;0;6920
52;Pays de la Loire;2024-10-04;08:00;3192;415;0;134;0;1;0;56;2585;0;0;110;24;606
28;Normandie;2024-10-04;08:00;3241;254;7526;86;0;11;0;70;-4705;0;0;74;13;7947
11;Île-de-France;2024-10-04;08:00;8128;309;0;51;0;10;0;121;7638;0;0;51;0;491
93;Provence-Alpes-Côte d'Azur;2024-10-04;08:00;3747;825;0;32;7;1584;0;101;1198;0;0;32;0;2549
28;Normandie;2024-10-04;08:30;3249;254;7528;90;3;11;0;70;-4706;0;0;84;6;7956
27;Bourgogne-Franche-Comté;2024-10-04;08:30;2572;21;0;238;19;299;0;28;1968;0;0;238;0;605
32;Hauts-de-France;2024-10-04;08:30;5671;295;3542;675;12;2;0;93;1052;0;0;675;0;4619
52;Pays de la Loire;2024-10-04;08:30;3272;401;0;137;9;1;0;55;2668;0;0;114;24;603
93;Provence-Alpes-Côte d'Azur;2024-10-04;08:30;3820;735;0;30;82;1576;0;101;1296;0;0;30;0;2524
75;Nouvelle-Aquitaine;2024-10-04;08:30;4832;15;4188;167;30;1188;0;123;-884;0;0;167;0;5711
44;Grand Est;2024-10-04;08:30;5143;1249;7785;1056;41;1379;0;138;-6504;0;0;1056;0;11648
53;Bretagne;2024-10-04;08:30;2703;466;0;154;2;8;-1;48;2026;0;0;99;54;677
24;Centre-Val de Loire;2024-10-04;08:30;2289;2;6587;230;15;49;0;57;-4652;0;0;230;0;6940
76;Occitanie;2024-10-04;08:30;3804;9;2102;805;62;2514;0;77;-1766;0;0;805;0;5569
84;Auvergne-Rhône-Alpes;2024-10-04;08:30;7434;15;8368;377;23;5094;-3;106;-6546;0;0;377;0;13980
11;Île-de-France;2024-10-04;08:30;8374;446;0;45;5;10;0;120;7748;0;0;45;0;626
32;Hauts-de-France;2024-10-04;09:00;5715;311;3540;632;49;2;0;93;1089;0;0;632;0;4627
75;Nouvelle-Aquitaine;2024-10-04;09:00;4953;15;4189;148;194;1066;0;119;-777;0;0;148;0;5731
52;Pays de la Loire;2024-10-04;09:00;3253;369;0;134;69;1;0;57;2624;0;0;115;18;630
11;Île-de-France;2024-10-04;09:00;8523;447;0;42;23;10;0;121;7881;0;0;42;0;643
93;Provence-Alpes-Côte d'Azur;2024-10-04;09:00;3933;707;0;25;258;1561;0;102;1280;0;0;25;0;2653
76;Occitanie;2024-10-04;09:00;3960;9;2103;810;252;2433;0;78;-1725;0;0;810;0;5685
24;Centre-Val de Loire;2024-10-04;09:00;2248;12;6569;206;70;48;0;57;-4713;0;0;206;0;6962
53;Bretagne;2024-10-04;09:00;2739;461;0;168;23;9;-1;48;2031;0;0;106;62;708
27;Bourgogne-Franche-Comté;2024-10-04;09:00;2513;21;0;229;70;300;0;34;1859;0;0;229;0;654
44;Grand Est;2024-10-04;09:00;5255;1238;7758;903;131;1346;0;138;-6260;0;0;903;0;11514
84;Auvergne-Rhône-Alpes;2024-10-04;09:00;7575;41;8346;368;85;4790;-3;106;-6157;0;0;368;0;13733
28;Normandie;2024-10-04;09:00;3282;254;7529;87;19;12;0;68;-4686;0;0;78;9;7969
32;Hauts-de-France;2024-10-04;09:30;5576;307;3539;547;107;2;0;91;984;0;0;547;0;4593
76;Occitanie;2024-10-04;09:30;4043;9;2104;795;531;2452;0;78;-1925;0;0;795;0;5969
53;Bretagne;2024-10-04;09:30;2744;463;0;196;72;3;-30;47;1991;0;0;117;79;751
75;Nouvelle-Aquitaine;2024-10-04;09:30;4990;15;4190;122;477;1096;0;121;-1026;0;0;122;0;6021
24;Centre-Val de Loire;2024-10-04;09:30;2252;12;6567;164;157;49;0;56;-4752;0;0;164;0;7005
84;Auvergne-Rhône-Alpes;2024-10-04;09:30;7740;53;8322;359;191;4751;-3;103;-6035;0;0;359;0;13776
52;Pays de la Loire;2024-10-04;09:30;3248;407;0;125;193;1;0;58;2464;0;0;111;15;784
11;Île-de-France;2024-10-04;09:30;8616;452;0;28;54;10;0;119;7953;0;0;28;0;663
93;Provence-Alpes-Côte d'Azur;2024-10-04;09:30;4008;719;0;32;499;1582;0;102;1074;0;0;32;0;2934
44;Grand Est;2024-10-04;09:30;5278;1242;7759;732;239;1354;-6;139;-6181;0;0;732;0;11459
28;Normandie;2024-10-04;09:30;3266;254;7526;74;51;12;0;67;-4717;0;0;68;6;7984
27;Bourgogne-Franche-Comté;2024-10-04;09:30;2558;21;0;237;150;304;0;38;1809;0;0;237;0;750
53;Bretagne;2024-10-04;10:00;2718;460;0;182;137;0;-56;46;1949;0;0;99;83;769
75;Nouvelle-Aquitaine;2024-10-04;10:00;5001;15;4191;100;808;989;0;119;-1211;0;0;100;0;6222
76;Occitanie;2024-10-04;10:00;4083;9;2104;796;845;1927;0;77;-1675;0;0;796;0;5758
11;Île-de-France;2024-10-04;10:00;8602;474;0;18;90;10;0;117;7893;0;0;18;0;709
28;Normandie;2024-10-04;10:00;3202;254;7533;61;92;12;0;67;-4816;0;0;47;14;8019
27;Bourgogne-Franche-Comté;2024-10-04;10:00;2535;21;0;185;229;303;0;39;1759;0;0;185;0;777
32;Hauts-de-France;2024-10-04;10:00;5582;300;3540;373;176;2;0;90;1100;0;0;373;0;4481
44;Grand Est;2024-10-04;10:00;5217;1232;7694;567;352;1304;-6;139;-6065;0;0;567;0;11282
52;Pays de la Loire;2024-10-04;10:00;3206;361;0;84;350;1;0;59;2351;0;0;71;12;855
93;Provence-Alpes-Côte d'Azur;2024-10-04;10:00;4062;748;0;39;724;1572;0;101;877;0;0;39;0;3184
24;Centre-Val de Loire;2024-10-04;10:00;2219;12;6516;92;266;48;0;58;-4774;0;0;92;0;6992
84;Auvergne-Rhône-Alpes;2024-10-04;10:00;7806;28;8280;371;316;4244;-3;100;-5531;0;0;371;0;13336
93;Provence-Alpes-Côte d'Azur;2024-10-04;10:30;4128;797;0;39;933;1577;0;99;683;0;0;39;0;3445
28;Normandie;2024-10-04;10:30;3187;255;7539;43;140;12;0;71;-4874;0;0;28;14;8060
11;Île-de-France;2024-10-04;10:30;8538;428;0;12;127;10;0;122;7839;0;0;12;0;699
52;Pays de la Loire;2024-10-04;10:30;3210;334;0;39;516;1;0;59;2262;0;0;28;11;949
44;Grand Est;2024-10-04;10:30;5238;1232;7705;478;478;1234;-6;143;-6027;0;0;478;0;11264
75;Nouvelle-Aquitaine;2024-10-04;10:30;5008;14;4191;64;1160;925;0;120;-1458;0;0;64;0;6474
53;Bretagne;2024-10-04;10:30;2662;458;0;154;211;0;-57;48;1849;0;0;71;84;814
76;Occitanie;2024-10-04;10:30;4063;9;2104;788;1176;1752;0;78;-1844;0;0;788;0;5907
32;Hauts-de-France;2024-10-04;10:30;5500;298;3542;214;250;2;0;92;1104;0;0;214;0;4398
24;Centre-Val de Loire;2024-10-04;10:30;2176;12;6515;50;382;48;0;57;-4889;0;0;50;0;7064
27;Bourgogne-Franche-Comté;2024-10-04;10:30;2533;21;0;149;318;302;0;42;1702;0;0;149;0;832
84;Auvergne-Rhône-Alpes;2024-10-04;10:30;7859;21;8291;352;452;3681;-3;99;-5035;0;0;352;0;12893
93;Provence-Alpes-Côte d'Azur;2024-10-04;11:00;4157;743;0;38;1124;1401;0;97;755;0;0;38;0;3403
32;Hauts-de-France;2024-10-04;11:00;5627;302;3536;155;322;2;0;95;1220;0;0;155;0;4412
53;Bretagne;2024-10-04;11:00;2628;441;0;118;286;0;-33;48;1767;0;0;42;77;860
28;Normandie;2024-10-04;11:00;3156;240;7540;25;185;13;0;77;-4924;0;0;10;15;8080
75;Nouvelle-Aquitaine;2024-10-04;11:00;4980;15;4210;52;1543;843;0;120;-1792;0;0;52;0;6783
27;Bourgogne-Franche-Comté;2024-10-04;11:00;2502;21;0;139;418;191;0;43;1692;0;0;139;0;812
52;Pays de la Loire;2024-10-04;11:00;3133;220;0;14;671;1;0;57;2169;0;0;9;6;963
76;Occitanie;2024-10-04;11:00;4103;9;2104;791;1492;1592;0;78;-1962;0;0;791;0;6066
24;Centre-Val de Loire;2024-10-04;11:00;2185;12;6476;39;475;6;0;56;-4879;0;0;39;0;7064
44;Grand Est;2024-10-04;11:00;5293;1181;7657;443;609;1129;-6;146;-5863;0;0;443;0;11159
84;Auvergne-Rhône-Alpes;2024-10-04;11:00;7729;26;8260;330;573;3268;-3;97;-4823;0;0;330;0;12551
11;Île-de-France;2024-10-04;11:00;8465;70;0;9;163;10;0;127;8088;0;0;9;0;379
52;Pays de la Loire;2024-10-04;11:30;3072;224;0;7;800;1;0;57;1983;0;0;5;3;1089
27;Bourgogne-Franche-Comté;2024-10-04;11:30;2489;21;0;150;480;195;0;42;1602;0;0;150;0;888
93;Provence-Alpes-Côte d'Azur;2024-10-04;11:30;4189;731;0;41;1290;1436;0;101;588;0;0;41;0;3599
11;Île-de-France;2024-10-04;11:30;8370;2;0;5;195;10;0;129;8033;0;0;5;0;341
24;Centre-Val de Loire;2024-10-04;11:30;2150;12;6471;29;568;5;0;59;-4995;0;0;29;0;7144
32;Hauts-de-France;2024-10-04;11:30;5620;283;3547;164;391;2;0;96;1144;0;0;164;0;4483
76;Occitanie;2024-10-04;11:30;4147;9;2103;808;1829;1458;-6;78;-2132;0;0;808;0;6279
75;Nouvelle-Aquitaine;2024-10-04;11:30;4931;18;4454;49;2003;783;0;118;-2491;0;0;49;0;7425
84;Auvergne-Rhône-Alpes;2024-10-04;11:30;7944;54;8286;314;690;3590;-3;100;-5086;0;0;314;0;13031
53;Bretagne;2024-10-04;11:30;2649;412;0;85;353;0;0;48;1751;0;0;27;58;898
44;Grand Est;2024-10-04;11:30;5359;1129;7549;428;666;1133;-6;146;-5684;0;0;428;0;11045
28;Normandie;2024-10-04;11:30;3136;196;7539;23;221;13;0;78;-4933;0;0;7;16;8070
84;Auvergne-Rhône-Alpes;2024-10-04;12:00;7916;38;8307;319;822;3582;-362;105;-4894;0;0;319;0;12811
52;Pays de la Loire;2024-10-04;12:00;3145;53;0;10;907;1;0;56;2117;0;0;6;4;1027
32;Hauts-de-France;2024-10-04;12:00;5658;288;3548;194;448;2;0;97;1082;0;0;194;0;4577
11;Île-de-France;2024-10-04;12:00;8391;5;0;3;219;10;0;126;8030;0;0;3;0;363
93;Provence-Alpes-Côte d'Azur;2024-10-04;12:00;4248;571;0;42;1411;1422;0;107;696;0;0;42;0;3553
28;Normandie;2024-10-04;12:00;3132;193;7539;33;257;13;0;77;-4980;0;0;13;20;8112
53;Bretagne;2024-10-04;12:00;2664;102;0;57;420;72;-1;47;1967;0;0;29;28;697
76;Occitanie;2024-10-04;12:00;4208;9;2101;834;2121;1414;-16;78;-2334;0;0;834;0;6541
44;Grand Est;2024-10-04;12:00;5531;387;7579;387;744;1033;-6;146;-4739;0;0;387;0;10270
27;Bourgogne-Franche-Comté;2024-10-04;12:00;2381;21;0;151;540;206;0;42;1422;0;0;151;0;960
75;Nouvelle-Aquitaine;2024-10-04;12:00;4920;19;4774;54;2478;798;0;116;-3319;0;0;54;0;8239
24;Centre-Val de Loire;2024-10-04;12:00;2142;11;6486;29;669;5;0;59;-5118;0;0;29;0;7259
75;Nouvelle-Aquitaine;2024-10-04;12:30;4969;18;5060;62;2901;642;0;120;-3842;0;0;62;0;8803
11;Île-de-France;2024-10-04;12:30;8437;5;0;4;228;10;0;124;8067;0;0;4;0;371
53;Bretagne;2024-10-04;12:30;2674;37;0;56;443;146;-1;48;1945;0;0;36;20;729
44;Grand Est;2024-10-04;12:30;5347;48;7601;350;807;1032;-141;147;-4497;0;0;350;0;9844
52;Pays de la Loire;2024-10-04;12:30;3130;0;0;12;994;1;0;55;2066;0;0;9;3;1062
76;Occitanie;2024-10-04;12:30;4241;9;2099;860;2344;1591;-10;82;-2735;0;0;860;0;6975
93;Provence-Alpes-Côte d'Azur;2024-10-04;12:30;4342;518;0;42;1498;1216;0;111;958;0;0;42;0;3385
32;Hauts-de-France;2024-10-04;12:30;5732;284;3551;248;494;2;0;96;1057;0;0;248;0;4675
27;Bourgogne-Franche-Comté;2024-10-04;12:30;2558;21;0;174;616;211;0;42;1494;0;0;174;0;1064
24;Centre-Val de Loire;2024-10-04;12:30;2225;4;6494;39;754;5;0;59;-5129;0;0;39;0;7355
84;Auvergne-Rhône-Alpes;2024-10-04;12:30;7862;17;8225;317;943;3235;-632;98;-4340;0;0;317;0;12203
28;Normandie;2024-10-04;12:30;3155;185;7538;45;277;13;0;78;-4981;0;0;27;17;8136
28;Normandie;2024-10-04;13:00;3145;184;7536;47;291;13;0;87;-5013;0;0;39;8;8158
24;Centre-Val de Loire;2024-10-04;13:00;2298;3;6424;55;817;5;0;59;-5065;0;0;55;0;7363
32;Hauts-de-France;2024-10-04;13:00;5780;282;3545;296;519;2;0;89;1056;0;0;296;0;4733
93;Provence-Alpes-Côte d'Azur;2024-10-04;13:00;4323;517;0;40;1522;1069;0;111;1063;0;0;40;0;3259
27;Bourgogne-Franche-Comté;2024-10-04;13:00;2490;21;0;201;575;138;0;42;1515;0;0;201;0;977
53;Bretagne;2024-10-04;13:00;2736;36;0;54;464;187;-1;48;1948;0;0;37;17;788
44;Grand Est;2024-10-04;13:00;5432;46;7372;333;838;1037;-185;147;-4152;0;0;333;0;9588
75;Nouvelle-Aquitaine;2024-10-04;13:00;5071;18;5333;100;3279;613;0;120;-4390;0;0;100;0;9463
76;Occitanie;2024-10-04;13:00;4397;9;2097;914;2499;1546;0;82;-2751;0;0;914;0;7147
52;Pays de la Loire;2024-10-04;13:00;3174;0;0;37;1058;1;0;56;2021;0;0;20;17;1152
84;Auvergne-Rhône-Alpes;2024-10-04;13:00;8021;11;8078;311;1068;3165;-871;96;-3837;0;0;311;0;11858
11;Île-de-France;2024-10-04;13:00;8331;5;0;5;243;10;0;126;7947;0;0;5;0;389
24;Centre-Val de Loire;2024-10-04;13:30;2203;3;6428;64;839;5;0;60;-5196;0;0;64;0;7399
27;Bourgogne-Franche-Comté;2024-10-04;13:30;2407;21;0;239;579;137;0;43;1389;0;0;239;0;1019
93;Provence-Alpes-Côte d'Azur;2024-10-04;13:30;4350;478;0;40;1533;1040;0;112;1148;0;0;40;0;3203
11;Île-de-France;2024-10-04;13:30;8200;3;0;7;252;10;0;125;7807;0;0;7;0;397
84;Auvergne-Rhône-Alpes;2024-10-04;13:30;7782;11;8099;302;1100;2759;-1027;97;-3559;0;0;302;0;11341
32;Hauts-de-France;2024-10-04;13:30;5669;282;3551;254;536;2;0;88;958;0;0;254;0;4713
52;Pays de la Loire;2024-10-04;13:30;3064;0;0;50;1092;1;0;57;1863;0;0;27;23;1200
75;Nouvelle-Aquitaine;2024-10-04;13:30;4989;16;5593;116;3494;570;0;120;-4919;0;0;116;0;9909
44;Grand Est;2024-10-04;13:30;5189;47;7190;329;766;1036;-185;148;-4141;0;0;329;0;9331
76;Occitanie;2024-10-04;13:30;4418;9;2096;932;2641;953;-29;79;-2262;0;0;932;0;6681
53;Bretagne;2024-10-04;13:30;2599;32;0;76;466;208;-1;49;1767;0;0;39;37;830
28;Normandie;2024-10-04;13:30;3051;186;7533;43;303;13;0;88;-5115;0;0;35;8;8166
84;Auvergne-Rhône-Alpes;2024-10-04;14:00;7537;11;8047;291;1119;2665;-1008;103;-3690;0;0;291;0;11228
75;Nouvelle-Aquitaine;2024-10-04;14:00;5092;14;5422;137;3604;568;0;120;-4769;0;0;137;0;9865
93;Provence-Alpes-Côte d'Azur;2024-10-04;14:00;4275;316;0;40;1511;1033;0;108;1267;0;0;40;0;3008
24;Centre-Val de Loire;2024-10-04;14:00;2094;3;6417;83;858;5;0;58;-5330;0;0;83;0;7424
28;Normandie;2024-10-04;14:00;2987;189;7532;30;307;13;0;87;-5172;0;0;24;6;8158
32;Hauts-de-France;2024-10-04;14:00;5502;279;3551;191;500;2;0;87;898;0;0;191;0;4610
53;Bretagne;2024-10-04;14:00;2555;32;0;79;460;214;-1;50;1721;0;0;40;39;834
44;Grand Est;2024-10-04;14:00;4959;47;6737;336;723;1038;-185;147;-3881;0;0;336;0;8843
27;Bourgogne-Franche-Comté;2024-10-04;14:00;2349;21;0;250;552;137;0;44;1347;0;0;250;0;1004
76;Occitanie;2024-10-04;14:00;4397;9;2094;933;2678;730;-350;83;-1779;0;0;933;0;6177
52;Pays de la Loire;2024-10-04;14:00;3012;0;0;49;1122;1;0;57;1783;0;0;27;22;1229
11;Île-de-France;2024-10-04;14:00;8028;0;0;9;252;10;0;122;7641;0;0;9;0;393
28;Normandie;2024-10-04;14:30;2925;189;7533;27;302;13;0;85;-5224;0;0;20;7;8149
32;Hauts-de-France;2024-10-04;14:30;5456;283;3551;156;494;2;0;91;869;0;0;156;0;4577
24;Centre-Val de Loire;2024-10-04;14:30;2055;3;6474;118;846;5;0;57;-5449;0;0;118;0;7503
76;Occitanie;2024-10-04;14:30;4101;9;2092;951;2636;737;-449;88;-1964;0;0;951;0;6064
52;Pays de la Loire;2024-10-04;14:30;2939;1;0;33;1110;1;0;58;1737;0;0;27;6;1203
27;Bourgogne-Franche-Comté;2024-10-04;14:30;2325;21;0;233;538;151;0;44;1336;0;0;233;0;987
75;Nouvelle-Aquitaine;2024-10-04;14:30;4846;14;5146;168;3603;580;0;122;-4793;0;0;168;0;9633
44;Grand Est;2024-10-04;14:30;5154;47;6397;373;629;1034;-184;146;-3292;0;0;373;0;8442
11;Île-de-France;2024-10-04;14:30;7843;0;0;10;249;10;0;123;7446;0;0;10;0;392
84;Auvergne-Rhône-Alpes;2024-10-04;14:30;7448;12;7537;299;1114;2763;-1128;101;-3249;0;0;299;0;10698
93;Provence-Alpes-Côte d'Azur;2024-10-04;14:30;4246;234;0;41;1500;1008;0;107;1357;0;0;41;0;2890
53;Bretagne;2024-10-04;14:30;2483;32;0;43;446;216;-1;49;1696;0;0;34;9;785
93;Provence-Alpes-Côte d'Azur;2024-10-04;15:00;4142;233;0;41;1431;997;0;110;1331;0;0;41;0;2812
24;Centre-Val de Loire;2024-10-04;15:00;2053;3;6513;128;830;5;0;57;-5484;0;0;128;0;7536
76;Occitanie;2024-10-04;15:00;4028;9;2092;940;2570;700;-453;88;-1919;0;0;940;0;5946
52;Pays de la Loire;2024-10-04;15:00;2890;1;0;28;1070;1;0;55;1736;0;0;28;0;1155
75;Nouvelle-Aquitaine;2024-10-04;15:00;4715;15;5134;174;3496;589;0;121;-4820;0;0;174;0;9529
32;Hauts-de-France;2024-10-04;15:00;5319;248;3551;127;434;2;0;95;847;0;0;127;0;4457
28;Normandie;2024-10-04;15:00;2869;189;7530;17;291;14;0;89;-5261;0;0;15;2;8130
27;Bourgogne-Franche-Comté;2024-10-04;15:00;2330;21;0;245;484;157;0;45;1376;0;0;245;0;952
53;Bretagne;2024-10-04;15:00;2434;37;0;21;453;219;-1;50;1656;0;0;23;0;779
44;Grand Est;2024-10-04;15:00;5047;46;6319;361;562;1036;-184;147;-3247;0;0;361;0;8287
84;Auvergne-Rhône-Alpes;2024-10-04;15:00;7280;12;7496;306;1047;2789;-1132;105;-3343;0;0;306;0;10623
11;Île-de-France;2024-10-04;15:00;7701;0;0;8;232;9;0;125;7319;0;0;8;0;374
84;Auvergne-Rhône-Alpes;2024-10-04;15:30;7167;11;7416;309;913;2722;-1132;107;-3180;0;0;309;0;10346
24;Centre-Val de Loire;2024-10-04;15:30;1964;3;6483;134;781;5;0;58;-5499;0;0;134;0;7464
32;Hauts-de-France;2024-10-04;15:30;5290;197;3551;97;391;2;0;92;946;0;0;97;0;4330
75;Nouvelle-Aquitaine;2024-10-04;15:30;4622;14;5065;174;3335;390;0;121;-4485;0;0;174;0;9099
28;Normandie;2024-10-04;15:30;2820;189;7527;15;271;14;0;89;-5285;0;0;12;3;8105
53;Bretagne;2024-10-04;15:30;2365;38;0;24;416;218;-1;50;1619;0;0;17;7;745
27;Bourgogne-Franche-Comté;2024-10-04;15:30;2289;21;0;238;407;144;0;45;1434;0;0;238;0;855
93;Provence-Alpes-Côte d'Azur;2024-10-04;15:30;4054;233;0;38;1350;985;0;109;1339;0;0;38;0;2715
44;Grand Est;2024-10-04;15:30;4960;46;6197;345;495;1034;-179;146;-3129;0;0;345;0;8084
76;Occitanie;2024-10-04;15:30;3968;9;2091;953;2453;713;-449;85;-1887;0;0;953;0;5855
52;Pays de la Loire;2024-10-04;15:30;2846;1;0;21;1001;1;0;56;1766;0;0;19;2;1080
11;Île-de-France;2024-10-04;15:30;7522;0;0;9;214;9;0;128;7159;0;0;9;0;360
32;Hauts-de-France;2024-10-04;16:00;5084;196;3551;94;332;2;0;94;793;0;0;94;0;4269
44;Grand Est;2024-10-04;16:00;4799;46;6341;330;399;1035;-178;146;-3329;0;0;330;0;8119
53;Bretagne;2024-10-04;16:00;2305;38;0;21;362;217;-1;50;1618;0;0;14;7;687
27;Bourgogne-Franche-Comté;2024-10-04;16:00;2234;21;0;242;311;147;0;47;1464;0;0;242;0;768
93;Provence-Alpes-Côte d'Azur;2024-10-04;16:00;3955;233;0;40;1229;979;0;110;1365;0;0;40;0;2591
11;Île-de-France;2024-10-04;16:00;7460;0;0;8;190;9;0;129;7115;0;0;8;0;336
75;Nouvelle-Aquitaine;2024-10-04;16:00;4585;15;5121;155;3104;391;0;125;-4340;0;0;155;0;8911
76;Occitanie;2024-10-04;16:00;3850;9;2090;949;2278;713;-271;93;-2013;0;0;949;0;5861
52;Pays de la Loire;2024-10-04;16:00;2739;4;0;11;877;1;0;58;1788;0;0;12;0;951
24;Centre-Val de Loire;2024-10-04;16:00;1922;3;6512;139;712;5;0;58;-5507;0;0;139;0;7429
84;Auvergne-Rhône-Alpes;2024-10-04;16:00;7119;11;7501;303;802;2907;-1131;107;-3382;0;0;303;0;10500
28;Normandie;2024-10-04;16:00;2752;189;7525;17;238;13;0;88;-5317;0;0;9;8;8070
28;Normandie;2024-10-04;16:30;2706;189;7521;17;202;13;0;88;-5323;0;0;7;10;8030
52;Pays de la Loire;2024-10-04;16:30;2690;5;0;6;762;1;0;57;1857;0;0;8;0;831
75;Nouvelle-Aquitaine;2024-10-04;16:30;4254;14;5096;144;2729;415;0;124;-4266;0;0;144;0;8522
93;Provence-Alpes-Côte d'Azur;2024-10-04;16:30;3834;328;0;44;1086;993;0;108;1277;0;0;44;0;2559
76;Occitanie;2024-10-04;16:30;3604;9;2089;939;2039;737;-36;93;-2267;0;0;939;0;5870
84;Auvergne-Rhône-Alpes;2024-10-04;16:30;6962;11;7451;315;647;2875;-812;109;-3634;0;0;315;0;10596
44;Grand Est;2024-10-04;16:30;4904;46;6273;322;345;1049;-178;140;-3090;0;0;322;0;7997
32;Hauts-de-France;2024-10-04;16:30;5079;197;3546;102;280;2;0;96;858;0;0;102;0;4223
24;Centre-Val de Loire;2024-10-04;16:30;1864;3;6490;134;619;5;0;54;-5441;0;0;134;0;7305
53;Bretagne;2024-10-04;16:30;2259;38;0;11;327;209;-1;50;1625;0;0;12;0;634
27;Bourgogne-Franche-Comté;2024-10-04;16:30;2176;20;0;234;282;146;0;47;1448;0;0;234;0;729
11;Île-de-France;2024-10-04;16:30;7334;0;0;10;156;9;0;128;7034;0;0;10;0;303
93;Provence-Alpes-Côte d'Azur;2024-10-04;17:00;3839;313;0;46;909;1013;0;107;1451;0;0;46;0;2388
32;Hauts-de-France;2024-10-04;17:00;5038;187;3544;114;235;2;0;93;870;0;0;114;0;4175
53;Bretagne;2024-10-04;17:00;2199;38;0;6;257;173;-1;49;1678;0;0;10;0;522
84;Auvergne-Rhône-Alpes;2024-10-04;17:00;6752;10;7545;305;511;3131;-780;108;-4078;0;0;305;0;10830
44;Grand Est;2024-10-04;17:00;4560;45;6609;307;278;1049;-178;134;-3679;0;0;307;0;8244
52;Pays de la Loire;2024-10-04;17:00;2638;3;0;11;627;1;0;56;1941;0;0;14;0;698
75;Nouvelle-Aquitaine;2024-10-04;17:00;4293;14;5412;144;2226;517;0;121;-4132;0;0;144;0;8434
28;Normandie;2024-10-04;17:00;2680;189;7519;21;158;12;0;87;-5306;0;0;7;14;7986
24;Centre-Val de Loire;2024-10-04;17:00;1886;3;6493;124;521;5;0;51;-5311;0;0;124;0;7197
27;Bourgogne-Franche-Comté;2024-10-04;17:00;2189;18;0;224;243;147;0;47;1512;0;0;224;0;679
76;Occitanie;2024-10-04;17:00;3772;10;2088;914;1783;1483;-36;92;-2559;0;0;914;0;6334
11;Île-de-France;2024-10-04;17:00;7330;0;0;11;116;9;0;126;7074;0;0;11;0;262
76;Occitanie;2024-10-04;17:30;3604;9;2086;894;1400;1599;-36;90;-2437;0;0;894;0;6042
53;Bretagne;2024-10-04;17:30;2175;37;0;8;203;100;-1;48;1779;0;0;11;0;395
52;Pays de la Loire;2024-10-04;17:30;2591;1;0;12;453;1;0;56;2067;0;0;15;0;523
84;Auvergne-Rhône-Alpes;2024-10-04;17:30;6717;11;7778;303;411;3222;-908;107;-4208;0;0;303;0;10924
27;Bourgogne-Franche-Comté;2024-10-04;17:30;2232;19;0;203;192;138;0;47;1636;0;0;203;0;599
11;Île-de-France;2024-10-04;17:30;7404;0;0;10;91;9;0;129;7168;0;0;10;0;239
28;Normandie;2024-10-04;17:30;2678;189;7519;32;107;12;0;91;-5272;0;0;8;24;7950
24;Centre-Val de Loire;2024-10-04;17:30;1878;3;6457;117;414;5;0;51;-5169;0;0;117;0;7047
32;Hauts-de-France;2024-10-04;17:30;5020;190;3542;119;160;2;0;91;924;0;0;119;0;4104
44;Grand Est;2024-10-04;17:30;4702;42;7135;300;241;1070;-2;134;-4216;0;0;300;0;8920
75;Nouvelle-Aquitaine;2024-10-04;17:30;4178;14;5600;149;1726;630;0;122;-4055;0;0;149;0;8241
93;Provence-Alpes-Côte d'Azur;2024-10-04;17:30;3814;391;0;48;692;1256;0;108;1319;0;0;48;0;2495
28;Normandie;2024-10-04;18:00;2694;190;7518;36;67;12;0;94;-5223;0;0;8;28;7917
52;Pays de la Loire;2024-10-04;18:00;2588;14;0;10;312;1;0;58;2194;0;0;13;0;395
44;Grand Est;2024-10-04;18:00;4730;231;7221;270;139;1080;0;134;-4342;0;0;270;0;9075
11;Île-de-France;2024-10-04;18:00;7449;0;0;9;60;9;0;127;7247;0;0;9;0;205
27;Bourgogne-Franche-Comté;2024-10-04;18:00;2222;18;0;205;135;143;0;47;1676;0;0;205;0;548
76;Occitanie;2024-10-04;18:00;3668;8;2086;866;980;1633;-36;92;-1960;0;0;866;0;5629
93;Provence-Alpes-Côte d'Azur;2024-10-04;18:00;3874;398;0;50;457;1383;0;109;1478;0;0;50;0;2397
75;Nouvelle-Aquitaine;2024-10-04;18:00;4213;14;5645;148;1277;653;0;124;-3641;0;0;148;0;7861
32;Hauts-de-France;2024-10-04;18:00;5136;200;3540;110;108;2;0;89;1094;0;0;110;0;4049
53;Bretagne;2024-10-04;18:00;2226;41;0;26;147;34;-1;49;1930;0;0;11;15;296
24;Centre-Val de Loire;2024-10-04;18:00;1867;3;6475;90;285;5;0;51;-5041;0;0;90;0;6909
84;Auvergne-Rhône-Alpes;2024-10-04;18:00;6576;11;8088;304;305;3721;-42;107;-5919;0;0;304;0;12494
28;Normandie;2024-10-04;18:30;2746;217;7519;35;37;12;0;94;-5168;0;0;9;27;7914
84;Auvergne-Rhône-Alpes;2024-10-04;18:30;6879;12;8274;300;191;4156;-3;105;-6157;0;0;300;0;13035
76;Occitanie;2024-10-04;18:30;3541;5;2087;763;546;2032;-1;89;-1979;0;0;763;0;5521
11;Île-de-France;2024-10-04;18:30;7554;0;0;4;32;9;0;124;7388;0;0;4;0;169
32;Hauts-de-France;2024-10-04;18:30;5272;222;3538;122;60;2;0;89;1245;0;0;122;0;4033
53;Bretagne;2024-10-04;18:30;2237;112;0;33;97;6;-1;48;1942;0;0;11;21;295
75;Nouvelle-Aquitaine;2024-10-04;18:30;4220;15;5672;126;802;880;0;121;-3396;0;0;126;0;7616
52;Pays de la Loire;2024-10-04;18:30;2607;179;0;5;195;1;0;57;2169;0;0;9;0;437
24;Centre-Val de Loire;2024-10-04;18:30;1887;3;6535;75;141;13;0;54;-4933;0;0;75;0;6821
93;Provence-Alpes-Côte d'Azur;2024-10-04;18:30;3979;316;0;41;235;1421;0;110;1857;0;0;41;0;2123
44;Grand Est;2024-10-04;18:30;4829;839;7227;205;78;1201;0;133;-4851;0;0;205;0;9683
27;Bourgogne-Franche-Comté;2024-10-04;18:30;2336;19;0;194;79;240;0;47;1758;0;0;194;0;579
75;Nouvelle-Aquitaine;2024-10-04;19:00;4408;16;5689;121;414;1016;0;116;-2966;0;0;121;0;7372
44;Grand Est;2024-10-04;19:00;4952;1284;7279;201;23;1227;0;133;-5193;0;0;201;0;10147
52;Pays de la Loire;2024-10-04;19:00;2672;286;0;7;93;1;0;56;2229;0;0;10;0;443
93;Provence-Alpes-Côte d'Azur;2024-10-04;19:00;3999;389;0;36;65;1647;0;109;1753;0;0;36;0;2246
84;Auvergne-Rhône-Alpes;2024-10-04;19:00;6954;12;8351;299;67;5044;-3;104;-6921;0;0;299;0;13874
11;Île-de-France;2024-10-04;19:00;7753;0;0;3;11;9;0;129;7605;0;0;3;0;152
27;Bourgogne-Franche-Comté;2024-10-04;19:00;2353;20;0;173;28;266;0;46;1820;0;0;173;0;533
32;Hauts-de-France;2024-10-04;19:00;5323;224;3535;122;20;2;0;89;1336;0;0;122;0;3992
53;Bretagne;2024-10-04;19:00;2258;333;0;52;49;7;0;49;1768;0;0;15;37;490
28;Normandie;2024-10-04;19:00;2845;219;7520;36;16;13;0;96;-5056;0;0;9;26;7900
76;Occitanie;2024-10-04;19:00;3825;5;2086;700;198;2735;0;90;-1990;0;0;700;0;5814
24;Centre-Val de Loire;2024-10-04;19:00;1990;3;6545;56;45;38;0;56;-4751;0;0;56;0;6743
93;Provence-Alpes-Côte d'Azur;2024-10-04;19:30;4207;466;0;39;3;1682;0;112;1905;0;0;39;0;2302
24;Centre-Val de Loire;2024-10-04;19:30;2007;3;6546;53;6;49;0;55;-4705;0;0;53;0;6712
52;Pays de la Loire;2024-10-04;19:30;2746;410;0;15;28;1;0;56;2235;0;0;19;0;510
75;Nouvelle-Aquitaine;2024-10-04;19:30;4465;16;5705;115;115;1139;0;119;-2746;0;0;115;0;7209
32;Hauts-de-France;2024-10-04;19:30;5505;225;3531;131;1;2;0;88;1528;0;0;131;0;3978
84;Auvergne-Rhône-Alpes;2024-10-04;19:30;7201;12;8364;295;5;5364;-3;107;-6943;0;0;295;0;14144
76;Occitanie;2024-10-04;19:30;3861;5;2086;656;33;2794;0;95;-1808;0;0;656;0;5669
44;Grand Est;2024-10-04;19:30;5078;1302;7279;213;0;1231;0;133;-5075;0;0;213;0;10158
53;Bretagne;2024-10-04;19:30;2341;482;0;49;13;7;-1;49;1742;0;0;18;31;599
27;Bourgogne-Franche-Comté;2024-10-04;19:30;2411;20;0;176;2;265;0;45;1903;0;0;176;0;508
11;Île-de-France;2024-10-04;19:30;8012;0;0;3;1;9;0;135;7866;0;0;3;0;148
28;Normandie;2024-10-04;19:30;2905;219;7521;39;4;18;0;94;-4990;0;0;13;27;7895
52;Pays de la Loire;2024-10-04;20:00;2795;433;0;28;1;1;0;57;2276;0;0;31;0;520
44;Grand Est;2024-10-04;20:00;4893;1310;7273;243;0;1228;0;134;-5285;0;0;243;0;10188
53;Bretagne;2024-10-04;20:00;2397;487;0;66;0;6;-1;49;1789;0;0;25;41;607
76;Occitanie;2024-10-04;20:00;4294;5;2086;633;2;2671;0;101;-1204;0;0;633;0;5498
24;Centre-Val de Loire;2024-10-04;20:00;2070;3;6539;32;0;48;0;56;-4608;0;0;32;0;6678
84;Auvergne-Rhône-Alpes;2024-10-04;20:00;7291;12;8380;300;0;5800;-3;108;-7306;0;0;300;0;14597
27;Bourgogne-Franche-Comté;2024-10-04;20:00;2421;20;0;198;0;263;0;45;1892;0;0;198;0;526
28;Normandie;2024-10-04;20:00;2978;219;7519;40;0;18;0;94;-4912;0;0;17;24;7890
75;Nouvelle-Aquitaine;2024-10-04;20:00;4685;16;5721;91;2;1197;0;121;-2460;0;0;91;0;7148
93;Provence-Alpes-Côte d'Azur;2024-10-04;20:00;4309;468;0;39;0;1713;0;111;1979;0;0;39;0;2331
32;Hauts-de-France;2024-10-04;20:00;5463;225;3529;149;0;2;0;89;1469;0;0;149;0;3994
11;Île-de-France;2024-10-04;20:00;8261;0;0;2;0;9;0;135;8116;0;0;2;0;146
75;Nouvelle-Aquitaine;2024-10-04;20:30;4611;16;5728;118;0;1203;0;121;-2564;0;0;118;0;7186
52;Pays de la Loire;2024-10-04;20:30;2803;341;0;45;0;1;0;57;2360;0;0;48;0;444
32;Hauts-de-France;2024-10-04;20:30;5563;225;3528;205;0;2;0;90;1512;0;0;205;0;4050
24;Centre-Val de Loire;2024-10-04;20:30;1999;3;6553;34;0;48;0;56;-4696;0;0;34;0;6694
76;Occitanie;2024-10-04;20:30;4098;1;2088;624;0;2698;0;103;-1416;0;0;624;0;5514
53;Bretagne;2024-10-04;20:30;2407;462;0;69;0;0;-1;49;1827;0;0;35;34;579
44;Grand Est;2024-10-04;20:30;4884;1295;7177;302;0;1219;0;135;-5242;0;0;302;0;10128
11;Île-de-France;2024-10-04;20:30;8048;0;0;0;0;9;0;139;7901;0;0;0;0;148
93;Provence-Alpes-Côte d'Azur;2024-10-04;20:30;4161;469;0;38;0;1710;0;113;1831;0;0;38;0;2330
27;Bourgogne-Franche-Comté;2024-10-04;20:30;2321;20;0;213;0;260;0;46;1782;0;0;213;0;539
84;Auvergne-Rhône-Alpes;2024-10-04;20:30;7287;12;8387;308;0;5746;-3;114;-7277;0;0;308;0;14564
28;Normandie;2024-10-04;20:30;2931;216;7520;68;0;18;0;94;-4985;0;0;23;44;7916
32;Hauts-de-France;2024-10-04;21:00;5354;226;3527;268;0;2;0;89;1241;0;0;268;0;4112
24;Centre-Val de Loire;2024-10-04;21:00;1962;3;6580;55;0;48;0;57;-4781;0;0;55;0;6743
44;Grand Est;2024-10-04;21:00;4824;1234;6493;361;0;1214;0;136;-4614;0;0;361;0;9438
53;Bretagne;2024-10-04;21:00;2301;436;0;75;0;0;-1;48;1742;0;0;44;31;558
76;Occitanie;2024-10-04;21:00;3818;1;2090;618;0;2602;0;104;-1598;0;0;618;0;5415
52;Pays de la Loire;2024-10-04;21:00;2637;307;0;71;0;1;0;56;2202;0;0;74;0;435
28;Normandie;2024-10-04;21:00;2912;214;7522;87;0;19;0;96;-5025;0;0;30;57;7938
27;Bourgogne-Franche-Comté;2024-10-04;21:00;2297;21;0;219;0;250;0;46;1763;0;0;219;0;536
93;Provence-Alpes-Côte d'Azur;2024-10-04;21:00;3985;470;0;36;0;1655;0;113;1712;0;0;36;0;2274
84;Auvergne-Rhône-Alpes;2024-10-04;21:00;7126;12;8307;315;0;5139;-3;117;-6762;0;0;315;0;13887
75;Nouvelle-Aquitaine;2024-10-04;21:00;4377;15;5729;139;0;1172;0;116;-2786;0;0;139;0;7171
11;Île-de-France;2024-10-04;21:00;7802;0;0;1;0;9;0;142;7651;0;0;1;0;152
93;Provence-Alpes-Côte d'Azur;2024-10-04;21:30;3834;469;0;32;0;1668;0;113;1552;0;0;32;0;2282
32;Hauts-de-France;2024-10-04;21:30;5139;227;3527;305;0;2;0;87;993;0;0;305;0;4148
44;Grand Est;2024-10-04;21:30;4693;1241;6494;437;0;1225;0;135;-4846;0;0;437;0;9532
75;Nouvelle-Aquitaine;2024-10-04;21:30;4300;14;5730;190;0;1025;0;116;-2777;0;0;190;0;7075
52;Pays de la Loire;2024-10-04;21:30;2557;314;0;88;0;1;0;57;2097;0;0;91;0;460
24;Centre-Val de Loire;2024-10-04;21:30;1958;3;6584;71;0;49;0;57;-4804;0;0;71;0;6764
27;Bourgogne-Franche-Comté;2024-10-04;21:30;2270;20;0;238;0;313;0;45;1654;0;0;238;0;616
84;Auvergne-Rhône-Alpes;2024-10-04;21:30;6974;12;8304;309;0;5291;-3;115;-7054;0;0;309;0;14028
11;Île-de-France;2024-10-04;21:30;7525;0;0;2;0;9;0;137;7379;0;0;2;0;148
53;Bretagne;2024-10-04;21:30;2239;432;0;77;0;0;-15;48;1696;0;0;47;31;542
28;Normandie;2024-10-04;21:30;2945;215;7520;84;0;13;0;96;-4982;0;0;32;51;7928
76;Occitanie;2024-10-04;21:30;3784;1;2091;577;0;2481;0;105;-1471;0;0;577;0;5255
93;Provence-Alpes-Côte d'Azur;2024-10-04;22:00;3781;470;0;20;0;1515;0;112;1664;0;0;20;0;2117
75;Nouvelle-Aquitaine;2024-10-04;22:00;4160;14;5729;216;0;1013;0;116;-2926;0;0;216;0;7088
32;Hauts-de-France;2024-10-04;22:00;5155;227;3423;353;0;2;0;88;1063;0;0;353;0;4093
24;Centre-Val de Loire;2024-10-04;22:00;1863;3;6577;80;0;48;0;56;-4900;0;0;80;0;6764
84;Auvergne-Rhône-Alpes;2024-10-04;22:00;6818;12;8282;308;0;4873;-3;116;-6769;0;0;308;0;13588
27;Bourgogne-Franche-Comté;2024-10-04;22:00;2167;21;0;249;0;312;0;45;1540;0;0;249;0;627
52;Pays de la Loire;2024-10-04;22:00;2499;310;0;106;0;1;0;58;2025;0;0;109;0;475
28;Normandie;2024-10-04;22:00;2874;218;7525;97;0;13;0;92;-5072;0;0;38;59;7945
76;Occitanie;2024-10-04;22:00;3568;1;2092;526;0;2372;0;104;-1527;0;0;526;0;5095
44;Grand Est;2024-10-04;22:00;4653;1236;6455;475;0;1215;0;134;-4869;0;0;475;0;9515
53;Bretagne;2024-10-04;22:00;2264;429;0;99;0;0;-56;49;1743;0;0;56;43;521
11;Île-de-France;2024-10-04;22:00;7322;0;0;2;0;9;0;136;7177;0;0;2;0;147
84;Auvergne-Rhône-Alpes;2024-10-04;22:30;6604;12;8279;308;0;4603;-3;117;-6712;0;0;308;0;13316
11;Île-de-France;2024-10-04;22:30;7200;0;0;6;0;9;0;135;7051;0;0;6;0;150
53;Bretagne;2024-10-04;22:30;2266;430;0;157;0;0;-56;49;1687;0;0;80;76;580
76;Occitanie;2024-10-04;22:30;3774;1;1872;469;0;2241;0;106;-914;0;0;469;0;4689
93;Provence-Alpes-Côte d'Azur;2024-10-04;22:30;3815;471;0;31;0;1505;0;113;1696;0;0;31;0;2120
32;Hauts-de-France;2024-10-04;22:30;5210;227;3168;424;0;2;0;89;1300;0;0;424;0;3910
52;Pays de la Loire;2024-10-04;22:30;2598;300;0;115;0;1;0;57;2124;0;0;117;0;473
75;Nouvelle-Aquitaine;2024-10-04;22:30;4335;13;5729;251;0;917;0;115;-2692;0;0;251;0;7025
28;Normandie;2024-10-04;22:30;3004;212;7530;88;0;12;0;93;-4932;0;0;45;42;7935
44;Grand Est;2024-10-04;22:30;4531;1241;6405;546;0;1218;0;134;-5016;0;0;546;0;9544
24;Centre-Val de Loire;2024-10-04;22:30;1842;3;6597;116;0;24;0;57;-4953;0;0;116;0;6797
27;Bourgogne-Franche-Comté;2024-10-04;22:30;2191;21;0;272;0;313;0;44;1541;0;0;272;0;650
84;Auvergne-Rhône-Alpes;2024-10-04;23:00;6807;12;8332;306;0;4680;-3;117;-6636;0;0;306;0;13444
75;Nouvelle-Aquitaine;2024-10-04;23:00;4526;13;5728;245;0;980;0;115;-2552;0;0;245;0;7081
53;Bretagne;2024-10-04;23:00;2391;427;0;216;0;0;-44;49;1742;0;0;110;107;648
76;Occitanie;2024-10-04;23:00;4013;1;1052;417;0;2522;0;106;-85;0;0;417;0;4098
52;Pays de la Loire;2024-10-04;23:00;2886;18;0;133;0;1;0;57;2677;0;0;122;11;209
28;Normandie;2024-10-04;23:00;3042;210;7531;86;0;12;0;92;-4890;0;0;56;30;7931
24;Centre-Val de Loire;2024-10-04;23:00;1823;3;6644;170;0;23;0;57;-5073;0;0;170;0;6897
27;Bourgogne-Franche-Comté;2024-10-04;23:00;2145;21;0;271;0;312;0;44;1497;0;0;271;0;648
93;Provence-Alpes-Côte d'Azur;2024-10-04;23:00;3841;471;0;25;0;1655;0;113;1578;0;0;25;0;2264
32;Hauts-de-France;2024-10-04;23:00;5205;228;2890;457;0;2;0;87;1542;0;0;457;0;3664
44;Grand Est;2024-10-04;23:00;4525;1237;6487;582;0;1221;0;133;-5134;0;0;582;0;9660
11;Île-de-France;2024-10-04;23:00;7414;0;0;9;0;9;0;138;7260;0;0;9;0;156
84;Auvergne-Rhône-Alpes;2024-10-04;23:30;6866;11;8297;302;0;4507;-3;116;-6364;0;0;302;0;13230
32;Hauts-de-France;2024-10-04;23:30;5183;228;2772;458;0;2;0;88;1635;0;0;458;0;3548
75;Nouvelle-Aquitaine;2024-10-04;23:30;4328;13;5728;247;0;977;0;113;-2748;0;0;247;0;7078
93;Provence-Alpes-Côte d'Azur;2024-10-04;23:30;4163;390;0;22;0;1584;0;114;2053;0;0;22;0;2110
28;Normandie;2024-10-04;23:30;2934;210;7532;97;0;13;0;91;-5008;0;0;70;27;7943
52;Pays de la Loire;2024-10-04;23:30;2735;0;0;194;0;1;0;57;2493;0;0;136;58;252
44;Grand Est;2024-10-04;23:30;4656;1236;6417;549;0;1220;0;133;-4894;0;0;549;0;9555
11;Île-de-France;2024-10-04;23:30;7228;0;0;8;0;9;0;137;7076;0;0;8;0;154
24;Centre-Val de Loire;2024-10-04;23:30;1815;3;6688;129;0;23;0;58;-5085;0;0;129;0;6901
27;Bourgogne-Franche-Comté;2024-10-04;23:30;2017;21;0;282;0;312;0;45;1357;0;0;282;0;660
76;Occitanie;2024-10-04;23:30;3748;1;844;339;0;2396;0;108;60;0;0;339;0;3688
53;Bretagne;2024-10-04;23:30;2289;424;0;242;0;0;0;49;1575;0;0;145;97;715
44;Grand Est;2024-11-04;00:00;4365;1256;7917;638;0;732;0;164;-6341;0;0;638;0;10707
27;Bourgogne-Franche-Comté;2024-11-04;00:00;1918;72;0;154;0;153;0;53;1483;0;0;154;0;432
24;Centre-Val de Loire;2024-11-04;00:00;2069;29;7869;48;0;4;0;63;-5943;0;0;48;0;8013
32;Hauts-de-France;2024-11-04;00:00;5120;315;3634;640;0;2;0;128;402;0;0;640;0;4719
52;Pays de la Loire;2024-11-04;00:00;2860;86;0;234;0;3;0;60;2477;0;0;144;90;383
76;Occitanie;2024-11-04;00:00;3564;30;2544;401;0;1681;0;102;-1193;0;0;401;0;4758
11;Île-de-France;2024-11-04;00:00;7486;140;0;1;0;9;0;138;7198;0;0;1;0;288
84;Auvergne-Rhône-Alpes;2024-11-04;00:00;6262;497;10659;35;0;2313;-4;112;-7349;0;0;35;0;13612
75;Nouvelle-Aquitaine;2024-11-04;00:00;4180;104;5726;167;0;456;0;168;-2436;0;0;167;0;6621
93;Provence-Alpes-Côte d'Azur;2024-11-04;00:00;3815;95;0;0;0;1274;0;129;2318;0;0;0;0;1498
53;Bretagne;2024-11-04;00:00;2573;111;0;121;0;157;-1;53;2132;0;0;64;57;441
28;Normandie;2024-11-04;00:00;3061;223;6301;102;0;15;0;88;-3667;0;0;60;42;6729
28;Normandie;2024-11-04;00:30;3009;216;6300;83;0;15;0;87;-3692;0;0;65;18;6701
93;Provence-Alpes-Côte d'Azur;2024-11-04;00:30;3625;110;0;0;0;1333;0;129;2055;0;0;0;0;1572
24;Centre-Val de Loire;2024-11-04;00:30;1986;29;7871;38;0;4;0;62;-6019;0;0;38;0;8004
44;Grand Est;2024-11-04;00:30;4420;988;7922;660;0;726;0;164;-6042;0;0;660;0;10460
53;Bretagne;2024-11-04;00:30;2514;108;0;107;0;191;-1;52;2056;0;0;63;44;457
52;Pays de la Loire;2024-11-04;00:30;2838;83;0;231;0;3;0;59;2461;0;0;135;96;376
11;Île-de-France;2024-11-04;00:30;7336;140;0;1;0;11;0;138;7043;0;0;1;0;290
32;Hauts-de-France;2024-11-04;00:30;5131;292;3637;653;0;2;0;131;412;0;0;653;0;4715
76;Occitanie;2024-11-04;00:30;3328;30;2545;421;0;1473;-3;103;-1242;0;0;421;0;4569
75;Nouvelle-Aquitaine;2024-11-04;00:30;4160;104;5687;147;0;410;0;170;-2360;0;0;147;0;6518
27;Bourgogne-Franche-Comté;2024-11-04;00:30;1879;72;0;135;0;149;0;54;1470;0;0;135;0;410
84;Auvergne-Rhône-Alpes;2024-11-04;00:30;6196;354;10600;43;0;2195;-261;111;-6845;0;0;43;0;13042
24;Centre-Val de Loire;2024-11-04;01:00;1873;28;7876;24;0;4;0;63;-6122;0;0;24;0;7995
44;Grand Est;2024-11-04;01:00;4112;616;7876;709;0;635;-1;161;-5886;0;0;709;0;9996
53;Bretagne;2024-11-04;01:00;2297;107;0;95;0;211;-1;53;1833;0;0;62;33;465
32;Hauts-de-France;2024-11-04;01:00;4888;290;3637;712;0;2;0;128;114;0;0;712;0;4769
52;Pays de la Loire;2024-11-04;01:00;2638;82;0;223;0;3;0;58;2271;0;0;136;88;366
75;Nouvelle-Aquitaine;2024-11-04;01:00;3940;104;5665;140;0;361;0;168;-2494;0;0;140;0;6438
93;Provence-Alpes-Côte d'Azur;2024-11-04;01:00;3431;122;0;0;0;1267;0;130;1913;0;0;0;0;1519
84;Auvergne-Rhône-Alpes;2024-11-04;01:00;5973;116;10574;46;0;1940;-835;110;-5979;0;0;46;0;11951
27;Bourgogne-Franche-Comté;2024-11-04;01:00;1780;72;0;126;0;138;0;53;1393;0;0;126;0;389
76;Occitanie;2024-11-04;01:00;3233;30;2522;439;0;1246;-320;103;-787;0;0;439;0;4020
28;Normandie;2024-11-04;01:00;2873;215;6291;85;0;15;0;88;-3820;0;0;70;15;6694
11;Île-de-France;2024-11-04;01:00;6972;141;0;0;0;11;0;138;6680;0;0;0;0;290
76;Occitanie;2024-11-04;01:30;2995;30;2499;472;0;1148;-406;104;-853;0;0;472;0;3847
24;Centre-Val de Loire;2024-11-04;01:30;1871;26;7880;17;0;4;0;63;-6119;0;0;17;0;7990
75;Nouvelle-Aquitaine;2024-11-04;01:30;4010;104;5676;132;0;361;0;170;-2428;0;0;132;0;6443
28;Normandie;2024-11-04;01:30;2862;205;6282;96;0;15;0;86;-3823;0;0;70;26;6684
84;Auvergne-Rhône-Alpes;2024-11-04;01:30;5918;114;10584;46;0;1842;-1103;110;-5676;0;0;46;0;11593
11;Île-de-France;2024-11-04;01:30;6672;141;0;0;0;11;0;135;6386;0;0;0;0;287
32;Hauts-de-France;2024-11-04;01:30;4963;291;3637;735;0;2;0;129;170;0;0;735;0;4794
44;Grand Est;2024-11-04;01:30;4148;564;7910;781;0;626;-6;160;-5884;0;0;781;0;10035
52;Pays de la Loire;2024-11-04;01:30;2619;86;0;205;0;3;0;59;2265;0;0;126;79;353
93;Provence-Alpes-Côte d'Azur;2024-11-04;01:30;3420;120;0;0;0;1267;0;129;1904;0;0;0;0;1516
27;Bourgogne-Franche-Comté;2024-11-04;01:30;1797;72;0;117;0;50;0;52;1506;0;0;117;0;291
53;Bretagne;2024-11-04;01:30;2197;139;0;79;0;215;-1;52;1713;0;0;52;27;484
76;Occitanie;2024-11-04;02:00;3055;30;2506;500;0;1089;-405;105;-768;0;0;500;0;3825
84;Auvergne-Rhône-Alpes;2024-11-04;02:00;5863;115;10576;46;0;1767;-1140;111;-5612;0;0;46;0;11475
24;Centre-Val de Loire;2024-11-04;02:00;1814;26;7882;24;0;4;0;62;-6184;0;0;24;0;7998
27;Bourgogne-Franche-Comté;2024-11-04;02:00;1846;72;0;101;0;34;0;52;1588;0;0;101;0;259
11;Île-de-France;2024-11-04;02:00;6388;140;0;0;0;11;0;137;6102;0;0;0;0;288
28;Normandie;2024-11-04;02:00;2856;203;6285;115;0;15;0;84;-3845;0;0;80;35;6702
52;Pays de la Loire;2024-11-04;02:00;2629;88;0;198;0;4;0;61;2278;0;0;110;88;351
32;Hauts-de-France;2024-11-04;02:00;4756;292;3637;750;0;2;0;129;-50;0;0;750;0;4810
44;Grand Est;2024-11-04;02:00;4142;566;7880;790;0;630;-70;161;-5813;0;0;790;0;9957
75;Nouvelle-Aquitaine;2024-11-04;02:00;3897;103;5673;135;0;359;0;168;-2537;0;0;135;0;6438
93;Provence-Alpes-Côte d'Azur;2024-11-04;02:00;3342;140;0;0;0;1269;0;130;1804;0;0;0;0;1539
53;Bretagne;2024-11-04;02:00;2273;197;0;77;0;217;-1;52;1731;0;0;43;34;542
75;Nouvelle-Aquitaine;2024-11-04;02:30;3801;104;5682;130;0;357;0;169;-2645;0;0;130;0;6442
11;Île-de-France;2024-11-04;02:30;6305;140;0;0;0;11;0;137;6017;0;0;0;0;288
24;Centre-Val de Loire;2024-11-04;02:30;1780;26;7886;27;0;4;0;63;-6225;0;0;27;0;8006
44;Grand Est;2024-11-04;02:30;4178;568;7919;769;0;631;-177;161;-5692;0;0;769;0;9871
84;Auvergne-Rhône-Alpes;2024-11-04;02:30;5975;115;10592;49;0;1872;-1262;111;-5500;0;0;49;0;11477
76;Occitanie;2024-11-04;02:30;3021;30;2505;491;0;998;-598;100;-506;0;0;491;0;3526
93;Provence-Alpes-Côte d'Azur;2024-11-04;02:30;3422;228;0;0;0;1248;0;130;1816;0;0;0;0;1606
52;Pays de la Loire;2024-11-04;02:30;2524;88;0;190;0;4;0;61;2180;0;0;102;88;343
53;Bretagne;2024-11-04;02:30;2196;195;0;64;0;219;-1;52;1667;0;0;35;28;529
27;Bourgogne-Franche-Comté;2024-11-04;02:30;1871;72;0;93;0;29;0;52;1625;0;0;93;0;246
32;Hauts-de-France;2024-11-04;02:30;4744;290;3637;802;0;2;0;129;-115;0;0;802;0;4860
28;Normandie;2024-11-04;02:30;2781;208;6289;109;0;15;0;61;-3902;0;0;61;48;6682
28;Normandie;2024-11-04;03:00;2728;211;6288;117;0;15;0;62;-3965;0;0;52;65;6693
11;Île-de-France;2024-11-04;03:00;6140;140;0;1;0;11;0;141;5851;0;0;1;0;293
44;Grand Est;2024-11-04;03:00;4110;561;7774;775;0;627;-177;161;-5610;0;0;775;0;9721
53;Bretagne;2024-11-04;03:00;2086;197;0;61;0;215;-1;53;1562;0;0;39;22;525
75;Nouvelle-Aquitaine;2024-11-04;03:00;3652;104;5660;117;0;329;0;172;-2728;0;0;117;0;6382
52;Pays de la Loire;2024-11-04;03:00;2422;88;0;166;0;4;0;60;2104;0;0;93;74;318
76;Occitanie;2024-11-04;03:00;2910;30;2493;493;0;871;-805;101;-272;0;0;493;0;3183
32;Hauts-de-France;2024-11-04;03:00;4652;289;3637;828;0;2;0;128;-227;0;0;828;0;4884
24;Centre-Val de Loire;2024-11-04;03:00;1711;26;7886;26;0;4;0;63;-6294;0;0;26;0;8005
84;Auvergne-Rhône-Alpes;2024-11-04;03:00;5841;115;10565;52;0;1691;-1588;113;-5107;0;0;52;0;10948
93;Provence-Alpes-Côte d'Azur;2024-11-04;03:00;3246;343;0;0;0;1199;0;131;1574;0;0;0;0;1673
27;Bourgogne-Franche-Comté;2024-11-04;03:00;1817;72;0;84;0;26;-1;52;1584;0;0;84;0;233
52;Pays de la Loire;2024-11-04;03:30;2360;91;0;159;0;4;0;60;2046;0;0;94;65;314
11;Île-de-France;2024-11-04;03:30;6103;139;0;1;0;11;0;135;5817;0;0;1;0;286
76;Occitanie;2024-11-04;03:30;2887;30;2503;520;0;836;-802;101;-301;0;0;520;0;3188
93;Provence-Alpes-Côte d'Azur;2024-11-04;03:30;3208;383;0;0;0;1205;0;130;1491;0;0;0;0;1718
28;Normandie;2024-11-04;03:30;2666;212;6290;144;0;14;0;63;-4057;0;0;54;90;6723
24;Centre-Val de Loire;2024-11-04;03:30;1682;26;7887;22;0;4;0;63;-6320;0;0;22;0;8002
53;Bretagne;2024-11-04;03:30;2055;200;0;39;0;205;-1;53;1559;0;0;32;7;496
84;Auvergne-Rhône-Alpes;2024-11-04;03:30;5668;115;10587;60;0;1717;-1554;111;-5366;0;0;60;0;11036
75;Nouvelle-Aquitaine;2024-11-04;03:30;3524;104;5680;103;0;368;0;172;-2905;0;0;103;0;6427
44;Grand Est;2024-11-04;03:30;3957;603;7849;796;0;623;-176;162;-5899;0;0;796;0;9857
27;Bourgogne-Franche-Comté;2024-11-04;03:30;1812;72;0;81;0;27;-67;52;1647;0;0;81;0;165
32;Hauts-de-France;2024-11-04;03:30;4542;293;3638;846;0;2;0;128;-364;0;0;846;0;4907
28;Normandie;2024-11-04;04:00;2621;213;6294;158;0;14;0;83;-4140;0;0;60;98;6762
11;Île-de-France;2024-11-04;04:00;6038;138;0;1;0;11;0;138;5755;0;0;1;0;288
32;Hauts-de-France;2024-11-04;04:00;4508;294;3637;863;0;2;0;130;-411;0;0;863;0;4926
53;Bretagne;2024-11-04;04:00;2006;196;0;27;0;168;-1;53;1564;0;0;28;0;443
52;Pays de la Loire;2024-11-04;04:00;2343;88;0;156;0;4;0;60;2036;0;0;97;59;308
93;Provence-Alpes-Côte d'Azur;2024-11-04;04:00;3118;328;0;0;0;1210;0;130;1451;0;0;0;0;1668
24;Centre-Val de Loire;2024-11-04;04:00;1635;26;7887;21;0;4;0;62;-6365;0;0;21;0;8000
44;Grand Est;2024-11-04;04:00;3955;686;7686;792;0;626;-176;163;-5820;0;0;792;0;9777
84;Auvergne-Rhône-Alpes;2024-11-04;04:00;5670;115;10538;62;0;1658;-1731;112;-5083;0;0;62;0;10754
76;Occitanie;2024-11-04;04:00;2737;30;2497;553;0;827;-802;102;-467;0;0;553;0;3207
75;Nouvelle-Aquitaine;2024-11-04;04:00;3396;104;5647;88;0;375;0;170;-2985;0;0;88;0;6384
27;Bourgogne-Franche-Comté;2024-11-04;04:00;1744;72;0;84;0;27;-67;52;1578;0;0;84;0;168
53;Bretagne;2024-11-04;04:30;2016;197;0;23;0;106;-1;52;1639;0;0;27;0;377
75;Nouvelle-Aquitaine;2024-11-04;04:30;3358;104;5670;79;0;373;0;165;-3031;0;0;79;0;6391
24;Centre-Val de Loire;2024-11-04;04:30;1650;26;7886;25;0;4;0;62;-6353;0;0;25;0;8003
11;Île-de-France;2024-11-04;04:30;6039;138;0;1;0;11;0;133;5755;0;0;1;0;283
93;Provence-Alpes-Côte d'Azur;2024-11-04;04:30;3058;334;0;0;0;1214;0;128;1384;0;0;0;0;1676
27;Bourgogne-Franche-Comté;2024-11-04;04:30;1779;72;0;79;0;26;-67;51;1619;0;0;79;0;161
52;Pays de la Loire;2024-11-04;04:30;2342;84;0;176;0;4;0;60;2018;0;0;103;73;324
32;Hauts-de-France;2024-11-04;04:30;4547;294;3636;863;0;2;0;130;-378;0;0;863;0;4925
28;Normandie;2024-11-04;04:30;2631;212;6287;144;0;13;0;88;-4113;0;0;68;77;6744
76;Occitanie;2024-11-04;04:30;2704;30;2501;572;0;814;-800;100;-511;0;0;572;0;3217
44;Grand Est;2024-11-04;04:30;3907;747;7805;831;0;625;-176;163;-6087;0;0;831;0;9995
84;Auvergne-Rhône-Alpes;2024-11-04;04:30;5691;115;10526;72;0;1654;-1735;111;-5051;0;0;72;0;10743
84;Auvergne-Rhône-Alpes;2024-11-04;05:00;5734;115;10496;77;0;1767;-1681;111;-5150;0;0;77;0;10885
93;Provence-Alpes-Côte d'Azur;2024-11-04;05:00;3061;349;0;0;0;1228;0;129;1355;0;0;0;0;1706
52;Pays de la Loire;2024-11-04;05:00;2378;84;0;190;0;4;0;59;2041;0;0;106;84;337
11;Île-de-France;2024-11-04;05:00;6145;139;0;1;0;11;0;131;5865;0;0;1;0;282
75;Nouvelle-Aquitaine;2024-11-04;05:00;3413;104;5665;81;0;374;0;166;-2973;0;0;81;0;6390
53;Bretagne;2024-11-04;05:00;2045;197;0;27;0;44;-1;52;1725;0;0;28;0;319
27;Bourgogne-Franche-Comté;2024-11-04;05:00;1802;72;0;78;0;26;-66;49;1644;0;0;78;0;159
76;Occitanie;2024-11-04;05:00;2701;30;2501;596;0;823;-799;101;-550;0;0;596;0;3252
44;Grand Est;2024-11-04;05:00;3880;800;7909;875;0;625;-176;163;-6315;0;0;875;0;10196
24;Centre-Val de Loire;2024-11-04;05:00;1665;26;7887;34;0;4;0;60;-6346;0;0;34;0;8011
32;Hauts-de-France;2024-11-04;05:00;4532;295;3634;824;0;2;0;130;-350;0;0;824;0;4885
28;Normandie;2024-11-04;05:00;2640;211;6281;123;0;13;0;87;-4075;0;0;72;50;6715
76;Occitanie;2024-11-04;05:30;2775;30;2498;591;0;856;-669;98;-629;0;0;591;0;3404
75;Nouvelle-Aquitaine;2024-11-04;05:30;3506;104;5669;74;0;374;0;164;-2877;0;0;74;0;6385
11;Île-de-France;2024-11-04;05:30;6402;139;0;1;0;11;0;131;6118;0;0;1;0;282
27;Bourgogne-Franche-Comté;2024-11-04;05:30;1916;72;0;81;0;31;0;49;1684;0;0;81;0;233
53;Bretagne;2024-11-04;05:30;2142;197;0;35;0;4;-1;52;1855;0;0;29;6;287
84;Auvergne-Rhône-Alpes;2024-11-04;05:30;5992;115;10508;82;0;1868;-575;109;-6114;0;0;82;0;12107
28;Normandie;2024-11-04;05:30;2757;213;6280;101;0;13;0;86;-3935;0;0;66;35;6693
24;Centre-Val de Loire;2024-11-04;05:30;1743;26;7901;41;0;4;0;61;-6290;0;0;41;0;8033
32;Hauts-de-France;2024-11-04;05:30;4745;319;3633;777;0;2;0;129;-117;0;0;777;0;4860
44;Grand Est;2024-11-04;05:30;4113;770;7947;822;0;630;-175;162;-6044;0;0;822;0;10156
52;Pays de la Loire;2024-11-04;05:30;2544;88;0;191;0;4;0;59;2203;0;0;93;97;342
93;Provence-Alpes-Côte d'Azur;2024-11-04;05:30;3113;373;0;0;0;1269;0;128;1344;0;0;0;0;1770
84;Auvergne-Rhône-Alpes;2024-11-04;06:00;6204;117;10582;84;0;2049;-193;108;-6544;0;0;84;0;12747
93;Provence-Alpes-Côte d'Azur;2024-11-04;06:00;3175;571;0;0;0;1309;0;125;1169;0;0;0;0;2005
53;Bretagne;2024-11-04;06:00;2246;199;0;40;0;3;0;54;1950;0;0;31;9;296
11;Île-de-France;2024-11-04;06:00;6697;139;0;1;0;10;0;131;6413;0;0;1;0;281
75;Nouvelle-Aquitaine;2024-11-04;06:00;3621;105;5706;65;0;394;0;157;-2808;0;0;65;0;6427
24;Centre-Val de Loire;2024-11-04;06:00;1819;27;7950;35;0;4;0;60;-6257;0;0;35;0;8076
52;Pays de la Loire;2024-11-04;06:00;2687;89;0;189;0;4;0;59;2347;0;0;79;110;341
32;Hauts-de-France;2024-11-04;06:00;4885;320;3631;750;0;2;0;127;52;0;0;750;0;4830
28;Normandie;2024-11-04;06:00;2826;214;6281;81;0;15;0;85;-3849;0;0;56;25;6676
76;Occitanie;2024-11-04;06:00;2837;30;2513;562;0;887;-465;86;-777;0;0;562;0;3613
44;Grand Est;2024-11-04;06:00;4362;817;8049;794;0;726;-175;159;-6009;0;0;794;0;10370
27;Bourgogne-Franche-Comté;2024-11-04;06:00;2015;72;0;88;0;34;0;48;1773;0;0;88;0;242
32;Hauts-de-France;2024-11-04;06:30;5317;323;3630;769;0;2;0;130;461;0;0;769;0;4854
44;Grand Est;2024-11-04;06:30;4667;1177;8049;826;0;744;-175;159;-6115;0;0;826;0;10780
28;Normandie;2024-11-04;06:30;3006;212;6282;88;0;19;0;85;-3679;0;0;65;23;6686
52;Pays de la Loire;2024-11-04;06:30;2936;89;0;201;0;4;0;59;2583;0;0;76;125;353
75;Nouvelle-Aquitaine;2024-11-04;06:30;3923;106;5705;70;0;543;0;159;-2670;0;0;70;0;6583
93;Provence-Alpes-Côte d'Azur;2024-11-04;06:30;3422;802;0;0;0;1460;0;126;1035;0;0;0;0;2388
53;Bretagne;2024-11-04;06:30;2418;230;0;44;0;5;-1;54;2086;0;0;33;11;332
24;Centre-Val de Loire;2024-11-04;06:30;2013;29;7953;38;0;4;0;60;-6070;0;0;38;0;8084
27;Bourgogne-Franche-Comté;2024-11-04;06:30;2154;72;0;92;0;43;0;48;1897;0;0;92;0;255
76;Occitanie;2024-11-04;06:30;3110;30;2550;567;0;1278;0;86;-1400;0;0;567;0;4511
84;Auvergne-Rhône-Alpes;2024-11-04;06:30;6555;120;10584;83;0;2472;-165;107;-6647;0;0;83;0;13201
11;Île-de-France;2024-11-04;06:30;7258;140;0;1;0;10;0;127;6979;0;0;1;0;278
75;Nouvelle-Aquitaine;2024-11-04;07:00;4107;106;5724;70;0;664;0;162;-2635;0;0;70;0;6726
24;Centre-Val de Loire;2024-11-04;07:00;2180;29;7949;42;0;12;0;59;-5912;0;0;42;0;8091
44;Grand Est;2024-11-04;07:00;4967;1673;8096;849;0;764;-2;161;-6576;0;0;849;0;11541
27;Bourgogne-Franche-Comté;2024-11-04;07:00;2303;72;0;96;0;165;0;44;1924;0;0;96;0;377
32;Hauts-de-France;2024-11-04;07:00;5543;305;3629;766;0;2;0;128;708;0;0;766;0;4830
53;Bretagne;2024-11-04;07:00;2595;463;0;40;0;10;-1;53;2030;0;0;27;13;565
52;Pays de la Loire;2024-11-04;07:00;3114;90;0;189;0;4;0;59;2772;0;0;67;122;342
84;Auvergne-Rhône-Alpes;2024-11-04;07:00;6934;120;10620;96;0;2924;-4;108;-6929;0;0;96;0;13864
76;Occitanie;2024-11-04;07:00;3359;30;2568;554;0;1873;0;85;-1752;0;0;554;0;5110
11;Île-de-France;2024-11-04;07:00;7790;139;0;1;0;10;0;129;7505;0;0;1;0;279
93;Provence-Alpes-Côte d'Azur;2024-11-04;07:00;3630;882;0;0;0;1622;0;126;1000;0;0;0;0;2630
28;Normandie;2024-11-04;07:00;3147;208;6281;86;0;19;0;84;-3531;0;0;70;16;6678
93;Provence-Alpes-Côte d'Azur;2024-11-04;07:30;3717;1107;0;0;4;1653;0;126;827;0;0;0;0;2890
53;Bretagne;2024-11-04;07:30;2853;565;0;38;0;10;-1;53;2187;0;0;28;9;665
44;Grand Est;2024-11-04;07:30;5266;1696;8115;850;0;821;0;160;-6374;0;0;850;0;11642
24;Centre-Val de Loire;2024-11-04;07:30;2362;29;7952;41;0;24;0;59;-5743;0;0;41;0;8105
52;Pays de la Loire;2024-11-04;07:30;3363;96;0;168;0;4;0;59;3036;0;0;55;113;327
75;Nouvelle-Aquitaine;2024-11-04;07:30;4514;109;5714;66;0;1080;0;166;-2620;0;0;66;0;7135
76;Occitanie;2024-11-04;07:30;3478;30;2567;562;0;2717;0;92;-2490;0;0;562;0;5968
84;Auvergne-Rhône-Alpes;2024-11-04;07:30;7284;119;10661;114;0;4303;-4;106;-8016;0;0;114;0;15299
27;Bourgogne-Franche-Comté;2024-11-04;07:30;2516;72;0;100;0;245;0;44;2055;0;0;100;0;461
32;Hauts-de-France;2024-11-04;07:30;5923;392;3629;759;0;2;0;127;1016;0;0;759;0;4909
28;Normandie;2024-11-04;07:30;3322;217;6279;68;0;19;0;84;-3346;0;0;65;3;6667
11;Île-de-France;2024-11-04;07:30;8338;140;0;2;0;10;0;128;8058;0;0;2;0;280
52;Pays de la Loire;2024-11-04;08:00;3503;98;0;143;0;4;0;59;3200;0;0;54;89;304
53;Bretagne;2024-11-04;08:00;2879;576;0;33;0;10;-1;53;2207;0;0;26;6;671
32;Hauts-de-France;2024-11-04;08:00;6005;468;3628;713;1;2;0;126;1069;0;0;713;0;4938
84;Auvergne-Rhône-Alpes;2024-11-04;08:00;7572;120;10675;126;21;4892;-4;103;-8360;0;0;126;0;15933
11;Île-de-France;2024-11-04;08:00;8767;141;0;2;1;10;0;127;8487;0;0;2;0;281
76;Occitanie;2024-11-04;08:00;3629;30;2567;548;30;2854;0;98;-2499;0;0;548;0;6127
93;Provence-Alpes-Côte d'Azur;2024-11-04;08:00;3803;1182;0;0;62;1655;0;130;774;0;0;0;0;3029
44;Grand Est;2024-11-04;08:00;5217;1708;8113;844;6;801;0;160;-6413;0;0;844;0;11632
75;Nouvelle-Aquitaine;2024-11-04;08:00;4598;110;5705;66;11;1091;0;168;-2548;0;0;66;0;7151
27;Bourgogne-Franche-Comté;2024-11-04;08:00;2589;72;0;109;7;260;0;47;2095;0;0;109;0;495
24;Centre-Val de Loire;2024-11-04;08:00;2365;29;7952;26;1;42;0;60;-5745;0;0;26;0;8110
28;Normandie;2024-11-04;08:00;3326;217;6279;46;0;20;0;84;-3320;0;0;53;0;6646
75;Nouvelle-Aquitaine;2024-11-04;08:30;4772;114;5705;75;123;1161;0;172;-2575;0;0;75;0;7350
76;Occitanie;2024-11-04;08:30;3661;34;2567;552;153;2814;0;98;-2556;0;0;552;0;6218
93;Provence-Alpes-Côte d'Azur;2024-11-04;08:30;3974;904;0;0;217;1758;0;131;965;0;0;0;0;3010
27;Bourgogne-Franche-Comté;2024-11-04;08:30;2662;72;0;116;35;262;0;51;2126;0;0;116;0;536
84;Auvergne-Rhône-Alpes;2024-11-04;08:30;7842;118;10676;123;107;5115;-4;105;-8397;0;0;123;0;16240
28;Normandie;2024-11-04;08:30;3397;215;6281;41;2;20;0;84;-3246;0;0;51;0;6643
11;Île-de-France;2024-11-04;08:30;9012;141;0;1;8;10;0;125;8727;0;0;1;0;285
24;Centre-Val de Loire;2024-11-04;08:30;2497;29;7951;17;13;44;0;60;-5618;0;0;17;0;8114
44;Grand Est;2024-11-04;08:30;5273;1856;8109;830;36;813;0;161;-6531;0;0;830;0;11805
52;Pays de la Loire;2024-11-04;08:30;3598;100;0;138;12;3;0;59;3286;0;0;55;82;312
32;Hauts-de-France;2024-11-04;08:30;6115;517;3625;651;14;2;0;126;1181;0;0;651;0;4935
53;Bretagne;2024-11-04;08:30;2969;595;0;32;3;10;-3;51;2281;0;0;26;6;688
44;Grand Est;2024-11-04;09:00;5363;1806;8126;790;82;945;0;160;-6544;0;0;790;0;11909
75;Nouvelle-Aquitaine;2024-11-04;09:00;4965;115;5743;76;347;1155;0;165;-2626;0;0;76;0;7601
93;Provence-Alpes-Côte d'Azur;2024-11-04;09:00;3949;709;0;0;443;1737;0;131;929;0;0;0;0;3020
84;Auvergne-Rhône-Alpes;2024-11-04;09:00;7875;119;10675;124;248;4539;-4;101;-7927;0;0;124;0;15802
28;Normandie;2024-11-04;09:00;3411;215;6280;45;8;20;0;83;-3240;0;0;49;0;6651
11;Île-de-France;2024-11-04;09:00;9175;141;0;1;23;10;0;123;8878;0;0;1;0;298
27;Bourgogne-Franche-Comté;2024-11-04;09:00;2674;71;0;111;80;258;0;50;2104;0;0;111;0;570
32;Hauts-de-France;2024-11-04;09:00;6140;542;3625;579;42;2;0;123;1230;0;0;579;0;4913
76;Occitanie;2024-11-04;09:00;3864;34;2568;517;359;2610;0;95;-2320;0;0;517;0;6183
53;Bretagne;2024-11-04;09:00;3022;596;0;35;15;10;-55;50;2372;0;0;29;5;651
24;Centre-Val de Loire;2024-11-04;09:00;2506;29;7952;13;38;31;0;59;-5616;0;0;13;0;8122
52;Pays de la Loire;2024-11-04;09:00;3632;100;0;132;44;3;0;58;3295;0;0;53;79;337
28;Normandie;2024-11-04;09:30;3465;218;6286;48;18;20;0;81;-3206;0;0;47;1;6671
44;Grand Est;2024-11-04;09:30;5421;1775;8138;712;134;953;0;159;-6449;0;0;712;0;11871
93;Provence-Alpes-Côte d'Azur;2024-11-04;09:30;4040;678;0;0;684;1723;0;131;826;0;0;0;0;3216
11;Île-de-France;2024-11-04;09:30;9344;143;0;1;42;10;0;121;9027;0;0;1;0;317
24;Centre-Val de Loire;2024-11-04;09:30;2528;29;7919;13;70;32;0;60;-5593;0;0;13;0;8123
53;Bretagne;2024-11-04;09:30;3051;595;0;54;34;10;-57;49;2366;0;0;38;16;685
27;Bourgogne-Franche-Comté;2024-11-04;09:30;2683;71;0;102;129;253;0;51;2078;0;0;102;0;606
84;Auvergne-Rhône-Alpes;2024-11-04;09:30;8014;182;10674;113;412;4311;-4;96;-7770;0;0;113;0;15784
76;Occitanie;2024-11-04;09:30;3909;33;2567;502;628;2586;0;92;-2499;0;0;502;0;6408
52;Pays de la Loire;2024-11-04;09:30;3664;96;0;126;83;4;0;58;3298;0;0;53;73;367
75;Nouvelle-Aquitaine;2024-11-04;09:30;4985;115;5749;70;622;921;0;167;-2655;0;0;70;0;7644
32;Hauts-de-France;2024-11-04;09:30;6085;537;3625;483;77;2;0;121;1240;0;0;483;0;4845
32;Hauts-de-France;2024-11-04;10:00;6052;545;3626;330;110;2;0;121;1318;0;0;330;0;4734
53;Bretagne;2024-11-04;10:00;3069;598;0;60;57;5;-57;50;2356;0;0;37;23;713
75;Nouvelle-Aquitaine;2024-11-04;10:00;5098;116;5754;57;898;876;0;169;-2766;0;0;57;0;7870
76;Occitanie;2024-11-04;10:00;3986;34;2565;471;882;2412;0;95;-2472;0;0;471;0;6459
52;Pays de la Loire;2024-11-04;10:00;3640;96;0;117;124;3;0;57;3244;0;0;46;71;397
93;Provence-Alpes-Côte d'Azur;2024-11-04;10:00;4049;739;0;0;903;1705;0;128;576;0;0;0;0;3475
27;Bourgogne-Franche-Comté;2024-11-04;10:00;2570;72;0;99;176;157;0;49;2017;0;0;99;0;553
44;Grand Est;2024-11-04;10:00;5523;1790;8139;588;185;824;0;159;-6162;0;0;588;0;11685
28;Normandie;2024-11-04;10:00;3455;215;6290;30;30;20;0;81;-3210;0;0;34;0;6666
11;Île-de-France;2024-11-04;10:00;9265;156;0;1;67;10;0;116;8917;0;0;1;0;350
24;Centre-Val de Loire;2024-11-04;10:00;2542;29;7875;17;103;7;0;60;-5548;0;0;17;0;8091
84;Auvergne-Rhône-Alpes;2024-11-04;10:00;8051;242;10671;95;573;3630;-4;98;-7255;0;0;95;0;15305
84;Auvergne-Rhône-Alpes;2024-11-04;10:30;7973;242;10668;81;731;3131;-4;98;-6975;0;0;81;0;14947
93;Provence-Alpes-Côte d'Azur;2024-11-04;10:30;4113;836;0;0;1075;1490;0;126;586;0;0;0;0;3527
52;Pays de la Loire;2024-11-04;10:30;3662;94;0;112;169;3;0;56;3228;0;0;40;71;434
44;Grand Est;2024-11-04;10:30;5507;1727;8137;506;230;770;0;158;-6022;0;0;506;0;11528
53;Bretagne;2024-11-04;10:30;3033;595;0;65;77;9;-43;52;2277;0;0;36;29;755
76;Occitanie;2024-11-04;10:30;4001;36;2564;418;1154;1927;0;98;-2195;0;0;418;0;6197
24;Centre-Val de Loire;2024-11-04;10:30;2475;29;7903;18;136;6;0;60;-5677;0;0;18;0;8152
27;Bourgogne-Franche-Comté;2024-11-04;10:30;2646;72;0;91;220;153;0;47;2063;0;0;91;0;583
11;Île-de-France;2024-11-04;10:30;9239;183;0;0;94;9;0;122;8832;0;0;0;0;408
75;Nouvelle-Aquitaine;2024-11-04;10:30;5055;118;5754;56;1201;733;0;167;-2976;0;0;56;0;8029
32;Hauts-de-France;2024-11-04;10:30;6123;548;3627;204;127;2;0;114;1503;0;0;204;0;4622
28;Normandie;2024-11-04;10:30;3458;214;6290;10;42;15;0;80;-3193;0;0;24;0;6651
44;Grand Est;2024-11-04;11:00;5554;1706;8056;455;269;766;0;161;-5858;0;0;455;0;11413
53;Bretagne;2024-11-04;11:00;3103;336;0;59;100;10;0;52;2546;0;0;35;23;557
52;Pays de la Loire;2024-11-04;11:00;3640;90;0;115;206;3;0;56;3170;0;0;36;80;470
84;Auvergne-Rhône-Alpes;2024-11-04;11:00;7972;266;10666;73;873;2642;-4;98;-6643;0;0;73;0;14614
27;Bourgogne-Franche-Comté;2024-11-04;11:00;2669;70;0;74;263;108;0;50;2105;0;0;74;0;565
75;Nouvelle-Aquitaine;2024-11-04;11:00;5025;116;5754;45;1484;460;0;162;-2995;0;0;45;0;8021
76;Occitanie;2024-11-04;11:00;3915;34;2563;393;1407;1403;-3;97;-1977;0;0;393;0;5894
93;Provence-Alpes-Côte d'Azur;2024-11-04;11:00;4126;772;0;0;1204;1493;0;127;529;0;0;0;0;3596
32;Hauts-de-France;2024-11-04;11:00;6085;545;3630;163;143;2;0;115;1488;0;0;163;0;4598
28;Normandie;2024-11-04;11:00;3459;216;6289;3;55;15;0;80;-3199;0;0;16;0;6658
24;Centre-Val de Loire;2024-11-04;11:00;2499;29;7932;16;167;6;0;60;-5711;0;0;16;0;8210
11;Île-de-France;2024-11-04;11:00;9175;232;0;0;125;10;0;128;8681;0;0;0;0;495
75;Nouvelle-Aquitaine;2024-11-04;11:30;5034;118;5751;36;1686;437;0;163;-3161;0;0;36;0;8191
32;Hauts-de-France;2024-11-04;11:30;6144;544;3633;148;173;2;0;117;1529;0;0;148;0;4617
53;Bretagne;2024-11-04;11:30;3025;147;0;52;123;43;-1;51;2609;0;0;26;26;415
44;Grand Est;2024-11-04;11:30;5631;1383;8050;436;301;673;0;158;-5369;0;0;436;0;11001
52;Pays de la Loire;2024-11-04;11:30;3670;89;0;117;237;3;0;56;3167;0;0;30;88;502
28;Normandie;2024-11-04;11:30;3457;216;6289;2;67;15;0;78;-3210;0;0;15;0;6667
76;Occitanie;2024-11-04;11:30;3932;38;2561;392;1585;1525;-3;97;-2264;0;0;392;0;6195
84;Auvergne-Rhône-Alpes;2024-11-04;11:30;8152;305;10658;61;1014;2433;-169;97;-6247;0;0;61;0;14399
11;Île-de-France;2024-11-04;11:30;9104;259;0;0;149;10;0;130;8555;0;0;0;0;548
24;Centre-Val de Loire;2024-11-04;11:30;2516;29;7935;17;195;6;0;59;-5726;0;0;17;0;8241
93;Provence-Alpes-Côte d'Azur;2024-11-04;11:30;4088;1037;0;0;1289;1495;0;124;143;0;0;0;0;3945
27;Bourgogne-Franche-Comté;2024-11-04;11:30;2656;70;0;56;310;110;0;46;2064;0;0;56;0;592
76;Occitanie;2024-11-04;12:00;4043;38;2560;402;1683;1386;-3;98;-2123;0;0;402;0;6164
84;Auvergne-Rhône-Alpes;2024-11-04;12:00;8032;327;10652;61;1147;2262;-239;98;-6276;0;0;61;0;14308
93;Provence-Alpes-Côte d'Azur;2024-11-04;12:00;4187;1111;0;0;1319;1492;0;118;148;0;0;0;0;4040
52;Pays de la Loire;2024-11-04;12:00;3678;91;0;122;269;3;0;58;3135;0;0;27;95;543
27;Bourgogne-Franche-Comté;2024-11-04;12:00;2683;68;0;47;349;152;0;47;2020;0;0;47;0;663
53;Bretagne;2024-11-04;12:00;3050;146;0;55;148;133;-1;50;2521;0;0;29;26;531
28;Normandie;2024-11-04;12:00;3459;214;6288;10;82;15;0;80;-3230;0;0;11;0;6689
75;Nouvelle-Aquitaine;2024-11-04;12:00;5097;118;5750;33;1843;441;0;163;-3252;0;0;33;0;8348
44;Grand Est;2024-11-04;12:00;5705;1306;8032;456;321;627;0;157;-5193;0;0;456;0;10899
24;Centre-Val de Loire;2024-11-04;12:00;2504;29;7937;17;220;6;0;59;-5763;0;0;17;0;8268
32;Hauts-de-France;2024-11-04;12:00;6204;540;3636;144;196;2;0;118;1569;0;0;144;0;4636
11;Île-de-France;2024-11-04;12:00;9094;256;0;1;166;10;0;131;8531;0;0;1;0;564
11;Île-de-France;2024-11-04;12:30;9076;255;0;2;182;10;0;132;8496;0;0;2;0;581
75;Nouvelle-Aquitaine;2024-11-04;12:30;5128;119;5748;33;1959;447;0;166;-3336;0;0;33;0;8472
52;Pays de la Loire;2024-11-04;12:30;3669;130;0;115;300;2;0;58;3063;0;0;23;92;605
93;Provence-Alpes-Côte d'Azur;2024-11-04;12:30;4273;1057;0;0;1337;1495;0;117;267;0;0;0;0;4006
24;Centre-Val de Loire;2024-11-04;12:30;2509;29;7965;9;239;6;0;59;-5797;0;0;9;0;8307
44;Grand Est;2024-11-04;12:30;5678;1321;8102;451;339;615;0;156;-5306;0;0;451;0;10984
27;Bourgogne-Franche-Comté;2024-11-04;12:30;2676;65;0;40;381;152;0;47;1991;0;0;40;0;685
76;Occitanie;2024-11-04;12:30;4197;39;2558;412;1775;1378;-3;97;-2059;0;0;412;0;6256
53;Bretagne;2024-11-04;12:30;3102;146;0;63;164;175;-1;51;2504;0;0;30;33;598
84;Auvergne-Rhône-Alpes;2024-11-04;12:30;7981;351;10644;69;1291;2155;-238;101;-6393;0;0;69;0;14373
32;Hauts-de-France;2024-11-04;12:30;6245;521;3639;167;214;2;0;120;1583;0;0;167;0;4663
28;Normandie;2024-11-04;12:30;3482;213;6288;5;103;15;0;79;-3221;0;0;6;0;6703
44;Grand Est;2024-11-04;13:00;5747;1320;8119;438;342;614;0;155;-5242;0;0;438;0;10988
32;Hauts-de-France;2024-11-04;13:00;6305;524;3640;182;247;2;0;119;1591;0;0;182;0;4714
75;Nouvelle-Aquitaine;2024-11-04;13:00;5227;118;5746;37;1996;454;0;169;-3283;0;0;37;0;8520
76;Occitanie;2024-11-04;13:00;4271;35;2550;421;1769;1357;-3;98;-1956;0;0;421;0;6227
84;Auvergne-Rhône-Alpes;2024-11-04;13:00;7974;372;10633;72;1349;2108;-313;100;-6347;0;0;72;0;14321
93;Provence-Alpes-Côte d'Azur;2024-11-04;13:00;4255;1021;0;0;1324;1490;0;122;299;0;0;0;0;3957
28;Normandie;2024-11-04;13:00;3443;212;6287;10;134;15;0;80;-3296;0;0;6;4;6738
53;Bretagne;2024-11-04;13:00;3134;142;0;69;186;205;-1;51;2482;0;0;25;44;652
24;Centre-Val de Loire;2024-11-04;13:00;2559;29;7986;8;266;6;0;60;-5796;0;0;8;0;8355
52;Pays de la Loire;2024-11-04;13:00;3689;139;0;108;328;3;0;58;3053;0;0;22;86;636
27;Bourgogne-Franche-Comté;2024-11-04;13:00;2570;65;0;24;400;140;0;45;1895;0;0;24;0;674
11;Île-de-France;2024-11-04;13:00;8965;256;0;1;193;10;0;134;8371;0;0;1;0;594
11;Île-de-France;2024-11-04;13:30;8811;256;0;1;195;11;0;132;8216;0;0;1;0;595
53;Bretagne;2024-11-04;13:30;2976;141;0;68;194;217;-1;51;2306;0;0;22;46;670
27;Bourgogne-Franche-Comté;2024-11-04;13:30;2541;67;0;16;402;149;0;48;1859;0;0;16;0;682
75;Nouvelle-Aquitaine;2024-11-04;13:30;5115;118;5744;34;1978;463;0;174;-3398;0;0;34;0;8511
76;Occitanie;2024-11-04;13:30;4166;36;2542;413;1745;1264;-173;98;-1758;0;0;413;0;5925
93;Provence-Alpes-Côte d'Azur;2024-11-04;13:30;4247;1136;0;0;1282;1472;0;123;234;0;0;0;0;4013
28;Normandie;2024-11-04;13:30;3353;212;6287;18;166;15;0;80;-3424;0;0;7;11;6778
52;Pays de la Loire;2024-11-04;13:30;3609;152;0;99;330;3;0;59;2965;0;0;23;76;643
84;Auvergne-Rhône-Alpes;2024-11-04;13:30;7890;382;10624;62;1336;2184;-311;99;-6487;0;0;62;0;14376
44;Grand Est;2024-11-04;13:30;5594;1349;8117;430;341;637;0;155;-5434;0;0;430;0;11029
24;Centre-Val de Loire;2024-11-04;13:30;2517;29;7984;12;279;6;0;59;-5852;0;0;12;0;8369
32;Hauts-de-France;2024-11-04;13:30;6204;488;3640;207;262;2;0;120;1486;0;0;207;0;4719
93;Provence-Alpes-Côte d'Azur;2024-11-04;14:00;4157;1016;0;0;1204;1480;0;123;333;0;0;0;0;3823
53;Bretagne;2024-11-04;14:00;2922;143;0;55;185;216;-1;51;2272;0;0;17;38;649
52;Pays de la Loire;2024-11-04;14:00;3526;178;0;93;302;4;0;56;2893;0;0;27;66;633
11;Île-de-France;2024-11-04;14:00;8607;257;0;2;187;11;0;134;8017;0;0;2;0;591
27;Bourgogne-Franche-Comté;2024-11-04;14:00;2489;69;0;12;393;135;0;49;1831;0;0;12;0;658
24;Centre-Val de Loire;2024-11-04;14:00;2431;29;7984;17;287;6;0;59;-5950;0;0;17;0;8382
44;Grand Est;2024-11-04;14:00;5379;1313;8107;414;319;653;0;155;-5581;0;0;414;0;10961
76;Occitanie;2024-11-04;14:00;4200;39;2538;400;1603;1223;-517;97;-1183;0;0;400;0;5383
75;Nouvelle-Aquitaine;2024-11-04;14:00;5123;119;5742;32;1979;460;0;174;-3382;0;0;32;0;8506
84;Auvergne-Rhône-Alpes;2024-11-04;14:00;7597;393;10616;57;1280;2143;-148;101;-6844;0;0;57;0;14442
32;Hauts-de-France;2024-11-04;14:00;6035;488;3640;231;236;2;0;118;1321;0;0;231;0;4715
28;Normandie;2024-11-04;14:00;3295;211;6298;18;204;15;0;80;-3531;0;0;6;12;6826
28;Normandie;2024-11-04;14:30;3214;211;6303;19;177;15;0;81;-3592;0;0;11;8;6806
11;Île-de-France;2024-11-04;14:30;8445;259;0;1;165;11;0;136;7874;0;0;1;0;572
24;Centre-Val de Loire;2024-11-04;14:30;2361;29;7980;8;282;6;0;57;-6002;0;0;8;0;8362
27;Bourgogne-Franche-Comté;2024-11-04;14:30;2523;70;0;16;362;141;0;49;1885;0;0;16;0;638
32;Hauts-de-France;2024-11-04;14:30;5884;531;3640;246;216;2;0;123;1127;0;0;246;0;4758
75;Nouvelle-Aquitaine;2024-11-04;14:30;4968;119;5740;32;1829;444;0;171;-3373;0;0;32;0;8335
93;Provence-Alpes-Côte d'Azur;2024-11-04;14:30;4068;1063;0;0;1088;1473;0;124;320;0;0;0;0;3748
76;Occitanie;2024-11-04;14:30;3989;36;2536;399;1398;825;-604;97;-697;0;0;399;0;4687
52;Pays de la Loire;2024-11-04;14:30;3422;215;0;93;292;4;0;57;2761;0;0;29;64;661
53;Bretagne;2024-11-04;14:30;2868;144;0;47;169;220;-1;51;2237;0;0;16;32;630
44;Grand Est;2024-11-04;14:30;5418;1340;7977;407;296;661;0;151;-5412;0;0;407;0;10832
84;Auvergne-Rhône-Alpes;2024-11-04;14:30;7438;390;10611;57;1172;2143;-127;102;-6911;0;0;57;0;14348
52;Pays de la Loire;2024-11-04;15:00;3387;262;0;98;246;4;0;59;2718;0;0;25;73;669
53;Bretagne;2024-11-04;15:00;2779;210;0;46;141;217;-1;51;2114;0;0;18;28;664
27;Bourgogne-Franche-Comté;2024-11-04;15:00;2567;70;0;15;314;155;0;47;1968;0;0;15;0;601
84;Auvergne-Rhône-Alpes;2024-11-04;15:00;7286;390;10604;66;996;2212;-60;103;-7025;0;0;66;0;14311
28;Normandie;2024-11-04;15:00;3130;211;6298;32;144;15;0;82;-3651;0;0;15;17;6782
76;Occitanie;2024-11-04;15:00;3845;35;2534;409;1203;833;-601;97;-666;0;0;409;0;4510
11;Île-de-France;2024-11-04;15:00;8308;260;0;1;137;11;0;130;7769;0;0;1;0;539
24;Centre-Val de Loire;2024-11-04;15:00;2365;29;7979;10;257;6;0;57;-5974;0;0;10;0;8338
75;Nouvelle-Aquitaine;2024-11-04;15:00;4742;117;5739;30;1577;473;0;169;-3376;0;0;30;0;8105
93;Provence-Alpes-Côte d'Azur;2024-11-04;15:00;4038;1097;0;0;939;1510;0;123;369;0;0;0;0;3669
44;Grand Est;2024-11-04;15:00;5404;1354;8039;420;249;667;0;151;-5476;0;0;420;0;10880
32;Hauts-de-France;2024-11-04;15:00;5657;516;3641;274;168;2;0;125;933;0;0;274;0;4726
93;Provence-Alpes-Côte d'Azur;2024-11-04;15:30;3915;1120;0;0;750;1535;0;126;385;0;0;0;0;3531
27;Bourgogne-Franche-Comté;2024-11-04;15:30;2489;70;0;16;246;155;0;46;1957;0;0;16;0;533
52;Pays de la Loire;2024-11-04;15:30;3422;278;0;95;195;4;0;60;2791;0;0;26;69;632
53;Bretagne;2024-11-04;15:30;2702;451;0;52;117;213;-1;51;1819;0;0;22;29;883
76;Occitanie;2024-11-04;15:30;3715;35;2530;414;982;1032;-598;97;-778;0;0;414;0;4492
32;Hauts-de-France;2024-11-04;15:30;5759;536;3640;289;126;2;0;124;1043;0;0;289;0;4717
44;Grand Est;2024-11-04;15:30;5344;1346;8035;504;189;735;0;151;-5614;0;0;504;0;10960
84;Auvergne-Rhône-Alpes;2024-11-04;15:30;7422;389;10600;72;777;2193;-54;104;-6659;0;0;72;0;14081
75;Nouvelle-Aquitaine;2024-11-04;15:30;4632;115;5739;30;1305;563;0;169;-3290;0;0;30;0;7921
24;Centre-Val de Loire;2024-11-04;15:30;2343;29;7981;12;211;6;0;60;-5956;0;0;12;0;8299
28;Normandie;2024-11-04;15:30;3092;211;6293;55;114;15;0;79;-3673;0;0;20;35;6767
11;Île-de-France;2024-11-04;15:30;8090;260;0;3;104;11;0;132;7582;0;0;3;0;510
28;Normandie;2024-11-04;16:00;3049;211;6293;56;76;14;0;79;-3681;0;0;25;31;6729
11;Île-de-France;2024-11-04;16:00;8030;261;0;4;67;11;0;132;7557;0;0;4;0;475
52;Pays de la Loire;2024-11-04;16:00;3333;402;0;111;142;4;0;59;2615;0;0;28;84;718
24;Centre-Val de Loire;2024-11-04;16:00;2303;29;8001;10;148;6;0;59;-5951;0;0;10;0;8253
27;Bourgogne-Franche-Comté;2024-11-04;16:00;2413;72;0;24;173;156;0;47;1941;0;0;24;0;472
32;Hauts-de-France;2024-11-04;16:00;5636;535;3639;300;82;2;0;126;953;0;0;300;0;4684
44;Grand Est;2024-11-04;16:00;5271;1357;8057;569;125;752;0;153;-5741;0;0;569;0;11013
75;Nouvelle-Aquitaine;2024-11-04;16:00;4634;116;5742;31;979;611;0;170;-3019;0;0;31;0;7649
84;Auvergne-Rhône-Alpes;2024-11-04;16:00;7187;388;10599;72;543;2203;-12;104;-6711;0;0;72;0;13897
93;Provence-Alpes-Côte d'Azur;2024-11-04;16:00;3871;1214;0;0;528;1539;0;124;466;0;0;0;0;3405
76;Occitanie;2024-11-04;16:00;3763;35;2529;427;696;1303;-493;97;-832;0;0;427;0;4594
53;Bretagne;2024-11-04;16:00;2709;573;0;64;85;193;-1;50;1745;0;0;30;34;964
27;Bourgogne-Franche-Comté;2024-11-04;16:30;2360;73;0;28;99;151;0;47;1962;0;0;28;0;398
75;Nouvelle-Aquitaine;2024-11-04;16:30;4499;120;5752;36;636;619;0;170;-2823;0;0;36;0;7333
76;Occitanie;2024-11-04;16:30;3587;35;2529;436;435;1334;-128;95;-1149;0;0;436;0;4736
93;Provence-Alpes-Côte d'Azur;2024-11-04;16:30;3780;1253;0;0;297;1558;0;124;546;0;0;0;0;3232
84;Auvergne-Rhône-Alpes;2024-11-04;16:30;7253;388;10598;72;306;2515;-4;108;-6732;0;0;72;0;13983
53;Bretagne;2024-11-04;16:30;2680;573;0;81;50;143;-1;51;1783;0;0;36;46;897
44;Grand Est;2024-11-04;16:30;5169;1454;8023;667;64;746;0;153;-5938;0;0;667;0;11107
11;Île-de-France;2024-11-04;16:30;8066;262;0;2;29;11;0;131;7631;0;0;2;0;435
52;Pays de la Loire;2024-11-04;16:30;3350;480;0;116;88;4;0;59;2603;0;0;27;89;747
24;Centre-Val de Loire;2024-11-04;16:30;2254;29;8026;17;92;6;0;60;-5976;0;0;17;0;8230
32;Hauts-de-France;2024-11-04;16:30;5634;521;3638;338;42;2;0;127;966;0;0;338;0;4668
28;Normandie;2024-11-04;16:30;3043;215;6293;69;46;14;0;80;-3674;0;0;33;35;6717
28;Normandie;2024-11-04;17:00;3065;218;6291;113;23;13;0;80;-3672;0;0;56;57;6738
27;Bourgogne-Franche-Comté;2024-11-04;17:00;2391;74;0;31;36;249;0;49;1952;0;0;31;0;439
52;Pays de la Loire;2024-11-04;17:00;3318;476;0;113;42;4;0;58;2625;0;0;30;83;693
24;Centre-Val de Loire;2024-11-04;17:00;2257;29;8029;31;40;14;0;61;-5947;0;0;31;0;8204
84;Auvergne-Rhône-Alpes;2024-11-04;17:00;7232;340;10561;71;119;2858;-4;107;-6820;0;0;71;0;14052
93;Provence-Alpes-Côte d'Azur;2024-11-04;17:00;3752;1437;0;0;111;1644;0;124;436;0;0;0;0;3316
11;Île-de-France;2024-11-04;17:00;8225;263;0;2;13;11;0;131;7807;0;0;2;0;420
75;Nouvelle-Aquitaine;2024-11-04;17:00;4334;121;5732;46;340;713;0;170;-2782;0;0;46;0;7122
32;Hauts-de-France;2024-11-04;17:00;5642;527;3637;395;13;2;0;128;941;0;0;395;0;4702
53;Bretagne;2024-11-04;17:00;2673;561;0;96;30;79;-1;53;1856;0;0;43;53;818
76;Occitanie;2024-11-04;17:00;3474;35;2528;459;222;1543;0;94;-1406;0;0;459;0;4881
44;Grand Est;2024-11-04;17:00;5220;1782;8043;790;19;743;0;151;-6308;0;0;790;0;11528
28;Normandie;2024-11-04;17:30;3122;220;6293;126;5;13;0;78;-3613;0;0;75;51;6735
24;Centre-Val de Loire;2024-11-04;17:30;2293;29;8027;27;7;38;0;61;-5896;0;0;27;0;8189
93;Provence-Alpes-Côte d'Azur;2024-11-04;17:30;3824;1645;0;0;13;1665;0;124;376;0;0;0;0;3447
84;Auvergne-Rhône-Alpes;2024-11-04;17:30;7201;361;10538;88;19;3352;-4;107;-7261;0;0;88;0;14461
53;Bretagne;2024-11-04;17:30;2703;564;0;103;13;23;-2;52;1950;0;0;46;57;753
32;Hauts-de-France;2024-11-04;17:30;5806;539;3636;448;1;2;0;127;1055;0;0;448;0;4753
52;Pays de la Loire;2024-11-04;17:30;3336;476;0;123;13;4;0;58;2663;0;0;34;89;674
75;Nouvelle-Aquitaine;2024-11-04;17:30;4424;122;5714;57;120;819;0;170;-2575;0;0;57;0;7002
76;Occitanie;2024-11-04;17:30;3526;35;2530;440;69;2042;0;95;-1685;0;0;440;0;5211
11;Île-de-France;2024-11-04;17:30;8433;263;0;2;3;11;0;132;8022;0;0;2;0;411
27;Bourgogne-Franche-Comté;2024-11-04;17:30;2429;74;0;62;4;264;0;47;1978;0;0;62;0;451
44;Grand Est;2024-11-04;17:30;5374;1734;8044;950;1;795;0;150;-6299;0;0;950;0;11674
76;Occitanie;2024-11-04;18:00;3740;38;2534;454;6;2928;0;93;-2313;0;0;454;0;6053
28;Normandie;2024-11-04;18:00;3275;220;6301;127;0;15;0;81;-3469;0;0;82;46;6744
44;Grand Est;2024-11-04;18:00;5484;1827;8064;1084;0;963;0;150;-6604;0;0;1084;0;12088
75;Nouvelle-Aquitaine;2024-11-04;18:00;4477;121;5721;73;9;1080;0;170;-2693;0;0;73;0;7174
11;Île-de-France;2024-11-04;18:00;8837;263;0;4;0;11;0;132;8428;0;0;4;0;410
27;Bourgogne-Franche-Comté;2024-11-04;18:00;2545;74;0;126;0;265;0;47;2033;0;0;126;0;512
32;Hauts-de-France;2024-11-04;18:00;6071;533;3633;476;0;2;0;125;1302;0;0;476;0;4769
52;Pays de la Loire;2024-11-04;18:00;3478;528;0;128;1;4;0;59;2758;0;0;41;86;720
53;Bretagne;2024-11-04;18:00;2812;579;0;84;2;10;0;53;2084;0;0;43;42;728
84;Auvergne-Rhône-Alpes;2024-11-04;18:00;7623;248;10562;97;1;4495;-4;106;-7881;0;0;97;0;15505
93;Provence-Alpes-Côte d'Azur;2024-11-04;18:00;4111;1710;0;0;0;1656;0;125;619;0;0;0;0;3491
24;Centre-Val de Loire;2024-11-04;18:00;2445;29;8037;18;0;50;0;60;-5749;0;0;18;0;8194
24;Centre-Val de Loire;2024-11-04;18:30;2523;29;8074;14;0;50;0;60;-5704;0;0;14;0;8227
32;Hauts-de-France;2024-11-04;18:30;6199;532;3632;564;0;2;0;131;1339;0;0;564;0;4861
44;Grand Est;2024-11-04;18:30;5693;1826;8036;1166;0;969;0;151;-6453;0;0;1166;0;12148
11;Île-de-France;2024-11-04;18:30;9134;280;0;1;0;11;0;131;8713;0;0;1;0;423
76;Occitanie;2024-11-04;18:30;3990;39;2536;474;1;3016;0;93;-2168;0;0;474;0;6159
84;Auvergne-Rhône-Alpes;2024-11-04;18:30;7984;120;10563;108;0;4886;-4;107;-7796;0;0;108;0;15780
52;Pays de la Loire;2024-11-04;18:30;3604;474;0;129;0;4;0;59;2938;0;0;53;76;666
75;Nouvelle-Aquitaine;2024-11-04;18:30;4863;120;5735;83;1;1127;0;172;-2375;0;0;83;0;7238
53;Bretagne;2024-11-04;18:30;2928;603;0;63;0;10;-1;53;2199;0;0;41;22;728
27;Bourgogne-Franche-Comté;2024-11-04;18:30;2686;74;0;192;0;223;0;48;2150;0;0;192;0;537
93;Provence-Alpes-Côte d'Azur;2024-11-04;18:30;4230;1694;0;0;0;1694;0;126;716;0;0;0;0;3514
28;Normandie;2024-11-04;18:30;3405;240;6307;131;0;19;0;81;-3372;0;0;105;26;6778
28;Normandie;2024-11-04;19:00;3530;304;6307;131;0;19;0;82;-3313;0;0;112;19;6843
32;Hauts-de-France;2024-11-04;19:00;6388;535;3631;632;0;2;0;130;1459;0;0;632;0;4930
76;Occitanie;2024-11-04;19:00;4302;39;2536;482;0;3034;0;93;-1882;0;0;482;0;6184
11;Île-de-France;2024-11-04;19:00;9404;794;0;2;0;11;0;131;8466;0;0;2;0;938
27;Bourgogne-Franche-Comté;2024-11-04;19:00;2733;74;0;212;0;212;0;50;2185;0;0;212;0;548
53;Bretagne;2024-11-04;19:00;3062;864;0;61;0;10;-1;53;2075;0;0;41;20;987
44;Grand Est;2024-11-04;19:00;5833;1754;8038;1246;0;966;0;152;-6321;0;0;1246;0;12156
52;Pays de la Loire;2024-11-04;19:00;3755;510;0;144;0;4;0;59;3037;0;0;60;84;717
93;Provence-Alpes-Côte d'Azur;2024-11-04;19:00;4391;1683;0;0;0;1686;0;126;896;0;0;0;0;3495
24;Centre-Val de Loire;2024-11-04;19:00;2618;29;8118;15;0;50;0;61;-5654;0;0;15;0;8273
75;Nouvelle-Aquitaine;2024-11-04;19:00;5097;118;5751;89;1;1286;0;170;-2316;0;0;89;0;7415
84;Auvergne-Rhône-Alpes;2024-11-04;19:00;8096;118;10603;124;0;5559;-4;106;-8411;0;0;124;0;16506
75;Nouvelle-Aquitaine;2024-11-04;19:30;5072;119;5754;112;0;1274;0;174;-2356;0;0;112;0;7433
84;Auvergne-Rhône-Alpes;2024-11-04;19:30;8198;119;10611;136;0;5664;-4;106;-8434;0;0;136;0;16632
24;Centre-Val de Loire;2024-11-04;19:30;2565;29;8178;12;0;50;0;61;-5764;0;0;12;0;8330
76;Occitanie;2024-11-04;19:30;4298;38;2534;481;0;3113;0;93;-1960;0;0;481;0;6259
52;Pays de la Loire;2024-11-04;19:30;3735;495;0;139;0;4;0;58;3039;0;0;59;80;696
53;Bretagne;2024-11-04;19:30;3086;894;0;66;0;10;-1;52;2065;0;0;46;20;1021
32;Hauts-de-France;2024-11-04;19:30;6371;537;3629;633;0;2;0;131;1440;0;0;633;0;4932
44;Grand Est;2024-11-04;19:30;5767;1698;8013;1258;0;964;0;148;-6313;0;0;1258;0;12081
93;Provence-Alpes-Côte d'Azur;2024-11-04;19:30;4400;1693;0;0;0;1737;0;123;847;0;0;0;0;3553
11;Île-de-France;2024-11-04;19:30;9545;854;0;1;0;11;0;128;8553;0;0;1;0;994
27;Bourgogne-Franche-Comté;2024-11-04;19:30;2684;74;0;241;0;256;0;51;2062;0;0;241;0;622
28;Normandie;2024-11-04;19:30;3531;328;6305;104;0;19;0;83;-3308;0;0;85;19;6839
11;Île-de-France;2024-11-04;20:00;9420;865;0;1;0;11;0;123;8426;0;0;1;0;1000
93;Provence-Alpes-Côte d'Azur;2024-11-04;20:00;4298;1622;0;0;0;1764;0;123;791;0;0;0;0;3509
76;Occitanie;2024-11-04;20:00;4245;40;2537;478;0;2849;0;91;-1749;0;0;478;0;5995
28;Normandie;2024-11-04;20:00;3454;328;6305;90;0;20;0;82;-3370;0;0;68;22;6825
75;Nouvelle-Aquitaine;2024-11-04;20:00;4986;118;5756;126;0;1096;0;174;-2281;0;0;126;0;7270
27;Bourgogne-Franche-Comté;2024-11-04;20:00;2601;74;0;289;0;265;0;51;1924;0;0;289;0;679
44;Grand Est;2024-11-04;20:00;5606;1633;7980;1177;0;947;0;148;-6276;0;0;1177;0;11885
52;Pays de la Loire;2024-11-04;20:00;3551;440;0;129;0;4;0;58;2919;0;0;57;72;631
32;Hauts-de-France;2024-11-04;20:00;6269;536;3628;656;0;2;0;130;1324;0;0;656;0;4952
53;Bretagne;2024-11-04;20:00;2963;898;0;67;0;10;-1;52;1936;0;0;55;12;1026
24;Centre-Val de Loire;2024-11-04;20:00;2437;29;8215;8;0;50;0;60;-5925;0;0;8;0;8362
84;Auvergne-Rhône-Alpes;2024-11-04;20:00;7912;119;10620;146;0;5038;-4;107;-8114;0;0;146;0;16026
75;Nouvelle-Aquitaine;2024-11-04;20:30;4738;118;5757;121;0;1145;0;172;-2571;0;0;121;0;7313
52;Pays de la Loire;2024-11-04;20:30;3362;475;0;127;0;4;0;58;2697;0;0;53;75;664
32;Hauts-de-France;2024-11-04;20:30;6082;538;3626;609;0;2;0;128;1179;0;0;609;0;4903
24;Centre-Val de Loire;2024-11-04;20:30;2319;29;8227;7;0;50;0;60;-6054;0;0;7;0;8373
27;Bourgogne-Franche-Comté;2024-11-04;20:30;2509;74;0;304;0;258;0;47;1826;0;0;304;0;683
28;Normandie;2024-11-04;20:30;3330;328;6306;87;0;20;0;82;-3492;0;0;67;19;6823
76;Occitanie;2024-11-04;20:30;4134;36;2537;457;0;3058;0;91;-2045;0;0;457;0;6179
93;Provence-Alpes-Côte d'Azur;2024-11-04;20:30;4078;1649;0;0;0;1788;0;127;515;0;0;0;0;3564
44;Grand Est;2024-11-04;20:30;5381;1697;8006;1094;0;982;0;145;-6541;0;0;1094;0;11924
84;Auvergne-Rhône-Alpes;2024-11-04;20:30;7636;119;10634;146;0;4799;-4;107;-8164;0;0;146;0;15801
53;Bretagne;2024-11-04;20:30;2850;866;0;78;0;3;-1;52;1852;0;0;59;18;998
11;Île-de-France;2024-11-04;20:30;9052;815;0;1;0;11;0;123;8102;0;0;1;0;950
84;Auvergne-Rhône-Alpes;2024-11-04;21:00;7582;119;10635;150;0;3783;-4;107;-7208;0;0;150;0;14790
24;Centre-Val de Loire;2024-11-04;21:00;2232;29;8237;6;0;33;0;60;-6134;0;0;6;0;8365
32;Hauts-de-France;2024-11-04;21:00;5819;540;3626;544;0;2;0;131;977;0;0;544;0;4843
93;Provence-Alpes-Côte d'Azur;2024-11-04;21:00;3953;1665;0;0;0;1773;0;126;390;0;0;0;0;3564
76;Occitanie;2024-11-04;21:00;3756;36;2537;448;0;2909;0;91;-2264;0;0;448;0;6021
52;Pays de la Loire;2024-11-04;21:00;3212;473;0;125;0;4;0;58;2553;0;0;52;73;660
53;Bretagne;2024-11-04;21:00;2714;590;0;84;0;3;-34;52;2019;0;0;60;23;695
27;Bourgogne-Franche-Comté;2024-11-04;21:00;2449;74;0;289;0;258;0;49;1778;0;0;289;0;670
75;Nouvelle-Aquitaine;2024-11-04;21:00;4469;118;5758;120;0;1132;0;173;-2825;0;0;120;0;7301
28;Normandie;2024-11-04;21:00;3267;282;6311;85;0;20;0;84;-3515;0;0;73;12;6782
11;Île-de-France;2024-11-04;21:00;8737;310;0;0;0;11;0;125;8291;0;0;0;0;446
44;Grand Est;2024-11-04;21:00;5222;1711;8017;1071;0;813;0;145;-6534;0;0;1071;0;11757
32;Hauts-de-France;2024-11-04;21:30;5671;542;3627;519;0;2;0;131;846;0;0;519;0;4821
53;Bretagne;2024-11-04;21:30;2598;565;0;83;0;3;-57;53;1952;0;0;63;20;647
27;Bourgogne-Franche-Comté;2024-11-04;21:30;2498;74;0;269;0;258;0;51;1846;0;0;269;0;652
11;Île-de-France;2024-11-04;21:30;8440;263;0;1;0;11;0;124;8040;0;0;1;0;399
52;Pays de la Loire;2024-11-04;21:30;3040;491;0;129;0;4;0;58;2358;0;0;50;79;682
93;Provence-Alpes-Côte d'Azur;2024-11-04;21:30;3814;1700;0;0;0;1773;0;126;215;0;0;0;0;3599
24;Centre-Val de Loire;2024-11-04;21:30;2185;29;8242;6;0;7;0;60;-6159;0;0;6;0;8344
76;Occitanie;2024-11-04;21:30;3895;36;2542;458;0;2583;0;93;-1817;0;0;458;0;5712
75;Nouvelle-Aquitaine;2024-11-04;21:30;4366;115;5759;135;0;1015;0;173;-2837;0;0;135;0;7197
44;Grand Est;2024-11-04;21:30;5033;1754;8075;1031;0;812;0;148;-6787;0;0;1031;0;11820
84;Auvergne-Rhône-Alpes;2024-11-04;21:30;7226;119;10638;165;0;3624;-4;107;-7422;0;0;165;0;14649
28;Normandie;2024-11-04;21:30;3290;221;6318;82;0;20;0;85;-3435;0;0;69;12;6726
52;Pays de la Loire;2024-11-04;22:00;2969;456;0;126;0;4;0;58;2325;0;0;49;77;644
32;Hauts-de-France;2024-11-04;22:00;5613;541;3628;508;0;2;0;133;798;0;0;508;0;4812
44;Grand Est;2024-11-04;22:00;5011;1740;8038;998;0;787;0;150;-6702;0;0;998;0;11713
24;Centre-Val de Loire;2024-11-04;22:00;2096;29;8245;6;0;7;0;60;-6251;0;0;6;0;8347
84;Auvergne-Rhône-Alpes;2024-11-04;22:00;7139;119;10636;187;0;3450;-4;107;-7356;0;0;187;0;14495
93;Provence-Alpes-Côte d'Azur;2024-11-04;22:00;3766;1500;0;0;0;1654;0;123;489;0;0;0;0;3277
53;Bretagne;2024-11-04;22:00;2625;565;0;81;0;3;-57;52;1980;0;0;68;13;644
27;Bourgogne-Franche-Comté;2024-11-04;22:00;2355;74;0;263;0;256;0;50;1712;0;0;263;0;643
75;Nouvelle-Aquitaine;2024-11-04;22:00;4185;112;5756;154;0;659;0;173;-2667;0;0;154;0;6854
76;Occitanie;2024-11-04;22:00;3479;36;2543;465;0;1962;0;92;-1619;0;0;465;0;5098
28;Normandie;2024-11-04;22:00;3217;221;6320;75;0;15;0;83;-3499;0;0;61;14;6714
11;Île-de-France;2024-11-04;22:00;8109;263;0;1;0;11;0;124;7710;0;0;1;0;399
76;Occitanie;2024-11-04;22:30;3529;36;2542;423;0;2181;0;92;-1745;0;0;423;0;5274
84;Auvergne-Rhône-Alpes;2024-11-04;22:30;7102;119;10637;203;0;3077;-4;106;-7035;0;0;203;0;14138
93;Provence-Alpes-Côte d'Azur;2024-11-04;22:30;3731;1619;0;0;0;1649;0;123;341;0;0;0;0;3391
75;Nouvelle-Aquitaine;2024-11-04;22:30;4274;113;5757;176;0;716;0;169;-2656;0;0;176;0;6931
53;Bretagne;2024-11-04;22:30;2613;565;0;81;0;3;-57;53;1968;0;0;67;14;645
32;Hauts-de-France;2024-11-04;22:30;5694;542;3630;455;0;2;0;134;930;0;0;455;0;4763
44;Grand Est;2024-11-04;22:30;5048;1698;8029;1009;0;786;0;152;-6625;0;0;1009;0;11674
27;Bourgogne-Franche-Comté;2024-11-04;22:30;2335;74;0;242;0;201;0;52;1766;0;0;242;0;569
52;Pays de la Loire;2024-11-04;22:30;3046;443;0;114;0;4;0;58;2427;0;0;45;69;619
24;Centre-Val de Loire;2024-11-04;22:30;2079;29;8246;6;0;7;0;60;-6269;0;0;6;0;8348
28;Normandie;2024-11-04;22:30;3341;222;6323;78;0;15;0;83;-3379;0;0;57;21;6721
11;Île-de-France;2024-11-04;22:30;7965;264;0;1;0;11;0;124;7566;0;0;1;0;400
76;Occitanie;2024-11-04;23:00;3831;36;2546;430;0;2029;0;91;-1302;0;0;430;0;5132
28;Normandie;2024-11-04;23:00;3353;222;6320;81;0;15;0;85;-3370;0;0;58;24;6723
44;Grand Est;2024-11-04;23:00;5060;1730;8026;923;0;782;0;151;-6551;0;0;923;0;11612
53;Bretagne;2024-11-04;23:00;2744;563;0;77;0;3;-23;51;2073;0;0;68;9;671
24;Centre-Val de Loire;2024-11-04;23:00;2064;29;8247;8;0;7;0;61;-6288;0;0;8;0;8352
75;Nouvelle-Aquitaine;2024-11-04;23:00;4469;115;5758;210;0;801;0;169;-2579;0;0;210;0;7053
11;Île-de-France;2024-11-04;23:00;8131;263;0;1;0;11;0;126;7730;0;0;1;0;401
52;Pays de la Loire;2024-11-04;23:00;3360;443;0;121;0;4;0;59;2733;0;0;40;81;627
93;Provence-Alpes-Côte d'Azur;2024-11-04;23:00;3799;1680;0;0;0;1602;0;123;394;0;0;0;0;3405
27;Bourgogne-Franche-Comté;2024-11-04;23:00;2332;74;0;240;0;149;0;51;1818;0;0;240;0;514
84;Auvergne-Rhône-Alpes;2024-11-04;23:00;7164;119;10633;200;0;2893;-4;107;-6784;0;0;200;0;13948
32;Hauts-de-France;2024-11-04;23:00;5472;541;3632;419;0;2;0;116;763;0;0;419;0;4710
32;Hauts-de-France;2024-11-04;23:30;5483;542;3634;428;0;2;0;103;777;0;0;428;0;4709
53;Bretagne;2024-11-04;23:30;2629;562;0;63;0;3;0;51;1949;0;0;59;4;679
84;Auvergne-Rhône-Alpes;2024-11-04;23:30;7122;120;10621;202;0;2845;-4;107;-6769;0;0;202;0;13891
27;Bourgogne-Franche-Comté;2024-11-04;23:30;2191;74;0;245;0;143;0;51;1678;0;0;245;0;513
52;Pays de la Loire;2024-11-04;23:30;3189;466;0;122;0;4;0;59;2537;0;0;37;85;651
93;Provence-Alpes-Côte d'Azur;2024-11-04;23:30;4089;1694;0;0;0;1566;0;124;706;0;0;0;0;3384
11;Île-de-France;2024-11-04;23:30;7884;264;0;1;0;11;0;127;7482;0;0;1;0;403
75;Nouvelle-Aquitaine;2024-11-04;23:30;4319;112;5760;241;0;659;0;168;-2616;0;0;241;0;6940
76;Occitanie;2024-11-04;23:30;3691;36;2548;446;0;1718;0;92;-1148;0;0;446;0;4840
28;Normandie;2024-11-04;23:30;3227;222;6319;82;0;15;0;86;-3497;0;0;54;29;6724
24;Centre-Val de Loire;2024-11-04;23:30;2074;29;8249;21;0;7;0;62;-6294;0;0;21;0;8368
44;Grand Est;2024-11-04;23:30;5119;1769;8054;761;0;703;0;151;-6318;0;0;761;0;11438
28;Normandie;2024-12-02;00:00;3217;216;6133;944;0;15;0;83;-4174;0;0;466;477;7391
75;Nouvelle-Aquitaine;2024-12-02;00:00;4814;125;4777;581;0;492;0;199;-1353;0;0;581;0;6174
44;Grand Est;2024-12-02;00:00;5458;204;8239;1095;0;908;-1;150;-5138;0;0;1095;0;10595
53;Bretagne;2024-12-02;00:00;2528;214;0;727;0;204;-1;52;1332;0;0;350;377;1196
93;Provence-Alpes-Côte d'Azur;2024-12-02;00:00;4930;128;0;1;0;872;0;117;3812;0;0;1;0;1118
27;Bourgogne-Franche-Comté;2024-12-02;00:00;2307;130;0;334;0;91;0;48;1704;0;0;334;0;603
76;Occitanie;2024-12-02;00:00;4483;41;2471;51;0;731;-864;96;1957;0;0;51;0;2526
32;Hauts-de-France;2024-12-02;00:00;5786;371;4605;2549;0;2;0;130;-1872;0;0;2549;0;7657
11;Île-de-France;2024-12-02;00:00;8735;146;0;54;0;5;0;140;8391;0;0;54;0;345
24;Centre-Val de Loire;2024-12-02;00:00;2187;48;10558;669;0;5;0;63;-9157;0;0;669;0;11343
84;Auvergne-Rhône-Alpes;2024-12-02;00:00;7566;110;11613;44;0;2969;-874;110;-6407;0;0;44;0;13972
52;Pays de la Loire;2024-12-02;00:00;2860;117;0;780;0;5;0;59;1899;0;0;446;334;961
28;Normandie;2024-12-02;00:30;3183;217;6185;946;0;16;0;82;-4261;0;0;459;487;7446
11;Île-de-France;2024-12-02;00:30;8447;146;0;48;0;5;0;133;8113;0;0;48;0;332
52;Pays de la Loire;2024-12-02;00:30;2835;122;0;750;0;5;0;58;1898;0;0;469;281;935
27;Bourgogne-Franche-Comté;2024-12-02;00:30;2262;130;0;342;0;145;0;48;1596;0;0;342;0;665
76;Occitanie;2024-12-02;00:30;4297;41;2537;39;0;661;-231;96;1152;0;0;39;0;3143
53;Bretagne;2024-12-02;00:30;2488;214;0;748;0;218;-1;52;1256;0;0;364;384;1231
93;Provence-Alpes-Côte d'Azur;2024-12-02;00:30;4750;128;0;1;0;815;0;121;3686;0;0;1;0;1065
75;Nouvelle-Aquitaine;2024-12-02;00:30;4846;124;4776;579;0;531;0;200;-1367;0;0;579;0;6210
32;Hauts-de-France;2024-12-02;00:30;5688;332;4604;2629;0;2;0;128;-2011;0;0;2629;0;7695
44;Grand Est;2024-12-02;00:30;5380;186;8251;1060;0;853;-132;149;-4996;0;0;1060;0;10367
84;Auvergne-Rhône-Alpes;2024-12-02;00:30;7473;110;11547;48;0;2877;-1269;110;-5949;0;0;48;0;13423
24;Centre-Val de Loire;2024-12-02;00:30;2124;48;10519;687;0;5;0;63;-9199;0;0;687;0;11322
75;Nouvelle-Aquitaine;2024-12-02;01:00;4664;124;4668;548;0;464;0;199;-1332;0;0;548;0;6003
93;Provence-Alpes-Côte d'Azur;2024-12-02;01:00;4551;129;0;2;0;807;0;125;3488;0;0;2;0;1063
53;Bretagne;2024-12-02;01:00;2285;215;0;707;0;220;-1;52;1093;0;0;356;352;1193
52;Pays de la Loire;2024-12-02;01:00;2657;123;0;735;0;5;0;57;1736;0;0;456;280;920
11;Île-de-France;2024-12-02;01:00;8031;146;0;43;0;5;0;130;7708;0;0;43;0;324
24;Centre-Val de Loire;2024-12-02;01:00;2051;48;10367;733;0;5;0;64;-9166;0;0;733;0;11217
44;Grand Est;2024-12-02;01:00;5113;174;8103;1020;0;834;-179;149;-4983;0;0;1020;0;10101
84;Auvergne-Rhône-Alpes;2024-12-02;01:00;7200;110;11405;41;0;2257;-1524;110;-5199;0;0;41;0;12399
76;Occitanie;2024-12-02;01:00;4138;41;2489;34;0;682;-387;98;1182;0;0;34;0;2957
32;Hauts-de-France;2024-12-02;01:00;5478;381;4604;2663;0;2;0;129;-2300;0;0;2663;0;7779
27;Bourgogne-Franche-Comté;2024-12-02;01:00;2192;130;0;355;0;85;0;49;1574;0;0;355;0;619
28;Normandie;2024-12-02;01:00;3012;216;6187;907;0;14;0;83;-4396;0;0;439;469;7407
24;Centre-Val de Loire;2024-12-02;01:30;2018;48;10382;735;0;6;0;63;-9216;0;0;735;0;11234
44;Grand Est;2024-12-02;01:30;5059;174;8150;1060;0;827;-179;148;-5120;0;0;1060;0;10180
52;Pays de la Loire;2024-12-02;01:30;2631;119;0;706;0;5;0;57;1744;0;0;455;251;887
53;Bretagne;2024-12-02;01:30;2193;216;0;715;0;221;-1;51;992;0;0;349;365;1202
28;Normandie;2024-12-02;01:30;3007;217;6186;894;0;14;0;83;-4387;0;0;421;473;7394
11;Île-de-France;2024-12-02;01:30;7641;146;0;57;0;5;0;131;7303;0;0;57;0;339
32;Hauts-de-France;2024-12-02;01:30;5482;340;4604;2638;0;2;0;128;-2228;0;0;2638;0;7712
76;Occitanie;2024-12-02;01:30;4083;41;2513;35;0;698;-420;97;1118;0;0;35;0;2964
27;Bourgogne-Franche-Comté;2024-12-02;01:30;2225;130;0;331;0;84;0;49;1632;0;0;331;0;594
84;Auvergne-Rhône-Alpes;2024-12-02;01:30;7093;110;11459;40;0;2219;-1608;108;-5236;0;0;40;0;12328
93;Provence-Alpes-Côte d'Azur;2024-12-02;01:30;4572;128;0;2;0;741;-48;125;3624;0;0;2;0;948
75;Nouvelle-Aquitaine;2024-12-02;01:30;4721;124;4695;541;0;381;0;195;-1216;0;0;541;0;5936
93;Provence-Alpes-Côte d'Azur;2024-12-02;02:00;4518;128;0;2;0;744;-51;125;3570;0;0;2;0;948
24;Centre-Val de Loire;2024-12-02;02:00;1895;48;10349;733;0;6;0;63;-9304;0;0;733;0;11199
44;Grand Est;2024-12-02;02:00;5051;175;8139;1110;0;830;-178;149;-5174;0;0;1110;0;10225
53;Bretagne;2024-12-02;02:00;2265;216;0;739;0;217;-1;51;1043;0;0;343;396;1222
84;Auvergne-Rhône-Alpes;2024-12-02;02:00;7091;110;11400;43;0;2228;-1776;110;-5024;0;0;43;0;12115
75;Nouvelle-Aquitaine;2024-12-02;02:00;4635;124;4663;529;0;354;0;197;-1232;0;0;529;0;5867
27;Bourgogne-Franche-Comté;2024-12-02;02:00;2275;130;0;320;0;84;0;49;1692;0;0;320;0;583
76;Occitanie;2024-12-02;02:00;4088;41;2484;46;0;672;-420;96;1168;0;0;46;0;2919
11;Île-de-France;2024-12-02;02:00;7374;146;0;62;0;5;0;132;7029;0;0;62;0;345
52;Pays de la Loire;2024-12-02;02:00;2602;118;0;646;0;5;0;57;1777;0;0;435;211;826
32;Hauts-de-France;2024-12-02;02:00;5306;356;4604;2527;0;2;0;124;-2305;0;0;2527;0;7613
28;Normandie;2024-12-02;02:00;2953;217;6190;873;0;14;0;84;-4424;0;0;411;462;7378
28;Normandie;2024-12-02;02:30;2893;216;6191;804;0;14;0;83;-4415;0;0;397;407;7308
84;Auvergne-Rhône-Alpes;2024-12-02;02:30;7145;110;11487;50;0;1858;-1406;110;-5065;0;0;50;0;12209
24;Centre-Val de Loire;2024-12-02;02:30;1882;48;10519;722;0;6;0;63;-9477;0;0;722;0;11358
93;Provence-Alpes-Côte d'Azur;2024-12-02;02:30;4605;128;0;1;0;721;-51;122;3684;0;0;2;0;921
27;Bourgogne-Franche-Comté;2024-12-02;02:30;2340;130;0;341;0;81;-1;49;1741;0;0;341;0;600
52;Pays de la Loire;2024-12-02;02:30;2507;118;0;623;0;5;0;57;1704;0;0;421;201;803
44;Grand Est;2024-12-02;02:30;5092;174;8257;1025;0;839;-178;148;-5176;0;0;1025;0;10265
53;Bretagne;2024-12-02;02:30;2197;214;0;727;0;206;-1;51;1000;0;0;345;382;1197
75;Nouvelle-Aquitaine;2024-12-02;02:30;4579;124;4748;480;0;341;0;198;-1314;0;0;480;0;5891
76;Occitanie;2024-12-02;02:30;4042;41;2534;62;0;682;-419;95;1047;0;0;62;0;2995
32;Hauts-de-France;2024-12-02;02:30;5272;370;4604;2451;0;2;0;124;-2281;0;0;2451;0;7551
11;Île-de-France;2024-12-02;02:30;7300;146;0;69;0;5;0;136;6943;0;0;69;0;356
75;Nouvelle-Aquitaine;2024-12-02;03:00;4380;124;4738;460;0;331;0;198;-1468;0;0;460;0;5851
76;Occitanie;2024-12-02;03:00;3955;41;2499;65;0;633;-420;95;1041;0;0;65;0;2913
27;Bourgogne-Franche-Comté;2024-12-02;03:00;2238;130;0;328;0;80;-68;47;1722;0;0;328;0;517
52;Pays de la Loire;2024-12-02;03:00;2392;117;0;608;0;5;0;57;1604;0;0;409;200;787
24;Centre-Val de Loire;2024-12-02;03:00;1829;48;10517;694;0;6;0;64;-9499;0;0;694;0;11329
32;Hauts-de-France;2024-12-02;03:00;5197;359;4603;2399;0;2;0;133;-2298;0;0;2399;0;7496
93;Provence-Alpes-Côte d'Azur;2024-12-02;03:00;4422;128;0;6;0;699;-51;123;3518;0;0;6;0;905
44;Grand Est;2024-12-02;03:00;4968;174;8113;1007;0;840;-178;146;-5131;0;0;1007;0;10102
11;Île-de-France;2024-12-02;03:00;7136;146;0;65;0;5;0;136;6787;0;0;65;0;352
84;Auvergne-Rhône-Alpes;2024-12-02;03:00;7115;109;11379;47;0;1807;-1644;110;-4694;0;0;47;0;11808
53;Bretagne;2024-12-02;03:00;2099;215;0;787;0;170;-1;50;879;0;0;342;445;1221
28;Normandie;2024-12-02;03:00;2847;217;6190;824;0;14;0;83;-4480;0;0;396;428;7328
52;Pays de la Loire;2024-12-02;03:30;2338;118;0;632;0;5;0;58;1524;0;0;397;235;813
27;Bourgogne-Franche-Comté;2024-12-02;03:30;2263;130;0;342;0;80;-68;47;1731;0;0;342;0;531
53;Bretagne;2024-12-02;03:30;2092;215;0;786;0;114;-1;50;930;0;0;329;457;1164
93;Provence-Alpes-Côte d'Azur;2024-12-02;03:30;4331;128;0;4;0;698;-51;125;3427;0;0;4;0;904
24;Centre-Val de Loire;2024-12-02;03:30;1784;48;10510;745;0;6;0;64;-9590;0;0;745;0;11373
76;Occitanie;2024-12-02;03:30;3907;41;2512;52;0;610;-728;93;1326;0;0;52;0;2580
44;Grand Est;2024-12-02;03:30;4835;174;8119;1059;0;823;-178;148;-5311;0;0;1059;0;10145
11;Île-de-France;2024-12-02;03:30;7031;146;0;69;0;5;0;132;6682;0;0;69;0;352
32;Hauts-de-France;2024-12-02;03:30;5005;361;4603;2361;0;2;0;135;-2456;0;0;2361;0;7462
75;Nouvelle-Aquitaine;2024-12-02;03:30;4316;124;4750;443;0;292;0;196;-1493;0;0;443;0;5805
84;Auvergne-Rhône-Alpes;2024-12-02;03:30;7064;107;11090;45;0;1729;-1711;109;-4305;0;0;45;0;11369
28;Normandie;2024-12-02;03:30;2809;216;6189;794;0;13;0;83;-4485;0;0;372;422;7295
84;Auvergne-Rhône-Alpes;2024-12-02;04:00;6933;107;10748;47;0;1723;-1762;109;-4039;0;0;47;0;10972
76;Occitanie;2024-12-02;04:00;3799;41;2499;35;0;609;-843;98;1362;0;0;35;0;2439
93;Provence-Alpes-Côte d'Azur;2024-12-02;04:00;4258;127;0;3;0;697;-51;124;3358;0;0;3;0;900
52;Pays de la Loire;2024-12-02;04:00;2309;117;0;596;0;5;0;59;1532;0;0;364;231;777
32;Hauts-de-France;2024-12-02;04:00;4945;326;4600;2411;0;2;0;130;-2524;0;0;2411;0;7469
27;Bourgogne-Franche-Comté;2024-12-02;04:00;2187;130;0;384;0;80;-67;48;1613;0;0;384;0;575
53;Bretagne;2024-12-02;04:00;2029;215;0;735;0;54;-1;50;976;0;0;317;418;1053
75;Nouvelle-Aquitaine;2024-12-02;04:00;4193;124;4739;442;0;279;0;195;-1586;0;0;442;0;5779
24;Centre-Val de Loire;2024-12-02;04:00;1787;47;10496;748;0;6;0;65;-9575;0;0;748;0;11362
44;Grand Est;2024-12-02;04:00;4805;174;8081;1084;0;817;-177;148;-5321;0;0;1084;0;10127
28;Normandie;2024-12-02;04:00;2745;216;6187;804;0;13;0;81;-4555;0;0;383;421;7301
11;Île-de-France;2024-12-02;04:00;6840;145;0;75;0;5;0;127;6489;0;0;75;0;352
75;Nouvelle-Aquitaine;2024-12-02;04:30;4195;124;4737;432;0;250;0;195;-1537;0;0;432;0;5738
52;Pays de la Loire;2024-12-02;04:30;2327;118;0;585;0;5;0;58;1560;0;0;337;248;766
53;Bretagne;2024-12-02;04:30;2057;215;0;736;0;11;-2;50;1046;0;0;299;437;1010
28;Normandie;2024-12-02;04:30;2750;216;6186;861;0;13;0;82;-4607;0;0;406;455;7358
76;Occitanie;2024-12-02;04:30;3810;41;2493;30;0;617;-849;97;1382;0;0;30;0;2429
32;Hauts-de-France;2024-12-02;04:30;4889;376;4599;2476;0;2;0;130;-2692;0;0;2476;0;7583
44;Grand Est;2024-12-02;04:30;4711;173;8143;1072;0;816;-177;148;-5459;0;0;1072;0;10175
93;Provence-Alpes-Côte d'Azur;2024-12-02;04:30;4220;123;0;3;0;696;-51;125;3326;0;0;3;0;896
24;Centre-Val de Loire;2024-12-02;04:30;1782;48;10494;731;0;5;0;65;-9562;0;0;731;0;11343
27;Bourgogne-Franche-Comté;2024-12-02;04:30;2225;130;0;414;0;79;-67;47;1622;0;0;414;0;603
84;Auvergne-Rhône-Alpes;2024-12-02;04:30;6908;109;10721;47;0;1719;-1835;109;-3962;0;0;47;0;10870
11;Île-de-France;2024-12-02;04:30;6803;146;0;78;0;5;0;130;6447;0;0;78;0;359
11;Île-de-France;2024-12-02;05:00;6885;146;0;77;0;5;0;131;6528;0;0;77;0;359
44;Grand Est;2024-12-02;05:00;4778;170;8159;1056;0;815;-177;149;-5388;0;0;1056;0;10172
53;Bretagne;2024-12-02;05:00;2063;215;0;708;0;8;0;51;1081;0;0;302;406;982
75;Nouvelle-Aquitaine;2024-12-02;05:00;4159;124;4739;440;0;246;0;195;-1581;0;0;440;0;5744
28;Normandie;2024-12-02;05:00;2677;216;6186;899;0;13;0;83;-4720;0;0;408;490;7397
84;Auvergne-Rhône-Alpes;2024-12-02;05:00;6924;110;10739;48;0;1740;-1853;109;-3970;0;0;48;0;10893
52;Pays de la Loire;2024-12-02;05:00;2366;121;0;612;0;5;0;58;1569;0;0;333;279;796
93;Provence-Alpes-Côte d'Azur;2024-12-02;05:00;4212;131;0;2;0;697;-51;125;3308;0;0;2;0;904
76;Occitanie;2024-12-02;05:00;3774;41;2497;31;0;617;-646;97;1137;0;0;31;0;2637
32;Hauts-de-France;2024-12-02;05:00;4942;328;4598;2490;0;2;0;132;-2606;0;0;2490;0;7550
27;Bourgogne-Franche-Comté;2024-12-02;05:00;2242;130;0;402;0;80;0;47;1584;0;0;402;0;659
24;Centre-Val de Loire;2024-12-02;05:00;1782;48;10499;662;0;5;0;65;-9498;0;0;662;0;11279
84;Auvergne-Rhône-Alpes;2024-12-02;05:30;7230;108;10809;49;0;1990;-1253;108;-4580;0;0;49;0;11811
44;Grand Est;2024-12-02;05:30;4886;157;8149;1032;0;783;-177;148;-5206;0;0;1032;0;10092
11;Île-de-France;2024-12-02;05:30;7170;146;0;68;0;5;0;140;6812;0;0;68;0;359
52;Pays de la Loire;2024-12-02;05:30;2511;117;0;594;0;5;0;57;1738;0;0;335;259;773
75;Nouvelle-Aquitaine;2024-12-02;05:30;4314;124;4724;452;0;244;0;195;-1417;0;0;452;0;5739
53;Bretagne;2024-12-02;05:30;2191;214;0;701;0;8;-1;50;1218;0;0;299;403;972
32;Hauts-de-France;2024-12-02;05:30;5145;356;4597;2509;0;2;0;134;-2452;0;0;2509;0;7598
93;Provence-Alpes-Côte d'Azur;2024-12-02;05:30;4320;169;0;3;0;707;0;125;3317;0;0;3;0;1004
28;Normandie;2024-12-02;05:30;2864;217;6187;931;0;13;0;81;-4564;0;0;438;493;7429
76;Occitanie;2024-12-02;05:30;3830;42;2487;41;0;631;-645;96;1179;0;0;41;0;2652
27;Bourgogne-Franche-Comté;2024-12-02;05:30;2359;130;0;386;0;80;0;46;1717;0;0;386;0;642
24;Centre-Val de Loire;2024-12-02;05:30;1858;45;10557;618;0;5;0;66;-9434;0;0;618;0;11291
53;Bretagne;2024-12-02;06:00;2305;213;0;728;0;9;-1;50;1306;0;0;276;452;999
76;Occitanie;2024-12-02;06:00;4028;41;2505;49;0;685;-210;97;860;0;0;49;0;3167
93;Provence-Alpes-Côte d'Azur;2024-12-02;06:00;4438;182;0;3;0;797;0;125;3331;0;0;3;0;1107
11;Île-de-France;2024-12-02;06:00;7344;146;0;80;0;5;0;138;6976;0;0;80;0;369
28;Normandie;2024-12-02;06:00;2988;217;6190;947;0;13;0;80;-4458;0;0;454;493;7447
32;Hauts-de-France;2024-12-02;06:00;5301;337;4596;2555;0;2;0;131;-2320;0;0;2555;0;7621
24;Centre-Val de Loire;2024-12-02;06:00;1935;48;10568;601;0;5;0;66;-9354;0;0;601;0;11288
52;Pays de la Loire;2024-12-02;06:00;2656;115;0;559;0;5;0;54;1923;0;0;319;240;733
75;Nouvelle-Aquitaine;2024-12-02;06:00;4415;124;4744;451;0;250;0;197;-1347;0;0;451;0;5766
44;Grand Est;2024-12-02;06:00;4977;155;8181;1127;0;776;-177;147;-5230;0;0;1127;0;10209
84;Auvergne-Rhône-Alpes;2024-12-02;06:00;7341;108;10948;45;0;2087;-830;107;-5124;0;0;45;0;12465
27;Bourgogne-Franche-Comté;2024-12-02;06:00;2428;130;0;335;0;80;0;45;1838;0;0;335;0;590
52;Pays de la Loire;2024-12-02;06:30;2884;120;0;517;0;5;0;54;2188;0;0;323;193;696
76;Occitanie;2024-12-02;06:30;4273;42;2500;41;0;744;-205;97;1054;0;0;41;0;3219
84;Auvergne-Rhône-Alpes;2024-12-02;06:30;7629;210;11364;47;0;2480;-767;105;-5811;0;0;47;0;13439
24;Centre-Val de Loire;2024-12-02;06:30;2084;48;10509;585;0;6;0;66;-9130;0;0;585;0;11214
44;Grand Est;2024-12-02;06:30;5418;221;8161;1193;0;856;-176;147;-4986;0;0;1193;0;10402
53;Bretagne;2024-12-02;06:30;2490;261;0;742;0;13;-1;50;1425;0;0;267;475;1065
11;Île-de-France;2024-12-02;06:30;7917;146;0;76;0;5;0;136;7555;0;0;76;0;363
28;Normandie;2024-12-02;06:30;3175;217;6191;960;0;13;0;81;-4286;0;0;466;494;7462
32;Hauts-de-France;2024-12-02;06:30;5708;363;4594;2607;0;2;0;134;-1992;0;0;2607;0;7700
93;Provence-Alpes-Côte d'Azur;2024-12-02;06:30;4702;206;0;3;0;928;0;127;3439;0;0;3;0;1264
75;Nouvelle-Aquitaine;2024-12-02;06:30;4685;125;4782;429;0;376;0;197;-1230;0;0;429;0;5909
27;Bourgogne-Franche-Comté;2024-12-02;06:30;2550;130;0;324;0;83;0;45;1968;0;0;324;0;582
76;Occitanie;2024-12-02;07:00;4582;42;2519;34;0;870;-204;96;1224;0;0;34;0;3357
93;Provence-Alpes-Côte d'Azur;2024-12-02;07:00;4998;299;0;2;0;949;0;120;3627;0;0;2;0;1370
24;Centre-Val de Loire;2024-12-02;07:00;2167;39;10490;564;0;6;0;65;-8997;0;0;564;0;11164
32;Hauts-de-France;2024-12-02;07:00;5905;323;4593;2651;0;2;0;133;-1797;0;0;2651;0;7702
27;Bourgogne-Franche-Comté;2024-12-02;07:00;2658;130;0;351;0;91;0;45;2042;0;0;351;0;617
52;Pays de la Loire;2024-12-02;07:00;3069;120;0;519;0;5;0;55;2370;0;0;334;185;699
28;Normandie;2024-12-02;07:00;3335;219;6194;940;0;13;0;79;-4110;0;0;463;477;7445
75;Nouvelle-Aquitaine;2024-12-02;07:00;4924;125;4798;400;0;573;0;192;-1173;0;0;400;0;6088
44;Grand Est;2024-12-02;07:00;5593;318;8198;1250;0;895;-176;146;-5040;0;0;1250;0;10631
53;Bretagne;2024-12-02;07:00;2639;385;0;746;0;14;-1;50;1445;0;0;265;482;1194
84;Auvergne-Rhône-Alpes;2024-12-02;07:00;7993;242;11529;48;0;3471;-68;107;-7336;0;0;48;0;15329
11;Île-de-France;2024-12-02;07:00;8375;145;0;80;0;5;0;138;8008;0;0;80;0;368
76;Occitanie;2024-12-02;07:30;4755;42;2558;30;0;1737;-74;95;366;0;0;30;0;4388
24;Centre-Val de Loire;2024-12-02;07:30;2254;35;10535;549;0;13;0;65;-8943;0;0;549;0;11197
44;Grand Est;2024-12-02;07:30;5792;531;8271;1398;0;903;-62;145;-5399;0;0;1398;0;11186
32;Hauts-de-France;2024-12-02;07:30;6190;362;4593;2752;0;2;0;132;-1654;0;0;2752;0;7841
53;Bretagne;2024-12-02;07:30;2917;631;0;756;0;14;-1;51;1467;0;0;288;468;1451
93;Provence-Alpes-Côte d'Azur;2024-12-02;07:30;5098;405;0;2;0;1165;0;118;3407;0;0;3;0;1690
28;Normandie;2024-12-02;07:30;3437;221;6196;811;0;13;0;78;-3883;0;0;466;345;7319
11;Île-de-France;2024-12-02;07:30;9028;145;0;65;0;5;0;130;8681;0;0;65;0;345
75;Nouvelle-Aquitaine;2024-12-02;07:30;5254;127;4800;415;0;974;0;195;-1262;0;0;415;0;6511
84;Auvergne-Rhône-Alpes;2024-12-02;07:30;8466;294;11574;53;0;4257;-4;103;-7810;0;0;53;0;16277
52;Pays de la Loire;2024-12-02;07:30;3353;120;0;481;0;5;0;54;2693;0;0;330;151;660
27;Bourgogne-Franche-Comté;2024-12-02;07:30;2815;130;0;359;0;207;0;45;2074;0;0;359;0;741
28;Normandie;2024-12-02;08:00;3559;221;6198;904;0;13;0;78;-3856;0;0;440;464;7414
44;Grand Est;2024-12-02;08:00;5805;858;8287;1598;0;990;-1;145;-6076;0;0;1598;0;11877
53;Bretagne;2024-12-02;08:00;3030;661;0;751;0;13;-34;50;1589;0;0;291;459;1441
27;Bourgogne-Franche-Comté;2024-12-02;08:00;2877;131;0;369;0;226;0;45;2105;0;0;369;0;771
75;Nouvelle-Aquitaine;2024-12-02;08:00;5529;126;4800;403;0;1038;0;199;-1045;0;0;403;0;6566
24;Centre-Val de Loire;2024-12-02;08:00;2363;35;10556;503;0;42;0;64;-8836;0;0;503;0;11200
11;Île-de-France;2024-12-02;08:00;9492;151;0;63;0;5;0;127;9143;0;0;63;0;346
76;Occitanie;2024-12-02;08:00;5029;42;2567;44;0;2368;0;96;-87;0;0;44;0;5117
52;Pays de la Loire;2024-12-02;08:00;3503;121;0;459;0;5;0;55;2863;0;0;311;148;640
93;Provence-Alpes-Côte d'Azur;2024-12-02;08:00;5202;632;0;2;3;1290;0;119;3155;0;0;2;0;2046
32;Hauts-de-France;2024-12-02;08:00;6333;356;4592;2871;0;2;0;132;-1621;0;0;2871;0;7953
84;Auvergne-Rhône-Alpes;2024-12-02;08:00;8629;363;11588;44;0;4711;-4;102;-8175;0;0;44;0;16804
76;Occitanie;2024-12-02;08:30;5016;42;2578;52;19;2715;0;95;-485;0;0;52;0;5501
93;Provence-Alpes-Côte d'Azur;2024-12-02;08:30;5364;741;0;2;53;1501;0;119;2949;0;0;2;0;2416
44;Grand Est;2024-12-02;08:30;6016;1017;8263;1654;2;1037;-1;148;-6103;0;0;1654;0;12120
28;Normandie;2024-12-02;08:30;3564;221;6199;889;0;13;0;78;-3837;0;0;437;452;7400
52;Pays de la Loire;2024-12-02;08:30;3601;125;0;419;0;5;0;55;2996;0;0;289;130;604
75;Nouvelle-Aquitaine;2024-12-02;08:30;5531;127;4800;410;0;1107;0;197;-1103;0;0;410;0;6641
32;Hauts-de-France;2024-12-02;08:30;6336;347;4592;2896;0;2;0;133;-1633;0;0;2896;0;7970
24;Centre-Val de Loire;2024-12-02;08:30;2422;35;10571;525;0;55;0;64;-8828;0;0;525;0;11250
27;Bourgogne-Franche-Comté;2024-12-02;08:30;2926;131;0;394;2;250;0;45;2105;0;0;394;0;822
84;Auvergne-Rhône-Alpes;2024-12-02;08:30;8720;432;11585;41;12;4804;-4;102;-8251;0;0;41;0;16972
53;Bretagne;2024-12-02;08:30;3130;677;0;743;0;13;-56;50;1702;0;0;302;441;1427
11;Île-de-France;2024-12-02;08:30;9605;155;0;65;0;5;0;128;9253;0;0;65;0;353
93;Provence-Alpes-Côte d'Azur;2024-12-02;09:00;5373;575;0;1;192;1581;0;115;2910;0;0;1;0;2464
53;Bretagne;2024-12-02;09:00;3147;682;0;724;3;13;-58;49;1734;0;0;306;418;1413
76;Occitanie;2024-12-02;09:00;5064;45;2593;55;115;2590;0;95;-430;0;0;55;0;5493
11;Île-de-France;2024-12-02;09:00;9669;155;0;58;2;5;0;128;9321;0;0;58;0;348
28;Normandie;2024-12-02;09:00;3607;221;6202;869;2;13;0;77;-3776;0;0;406;463;7384
52;Pays de la Loire;2024-12-02;09:00;3599;125;0;395;7;5;0;56;3010;0;0;261;134;588
32;Hauts-de-France;2024-12-02;09:00;6426;381;4592;2842;3;2;0;131;-1524;0;0;2842;0;7951
24;Centre-Val de Loire;2024-12-02;09:00;2426;35;10573;556;6;39;0;62;-8845;0;0;556;0;11271
27;Bourgogne-Franche-Comté;2024-12-02;09:00;2933;130;0;383;12;260;0;45;2103;0;0;383;0;830
75;Nouvelle-Aquitaine;2024-12-02;09:00;5532;127;4798;401;16;1156;0;198;-1156;0;0;401;0;6696
44;Grand Est;2024-12-02;09:00;5985;1490;8316;1680;18;1007;-1;147;-6672;0;0;1680;0;12657
84;Auvergne-Rhône-Alpes;2024-12-02;09:00;8952;496;11616;44;65;4757;-4;100;-8122;0;0;44;0;17074
84;Auvergne-Rhône-Alpes;2024-12-02;09:30;8937;512;11622;54;157;4611;-4;100;-8115;0;0;54;0;17052
52;Pays de la Loire;2024-12-02;09:30;3583;125;0;356;56;5;0;56;2985;0;0;244;111;598
32;Hauts-de-France;2024-12-02;09:30;6392;361;4594;2677;17;2;0;128;-1385;0;0;2677;0;7779
44;Grand Est;2024-12-02;09:30;6053;1815;8334;1748;46;871;-1;147;-6903;0;0;1748;0;12960
53;Bretagne;2024-12-02;09:30;3138;676;0;763;24;13;-58;49;1671;0;0;306;457;1467
24;Centre-Val de Loire;2024-12-02;09:30;2387;35;10576;557;33;40;0;61;-8914;0;0;557;0;11302
27;Bourgogne-Franche-Comté;2024-12-02;09:30;2929;129;0;378;29;224;0;45;2126;0;0;378;0;805
75;Nouvelle-Aquitaine;2024-12-02;09:30;5686;128;4798;398;67;1141;0;197;-1039;0;0;398;0;6729
93;Provence-Alpes-Côte d'Azur;2024-12-02;09:30;5317;577;0;0;379;1651;0;116;2594;0;0;0;0;2723
11;Île-de-France;2024-12-02;09:30;9857;155;0;47;10;5;0;124;9517;0;0;47;0;341
76;Occitanie;2024-12-02;09:30;5142;43;2594;60;300;2333;0;93;-279;0;0;60;0;5423
28;Normandie;2024-12-02;09:30;3597;225;6201;856;12;14;0;76;-3786;0;0;384;472;7384
84;Auvergne-Rhône-Alpes;2024-12-02;10:00;8889;514;11618;49;270;4346;-4;100;-8004;0;0;49;0;16893
76;Occitanie;2024-12-02;10:00;5130;42;2589;55;493;1889;0;91;-29;0;0;55;0;5159
93;Provence-Alpes-Côte d'Azur;2024-12-02;10:00;5329;383;0;0;593;1683;0;116;2555;0;0;0;0;2775
24;Centre-Val de Loire;2024-12-02;10:00;2404;35;10579;546;67;41;0;60;-8925;0;0;546;0;11328
32;Hauts-de-France;2024-12-02;10:00;6306;399;4596;2522;39;2;0;125;-1372;0;0;2522;0;7683
44;Grand Est;2024-12-02;10:00;6064;1898;8351;1699;72;903;-1;148;-7001;0;0;1699;0;13070
11;Île-de-France;2024-12-02;10:00;9849;154;0;49;24;5;0;129;9490;0;0;49;0;361
28;Normandie;2024-12-02;10:00;3602;225;6202;840;31;14;0;74;-3784;0;0;367;473;7386
53;Bretagne;2024-12-02;10:00;3097;667;0;737;70;9;-2;49;1568;0;0;308;429;1530
52;Pays de la Loire;2024-12-02;10:00;3543;124;0;316;142;5;0;54;2902;0;0;207;109;641
75;Nouvelle-Aquitaine;2024-12-02;10:00;5685;127;4797;369;157;1045;0;197;-999;0;0;369;0;6692
27;Bourgogne-Franche-Comté;2024-12-02;10:00;2934;130;0;347;46;156;0;44;2212;0;0;347;0;723
24;Centre-Val de Loire;2024-12-02;10:30;2413;35;10574;519;107;42;0;60;-8924;0;0;519;0;11337
53;Bretagne;2024-12-02;10:30;3041;682;0;692;126;21;0;51;1469;0;0;274;418;1572
44;Grand Est;2024-12-02;10:30;6170;1894;8345;1559;90;921;-1;149;-6787;0;0;1559;0;12957
75;Nouvelle-Aquitaine;2024-12-02;10:30;5641;126;4801;331;266;1081;0;195;-1158;0;0;331;0;6800
93;Provence-Alpes-Côte d'Azur;2024-12-02;10:30;5238;442;0;0;799;1514;0;123;2360;0;0;0;0;2878
84;Auvergne-Rhône-Alpes;2024-12-02;10:30;8873;515;11619;49;388;4128;-4;99;-7921;0;0;49;0;16794
11;Île-de-France;2024-12-02;10:30;9825;154;0;52;39;5;0;127;9448;0;0;52;0;377
28;Normandie;2024-12-02;10:30;3553;226;6201;847;60;16;0;75;-3872;0;0;360;486;7425
76;Occitanie;2024-12-02;10:30;5050;42;2586;63;661;1966;0;88;-356;0;0;63;0;5406
52;Pays de la Loire;2024-12-02;10:30;3500;131;0;293;236;5;0;52;2782;0;0;164;129;717
32;Hauts-de-France;2024-12-02;10:30;6332;370;4597;2398;74;2;0;111;-1216;0;0;2398;0;7552
27;Bourgogne-Franche-Comté;2024-12-02;10:30;2922;130;0;346;64;149;0;45;2189;0;0;346;0;734
84;Auvergne-Rhône-Alpes;2024-12-02;11:00;8744;516;11613;52;482;4013;-4;98;-8025;0;0;52;0;16770
44;Grand Est;2024-12-02;11:00;6319;1886;8344;1541;125;916;0;149;-6642;0;0;1541;0;12961
32;Hauts-de-France;2024-12-02;11:00;6251;397;4600;2286;107;2;0;104;-1243;0;0;2286;0;7496
24;Centre-Val de Loire;2024-12-02;11:00;2405;35;10574;445;145;35;0;62;-8891;0;0;445;0;11296
28;Normandie;2024-12-02;11:00;3525;226;6200;815;87;17;0;76;-3895;0;0;380;435;7421
76;Occitanie;2024-12-02;11:00;5012;42;2585;75;775;1739;0;88;-291;0;0;75;0;5304
93;Provence-Alpes-Côte d'Azur;2024-12-02;11:00;5208;341;0;0;946;1446;0;123;2354;0;0;0;0;2856
11;Île-de-France;2024-12-02;11:00;9836;153;0;51;63;5;0;128;9437;0;0;51;0;400
52;Pays de la Loire;2024-12-02;11:00;3459;130;0;336;320;5;0;52;2615;0;0;165;171;843
75;Nouvelle-Aquitaine;2024-12-02;11:00;5632;126;4803;291;419;955;0;191;-1151;0;0;291;0;6785
53;Bretagne;2024-12-02;11:00;2990;676;0;631;181;120;-1;53;1332;0;0;243;387;1660
27;Bourgogne-Franche-Comté;2024-12-02;11:00;2999;129;0;323;73;155;0;45;2276;0;0;323;0;725
28;Normandie;2024-12-02;11:30;3574;225;6200;859;132;17;0;75;-3933;0;0;394;464;7508
24;Centre-Val de Loire;2024-12-02;11:30;2406;35;10571;390;185;19;0;62;-8856;0;0;390;0;11262
52;Pays de la Loire;2024-12-02;11:30;3444;126;0;379;405;5;0;50;2478;0;0;188;191;965
84;Auvergne-Rhône-Alpes;2024-12-02;11:30;8837;516;11632;53;553;3801;-4;99;-7811;0;0;53;0;16650
75;Nouvelle-Aquitaine;2024-12-02;11:30;5640;129;4803;245;641;870;0;193;-1241;0;0;245;0;6881
11;Île-de-France;2024-12-02;11:30;9764;146;0;52;76;5;0;133;9353;0;0;52;0;412
53;Bretagne;2024-12-02;11:30;2992;672;0;679;231;163;-1;52;1195;0;0;248;432;1796
32;Hauts-de-France;2024-12-02;11:30;6305;355;4602;2312;114;2;0;128;-1207;0;0;2312;0;7513
44;Grand Est;2024-12-02;11:30;6343;1804;8345;1562;164;907;0;149;-6585;0;0;1562;0;12931
76;Occitanie;2024-12-02;11:30;5038;42;2582;117;824;1768;0;91;-386;0;0;117;0;5424
93;Provence-Alpes-Côte d'Azur;2024-12-02;11:30;5117;483;0;0;1032;1362;0;121;2120;0;0;0;0;2998
27;Bourgogne-Franche-Comté;2024-12-02;11:30;2990;129;0;302;92;101;0;45;2322;0;0;302;0;669
28;Normandie;2024-12-02;12:00;3635;223;6200;898;172;17;0;75;-3950;0;0;436;462;7585
53;Bretagne;2024-12-02;12:00;3019;672;0;686;258;196;-1;52;1156;0;0;260;426;1863
75;Nouvelle-Aquitaine;2024-12-02;12:00;5708;128;4804;268;869;764;0;188;-1316;0;0;268;0;7021
84;Auvergne-Rhône-Alpes;2024-12-02;12:00;8834;515;11634;48;538;3605;-4;97;-7598;0;0;48;0;16433
76;Occitanie;2024-12-02;12:00;5068;42;2578;175;853;1746;0;93;-420;0;0;175;0;5487
93;Provence-Alpes-Côte d'Azur;2024-12-02;12:00;5212;567;0;0;1112;1344;0;121;2069;0;0;0;0;3144
11;Île-de-France;2024-12-02;12:00;9890;167;0;45;72;5;0;132;9471;0;0;45;0;421
44;Grand Est;2024-12-02;12:00;6236;1529;8345;1441;226;894;0;143;-6340;0;0;1441;0;12578
32;Hauts-de-France;2024-12-02;12:00;6311;398;4603;2362;141;2;0;131;-1325;0;0;2362;0;7637
24;Centre-Val de Loire;2024-12-02;12:00;2385;35;10571;406;246;19;0;62;-8952;0;0;406;0;11339
52;Pays de la Loire;2024-12-02;12:00;3480;123;0;392;463;5;0;52;2444;0;0;217;175;1035
27;Bourgogne-Franche-Comté;2024-12-02;12:00;3069;129;0;301;97;96;0;47;2398;0;0;301;0;670
52;Pays de la Loire;2024-12-02;12:30;3473;123;0;463;497;5;0;54;2330;0;0;259;204;1142
53;Bretagne;2024-12-02;12:30;3073;667;0;718;284;216;-1;53;1138;0;0;309;409;1937
32;Hauts-de-France;2024-12-02;12:30;6446;364;4603;2389;226;2;0;133;-1269;0;0;2389;0;7717
27;Bourgogne-Franche-Comté;2024-12-02;12:30;3041;130;0;299;85;87;0;45;2395;0;0;299;0;646
76;Occitanie;2024-12-02;12:30;5184;42;2574;248;839;1547;0;95;-159;0;0;248;0;5345
75;Nouvelle-Aquitaine;2024-12-02;12:30;5682;129;4804;290;980;612;0;197;-1330;0;0;290;0;7012
93;Provence-Alpes-Côte d'Azur;2024-12-02;12:30;5248;568;0;0;1110;1341;0;119;2111;0;0;0;0;3138
11;Île-de-France;2024-12-02;12:30;9885;192;0;44;77;5;0;126;9443;0;0;44;0;444
24;Centre-Val de Loire;2024-12-02;12:30;2375;35;10571;411;306;19;0;61;-9027;0;0;411;0;11403
84;Auvergne-Rhône-Alpes;2024-12-02;12:30;8760;511;11631;51;532;3723;-4;99;-7783;0;0;51;0;16543
44;Grand Est;2024-12-02;12:30;6178;1448;8340;1396;224;894;0;140;-6262;0;0;1396;0;12442
28;Normandie;2024-12-02;12:30;3684;223;6201;973;173;18;0;74;-3978;0;0;487;486;7662
28;Normandie;2024-12-02;13:00;3806;223;6200;989;316;17;0;76;-4015;0;0;501;488;7821
75;Nouvelle-Aquitaine;2024-12-02;13:00;5702;130;4802;323;1144;629;0;197;-1520;0;0;323;0;7225
76;Occitanie;2024-12-02;13:00;5212;41;2573;327;781;1531;0;96;-135;0;0;327;0;5349
32;Hauts-de-France;2024-12-02;13:00;6500;396;4603;2578;207;2;0;134;-1418;0;0;2578;0;7920
53;Bretagne;2024-12-02;13:00;3134;663;0;758;284;219;-1;54;1157;0;0;342;415;1977
93;Provence-Alpes-Côte d'Azur;2024-12-02;13:00;5133;569;0;0;1107;1331;0;120;2007;0;0;0;0;3127
27;Bourgogne-Franche-Comté;2024-12-02;13:00;2973;130;0;296;82;89;0;45;2331;0;0;296;0;642
44;Grand Est;2024-12-02;13:00;6260;1394;8334;1415;239;879;0;142;-6139;0;0;1415;0;12403
52;Pays de la Loire;2024-12-02;13:00;3500;123;0;469;516;5;0;54;2332;0;0;318;151;1167
84;Auvergne-Rhône-Alpes;2024-12-02;13:00;8877;513;11629;69;485;3772;-4;101;-7688;0;0;69;0;16565
24;Centre-Val de Loire;2024-12-02;13:00;2385;35;10569;416;338;18;0;61;-9053;0;0;416;0;11437
11;Île-de-France;2024-12-02;13:00;9827;252;0;54;74;5;0;118;9326;0;0;54;0;503
52;Pays de la Loire;2024-12-02;13:30;3395;123;0;565;538;5;0;53;2111;0;0;366;199;1284
11;Île-de-France;2024-12-02;13:30;9688;261;0;53;75;5;0;125;9171;0;0;53;0;519
32;Hauts-de-France;2024-12-02;13:30;6337;387;4601;2721;141;2;0;130;-1641;0;0;2721;0;7982
27;Bourgogne-Franche-Comté;2024-12-02;13:30;2914;130;0;306;89;90;0;45;2255;0;0;306;0;660
75;Nouvelle-Aquitaine;2024-12-02;13:30;5570;130;4803;363;1275;670;0;193;-1861;0;0;363;0;7434
44;Grand Est;2024-12-02;13:30;6149;1357;8336;1523;225;877;0;147;-6311;0;0;1523;0;12465
53;Bretagne;2024-12-02;13:30;2988;660;0;794;232;221;-1;54;1029;0;0;382;412;1960
24;Centre-Val de Loire;2024-12-02;13:30;2394;35;10570;468;372;18;0;62;-9130;0;0;468;0;11525
93;Provence-Alpes-Côte d'Azur;2024-12-02;13:30;5147;602;0;0;1059;1307;0;118;2062;0;0;0;0;3086
76;Occitanie;2024-12-02;13:30;5103;41;2573;442;732;1547;-2;96;-327;0;0;442;0;5429
84;Auvergne-Rhône-Alpes;2024-12-02;13:30;8877;513;11626;89;396;3703;-4;98;-7544;0;0;89;0;16421
28;Normandie;2024-12-02;13:30;3609;223;6199;1032;205;18;0;77;-4145;0;0;546;486;7754
28;Normandie;2024-12-02;14:00;3515;224;6198;1078;131;18;0;77;-4209;0;0;595;483;7726
24;Centre-Val de Loire;2024-12-02;14:00;2339;35;10557;514;328;17;0;59;-9171;0;0;514;0;11510
93;Provence-Alpes-Côte d'Azur;2024-12-02;14:00;5039;719;0;0;967;1322;0;117;1915;0;0;0;0;3125
27;Bourgogne-Franche-Comté;2024-12-02;14:00;2894;131;0;311;85;90;0;46;2231;0;0;311;0;663
11;Île-de-France;2024-12-02;14:00;9535;261;0;64;72;5;0;134;9001;0;0;64;0;536
52;Pays de la Loire;2024-12-02;14:00;3334;124;0;612;502;5;0;54;2037;0;0;394;218;1297
44;Grand Est;2024-12-02;14:00;5971;1346;8306;1527;188;860;0;148;-6400;0;0;1527;0;12375
84;Auvergne-Rhône-Alpes;2024-12-02;14:00;8741;493;11621;94;329;3157;-4;98;-7048;0;0;94;0;15788
75;Nouvelle-Aquitaine;2024-12-02;14:00;5641;130;4803;405;1278;732;0;192;-1895;0;0;405;0;7540
76;Occitanie;2024-12-02;14:00;5130;45;2572;559;686;1532;-365;96;4;0;0;559;0;5125
32;Hauts-de-France;2024-12-02;14:00;6143;395;4601;2794;141;2;0;131;-1918;0;0;2794;0;8064
53;Bretagne;2024-12-02;14:00;2945;659;0;842;238;220;-1;52;935;0;0;408;434;2010
84;Auvergne-Rhône-Alpes;2024-12-02;14:30;8616;485;11565;110;243;3110;-4;99;-6992;0;0;110;0;15608
76;Occitanie;2024-12-02;14:30;4954;44;2568;595;594;1520;-404;96;-58;0;0;595;0;5013
93;Provence-Alpes-Côte d'Azur;2024-12-02;14:30;5003;757;0;1;774;1312;0;118;2042;0;0;1;0;2962
52;Pays de la Loire;2024-12-02;14:30;3272;120;0;608;438;5;0;55;2046;0;0;394;214;1226
32;Hauts-de-France;2024-12-02;14:30;6107;406;4601;2977;136;2;0;130;-2145;0;0;2977;0;8252
44;Grand Est;2024-12-02;14:30;5991;1434;8207;1514;157;871;0;149;-6336;0;0;1514;0;12332
75;Nouvelle-Aquitaine;2024-12-02;14:30;5483;127;4804;416;1211;662;0;195;-1929;0;0;416;0;7415
11;Île-de-France;2024-12-02;14:30;9399;262;0;74;68;5;0;136;8856;0;0;74;0;545
24;Centre-Val de Loire;2024-12-02;14:30;2264;35;10561;553;286;18;0;57;-9246;0;0;553;0;11510
53;Bretagne;2024-12-02;14:30;2906;654;0;826;209;217;-1;52;950;0;0;374;452;1957
27;Bourgogne-Franche-Comté;2024-12-02;14:30;2939;124;0;312;84;85;0;46;2291;0;0;312;0;651
28;Normandie;2024-12-02;14:30;3464;224;6197;1076;106;18;0;77;-4232;0;0;587;489;7698
75;Nouvelle-Aquitaine;2024-12-02;15:00;5363;125;4804;465;1005;612;0;200;-1849;0;0;465;0;7211
24;Centre-Val de Loire;2024-12-02;15:00;2287;35;10560;595;274;18;0;58;-9252;0;0;595;0;11540
52;Pays de la Loire;2024-12-02;15:00;3216;126;0;610;369;5;0;54;2051;0;0;394;216;1164
11;Île-de-France;2024-12-02;15:00;9231;261;0;70;61;5;0;136;8700;0;0;70;0;533
28;Normandie;2024-12-02;15:00;3419;221;6196;1055;72;18;0;79;-4221;0;0;568;487;7641
44;Grand Est;2024-12-02;15:00;5873;1405;8196;1567;127;874;0;147;-6431;0;0;1567;0;12316
93;Provence-Alpes-Côte d'Azur;2024-12-02;15:00;4904;856;0;1;600;1297;0;117;2033;0;0;1;0;2871
53;Bretagne;2024-12-02;15:00;2862;641;0;832;182;203;-1;52;954;0;0;378;453;1909
76;Occitanie;2024-12-02;15:00;4872;41;2564;569;477;1504;-403;95;25;0;0;569;0;4847
32;Hauts-de-France;2024-12-02;15:00;6080;424;4601;2965;95;2;0;132;-2135;0;0;2965;0;8219
84;Auvergne-Rhône-Alpes;2024-12-02;15:00;8430;513;11563;112;167;2976;-4;98;-6994;0;0;112;0;15425
27;Bourgogne-Franche-Comté;2024-12-02;15:00;2902;120;0;323;77;81;0;44;2259;0;0;323;0;645
75;Nouvelle-Aquitaine;2024-12-02;15:30;5257;129;4809;418;886;655;0;199;-1840;0;0;418;0;7096
44;Grand Est;2024-12-02;15:30;5791;1299;8286;1643;94;935;0;148;-6617;0;0;1643;0;12405
52;Pays de la Loire;2024-12-02;15:30;3262;123;0;591;297;5;0;56;2189;0;0;383;208;1072
32;Hauts-de-France;2024-12-02;15:30;6066;424;4601;3017;78;2;0;134;-2193;0;0;3017;0;8256
24;Centre-Val de Loire;2024-12-02;15:30;2267;35;10555;644;215;18;0;60;-9260;0;0;644;0;11527
27;Bourgogne-Franche-Comté;2024-12-02;15:30;2864;120;0;275;67;90;0;44;2268;0;0;275;0;596
84;Auvergne-Rhône-Alpes;2024-12-02;15:30;8483;515;11607;135;124;3372;-4;98;-7363;0;0;135;0;15847
11;Île-de-France;2024-12-02;15:30;9098;262;0;72;48;5;0;134;8576;0;0;72;0;521
53;Bretagne;2024-12-02;15:30;2818;676;0;762;131;164;-1;52;1033;0;0;338;424;1784
76;Occitanie;2024-12-02;15:30;4751;45;2562;582;377;1528;-322;92;-114;0;0;582;0;4864
93;Provence-Alpes-Côte d'Azur;2024-12-02;15:30;4891;804;0;1;368;1319;0;118;2281;0;0;1;0;2610
28;Normandie;2024-12-02;15:30;3413;220;6197;943;54;18;0;80;-4098;0;0;540;403;7512
52;Pays de la Loire;2024-12-02;16:00;3231;120;0;520;208;5;0;56;2322;0;0;361;160;909
32;Hauts-de-France;2024-12-02;16:00;6076;427;4600;2953;38;2;0;133;-2080;0;0;2953;0;8153
53;Bretagne;2024-12-02;16:00;2778;661;0;766;92;104;-1;52;1103;0;0;327;439;1674
93;Provence-Alpes-Côte d'Azur;2024-12-02;16:00;4741;927;0;2;201;1428;0;119;2065;0;0;2;0;2677
27;Bourgogne-Franche-Comté;2024-12-02;16:00;2764;123;0;293;41;100;0;47;2160;0;0;293;0;604
76;Occitanie;2024-12-02;16:00;4766;47;2563;568;259;1553;0;97;-323;0;0;568;0;5087
24;Centre-Val de Loire;2024-12-02;16:00;2252;35;10564;629;140;25;0;62;-9204;0;0;629;0;11455
75;Nouvelle-Aquitaine;2024-12-02;16:00;5159;130;4820;381;645;738;0;199;-1755;0;0;381;0;6913
44;Grand Est;2024-12-02;16:00;5714;1509;8277;1633;59;959;0;147;-6874;0;0;1633;0;12584
84;Auvergne-Rhône-Alpes;2024-12-02;16:00;8471;507;11587;131;86;3311;-4;103;-7250;0;0;131;0;15721
11;Île-de-France;2024-12-02;16:00;9140;262;0;80;27;5;0;134;8629;0;0;80;0;508
28;Normandie;2024-12-02;16:00;3346;221;6196;982;34;17;0;81;-4185;0;0;522;460;7531
75;Nouvelle-Aquitaine;2024-12-02;16:30;5035;129;4808;379;373;884;0;199;-1725;0;0;379;0;6772
52;Pays de la Loire;2024-12-02;16:30;3236;121;0;514;117;5;0;54;2424;0;0;318;196;811
32;Hauts-de-France;2024-12-02;16:30;6015;482;4598;2908;12;2;0;131;-2117;0;0;2908;0;8133
76;Occitanie;2024-12-02;16:30;4599;47;2564;634;151;1731;0;99;-628;0;0;634;0;5226
84;Auvergne-Rhône-Alpes;2024-12-02;16:30;8502;479;11552;147;39;3232;-4;103;-7044;0;0;147;0;15548
11;Île-de-France;2024-12-02;16:30;9215;263;0;69;12;5;0;132;8732;0;0;69;0;481
28;Normandie;2024-12-02;16:30;3392;223;6192;956;18;17;0;81;-4094;0;0;506;450;7487
53;Bretagne;2024-12-02;16:30;2792;661;0;744;53;46;-1;51;1238;0;0;296;448;1554
93;Provence-Alpes-Côte d'Azur;2024-12-02;16:30;4802;890;0;4;86;1599;0;117;2106;0;0;4;0;2696
44;Grand Est;2024-12-02;16:30;5749;1812;8247;1619;23;962;0;146;-7067;0;0;1619;0;12809
24;Centre-Val de Loire;2024-12-02;16:30;2212;35;10569;558;69;26;0;62;-9106;0;0;558;0;11319
27;Bourgogne-Franche-Comté;2024-12-02;16:30;2743;124;0;351;22;147;0;47;2051;0;0;351;0;691
32;Hauts-de-France;2024-12-02;17:00;6165;576;4596;2761;1;2;0;132;-1904;0;0;2761;0;8068
28;Normandie;2024-12-02;17:00;3422;225;6190;978;4;16;0;80;-4071;0;0;490;487;7493
11;Île-de-France;2024-12-02;17:00;9385;263;0;63;2;5;0;135;8916;0;0;63;0;468
84;Auvergne-Rhône-Alpes;2024-12-02;17:00;8336;483;11463;128;9;3663;-4;103;-7508;0;0;128;0;15845
52;Pays de la Loire;2024-12-02;17:00;3239;124;0;438;42;5;0;55;2575;0;0;296;142;664
75;Nouvelle-Aquitaine;2024-12-02;17:00;5032;129;4752;380;153;948;0;199;-1525;0;0;380;0;6561
53;Bretagne;2024-12-02;17:00;2822;663;0;671;20;10;-1;51;1408;0;0;266;405;1414
76;Occitanie;2024-12-02;17:00;4640;46;2564;712;58;2196;0;100;-1035;0;0;712;0;5676
93;Provence-Alpes-Côte d'Azur;2024-12-02;17:00;4878;986;0;6;16;1801;0;119;1951;0;0;7;0;2928
44;Grand Est;2024-12-02;17:00;5755;1873;8282;1621;3;974;0;148;-7149;0;0;1621;0;12901
27;Bourgogne-Franche-Comté;2024-12-02;17:00;2754;124;0;360;5;197;0;48;2021;0;0;360;0;734
24;Centre-Val de Loire;2024-12-02;17:00;2231;35;10575;571;18;48;0;62;-9078;0;0;571;0;11309
24;Centre-Val de Loire;2024-12-02;17:30;2365;35;10578;619;1;60;0;61;-8989;0;0;619;0;11354
27;Bourgogne-Franche-Comté;2024-12-02;17:30;2827;124;0;339;0;253;0;48;2064;0;0;339;0;764
76;Occitanie;2024-12-02;17:30;4806;45;2566;744;5;2566;0;100;-1220;0;0;744;0;6026
84;Auvergne-Rhône-Alpes;2024-12-02;17:30;8450;515;11519;143;0;4302;-4;105;-8130;0;0;143;0;16580
52;Pays de la Loire;2024-12-02;17:30;3319;124;0;523;4;5;0;55;2608;0;0;317;206;711
11;Île-de-France;2024-12-02;17:30;9787;264;0;64;0;5;0;130;9325;0;0;64;0;463
28;Normandie;2024-12-02;17:30;3579;225;6191;975;0;16;0;75;-3904;0;0;482;493;7482
44;Grand Est;2024-12-02;17:30;5887;1918;8312;1684;0;974;-1;149;-7147;0;0;1684;0;13036
93;Provence-Alpes-Côte d'Azur;2024-12-02;17:30;5070;1016;0;8;0;2140;0;120;1786;0;0;9;0;3284
75;Nouvelle-Aquitaine;2024-12-02;17:30;5087;127;4751;445;18;1107;0;199;-1558;0;0;445;0;6647
32;Hauts-de-France;2024-12-02;17:30;6297;654;4594;2650;0;2;0;130;-1731;0;0;2650;0;8030
53;Bretagne;2024-12-02;17:30;2908;687;0;618;2;15;0;53;1534;0;0;224;394;1375
28;Normandie;2024-12-02;18:00;3633;225;6191;930;0;16;0;76;-3805;0;0;447;483;7438
53;Bretagne;2024-12-02;18:00;3048;687;0;536;0;15;-1;52;1760;0;0;220;315;1289
27;Bourgogne-Franche-Comté;2024-12-02;18:00;2872;124;0;352;0;258;0;49;2089;0;0;352;0;783
32;Hauts-de-France;2024-12-02;18:00;6277;658;4593;2584;0;2;0;132;-1690;0;0;2584;0;7969
11;Île-de-France;2024-12-02;18:00;10021;264;0;58;0;5;0;130;9564;0;0;58;0;457
84;Auvergne-Rhône-Alpes;2024-12-02;18:00;8649;516;11588;154;0;5569;-4;107;-9281;0;0;154;0;17930
52;Pays de la Loire;2024-12-02;18:00;3529;127;0;508;0;5;0;56;2833;0;0;322;186;696
75;Nouvelle-Aquitaine;2024-12-02;18:00;5347;129;4755;435;0;1202;0;197;-1365;0;0;435;0;6718
93;Provence-Alpes-Côte d'Azur;2024-12-02;18:00;5275;1017;0;11;0;2214;0;120;1914;0;0;11;0;3362
24;Centre-Val de Loire;2024-12-02;18:00;2488;35;10582;713;0;59;0;62;-8963;0;0;713;0;11451
76;Occitanie;2024-12-02;18:00;5045;45;2566;803;0;2720;0;102;-1191;0;0;803;0;6236
44;Grand Est;2024-12-02;18:00;5988;1921;8352;1748;0;962;0;149;-7142;0;0;1748;0;13132
93;Provence-Alpes-Côte d'Azur;2024-12-02;18:30;5423;1018;0;7;0;2241;0;120;2037;0;0;7;0;3386
44;Grand Est;2024-12-02;18:30;6086;1900;8339;1795;0;1002;0;150;-7099;0;0;1795;0;13186
11;Île-de-France;2024-12-02;18:30;10143;263;0;72;0;5;0;133;9671;0;0;72;0;473
53;Bretagne;2024-12-02;18:30;3164;665;0;683;0;15;-1;53;1749;0;0;242;441;1415
27;Bourgogne-Franche-Comté;2024-12-02;18:30;2959;124;0;381;0;246;0;48;2160;0;0;381;0;799
75;Nouvelle-Aquitaine;2024-12-02;18:30;5496;131;4786;469;0;1177;0;198;-1271;0;0;469;0;6761
28;Normandie;2024-12-02;18:30;3735;225;6187;901;0;17;0;76;-3671;0;0;432;469;7406
84;Auvergne-Rhône-Alpes;2024-12-02;18:30;8949;517;11576;171;0;5481;-4;107;-8899;0;0;171;0;17848
76;Occitanie;2024-12-02;18:30;5133;45;2564;877;1;2516;0;102;-971;0;0;877;0;6105
52;Pays de la Loire;2024-12-02;18:30;3593;130;0;526;0;5;0;54;2878;0;0;304;221;715
32;Hauts-de-France;2024-12-02;18:30;6501;654;4595;2521;0;2;0;132;-1402;0;0;2521;0;7904
24;Centre-Val de Loire;2024-12-02;18:30;2537;35;10610;670;0;61;0;63;-8902;0;0;670;0;11439
28;Normandie;2024-12-02;19:00;3872;225;6184;893;0;17;0;77;-3524;0;0;401;492;7396
52;Pays de la Loire;2024-12-02;19:00;3726;132;0;626;0;5;0;55;2908;0;0;308;318;818
32;Hauts-de-France;2024-12-02;19:00;6776;647;4595;2291;0;2;0;134;-893;0;0;2291;0;7669
44;Grand Est;2024-12-02;19:00;6151;1903;8382;1768;0;1116;-1;151;-7168;0;0;1768;0;13319
76;Occitanie;2024-12-02;19:00;5353;45;2564;914;1;3155;0;103;-1428;0;0;914;0;6782
84;Auvergne-Rhône-Alpes;2024-12-02;19:00;8940;517;11618;171;0;5474;-4;108;-8944;0;0;171;0;17884
75;Nouvelle-Aquitaine;2024-12-02;19:00;5728;132;4813;497;0;1146;0;202;-1066;0;0;497;0;6790
11;Île-de-France;2024-12-02;19:00;10441;264;0;75;0;5;0;133;9965;0;0;75;0;477
24;Centre-Val de Loire;2024-12-02;19:00;2591;35;10620;692;0;61;0;63;-8879;0;0;692;0;11471
53;Bretagne;2024-12-02;19:00;3269;672;0;689;0;15;-1;53;1841;0;0;273;415;1428
93;Provence-Alpes-Côte d'Azur;2024-12-02;19:00;5583;1015;0;10;0;2226;0;119;2213;0;0;11;0;3370
27;Bourgogne-Franche-Comté;2024-12-02;19:00;3020;126;0;450;0;261;0;48;2135;0;0;450;0;885
75;Nouvelle-Aquitaine;2024-12-02;19:30;5747;133;4816;419;0;1169;0;202;-990;0;0;419;0;6739
24;Centre-Val de Loire;2024-12-02;19:30;2671;35;10624;664;0;61;0;63;-8777;0;0;664;0;11447
11;Île-de-France;2024-12-02;19:30;10523;263;0;65;0;5;0;134;10056;0;0;65;0;467
53;Bretagne;2024-12-02;19:30;3286;687;0;709;0;15;-1;53;1822;0;0;256;453;1463
52;Pays de la Loire;2024-12-02;19:30;3717;133;0;647;0;5;0;56;2875;0;0;335;312;841
76;Occitanie;2024-12-02;19:30;5392;45;2564;915;0;3169;0;101;-1402;0;0;915;0;6794
93;Provence-Alpes-Côte d'Azur;2024-12-02;19:30;5630;1017;0;19;0;2206;0;123;2266;0;0;19;0;3365
28;Normandie;2024-12-02;19:30;3869;226;6186;871;0;17;0;80;-3511;0;0;381;490;7380
27;Bourgogne-Franche-Comté;2024-12-02;19:30;3029;125;0;468;0;273;0;49;2114;0;0;468;0;915
32;Hauts-de-France;2024-12-02;19:30;6729;666;4594;2103;0;2;0;135;-772;0;0;2103;0;7500
44;Grand Est;2024-12-02;19:30;6196;1904;8470;1675;0;1130;-1;151;-7135;0;0;1675;0;13329
84;Auvergne-Rhône-Alpes;2024-12-02;19:30;9043;518;11644;171;0;5733;-4;109;-9127;0;0;171;0;18171
53;Bretagne;2024-12-02;20:00;3179;669;0;673;0;15;-8;53;1777;0;0;239;434;1402
52;Pays de la Loire;2024-12-02;20:00;3648;131;0;651;0;5;0;57;2804;0;0;353;298;844
32;Hauts-de-France;2024-12-02;20:00;6700;666;4593;2153;0;2;0;136;-851;0;0;2153;0;7550
27;Bourgogne-Franche-Comté;2024-12-02;20:00;2892;126;0;421;0;264;0;49;2033;0;0;421;0;860
75;Nouvelle-Aquitaine;2024-12-02;20:00;5555;134;4818;369;0;1200;0;202;-1163;0;0;369;0;6723
11;Île-de-France;2024-12-02;20:00;10418;263;0;60;0;5;0;135;9956;0;0;60;0;463
24;Centre-Val de Loire;2024-12-02;20:00;2529;35;10627;615;0;61;0;64;-8872;0;0;615;0;11402
76;Occitanie;2024-12-02;20:00;5231;45;2564;899;0;2991;0;102;-1371;0;0;899;0;6601
93;Provence-Alpes-Côte d'Azur;2024-12-02;20:00;5519;1020;0;21;0;2104;0;123;2251;0;0;21;0;3268
44;Grand Est;2024-12-02;20:00;6050;1746;8430;1679;0;1111;-1;152;-7069;0;0;1679;0;13117
84;Auvergne-Rhône-Alpes;2024-12-02;20:00;8824;514;11645;176;0;4815;-4;110;-8432;0;0;176;0;17256
28;Normandie;2024-12-02;20:00;3795;226;6192;920;0;17;0;86;-3645;0;0;430;490;7441
76;Occitanie;2024-12-02;20:30;5093;41;2566;907;0;2940;0;99;-1460;0;0;907;0;6553
75;Nouvelle-Aquitaine;2024-12-02;20:30;5473;133;4819;398;0;1112;0;200;-1186;0;0;398;0;6662
27;Bourgogne-Franche-Comté;2024-12-02;20:30;2757;125;0;388;0;241;0;48;1955;0;0;388;0;802
84;Auvergne-Rhône-Alpes;2024-12-02;20:30;8510;345;11651;179;0;4740;-4;110;-8511;0;0;179;0;17021
93;Provence-Alpes-Côte d'Azur;2024-12-02;20:30;5380;1031;0;10;0;1975;0;123;2241;0;0;10;0;3139
53;Bretagne;2024-12-02;20:30;3074;670;0;649;0;15;-53;53;1741;0;0;229;420;1334
44;Grand Est;2024-12-02;20:30;5857;1354;8472;1684;0;1145;-1;153;-6951;0;0;1684;0;12807
52;Pays de la Loire;2024-12-02;20:30;3512;127;0;575;0;5;0;54;2750;0;0;377;198;761
28;Normandie;2024-12-02;20:30;3680;222;6194;899;0;17;0;87;-3739;0;0;415;484;7419
32;Hauts-de-France;2024-12-02;20:30;6444;652;4593;2223;0;2;0;134;-1159;0;0;2223;0;7604
24;Centre-Val de Loire;2024-12-02;20:30;2428;35;10634;596;0;61;0;63;-8960;0;0;596;0;11389
11;Île-de-France;2024-12-02;20:30;10171;263;0;64;0;5;0;134;9707;0;0;64;0;466
84;Auvergne-Rhône-Alpes;2024-12-02;21:00;8358;337;11655;193;0;4035;-4;108;-7967;0;0;193;0;16324
24;Centre-Val de Loire;2024-12-02;21:00;2366;35;10637;613;0;54;0;63;-9036;0;0;613;0;11402
32;Hauts-de-France;2024-12-02;21:00;6248;658;4594;2292;0;2;0;136;-1432;0;0;2292;0;7682
75;Nouvelle-Aquitaine;2024-12-02;21:00;5263;133;4819;410;0;994;0;200;-1290;0;0;410;0;6556
11;Île-de-France;2024-12-02;21:00;9771;263;0;71;0;5;0;130;9303;0;0;71;0;469
76;Occitanie;2024-12-02;21:00;4853;41;2568;896;0;1933;0;101;-685;0;0;896;0;5539
52;Pays de la Loire;2024-12-02;21:00;3366;128;0;524;0;5;0;54;2654;0;0;370;154;711
93;Provence-Alpes-Côte d'Azur;2024-12-02;21:00;5236;1031;0;6;0;1878;0;124;2197;0;0;6;0;3039
53;Bretagne;2024-12-02;21:00;2935;669;0;574;0;15;-57;53;1682;0;0;193;380;1254
44;Grand Est;2024-12-02;21:00;5680;1403;8438;1713;0;1167;-1;152;-7191;0;0;1713;0;12872
27;Bourgogne-Franche-Comté;2024-12-02;21:00;2747;126;0;381;0;149;0;48;2043;0;0;381;0;704
28;Normandie;2024-12-02;21:00;3582;222;6196;865;0;17;0;85;-3804;0;0;391;474;7385
84;Auvergne-Rhône-Alpes;2024-12-02;21:30;8161;506;11655;185;0;3836;-4;110;-8127;0;0;185;0;16288
53;Bretagne;2024-12-02;21:30;2844;668;0;520;0;15;-57;53;1646;0;0;163;357;1199
27;Bourgogne-Franche-Comté;2024-12-02;21:30;2744;126;0;337;0;123;0;48;2110;0;0;337;0;634
44;Grand Est;2024-12-02;21:30;5568;1498;8465;1712;0;1045;-1;153;-7303;0;0;1712;0;12872
75;Nouvelle-Aquitaine;2024-12-02;21:30;5114;133;4822;394;0;884;0;204;-1320;0;0;394;0;6437
28;Normandie;2024-12-02;21:30;3637;222;6197;813;0;18;0;85;-3696;0;0;375;438;7335
93;Provence-Alpes-Côte d'Azur;2024-12-02;21:30;5011;1032;0;7;0;1502;0;125;2346;0;0;8;0;2666
52;Pays de la Loire;2024-12-02;21:30;3240;128;0;439;0;5;0;54;2613;0;0;334;105;626
76;Occitanie;2024-12-02;21:30;4638;41;2570;858;0;2190;0;102;-1123;0;0;858;0;5761
32;Hauts-de-France;2024-12-02;21:30;6045;642;4595;2144;0;2;0;136;-1473;0;0;2144;0;7519
24;Centre-Val de Loire;2024-12-02;21:30;2354;35;10643;599;0;12;0;63;-8998;0;0;599;0;11352
11;Île-de-France;2024-12-02;21:30;9417;263;0;76;0;5;0;132;8941;0;0;76;0;476
52;Pays de la Loire;2024-12-02;22:00;3135;128;0;355;0;5;0;55;2591;0;0;277;78;543
44;Grand Est;2024-12-02;22:00;5376;1336;8445;1747;0;953;0;152;-7251;0;0;1747;0;12633
93;Provence-Alpes-Côte d'Azur;2024-12-02;22:00;4945;864;0;14;0;1424;0;125;2519;0;0;14;0;2427
24;Centre-Val de Loire;2024-12-02;22:00;2284;34;10649;607;0;11;0;62;-9079;0;0;607;0;11363
11;Île-de-France;2024-12-02;22:00;9159;263;0;73;0;5;0;134;8687;0;0;73;0;475
84;Auvergne-Rhône-Alpes;2024-12-02;22:00;7888;519;11655;173;0;3221;-4;109;-7786;0;0;173;0;15673
27;Bourgogne-Franche-Comté;2024-12-02;22:00;2647;126;0;310;0;103;0;48;2060;0;0;310;0;587
53;Bretagne;2024-12-02;22:00;2850;668;0;471;0;15;-52;53;1695;0;0;178;293;1155
32;Hauts-de-France;2024-12-02;22:00;5977;655;4596;2105;0;2;0;136;-1513;0;0;2105;0;7494
75;Nouvelle-Aquitaine;2024-12-02;22:00;5000;133;4824;404;0;765;0;207;-1331;0;0;404;0;6333
76;Occitanie;2024-12-02;22:00;4567;41;2573;836;0;1546;0;101;-528;0;0;836;0;5097
28;Normandie;2024-12-02;22:00;3567;222;6198;746;0;18;0;84;-3702;0;0;327;420;7268
84;Auvergne-Rhône-Alpes;2024-12-02;22:30;7851;520;11655;172;0;3514;-4;111;-8116;0;0;172;0;15968
11;Île-de-France;2024-12-02;22:30;9070;263;0;72;0;5;0;134;8596;0;0;72;0;474
53;Bretagne;2024-12-02;22:30;2890;668;0;415;0;8;0;54;1746;0;0;180;235;1145
27;Bourgogne-Franche-Comté;2024-12-02;22:30;2616;126;0;311;0;100;0;48;2031;0;0;311;0;585
32;Hauts-de-France;2024-12-02;22:30;5907;542;4598;2058;0;2;0;136;-1430;0;0;2058;0;7336
44;Grand Est;2024-12-02;22:30;5454;1426;8500;1725;0;968;0;151;-7318;0;0;1725;0;12770
28;Normandie;2024-12-02;22:30;3701;223;6198;586;0;18;0;88;-3411;0;0;277;309;7113
52;Pays de la Loire;2024-12-02;22:30;3248;129;0;410;0;5;0;55;2648;0;0;253;157;599
76;Occitanie;2024-12-02;22:30;4569;41;2575;840;0;1508;0;101;-497;0;0;840;0;5065
75;Nouvelle-Aquitaine;2024-12-02;22:30;5197;134;4825;406;0;748;0;207;-1128;0;0;406;0;6320
93;Provence-Alpes-Côte d'Azur;2024-12-02;22:30;4906;931;0;15;0;1219;0;127;2615;0;0;15;0;2292
24;Centre-Val de Loire;2024-12-02;22:30;2309;35;10652;593;0;11;0;62;-9044;0;0;593;0;11353
44;Grand Est;2024-12-02;23:00;5414;1447;8489;1698;0;985;0;150;-7353;0;0;1698;0;12769
75;Nouvelle-Aquitaine;2024-12-02;23:00;5359;134;4825;320;0;726;0;207;-846;0;0;320;0;6212
28;Normandie;2024-12-02;23:00;3713;222;6198;427;0;18;0;87;-3240;0;0;237;191;6952
11;Île-de-France;2024-12-02;23:00;9164;263;0;72;0;5;0;136;8689;0;0;72;0;476
76;Occitanie;2024-12-02;23:00;4807;41;2576;833;0;1373;0;99;-115;0;0;833;0;4922
84;Auvergne-Rhône-Alpes;2024-12-02;23:00;8009;520;11648;177;0;3041;-4;106;-7481;0;0;177;0;15488
32;Hauts-de-France;2024-12-02;23:00;5845;570;4603;1936;0;2;0;136;-1402;0;0;1936;0;7247
52;Pays de la Loire;2024-12-02;23:00;3552;129;0;357;0;5;0;55;3006;0;0;260;97;546
53;Bretagne;2024-12-02;23:00;3013;668;0;433;0;22;-1;54;1837;0;0;202;231;1176
24;Centre-Val de Loire;2024-12-02;23:00;2271;35;10649;583;0;10;0;63;-9070;0;0;583;0;11340
27;Bourgogne-Franche-Comté;2024-12-02;23:00;2607;126;0;293;0;99;0;49;2041;0;0;293;0;567
93;Provence-Alpes-Côte d'Azur;2024-12-02;23:00;4956;963;0;16;0;1143;0;126;2709;0;0;16;0;2248
84;Auvergne-Rhône-Alpes;2024-12-02;23:30;7917;521;11645;178;0;3084;-4;106;-7613;0;0;178;0;15530
24;Centre-Val de Loire;2024-12-02;23:30;2287;35;10653;517;0;10;0;62;-8990;0;0;517;0;11277
27;Bourgogne-Franche-Comté;2024-12-02;23:30;2457;126;0;288;0;99;0;48;1896;0;0;288;0;561
32;Hauts-de-France;2024-12-02;23:30;5858;368;4606;1822;0;2;0;140;-1080;0;0;1822;0;6938
75;Nouvelle-Aquitaine;2024-12-02;23:30;5262;134;4825;265;0;612;0;208;-788;0;0;265;0;6044
93;Provence-Alpes-Côte d'Azur;2024-12-02;23:30;5216;938;0;17;0;1114;0;127;3021;0;0;18;0;2196
44;Grand Est;2024-12-02;23:30;5418;1030;8549;1736;0;1017;0;151;-7064;0;0;1736;0;12483
76;Occitanie;2024-12-02;23:30;4667;41;2577;793;0;1164;0;100;-9;0;0;793;0;4675
28;Normandie;2024-12-02;23:30;3585;223;6197;351;0;18;0;87;-3290;0;0;227;124;6876
52;Pays de la Loire;2024-12-02;23:30;3415;128;0;381;0;5;0;56;2844;0;0;294;87;570
53;Bretagne;2024-12-02;23:30;2889;668;0;364;0;125;-1;53;1679;0;0;210;155;1209
11;Île-de-France;2024-12-02;23:30;8927;263;0;62;0;5;0;134;8463;0;0;62;0;464
