Code INSEE région;Région;Date;Heure;Consommation (MW);Thermique (MW);Nucléaire (MW);Eolien (MW);Solaire (MW);Hydraulique (MW);Pompage (MW);Bioénergies (MW);Ech. physiques (MW);Stockage batterie;Déstockage batterie;Eolien terrestre;Eolien offshore;Total gen (MW);nuclear_selected_MW;gen_reduced_MW;nuclear_gen_reduced_MW
11;Île-de-France;2024-01-18;00:00;11026;487;0;24;0;6;0;122;10388;0;0;24;0;639;0.0;639.0;0.0
11;Île-de-France;2024-01-18;01:00;10413;484;0;24;0;6;0;121;9786;0;0;24;0;635;0.0;635.0;0.0
11;Île-de-France;2024-01-18;02:00;9802;484;0;62;0;6;0;124;9130;0;0;62;0;676;0.0;676.0;0.0
11;Île-de-France;2024-01-18;03:00;9539;472;0;88;0;6;0;124;8854;0;0;88;0;690;0.0;690.0;0.0
11;Île-de-France;2024-01-18;04:00;9446;472;0;93;0;6;0;127;8750;0;0;93;0;698;0.0;698.0;0.0
11;Île-de-France;2024-01-18;05:00;9825;424;0;90;0;6;0;128;9174;0;0;90;0;648;0.0;648.0;0.0
11;Île-de-France;2024-01-18;06:00;10495;473;0;69;0;6;0;128;9819;0;0;69;0;676;0.0;676.0;0.0
11;Île-de-France;2024-01-18;07:00;11584;470;0;82;0;5;0;121;10909;0;0;82;0;678;0.0;678.0;0.0
11;Île-de-France;2024-01-18;08:00;12426;470;0;75;0;5;0;118;11758;0;0;75;0;668;0.0;668.0;0.0
11;Île-de-France;2024-01-18;09:00;12790;470;0;55;1;5;0;121;12137;0;0;55;0;652;0.0;652.0;0.0
11;Île-de-France;2024-01-18;10:00;12894;471;0;45;4;5;0;119;12252;0;0;45;0;644;0.0;644.0;0.0
11;Île-de-France;2024-01-18;11:00;12879;470;0;36;20;5;0;118;12232;0;0;36;0;649;0.0;649.0;0.0
11;Île-de-France;2024-01-18;12:00;12801;462;0;29;46;5;0;120;12140;0;0;29;0;662;0.0;662.0;0.0
11;Île-de-France;2024-01-18;13:00;12701;474;0;31;59;5;0;123;12009;0;0;31;0;692;0.0;692.0;0.0
11;Île-de-France;2024-01-18;14:00;12297;470;0;38;57;5;0;132;11596;0;0;38;0;702;0.0;702.0;0.0
11;Île-de-France;2024-01-18;15:00;11989;499;0;32;53;5;0;128;11272;0;0;32;0;717;0.0;717.0;0.0
11;Île-de-France;2024-01-18;16:00;11816;487;0;19;19;5;0;127;11160;0;0;19;0;657;0.0;657.0;0.0
11;Île-de-France;2024-01-18;17:00;12248;485;0;30;1;5;0;123;11603;0;0;30;0;644;0.0;644.0;0.0
11;Île-de-France;2024-01-18;18:00;13003;477;0;21;0;5;0;125;12375;0;0;21;0;628;0.0;628.0;0.0
11;Île-de-France;2024-01-18;19:00;13335;484;0;25;0;5;0;127;12695;0;0;25;0;641;0.0;641.0;0.0
11;Île-de-France;2024-01-18;20:00;13147;487;0;26;0;5;0;126;12504;0;0;26;0;644;0.0;644.0;0.0
11;Île-de-France;2024-01-18;21:00;12512;475;0;28;0;5;0;121;11884;0;0;28;0;629;0.0;629.0;0.0
11;Île-de-France;2024-01-18;22:00;11828;485;0;31;0;5;0;127;11180;0;0;31;0;648;0.0;648.0;0.0
11;Île-de-France;2024-01-18;23:00;11918;486;0;28;0;5;0;130;11270;0;0;28;0;649;0.0;649.0;0.0
11;Île-de-France;2024-02-04;00:00;8370;331;0;19;0;8;0;141;7871;0;0;19;0;499;0.0;499.0;0.0
11;Île-de-France;2024-02-04;01:00;7839;334;0;26;0;8;0;141;7334;0;0;26;0;509;0.0;509.0;0.0
11;Île-de-France;2024-02-04;02:00;7228;335;0;33;0;8;0;140;6718;0;0;33;0;516;0.0;516.0;0.0
11;Île-de-France;2024-02-04;03:00;6840;335;0;30;0;8;0;141;6334;0;0;30;0;514;0.0;514.0;0.0
11;Île-de-France;2024-02-04;04:00;6589;335;0;33;0;7;0;144;6070;0;0;33;0;519;0.0;519.0;0.0
11;Île-de-France;2024-02-04;05:00;6546;335;0;27;0;7;0;140;6037;0;0;27;0;509;0.0;509.0;0.0
11;Île-de-France;2024-02-04;06:00;6684;335;0;30;0;7;0;141;6172;0;0;30;0;513;0.0;513.0;0.0
11;Île-de-France;2024-02-04;07:00;6970;333;0;23;0;7;0;139;6468;0;0;23;0;502;0.0;502.0;0.0
11;Île-de-France;2024-02-04;08:00;7295;333;0;18;0;7;0;142;6795;0;0;18;0;500;0.0;500.0;0.0
11;Île-de-France;2024-02-04;09:00;7830;333;0;21;8;7;0;140;7319;0;0;21;0;509;0.0;509.0;0.0
11;Île-de-France;2024-02-04;10:00;8345;333;0;18;21;7;0;137;7825;0;0;18;0;516;0.0;516.0;0.0
11;Île-de-France;2024-02-04;11:00;8641;333;0;21;43;7;0;139;8096;0;0;21;0;543;0.0;543.0;0.0
11;Île-de-France;2024-02-04;12:00;9013;334;0;33;43;7;0;138;8462;0;0;33;0;555;0.0;555.0;0.0
11;Île-de-France;2024-02-04;13:00;9067;333;0;37;30;7;0;138;8524;0;0;37;0;545;0.0;545.0;0.0
11;Île-de-France;2024-02-04;14:00;8736;334;0;42;26;8;0;141;8190;0;0;42;0;551;0.0;551.0;0.0
11;Île-de-France;2024-02-04;15:00;8642;334;0;46;19;8;0;137;8099;0;0;46;0;544;0.0;544.0;0.0
11;Île-de-France;2024-02-04;16:00;8445;334;0;49;11;8;0;138;7906;0;0;49;0;540;0.0;540.0;0.0
11;Île-de-France;2024-02-04;17:00;8452;333;0;41;2;8;0;135;7934;0;0;41;0;519;0.0;519.0;0.0
11;Île-de-France;2024-02-04;18:00;9068;332;0;44;0;8;0;131;8555;0;0;44;0;515;0.0;515.0;0.0
11;Île-de-France;2024-02-04;19:00;9577;332;0;43;0;8;0;132;9062;0;0;43;0;515;0.0;515.0;0.0
11;Île-de-France;2024-02-04;20:00;9547;330;0;43;0;8;0;130;9037;0;0;43;0;511;0.0;511.0;0.0
11;Île-de-France;2024-02-04;21:00;9060;331;0;47;0;8;0;131;8543;0;0;47;0;517;0.0;517.0;0.0
11;Île-de-France;2024-02-04;22:00;8563;333;0;48;0;8;0;131;8047;0;0;48;0;520;0.0;520.0;0.0
11;Île-de-France;2024-02-04;23:00;8690;333;0;42;0;8;0;134;8175;0;0;42;0;517;0.0;517.0;0.0
11;Île-de-France;2024-03-12;00:00;8225;395;0;37;0;0;0;123;7672;0;0;37;0;555;0.0;555.0;0.0
11;Île-de-France;2024-03-12;01:00;7629;395;0;40;0;0;0;125;7070;0;0;40;0;560;0.0;560.0;0.0
11;Île-de-France;2024-03-12;02:00;7123;395;0;37;0;0;0;128;6565;0;0;37;0;560;0.0;560.0;0.0
11;Île-de-France;2024-03-12;03:00;6855;396;0;35;0;0;0;125;6299;0;0;35;0;556;0.0;556.0;0.0
11;Île-de-France;2024-03-12;04:00;6742;395;0;30;0;0;0;119;6198;0;0;30;0;544;0.0;544.0;0.0
11;Île-de-France;2024-03-12;05:00;7208;395;0;37;0;0;0;117;6659;0;0;37;0;549;0.0;549.0;0.0
11;Île-de-France;2024-03-12;06:00;7996;405;0;42;0;0;0;114;7436;0;0;42;0;561;0.0;561.0;0.0
11;Île-de-France;2024-03-12;07:00;8833;405;0;45;1;0;0;113;8270;0;0;45;0;564;0.0;564.0;0.0
11;Île-de-France;2024-03-12;08:00;9378;561;0;34;20;0;0;107;8656;0;0;34;0;722;0.0;722.0;0.0
11;Île-de-France;2024-03-12;09:00;9457;612;0;25;55;0;0;108;8657;0;0;25;0;800;0.0;800.0;0.0
11;Île-de-France;2024-03-12;10:00;9476;610;0;21;53;0;0;105;8687;0;0;21;0;789;0.0;789.0;0.0
11;Île-de-France;2024-03-12;11:00;9531;612;0;18;54;0;0;105;8737;0;0;18;0;789;0.0;789.0;0.0
11;Île-de-France;2024-03-12;12:00;9775;505;0;33;46;0;0;103;9089;0;0;33;0;687;0.0;687.0;0.0
11;Île-de-France;2024-03-12;13:00;9760;502;0;45;44;0;0;104;9066;0;0;45;0;695;0.0;695.0;0.0
11;Île-de-France;2024-03-12;14:00;9579;499;0;57;33;0;0;108;8883;0;0;57;0;697;0.0;697.0;0.0
11;Île-de-France;2024-03-12;15:00;9361;501;0;60;25;0;0;111;8661;0;0;60;0;697;0.0;697.0;0.0
11;Île-de-France;2024-03-12;16:00;9196;394;0;51;26;0;0;117;8610;0;0;51;0;588;0.0;588.0;0.0
11;Île-de-France;2024-03-12;17:00;9206;390;0;48;19;0;0;120;8635;0;0;48;0;577;0.0;577.0;0.0
11;Île-de-France;2024-03-12;18:00;9680;395;0;45;3;0;0;120;9114;0;0;45;0;563;0.0;563.0;0.0
11;Île-de-France;2024-03-12;19:00;10160;397;0;41;0;0;0;118;9603;0;0;41;0;556;0.0;556.0;0.0
11;Île-de-France;2024-03-12;20:00;9831;402;0;47;0;0;0;118;9263;0;0;47;0;567;0.0;567.0;0.0
11;Île-de-France;2024-03-12;21:00;9229;402;0;58;0;0;0;121;8658;0;0;58;0;581;0.0;581.0;0.0
11;Île-de-France;2024-03-12;22:00;8519;403;0;75;0;0;0;115;7927;0;0;75;0;593;0.0;593.0;0.0
11;Île-de-France;2024-03-12;23:00;8495;404;0;72;0;0;0;119;7895;0;0;72;0;595;0.0;595.0;0.0
11;Île-de-France;2024-06-12;00:00;6008;0;0;1;0;13;0;108;5889;0;0;1;0;122;0.0;122.0;0.0
11;Île-de-France;2024-06-12;01:00;5346;0;0;5;0;13;0;103;5228;0;0;5;0;121;0.0;121.0;0.0
11;Île-de-France;2024-06-12;02:00;4756;0;0;8;0;13;0;109;4628;0;0;8;0;130;0.0;130.0;0.0
11;Île-de-France;2024-06-12;03:00;4553;0;0;11;0;13;0;112;4420;0;0;11;0;136;0.0;136.0;0.0
11;Île-de-France;2024-06-12;04:00;4446;0;0;13;0;13;0;110;4313;0;0;13;0;136;0.0;136.0;0.0
11;Île-de-France;2024-06-12;05:00;4673;0;0;12;0;13;0;111;4540;0;0;12;0;136;0.0;136.0;0.0
11;Île-de-France;2024-06-12;06:00;5234;0;0;16;4;13;0;112;5092;0;0;16;0;145;0.0;145.0;0.0
11;Île-de-France;2024-06-12;07:00;6122;0;0;17;26;13;0;108;5960;0;0;17;0;164;0.0;164.0;0.0
11;Île-de-France;2024-06-12;08:00;6727;0;0;4;78;13;0;112;6522;0;0;4;0;207;0.0;207.0;0.0
11;Île-de-France;2024-06-12;09:00;6924;0;0;0;142;13;0;112;6658;0;0;0;0;267;0.0;267.0;0.0
11;Île-de-France;2024-06-12;10:00;6968;0;0;0;177;13;0;110;6669;0;0;0;0;300;0.0;300.0;0.0
11;Île-de-France;2024-06-12;11:00;7024;0;0;1;173;13;0;109;6728;0;0;1;0;296;0.0;296.0;0.0
11;Île-de-France;2024-06-12;12:00;7228;8;0;2;180;13;0;104;6920;0;0;2;0;307;0.0;307.0;0.0
11;Île-de-France;2024-06-12;13:00;7216;0;0;1;180;13;0;107;6918;0;0;1;0;301;0.0;301.0;0.0
11;Île-de-France;2024-06-12;14:00;6993;8;0;0;168;13;0;107;6698;0;0;0;0;296;0.0;296.0;0.0
11;Île-de-France;2024-06-12;15:00;6830;6;0;0;143;13;0;106;6563;0;0;0;0;268;0.0;268.0;0.0
11;Île-de-France;2024-06-12;16:00;6610;9;0;1;119;13;0;101;6366;0;0;1;0;243;0.0;243.0;0.0
11;Île-de-France;2024-06-12;17:00;6545;9;0;2;117;13;0;106;6301;0;0;2;0;247;0.0;247.0;0.0
11;Île-de-France;2024-06-12;18:00;6637;48;0;4;89;13;0;109;6375;0;0;4;0;263;0.0;263.0;0.0
11;Île-de-France;2024-06-12;19:00;6886;286;0;6;60;13;0;105;6418;0;0;6;0;470;0.0;470.0;0.0
11;Île-de-France;2024-06-12;20:00;6872;287;0;4;46;13;0;107;6416;0;0;4;0;457;0.0;457.0;0.0
11;Île-de-France;2024-06-12;21:00;6606;4;0;3;15;13;0;105;6467;0;0;3;0;140;0.0;140.0;0.0
11;Île-de-France;2024-06-12;22:00;6404;0;0;1;0;13;0;104;6290;0;0;1;0;118;0.0;118.0;0.0
11;Île-de-France;2024-06-12;23:00;6556;0;0;2;0;13;0;106;6437;0;0;2;0;121;0.0;121.0;0.0
11;Île-de-France;2024-06-22;00:00;6119;0;0;62;0;6;0;119;5934;0;0;62;0;187;0.0;187.0;0.0
11;Île-de-France;2024-06-22;01:00;5498;0;0;102;0;6;0;110;5283;0;0;102;0;218;0.0;218.0;0.0
11;Île-de-France;2024-06-22;02:00;4774;0;0;95;0;6;0;108;4568;0;0;95;0;209;0.0;209.0;0.0
11;Île-de-France;2024-06-22;03:00;4517;0;0;75;0;6;0;110;4330;0;0;75;0;191;0.0;191.0;0.0
11;Île-de-France;2024-06-22;04:00;4310;120;0;78;0;6;0;118;3997;0;0;78;0;322;0.0;322.0;0.0
11;Île-de-France;2024-06-22;05:00;4321;126;0;54;0;5;0;116;4018;0;0;54;0;301;0.0;301.0;0.0
11;Île-de-France;2024-06-22;06:00;4389;127;0;33;1;5;0;118;4096;0;0;33;0;284;0.0;284.0;0.0
11;Île-de-France;2024-06-22;07:00;4710;65;0;48;11;5;0;115;4467;0;0;48;0;244;0.0;244.0;0.0
11;Île-de-France;2024-06-22;08:00;4960;0;0;35;23;6;0;119;4784;0;0;35;0;183;0.0;183.0;0.0
11;Île-de-France;2024-06-22;09:00;5509;0;0;39;35;6;0;119;5313;0;0;39;0;199;0.0;199.0;0.0
11;Île-de-France;2024-06-22;10:00;5936;0;0;28;60;5;0;117;5729;0;0;28;0;210;0.0;210.0;0.0
11;Île-de-France;2024-06-22;11:00;6228;0;0;21;129;5;0;116;5962;0;0;21;0;271;0.0;271.0;0.0
11;Île-de-France;2024-06-22;12:00;6417;0;0;16;149;5;0;101;6149;0;0;16;0;271;0.0;271.0;0.0
11;Île-de-France;2024-06-22;13:00;6512;0;0;24;180;5;0;101;6206;0;0;24;0;310;0.0;310.0;0.0
11;Île-de-France;2024-06-22;14:00;6269;0;0;24;184;5;0;110;5957;0;0;24;0;323;0.0;323.0;0.0
11;Île-de-France;2024-06-22;15:00;6090;0;0;36;180;4;0;111;5764;0;0;36;0;331;0.0;331.0;0.0
11;Île-de-France;2024-06-22;16:00;5888;0;0;29;182;4;0;106;5565;0;0;29;0;321;0.0;321.0;0.0
11;Île-de-France;2024-06-22;17:00;5801;0;0;35;162;4;0;110;5494;0;0;35;0;311;0.0;311.0;0.0
11;Île-de-France;2024-06-22;18:00;6143;0;0;42;121;4;0;110;5873;0;0;42;0;277;0.0;277.0;0.0
11;Île-de-France;2024-06-22;19:00;6275;0;0;27;74;4;0;109;6060;0;0;27;0;214;0.0;214.0;0.0
11;Île-de-France;2024-06-22;20:00;6331;0;0;23;60;4;0;111;6130;0;0;23;0;198;0.0;198.0;0.0
11;Île-de-France;2024-06-22;21:00;6093;0;0;19;18;4;0;112;5943;0;0;19;0;153;0.0;153.0;0.0
11;Île-de-France;2024-06-22;22:00;6016;0;0;11;0;4;0;113;5891;0;0;11;0;128;0.0;128.0;0.0
11;Île-de-France;2024-06-22;23:00;6389;0;0;18;0;4;0;113;6258;0;0;18;0;135;0.0;135.0;0.0
11;Île-de-France;2024-08-13;00:00;5810;0;0;66;0;10;0;155;5582;0;0;66;0;231;0.0;231.0;0.0
11;Île-de-France;2024-08-13;01:00;5241;0;0;23;0;10;0;156;5052;0;0;23;0;189;0.0;189.0;0.0
11;Île-de-France;2024-08-13;02:00;4816;0;0;9;0;10;0;154;4648;0;0;9;0;173;0.0;173.0;0.0
11;Île-de-France;2024-08-13;03:00;4616;0;0;7;0;10;0;159;4449;0;0;7;0;176;0.0;176.0;0.0
11;Île-de-France;2024-08-13;04:00;4503;0;0;3;0;10;0;143;4352;0;0;3;0;156;0.0;156.0;0.0
11;Île-de-France;2024-08-13;05:00;4618;0;0;3;0;10;0;141;4474;0;0;3;0;154;0.0;154.0;0.0
11;Île-de-France;2024-08-13;06:00;5128;0;0;2;0;10;0;143;4978;0;0;2;0;155;0.0;155.0;0.0
11;Île-de-France;2024-08-13;07:00;5436;0;0;7;7;10;0;144;5267;0;0;7;0;168;0.0;168.0;0.0
11;Île-de-France;2024-08-13;08:00;5802;0;0;4;30;10;0;147;5616;0;0;4;0;191;0.0;191.0;0.0
11;Île-de-France;2024-08-13;09:00;6065;0;0;1;63;9;0;143;5851;0;0;1;0;216;0.0;216.0;0.0
11;Île-de-France;2024-08-13;10:00;6312;0;0;1;67;10;0;139;6101;0;0;1;0;217;0.0;217.0;0.0
11;Île-de-France;2024-08-13;11:00;6389;0;0;1;100;10;0;122;6160;0;0;1;0;233;0.0;233.0;0.0
11;Île-de-France;2024-08-13;12:00;6604;0;0;0;128;10;0;129;6340;0;0;0;0;267;0.0;267.0;0.0
11;Île-de-France;2024-08-13;13:00;6637;0;0;0;130;10;0;128;6374;0;0;0;0;268;0.0;268.0;0.0
11;Île-de-France;2024-08-13;14:00;6598;0;0;0;134;10;0;127;6334;0;0;0;0;271;0.0;271.0;0.0
11;Île-de-France;2024-08-13;15:00;6542;0;0;0;151;10;0;130;6254;0;0;0;0;291;0.0;291.0;0.0
11;Île-de-France;2024-08-13;16:00;6509;0;0;2;154;10;0;120;6228;0;0;2;0;286;0.0;286.0;0.0
11;Île-de-France;2024-08-13;17:00;6471;0;0;6;90;11;0;125;6243;0;0;6;0;232;0.0;232.0;0.0
11;Île-de-France;2024-08-13;18:00;6489;0;0;8;48;11;0;130;6299;0;0;8;0;197;0.0;197.0;0.0
11;Île-de-France;2024-08-13;19:00;6421;0;0;6;32;11;0;127;6255;0;0;6;0;176;0.0;176.0;0.0
11;Île-de-France;2024-08-13;20:00;6332;0;0;8;24;11;0;129;6165;0;0;8;0;172;0.0;172.0;0.0
11;Île-de-France;2024-08-13;21:00;5947;0;0;6;5;11;0;131;5794;0;0;6;0;153;0.0;153.0;0.0
11;Île-de-France;2024-08-13;22:00;5836;0;0;4;0;11;0;134;5693;0;0;4;0;149;0.0;149.0;0.0
11;Île-de-France;2024-08-13;23:00;6003;0;0;6;0;11;0;138;5853;0;0;6;0;155;0.0;155.0;0.0
11;Île-de-France;2024-09-17;00:00;5763;0;0;59;0;12;0;148;5546;0;0;59;0;219;0.0;219.0;0.0
11;Île-de-France;2024-09-17;01:00;5126;0;0;60;0;12;0;147;4909;0;0;60;0;219;0.0;219.0;0.0
11;Île-de-France;2024-09-17;02:00;4601;0;0;65;0;12;0;144;4382;0;0;65;0;221;0.0;221.0;0.0
11;Île-de-France;2024-09-17;03:00;4406;0;0;66;0;11;0;144;4188;0;0;66;0;221;0.0;221.0;0.0
11;Île-de-France;2024-09-17;04:00;4269;0;0;68;0;11;0;147;4044;0;0;68;0;226;0.0;226.0;0.0
11;Île-de-France;2024-09-17;05:00;4494;0;0;77;0;11;0;147;4269;0;0;77;0;235;0.0;235.0;0.0
11;Île-de-France;2024-09-17;06:00;5262;0;0;64;0;11;0;145;5043;0;0;64;0;220;0.0;220.0;0.0
11;Île-de-France;2024-09-17;07:00;6179;0;0;66;0;11;0;147;5952;0;0;66;0;224;0.0;224.0;0.0
11;Île-de-France;2024-09-17;08:00;6768;0;0;60;9;11;0;149;6544;0;0;60;0;229;0.0;229.0;0.0
11;Île-de-France;2024-09-17;09:00;6956;0;0;73;33;11;0;146;6696;0;0;73;0;263;0.0;263.0;0.0
11;Île-de-France;2024-09-17;10:00;7026;0;0;84;47;11;0;145;6743;0;0;84;0;287;0.0;287.0;0.0
11;Île-de-France;2024-09-17;11:00;7054;0;0;87;89;5;0;144;6732;0;0;87;0;325;0.0;325.0;0.0
11;Île-de-France;2024-09-17;12:00;7234;0;0;92;170;12;0;145;6816;0;0;92;0;419;0.0;419.0;0.0
11;Île-de-France;2024-09-17;13:00;7307;0;0;92;171;12;0;144;6888;0;0;92;0;419;0.0;419.0;0.0
11;Île-de-France;2024-09-17;14:00;7221;0;0;96;161;12;0;148;6806;0;0;96;0;417;0.0;417.0;0.0
11;Île-de-France;2024-09-17;15:00;6952;0;0;97;182;12;0;148;6515;0;0;97;0;439;0.0;439.0;0.0
11;Île-de-France;2024-09-17;16:00;6726;0;0;98;210;11;0;142;6265;0;0;98;0;461;0.0;461.0;0.0
11;Île-de-France;2024-09-17;17:00;6703;0;0;104;172;11;0;150;6267;0;0;104;0;437;0.0;437.0;0.0
11;Île-de-France;2024-09-17;18:00;6797;0;0;108;64;11;0;150;6466;0;0;108;0;333;0.0;333.0;0.0
11;Île-de-France;2024-09-17;19:00;7168;0;0;64;13;11;0;148;6933;0;0;64;0;236;0.0;236.0;0.0
11;Île-de-France;2024-09-17;20:00;7247;0;0;60;2;11;0;149;7026;0;0;60;0;222;0.0;222.0;0.0
11;Île-de-France;2024-09-17;21:00;7030;0;0;78;0;11;0;149;6793;0;0;78;0;238;0.0;238.0;0.0
11;Île-de-France;2024-09-17;22:00;6416;0;0;91;0;11;0;151;6172;0;0;91;0;253;0.0;253.0;0.0
11;Île-de-France;2024-09-17;23:00;6398;0;0;93;0;11;0;152;6144;0;0;93;0;256;0.0;256.0;0.0
11;Île-de-France;2024-10-04;00:00;6979;0;0;58;0;9;0;124;6790;0;0;58;0;191;0.0;191.0;0.0
11;Île-de-France;2024-10-04;01:00;6333;0;0;55;0;9;0;126;6146;0;0;55;0;190;0.0;190.0;0.0
11;Île-de-France;2024-10-04;02:00;5640;0;0;56;0;9;0;126;5449;0;0;56;0;191;0.0;191.0;0.0
11;Île-de-France;2024-10-04;03:00;5311;1;0;62;0;9;0;128;5110;0;0;62;0;200;0.0;200.0;0.0
11;Île-de-France;2024-10-04;04:00;5253;0;0;48;0;9;0;126;5070;0;0;48;0;183;0.0;183.0;0.0
11;Île-de-France;2024-10-04;05:00;5597;0;0;37;0;9;0;128;5423;0;0;37;0;174;0.0;174.0;0.0
11;Île-de-France;2024-10-04;06:00;6463;0;0;44;0;10;0;122;6288;0;0;44;0;176;0.0;176.0;0.0
11;Île-de-France;2024-10-04;07:00;7740;0;0;56;0;10;0;123;7554;0;0;56;0;189;0.0;189.0;0.0
11;Île-de-France;2024-10-04;08:00;8374;446;0;45;5;10;0;120;7748;0;0;45;0;626;0.0;626.0;0.0
11;Île-de-France;2024-10-04;09:00;8616;452;0;28;54;10;0;119;7953;0;0;28;0;663;0.0;663.0;0.0
11;Île-de-France;2024-10-04;10:00;8602;474;0;18;90;10;0;117;7893;0;0;18;0;709;0.0;709.0;0.0
11;Île-de-France;2024-10-04;11:00;8465;70;0;9;163;10;0;127;8088;0;0;9;0;379;0.0;379.0;0.0
11;Île-de-France;2024-10-04;12:00;8437;5;0;4;228;10;0;124;8067;0;0;4;0;371;0.0;371.0;0.0
11;Île-de-France;2024-10-04;13:00;8331;5;0;5;243;10;0;126;7947;0;0;5;0;389;0.0;389.0;0.0
11;Île-de-France;2024-10-04;14:00;8028;0;0;9;252;10;0;122;7641;0;0;9;0;393;0.0;393.0;0.0
11;Île-de-France;2024-10-04;15:00;7701;0;0;8;232;9;0;125;7319;0;0;8;0;374;0.0;374.0;0.0
11;Île-de-France;2024-10-04;16:00;7460;0;0;8;190;9;0;129;7115;0;0;8;0;336;0.0;336.0;0.0
11;Île-de-France;2024-10-04;17:00;7404;0;0;10;91;9;0;129;7168;0;0;10;0;239;0.0;239.0;0.0
11;Île-de-France;2024-10-04;18:00;7554;0;0;4;32;9;0;124;7388;0;0;4;0;169;0.0;169.0;0.0
11;Île-de-France;2024-10-04;19:00;8012;0;0;3;1;9;0;135;7866;0;0;3;0;148;0.0;148.0;0.0
11;Île-de-France;2024-10-04;20:00;8261;0;0;2;0;9;0;135;8116;0;0;2;0;146;0.0;146.0;0.0
11;Île-de-France;2024-10-04;21:00;7802;0;0;1;0;9;0;142;7651;0;0;1;0;152;0.0;152.0;0.0
11;Île-de-France;2024-10-04;22:00;7322;0;0;2;0;9;0;136;7177;0;0;2;0;147;0.0;147.0;0.0
11;Île-de-France;2024-10-04;23:00;7414;0;0;9;0;9;0;138;7260;0;0;9;0;156;0.0;156.0;0.0
11;Île-de-France;2024-11-04;00:00;7486;140;0;1;0;9;0;138;7198;0;0;1;0;288;0.0;288.0;0.0
11;Île-de-France;2024-11-04;01:00;6972;141;0;0;0;11;0;138;6680;0;0;0;0;290;0.0;290.0;0.0
11;Île-de-France;2024-11-04;02:00;6388;140;0;0;0;11;0;137;6102;0;0;0;0;288;0.0;288.0;0.0
11;Île-de-France;2024-11-04;03:00;6140;140;0;1;0;11;0;141;5851;0;0;1;0;293;0.0;293.0;0.0
11;Île-de-France;2024-11-04;04:00;6039;138;0;1;0;11;0;133;5755;0;0;1;0;283;0.0;283.0;0.0
11;Île-de-France;2024-11-04;05:00;6402;139;0;1;0;11;0;131;6118;0;0;1;0;282;0.0;282.0;0.0
11;Île-de-France;2024-11-04;06:00;7258;140;0;1;0;10;0;127;6979;0;0;1;0;278;0.0;278.0;0.0
11;Île-de-France;2024-11-04;07:00;8338;140;0;2;0;10;0;128;8058;0;0;2;0;280;0.0;280.0;0.0
11;Île-de-France;2024-11-04;08:00;9012;141;0;1;8;10;0;125;8727;0;0;1;0;285;0.0;285.0;0.0
11;Île-de-France;2024-11-04;09:00;9344;143;0;1;42;10;0;121;9027;0;0;1;0;317;0.0;317.0;0.0
11;Île-de-France;2024-11-04;10:00;9265;156;0;1;67;10;0;116;8917;0;0;1;0;350;0.0;350.0;0.0
11;Île-de-France;2024-11-04;11:00;9175;232;0;0;125;10;0;128;8681;0;0;0;0;495;0.0;495.0;0.0
11;Île-de-France;2024-11-04;12:00;9094;256;0;1;166;10;0;131;8531;0;0;1;0;564;0.0;564.0;0.0
11;Île-de-France;2024-11-04;13:00;8965;256;0;1;193;10;0;134;8371;0;0;1;0;594;0.0;594.0;0.0
11;Île-de-France;2024-11-04;14:00;8607;257;0;2;187;11;0;134;8017;0;0;2;0;591;0.0;591.0;0.0
11;Île-de-France;2024-11-04;15:00;8308;260;0;1;137;11;0;130;7769;0;0;1;0;539;0.0;539.0;0.0
11;Île-de-France;2024-11-04;16:00;8066;262;0;2;29;11;0;131;7631;0;0;2;0;435;0.0;435.0;0.0
11;Île-de-France;2024-11-04;17:00;8433;263;0;2;3;11;0;132;8022;0;0;2;0;411;0.0;411.0;0.0
11;Île-de-France;2024-11-04;18:00;9134;280;0;1;0;11;0;131;8713;0;0;1;0;423;0.0;423.0;0.0
11;Île-de-France;2024-11-04;19:00;9545;854;0;1;0;11;0;128;8553;0;0;1;0;994;0.0;994.0;0.0
11;Île-de-France;2024-11-04;20:00;9420;865;0;1;0;11;0;123;8426;0;0;1;0;1000;0.0;1000.0;0.0
11;Île-de-France;2024-11-04;21:00;8737;310;0;0;0;11;0;125;8291;0;0;0;0;446;0.0;446.0;0.0
11;Île-de-France;2024-11-04;22:00;8109;263;0;1;0;11;0;124;7710;0;0;1;0;399;0.0;399.0;0.0
11;Île-de-France;2024-11-04;23:00;8131;263;0;1;0;11;0;126;7730;0;0;1;0;401;0.0;401.0;0.0
11;Île-de-France;2024-12-02;00:00;8735;146;0;54;0;5;0;140;8391;0;0;54;0;345;0.0;345.0;0.0
11;Île-de-France;2024-12-02;01:00;8031;146;0;43;0;5;0;130;7708;0;0;43;0;324;0.0;324.0;0.0
11;Île-de-France;2024-12-02;02:00;7374;146;0;62;0;5;0;132;7029;0;0;62;0;345;0.0;345.0;0.0
11;Île-de-France;2024-12-02;03:00;7136;146;0;65;0;5;0;136;6787;0;0;65;0;352;0.0;352.0;0.0
11;Île-de-France;2024-12-02;04:00;6840;145;0;75;0;5;0;127;6489;0;0;75;0;352;0.0;352.0;0.0
11;Île-de-France;2024-12-02;05:00;7170;146;0;68;0;5;0;140;6812;0;0;68;0;359;0.0;359.0;0.0
11;Île-de-France;2024-12-02;06:00;7917;146;0;76;0;5;0;136;7555;0;0;76;0;363;0.0;363.0;0.0
11;Île-de-France;2024-12-02;07:00;9028;145;0;65;0;5;0;130;8681;0;0;65;0;345;0.0;345.0;0.0
11;Île-de-France;2024-12-02;08:00;9605;155;0;65;0;5;0;128;9253;0;0;65;0;353;0.0;353.0;0.0
11;Île-de-France;2024-12-02;09:00;9857;155;0;47;10;5;0;124;9517;0;0;47;0;341;0.0;341.0;0.0
11;Île-de-France;2024-12-02;10:00;9849;154;0;49;24;5;0;129;9490;0;0;49;0;361;0.0;361.0;0.0
11;Île-de-France;2024-12-02;11:00;9836;153;0;51;63;5;0;128;9437;0;0;51;0;400;0.0;400.0;0.0
11;Île-de-France;2024-12-02;12:00;9890;167;0;45;72;5;0;132;9471;0;0;45;0;421;0.0;421.0;0.0
11;Île-de-France;2024-12-02;13:00;9827;252;0;54;74;5;0;118;9326;0;0;54;0;503;0.0;503.0;0.0
11;Île-de-France;2024-12-02;14:00;9535;261;0;64;72;5;0;134;9001;0;0;64;0;536;0.0;536.0;0.0
11;Île-de-France;2024-12-02;15:00;9231;261;0;70;61;5;0;136;8700;0;0;70;0;533;0.0;533.0;0.0
11;Île-de-France;2024-12-02;16:00;9215;263;0;69;12;5;0;132;8732;0;0;69;0;481;0.0;481.0;0.0
11;Île-de-France;2024-12-02;17:00;9787;264;0;64;0;5;0;130;9325;0;0;64;0;463;0.0;463.0;0.0
11;Île-de-France;2024-12-02;18:00;10143;263;0;72;0;5;0;133;9671;0;0;72;0;473;0.0;473.0;0.0
11;Île-de-France;2024-12-02;19:00;10523;263;0;65;0;5;0;134;10056;0;0;65;0;467;0.0;467.0;0.0
11;Île-de-France;2024-12-02;20:00;10418;263;0;60;0;5;0;135;9956;0;0;60;0;463;0.0;463.0;0.0
11;Île-de-France;2024-12-02;21:00;9771;263;0;71;0;5;0;130;9303;0;0;71;0;469;0.0;469.0;0.0
11;Île-de-France;2024-12-02;22:00;9159;263;0;73;0;5;0;134;8687;0;0;73;0;475;0.0;475.0;0.0
11;Île-de-France;2024-12-02;23:00;9164;263;0;72;0;5;0;136;8689;0;0;72;0;476;0.0;476.0;0.0
24;Centre-Val de Loire;2024-01-18;00:00;2772;90;8483;406;0;15;0;58;-6281;0;0;406;0;9052;1694.0;7358.0;6789.0
24;Centre-Val de Loire;2024-01-18;01:00;2698;90;8449;738;0;7;0;58;-6643;0;0;738;0;9342;1651.0;7691.0;6798.0
24;Centre-Val de Loire;2024-01-18;02:00;2635;90;8449;1003;0;6;0;59;-6972;0;0;1003;0;9607;1640.0;7967.0;6809.0
24;Centre-Val de Loire;2024-01-18;03:00;2623;90;8500;1014;0;6;0;60;-7046;0;0;1014;0;9670;1693.0;7977.0;6807.0
24;Centre-Val de Loire;2024-01-18;04:00;2547;90;8424;981;0;6;0;62;-7017;0;0;981;0;9563;1695.0;7868.0;6729.0
24;Centre-Val de Loire;2024-01-18;05:00;2661;91;8454;1014;0;6;0;61;-6965;0;0;1014;0;9626;1719.0;7907.0;6735.0
24;Centre-Val de Loire;2024-01-18;06:00;2876;91;8482;1020;0;13;0;60;-6791;0;0;1020;0;9666;1719.0;7947.0;6763.0
24;Centre-Val de Loire;2024-01-18;07:00;3183;91;8482;912;0;14;0;59;-6377;0;0;912;0;9558;1727.0;7831.0;6755.0
24;Centre-Val de Loire;2024-01-18;08:00;3341;95;8490;804;0;53;0;58;-6160;0;0;804;0;9500;1728.0;7772.0;6762.0
24;Centre-Val de Loire;2024-01-18;09:00;3348;95;8608;780;1;54;0;58;-6248;0;0;780;0;9596;1728.0;7868.0;6880.0
24;Centre-Val de Loire;2024-01-18;10:00;3317;93;8631;517;48;53;0;57;-6082;0;0;517;0;9399;1730.0;7669.0;6901.0
24;Centre-Val de Loire;2024-01-18;11:00;3347;95;8635;460;137;53;0;58;-6092;0;0;460;0;9438;1731.0;7707.0;6904.0
24;Centre-Val de Loire;2024-01-18;12:00;3285;95;8638;445;179;53;0;60;-6185;0;0;445;0;9470;1728.0;7742.0;6910.0
24;Centre-Val de Loire;2024-01-18;13:00;3174;95;8638;288;230;53;0;58;-6188;0;0;288;0;9362;1726.0;7636.0;6912.0
24;Centre-Val de Loire;2024-01-18;14:00;3109;95;8634;305;247;53;0;58;-6283;0;0;305;0;9392;1723.0;7669.0;6911.0
24;Centre-Val de Loire;2024-01-18;15:00;3096;94;8632;373;215;46;0;56;-6320;0;0;373;0;9416;1722.0;7694.0;6910.0
24;Centre-Val de Loire;2024-01-18;16:00;3070;93;8629;436;152;46;0;58;-6344;0;0;436;0;9414;1723.0;7691.0;6906.0
24;Centre-Val de Loire;2024-01-18;17:00;3136;90;8628;405;11;53;0;58;-6109;0;0;405;0;9245;1722.0;7523.0;6906.0
24;Centre-Val de Loire;2024-01-18;18:00;3304;90;8640;373;0;53;0;57;-5910;0;0;373;0;9213;1720.0;7493.0;6920.0
24;Centre-Val de Loire;2024-01-18;19:00;3400;91;8642;369;0;53;0;58;-5813;0;0;369;0;9213;1720.0;7493.0;6922.0
24;Centre-Val de Loire;2024-01-18;20:00;3256;92;8648;338;0;53;0;58;-5933;0;0;338;0;9189;1720.0;7469.0;6928.0
24;Centre-Val de Loire;2024-01-18;21:00;3100;92;8646;293;0;52;0;58;-6042;0;0;293;0;9141;1719.0;7422.0;6927.0
24;Centre-Val de Loire;2024-01-18;22:00;3066;92;8651;297;0;15;0;57;-6047;0;0;297;0;9112;1721.0;7391.0;6930.0
24;Centre-Val de Loire;2024-01-18;23:00;3048;93;8653;260;0;15;0;57;-6030;0;0;260;0;9078;1721.0;7357.0;6932.0
24;Centre-Val de Loire;2024-02-04;00:00;2274;67;7027;97;0;4;0;61;-4983;0;0;97;0;7256;842.0;6414.0;6185.0
24;Centre-Val de Loire;2024-02-04;01:00;2138;67;7035;147;0;4;0;61;-5175;0;0;147;0;7314;841.0;6473.0;6194.0
24;Centre-Val de Loire;2024-02-04;02:00;2141;67;6885;161;0;4;0;63;-5039;0;0;161;0;7180;840.0;6340.0;6045.0
24;Centre-Val de Loire;2024-02-04;03:00;1994;67;6814;134;0;4;0;63;-5087;0;0;134;0;7082;839.0;6243.0;5975.0
24;Centre-Val de Loire;2024-02-04;04:00;1886;67;6889;148;0;4;0;62;-5284;0;0;148;0;7170;838.0;6332.0;6051.0
24;Centre-Val de Loire;2024-02-04;05:00;1825;67;7120;123;0;4;0;62;-5552;0;0;123;0;7376;841.0;6535.0;6279.0
24;Centre-Val de Loire;2024-02-04;06:00;1877;67;7121;112;0;4;0;61;-5488;0;0;112;0;7365;842.0;6523.0;6279.0
24;Centre-Val de Loire;2024-02-04;07:00;1963;67;7075;100;0;4;0;61;-5344;0;0;100;0;7307;842.0;6465.0;6233.0
24;Centre-Val de Loire;2024-02-04;08:00;1982;66;7067;97;0;4;0;60;-5312;0;0;97;0;7294;842.0;6452.0;6225.0
24;Centre-Val de Loire;2024-02-04;09:00;2126;66;7083;100;14;4;0;60;-5201;0;0;100;0;7327;842.0;6485.0;6241.0
24;Centre-Val de Loire;2024-02-04;10:00;2156;66;7120;110;46;4;0;59;-5249;0;0;110;0;7405;848.0;6557.0;6272.0
24;Centre-Val de Loire;2024-02-04;11:00;2208;67;7073;127;86;4;0;60;-5209;0;0;127;0;7417;852.0;6565.0;6221.0
24;Centre-Val de Loire;2024-02-04;12:00;2262;67;7010;186;111;4;0;61;-5176;0;0;186;0;7439;852.0;6587.0;6158.0
24;Centre-Val de Loire;2024-02-04;13:00;2254;67;7003;200;117;4;0;60;-5196;0;0;200;0;7451;851.0;6600.0;6152.0
24;Centre-Val de Loire;2024-02-04;14:00;2106;67;7010;215;118;4;0;57;-5366;0;0;215;0;7471;851.0;6620.0;6159.0
24;Centre-Val de Loire;2024-02-04;15:00;2106;67;7166;223;110;4;0;61;-5525;0;0;223;0;7631;852.0;6779.0;6314.0
24;Centre-Val de Loire;2024-02-04;16:00;2029;67;7232;209;76;4;0;61;-5620;0;0;209;0;7649;852.0;6797.0;6380.0
24;Centre-Val de Loire;2024-02-04;17:00;2044;67;7250;228;31;4;0;60;-5596;0;0;228;0;7640;852.0;6788.0;6398.0
24;Centre-Val de Loire;2024-02-04;18:00;2193;67;7235;217;0;4;0;59;-5390;0;0;217;0;7582;851.0;6731.0;6384.0
24;Centre-Val de Loire;2024-02-04;19:00;2358;67;7266;150;0;4;0;60;-5189;0;0;150;0;7547;852.0;6695.0;6414.0
24;Centre-Val de Loire;2024-02-04;20:00;2334;67;7282;162;0;4;0;60;-5241;0;0;162;0;7575;852.0;6723.0;6430.0
24;Centre-Val de Loire;2024-02-04;21:00;2238;67;7496;220;0;4;0;61;-5610;0;0;220;0;7848;852.0;6996.0;6644.0
24;Centre-Val de Loire;2024-02-04;22:00;2262;67;7477;198;0;4;0;61;-5545;0;0;198;0;7807;852.0;6955.0;6625.0
24;Centre-Val de Loire;2024-02-04;23:00;2176;67;7556;134;0;4;0;61;-5646;0;0;134;0;7822;852.0;6970.0;6704.0
24;Centre-Val de Loire;2024-03-12;00:00;2302;54;7790;380;0;43;0;51;-6016;0;0;380;0;8318;865.0;7453.0;6925.0
24;Centre-Val de Loire;2024-03-12;01:00;2215;54;7789;376;0;12;0;50;-6066;0;0;376;0;8281;865.0;7416.0;6924.0
24;Centre-Val de Loire;2024-03-12;02:00;2103;54;7792;378;0;12;0;49;-6182;0;0;378;0;8285;865.0;7420.0;6927.0
24;Centre-Val de Loire;2024-03-12;03:00;2046;54;7795;383;0;11;0;50;-6247;0;0;383;0;8293;865.0;7428.0;6930.0
24;Centre-Val de Loire;2024-03-12;04:00;2011;54;7797;415;0;11;0;51;-6317;0;0;415;0;8328;865.0;7463.0;6932.0
24;Centre-Val de Loire;2024-03-12;05:00;2075;54;7800;400;0;11;0;51;-6241;0;0;400;0;8316;865.0;7451.0;6935.0
24;Centre-Val de Loire;2024-03-12;06:00;2302;55;7801;343;0;18;0;51;-5965;0;0;343;0;8268;866.0;7402.0;6935.0
24;Centre-Val de Loire;2024-03-12;07:00;2548;54;7803;305;2;53;0;51;-5721;0;0;305;0;8268;866.0;7402.0;6937.0
24;Centre-Val de Loire;2024-03-12;08:00;2577;55;7800;276;61;59;0;54;-5728;0;0;276;0;8305;867.0;7438.0;6933.0
24;Centre-Val de Loire;2024-03-12;09:00;2542;52;7798;223;172;59;0;52;-5816;0;0;223;0;8356;868.0;7488.0;6930.0
24;Centre-Val de Loire;2024-03-12;10:00;2554;54;7793;212;234;59;0;51;-5848;0;0;212;0;8403;866.0;7537.0;6927.0
24;Centre-Val de Loire;2024-03-12;11:00;2534;54;7778;327;283;59;0;50;-6018;0;0;327;0;8551;865.0;7686.0;6913.0
24;Centre-Val de Loire;2024-03-12;12:00;2529;54;7772;500;279;52;0;50;-6178;0;0;500;0;8707;864.0;7843.0;6908.0
24;Centre-Val de Loire;2024-03-12;13:00;2569;54;7770;554;272;52;0;50;-6182;0;0;554;0;8752;860.0;7892.0;6910.0
24;Centre-Val de Loire;2024-03-12;14:00;2478;54;7761;606;219;20;0;50;-6232;0;0;606;0;8710;859.0;7851.0;6902.0
24;Centre-Val de Loire;2024-03-12;15:00;2442;54;7754;621;177;20;0;51;-6236;0;0;621;0;8677;858.0;7819.0;6896.0
24;Centre-Val de Loire;2024-03-12;16:00;2353;54;7750;417;154;18;0;52;-6093;0;0;417;0;8445;856.0;7589.0;6894.0
24;Centre-Val de Loire;2024-03-12;17:00;2244;54;7744;445;97;20;0;52;-6168;0;0;445;0;8412;855.0;7557.0;6889.0
24;Centre-Val de Loire;2024-03-12;18:00;2355;54;7741;473;30;20;0;55;-6017;0;0;473;0;8373;855.0;7518.0;6886.0
24;Centre-Val de Loire;2024-03-12;19:00;2542;54;7740;483;0;59;0;53;-5847;0;0;483;0;8389;854.0;7535.0;6886.0
24;Centre-Val de Loire;2024-03-12;20:00;2473;54;7737;569;0;59;0;52;-5999;0;0;569;0;8471;854.0;7617.0;6883.0
24;Centre-Val de Loire;2024-03-12;21:00;2323;54;7738;822;0;29;0;52;-6371;0;0;822;0;8695;854.0;7841.0;6884.0
24;Centre-Val de Loire;2024-03-12;22:00;2251;54;7738;784;0;28;0;51;-6404;0;0;784;0;8655;854.0;7801.0;6884.0
24;Centre-Val de Loire;2024-03-12;23:00;2220;54;7734;635;0;28;0;51;-6283;0;0;635;0;8502;853.0;7649.0;6881.0
24;Centre-Val de Loire;2024-06-12;00:00;1918;0;10424;195;0;22;0;58;-8781;0;0;195;0;10699;882.0;9817.0;9542.0
24;Centre-Val de Loire;2024-06-12;01:00;1753;0;10385;214;0;23;0;58;-8928;0;0;214;0;10680;882.0;9798.0;9503.0
24;Centre-Val de Loire;2024-06-12;02:00;1703;0;10363;185;0;23;0;58;-8925;0;0;185;0;10629;883.0;9746.0;9480.0
24;Centre-Val de Loire;2024-06-12;03:00;1611;0;10362;166;0;6;0;58;-8981;0;0;166;0;10592;884.0;9708.0;9478.0
24;Centre-Val de Loire;2024-06-12;04:00;1573;0;10368;145;0;5;0;58;-9004;0;0;145;0;10576;885.0;9691.0;9483.0
24;Centre-Val de Loire;2024-06-12;05:00;1598;0;10404;117;0;13;0;59;-8996;0;0;117;0;10593;886.0;9707.0;9518.0
24;Centre-Val de Loire;2024-06-12;06:00;1717;0;10412;145;9;21;0;59;-8929;0;0;145;0;10646;886.0;9760.0;9526.0
24;Centre-Val de Loire;2024-06-12;07:00;1855;0;10408;119;73;23;0;59;-8827;0;0;119;0;10682;885.0;9797.0;9523.0
24;Centre-Val de Loire;2024-06-12;08:00;2004;0;10397;35;249;23;0;59;-8759;0;0;35;0;10763;883.0;9880.0;9514.0
24;Centre-Val de Loire;2024-06-12;09:00;2052;0;10403;14;485;23;0;58;-8931;0;0;14;0;10983;882.0;10101.0;9521.0
24;Centre-Val de Loire;2024-06-12;10:00;2118;0;10334;11;595;23;0;58;-8902;0;0;11;0;11021;882.0;10139.0;9452.0
24;Centre-Val de Loire;2024-06-12;11:00;2120;0;10348;7;689;5;0;58;-8988;0;0;7;0;11107;882.0;10225.0;9466.0
24;Centre-Val de Loire;2024-06-12;12:00;2165;0;10363;17;669;5;0;59;-8949;0;0;17;0;11113;882.0;10231.0;9481.0
24;Centre-Val de Loire;2024-06-12;13:00;2216;0;10335;25;641;5;0;58;-8849;0;0;25;0;11064;881.0;10183.0;9454.0
24;Centre-Val de Loire;2024-06-12;14:00;2218;0;9796;26;597;5;0;59;-8265;0;0;26;0;10483;880.0;9603.0;8916.0
24;Centre-Val de Loire;2024-06-12;15:00;2102;0;9401;24;576;5;0;58;-7962;0;0;24;0;10064;881.0;9183.0;8520.0
24;Centre-Val de Loire;2024-06-12;16:00;1988;0;9227;32;557;5;0;58;-7890;0;0;32;0;9879;878.0;9001.0;8349.0
24;Centre-Val de Loire;2024-06-12;17:00;1906;0;9221;36;445;5;0;57;-7858;0;0;36;0;9764;878.0;8886.0;8343.0
24;Centre-Val de Loire;2024-06-12;18:00;2029;0;10326;52;314;13;0;57;-8733;0;0;52;0;10762;878.0;9884.0;9448.0
24;Centre-Val de Loire;2024-06-12;19:00;2099;0;10299;35;205;22;0;57;-8519;0;0;35;0;10618;877.0;9741.0;9422.0
24;Centre-Val de Loire;2024-06-12;20:00;1980;0;10326;30;154;22;0;57;-8610;0;0;30;0;10589;878.0;9711.0;9448.0
24;Centre-Val de Loire;2024-06-12;21:00;1867;0;10397;24;51;22;0;58;-8684;0;0;24;0;10552;878.0;9674.0;9519.0
24;Centre-Val de Loire;2024-06-12;22:00;1831;0;10398;17;3;22;0;58;-8666;0;0;17;0;10498;879.0;9619.0;9519.0
24;Centre-Val de Loire;2024-06-12;23:00;1879;0;10412;33;0;22;0;58;-8646;0;0;33;0;10525;879.0;9646.0;9533.0
24;Centre-Val de Loire;2024-06-22;00:00;1766;0;7818;1061;0;51;0;56;-7220;0;0;1061;0;8986;840.0;8146.0;6978.0
24;Centre-Val de Loire;2024-06-22;01:00;1646;0;6811;663;0;51;0;58;-5937;0;0;663;0;7583;829.0;6754.0;5982.0
24;Centre-Val de Loire;2024-06-22;02:00;1595;0;6637;565;0;51;0;58;-5717;0;0;565;0;7311;819.0;6492.0;5818.0
24;Centre-Val de Loire;2024-06-22;03:00;1450;0;6482;603;0;51;0;58;-5744;0;0;603;0;7194;813.0;6381.0;5669.0
24;Centre-Val de Loire;2024-06-22;04:00;1460;0;6431;691;0;51;0;58;-5773;0;0;691;0;7231;712.0;6519.0;5719.0
24;Centre-Val de Loire;2024-06-22;05:00;1406;0;6276;353;0;51;0;59;-5333;0;0;353;0;6739;191.0;6548.0;6085.0
24;Centre-Val de Loire;2024-06-22;06:00;1307;0;5913;316;0;51;0;59;-5033;0;0;316;0;6339;186.0;6153.0;5727.0
24;Centre-Val de Loire;2024-06-22;07:00;1359;0;5900;423;10;52;0;59;-5085;0;0;423;0;6444;564.0;5880.0;5336.0
24;Centre-Val de Loire;2024-06-22;08:00;1525;0;6718;552;96;52;0;59;-5951;0;0;552;0;7477;821.0;6656.0;5897.0
24;Centre-Val de Loire;2024-06-22;09:00;1650;0;6569;511;173;52;0;59;-5714;0;0;511;0;7364;822.0;6542.0;5747.0
24;Centre-Val de Loire;2024-06-22;10:00;1830;0;6270;411;276;52;0;58;-5237;0;0;411;0;7067;344.0;6723.0;5926.0
24;Centre-Val de Loire;2024-06-22;11:00;1960;0;5414;395;417;51;0;59;-4376;0;0;395;0;6336;147.0;6189.0;5267.0
24;Centre-Val de Loire;2024-06-22;12:00;1842;0;5021;365;562;51;0;59;-4217;0;0;365;0;6058;146.0;5912.0;4875.0
24;Centre-Val de Loire;2024-06-22;13:00;1893;0;4985;379;620;51;0;58;-4201;0;0;379;0;6093;147.0;5946.0;4838.0
24;Centre-Val de Loire;2024-06-22;14:00;1814;0;4871;488;672;51;0;58;-4327;0;0;488;0;6140;147.0;5993.0;4724.0
24;Centre-Val de Loire;2024-06-22;15:00;1816;0;4928;591;713;52;0;59;-4526;0;0;591;0;6343;147.0;6196.0;4781.0
24;Centre-Val de Loire;2024-06-22;16:00;1735;0;5001;633;706;52;0;59;-4715;0;0;633;0;6451;147.0;6304.0;4854.0
24;Centre-Val de Loire;2024-06-22;17:00;1741;0;4997;558;625;52;0;59;-4551;0;0;558;0;6291;573.0;5718.0;4424.0
24;Centre-Val de Loire;2024-06-22;18:00;1456;0;6655;440;436;52;0;59;-6186;0;0;440;0;7642;816.0;6826.0;5839.0
24;Centre-Val de Loire;2024-06-22;19:00;1472;0;6726;392;342;52;0;59;-6098;0;0;392;0;7571;825.0;6746.0;5901.0
24;Centre-Val de Loire;2024-06-22;20:00;1473;0;6794;274;170;52;0;58;-5876;0;0;274;0;7348;823.0;6525.0;5971.0
24;Centre-Val de Loire;2024-06-22;21:00;1465;0;6862;123;23;52;0;57;-5653;0;0;123;0;7117;836.0;6281.0;6026.0
24;Centre-Val de Loire;2024-06-22;22:00;1514;0;6906;73;0;52;0;58;-5574;0;0;73;0;7089;824.0;6265.0;6082.0
24;Centre-Val de Loire;2024-06-22;23:00;1570;0;6918;89;0;52;0;59;-5549;0;0;89;0;7118;825.0;6293.0;6093.0
24;Centre-Val de Loire;2024-08-13;00:00;1714;0;7829;196;0;1;0;61;-6373;0;0;196;0;8087;1267.0;6820.0;6562.0
24;Centre-Val de Loire;2024-08-13;01:00;1495;0;7811;60;0;1;0;61;-6438;0;0;60;0;7933;1217.0;6716.0;6594.0
24;Centre-Val de Loire;2024-08-13;02:00;1383;0;7723;60;0;1;0;61;-6463;0;0;60;0;7845;1197.0;6648.0;6526.0
24;Centre-Val de Loire;2024-08-13;03:00;1365;0;7751;60;0;1;0;61;-6508;0;0;60;0;7873;1185.0;6688.0;6566.0
24;Centre-Val de Loire;2024-08-13;04:00;1229;0;7831;10;0;1;0;62;-6676;0;0;10;0;7904;1252.0;6652.0;6579.0
24;Centre-Val de Loire;2024-08-13;05:00;1290;0;7873;28;0;1;0;63;-6675;0;0;28;0;7965;1287.0;6678.0;6586.0
24;Centre-Val de Loire;2024-08-13;06:00;1369;0;7907;39;0;1;0;61;-6640;0;0;39;0;8008;1289.0;6719.0;6618.0
24;Centre-Val de Loire;2024-08-13;07:00;1449;0;7837;77;15;1;0;62;-6543;0;0;77;0;7992;1290.0;6702.0;6547.0
24;Centre-Val de Loire;2024-08-13;08:00;1504;0;7999;29;87;1;0;62;-6674;0;0;29;0;8178;1289.0;6889.0;6710.0
24;Centre-Val de Loire;2024-08-13;09:00;1599;0;8020;47;176;1;0;59;-6704;0;0;47;0;8303;1288.0;7015.0;6732.0
24;Centre-Val de Loire;2024-08-13;10:00;1637;0;7938;42;255;1;0;60;-6659;0;0;42;0;8296;1286.0;7010.0;6652.0
24;Centre-Val de Loire;2024-08-13;11:00;1663;0;7912;22;311;1;0;59;-6642;0;0;22;0;8305;1284.0;7021.0;6628.0
24;Centre-Val de Loire;2024-08-13;12:00;1667;0;7907;39;325;1;0;61;-6667;0;0;39;0;8333;1283.0;7050.0;6624.0
24;Centre-Val de Loire;2024-08-13;13:00;1779;0;7896;58;337;1;0;61;-6574;0;0;58;0;8353;1281.0;7072.0;6615.0
24;Centre-Val de Loire;2024-08-13;14:00;1680;0;7892;101;390;1;0;54;-6757;0;0;101;0;8438;1218.0;7220.0;6674.0
24;Centre-Val de Loire;2024-08-13;15:00;1692;0;7800;95;384;1;0;53;-6642;0;0;95;0;8333;1105.0;7228.0;6695.0
24;Centre-Val de Loire;2024-08-13;16:00;1577;0;7686;99;359;1;0;57;-6626;0;0;99;0;8202;1027.0;7175.0;6659.0
24;Centre-Val de Loire;2024-08-13;17:00;1631;0;7681;103;305;1;0;59;-6518;0;0;103;0;8149;996.0;7153.0;6685.0
24;Centre-Val de Loire;2024-08-13;18:00;1635;0;7687;111;255;10;0;60;-6488;0;0;111;0;8123;998.0;7125.0;6689.0
24;Centre-Val de Loire;2024-08-13;19:00;1645;0;7746;62;122;10;0;60;-6354;0;0;62;0;8000;1038.0;6962.0;6708.0
24;Centre-Val de Loire;2024-08-13;20:00;1647;0;7693;80;84;10;0;60;-6281;0;0;80;0;7927;1040.0;6887.0;6653.0
24;Centre-Val de Loire;2024-08-13;21:00;1639;0;7656;68;0;1;0;60;-6147;0;0;68;0;7785;1012.0;6773.0;6644.0
24;Centre-Val de Loire;2024-08-13;22:00;1627;0;7570;81;0;1;0;60;-6086;0;0;81;0;7712;972.0;6740.0;6598.0
24;Centre-Val de Loire;2024-08-13;23:00;1620;0;7691;96;0;1;0;60;-6228;0;0;96;0;7848;947.0;6901.0;6744.0
24;Centre-Val de Loire;2024-09-17;00:00;1877;3;6790;681;0;3;0;59;-5659;0;0;681;0;7536;1746.0;5790.0;5044.0
24;Centre-Val de Loire;2024-09-17;01:00;1678;3;6739;702;0;3;0;58;-5827;0;0;702;0;7505;1744.0;5761.0;4995.0
24;Centre-Val de Loire;2024-09-17;02:00;1612;1;6624;752;0;2;0;59;-5826;0;0;752;0;7438;1749.0;5689.0;4875.0
24;Centre-Val de Loire;2024-09-17;03:00;1574;0;6580;714;0;2;0;59;-5781;0;0;714;0;7355;1751.0;5604.0;4829.0
24;Centre-Val de Loire;2024-09-17;04:00;1506;0;6735;732;0;2;0;58;-6022;0;0;732;0;7527;1754.0;5773.0;4981.0
24;Centre-Val de Loire;2024-09-17;05:00;1536;0;6691;750;0;2;0;59;-5966;0;0;750;0;7502;1755.0;5747.0;4936.0
24;Centre-Val de Loire;2024-09-17;06:00;1643;0;6818;705;0;2;0;59;-5941;0;0;705;0;7584;1757.0;5827.0;5061.0
24;Centre-Val de Loire;2024-09-17;07:00;1879;0;6846;650;0;2;0;59;-5678;0;0;650;0;7557;1761.0;5796.0;5085.0
24;Centre-Val de Loire;2024-09-17;08:00;2009;0;6898;686;35;2;0;60;-5671;0;0;686;0;7681;1760.0;5921.0;5138.0
24;Centre-Val de Loire;2024-09-17;09:00;1989;0;6882;745;152;2;0;59;-5850;0;0;745;0;7840;1761.0;6079.0;5121.0
24;Centre-Val de Loire;2024-09-17;10:00;2078;14;6884;939;262;1;0;59;-6081;0;0;939;0;8159;1760.0;6399.0;5124.0
24;Centre-Val de Loire;2024-09-17;11:00;2124;14;6876;978;304;1;0;58;-6108;0;0;978;0;8231;1759.0;6472.0;5117.0
24;Centre-Val de Loire;2024-09-17;12:00;2131;1;6768;1044;466;1;0;58;-6206;0;0;1044;0;8338;1755.0;6583.0;5013.0
24;Centre-Val de Loire;2024-09-17;13:00;2029;3;6640;957;600;1;0;58;-6231;0;0;957;0;8259;1750.0;6509.0;4890.0
24;Centre-Val de Loire;2024-09-17;14:00;1827;3;5974;936;648;1;0;58;-5792;0;0;936;0;7620;1746.0;5874.0;4228.0
24;Centre-Val de Loire;2024-09-17;15:00;1861;3;5958;1022;649;1;0;58;-5830;0;0;1022;0;7691;1745.0;5946.0;4213.0
24;Centre-Val de Loire;2024-09-17;16:00;1795;3;5970;1057;530;1;0;57;-5822;0;0;1057;0;7618;1745.0;5873.0;4225.0
24;Centre-Val de Loire;2024-09-17;17:00;1713;5;5975;1030;449;1;0;57;-5804;0;0;1030;0;7517;1743.0;5774.0;4232.0
24;Centre-Val de Loire;2024-09-17;18:00;1680;3;6998;1048;171;1;0;58;-6599;0;0;1048;0;8279;1743.0;6536.0;5255.0
24;Centre-Val de Loire;2024-09-17;19:00;1798;3;7206;954;100;1;0;59;-6525;0;0;954;0;8323;1744.0;6579.0;5462.0
24;Centre-Val de Loire;2024-09-17;20:00;1776;3;7686;701;9;1;0;58;-6682;0;0;701;0;8458;1745.0;6713.0;5941.0
24;Centre-Val de Loire;2024-09-17;21:00;1691;0;7669;837;0;1;0;59;-6875;0;0;837;0;8566;1746.0;6820.0;5923.0
24;Centre-Val de Loire;2024-09-17;22:00;1641;0;7582;910;0;1;0;60;-6912;0;0;910;0;8553;1749.0;6804.0;5833.0
24;Centre-Val de Loire;2024-09-17;23:00;1629;0;7679;872;0;1;0;60;-6983;0;0;872;0;8612;1750.0;6862.0;5929.0
24;Centre-Val de Loire;2024-10-04;00:00;1938;0;6363;473;0;5;0;62;-4965;0;0;473;0;6903;1775.0;5128.0;4588.0
24;Centre-Val de Loire;2024-10-04;01:00;1802;0;6449;456;0;5;0;62;-5170;0;0;456;0;6972;1777.0;5195.0;4672.0
24;Centre-Val de Loire;2024-10-04;02:00;1902;0;6399;425;0;5;0;61;-4988;0;0;425;0;6890;1778.0;5112.0;4621.0
24;Centre-Val de Loire;2024-10-04;03:00;1864;0;6369;419;0;5;0;60;-4990;0;0;419;0;6853;1779.0;5074.0;4590.0
24;Centre-Val de Loire;2024-10-04;04:00;1827;0;6386;402;0;5;0;59;-5025;0;0;402;0;6852;1780.0;5072.0;4606.0
24;Centre-Val de Loire;2024-10-04;05:00;1907;0;6450;306;0;5;0;61;-4915;0;0;306;0;6822;1783.0;5039.0;4667.0
24;Centre-Val de Loire;2024-10-04;06:00;2026;0;6531;284;0;13;0;60;-4860;0;0;284;0;6888;1787.0;5101.0;4744.0
24;Centre-Val de Loire;2024-10-04;07:00;2182;0;6558;224;0;49;0;60;-4709;0;0;224;0;6891;1790.0;5101.0;4768.0
24;Centre-Val de Loire;2024-10-04;08:00;2289;2;6587;230;15;49;0;57;-4652;0;0;230;0;6940;1782.0;5158.0;4805.0
24;Centre-Val de Loire;2024-10-04;09:00;2252;12;6567;164;157;49;0;56;-4752;0;0;164;0;7005;1792.0;5213.0;4775.0
24;Centre-Val de Loire;2024-10-04;10:00;2219;12;6516;92;266;48;0;58;-4774;0;0;92;0;6992;1787.0;5205.0;4729.0
24;Centre-Val de Loire;2024-10-04;11:00;2185;12;6476;39;475;6;0;56;-4879;0;0;39;0;7064;1784.0;5280.0;4692.0
24;Centre-Val de Loire;2024-10-04;12:00;2225;4;6494;39;754;5;0;59;-5129;0;0;39;0;7355;1782.0;5573.0;4712.0
24;Centre-Val de Loire;2024-10-04;13:00;2298;3;6424;55;817;5;0;59;-5065;0;0;55;0;7363;1775.0;5588.0;4649.0
24;Centre-Val de Loire;2024-10-04;14:00;2094;3;6417;83;858;5;0;58;-5330;0;0;83;0;7424;1768.0;5656.0;4649.0
24;Centre-Val de Loire;2024-10-04;15:00;2053;3;6513;128;830;5;0;57;-5484;0;0;128;0;7536;1766.0;5770.0;4747.0
24;Centre-Val de Loire;2024-10-04;16:00;1922;3;6512;139;712;5;0;58;-5507;0;0;139;0;7429;1768.0;5661.0;4744.0
24;Centre-Val de Loire;2024-10-04;17:00;1886;3;6493;124;521;5;0;51;-5311;0;0;124;0;7197;1766.0;5431.0;4727.0
24;Centre-Val de Loire;2024-10-04;18:00;1887;3;6535;75;141;13;0;54;-4933;0;0;75;0;6821;1767.0;5054.0;4768.0
24;Centre-Val de Loire;2024-10-04;19:00;2007;3;6546;53;6;49;0;55;-4705;0;0;53;0;6712;1771.0;4941.0;4775.0
24;Centre-Val de Loire;2024-10-04;20:00;2070;3;6539;32;0;48;0;56;-4608;0;0;32;0;6678;1773.0;4905.0;4766.0
24;Centre-Val de Loire;2024-10-04;21:00;1962;3;6580;55;0;48;0;57;-4781;0;0;55;0;6743;1774.0;4969.0;4806.0
24;Centre-Val de Loire;2024-10-04;22:00;1863;3;6577;80;0;48;0;56;-4900;0;0;80;0;6764;1774.0;4990.0;4803.0
24;Centre-Val de Loire;2024-10-04;23:00;1823;3;6644;170;0;23;0;57;-5073;0;0;170;0;6897;1776.0;5121.0;4868.0
24;Centre-Val de Loire;2024-11-04;00:00;2069;29;7869;48;0;4;0;63;-5943;0;0;48;0;8013;852.0;7161.0;7017.0
24;Centre-Val de Loire;2024-11-04;01:00;1873;28;7876;24;0;4;0;63;-6122;0;0;24;0;7995;853.0;7142.0;7023.0
24;Centre-Val de Loire;2024-11-04;02:00;1814;26;7882;24;0;4;0;62;-6184;0;0;24;0;7998;855.0;7143.0;7027.0
24;Centre-Val de Loire;2024-11-04;03:00;1711;26;7886;26;0;4;0;63;-6294;0;0;26;0;8005;855.0;7150.0;7031.0
24;Centre-Val de Loire;2024-11-04;04:00;1650;26;7886;25;0;4;0;62;-6353;0;0;25;0;8003;855.0;7148.0;7031.0
24;Centre-Val de Loire;2024-11-04;05:00;1743;26;7901;41;0;4;0;61;-6290;0;0;41;0;8033;856.0;7177.0;7045.0
24;Centre-Val de Loire;2024-11-04;06:00;2013;29;7953;38;0;4;0;60;-6070;0;0;38;0;8084;853.0;7231.0;7100.0
24;Centre-Val de Loire;2024-11-04;07:00;2362;29;7952;41;0;24;0;59;-5743;0;0;41;0;8105;854.0;7251.0;7098.0
24;Centre-Val de Loire;2024-11-04;08:00;2497;29;7951;17;13;44;0;60;-5618;0;0;17;0;8114;853.0;7261.0;7098.0
24;Centre-Val de Loire;2024-11-04;09:00;2528;29;7919;13;70;32;0;60;-5593;0;0;13;0;8123;852.0;7271.0;7067.0
24;Centre-Val de Loire;2024-11-04;10:00;2542;29;7875;17;103;7;0;60;-5548;0;0;17;0;8091;853.0;7238.0;7022.0
24;Centre-Val de Loire;2024-11-04;11:00;2516;29;7935;17;195;6;0;59;-5726;0;0;17;0;8241;854.0;7387.0;7081.0
24;Centre-Val de Loire;2024-11-04;12:00;2509;29;7965;9;239;6;0;59;-5797;0;0;9;0;8307;852.0;7455.0;7113.0
24;Centre-Val de Loire;2024-11-04;13:00;2559;29;7986;8;266;6;0;60;-5796;0;0;8;0;8355;852.0;7503.0;7134.0
24;Centre-Val de Loire;2024-11-04;14:00;2431;29;7984;17;287;6;0;59;-5950;0;0;17;0;8382;848.0;7534.0;7136.0
24;Centre-Val de Loire;2024-11-04;15:00;2365;29;7979;10;257;6;0;57;-5974;0;0;10;0;8338;844.0;7494.0;7135.0
24;Centre-Val de Loire;2024-11-04;16:00;2303;29;8001;10;148;6;0;59;-5951;0;0;10;0;8253;842.0;7411.0;7159.0
24;Centre-Val de Loire;2024-11-04;17:00;2293;29;8027;27;7;38;0;61;-5896;0;0;27;0;8189;842.0;7347.0;7185.0
24;Centre-Val de Loire;2024-11-04;18:00;2523;29;8074;14;0;50;0;60;-5704;0;0;14;0;8227;843.0;7384.0;7231.0
24;Centre-Val de Loire;2024-11-04;19:00;2618;29;8118;15;0;50;0;61;-5654;0;0;15;0;8273;845.0;7428.0;7273.0
24;Centre-Val de Loire;2024-11-04;20:00;2437;29;8215;8;0;50;0;60;-5925;0;0;8;0;8362;846.0;7516.0;7369.0
24;Centre-Val de Loire;2024-11-04;21:00;2232;29;8237;6;0;33;0;60;-6134;0;0;6;0;8365;846.0;7519.0;7391.0
24;Centre-Val de Loire;2024-11-04;22:00;2096;29;8245;6;0;7;0;60;-6251;0;0;6;0;8347;847.0;7500.0;7398.0
24;Centre-Val de Loire;2024-11-04;23:00;2074;29;8249;21;0;7;0;62;-6294;0;0;21;0;8368;849.0;7519.0;7400.0
24;Centre-Val de Loire;2024-12-02;00:00;2187;48;10558;669;0;5;0;63;-9157;0;0;669;0;11343;1748.0;9595.0;8810.0
24;Centre-Val de Loire;2024-12-02;01:00;2051;48;10367;733;0;5;0;64;-9166;0;0;733;0;11217;1760.0;9457.0;8607.0
24;Centre-Val de Loire;2024-12-02;02:00;1895;48;10349;733;0;6;0;63;-9304;0;0;733;0;11199;1791.0;9408.0;8558.0
24;Centre-Val de Loire;2024-12-02;03:00;1829;48;10517;694;0;6;0;64;-9499;0;0;694;0;11329;1743.0;9586.0;8774.0
24;Centre-Val de Loire;2024-12-02;04:00;1787;47;10496;748;0;6;0;65;-9575;0;0;748;0;11362;1733.0;9629.0;8763.0
24;Centre-Val de Loire;2024-12-02;05:00;1858;45;10557;618;0;5;0;66;-9434;0;0;618;0;11291;1791.0;9500.0;8766.0
24;Centre-Val de Loire;2024-12-02;06:00;2084;48;10509;585;0;6;0;66;-9130;0;0;585;0;11214;1754.0;9460.0;8755.0
24;Centre-Val de Loire;2024-12-02;07:00;2254;35;10535;549;0;13;0;65;-8943;0;0;549;0;11197;1782.0;9415.0;8753.0
24;Centre-Val de Loire;2024-12-02;08:00;2422;35;10571;525;0;55;0;64;-8828;0;0;525;0;11250;1791.0;9459.0;8780.0
24;Centre-Val de Loire;2024-12-02;09:00;2426;35;10573;556;6;39;0;62;-8845;0;0;556;0;11271;1791.0;9480.0;8782.0
24;Centre-Val de Loire;2024-12-02;10:00;2413;35;10574;519;107;42;0;60;-8924;0;0;519;0;11337;1788.0;9549.0;8786.0
24;Centre-Val de Loire;2024-12-02;11:00;2406;35;10571;390;185;19;0;62;-8856;0;0;390;0;11262;1788.0;9474.0;8783.0
24;Centre-Val de Loire;2024-12-02;12:00;2385;35;10571;406;246;19;0;62;-8952;0;0;406;0;11339;1790.0;9549.0;8781.0
24;Centre-Val de Loire;2024-12-02;13:00;2394;35;10570;468;372;18;0;62;-9130;0;0;468;0;11525;1790.0;9735.0;8780.0
24;Centre-Val de Loire;2024-12-02;14:00;2339;35;10557;514;328;17;0;59;-9171;0;0;514;0;11510;1793.0;9717.0;8764.0
24;Centre-Val de Loire;2024-12-02;15:00;2287;35;10560;595;274;18;0;58;-9252;0;0;595;0;11540;1794.0;9746.0;8766.0
24;Centre-Val de Loire;2024-12-02;16:00;2252;35;10564;629;140;25;0;62;-9204;0;0;629;0;11455;1797.0;9658.0;8767.0
24;Centre-Val de Loire;2024-12-02;17:00;2365;35;10578;619;1;60;0;61;-8989;0;0;619;0;11354;1799.0;9555.0;8779.0
24;Centre-Val de Loire;2024-12-02;18:00;2537;35;10610;670;0;61;0;63;-8902;0;0;670;0;11439;1799.0;9640.0;8811.0
24;Centre-Val de Loire;2024-12-02;19:00;2671;35;10624;664;0;61;0;63;-8777;0;0;664;0;11447;1802.0;9645.0;8822.0
24;Centre-Val de Loire;2024-12-02;20:00;2529;35;10627;615;0;61;0;64;-8872;0;0;615;0;11402;1804.0;9598.0;8823.0
24;Centre-Val de Loire;2024-12-02;21:00;2366;35;10637;613;0;54;0;63;-9036;0;0;613;0;11402;1807.0;9595.0;8830.0
24;Centre-Val de Loire;2024-12-02;22:00;2309;35;10652;593;0;11;0;62;-9044;0;0;593;0;11353;1808.0;9545.0;8844.0
24;Centre-Val de Loire;2024-12-02;23:00;2287;35;10653;517;0;10;0;62;-8990;0;0;517;0;11277;1809.0;9468.0;8844.0
27;Bourgogne-Franche-Comté;2024-01-18;00:00;2642;106;0;757;0;112;0;55;1613;0;0;757;0;1030;0.0;1030.0;0.0
27;Bourgogne-Franche-Comté;2024-01-18;01:00;2530;105;0;768;0;111;0;55;1491;0;0;768;0;1039;0.0;1039.0;0.0
27;Bourgogne-Franche-Comté;2024-01-18;02:00;2619;106;0;741;0;112;0;54;1606;0;0;741;0;1013;0.0;1013.0;0.0
27;Bourgogne-Franche-Comté;2024-01-18;03:00;2553;106;0;754;0;111;0;55;1527;0;0;754;0;1026;0.0;1026.0;0.0
27;Bourgogne-Franche-Comté;2024-01-18;04:00;2478;106;0;848;0;110;0;55;1360;0;0;848;0;1119;0.0;1119.0;0.0
27;Bourgogne-Franche-Comté;2024-01-18;05:00;2548;106;0;914;0;110;0;54;1364;0;0;914;0;1184;0.0;1184.0;0.0
27;Bourgogne-Franche-Comté;2024-01-18;06:00;2734;106;0;848;0;109;0;52;1619;0;0;848;0;1115;0.0;1115.0;0.0
27;Bourgogne-Franche-Comté;2024-01-18;07:00;3017;106;0;858;0;111;0;51;1891;0;0;858;0;1126;0.0;1126.0;0.0
27;Bourgogne-Franche-Comté;2024-01-18;08:00;3143;102;0;826;0;111;0;52;2053;0;0;826;0;1091;0.0;1091.0;0.0
27;Bourgogne-Franche-Comté;2024-01-18;09:00;3135;101;0;781;2;111;0;51;2088;0;0;781;0;1046;0.0;1046.0;0.0
27;Bourgogne-Franche-Comté;2024-01-18;10:00;3211;102;0;592;35;112;0;54;2317;0;0;592;0;895;0.0;895.0;0.0
27;Bourgogne-Franche-Comté;2024-01-18;11:00;3231;106;0;588;52;109;0;54;2321;0;0;588;0;909;0.0;909.0;0.0
27;Bourgogne-Franche-Comté;2024-01-18;12:00;3274;106;0;594;59;109;0;55;2351;0;0;594;0;923;0.0;923.0;0.0
27;Bourgogne-Franche-Comté;2024-01-18;13:00;3176;106;0;465;67;111;0;54;2374;0;0;465;0;803;0.0;803.0;0.0
27;Bourgogne-Franche-Comté;2024-01-18;14:00;3354;106;0;444;52;108;0;54;2590;0;0;444;0;764;0.0;764.0;0.0
27;Bourgogne-Franche-Comté;2024-01-18;15:00;3323;112;0;424;35;108;0;54;2588;0;0;424;0;733;0.0;733.0;0.0
27;Bourgogne-Franche-Comté;2024-01-18;16:00;3256;113;0;366;26;108;0;52;2592;0;0;366;0;665;0.0;665.0;0.0
27;Bourgogne-Franche-Comté;2024-01-18;17:00;3270;113;0;297;1;108;0;53;2699;0;0;297;0;572;0.0;572.0;0.0
27;Bourgogne-Franche-Comté;2024-01-18;18:00;3479;112;0;277;0;107;0;54;2928;0;0;277;0;550;0.0;550.0;0.0
27;Bourgogne-Franche-Comté;2024-01-18;19:00;3530;113;0;243;0;106;0;56;3013;0;0;243;0;518;0.0;518.0;0.0
27;Bourgogne-Franche-Comté;2024-01-18;20:00;3388;113;0;228;0;116;0;54;2878;0;0;228;0;511;0.0;511.0;0.0
27;Bourgogne-Franche-Comté;2024-01-18;21:00;3229;113;0;200;0;106;0;54;2756;0;0;200;0;473;0.0;473.0;0.0
27;Bourgogne-Franche-Comté;2024-01-18;22:00;3182;113;0;190;0;106;0;54;2720;0;0;190;0;463;0.0;463.0;0.0
27;Bourgogne-Franche-Comté;2024-01-18;23:00;3120;113;0;166;0;105;0;54;2683;0;0;166;0;438;0.0;438.0;0.0
27;Bourgogne-Franche-Comté;2024-02-04;00:00;2350;142;0;66;0;75;0;48;2018;0;0;66;0;331;0.0;331.0;0.0
27;Bourgogne-Franche-Comté;2024-02-04;01:00;2287;141;0;81;0;66;0;48;1953;0;0;81;0;336;0.0;336.0;0.0
27;Bourgogne-Franche-Comté;2024-02-04;02:00;2362;142;0;89;0;65;0;49;2019;0;0;89;0;345;0.0;345.0;0.0
27;Bourgogne-Franche-Comté;2024-02-04;03:00;2306;142;0;99;0;64;0;45;1958;0;0;99;0;350;0.0;350.0;0.0
27;Bourgogne-Franche-Comté;2024-02-04;04:00;2232;141;0;89;0;63;0;48;1892;0;0;89;0;341;0.0;341.0;0.0
27;Bourgogne-Franche-Comté;2024-02-04;05:00;2213;141;0;91;0;63;0;48;1869;0;0;91;0;343;0.0;343.0;0.0
27;Bourgogne-Franche-Comté;2024-02-04;06:00;2277;142;0;81;0;67;0;48;1938;0;0;81;0;338;0.0;338.0;0.0
27;Bourgogne-Franche-Comté;2024-02-04;07:00;2299;141;0;80;0;71;0;47;1962;0;0;80;0;339;0.0;339.0;0.0
27;Bourgogne-Franche-Comté;2024-02-04;08:00;2366;141;0;84;2;72;0;49;2018;0;0;84;0;348;0.0;348.0;0.0
27;Bourgogne-Franche-Comté;2024-02-04;09:00;2466;139;0;97;30;72;0;48;2078;0;0;97;0;386;0.0;386.0;0.0
27;Bourgogne-Franche-Comté;2024-02-04;10:00;2507;140;0;91;74;73;0;48;2080;0;0;91;0;426;0.0;426.0;0.0
27;Bourgogne-Franche-Comté;2024-02-04;11:00;2555;140;0;120;110;69;0;49;2067;0;0;120;0;488;0.0;488.0;0.0
27;Bourgogne-Franche-Comté;2024-02-04;12:00;2590;141;0;133;112;69;0;50;2085;0;0;133;0;505;0.0;505.0;0.0
27;Bourgogne-Franche-Comté;2024-02-04;13:00;2508;141;0;152;113;70;0;48;1986;0;0;152;0;524;0.0;524.0;0.0
27;Bourgogne-Franche-Comté;2024-02-04;14:00;2450;141;0;145;89;71;0;48;1957;0;0;145;0;494;0.0;494.0;0.0
27;Bourgogne-Franche-Comté;2024-02-04;15:00;2404;141;0;148;77;71;0;48;1919;0;0;148;0;485;0.0;485.0;0.0
27;Bourgogne-Franche-Comté;2024-02-04;16:00;2361;141;0;130;37;71;0;48;1935;0;0;130;0;427;0.0;427.0;0.0
27;Bourgogne-Franche-Comté;2024-02-04;17:00;2328;141;0;133;7;71;0;49;1927;0;0;133;0;401;0.0;401.0;0.0
27;Bourgogne-Franche-Comté;2024-02-04;18:00;2598;140;0;130;0;124;0;48;2157;0;0;130;0;442;0.0;442.0;0.0
27;Bourgogne-Franche-Comté;2024-02-04;19:00;2699;140;0;118;0;135;0;48;2257;0;0;118;0;441;0.0;441.0;0.0
27;Bourgogne-Franche-Comté;2024-02-04;20:00;2654;140;0;121;0;126;0;48;2220;0;0;121;0;435;0.0;435.0;0.0
27;Bourgogne-Franche-Comté;2024-02-04;21:00;2631;140;0;117;0;70;0;47;2259;0;0;117;0;374;0.0;374.0;0.0
27;Bourgogne-Franche-Comté;2024-02-04;22:00;2540;140;0;116;0;71;0;47;2167;0;0;116;0;374;0.0;374.0;0.0
27;Bourgogne-Franche-Comté;2024-02-04;23:00;2504;141;0;124;0;72;0;48;2119;0;0;124;0;385;0.0;385.0;0.0
27;Bourgogne-Franche-Comté;2024-03-12;00:00;2344;128;0;328;0;166;0;49;1674;0;0;328;0;671;0.0;671.0;0.0
27;Bourgogne-Franche-Comté;2024-03-12;01:00;2273;127;0;339;0;70;0;50;1686;0;0;339;0;586;0.0;586.0;0.0
27;Bourgogne-Franche-Comté;2024-03-12;02:00;2354;128;0;325;0;56;0;49;1796;0;0;325;0;558;0.0;558.0;0.0
27;Bourgogne-Franche-Comté;2024-03-12;03:00;2272;128;0;314;0;55;0;49;1726;0;0;314;0;546;0.0;546.0;0.0
27;Bourgogne-Franche-Comté;2024-03-12;04:00;2226;128;0;303;0;55;0;49;1693;0;0;303;0;535;0.0;535.0;0.0
27;Bourgogne-Franche-Comté;2024-03-12;05:00;2307;129;0;270;0;55;0;49;1804;0;0;270;0;503;0.0;503.0;0.0
27;Bourgogne-Franche-Comté;2024-03-12;06:00;2500;128;0;223;0;55;0;49;2045;0;0;223;0;455;0.0;455.0;0.0
27;Bourgogne-Franche-Comté;2024-03-12;07:00;2728;128;0;180;3;221;0;49;2147;0;0;180;0;581;0.0;581.0;0.0
27;Bourgogne-Franche-Comté;2024-03-12;08:00;2887;127;0;174;32;267;0;49;2238;0;0;174;0;649;0.0;649.0;0.0
27;Bourgogne-Franche-Comté;2024-03-12;09:00;2838;122;0;159;84;271;0;52;2151;0;0;159;0;688;0.0;688.0;0.0
27;Bourgogne-Franche-Comté;2024-03-12;10:00;2840;126;0;177;165;193;0;48;2132;0;0;177;0;709;0.0;709.0;0.0
27;Bourgogne-Franche-Comté;2024-03-12;11:00;2837;127;0;192;215;189;0;48;2068;0;0;192;0;771;0.0;771.0;0.0
27;Bourgogne-Franche-Comté;2024-03-12;12:00;2819;128;0;226;247;66;0;49;2104;0;0;226;0;716;0.0;716.0;0.0
27;Bourgogne-Franche-Comté;2024-03-12;13:00;2739;123;0;243;229;99;0;50;1995;0;0;243;0;744;0.0;744.0;0.0
27;Bourgogne-Franche-Comté;2024-03-12;14:00;2714;123;0;218;207;55;0;50;2061;0;0;218;0;653;0.0;653.0;0.0
27;Bourgogne-Franche-Comté;2024-03-12;15:00;2702;123;0;220;205;41;0;50;2064;0;0;220;0;639;0.0;639.0;0.0
27;Bourgogne-Franche-Comté;2024-03-12;16:00;2658;123;0;223;77;56;0;50;2130;0;0;223;0;529;0.0;529.0;0.0
27;Bourgogne-Franche-Comté;2024-03-12;17:00;2620;123;0;218;55;55;0;51;2119;0;0;218;0;502;0.0;502.0;0.0
27;Bourgogne-Franche-Comté;2024-03-12;18:00;2745;125;0;320;6;67;0;51;2177;0;0;320;0;569;0.0;569.0;0.0
27;Bourgogne-Franche-Comté;2024-03-12;19:00;2865;125;0;393;0;287;0;51;2009;0;0;393;0;856;0.0;856.0;0.0
27;Bourgogne-Franche-Comté;2024-03-12;20:00;2829;125;0;432;0;278;0;50;1943;0;0;432;0;885;0.0;885.0;0.0
27;Bourgogne-Franche-Comté;2024-03-12;21:00;2703;126;0;482;0;250;0;51;1796;0;0;482;0;909;0.0;909.0;0.0
27;Bourgogne-Franche-Comté;2024-03-12;22:00;2546;124;0;460;0;75;0;51;1836;0;0;460;0;710;0.0;710.0;0.0
27;Bourgogne-Franche-Comté;2024-03-12;23:00;2503;126;0;456;0;108;0;51;1761;0;0;456;0;741;0.0;741.0;0.0
27;Bourgogne-Franche-Comté;2024-06-12;00:00;1832;53;0;115;0;202;0;47;1415;0;0;115;0;417;0.0;417.0;0.0
27;Bourgogne-Franche-Comté;2024-06-12;01:00;1752;54;0;129;0;66;0;46;1457;0;0;129;0;295;0.0;295.0;0.0
27;Bourgogne-Franche-Comté;2024-06-12;02:00;1785;54;0;137;0;65;0;45;1484;0;0;137;0;301;0.0;301.0;0.0
27;Bourgogne-Franche-Comté;2024-06-12;03:00;1719;54;0;149;0;63;0;47;1406;0;0;149;0;313;0.0;313.0;0.0
27;Bourgogne-Franche-Comté;2024-06-12;04:00;1645;56;0;133;0;59;-66;45;1418;0;0;133;0;227;0.0;227.0;0.0
27;Bourgogne-Franche-Comté;2024-06-12;05:00;1704;56;0;139;0;58;-66;46;1470;0;0;139;0;233;0.0;233.0;0.0
27;Bourgogne-Franche-Comté;2024-06-12;06:00;1849;56;0;144;12;60;0;45;1532;0;0;144;0;317;0.0;317.0;0.0
27;Bourgogne-Franche-Comté;2024-06-12;07:00;2112;55;0;121;76;62;0;44;1753;0;0;121;0;358;0.0;358.0;0.0
27;Bourgogne-Franche-Comté;2024-06-12;08:00;2203;54;0;43;233;122;0;46;1706;0;0;43;0;498;0.0;498.0;0.0
27;Bourgogne-Franche-Comté;2024-06-12;09:00;2240;54;0;30;328;121;0;46;1662;0;0;30;0;579;0.0;579.0;0.0
27;Bourgogne-Franche-Comté;2024-06-12;10:00;2226;55;0;31;572;55;0;45;1469;0;0;31;0;758;0.0;758.0;0.0
27;Bourgogne-Franche-Comté;2024-06-12;11:00;2286;55;0;48;669;54;0;46;1415;0;0;48;0;872;0.0;872.0;0.0
27;Bourgogne-Franche-Comté;2024-06-12;12:00;2383;55;0;40;667;54;0;45;1522;0;0;40;0;861;0.0;861.0;0.0
27;Bourgogne-Franche-Comté;2024-06-12;13:00;2298;54;0;41;673;55;0;45;1430;0;0;41;0;868;0.0;868.0;0.0
27;Bourgogne-Franche-Comté;2024-06-12;14:00;2241;54;0;51;640;55;0;44;1396;0;0;51;0;844;0.0;844.0;0.0
27;Bourgogne-Franche-Comté;2024-06-12;15:00;2234;55;0;59;605;55;0;44;1417;0;0;59;0;818;0.0;818.0;0.0
27;Bourgogne-Franche-Comté;2024-06-12;16:00;2172;55;0;70;516;58;0;45;1429;0;0;70;0;744;0.0;744.0;0.0
27;Bourgogne-Franche-Comté;2024-06-12;17:00;2065;55;0;77;437;60;0;43;1395;0;0;77;0;672;0.0;672.0;0.0
27;Bourgogne-Franche-Comté;2024-06-12;18:00;2188;55;0;87;297;64;0;44;1642;0;0;87;0;547;0.0;547.0;0.0
27;Bourgogne-Franche-Comté;2024-06-12;19:00;2205;55;0;107;228;66;0;45;1705;0;0;107;0;501;0.0;501.0;0.0
27;Bourgogne-Franche-Comté;2024-06-12;20:00;2095;55;0;114;116;67;0;46;1694;0;0;114;0;398;0.0;398.0;0.0
27;Bourgogne-Franche-Comté;2024-06-12;21:00;2060;55;0;101;30;68;0;44;1762;0;0;101;0;298;0.0;298.0;0.0
27;Bourgogne-Franche-Comté;2024-06-12;22:00;2035;57;0;99;1;70;0;44;1765;0;0;99;0;271;0.0;271.0;0.0
27;Bourgogne-Franche-Comté;2024-06-12;23:00;2052;57;0;119;0;141;0;44;1691;0;0;119;0;361;0.0;361.0;0.0
27;Bourgogne-Franche-Comté;2024-06-22;00:00;1794;22;0;223;0;146;0;41;1362;0;0;223;0;432;0.0;432.0;0.0
27;Bourgogne-Franche-Comté;2024-06-22;01:00;1635;22;0;321;0;120;0;40;1132;0;0;321;0;503;0.0;503.0;0.0
27;Bourgogne-Franche-Comté;2024-06-22;02:00;1645;22;0;366;0;121;0;40;1096;0;0;366;0;549;0.0;549.0;0.0
27;Bourgogne-Franche-Comté;2024-06-22;03:00;1529;23;0;443;0;121;0;40;902;0;0;443;0;627;0.0;627.0;0.0
27;Bourgogne-Franche-Comté;2024-06-22;04:00;1464;22;0;515;0;120;0;41;768;0;0;515;0;698;0.0;698.0;0.0
27;Bourgogne-Franche-Comté;2024-06-22;05:00;1413;23;0;498;0;64;0;42;786;0;0;498;0;627;0.0;627.0;0.0
27;Bourgogne-Franche-Comté;2024-06-22;06:00;1428;23;0;427;4;70;0;39;864;0;0;427;0;563;0.0;563.0;0.0
27;Bourgogne-Franche-Comté;2024-06-22;07:00;1494;22;0;406;21;123;0;39;886;0;0;406;0;611;0.0;611.0;0.0
27;Bourgogne-Franche-Comté;2024-06-22;08:00;1591;23;0;349;49;125;0;38;1009;0;0;349;0;584;0.0;584.0;0.0
27;Bourgogne-Franche-Comté;2024-06-22;09:00;1751;22;0;282;104;128;0;38;1175;0;0;282;0;574;0.0;574.0;0.0
27;Bourgogne-Franche-Comté;2024-06-22;10:00;1858;22;0;245;171;129;0;40;1252;0;0;245;0;607;0.0;607.0;0.0
27;Bourgogne-Franche-Comté;2024-06-22;11:00;1837;23;0;242;213;129;0;40;1190;0;0;242;0;647;0.0;647.0;0.0
27;Bourgogne-Franche-Comté;2024-06-22;12:00;1975;23;0;181;328;72;0;42;1330;0;0;181;0;646;0.0;646.0;0.0
27;Bourgogne-Franche-Comté;2024-06-22;13:00;1950;22;0;175;364;69;0;42;1278;0;0;175;0;672;0.0;672.0;0.0
27;Bourgogne-Franche-Comté;2024-06-22;14:00;1822;23;0;115;415;59;0;41;1170;0;0;115;0;653;0.0;653.0;0.0
27;Bourgogne-Franche-Comté;2024-06-22;15:00;1782;22;0;153;406;62;0;40;1098;0;0;153;0;683;0.0;683.0;0.0
27;Bourgogne-Franche-Comté;2024-06-22;16:00;1755;23;0;82;355;65;0;39;1191;0;0;82;0;564;0.0;564.0;0.0
27;Bourgogne-Franche-Comté;2024-06-22;17:00;1732;22;0;58;333;65;0;38;1216;0;0;58;0;516;0.0;516.0;0.0
27;Bourgogne-Franche-Comté;2024-06-22;18:00;1734;23;0;90;240;86;0;39;1260;0;0;90;0;478;0.0;478.0;0.0
27;Bourgogne-Franche-Comté;2024-06-22;19:00;1766;22;0;86;203;138;0;39;1279;0;0;86;0;488;0.0;488.0;0.0
27;Bourgogne-Franche-Comté;2024-06-22;20:00;1713;22;0;91;57;139;0;40;1362;0;0;91;0;349;0.0;349.0;0.0
27;Bourgogne-Franche-Comté;2024-06-22;21:00;1745;22;0;78;10;140;0;40;1455;0;0;78;0;290;0.0;290.0;0.0
27;Bourgogne-Franche-Comté;2024-06-22;22:00;1754;22;0;54;0;141;0;39;1498;0;0;54;0;256;0.0;256.0;0.0
27;Bourgogne-Franche-Comté;2024-06-22;23:00;1795;22;0;68;0;141;0;40;1525;0;0;68;0;271;0.0;271.0;0.0
27;Bourgogne-Franche-Comté;2024-08-13;00:00;1645;21;0;110;0;102;0;46;1366;0;0;110;0;279;0.0;279.0;0.0
27;Bourgogne-Franche-Comté;2024-08-13;01:00;1500;20;0;147;0;18;0;47;1267;0;0;147;0;232;0.0;232.0;0.0
27;Bourgogne-Franche-Comté;2024-08-13;02:00;1496;20;0;222;0;17;0;48;1190;0;0;222;0;307;0.0;307.0;0.0
27;Bourgogne-Franche-Comté;2024-08-13;03:00;1435;20;0;233;0;17;0;48;1119;0;0;233;0;318;0.0;318.0;0.0
27;Bourgogne-Franche-Comté;2024-08-13;04:00;1344;21;0;209;0;16;0;38;1062;0;0;209;0;284;0.0;284.0;0.0
27;Bourgogne-Franche-Comté;2024-08-13;05:00;1362;20;0;188;0;16;0;31;1106;0;0;188;0;255;0.0;255.0;0.0
27;Bourgogne-Franche-Comté;2024-08-13;06:00;1432;21;0;112;0;22;0;31;1247;0;0;112;0;186;0.0;186.0;0.0
27;Bourgogne-Franche-Comté;2024-08-13;07:00;1540;21;0;89;25;25;0;44;1337;0;0;89;0;204;0.0;204.0;0.0
27;Bourgogne-Franche-Comté;2024-08-13;08:00;1701;21;0;54;126;28;0;44;1427;0;0;54;0;273;0.0;273.0;0.0
27;Bourgogne-Franche-Comté;2024-08-13;09:00;1766;21;0;20;277;30;0;44;1373;0;0;20;0;392;0.0;392.0;0.0
27;Bourgogne-Franche-Comté;2024-08-13;10:00;1810;21;0;24;424;31;0;45;1265;0;0;24;0;545;0.0;545.0;0.0
27;Bourgogne-Franche-Comté;2024-08-13;11:00;1931;21;0;30;532;25;0;45;1279;0;0;30;0;653;0.0;653.0;0.0
27;Bourgogne-Franche-Comté;2024-08-13;12:00;2063;21;0;17;646;17;0;45;1318;0;0;17;0;746;0.0;746.0;0.0
27;Bourgogne-Franche-Comté;2024-08-13;13:00;2024;21;0;14;680;17;0;44;1250;0;0;14;0;776;0.0;776.0;0.0
27;Bourgogne-Franche-Comté;2024-08-13;14:00;1994;20;0;11;701;17;0;43;1204;0;0;11;0;792;0.0;792.0;0.0
27;Bourgogne-Franche-Comté;2024-08-13;15:00;1977;20;0;27;664;19;0;43;1205;0;0;27;0;773;0.0;773.0;0.0
27;Bourgogne-Franche-Comté;2024-08-13;16:00;1947;20;0;53;510;20;0;42;1301;0;0;53;0;645;0.0;645.0;0.0
27;Bourgogne-Franche-Comté;2024-08-13;17:00;1918;21;0;72;404;19;0;42;1359;0;0;72;0;558;0.0;558.0;0.0
27;Bourgogne-Franche-Comté;2024-08-13;18:00;1914;21;0;158;163;30;0;41;1504;0;0;158;0;413;0.0;413.0;0.0
27;Bourgogne-Franche-Comté;2024-08-13;19:00;1932;21;0;181;128;109;0;42;1454;0;0;181;0;481;0.0;481.0;0.0
27;Bourgogne-Franche-Comté;2024-08-13;20:00;1845;22;0;149;55;112;0;42;1464;0;0;149;0;380;0.0;380.0;0.0
27;Bourgogne-Franche-Comté;2024-08-13;21:00;1857;22;0;132;0;111;0;45;1548;0;0;132;0;310;0.0;310.0;0.0
27;Bourgogne-Franche-Comté;2024-08-13;22:00;1775;22;0;130;0;110;0;46;1469;0;0;130;0;308;0.0;308.0;0.0
27;Bourgogne-Franche-Comté;2024-08-13;23:00;1777;22;0;114;0;111;0;48;1483;0;0;114;0;295;0.0;295.0;0.0
27;Bourgogne-Franche-Comté;2024-09-17;00:00;1880;19;0;278;0;60;0;29;1494;0;0;278;0;386;0.0;386.0;0.0
27;Bourgogne-Franche-Comté;2024-09-17;01:00;1748;19;0;332;0;97;0;30;1271;0;0;332;0;478;0.0;478.0;0.0
27;Bourgogne-Franche-Comté;2024-09-17;02:00;1789;20;0;360;0;51;0;30;1328;0;0;360;0;461;0.0;461.0;0.0
27;Bourgogne-Franche-Comté;2024-09-17;03:00;1742;20;0;401;0;50;0;30;1241;0;0;401;0;501;0.0;501.0;0.0
27;Bourgogne-Franche-Comté;2024-09-17;04:00;1660;20;0;438;0;50;-65;30;1187;0;0;438;0;473;0.0;473.0;0.0
27;Bourgogne-Franche-Comté;2024-09-17;05:00;1733;19;0;539;0;49;-65;29;1163;0;0;539;0;571;0.0;571.0;0.0
27;Bourgogne-Franche-Comté;2024-09-17;06:00;1926;20;0;553;0;52;0;29;1273;0;0;553;0;654;0.0;654.0;0.0
27;Bourgogne-Franche-Comté;2024-09-17;07:00;2173;19;0;519;1;58;0;30;1544;0;0;519;0;627;0.0;627.0;0.0
27;Bourgogne-Franche-Comté;2024-09-17;08:00;2288;19;0;520;41;168;0;29;1509;0;0;520;0;777;0.0;777.0;0.0
27;Bourgogne-Franche-Comté;2024-09-17;09:00;2289;20;0;539;137;123;0;29;1442;0;0;539;0;848;0.0;848.0;0.0
27;Bourgogne-Franche-Comté;2024-09-17;10:00;2363;20;0;559;193;68;0;29;1496;0;0;559;0;869;0.0;869.0;0.0
27;Bourgogne-Franche-Comté;2024-09-17;11:00;2451;19;0;554;387;52;-65;29;1479;0;0;554;0;976;0.0;976.0;0.0
27;Bourgogne-Franche-Comté;2024-09-17;12:00;2442;19;0;570;456;54;0;29;1315;0;0;570;0;1128;0.0;1128.0;0.0
27;Bourgogne-Franche-Comté;2024-09-17;13:00;2382;19;0;578;479;140;0;28;1139;0;0;578;0;1244;0.0;1244.0;0.0
27;Bourgogne-Franche-Comté;2024-09-17;14:00;2351;19;0;653;469;37;0;29;1144;0;0;653;0;1207;0.0;1207.0;0.0
27;Bourgogne-Franche-Comté;2024-09-17;15:00;2284;19;0;748;513;37;0;30;938;0;0;748;0;1347;0.0;1347.0;0.0
27;Bourgogne-Franche-Comté;2024-09-17;16:00;2253;20;0;753;468;36;0;30;946;0;0;753;0;1307;0.0;1307.0;0.0
27;Bourgogne-Franche-Comté;2024-09-17;17:00;2203;21;0;768;384;161;0;29;840;0;0;768;0;1363;0.0;1363.0;0.0
27;Bourgogne-Franche-Comté;2024-09-17;18:00;2248;20;0;789;160;45;-65;30;1270;0;0;789;0;979;0.0;979.0;0.0
27;Bourgogne-Franche-Comté;2024-09-17;19:00;2281;20;0;763;88;54;0;29;1327;0;0;763;0;954;0.0;954.0;0.0
27;Bourgogne-Franche-Comté;2024-09-17;20:00;2240;20;0;765;4;182;0;29;1238;0;0;765;0;1000;0.0;1000.0;0.0
27;Bourgogne-Franche-Comté;2024-09-17;21:00;2178;20;0;766;0;62;0;30;1303;0;0;766;0;878;0.0;878.0;0.0
27;Bourgogne-Franche-Comté;2024-09-17;22:00;2121;20;0;747;0;49;0;30;1280;0;0;747;0;846;0.0;846.0;0.0
27;Bourgogne-Franche-Comté;2024-09-17;23:00;2058;20;0;714;0;48;0;30;1247;0;0;714;0;812;0.0;812.0;0.0
27;Bourgogne-Franche-Comté;2024-10-04;00:00;2008;21;0;368;0;230;0;44;1346;0;0;368;0;663;0.0;663.0;0.0
27;Bourgogne-Franche-Comté;2024-10-04;01:00;1932;21;0;333;0;286;0;43;1250;0;0;333;0;683;0.0;683.0;0.0
27;Bourgogne-Franche-Comté;2024-10-04;02:00;1927;21;0;321;0;192;0;43;1349;0;0;321;0;577;0.0;577.0;0.0
27;Bourgogne-Franche-Comté;2024-10-04;03:00;1838;21;0;303;0;203;0;44;1266;0;0;303;0;571;0.0;571.0;0.0
27;Bourgogne-Franche-Comté;2024-10-04;04:00;1804;21;0;279;0;199;0;39;1265;0;0;279;0;538;0.0;538.0;0.0
27;Bourgogne-Franche-Comté;2024-10-04;05:00;1846;21;0;258;0;237;0;29;1301;0;0;258;0;545;0.0;545.0;0.0
27;Bourgogne-Franche-Comté;2024-10-04;06:00;2105;21;0;236;0;303;0;27;1520;0;0;236;0;587;0.0;587.0;0.0
27;Bourgogne-Franche-Comté;2024-10-04;07:00;2451;21;0;235;0;303;0;40;1851;0;0;235;0;599;0.0;599.0;0.0
27;Bourgogne-Franche-Comté;2024-10-04;08:00;2572;21;0;238;19;299;0;28;1968;0;0;238;0;605;0.0;605.0;0.0
27;Bourgogne-Franche-Comté;2024-10-04;09:00;2558;21;0;237;150;304;0;38;1809;0;0;237;0;750;0.0;750.0;0.0
27;Bourgogne-Franche-Comté;2024-10-04;10:00;2535;21;0;185;229;303;0;39;1759;0;0;185;0;777;0.0;777.0;0.0
27;Bourgogne-Franche-Comté;2024-10-04;11:00;2502;21;0;139;418;191;0;43;1692;0;0;139;0;812;0.0;812.0;0.0
27;Bourgogne-Franche-Comté;2024-10-04;12:00;2558;21;0;174;616;211;0;42;1494;0;0;174;0;1064;0.0;1064.0;0.0
27;Bourgogne-Franche-Comté;2024-10-04;13:00;2490;21;0;201;575;138;0;42;1515;0;0;201;0;977;0.0;977.0;0.0
27;Bourgogne-Franche-Comté;2024-10-04;14:00;2349;21;0;250;552;137;0;44;1347;0;0;250;0;1004;0.0;1004.0;0.0
27;Bourgogne-Franche-Comté;2024-10-04;15:00;2330;21;0;245;484;157;0;45;1376;0;0;245;0;952;0.0;952.0;0.0
27;Bourgogne-Franche-Comté;2024-10-04;16:00;2234;21;0;242;311;147;0;47;1464;0;0;242;0;768;0.0;768.0;0.0
27;Bourgogne-Franche-Comté;2024-10-04;17:00;2232;19;0;203;192;138;0;47;1636;0;0;203;0;599;0.0;599.0;0.0
27;Bourgogne-Franche-Comté;2024-10-04;18:00;2336;19;0;194;79;240;0;47;1758;0;0;194;0;579;0.0;579.0;0.0
27;Bourgogne-Franche-Comté;2024-10-04;19:00;2411;20;0;176;2;265;0;45;1903;0;0;176;0;508;0.0;508.0;0.0
27;Bourgogne-Franche-Comté;2024-10-04;20:00;2421;20;0;198;0;263;0;45;1892;0;0;198;0;526;0.0;526.0;0.0
27;Bourgogne-Franche-Comté;2024-10-04;21:00;2297;21;0;219;0;250;0;46;1763;0;0;219;0;536;0.0;536.0;0.0
27;Bourgogne-Franche-Comté;2024-10-04;22:00;2191;21;0;272;0;313;0;44;1541;0;0;272;0;650;0.0;650.0;0.0
27;Bourgogne-Franche-Comté;2024-10-04;23:00;2145;21;0;271;0;312;0;44;1497;0;0;271;0;648;0.0;648.0;0.0
27;Bourgogne-Franche-Comté;2024-11-04;00:00;1918;72;0;154;0;153;0;53;1483;0;0;154;0;432;0.0;432.0;0.0
27;Bourgogne-Franche-Comté;2024-11-04;01:00;1797;72;0;117;0;50;0;52;1506;0;0;117;0;291;0.0;291.0;0.0
27;Bourgogne-Franche-Comté;2024-11-04;02:00;1871;72;0;93;0;29;0;52;1625;0;0;93;0;246;0.0;246.0;0.0
27;Bourgogne-Franche-Comté;2024-11-04;03:00;1817;72;0;84;0;26;-1;52;1584;0;0;84;0;233;0.0;233.0;0.0
27;Bourgogne-Franche-Comté;2024-11-04;04:00;1779;72;0;79;0;26;-67;51;1619;0;0;79;0;161;0.0;161.0;0.0
27;Bourgogne-Franche-Comté;2024-11-04;05:00;1916;72;0;81;0;31;0;49;1684;0;0;81;0;233;0.0;233.0;0.0
27;Bourgogne-Franche-Comté;2024-11-04;06:00;2154;72;0;92;0;43;0;48;1897;0;0;92;0;255;0.0;255.0;0.0
27;Bourgogne-Franche-Comté;2024-11-04;07:00;2516;72;0;100;0;245;0;44;2055;0;0;100;0;461;0.0;461.0;0.0
27;Bourgogne-Franche-Comté;2024-11-04;08:00;2662;72;0;116;35;262;0;51;2126;0;0;116;0;536;0.0;536.0;0.0
27;Bourgogne-Franche-Comté;2024-11-04;09:00;2683;71;0;102;129;253;0;51;2078;0;0;102;0;606;0.0;606.0;0.0
27;Bourgogne-Franche-Comté;2024-11-04;10:00;2646;72;0;91;220;153;0;47;2063;0;0;91;0;583;0.0;583.0;0.0
27;Bourgogne-Franche-Comté;2024-11-04;11:00;2669;70;0;74;263;108;0;50;2105;0;0;74;0;565;0.0;565.0;0.0
27;Bourgogne-Franche-Comté;2024-11-04;12:00;2683;68;0;47;349;152;0;47;2020;0;0;47;0;663;0.0;663.0;0.0
27;Bourgogne-Franche-Comté;2024-11-04;13:00;2570;65;0;24;400;140;0;45;1895;0;0;24;0;674;0.0;674.0;0.0
27;Bourgogne-Franche-Comté;2024-11-04;14:00;2523;70;0;16;362;141;0;49;1885;0;0;16;0;638;0.0;638.0;0.0
27;Bourgogne-Franche-Comté;2024-11-04;15:00;2567;70;0;15;314;155;0;47;1968;0;0;15;0;601;0.0;601.0;0.0
27;Bourgogne-Franche-Comté;2024-11-04;16:00;2413;72;0;24;173;156;0;47;1941;0;0;24;0;472;0.0;472.0;0.0
27;Bourgogne-Franche-Comté;2024-11-04;17:00;2429;74;0;62;4;264;0;47;1978;0;0;62;0;451;0.0;451.0;0.0
27;Bourgogne-Franche-Comté;2024-11-04;18:00;2686;74;0;192;0;223;0;48;2150;0;0;192;0;537;0.0;537.0;0.0
27;Bourgogne-Franche-Comté;2024-11-04;19:00;2733;74;0;212;0;212;0;50;2185;0;0;212;0;548;0.0;548.0;0.0
27;Bourgogne-Franche-Comté;2024-11-04;20:00;2601;74;0;289;0;265;0;51;1924;0;0;289;0;679;0.0;679.0;0.0
27;Bourgogne-Franche-Comté;2024-11-04;21:00;2498;74;0;269;0;258;0;51;1846;0;0;269;0;652;0.0;652.0;0.0
27;Bourgogne-Franche-Comté;2024-11-04;22:00;2355;74;0;263;0;256;0;50;1712;0;0;263;0;643;0.0;643.0;0.0
27;Bourgogne-Franche-Comté;2024-11-04;23:00;2332;74;0;240;0;149;0;51;1818;0;0;240;0;514;0.0;514.0;0.0
27;Bourgogne-Franche-Comté;2024-12-02;00:00;2307;130;0;334;0;91;0;48;1704;0;0;334;0;603;0.0;603.0;0.0
27;Bourgogne-Franche-Comté;2024-12-02;01:00;2225;130;0;331;0;84;0;49;1632;0;0;331;0;594;0.0;594.0;0.0
27;Bourgogne-Franche-Comté;2024-12-02;02:00;2340;130;0;341;0;81;-1;49;1741;0;0;341;0;600;0.0;600.0;0.0
27;Bourgogne-Franche-Comté;2024-12-02;03:00;2263;130;0;342;0;80;-68;47;1731;0;0;342;0;531;0.0;531.0;0.0
27;Bourgogne-Franche-Comté;2024-12-02;04:00;2225;130;0;414;0;79;-67;47;1622;0;0;414;0;603;0.0;603.0;0.0
27;Bourgogne-Franche-Comté;2024-12-02;05:00;2359;130;0;386;0;80;0;46;1717;0;0;386;0;642;0.0;642.0;0.0
27;Bourgogne-Franche-Comté;2024-12-02;06:00;2550;130;0;324;0;83;0;45;1968;0;0;324;0;582;0.0;582.0;0.0
27;Bourgogne-Franche-Comté;2024-12-02;07:00;2815;130;0;359;0;207;0;45;2074;0;0;359;0;741;0.0;741.0;0.0
27;Bourgogne-Franche-Comté;2024-12-02;08:00;2926;131;0;394;2;250;0;45;2105;0;0;394;0;822;0.0;822.0;0.0
27;Bourgogne-Franche-Comté;2024-12-02;09:00;2933;130;0;383;12;260;0;45;2103;0;0;383;0;830;0.0;830.0;0.0
27;Bourgogne-Franche-Comté;2024-12-02;10:00;2934;130;0;347;46;156;0;44;2212;0;0;347;0;723;0.0;723.0;0.0
27;Bourgogne-Franche-Comté;2024-12-02;11:00;2999;129;0;323;73;155;0;45;2276;0;0;323;0;725;0.0;725.0;0.0
27;Bourgogne-Franche-Comté;2024-12-02;12:00;3069;129;0;301;97;96;0;47;2398;0;0;301;0;670;0.0;670.0;0.0
27;Bourgogne-Franche-Comté;2024-12-02;13:00;2973;130;0;296;82;89;0;45;2331;0;0;296;0;642;0.0;642.0;0.0
27;Bourgogne-Franche-Comté;2024-12-02;14:00;2939;124;0;312;84;85;0;46;2291;0;0;312;0;651;0.0;651.0;0.0
27;Bourgogne-Franche-Comté;2024-12-02;15:00;2902;120;0;323;77;81;0;44;2259;0;0;323;0;645;0.0;645.0;0.0
27;Bourgogne-Franche-Comté;2024-12-02;16:00;2764;123;0;293;41;100;0;47;2160;0;0;293;0;604;0.0;604.0;0.0
27;Bourgogne-Franche-Comté;2024-12-02;17:00;2827;124;0;339;0;253;0;48;2064;0;0;339;0;764;0.0;764.0;0.0
27;Bourgogne-Franche-Comté;2024-12-02;18:00;2959;124;0;381;0;246;0;48;2160;0;0;381;0;799;0.0;799.0;0.0
27;Bourgogne-Franche-Comté;2024-12-02;19:00;3029;125;0;468;0;273;0;49;2114;0;0;468;0;915;0.0;915.0;0.0
27;Bourgogne-Franche-Comté;2024-12-02;20:00;2892;126;0;421;0;264;0;49;2033;0;0;421;0;860;0.0;860.0;0.0
27;Bourgogne-Franche-Comté;2024-12-02;21:00;2747;126;0;381;0;149;0;48;2043;0;0;381;0;704;0.0;704.0;0.0
27;Bourgogne-Franche-Comté;2024-12-02;22:00;2647;126;0;310;0;103;0;48;2060;0;0;310;0;587;0.0;587.0;0.0
27;Bourgogne-Franche-Comté;2024-12-02;23:00;2607;126;0;293;0;99;0;49;2041;0;0;293;0;567;0.0;567.0;0.0
28;Normandie;2024-01-18;00:00;4469;355;10367;181;0;16;0;75;-6524;0;0;116;65;10994;0.0;10994.0;10367.0
28;Normandie;2024-01-18;01:00;4349;354;10369;157;0;16;0;74;-6622;0;0;102;55;10970;0.0;10970.0;10369.0
28;Normandie;2024-01-18;02:00;4379;355;10258;159;0;17;0;75;-6484;0;0;96;63;10864;0.0;10864.0;10258.0
28;Normandie;2024-01-18;03:00;4233;351;10236;174;0;17;0;74;-6618;0;0;106;68;10852;0.0;10852.0;10236.0
28;Normandie;2024-01-18;04:00;4107;353;10244;279;0;17;0;74;-6859;0;0;120;158;10967;0.0;10967.0;10244.0
28;Normandie;2024-01-18;05:00;4183;362;10367;360;0;17;0;74;-6996;0;0;125;235;11180;0.0;11180.0;10367.0
28;Normandie;2024-01-18;06:00;4377;362;10363;357;0;16;0;78;-6798;0;0;120;237;11176;0.0;11176.0;10363.0
28;Normandie;2024-01-18;07:00;4652;368;10371;344;0;16;0;73;-6520;0;0;112;232;11172;0.0;11172.0;10371.0
28;Normandie;2024-01-18;08:00;4772;367;10374;360;0;15;0;74;-6418;0;0;130;230;11190;0.0;11190.0;10374.0
28;Normandie;2024-01-18;09:00;4788;364;10371;359;1;15;0;74;-6395;0;0;159;200;11184;0.0;11184.0;10371.0
28;Normandie;2024-01-18;10:00;4828;364;10370;369;4;15;0;72;-6365;0;0;154;215;11194;0.0;11194.0;10370.0
28;Normandie;2024-01-18;11:00;4754;365;10373;269;16;15;0;72;-6355;0;0;121;148;11110;0.0;11110.0;10373.0
28;Normandie;2024-01-18;12:00;4694;356;10372;240;35;15;0;72;-6396;0;0;86;154;11090;0.0;11090.0;10372.0
28;Normandie;2024-01-18;13:00;4441;365;10372;183;62;15;0;74;-6629;0;0;67;116;11071;0.0;11071.0;10372.0
28;Normandie;2024-01-18;14:00;4289;364;10370;161;77;15;0;74;-6772;0;0;71;90;11061;0.0;11061.0;10370.0
28;Normandie;2024-01-18;15:00;4247;365;10370;193;69;15;0;72;-6836;0;0;105;88;11084;0.0;11084.0;10370.0
28;Normandie;2024-01-18;16:00;4178;368;10372;135;30;15;0;73;-6814;0;0;88;47;10993;0.0;10993.0;10372.0
28;Normandie;2024-01-18;17:00;4348;370;10371;142;3;15;0;72;-6625;0;0;90;51;10973;0.0;10973.0;10371.0
28;Normandie;2024-01-18;18:00;4701;371;10368;153;0;16;0;71;-6277;0;0;99;54;10979;0.0;10979.0;10368.0
28;Normandie;2024-01-18;19:00;4863;371;10368;176;0;15;0;70;-6137;0;0;106;70;11000;0.0;11000.0;10368.0
28;Normandie;2024-01-18;20:00;4803;371;10365;179;0;15;0;71;-6198;0;0;96;84;11001;0.0;11001.0;10365.0
28;Normandie;2024-01-18;21:00;4643;368;10371;126;0;15;0;73;-6310;0;0;80;47;10953;0.0;10953.0;10371.0
28;Normandie;2024-01-18;22:00;4681;358;10368;136;0;15;0;73;-6269;0;0;84;52;10950;0.0;10950.0;10368.0
28;Normandie;2024-01-18;23:00;4744;358;10368;145;0;15;0;73;-6215;0;0;81;64;10959;0.0;10959.0;10368.0
28;Normandie;2024-02-04;00:00;3466;283;7547;550;0;12;0;86;-5012;0;0;320;229;8478;0.0;8478.0;7547.0
28;Normandie;2024-02-04;01:00;3280;282;7406;571;0;12;0;85;-5076;0;0;345;226;8356;0.0;8356.0;7406.0
28;Normandie;2024-02-04;02:00;3282;286;7417;591;0;12;0;87;-5111;0;0;364;227;8393;0.0;8393.0;7417.0
28;Normandie;2024-02-04;03:00;3107;286;7095;643;0;13;0;87;-5016;0;0;418;225;8124;0.0;8124.0;7095.0
28;Normandie;2024-02-04;04:00;2950;286;6747;661;0;13;0;87;-4843;0;0;442;219;7794;0.0;7794.0;6747.0
28;Normandie;2024-02-04;05:00;2836;286;6904;676;0;13;0;86;-5127;0;0;456;220;7965;0.0;7965.0;6904.0
28;Normandie;2024-02-04;06:00;2868;286;7399;671;0;19;0;85;-5592;0;0;445;226;8460;0.0;8460.0;7399.0
28;Normandie;2024-02-04;07:00;3034;286;7412;690;0;19;0;83;-5455;0;0;472;218;8490;0.0;8490.0;7412.0
28;Normandie;2024-02-04;08:00;3082;285;7529;672;0;18;0;84;-5506;0;0;442;230;8588;0.0;8588.0;7529.0
28;Normandie;2024-02-04;09:00;3186;285;7699;635;5;19;0;84;-5541;0;0;405;230;8727;0.0;8727.0;7699.0
28;Normandie;2024-02-04;10:00;3290;285;7733;648;20;19;0;84;-5500;0;0;418;230;8789;0.0;8789.0;7733.0
28;Normandie;2024-02-04;11:00;3382;285;7670;669;31;18;0;84;-5375;0;0;438;230;8757;0.0;8757.0;7670.0
28;Normandie;2024-02-04;12:00;3456;285;7607;668;37;18;0;84;-5244;0;0;438;230;8699;0.0;8699.0;7607.0
28;Normandie;2024-02-04;13:00;3397;285;7596;657;39;18;0;84;-5283;0;0;427;230;8679;0.0;8679.0;7596.0
28;Normandie;2024-02-04;14:00;3172;285;7584;678;41;19;0;83;-5518;0;0;447;230;8690;0.0;8690.0;7584.0
28;Normandie;2024-02-04;15:00;3132;285;7676;706;28;19;0;83;-5667;0;0;476;230;8797;0.0;8797.0;7676.0
28;Normandie;2024-02-04;16:00;3044;285;7691;759;17;19;0;84;-5810;0;0;529;230;8855;0.0;8855.0;7691.0
28;Normandie;2024-02-04;17:00;3108;306;7707;748;3;19;0;84;-5758;0;0;518;230;8867;0.0;8867.0;7707.0
28;Normandie;2024-02-04;18:00;3388;305;7763;751;0;20;0;84;-5536;0;0;521;230;8923;0.0;8923.0;7763.0
28;Normandie;2024-02-04;19:00;3550;305;7763;765;0;20;0;83;-5384;0;0;535;230;8936;0.0;8936.0;7763.0
28;Normandie;2024-02-04;20:00;3480;305;7763;779;0;20;0;83;-5468;0;0;549;230;8950;0.0;8950.0;7763.0
28;Normandie;2024-02-04;21:00;3413;305;7766;723;0;19;0;87;-5488;0;0;493;230;8900;0.0;8900.0;7766.0
28;Normandie;2024-02-04;22:00;3489;305;7689;676;0;13;0;90;-5284;0;0;446;230;8773;0.0;8773.0;7689.0
28;Normandie;2024-02-04;23:00;3570;305;7696;652;0;13;0;90;-5185;0;0;422;230;8756;0.0;8756.0;7696.0
28;Normandie;2024-03-12;00:00;3563;288;7867;244;0;11;0;86;-4933;0;0;180;65;8496;0.0;8496.0;7867.0
28;Normandie;2024-03-12;01:00;3334;287;7864;257;0;11;0;87;-5172;0;0;194;63;8506;0.0;8506.0;7864.0
28;Normandie;2024-03-12;02:00;3329;287;7787;263;0;11;0;86;-5104;0;0;181;82;8434;0.0;8434.0;7787.0
28;Normandie;2024-03-12;03:00;3185;287;7799;225;0;11;0;84;-5221;0;0;165;60;8406;0.0;8406.0;7799.0
28;Normandie;2024-03-12;04:00;3073;287;7868;272;0;10;0;85;-5449;0;0;167;105;8522;0.0;8522.0;7868.0
28;Normandie;2024-03-12;05:00;3188;287;7863;359;0;10;0;85;-5416;0;0;185;174;8604;0.0;8604.0;7863.0
28;Normandie;2024-03-12;06:00;3462;287;7860;385;0;10;0;84;-5165;0;0;189;197;8626;0.0;8626.0;7860.0
28;Normandie;2024-03-12;07:00;3673;303;7858;379;0;10;0;84;-4961;0;0;240;138;8634;0.0;8634.0;7858.0
28;Normandie;2024-03-12;08:00;3740;302;7855;464;7;10;0;86;-4984;0;0;246;217;8724;0.0;8724.0;7855.0
28;Normandie;2024-03-12;09:00;3818;303;7856;524;12;11;0;86;-4974;0;0;258;266;8792;0.0;8792.0;7856.0
28;Normandie;2024-03-12;10:00;3787;302;7860;627;20;11;0;86;-5118;0;0;348;279;8906;0.0;8906.0;7860.0
28;Normandie;2024-03-12;11:00;3809;293;7816;731;34;11;0;86;-5162;0;0;452;279;8971;0.0;8971.0;7816.0
28;Normandie;2024-03-12;12:00;3814;295;7778;744;38;11;0;84;-5136;0;0;465;279;8950;0.0;8950.0;7778.0
28;Normandie;2024-03-12;13:00;3804;295;7778;836;41;11;0;91;-5249;0;0;557;279;9052;0.0;9052.0;7778.0
28;Normandie;2024-03-12;14:00;3648;295;7834;837;43;11;0;92;-5463;0;0;558;279;9112;0.0;9112.0;7834.0
28;Normandie;2024-03-12;15:00;3546;295;7857;845;53;11;0;89;-5604;0;0;566;279;9150;0.0;9150.0;7857.0
28;Normandie;2024-03-12;16:00;3419;290;7861;814;37;10;0;90;-5683;0;0;538;275;9102;0.0;9102.0;7861.0
28;Normandie;2024-03-12;17:00;3397;294;7858;795;19;9;0;88;-5666;0;0;512;283;9063;0.0;9063.0;7858.0
28;Normandie;2024-03-12;18:00;3524;295;7848;797;4;10;0;96;-5526;0;0;518;280;9050;0.0;9050.0;7848.0
28;Normandie;2024-03-12;19:00;3776;295;7848;778;0;10;0;96;-5251;0;0;494;284;9027;0.0;9027.0;7848.0
28;Normandie;2024-03-12;20:00;3703;296;7853;766;0;10;0;96;-5318;0;0;480;286;9021;0.0;9021.0;7853.0
28;Normandie;2024-03-12;21:00;3527;296;7858;762;0;10;0;93;-5492;0;0;489;273;9019;0.0;9019.0;7858.0
28;Normandie;2024-03-12;22:00;3549;289;7863;735;0;11;0;90;-5438;0;0;451;284;8988;0.0;8988.0;7863.0
28;Normandie;2024-03-12;23:00;3590;288;7863;689;0;11;0;90;-5351;0;0;412;277;8941;0.0;8941.0;7863.0
28;Normandie;2024-06-12;00:00;2595;202;4509;66;0;20;0;85;-2287;0;0;34;32;4882;0.0;4882.0;4509.0
28;Normandie;2024-06-12;01:00;2390;186;4352;37;0;14;0;85;-2284;0;0;15;22;4674;0.0;4674.0;4352.0
28;Normandie;2024-06-12;02:00;2322;186;4318;26;0;14;0;85;-2306;0;0;12;14;4629;0.0;4629.0;4318.0
28;Normandie;2024-06-12;03:00;2211;186;4305;15;0;15;0;85;-2394;0;0;11;3;4606;0.0;4606.0;4305.0
28;Normandie;2024-06-12;04:00;2179;186;4248;16;0;15;0;83;-2369;0;0;13;3;4548;0.0;4548.0;4248.0
28;Normandie;2024-06-12;05:00;2185;187;4294;22;0;15;0;84;-2416;0;0;19;3;4602;0.0;4602.0;4294.0
28;Normandie;2024-06-12;06:00;2316;187;4408;27;2;15;0;83;-2407;0;0;22;6;4722;0.0;4722.0;4408.0
28;Normandie;2024-06-12;07:00;2512;187;4303;15;22;20;0;85;-2119;0;0;19;0;4632;0.0;4632.0;4303.0
28;Normandie;2024-06-12;08:00;2675;187;4401;4;69;19;0;84;-2090;0;0;6;0;4764;0.0;4764.0;4401.0
28;Normandie;2024-06-12;09:00;2732;185;4424;0;136;10;0;86;-2104;0;0;5;0;4841;0.0;4841.0;4424.0
28;Normandie;2024-06-12;10:00;2734;184;4375;0;150;9;0;85;-2065;0;0;7;0;4803;0.0;4803.0;4375.0
28;Normandie;2024-06-12;11:00;2742;185;4410;0;143;15;0;85;-2095;0;0;9;0;4838;0.0;4838.0;4410.0
28;Normandie;2024-06-12;12:00;2849;186;4437;7;161;15;0;83;-2041;0;0;18;0;4889;0.0;4889.0;4437.0
28;Normandie;2024-06-12;13:00;2851;185;4411;10;173;15;0;83;-2027;0;0;21;0;4877;0.0;4877.0;4411.0
28;Normandie;2024-06-12;14:00;2697;186;4438;34;200;16;0;83;-2260;0;0;45;0;4957;0.0;4957.0;4438.0
28;Normandie;2024-06-12;15:00;2632;186;4440;42;184;16;0;83;-2319;0;0;53;0;4951;0.0;4951.0;4440.0
28;Normandie;2024-06-12;16:00;2613;186;4432;51;163;16;0;83;-2317;0;0;61;0;4931;0.0;4931.0;4432.0
28;Normandie;2024-06-12;17:00;2523;186;4438;52;151;16;0;90;-2409;0;0;62;0;4933;0.0;4933.0;4438.0
28;Normandie;2024-06-12;18:00;2582;217;4590;59;132;16;0;91;-2524;0;0;62;0;5105;0.0;5105.0;4590.0
28;Normandie;2024-06-12;19:00;2743;245;4948;62;89;16;0;82;-2698;0;0;52;10;5442;0.0;5442.0;4948.0
28;Normandie;2024-06-12;20:00;2677;245;4958;47;63;17;0;85;-2738;0;0;49;0;5415;0.0;5415.0;4958.0
28;Normandie;2024-06-12;21:00;2638;185;4952;53;9;21;0;86;-2668;0;0;30;22;5306;0.0;5306.0;4952.0
28;Normandie;2024-06-12;22:00;2782;186;4952;32;0;21;0;88;-2496;0;0;24;8;5279;0.0;5279.0;4952.0
28;Normandie;2024-06-12;23:00;2838;186;4952;27;0;21;0;93;-2441;0;0;22;5;5279;0.0;5279.0;4952.0
28;Normandie;2024-06-22;00:00;2546;191;5805;234;0;13;0;90;-3787;0;0;76;158;6333;0.0;6333.0;5805.0
28;Normandie;2024-06-22;01:00;2366;169;5670;139;0;13;0;90;-3715;0;0;90;49;6081;0.0;6081.0;5670.0
28;Normandie;2024-06-22;02:00;2272;156;5673;155;0;13;0;94;-3818;0;0;89;66;6091;0.0;6091.0;5673.0
28;Normandie;2024-06-22;03:00;2171;156;5687;170;0;12;0;90;-3944;0;0;92;78;6115;0.0;6115.0;5687.0
28;Normandie;2024-06-22;04:00;2071;158;5505;189;0;11;0;91;-3882;0;0;80;108;5954;0.0;5954.0;5505.0
28;Normandie;2024-06-22;05:00;1985;159;5827;405;0;11;0;90;-4507;0;0;129;276;6492;0.0;6492.0;5827.0
28;Normandie;2024-06-22;06:00;1975;160;5811;399;0;13;0;88;-4495;0;0;144;255;6471;0.0;6471.0;5811.0
28;Normandie;2024-06-22;07:00;2071;159;5835;311;9;18;0;88;-4348;0;0;146;165;6420;0.0;6420.0;5835.0
28;Normandie;2024-06-22;08:00;2165;157;5714;309;29;18;0;88;-4149;0;0;139;170;6315;0.0;6315.0;5714.0
28;Normandie;2024-06-22;09:00;2255;157;5728;453;66;12;0;89;-4249;0;0;152;301;6505;0.0;6505.0;5728.0
28;Normandie;2024-06-22;10:00;2337;156;5716;528;113;12;0;89;-4277;0;0;193;335;6614;0.0;6614.0;5716.0
28;Normandie;2024-06-22;11:00;2446;156;5727;539;141;12;0;89;-4218;0;0;230;309;6664;0.0;6664.0;5727.0
28;Normandie;2024-06-22;12:00;2529;156;5545;602;164;12;0;87;-4037;0;0;321;281;6566;0.0;6566.0;5545.0
28;Normandie;2024-06-22;13:00;2598;156;5543;571;164;12;0;87;-3935;0;0;309;262;6533;0.0;6533.0;5543.0
28;Normandie;2024-06-22;14:00;2535;155;4945;490;191;12;0;88;-3346;0;0;286;204;5881;0.0;5881.0;4945.0
28;Normandie;2024-06-22;15:00;2290;154;4785;509;194;9;0;81;-3444;0;0;263;247;5732;0.0;5732.0;4785.0
28;Normandie;2024-06-22;16:00;2234;154;4888;519;201;11;0;80;-3619;0;0;279;240;5853;0.0;5853.0;4888.0
28;Normandie;2024-06-22;17:00;2223;154;5712;483;190;11;0;84;-4411;0;0;282;201;6634;0.0;6634.0;5712.0
28;Normandie;2024-06-22;18:00;2228;155;5605;469;144;10;0;81;-4237;0;0;240;229;6464;0.0;6464.0;5605.0
28;Normandie;2024-06-22;19:00;2284;166;5741;435;92;11;0;80;-4242;0;0;199;236;6525;0.0;6525.0;5741.0
28;Normandie;2024-06-22;20:00;2275;168;5767;411;67;13;0;81;-4233;0;0;176;235;6507;0.0;6507.0;5767.0
28;Normandie;2024-06-22;21:00;2305;169;5962;310;9;17;0;82;-4245;0;0;84;227;6549;0.0;6549.0;5962.0
28;Normandie;2024-06-22;22:00;2478;169;5965;278;0;17;0;82;-4033;0;0;58;220;6511;0.0;6511.0;5965.0
28;Normandie;2024-06-22;23:00;2543;170;5966;267;0;17;0;82;-3959;0;0;59;208;6502;0.0;6502.0;5966.0
28;Normandie;2024-08-13;00:00;2500;193;7521;243;0;14;0;78;-5549;0;0;76;167;8049;0.0;8049.0;7521.0
28;Normandie;2024-08-13;01:00;2230;190;7485;256;0;14;0;85;-5799;0;0;67;189;8030;0.0;8030.0;7485.0
28;Normandie;2024-08-13;02:00;2164;189;7517;248;0;14;0;86;-5891;0;0;77;171;8054;0.0;8054.0;7517.0
28;Normandie;2024-08-13;03:00;2042;189;7539;100;0;14;0;85;-5886;0;0;33;67;7927;0.0;7927.0;7539.0
28;Normandie;2024-08-13;04:00;2041;189;7513;134;0;14;0;86;-5896;0;0;14;120;7936;0.0;7936.0;7513.0
28;Normandie;2024-08-13;05:00;2033;190;7518;193;0;14;0;85;-5966;0;0;52;142;8000;0.0;8000.0;7518.0
28;Normandie;2024-08-13;06:00;2124;193;7516;169;0;14;0;85;-5853;0;0;48;121;7977;0.0;7977.0;7516.0
28;Normandie;2024-08-13;07:00;2212;193;7491;70;2;14;0;83;-5641;0;0;56;14;7853;0.0;7853.0;7491.0
28;Normandie;2024-08-13;08:00;2320;193;7429;39;20;14;0;81;-5457;0;0;25;14;7776;0.0;7776.0;7429.0
28;Normandie;2024-08-13;09:00;2416;192;7466;45;52;14;0;82;-5434;0;0;18;27;7851;0.0;7851.0;7466.0
28;Normandie;2024-08-13;10:00;2482;196;7436;23;102;14;0;83;-5371;0;0;8;15;7854;0.0;7854.0;7436.0
28;Normandie;2024-08-13;11:00;2527;196;7414;15;121;14;0;83;-5316;0;0;7;8;7843;0.0;7843.0;7414.0
28;Normandie;2024-08-13;12:00;2644;197;7415;55;131;14;0;85;-5253;0;0;20;35;7897;0.0;7897.0;7415.0
28;Normandie;2024-08-13;13:00;2687;197;7404;59;140;14;0;86;-5213;0;0;26;33;7900;0.0;7900.0;7404.0
28;Normandie;2024-08-13;14:00;2519;198;7245;58;123;14;0;82;-5201;0;0;39;19;7720;0.0;7720.0;7245.0
28;Normandie;2024-08-13;15:00;2486;196;7395;44;100;14;0;79;-5342;0;0;37;7;7828;0.0;7828.0;7395.0
28;Normandie;2024-08-13;16:00;2437;196;7507;17;88;14;0;84;-5470;0;0;29;0;7906;0.0;7906.0;7507.0
28;Normandie;2024-08-13;17:00;2378;200;7506;9;94;14;0;87;-5533;0;0;23;0;7910;0.0;7910.0;7506.0
28;Normandie;2024-08-13;18:00;2422;201;7506;0;64;14;0;91;-5448;0;0;9;0;7876;0.0;7876.0;7506.0
28;Normandie;2024-08-13;19:00;2468;197;7506;0;43;14;0;94;-5373;0;0;3;0;7854;0.0;7854.0;7506.0
28;Normandie;2024-08-13;20:00;2435;196;7508;0;30;14;0;93;-5395;0;0;3;0;7841;0.0;7841.0;7508.0
28;Normandie;2024-08-13;21:00;2474;192;7508;0;1;13;0;92;-5321;0;0;5;0;7806;0.0;7806.0;7508.0
28;Normandie;2024-08-13;22:00;2582;192;7501;0;0;13;0;93;-5211;0;0;10;0;7799;0.0;7799.0;7501.0
28;Normandie;2024-08-13;23:00;2620;192;7498;0;0;13;0;93;-5173;0;0;13;0;7796;0.0;7796.0;7498.0
28;Normandie;2024-09-17;00:00;2723;184;6973;546;0;15;0;97;-5091;0;0;232;314;7815;0.0;7815.0;6973.0
28;Normandie;2024-09-17;01:00;2539;179;6877;566;0;15;0;95;-5194;0;0;211;356;7732;0.0;7732.0;6877.0
28;Normandie;2024-09-17;02:00;2465;179;6872;596;0;14;0;94;-5290;0;0;217;379;7755;0.0;7755.0;6872.0
28;Normandie;2024-09-17;03:00;2349;179;6858;522;0;13;0;94;-5317;0;0;223;299;7666;0.0;7666.0;6858.0
28;Normandie;2024-09-17;04:00;2288;179;6816;573;0;12;0;92;-5384;0;0;234;339;7672;0.0;7672.0;6816.0
28;Normandie;2024-09-17;05:00;2348;179;6909;583;0;12;0;91;-5427;0;0;220;363;7774;0.0;7774.0;6909.0
28;Normandie;2024-09-17;06:00;2524;179;7026;559;0;13;0;91;-5345;0;0;244;315;7868;0.0;7868.0;7026.0
28;Normandie;2024-09-17;07:00;2797;179;7028;566;0;13;0;94;-5083;0;0;252;314;7880;0.0;7880.0;7028.0
28;Normandie;2024-09-17;08:00;2879;179;7090;606;12;14;0;93;-5115;0;0;258;348;7994;0.0;7994.0;7090.0
28;Normandie;2024-09-17;09:00;2901;180;7049;577;65;14;0;92;-5075;0;0;251;326;7977;0.0;7977.0;7049.0
28;Normandie;2024-09-17;10:00;2901;180;7037;610;134;14;0;93;-5166;0;0;280;330;8068;0.0;8068.0;7037.0
28;Normandie;2024-09-17;11:00;2907;181;6937;667;192;14;0;94;-5179;0;0;371;295;8085;0.0;8085.0;6937.0
28;Normandie;2024-09-17;12:00;3092;180;6858;747;215;14;0;92;-5013;0;0;463;284;8106;0.0;8106.0;6858.0
28;Normandie;2024-09-17;13:00;2963;180;6300;808;218;14;0;93;-4649;0;0;479;329;7613;0.0;7613.0;6300.0
28;Normandie;2024-09-17;14:00;2845;179;6283;868;228;14;0;91;-4817;0;0;491;377;7663;0.0;7663.0;6283.0
28;Normandie;2024-09-17;15:00;2731;180;6279;999;240;13;0;93;-5072;0;0;566;433;7804;0.0;7804.0;6279.0
28;Normandie;2024-09-17;16:00;2698;179;6337;1009;223;13;0;92;-5154;0;0;560;449;7853;0.0;7853.0;6337.0
28;Normandie;2024-09-17;17:00;2643;169;6970;1053;180;12;0;95;-5836;0;0;565;488;8479;0.0;8479.0;6970.0
28;Normandie;2024-09-17;18:00;2726;170;6994;1081;76;13;0;92;-5699;0;0;594;488;8426;0.0;8426.0;6994.0
28;Normandie;2024-09-17;19:00;2815;170;7124;1039;19;14;0;93;-5643;0;0;551;487;8459;0.0;8459.0;7124.0
28;Normandie;2024-09-17;20:00;2820;169;7193;1006;0;14;0;92;-5654;0;0;519;487;8474;0.0;8474.0;7193.0
28;Normandie;2024-09-17;21:00;2839;169;7184;973;0;14;0;94;-5595;0;0;487;486;8434;0.0;8434.0;7184.0
28;Normandie;2024-09-17;22:00;2845;169;7202;936;0;14;0;94;-5570;0;0;449;487;8415;0.0;8415.0;7202.0
28;Normandie;2024-09-17;23:00;2857;169;7308;929;0;14;0;93;-5655;0;0;441;487;8513;0.0;8513.0;7308.0
28;Normandie;2024-10-04;00:00;2888;253;7519;191;0;12;0;68;-5155;0;0;104;87;8043;0.0;8043.0;7519.0
28;Normandie;2024-10-04;01:00;2677;177;7526;207;0;12;0;68;-5312;0;0;115;92;7990;0.0;7990.0;7526.0
28;Normandie;2024-10-04;02:00;2652;177;7526;185;0;12;0;67;-5315;0;0;106;80;7967;0.0;7967.0;7526.0
28;Normandie;2024-10-04;03:00;2572;177;7525;145;0;12;0;71;-5357;0;0;91;54;7930;0.0;7930.0;7525.0
28;Normandie;2024-10-04;04:00;2517;185;7526;88;0;10;0;70;-5361;0;0;53;34;7879;0.0;7879.0;7526.0
28;Normandie;2024-10-04;05:00;2601;186;7525;73;0;9;0;70;-5262;0;0;47;26;7863;0.0;7863.0;7525.0
28;Normandie;2024-10-04;06:00;2846;252;7528;81;0;9;0;69;-5094;0;0;55;26;7939;0.0;7939.0;7528.0
28;Normandie;2024-10-04;07:00;3170;254;7527;94;0;11;0;70;-4785;0;0;74;20;7956;0.0;7956.0;7527.0
28;Normandie;2024-10-04;08:00;3249;254;7528;90;3;11;0;70;-4706;0;0;84;6;7956;0.0;7956.0;7528.0
28;Normandie;2024-10-04;09:00;3282;254;7529;87;19;12;0;68;-4686;0;0;78;9;7969;0.0;7969.0;7529.0
28;Normandie;2024-10-04;10:00;3202;254;7533;61;92;12;0;67;-4816;0;0;47;14;8019;0.0;8019.0;7533.0
28;Normandie;2024-10-04;11:00;3156;240;7540;25;185;13;0;77;-4924;0;0;10;15;8080;0.0;8080.0;7540.0
28;Normandie;2024-10-04;12:00;3155;185;7538;45;277;13;0;78;-4981;0;0;27;17;8136;0.0;8136.0;7538.0
28;Normandie;2024-10-04;13:00;3145;184;7536;47;291;13;0;87;-5013;0;0;39;8;8158;0.0;8158.0;7536.0
28;Normandie;2024-10-04;14:00;2987;189;7532;30;307;13;0;87;-5172;0;0;24;6;8158;0.0;8158.0;7532.0
28;Normandie;2024-10-04;15:00;2869;189;7530;17;291;14;0;89;-5261;0;0;15;2;8130;0.0;8130.0;7530.0
28;Normandie;2024-10-04;16:00;2752;189;7525;17;238;13;0;88;-5317;0;0;9;8;8070;0.0;8070.0;7525.0
28;Normandie;2024-10-04;17:00;2680;189;7519;21;158;12;0;87;-5306;0;0;7;14;7986;0.0;7986.0;7519.0
28;Normandie;2024-10-04;18:00;2746;217;7519;35;37;12;0;94;-5168;0;0;9;27;7914;0.0;7914.0;7519.0
28;Normandie;2024-10-04;19:00;2905;219;7521;39;4;18;0;94;-4990;0;0;13;27;7895;0.0;7895.0;7521.0
28;Normandie;2024-10-04;20:00;2978;219;7519;40;0;18;0;94;-4912;0;0;17;24;7890;0.0;7890.0;7519.0
28;Normandie;2024-10-04;21:00;2945;215;7520;84;0;13;0;96;-4982;0;0;32;51;7928;0.0;7928.0;7520.0
28;Normandie;2024-10-04;22:00;3004;212;7530;88;0;12;0;93;-4932;0;0;45;42;7935;0.0;7935.0;7530.0
28;Normandie;2024-10-04;23:00;3042;210;7531;86;0;12;0;92;-4890;0;0;56;30;7931;0.0;7931.0;7531.0
28;Normandie;2024-11-04;00:00;3061;223;6301;102;0;15;0;88;-3667;0;0;60;42;6729;0.0;6729.0;6301.0
28;Normandie;2024-11-04;01:00;2873;215;6291;85;0;15;0;88;-3820;0;0;70;15;6694;0.0;6694.0;6291.0
28;Normandie;2024-11-04;02:00;2856;203;6285;115;0;15;0;84;-3845;0;0;80;35;6702;0.0;6702.0;6285.0
28;Normandie;2024-11-04;03:00;2728;211;6288;117;0;15;0;62;-3965;0;0;52;65;6693;0.0;6693.0;6288.0
28;Normandie;2024-11-04;04:00;2631;212;6287;144;0;13;0;88;-4113;0;0;68;77;6744;0.0;6744.0;6287.0
28;Normandie;2024-11-04;05:00;2757;213;6280;101;0;13;0;86;-3935;0;0;66;35;6693;0.0;6693.0;6280.0
28;Normandie;2024-11-04;06:00;3006;212;6282;88;0;19;0;85;-3679;0;0;65;23;6686;0.0;6686.0;6282.0
28;Normandie;2024-11-04;07:00;3322;217;6279;68;0;19;0;84;-3346;0;0;65;3;6667;0.0;6667.0;6279.0
28;Normandie;2024-11-04;08:00;3397;215;6281;41;2;20;0;84;-3246;0;0;51;0;6643;0.0;6643.0;6281.0
28;Normandie;2024-11-04;09:00;3465;218;6286;48;18;20;0;81;-3206;0;0;47;1;6671;0.0;6671.0;6286.0
28;Normandie;2024-11-04;10:00;3458;214;6290;10;42;15;0;80;-3193;0;0;24;0;6651;0.0;6651.0;6290.0
28;Normandie;2024-11-04;11:00;3459;216;6289;3;55;15;0;80;-3199;0;0;16;0;6658;0.0;6658.0;6289.0
28;Normandie;2024-11-04;12:00;3482;213;6288;5;103;15;0;79;-3221;0;0;6;0;6703;0.0;6703.0;6288.0
28;Normandie;2024-11-04;13:00;3443;212;6287;10;134;15;0;80;-3296;0;0;6;4;6738;0.0;6738.0;6287.0
28;Normandie;2024-11-04;14:00;3295;211;6298;18;204;15;0;80;-3531;0;0;6;12;6826;0.0;6826.0;6298.0
28;Normandie;2024-11-04;15:00;3130;211;6298;32;144;15;0;82;-3651;0;0;15;17;6782;0.0;6782.0;6298.0
28;Normandie;2024-11-04;16:00;3049;211;6293;56;76;14;0;79;-3681;0;0;25;31;6729;0.0;6729.0;6293.0
28;Normandie;2024-11-04;17:00;3122;220;6293;126;5;13;0;78;-3613;0;0;75;51;6735;0.0;6735.0;6293.0
28;Normandie;2024-11-04;18:00;3405;240;6307;131;0;19;0;81;-3372;0;0;105;26;6778;0.0;6778.0;6307.0
28;Normandie;2024-11-04;19:00;3531;328;6305;104;0;19;0;83;-3308;0;0;85;19;6839;0.0;6839.0;6305.0
28;Normandie;2024-11-04;20:00;3454;328;6305;90;0;20;0;82;-3370;0;0;68;22;6825;0.0;6825.0;6305.0
28;Normandie;2024-11-04;21:00;3290;221;6318;82;0;20;0;85;-3435;0;0;69;12;6726;0.0;6726.0;6318.0
28;Normandie;2024-11-04;22:00;3341;222;6323;78;0;15;0;83;-3379;0;0;57;21;6721;0.0;6721.0;6323.0
28;Normandie;2024-11-04;23:00;3353;222;6320;81;0;15;0;85;-3370;0;0;58;24;6723;0.0;6723.0;6320.0
28;Normandie;2024-12-02;00:00;3217;216;6133;944;0;15;0;83;-4174;0;0;466;477;7391;0.0;7391.0;6133.0
28;Normandie;2024-12-02;01:00;3012;216;6187;907;0;14;0;83;-4396;0;0;439;469;7407;0.0;7407.0;6187.0
28;Normandie;2024-12-02;02:00;2953;217;6190;873;0;14;0;84;-4424;0;0;411;462;7378;0.0;7378.0;6190.0
28;Normandie;2024-12-02;03:00;2847;217;6190;824;0;14;0;83;-4480;0;0;396;428;7328;0.0;7328.0;6190.0
28;Normandie;2024-12-02;04:00;2750;216;6186;861;0;13;0;82;-4607;0;0;406;455;7358;0.0;7358.0;6186.0
28;Normandie;2024-12-02;05:00;2864;217;6187;931;0;13;0;81;-4564;0;0;438;493;7429;0.0;7429.0;6187.0
28;Normandie;2024-12-02;06:00;3175;217;6191;960;0;13;0;81;-4286;0;0;466;494;7462;0.0;7462.0;6191.0
28;Normandie;2024-12-02;07:00;3437;221;6196;811;0;13;0;78;-3883;0;0;466;345;7319;0.0;7319.0;6196.0
28;Normandie;2024-12-02;08:00;3564;221;6199;889;0;13;0;78;-3837;0;0;437;452;7400;0.0;7400.0;6199.0
28;Normandie;2024-12-02;09:00;3607;221;6202;869;2;13;0;77;-3776;0;0;406;463;7384;0.0;7384.0;6202.0
28;Normandie;2024-12-02;10:00;3602;225;6202;840;31;14;0;74;-3784;0;0;367;473;7386;0.0;7386.0;6202.0
28;Normandie;2024-12-02;11:00;3574;225;6200;859;132;17;0;75;-3933;0;0;394;464;7508;0.0;7508.0;6200.0
28;Normandie;2024-12-02;12:00;3684;223;6201;973;173;18;0;74;-3978;0;0;487;486;7662;0.0;7662.0;6201.0
28;Normandie;2024-12-02;13:00;3806;223;6200;989;316;17;0;76;-4015;0;0;501;488;7821;0.0;7821.0;6200.0
28;Normandie;2024-12-02;14:00;3515;224;6198;1078;131;18;0;77;-4209;0;0;595;483;7726;0.0;7726.0;6198.0
28;Normandie;2024-12-02;15:00;3419;221;6196;1055;72;18;0;79;-4221;0;0;568;487;7641;0.0;7641.0;6196.0
28;Normandie;2024-12-02;16:00;3392;223;6192;956;18;17;0;81;-4094;0;0;506;450;7487;0.0;7487.0;6192.0
28;Normandie;2024-12-02;17:00;3579;225;6191;975;0;16;0;75;-3904;0;0;482;493;7482;0.0;7482.0;6191.0
28;Normandie;2024-12-02;18:00;3735;225;6187;901;0;17;0;76;-3671;0;0;432;469;7406;0.0;7406.0;6187.0
28;Normandie;2024-12-02;19:00;3872;225;6184;893;0;17;0;77;-3524;0;0;401;492;7396;0.0;7396.0;6184.0
28;Normandie;2024-12-02;20:00;3795;226;6192;920;0;17;0;86;-3645;0;0;430;490;7441;0.0;7441.0;6192.0
28;Normandie;2024-12-02;21:00;3637;222;6197;813;0;18;0;85;-3696;0;0;375;438;7335;0.0;7335.0;6197.0
28;Normandie;2024-12-02;22:00;3701;223;6198;586;0;18;0;88;-3411;0;0;277;309;7113;0.0;7113.0;6198.0
28;Normandie;2024-12-02;23:00;3713;222;6198;427;0;18;0;87;-3240;0;0;237;191;6952;0.0;6952.0;6198.0
32;Hauts-de-France;2024-01-18;00:00;6959;1284;4389;433;0;2;0;135;716;0;0;433;0;6243;1816.0;4427.0;2573.0
32;Hauts-de-France;2024-01-18;01:00;6862;1173;4390;467;0;2;0;136;694;0;0;467;0;6168;1816.0;4352.0;2574.0
32;Hauts-de-France;2024-01-18;02:00;6789;804;4391;720;0;2;0;140;732;0;0;720;0;6057;1816.0;4241.0;2575.0
32;Hauts-de-France;2024-01-18;03:00;6601;856;4393;777;0;2;0;140;439;0;0;777;0;6168;1817.0;4351.0;2576.0
32;Hauts-de-France;2024-01-18;04:00;6409;915;4396;621;0;2;0;139;338;0;0;621;0;6073;1818.0;4255.0;2578.0
32;Hauts-de-France;2024-01-18;05:00;6383;990;4397;774;0;2;0;140;77;0;0;774;0;6303;1819.0;4484.0;2578.0
32;Hauts-de-France;2024-01-18;06:00;6903;1139;4396;807;0;2;0;128;430;0;0;807;0;6472;1818.0;4654.0;2578.0
32;Hauts-de-France;2024-01-18;07:00;7281;1673;4397;792;0;2;0;137;282;0;0;792;0;7001;1818.0;5183.0;2579.0
32;Hauts-de-France;2024-01-18;08:00;7442;1696;4396;824;0;2;0;137;387;0;0;824;0;7055;1818.0;5237.0;2578.0
32;Hauts-de-France;2024-01-18;09:00;7562;1683;4395;766;0;1;0;133;583;0;0;766;0;6978;1817.0;5161.0;2578.0
32;Hauts-de-France;2024-01-18;10:00;7617;1701;4392;930;6;1;0;129;449;0;0;930;0;7159;1816.0;5343.0;2576.0
32;Hauts-de-France;2024-01-18;11:00;7602;1710;4376;958;9;2;0;135;412;0;0;958;0;7190;1816.0;5374.0;2560.0
32;Hauts-de-France;2024-01-18;12:00;7757;1663;4376;675;22;1;0;134;893;0;0;675;0;6871;1816.0;5055.0;2560.0
32;Hauts-de-France;2024-01-18;13:00;7533;1641;4376;563;27;1;0;134;804;0;0;563;0;6742;1816.0;4926.0;2560.0
32;Hauts-de-France;2024-01-18;14:00;7155;1618;4378;588;35;1;0;132;400;0;0;588;0;6752;1816.0;4936.0;2562.0
32;Hauts-de-France;2024-01-18;15:00;7165;1636;4379;603;35;1;0;131;377;0;0;603;0;6785;1818.0;4967.0;2561.0
32;Hauts-de-France;2024-01-18;16:00;7131;1657;4382;657;19;1;0;133;281;0;0;657;0;6849;1818.0;5031.0;2564.0
32;Hauts-de-France;2024-01-18;17:00;7311;1730;4384;713;0;1;0;137;343;0;0;713;0;6965;1820.0;5145.0;2564.0
32;Hauts-de-France;2024-01-18;18:00;7718;1708;4384;863;0;1;0;127;634;0;0;863;0;7083;1819.0;5264.0;2565.0
32;Hauts-de-France;2024-01-18;19:00;8009;1634;4384;1036;0;1;0;133;826;0;0;1036;0;7188;1820.0;5368.0;2564.0
32;Hauts-de-France;2024-01-18;20:00;7926;1631;4384;1065;0;2;0;133;717;0;0;1065;0;7215;1820.0;5395.0;2564.0
32;Hauts-de-France;2024-01-18;21:00;7564;1633;4383;960;0;2;0;133;454;0;0;960;0;7111;1818.0;5293.0;2565.0
32;Hauts-de-France;2024-01-18;22:00;7282;1673;4381;973;0;1;0;133;124;0;0;973;0;7161;1818.0;5343.0;2563.0
32;Hauts-de-France;2024-01-18;23:00;7238;1700;4380;880;0;1;0;134;147;0;0;880;0;7095;1817.0;5278.0;2563.0
32;Hauts-de-France;2024-02-04;00:00;5835;411;3594;2812;0;2;0;153;-1139;0;0;2812;0;6972;1786.0;5186.0;1808.0
32;Hauts-de-France;2024-02-04;01:00;5610;413;3555;3093;0;2;0;157;-1607;0;0;3093;0;7220;1786.0;5434.0;1769.0
32;Hauts-de-France;2024-02-04;02:00;5424;393;3526;2972;0;2;0;156;-1617;0;0;2972;0;7049;1786.0;5263.0;1740.0
32;Hauts-de-France;2024-02-04;03:00;5252;397;3512;2969;0;2;0;157;-1774;0;0;2969;0;7037;1787.0;5250.0;1725.0
32;Hauts-de-France;2024-02-04;04:00;5016;407;3430;3075;0;2;0;157;-2055;0;0;3075;0;7071;1788.0;5283.0;1642.0
32;Hauts-de-France;2024-02-04;05:00;4947;419;3438;3017;0;2;0;155;-2093;0;0;3017;0;7031;1789.0;5242.0;1649.0
32;Hauts-de-France;2024-02-04;06:00;4953;405;3488;3060;0;2;0;148;-2148;0;0;3060;0;7103;1789.0;5314.0;1699.0
32;Hauts-de-France;2024-02-04;07:00;5111;389;3392;3354;0;2;0;148;-2169;0;0;3354;0;7285;1686.0;5599.0;1706.0
32;Hauts-de-France;2024-02-04;08:00;5295;440;3399;3347;0;2;0;149;-2040;0;0;3347;0;7337;1654.0;5683.0;1745.0
32;Hauts-de-France;2024-02-04;09:00;5474;412;3521;3321;10;2;0;149;-1943;0;0;3321;0;7415;1698.0;5717.0;1823.0
32;Hauts-de-France;2024-02-04;10:00;5791;428;3482;3473;24;2;0;149;-1767;0;0;3473;0;7558;1708.0;5850.0;1774.0
32;Hauts-de-France;2024-02-04;11:00;5885;436;3531;3561;66;1;0;150;-1863;0;0;3561;0;7745;1721.0;6024.0;1810.0
32;Hauts-de-France;2024-02-04;12:00;6044;447;3493;3816;63;1;0;153;-1927;0;0;3816;0;7973;1707.0;6266.0;1786.0
32;Hauts-de-France;2024-02-04;13:00;6052;409;3477;3932;63;1;0;152;-1981;0;0;3932;0;8034;1698.0;6336.0;1779.0
32;Hauts-de-France;2024-02-04;14:00;5703;415;3479;4094;55;1;0;149;-2487;0;0;4094;0;8193;1697.0;6496.0;1782.0
32;Hauts-de-France;2024-02-04;15:00;5613;418;3492;4139;42;1;0;150;-2629;0;0;4139;0;8242;1700.0;6542.0;1792.0
32;Hauts-de-France;2024-02-04;16:00;5576;423;3491;4255;20;2;0;149;-2762;0;0;4255;0;8340;1701.0;6639.0;1790.0
32;Hauts-de-France;2024-02-04;17:00;5583;435;3476;4161;4;2;0;148;-2641;0;0;4161;0;8226;1726.0;6500.0;1750.0
32;Hauts-de-France;2024-02-04;18:00;5900;435;3471;4296;0;2;0;150;-2448;0;0;4296;0;8354;1709.0;6645.0;1762.0
32;Hauts-de-France;2024-02-04;19:00;6187;456;3547;4377;0;2;0;150;-2340;0;0;4377;0;8532;1695.0;6837.0;1852.0
32;Hauts-de-France;2024-02-04;20:00;6121;450;3562;4563;0;1;0;150;-2607;0;0;4563;0;8726;1711.0;7015.0;1851.0
32;Hauts-de-France;2024-02-04;21:00;5886;426;3574;4302;0;1;0;151;-2571;0;0;4302;0;8454;1709.0;6745.0;1865.0
32;Hauts-de-France;2024-02-04;22:00;5654;453;3540;3781;0;1;0;151;-2269;0;0;3781;0;7926;1690.0;6236.0;1850.0
32;Hauts-de-France;2024-02-04;23:00;5517;438;3534;3625;0;1;0;152;-2235;0;0;3625;0;7750;1688.0;6062.0;1846.0
32;Hauts-de-France;2024-03-12;00:00;5929;1447;4450;779;0;2;0;133;-880;0;0;779;0;6811;2586.0;4225.0;1864.0
32;Hauts-de-France;2024-03-12;01:00;5636;1274;4453;759;0;2;0;134;-985;0;0;759;0;6622;2588.0;4034.0;1865.0
32;Hauts-de-France;2024-03-12;02:00;5480;1239;4454;636;0;2;0;133;-982;0;0;636;0;6464;2589.0;3875.0;1865.0
32;Hauts-de-France;2024-03-12;03:00;5341;1253;4453;577;0;2;0;133;-1077;0;0;577;0;6418;2589.0;3829.0;1864.0
32;Hauts-de-France;2024-03-12;04:00;5151;1306;4453;503;0;2;0;130;-1243;0;0;503;0;6394;2588.0;3806.0;1865.0
32;Hauts-de-France;2024-03-12;05:00;5293;1322;4450;539;0;2;0;131;-1151;0;0;539;0;6444;2589.0;3855.0;1861.0
32;Hauts-de-France;2024-03-12;06:00;5744;1125;4447;722;0;2;0;128;-679;0;0;722;0;6424;2587.0;3837.0;1860.0
32;Hauts-de-France;2024-03-12;07:00;6133;1401;4443;932;1;2;0;129;-773;0;0;932;0;6908;2585.0;4323.0;1858.0
32;Hauts-de-France;2024-03-12;08:00;6401;1450;4441;940;8;2;0;129;-568;0;0;940;0;6970;2583.0;4387.0;1858.0
32;Hauts-de-France;2024-03-12;09:00;6345;1495;4438;1099;38;2;0;131;-856;0;0;1099;0;7203;2582.0;4621.0;1856.0
32;Hauts-de-France;2024-03-12;10:00;6343;1474;4439;1074;61;2;0;128;-829;0;0;1074;0;7178;2581.0;4597.0;1858.0
32;Hauts-de-France;2024-03-12;11:00;6327;1343;4447;1553;91;2;0;129;-1244;0;0;1553;0;7565;2584.0;4981.0;1863.0
32;Hauts-de-France;2024-03-12;12:00;6454;1194;4451;2086;91;2;0;127;-1498;0;0;2086;0;7951;2585.0;5366.0;1866.0
32;Hauts-de-France;2024-03-12;13:00;6586;965;4452;2366;82;2;0;128;-1409;0;0;2366;0;7995;2587.0;5408.0;1865.0
32;Hauts-de-France;2024-03-12;14:00;6375;778;4453;2620;61;2;0;129;-1664;0;0;2620;0;8043;2587.0;5456.0;1866.0
32;Hauts-de-France;2024-03-12;15:00;6452;681;4452;3150;39;2;0;129;-2003;0;0;3150;0;8453;2587.0;5866.0;1865.0
32;Hauts-de-France;2024-03-12;16:00;6258;616;4452;3273;33;2;0;124;-2243;0;0;3273;0;8500;2587.0;5913.0;1865.0
32;Hauts-de-France;2024-03-12;17:00;6343;600;4452;3426;17;2;0;128;-2274;0;0;3426;0;8625;2588.0;6037.0;1864.0
32;Hauts-de-France;2024-03-12;18:00;6451;903;4450;3656;2;2;0;128;-2694;0;0;3656;0;9141;2587.0;6554.0;1863.0
32;Hauts-de-France;2024-03-12;19:00;6657;1380;4446;3664;0;2;0;129;-2971;0;0;3664;0;9621;2588.0;7033.0;1858.0
32;Hauts-de-France;2024-03-12;20:00;6749;1431;4443;3683;0;2;0;129;-2944;0;0;3683;0;9688;2585.0;7103.0;1858.0
32;Hauts-de-France;2024-03-12;21:00;6254;1154;4439;3616;0;2;0;128;-3067;0;0;3616;0;9339;2582.0;6757.0;1857.0
32;Hauts-de-France;2024-03-12;22:00;5855;1014;4439;3409;0;2;0;126;-3132;0;0;3409;0;8990;2582.0;6408.0;1857.0
32;Hauts-de-France;2024-03-12;23:00;5683;1108;4446;3073;0;2;0;131;-3077;0;0;3073;0;8760;2582.0;6178.0;1864.0
32;Hauts-de-France;2024-06-12;00:00;4994;133;4449;299;0;1;0;129;-15;0;0;299;0;5011;2631.0;2380.0;1818.0
32;Hauts-de-France;2024-06-12;01:00;4677;87;4384;226;0;1;0;125;-145;0;0;226;0;4823;2634.0;2189.0;1750.0
32;Hauts-de-France;2024-06-12;02:00;4400;73;4380;153;0;1;0;126;-332;0;0;153;0;4733;2627.0;2106.0;1753.0
32;Hauts-de-France;2024-06-12;03:00;4209;74;4370;122;0;1;0;126;-483;0;0;122;0;4693;2630.0;2063.0;1740.0
32;Hauts-de-France;2024-06-12;04:00;4099;74;4339;57;0;1;0;128;-498;0;0;57;0;4599;2612.0;1987.0;1727.0
32;Hauts-de-France;2024-06-12;05:00;4212;73;4399;32;0;1;0;128;-421;0;0;32;0;4633;2638.0;1995.0;1761.0
32;Hauts-de-France;2024-06-12;06:00;4430;74;4403;29;6;1;0;129;-211;0;0;29;0;4642;2667.0;1975.0;1736.0
32;Hauts-de-France;2024-06-12;07:00;4764;74;4466;23;34;1;0;127;39;0;0;23;0;4725;2702.0;2023.0;1764.0
32;Hauts-de-France;2024-06-12;08:00;5016;73;4552;16;89;1;0;126;159;0;0;16;0;4857;2699.0;2158.0;1853.0
32;Hauts-de-France;2024-06-12;09:00;4990;72;4548;18;158;1;0;121;72;0;0;18;0;4918;2696.0;2222.0;1852.0
32;Hauts-de-France;2024-06-12;10:00;5066;72;4545;23;200;1;0;123;101;0;0;23;0;4964;2692.0;2272.0;1853.0
32;Hauts-de-France;2024-06-12;11:00;5120;72;4452;29;218;1;0;121;227;0;0;29;0;4893;2690.0;2203.0;1762.0
32;Hauts-de-France;2024-06-12;12:00;5237;72;4460;37;248;1;0;121;298;0;0;37;0;4939;2688.0;2251.0;1772.0
32;Hauts-de-France;2024-06-12;13:00;5272;72;4440;36;251;1;0;122;350;0;0;36;0;4922;2687.0;2235.0;1753.0
32;Hauts-de-France;2024-06-12;14:00;5186;68;4319;72;225;1;0;122;377;0;0;72;0;4807;2413.0;2394.0;1906.0
32;Hauts-de-France;2024-06-12;15:00;5156;71;4050;84;207;1;0;123;619;0;0;84;0;4536;2170.0;2366.0;1880.0
32;Hauts-de-France;2024-06-12;16:00;4930;72;3940;127;197;1;0;123;472;0;0;127;0;4460;2171.0;2289.0;1769.0
32;Hauts-de-France;2024-06-12;17:00;4900;72;3948;104;171;1;0;129;476;0;0;104;0;4425;2178.0;2247.0;1770.0
32;Hauts-de-France;2024-06-12;18:00;4965;72;4138;64;137;1;0;128;424;0;0;64;0;4540;2489.0;2051.0;1649.0
32;Hauts-de-France;2024-06-12;19:00;5197;75;4378;63;104;1;0;129;450;0;0;63;0;4750;2633.0;2117.0;1745.0
32;Hauts-de-France;2024-06-12;20:00;5214;77;4401;52;83;1;0;128;473;0;0;52;0;4742;2637.0;2105.0;1764.0
32;Hauts-de-France;2024-06-12;21:00;4882;77;4488;50;25;1;0;129;114;0;0;50;0;4770;2632.0;2138.0;1856.0
32;Hauts-de-France;2024-06-12;22:00;4874;72;4460;92;0;1;0;127;126;0;0;92;0;4752;2616.0;2136.0;1844.0
32;Hauts-de-France;2024-06-12;23:00;4913;72;4527;80;0;1;0;128;106;0;0;80;0;4808;2685.0;2123.0;1842.0
32;Hauts-de-France;2024-06-22;00:00;4830;190;3605;443;0;1;0;126;464;0;0;443;0;4365;1756.0;2609.0;1849.0
32;Hauts-de-France;2024-06-22;01:00;4582;187;3588;441;0;1;0;127;240;0;0;441;0;4344;1756.0;2588.0;1832.0
32;Hauts-de-France;2024-06-22;02:00;4335;186;3499;420;0;1;0;125;106;0;0;420;0;4231;1755.0;2476.0;1744.0
32;Hauts-de-France;2024-06-22;03:00;4123;188;3494;468;0;1;0;125;-150;0;0;468;0;4276;1754.0;2522.0;1740.0
32;Hauts-de-France;2024-06-22;04:00;3935;190;3479;573;0;1;0;126;-434;0;0;573;0;4369;1752.0;2617.0;1727.0
32;Hauts-de-France;2024-06-22;05:00;3841;186;3600;496;0;1;0;95;-536;0;0;496;0;4378;1750.0;2628.0;1850.0
32;Hauts-de-France;2024-06-22;06:00;3878;185;3595;273;0;1;0;117;-292;0;0;273;0;4171;1747.0;2424.0;1848.0
32;Hauts-de-France;2024-06-22;07:00;3984;183;3545;367;15;1;0;126;-250;0;0;367;0;4237;1743.0;2494.0;1802.0
32;Hauts-de-France;2024-06-22;08:00;4096;185;3545;445;44;1;0;126;-248;0;0;445;0;4346;1742.0;2604.0;1803.0
32;Hauts-de-France;2024-06-22;09:00;4374;185;3586;434;83;1;0;127;-40;0;0;434;0;4416;1744.0;2672.0;1842.0
32;Hauts-de-France;2024-06-22;10:00;4508;184;3590;403;134;1;0;123;74;0;0;403;0;4435;1737.0;2698.0;1853.0
32;Hauts-de-France;2024-06-22;11:00;4579;184;3576;326;184;1;0;124;185;0;0;326;0;4395;1159.0;3236.0;2417.0
32;Hauts-de-France;2024-06-22;12:00;4788;183;2873;240;291;1;0;126;1075;0;0;240;0;3714;1025.0;2689.0;1848.0
32;Hauts-de-France;2024-06-22;13:00;4792;183;2874;459;287;1;0;129;863;0;0;459;0;3933;1025.0;2908.0;1849.0
32;Hauts-de-France;2024-06-22;14:00;4640;182;2645;616;310;1;0;128;770;0;0;616;0;3882;1026.0;2856.0;1619.0
32;Hauts-de-France;2024-06-22;15:00;4468;179;2147;882;321;1;0;128;809;0;0;882;0;3658;1031.0;2627.0;1116.0
32;Hauts-de-France;2024-06-22;16:00;4427;178;2180;1181;319;1;0;129;432;0;0;1181;0;3988;1030.0;2958.0;1150.0
32;Hauts-de-France;2024-06-22;17:00;4275;182;2849;1442;227;1;0;128;-551;0;0;1442;0;4829;1302.0;3527.0;1547.0
32;Hauts-de-France;2024-06-22;18:00;4445;172;3418;1511;220;1;0;128;-999;0;0;1511;0;5450;1709.0;3741.0;1709.0
32;Hauts-de-France;2024-06-22;19:00;4484;183;3469;1296;175;1;0;128;-766;0;0;1296;0;5252;1721.0;3531.0;1748.0
32;Hauts-de-France;2024-06-22;20:00;4416;186;3483;1304;103;1;0;127;-793;0;0;1304;0;5204;1730.0;3474.0;1753.0
32;Hauts-de-France;2024-06-22;21:00;4224;187;3570;962;12;1;0;126;-632;0;0;962;0;4858;1736.0;3122.0;1834.0
32;Hauts-de-France;2024-06-22;22:00;4326;185;3575;832;3;1;0;126;-394;0;0;832;0;4722;1740.0;2982.0;1835.0
32;Hauts-de-France;2024-06-22;23:00;4364;182;3583;793;0;1;0;123;-316;0;0;793;0;4682;1745.0;2937.0;1838.0
32;Hauts-de-France;2024-08-13;00:00;4498;291;3525;752;0;2;0;121;-192;0;0;752;0;4691;2623.0;2068.0;902.0
32;Hauts-de-France;2024-08-13;01:00;4095;278;3521;529;0;2;0;121;-355;0;0;529;0;4451;2623.0;1828.0;898.0
32;Hauts-de-France;2024-08-13;02:00;3948;274;3523;472;0;2;0;124;-446;0;0;472;0;4395;2627.0;1768.0;896.0
32;Hauts-de-France;2024-08-13;03:00;3782;224;3530;439;0;2;0;124;-531;0;0;439;0;4319;2632.0;1687.0;898.0
32;Hauts-de-France;2024-08-13;04:00;3674;149;3541;278;0;2;0;124;-421;0;0;278;0;4094;2638.0;1456.0;903.0
32;Hauts-de-France;2024-08-13;05:00;3708;166;3546;167;0;2;0;124;-297;0;0;167;0;4005;2642.0;1363.0;904.0
32;Hauts-de-France;2024-08-13;06:00;3931;185;3548;407;0;2;0;123;-332;0;0;407;0;4265;2643.0;1622.0;905.0
32;Hauts-de-France;2024-08-13;07:00;3994;176;3548;581;16;2;0;124;-451;0;0;581;0;4447;2643.0;1804.0;905.0
32;Hauts-de-France;2024-08-13;08:00;4194;177;3546;554;72;2;0;119;-278;0;0;554;0;4470;2641.0;1829.0;905.0
32;Hauts-de-France;2024-08-13;09:00;4341;176;3544;261;133;2;0;112;112;0;0;261;0;4228;2640.0;1588.0;904.0
32;Hauts-de-France;2024-08-13;10:00;4420;141;3540;74;249;2;0;111;305;0;0;74;0;4117;2635.0;1482.0;905.0
32;Hauts-de-France;2024-08-13;11:00;4622;68;3535;43;317;2;0;110;546;0;0;43;0;4075;2632.0;1443.0;903.0
32;Hauts-de-France;2024-08-13;12:00;4645;56;3531;46;321;2;0;115;574;0;0;46;0;4071;2628.0;1443.0;903.0
32;Hauts-de-France;2024-08-13;13:00;4737;55;3529;64;343;2;0;117;627;0;0;64;0;4110;2626.0;1484.0;903.0
32;Hauts-de-France;2024-08-13;14:00;4615;57;3526;109;340;2;0;118;468;0;0;109;0;4152;2625.0;1527.0;901.0
32;Hauts-de-France;2024-08-13;15:00;4556;57;3528;205;307;2;0;111;346;0;0;205;0;4210;2627.0;1583.0;901.0
32;Hauts-de-France;2024-08-13;16:00;4503;163;3533;266;248;2;0;107;182;0;0;266;0;4319;2632.0;1687.0;901.0
32;Hauts-de-France;2024-08-13;17:00;4519;158;3546;391;182;2;0;109;132;0;0;391;0;4388;2636.0;1752.0;910.0
32;Hauts-de-France;2024-08-13;18:00;4449;166;3547;523;133;2;0;107;-27;0;0;523;0;4478;2638.0;1840.0;909.0
32;Hauts-de-France;2024-08-13;19:00;4539;167;3546;540;94;2;0;108;90;0;0;540;0;4457;2638.0;1819.0;908.0
32;Hauts-de-France;2024-08-13;20:00;4453;183;3546;457;35;2;0;108;122;0;0;457;0;4331;2638.0;1693.0;908.0
32;Hauts-de-France;2024-08-13;21:00;4265;183;3547;349;4;2;0;111;64;0;0;349;0;4196;2635.0;1561.0;912.0
32;Hauts-de-France;2024-08-13;22:00;4395;170;3542;335;0;2;0;110;236;0;0;335;0;4159;2632.0;1527.0;910.0
32;Hauts-de-France;2024-08-13;23:00;4281;178;3540;296;0;2;0;121;147;0;0;296;0;4137;2630.0;1507.0;910.0
32;Hauts-de-France;2024-09-17;00:00;4998;206;3575;1998;0;2;0;107;-891;0;0;1998;0;5888;1699.0;4189.0;1876.0
32;Hauts-de-France;2024-09-17;01:00;4630;206;3576;1954;0;2;0;106;-1212;0;0;1954;0;5844;1700.0;4144.0;1876.0
32;Hauts-de-France;2024-09-17;02:00;4518;153;3577;1729;0;2;0;105;-1047;0;0;1729;0;5566;1701.0;3865.0;1876.0
32;Hauts-de-France;2024-09-17;03:00;4247;208;3578;1831;0;2;0;101;-1471;0;0;1831;0;5720;1701.0;4019.0;1877.0
32;Hauts-de-France;2024-09-17;04:00;4095;213;3575;1991;0;2;0;104;-1789;0;0;1991;0;5885;1697.0;4188.0;1878.0
32;Hauts-de-France;2024-09-17;05:00;4227;213;3568;1896;0;2;0;106;-1547;0;0;1896;0;5785;1695.0;4090.0;1873.0
32;Hauts-de-France;2024-09-17;06:00;4654;212;3561;1937;0;2;0;81;-1138;0;0;1937;0;5793;1692.0;4101.0;1869.0
32;Hauts-de-France;2024-09-17;07:00;5150;214;3558;1853;0;2;0;91;-578;0;0;1853;0;5718;1691.0;4027.0;1867.0
32;Hauts-de-France;2024-09-17;08:00;5191;228;3558;1807;14;2;0;103;-514;0;0;1807;0;5712;1691.0;4021.0;1867.0
32;Hauts-de-France;2024-09-17;09:00;5198;229;3561;1969;57;2;0;107;-724;0;0;1969;0;5925;1692.0;4233.0;1869.0
32;Hauts-de-France;2024-09-17;10:00;5198;212;3564;2316;109;2;0;108;-1114;0;0;2316;0;6311;1694.0;4617.0;1870.0
32;Hauts-de-France;2024-09-17;11:00;5284;209;3572;3079;211;2;0;102;-1890;0;0;3079;0;7175;1698.0;5477.0;1874.0
32;Hauts-de-France;2024-09-17;12:00;5393;210;3573;3357;271;2;0;104;-2124;0;0;3357;0;7517;1697.0;5820.0;1876.0
32;Hauts-de-France;2024-09-17;13:00;5357;221;3573;3562;407;2;0;103;-2512;0;0;3562;0;7868;1696.0;6172.0;1877.0
32;Hauts-de-France;2024-09-17;14:00;5346;220;3573;3877;475;2;0;110;-2907;0;0;3877;0;8257;1696.0;6561.0;1877.0
32;Hauts-de-France;2024-09-17;15:00;5351;205;3318;4071;462;2;0;111;-2816;0;0;4071;0;8169;1697.0;6472.0;1621.0
32;Hauts-de-France;2024-09-17;16:00;5128;198;3242;4040;386;2;0;111;-2852;0;0;4040;0;7979;1693.0;6286.0;1549.0
32;Hauts-de-France;2024-09-17;17:00;5139;202;3233;3933;239;2;0;110;-2577;0;0;3933;0;7719;1689.0;6030.0;1544.0
32;Hauts-de-France;2024-09-17;18:00;5170;206;3227;3858;114;2;0;108;-2343;0;0;3858;0;7515;1686.0;5829.0;1541.0
32;Hauts-de-France;2024-09-17;19:00;5334;208;3223;3476;22;2;0;106;-1704;0;0;3476;0;7037;1684.0;5353.0;1539.0
32;Hauts-de-France;2024-09-17;20:00;5275;208;3222;3352;3;2;0;105;-1622;0;0;3352;0;6892;1684.0;5208.0;1538.0
32;Hauts-de-France;2024-09-17;21:00;5153;208;3223;3283;0;2;0;108;-1668;0;0;3283;0;6824;1687.0;5137.0;1536.0
32;Hauts-de-France;2024-09-17;22:00;4985;209;3229;3201;0;2;0;109;-1755;0;0;3201;0;6750;1691.0;5059.0;1538.0
32;Hauts-de-France;2024-09-17;23:00;4952;213;3237;2997;0;2;0;110;-1606;0;0;2997;0;6559;1696.0;4863.0;1541.0
32;Hauts-de-France;2024-10-04;00:00;5343;252;3549;1376;0;2;0;94;73;0;0;1376;0;5273;1680.0;3593.0;1869.0
32;Hauts-de-France;2024-10-04;01:00;5021;279;3554;1203;0;2;0;93;-104;0;0;1203;0;5131;1680.0;3451.0;1874.0
32;Hauts-de-France;2024-10-04;02:00;4843;277;3557;923;0;2;0;92;-9;0;0;923;0;4851;1681.0;3170.0;1876.0
32;Hauts-de-France;2024-10-04;03:00;4750;237;3560;872;0;2;0;93;-14;0;0;872;0;4764;1682.0;3082.0;1878.0
32;Hauts-de-France;2024-10-04;04:00;4619;271;3254;850;0;2;0;93;150;0;0;850;0;4470;1681.0;2789.0;1573.0
32;Hauts-de-France;2024-10-04;05:00;4729;289;3556;681;0;2;0;92;110;0;0;681;0;4620;1680.0;2940.0;1876.0
32;Hauts-de-France;2024-10-04;06:00;5199;304;3551;677;0;2;0;89;576;0;0;677;0;4623;1677.0;2946.0;1874.0
32;Hauts-de-France;2024-10-04;07:00;5678;300;3548;721;0;2;0;92;1016;0;0;721;0;4663;1676.0;2987.0;1872.0
32;Hauts-de-France;2024-10-04;08:00;5693;309;3545;733;0;2;0;92;1012;0;0;733;0;4681;1673.0;3008.0;1872.0
32;Hauts-de-France;2024-10-04;09:00;5715;311;3540;632;49;2;0;93;1089;0;0;632;0;4627;1673.0;2954.0;1867.0
32;Hauts-de-France;2024-10-04;10:00;5582;300;3540;373;176;2;0;90;1100;0;0;373;0;4481;1669.0;2812.0;1871.0
32;Hauts-de-France;2024-10-04;11:00;5627;302;3536;155;322;2;0;95;1220;0;0;155;0;4412;1677.0;2735.0;1859.0
32;Hauts-de-France;2024-10-04;12:00;5732;284;3551;248;494;2;0;96;1057;0;0;248;0;4675;1679.0;2996.0;1872.0
32;Hauts-de-France;2024-10-04;13:00;5780;282;3545;296;519;2;0;89;1056;0;0;296;0;4733;1680.0;3053.0;1865.0
32;Hauts-de-France;2024-10-04;14:00;5502;279;3551;191;500;2;0;87;898;0;0;191;0;4610;1680.0;2930.0;1871.0
32;Hauts-de-France;2024-10-04;15:00;5319;248;3551;127;434;2;0;95;847;0;0;127;0;4457;1680.0;2777.0;1871.0
32;Hauts-de-France;2024-10-04;16:00;5084;196;3551;94;332;2;0;94;793;0;0;94;0;4269;1681.0;2588.0;1870.0
32;Hauts-de-France;2024-10-04;17:00;5038;187;3544;114;235;2;0;93;870;0;0;114;0;4175;1678.0;2497.0;1866.0
32;Hauts-de-France;2024-10-04;18:00;5272;222;3538;122;60;2;0;89;1245;0;0;122;0;4033;1676.0;2357.0;1862.0
32;Hauts-de-France;2024-10-04;19:00;5505;225;3531;131;1;2;0;88;1528;0;0;131;0;3978;1674.0;2304.0;1857.0
32;Hauts-de-France;2024-10-04;20:00;5563;225;3528;205;0;2;0;90;1512;0;0;205;0;4050;1672.0;2378.0;1856.0
32;Hauts-de-France;2024-10-04;21:00;5354;226;3527;268;0;2;0;89;1241;0;0;268;0;4112;1620.0;2492.0;1907.0
32;Hauts-de-France;2024-10-04;22:00;5210;227;3168;424;0;2;0;89;1300;0;0;424;0;3910;1173.0;2737.0;1995.0
32;Hauts-de-France;2024-10-04;23:00;5205;228;2890;457;0;2;0;87;1542;0;0;457;0;3664;883.0;2781.0;2007.0
32;Hauts-de-France;2024-11-04;00:00;5131;292;3637;653;0;2;0;131;412;0;0;653;0;4715;1798.0;2917.0;1839.0
32;Hauts-de-France;2024-11-04;01:00;4963;291;3637;735;0;2;0;129;170;0;0;735;0;4794;1798.0;2996.0;1839.0
32;Hauts-de-France;2024-11-04;02:00;4756;292;3637;750;0;2;0;129;-50;0;0;750;0;4810;1798.0;3012.0;1839.0
32;Hauts-de-France;2024-11-04;03:00;4652;289;3637;828;0;2;0;128;-227;0;0;828;0;4884;1799.0;3085.0;1838.0
32;Hauts-de-France;2024-11-04;04:00;4547;294;3636;863;0;2;0;130;-378;0;0;863;0;4925;1798.0;3127.0;1838.0
32;Hauts-de-France;2024-11-04;05:00;4745;319;3633;777;0;2;0;129;-117;0;0;777;0;4860;1796.0;3064.0;1837.0
32;Hauts-de-France;2024-11-04;06:00;5317;323;3630;769;0;2;0;130;461;0;0;769;0;4854;1795.0;3059.0;1835.0
32;Hauts-de-France;2024-11-04;07:00;5923;392;3629;759;0;2;0;127;1016;0;0;759;0;4909;1795.0;3114.0;1834.0
32;Hauts-de-France;2024-11-04;08:00;6115;517;3625;651;14;2;0;126;1181;0;0;651;0;4935;1793.0;3142.0;1832.0
32;Hauts-de-France;2024-11-04;09:00;6140;542;3625;579;42;2;0;123;1230;0;0;579;0;4913;1793.0;3120.0;1832.0
32;Hauts-de-France;2024-11-04;10:00;6123;548;3627;204;127;2;0;114;1503;0;0;204;0;4622;1796.0;2826.0;1831.0
32;Hauts-de-France;2024-11-04;11:00;6144;544;3633;148;173;2;0;117;1529;0;0;148;0;4617;1798.0;2819.0;1835.0
32;Hauts-de-France;2024-11-04;12:00;6245;521;3639;167;214;2;0;120;1583;0;0;167;0;4663;1801.0;2862.0;1838.0
32;Hauts-de-France;2024-11-04;13:00;6305;524;3640;182;247;2;0;119;1591;0;0;182;0;4714;1801.0;2913.0;1839.0
32;Hauts-de-France;2024-11-04;14:00;6035;488;3640;231;236;2;0;118;1321;0;0;231;0;4715;1801.0;2914.0;1839.0
32;Hauts-de-France;2024-11-04;15:00;5759;536;3640;289;126;2;0;124;1043;0;0;289;0;4717;1801.0;2916.0;1839.0
32;Hauts-de-France;2024-11-04;16:00;5636;535;3639;300;82;2;0;126;953;0;0;300;0;4684;1801.0;2883.0;1838.0
32;Hauts-de-France;2024-11-04;17:00;5806;539;3636;448;1;2;0;127;1055;0;0;448;0;4753;1798.0;2955.0;1838.0
32;Hauts-de-France;2024-11-04;18:00;6199;532;3632;564;0;2;0;131;1339;0;0;564;0;4861;1797.0;3064.0;1835.0
32;Hauts-de-France;2024-11-04;19:00;6388;535;3631;632;0;2;0;130;1459;0;0;632;0;4930;1795.0;3135.0;1836.0
32;Hauts-de-France;2024-11-04;20:00;6269;536;3628;656;0;2;0;130;1324;0;0;656;0;4952;1794.0;3158.0;1834.0
32;Hauts-de-France;2024-11-04;21:00;5819;540;3626;544;0;2;0;131;977;0;0;544;0;4843;1794.0;3049.0;1832.0
32;Hauts-de-France;2024-11-04;22:00;5694;542;3630;455;0;2;0;134;930;0;0;455;0;4763;1795.0;2968.0;1835.0
32;Hauts-de-France;2024-11-04;23:00;5483;542;3634;428;0;2;0;103;777;0;0;428;0;4709;1797.0;2912.0;1837.0
32;Hauts-de-France;2024-12-02;00:00;5786;371;4605;2549;0;2;0;130;-1872;0;0;2549;0;7657;1809.0;5848.0;2796.0
32;Hauts-de-France;2024-12-02;01:00;5482;340;4604;2638;0;2;0;128;-2228;0;0;2638;0;7712;1808.0;5904.0;2796.0
32;Hauts-de-France;2024-12-02;02:00;5306;356;4604;2527;0;2;0;124;-2305;0;0;2527;0;7613;1808.0;5805.0;2796.0
32;Hauts-de-France;2024-12-02;03:00;5197;359;4603;2399;0;2;0;133;-2298;0;0;2399;0;7496;1808.0;5688.0;2795.0
32;Hauts-de-France;2024-12-02;04:00;4945;326;4600;2411;0;2;0;130;-2524;0;0;2411;0;7469;1806.0;5663.0;2794.0
32;Hauts-de-France;2024-12-02;05:00;5145;356;4597;2509;0;2;0;134;-2452;0;0;2509;0;7598;1805.0;5793.0;2792.0
32;Hauts-de-France;2024-12-02;06:00;5708;363;4594;2607;0;2;0;134;-1992;0;0;2607;0;7700;1804.0;5896.0;2790.0
32;Hauts-de-France;2024-12-02;07:00;6190;362;4593;2752;0;2;0;132;-1654;0;0;2752;0;7841;1803.0;6038.0;2790.0
32;Hauts-de-France;2024-12-02;08:00;6336;347;4592;2896;0;2;0;133;-1633;0;0;2896;0;7970;1803.0;6167.0;2789.0
32;Hauts-de-France;2024-12-02;09:00;6426;381;4592;2842;3;2;0;131;-1524;0;0;2842;0;7951;1804.0;6147.0;2788.0
32;Hauts-de-France;2024-12-02;10:00;6332;370;4597;2398;74;2;0;111;-1216;0;0;2398;0;7552;1805.0;5747.0;2792.0
32;Hauts-de-France;2024-12-02;11:00;6305;355;4602;2312;114;2;0;128;-1207;0;0;2312;0;7513;1808.0;5705.0;2794.0
32;Hauts-de-France;2024-12-02;12:00;6446;364;4603;2389;226;2;0;133;-1269;0;0;2389;0;7717;1808.0;5909.0;2795.0
32;Hauts-de-France;2024-12-02;13:00;6500;396;4603;2578;207;2;0;134;-1418;0;0;2578;0;7920;1807.0;6113.0;2796.0
32;Hauts-de-France;2024-12-02;14:00;6143;395;4601;2794;141;2;0;131;-1918;0;0;2794;0;8064;1806.0;6258.0;2795.0
32;Hauts-de-France;2024-12-02;15:00;6080;424;4601;2965;95;2;0;132;-2135;0;0;2965;0;8219;1806.0;6413.0;2795.0
32;Hauts-de-France;2024-12-02;16:00;6076;427;4600;2953;38;2;0;133;-2080;0;0;2953;0;8153;1804.0;6349.0;2796.0
32;Hauts-de-France;2024-12-02;17:00;6297;654;4594;2650;0;2;0;130;-1731;0;0;2650;0;8030;1803.0;6227.0;2791.0
32;Hauts-de-France;2024-12-02;18:00;6501;654;4595;2521;0;2;0;132;-1402;0;0;2521;0;7904;1801.0;6103.0;2794.0
32;Hauts-de-France;2024-12-02;19:00;6776;647;4595;2291;0;2;0;134;-893;0;0;2291;0;7669;1801.0;5868.0;2794.0
32;Hauts-de-France;2024-12-02;20:00;6700;666;4593;2153;0;2;0;136;-851;0;0;2153;0;7550;1800.0;5750.0;2793.0
32;Hauts-de-France;2024-12-02;21:00;6248;658;4594;2292;0;2;0;136;-1432;0;0;2292;0;7682;1801.0;5881.0;2793.0
32;Hauts-de-France;2024-12-02;22:00;5977;655;4596;2105;0;2;0;136;-1513;0;0;2105;0;7494;1803.0;5691.0;2793.0
32;Hauts-de-France;2024-12-02;23:00;5858;368;4606;1822;0;2;0;140;-1080;0;0;1822;0;6938;1805.0;5133.0;2801.0
44;Grand Est;2024-01-18;00:00;5860;2052;10041;703;0;1009;-316;157;-7787;0;0;703;0;13646;0.0;13646.0;10041.0
44;Grand Est;2024-01-18;01:00;5607;722;10043;728;0;1009;-351;155;-6704;0;0;728;0;12306;0.0;12306.0;10043.0
44;Grand Est;2024-01-18;02:00;5670;526;10043;768;0;1012;-176;154;-6655;0;0;768;0;12327;0.0;12327.0;10043.0
44;Grand Est;2024-01-18;03:00;5581;517;10045;1185;0;1008;-476;156;-6854;0;0;1185;0;12435;0.0;12435.0;10045.0
44;Grand Est;2024-01-18;04:00;5315;454;10046;1667;0;1009;-512;156;-7505;0;0;1667;0;12820;0.0;12820.0;10046.0
44;Grand Est;2024-01-18;05:00;5395;446;10045;1941;0;1006;-506;154;-7690;0;0;1941;0;13086;0.0;13086.0;10045.0
44;Grand Est;2024-01-18;06:00;6004;488;10047;1960;0;1003;-331;155;-7318;0;0;1960;0;13322;0.0;13322.0;10047.0
44;Grand Est;2024-01-18;07:00;6347;1382;10049;2092;0;999;-1;153;-8326;0;0;2092;0;14674;0.0;14674.0;10049.0
44;Grand Est;2024-01-18;08:00;6481;1849;10049;2037;0;1130;-1;155;-8738;0;0;2037;0;15219;0.0;15219.0;10049.0
44;Grand Est;2024-01-18;09:00;6735;1854;10049;2011;3;1131;-1;155;-8467;0;0;2011;0;15202;0.0;15202.0;10049.0
44;Grand Est;2024-01-18;10:00;6890;1870;10055;1490;31;1173;-1;154;-7888;0;0;1490;0;14772;0.0;14772.0;10055.0
44;Grand Est;2024-01-18;11:00;7007;1863;10051;1379;72;1143;-1;152;-7650;0;0;1379;0;14659;0.0;14659.0;10051.0
44;Grand Est;2024-01-18;12:00;7025;1865;10049;1279;103;1166;-1;153;-7589;0;0;1279;0;14614;0.0;14614.0;10049.0
44;Grand Est;2024-01-18;13:00;6850;1859;10047;1185;134;991;-1;154;-7513;0;0;1185;0;14369;0.0;14369.0;10047.0
44;Grand Est;2024-01-18;14:00;6787;1756;10046;1133;128;985;-1;155;-7416;0;0;1133;0;14202;0.0;14202.0;10046.0
44;Grand Est;2024-01-18;15:00;6722;1889;10045;854;91;983;-1;156;-7294;0;0;854;0;14017;0.0;14017.0;10045.0
44;Grand Est;2024-01-18;16:00;6620;1922;10044;647;42;976;-1;150;-7159;0;0;647;0;13780;0.0;13780.0;10044.0
44;Grand Est;2024-01-18;17:00;6673;1930;10051;648;1;1294;-1;149;-7399;0;0;648;0;14072;0.0;14072.0;10051.0
44;Grand Est;2024-01-18;18:00;6932;1934;10067;726;0;1626;-1;155;-7573;0;0;726;0;14507;0.0;14507.0;10067.0
44;Grand Est;2024-01-18;19:00;7127;1863;10066;686;0;1636;-1;154;-7274;0;0;686;0;14404;0.0;14404.0;10066.0
44;Grand Est;2024-01-18;20:00;7078;1834;10069;649;0;1579;-1;154;-7204;0;0;649;0;14284;0.0;14284.0;10069.0
44;Grand Est;2024-01-18;21:00;6714;1917;10075;616;0;1049;-1;155;-7095;0;0;616;0;13811;0.0;13811.0;10075.0
44;Grand Est;2024-01-18;22:00;6521;1822;10081;505;0;959;-1;156;-6999;0;0;505;0;13522;0.0;13522.0;10081.0
44;Grand Est;2024-01-18;23:00;6543;1775;10084;320;0;954;-1;157;-6745;0;0;320;0;13289;0.0;13289.0;10084.0
44;Grand Est;2024-02-04;00:00;5091;206;9574;1285;0;1034;-1;163;-7171;0;0;1285;0;12261;0.0;12261.0;9574.0
44;Grand Est;2024-02-04;01:00;5007;207;8909;1481;0;1017;-403;164;-6366;0;0;1481;0;11375;0.0;11375.0;8909.0
44;Grand Est;2024-02-04;02:00;4933;208;8531;1435;0;989;-524;165;-5868;0;0;1435;0;10804;0.0;10804.0;8531.0
44;Grand Est;2024-02-04;03:00;4802;207;8428;1407;0;991;-521;160;-5865;0;0;1407;0;10672;0.0;10672.0;8428.0
44;Grand Est;2024-02-04;04:00;4523;207;7738;1400;0;1017;-516;158;-5481;0;0;1400;0;10004;0.0;10004.0;7738.0
44;Grand Est;2024-02-04;05:00;4426;207;7990;1367;0;1024;-509;156;-5809;0;0;1367;0;10235;0.0;10235.0;7990.0
44;Grand Est;2024-02-04;06:00;4476;197;7951;1353;0;1000;-504;157;-5677;0;0;1353;0;10154;0.0;10154.0;7951.0
44;Grand Est;2024-02-04;07:00;4537;195;7873;1445;0;1006;-501;158;-5638;0;0;1445;0;10176;0.0;10176.0;7873.0
44;Grand Est;2024-02-04;08:00;4646;193;7907;1891;5;995;-420;156;-6081;0;0;1891;0;10727;0.0;10727.0;7907.0
44;Grand Est;2024-02-04;09:00;4873;194;7431;1927;64;1135;-1;157;-6034;0;0;1927;0;10907;0.0;10907.0;7431.0
44;Grand Est;2024-02-04;10:00;4996;192;6981;2048;152;1340;-1;156;-5873;0;0;2048;0;10868;0.0;10868.0;6981.0
44;Grand Est;2024-02-04;11:00;5185;194;7338;1987;212;1303;0;157;-6006;0;0;1987;0;11191;0.0;11191.0;7338.0
44;Grand Est;2024-02-04;12:00;5276;195;8229;2079;275;1258;0;154;-6911;0;0;2079;0;12190;0.0;12190.0;8229.0
44;Grand Est;2024-02-04;13:00;5165;193;8233;2140;245;981;-1;156;-6782;0;0;2140;0;11947;0.0;11947.0;8233.0
44;Grand Est;2024-02-04;14:00;5070;195;8210;2416;200;976;-465;154;-6615;0;0;2416;0;11686;0.0;11686.0;8210.0
44;Grand Est;2024-02-04;15:00;5007;192;8351;2390;109;979;-331;151;-6832;0;0;2390;0;11841;0.0;11841.0;8351.0
44;Grand Est;2024-02-04;16:00;4804;190;9338;2372;59;995;-1;153;-8303;0;0;2372;0;13106;0.0;13106.0;9338.0
44;Grand Est;2024-02-04;17:00;4837;191;9548;2237;34;997;-1;153;-8325;0;0;2237;0;13159;0.0;13159.0;9548.0
44;Grand Est;2024-02-04;18:00;5202;195;9411;2191;0;1482;0;153;-8225;0;0;2191;0;13432;0.0;13432.0;9411.0
44;Grand Est;2024-02-04;19:00;5471;196;9637;2209;0;1550;0;156;-8277;0;0;2209;0;13748;0.0;13748.0;9637.0
44;Grand Est;2024-02-04;20:00;5506;195;9637;2230;0;1552;-1;157;-8265;0;0;2230;0;13770;0.0;13770.0;9637.0
44;Grand Est;2024-02-04;21:00;5249;193;9550;2159;0;1559;0;158;-8369;0;0;2159;0;13619;0.0;13619.0;9550.0
44;Grand Est;2024-02-04;22:00;5193;194;9373;2176;0;1224;-1;152;-7923;0;0;2176;0;13118;0.0;13118.0;9373.0
44;Grand Est;2024-02-04;23:00;5118;195;9440;2064;0;1254;0;155;-7989;0;0;2064;0;13108;0.0;13108.0;9440.0
44;Grand Est;2024-03-12;00:00;5019;1341;7067;1261;0;926;-5;158;-5727;0;0;1261;0;10748;0.0;10748.0;7067.0
44;Grand Est;2024-03-12;01:00;4895;841;7067;1183;0;919;-5;158;-5266;0;0;1183;0;10163;0.0;10163.0;7067.0
44;Grand Est;2024-03-12;02:00;4942;753;7068;1152;0;880;-5;158;-5063;0;0;1152;0;10006;0.0;10006.0;7068.0
44;Grand Est;2024-03-12;03:00;4839;531;7068;1130;0;848;-263;158;-4631;0;0;1130;0;9472;0.0;9472.0;7068.0
44;Grand Est;2024-03-12;04:00;4670;449;7069;1095;0;817;-638;157;-4279;0;0;1095;0;8949;0.0;8949.0;7069.0
44;Grand Est;2024-03-12;05:00;4702;514;7077;947;0;880;-673;155;-4197;0;0;947;0;8900;0.0;8900.0;7077.0
44;Grand Est;2024-03-12;06:00;4993;1255;7076;780;0;899;-1;154;-5171;0;0;780;0;10163;0.0;10163.0;7076.0
44;Grand Est;2024-03-12;07:00;5293;1727;7075;703;0;908;-1;149;-5268;0;0;703;0;10561;0.0;10561.0;7075.0
44;Grand Est;2024-03-12;08:00;5662;1871;7072;583;67;1506;0;154;-5591;0;0;583;0;11253;0.0;11253.0;7072.0
44;Grand Est;2024-03-12;09:00;5631;1882;7036;605;139;1469;0;149;-5648;0;0;605;0;11280;0.0;11280.0;7036.0
44;Grand Est;2024-03-12;10:00;5672;1884;7051;696;214;1436;0;154;-5762;0;0;696;0;11435;0.0;11435.0;7051.0
44;Grand Est;2024-03-12;11:00;5750;1787;7035;877;266;869;-1;154;-5239;0;0;877;0;10987;0.0;10987.0;7035.0
44;Grand Est;2024-03-12;12:00;5759;1786;7030;921;273;865;-1;152;-5269;0;0;921;0;11026;0.0;11026.0;7030.0
44;Grand Est;2024-03-12;13:00;5886;1380;7021;1167;293;896;-1;156;-5026;0;0;1167;0;10912;0.0;10912.0;7021.0
44;Grand Est;2024-03-12;14:00;5684;465;7025;1317;230;822;-174;151;-4155;0;0;1317;0;9836;0.0;9836.0;7025.0
44;Grand Est;2024-03-12;15:00;5616;511;7027;1222;192;830;-173;152;-4146;0;0;1222;0;9761;0.0;9761.0;7027.0
44;Grand Est;2024-03-12;16:00;5465;392;7016;1503;88;852;-687;158;-3856;0;0;1503;0;9322;0.0;9322.0;7016.0
44;Grand Est;2024-03-12;17:00;5519;604;6892;1649;60;862;-689;151;-4005;0;0;1649;0;9529;0.0;9529.0;6892.0
44;Grand Est;2024-03-12;18:00;5553;1480;6889;1908;17;921;-1;150;-5810;0;0;1908;0;11364;0.0;11364.0;6889.0
44;Grand Est;2024-03-12;19:00;5888;1774;6836;2145;0;1471;0;150;-6489;0;0;2145;0;12376;0.0;12376.0;6836.0
44;Grand Est;2024-03-12;20:00;5878;1926;7043;2259;0;1372;0;153;-6877;0;0;2259;0;12753;0.0;12753.0;7043.0
44;Grand Est;2024-03-12;21:00;5522;1919;7042;2361;0;965;-1;152;-6910;0;0;2361;0;12438;0.0;12438.0;7042.0
44;Grand Est;2024-03-12;22:00;5429;1607;7028;2434;0;959;-1;154;-6751;0;0;2434;0;12181;0.0;12181.0;7028.0
44;Grand Est;2024-03-12;23:00;5439;1653;6932;2411;0;923;-139;155;-6495;0;0;2411;0;11935;0.0;11935.0;6932.0
44;Grand Est;2024-06-12;00:00;4278;49;6415;242;0;1319;0;145;-3891;0;0;242;0;8170;0.0;8170.0;6415.0
44;Grand Est;2024-06-12;01:00;4018;51;6407;218;0;1371;0;136;-4165;0;0;218;0;8183;0.0;8183.0;6407.0
44;Grand Est;2024-06-12;02:00;4016;51;6342;220;0;1343;0;136;-4075;0;0;220;0;8092;0.0;8092.0;6342.0
44;Grand Est;2024-06-12;03:00;3927;51;6325;261;0;1096;-268;142;-3680;0;0;261;0;7607;0.0;7607.0;6325.0
44;Grand Est;2024-06-12;04:00;3664;51;6245;269;0;1096;-346;142;-3792;0;0;269;0;7457;0.0;7457.0;6245.0
44;Grand Est;2024-06-12;05:00;3792;52;6384;279;0;1095;-343;142;-3816;0;0;279;0;7609;0.0;7609.0;6384.0
44;Grand Est;2024-06-12;06:00;3977;50;6396;316;33;1094;-1;142;-4054;0;0;316;0;8030;0.0;8030.0;6396.0
44;Grand Est;2024-06-12;07:00;4251;51;6383;278;166;1369;0;143;-4138;0;0;278;0;8390;0.0;8390.0;6383.0
44;Grand Est;2024-06-12;08:00;4511;51;6465;227;294;1369;0;142;-4037;0;0;227;0;8548;0.0;8548.0;6465.0
44;Grand Est;2024-06-12;09:00;4724;50;6433;73;755;1288;0;135;-4012;0;0;73;0;8734;0.0;8734.0;6433.0
44;Grand Est;2024-06-12;10:00;4822;50;6291;76;892;1102;-1;136;-3723;0;0;76;0;8546;0.0;8546.0;6291.0
44;Grand Est;2024-06-12;11:00;4896;50;5821;52;1056;1102;-345;135;-2977;0;0;52;0;7871;0.0;7871.0;5821.0
44;Grand Est;2024-06-12;12:00;4940;50;5517;53;1038;1103;-345;135;-2611;0;0;53;0;7551;0.0;7551.0;5517.0
44;Grand Est;2024-06-12;13:00;4973;51;5488;81;1002;1101;-343;135;-2541;0;0;81;0;7515;0.0;7515.0;5488.0
44;Grand Est;2024-06-12;14:00;4733;51;5949;134;902;1100;-341;136;-3198;0;0;134;0;7931;0.0;7931.0;5949.0
44;Grand Est;2024-06-12;15:00;4698;53;6200;141;887;1134;-338;136;-3516;0;0;141;0;8213;0.0;8213.0;6200.0
44;Grand Est;2024-06-12;16:00;4650;55;5916;160;713;1147;-332;140;-3149;0;0;160;0;7799;0.0;7799.0;5916.0
44;Grand Est;2024-06-12;17:00;4561;55;5501;175;580;1143;-1;143;-3034;0;0;175;0;7596;0.0;7596.0;5501.0
44;Grand Est;2024-06-12;18:00;4602;55;5483;191;431;1136;-1;147;-2841;0;0;191;0;7442;0.0;7442.0;5483.0
44;Grand Est;2024-06-12;19:00;4688;54;6131;259;254;1228;0;148;-3384;0;0;259;0;8074;0.0;8074.0;6131.0
44;Grand Est;2024-06-12;20:00;4612;54;6319;349;169;1351;0;148;-3778;0;0;349;0;8390;0.0;8390.0;6319.0
44;Grand Est;2024-06-12;21:00;4424;54;6438;303;49;1393;0;148;-3959;0;0;303;0;8385;0.0;8385.0;6438.0
44;Grand Est;2024-06-12;22:00;4365;54;6521;238;0;1329;0;156;-3931;0;0;238;0;8298;0.0;8298.0;6521.0
44;Grand Est;2024-06-12;23:00;4486;55;6555;164;0;1410;0;159;-3855;0;0;164;0;8343;0.0;8343.0;6555.0
44;Grand Est;2024-06-22;00:00;4234;88;6222;729;0;1401;0;141;-4346;0;0;729;0;8581;0.0;8581.0;6222.0
44;Grand Est;2024-06-22;01:00;3916;65;6077;945;0;1387;0;142;-4698;0;0;945;0;8616;0.0;8616.0;6077.0
44;Grand Est;2024-06-22;02:00;3895;64;6116;1248;0;1433;0;140;-5106;0;0;1248;0;9001;0.0;9001.0;6116.0
44;Grand Est;2024-06-22;03:00;3664;66;6250;1289;0;1410;0;142;-5491;0;0;1289;0;9157;0.0;9157.0;6250.0
44;Grand Est;2024-06-22;04:00;3534;66;6226;1955;0;1159;-40;139;-5964;0;0;1955;0;9505;0.0;9505.0;6226.0
44;Grand Est;2024-06-22;05:00;3407;67;6209;2024;0;1160;-357;139;-5833;0;0;2024;0;9242;0.0;9242.0;6209.0
44;Grand Est;2024-06-22;06:00;3511;64;6259;2439;13;1163;-181;140;-6390;0;0;2439;0;9897;0.0;9897.0;6259.0
44;Grand Est;2024-06-22;07:00;3539;64;6180;2040;35;1161;-182;141;-5905;0;0;2040;0;9439;0.0;9439.0;6180.0
44;Grand Est;2024-06-22;08:00;3742;64;6052;1372;142;1163;-181;142;-5011;0;0;1372;0;8754;0.0;8754.0;6052.0
44;Grand Est;2024-06-22;09:00;3938;60;6211;1086;227;1160;-180;142;-4767;0;0;1086;0;8706;0.0;8706.0;6211.0
44;Grand Est;2024-06-22;10:00;4075;64;6127;778;262;1163;-306;143;-4155;0;0;778;0;8231;0.0;8231.0;6127.0
44;Grand Est;2024-06-22;11:00;4178;65;5639;733;280;1161;-351;143;-3492;0;0;733;0;7670;0.0;7670.0;5639.0
44;Grand Est;2024-06-22;12:00;4264;68;4577;427;367;1164;-348;145;-2136;0;0;427;0;6400;0.0;6400.0;4577.0
44;Grand Est;2024-06-22;13:00;4470;68;4575;414;447;1162;-348;144;-1993;0;0;414;0;6462;0.0;6462.0;4575.0
44;Grand Est;2024-06-22;14:00;4055;60;4417;220;589;1158;-345;142;-2187;0;0;220;0;6241;0.0;6241.0;4417.0
44;Grand Est;2024-06-22;15:00;4140;61;4453;162;636;1160;-344;141;-2129;0;0;162;0;6269;0.0;6269.0;4453.0
44;Grand Est;2024-06-22;16:00;3926;62;4585;78;612;1157;-339;143;-2374;0;0;78;0;6298;0.0;6298.0;4585.0
44;Grand Est;2024-06-22;17:00;4030;62;4887;70;516;1169;-336;143;-2480;0;0;70;0;6511;0.0;6511.0;4887.0
44;Grand Est;2024-06-22;18:00;3875;62;5143;65;460;1168;-333;143;-2830;0;0;65;0;6708;0.0;6708.0;5143.0
44;Grand Est;2024-06-22;19:00;4135;90;6138;361;237;1439;0;144;-4276;0;0;361;0;8409;0.0;8409.0;6138.0
44;Grand Est;2024-06-22;20:00;3939;90;6173;354;173;1439;0;141;-4433;0;0;354;0;8370;0.0;8370.0;6173.0
44;Grand Est;2024-06-22;21:00;3825;90;6254;181;50;1440;0;143;-4334;0;0;181;0;8158;0.0;8158.0;6254.0
44;Grand Est;2024-06-22;22:00;3961;90;6333;91;0;1447;0;140;-4138;0;0;91;0;8101;0.0;8101.0;6333.0
44;Grand Est;2024-06-22;23:00;4092;90;6332;114;0;1473;0;140;-4056;0;0;114;0;8149;0.0;8149.0;6332.0
44;Grand Est;2024-08-13;00:00;3854;221;8740;242;0;1409;-1;133;-6890;0;0;242;0;10744;0.0;10744.0;8740.0
44;Grand Est;2024-08-13;01:00;3596;349;8750;276;0;1227;-1;134;-7140;0;0;276;0;10735;0.0;10735.0;8750.0
44;Grand Est;2024-08-13;02:00;3562;319;8713;461;0;804;-269;134;-6598;0;0;461;0;10162;0.0;10162.0;8713.0
44;Grand Est;2024-08-13;03:00;3381;291;8619;590;0;798;-494;135;-6555;0;0;590;0;9939;0.0;9939.0;8619.0
44;Grand Est;2024-08-13;04:00;3221;304;8680;505;0;819;-527;132;-6691;0;0;505;0;9913;0.0;9913.0;8680.0
44;Grand Est;2024-08-13;05:00;3266;75;8634;459;0;791;-524;142;-6309;0;0;459;0;9577;0.0;9577.0;8634.0
44;Grand Est;2024-08-13;06:00;3263;78;8679;305;0;869;-145;144;-6666;0;0;305;0;9930;0.0;9930.0;8679.0
44;Grand Est;2024-08-13;07:00;3470;78;8694;235;10;884;-1;145;-6575;0;0;235;0;10045;0.0;10045.0;8694.0
44;Grand Est;2024-08-13;08:00;3667;81;8737;112;245;1232;-1;145;-6884;0;0;112;0;10551;0.0;10551.0;8737.0
44;Grand Est;2024-08-13;09:00;3932;80;8762;149;543;1227;-1;145;-6972;0;0;149;0;10905;0.0;10905.0;8762.0
44;Grand Est;2024-08-13;10:00;4054;76;8748;153;687;1163;-1;144;-6917;0;0;153;0;10970;0.0;10970.0;8748.0
44;Grand Est;2024-08-13;11:00;4353;58;8536;74;1025;883;-526;133;-5830;0;0;74;0;10183;0.0;10183.0;8536.0
44;Grand Est;2024-08-13;12:00;4521;58;8441;126;1166;826;-520;131;-5706;0;0;126;0;10228;0.0;10228.0;8441.0
44;Grand Est;2024-08-13;13:00;4508;57;8482;98;1232;791;-516;131;-5767;0;0;98;0;10275;0.0;10275.0;8482.0
44;Grand Est;2024-08-13;14:00;4441;58;8326;74;1213;774;-512;126;-5617;0;0;74;0;10059;0.0;10059.0;8326.0
44;Grand Est;2024-08-13;15:00;4440;59;8424;60;1181;776;-509;124;-5675;0;0;60;0;10115;0.0;10115.0;8424.0
44;Grand Est;2024-08-13;16:00;4324;78;7729;67;986;780;-136;130;-5311;0;0;67;0;9634;0.0;9634.0;7729.0
44;Grand Est;2024-08-13;17:00;4198;78;7738;101;893;790;-1;133;-5536;0;0;101;0;9732;0.0;9732.0;7738.0
44;Grand Est;2024-08-13;18:00;4130;78;7967;426;434;1164;-1;135;-6072;0;0;426;0;10203;0.0;10203.0;7967.0
44;Grand Est;2024-08-13;19:00;4191;78;8508;577;301;1267;-1;129;-6664;0;0;577;0;10859;0.0;10859.0;8508.0
44;Grand Est;2024-08-13;20:00;4114;79;8517;892;99;1326;-1;128;-6926;0;0;892;0;11040;0.0;11040.0;8517.0
44;Grand Est;2024-08-13;21:00;3968;81;8530;690;0;1332;-1;130;-6793;0;0;690;0;10762;0.0;10762.0;8530.0
44;Grand Est;2024-08-13;22:00;4065;82;8653;499;0;1266;-1;137;-6570;0;0;499;0;10636;0.0;10636.0;8653.0
44;Grand Est;2024-08-13;23:00;4086;82;8683;474;0;1270;-1;137;-6556;0;0;474;0;10645;0.0;10645.0;8683.0
44;Grand Est;2024-09-17;00:00;4346;47;6597;1535;0;931;0;149;-4913;0;0;1535;0;9259;0.0;9259.0;6597.0
44;Grand Est;2024-09-17;01:00;4166;213;5883;1731;0;944;-261;149;-4491;0;0;1731;0;8659;0.0;8659.0;5883.0
44;Grand Est;2024-09-17;02:00;4137;264;5284;1763;0;923;-348;148;-3897;0;0;1763;0;8034;0.0;8034.0;5284.0
44;Grand Est;2024-09-17;03:00;3893;422;4850;1682;0;889;-346;148;-3750;0;0;1682;0;7645;0.0;7645.0;4850.0
44;Grand Est;2024-09-17;04:00;3821;497;4950;1670;0;900;-343;148;-4002;0;0;1670;0;7822;0.0;7822.0;4950.0
44;Grand Est;2024-09-17;05:00;3956;497;4753;1891;0;896;-340;147;-3882;0;0;1891;0;7844;0.0;7844.0;4753.0
44;Grand Est;2024-09-17;06:00;4346;495;5115;2078;0;874;0;146;-4362;0;0;2078;0;8708;0.0;8708.0;5115.0
44;Grand Est;2024-09-17;07:00;4617;495;5264;2263;1;1185;-1;147;-4741;0;0;2263;0;9354;0.0;9354.0;5264.0
44;Grand Est;2024-09-17;08:00;4872;512;6115;2340;80;1210;-1;141;-5524;0;0;2340;0;10397;0.0;10397.0;6115.0
44;Grand Est;2024-09-17;09:00;5092;524;6333;2190;255;1206;-1;133;-5548;0;0;2190;0;10640;0.0;10640.0;6333.0
44;Grand Est;2024-09-17;10:00;5115;527;6320;2372;425;1155;-1;133;-5815;0;0;2372;0;10931;0.0;10931.0;6320.0
44;Grand Est;2024-09-17;11:00;5293;523;6235;2515;508;1080;-1;132;-5700;0;0;2515;0;10992;0.0;10992.0;6235.0
44;Grand Est;2024-09-17;12:00;5320;523;6163;2418;513;1103;-1;133;-5532;0;0;2418;0;10852;0.0;10852.0;6163.0
44;Grand Est;2024-09-17;13:00;5226;615;6184;2209;608;1127;-1;136;-5653;0;0;2209;0;10878;0.0;10878.0;6184.0
44;Grand Est;2024-09-17;14:00;5045;618;6081;2073;756;1116;-1;152;-5751;0;0;2073;0;10795;0.0;10795.0;6081.0
44;Grand Est;2024-09-17;15:00;4984;501;5207;1915;728;848;-261;151;-4106;0;0;1915;0;9089;0.0;9089.0;5207.0
44;Grand Est;2024-09-17;16:00;4835;44;5263;2123;694;872;-353;154;-3962;0;0;2123;0;8797;0.0;8797.0;5263.0
44;Grand Est;2024-09-17;17:00;4762;44;5288;2315;420;858;-352;153;-3964;0;0;2315;0;8726;0.0;8726.0;5288.0
44;Grand Est;2024-09-17;18:00;4762;46;5324;2217;235;861;0;152;-4074;0;0;2217;0;8835;0.0;8835.0;5324.0
44;Grand Est;2024-09-17;19:00;4990;45;6000;1820;38;1194;-1;154;-4261;0;0;1820;0;9250;0.0;9250.0;6000.0
44;Grand Est;2024-09-17;20:00;4931;45;5973;1970;3;1229;-1;154;-4446;0;0;1970;0;9373;0.0;9373.0;5973.0
44;Grand Est;2024-09-17;21:00;4853;45;5905;2247;0;1160;-1;154;-4655;0;0;2247;0;9510;0.0;9510.0;5905.0
44;Grand Est;2024-09-17;22:00;4670;45;5986;2727;0;1137;-1;153;-5378;0;0;2727;0;10047;0.0;10047.0;5986.0
44;Grand Est;2024-09-17;23:00;4537;46;6038;2767;0;1182;-1;155;-5651;0;0;2767;0;10187;0.0;10187.0;6038.0
44;Grand Est;2024-10-04;00:00;4823;47;7547;1886;0;1270;0;146;-6070;0;0;1886;0;10896;0.0;10896.0;7547.0
44;Grand Est;2024-10-04;01:00;4557;47;7398;1836;0;1032;-271;145;-5628;0;0;1836;0;10187;0.0;10187.0;7398.0
44;Grand Est;2024-10-04;02:00;4427;47;7484;1640;0;1033;-350;148;-5577;0;0;1640;0;10002;0.0;10002.0;7484.0
44;Grand Est;2024-10-04;03:00;4364;47;7493;1427;0;1035;-348;147;-5438;0;0;1427;0;9801;0.0;9801.0;7493.0
44;Grand Est;2024-10-04;04:00;4242;45;7548;1257;0;1032;-346;147;-5441;0;0;1257;0;9683;0.0;9683.0;7548.0
44;Grand Est;2024-10-04;05:00;4260;258;7610;1104;0;1036;-343;146;-5550;0;0;1104;0;9811;0.0;9811.0;7610.0
44;Grand Est;2024-10-04;06:00;4669;802;7642;1097;0;1029;-1;145;-6045;0;0;1097;0;10714;0.0;10714.0;7642.0
44;Grand Est;2024-10-04;07:00;5004;1195;7707;1204;0;1337;0;144;-6582;0;0;1204;0;11587;0.0;11587.0;7707.0
44;Grand Est;2024-10-04;08:00;5143;1249;7785;1056;41;1379;0;138;-6504;0;0;1056;0;11648;0.0;11648.0;7785.0
44;Grand Est;2024-10-04;09:00;5278;1242;7759;732;239;1354;-6;139;-6181;0;0;732;0;11459;0.0;11459.0;7759.0
44;Grand Est;2024-10-04;10:00;5238;1232;7705;478;478;1234;-6;143;-6027;0;0;478;0;11264;0.0;11264.0;7705.0
44;Grand Est;2024-10-04;11:00;5359;1129;7549;428;666;1133;-6;146;-5684;0;0;428;0;11045;0.0;11045.0;7549.0
44;Grand Est;2024-10-04;12:00;5531;387;7579;387;744;1033;-6;146;-4739;0;0;387;0;10270;0.0;10270.0;7579.0
44;Grand Est;2024-10-04;13:00;5432;46;7372;333;838;1037;-185;147;-4152;0;0;333;0;9588;0.0;9588.0;7372.0
44;Grand Est;2024-10-04;14:00;5154;47;6397;373;629;1034;-184;146;-3292;0;0;373;0;8442;0.0;8442.0;6397.0
44;Grand Est;2024-10-04;15:00;5047;46;6319;361;562;1036;-184;147;-3247;0;0;361;0;8287;0.0;8287.0;6319.0
44;Grand Est;2024-10-04;16:00;4904;46;6273;322;345;1049;-178;140;-3090;0;0;322;0;7997;0.0;7997.0;6273.0
44;Grand Est;2024-10-04;17:00;4702;42;7135;300;241;1070;-2;134;-4216;0;0;300;0;8920;0.0;8920.0;7135.0
44;Grand Est;2024-10-04;18:00;4829;839;7227;205;78;1201;0;133;-4851;0;0;205;0;9683;0.0;9683.0;7227.0
44;Grand Est;2024-10-04;19:00;5078;1302;7279;213;0;1231;0;133;-5075;0;0;213;0;10158;0.0;10158.0;7279.0
44;Grand Est;2024-10-04;20:00;4893;1310;7273;243;0;1228;0;134;-5285;0;0;243;0;10188;0.0;10188.0;7273.0
44;Grand Est;2024-10-04;21:00;4824;1234;6493;361;0;1214;0;136;-4614;0;0;361;0;9438;0.0;9438.0;6493.0
44;Grand Est;2024-10-04;22:00;4653;1236;6455;475;0;1215;0;134;-4869;0;0;475;0;9515;0.0;9515.0;6455.0
44;Grand Est;2024-10-04;23:00;4656;1236;6417;549;0;1220;0;133;-4894;0;0;549;0;9555;0.0;9555.0;6417.0
44;Grand Est;2024-11-04;00:00;4420;988;7922;660;0;726;0;164;-6042;0;0;660;0;10460;0.0;10460.0;7922.0
44;Grand Est;2024-11-04;01:00;4148;564;7910;781;0;626;-6;160;-5884;0;0;781;0;10035;0.0;10035.0;7910.0
44;Grand Est;2024-11-04;02:00;4178;568;7919;769;0;631;-177;161;-5692;0;0;769;0;9871;0.0;9871.0;7919.0
44;Grand Est;2024-11-04;03:00;4110;561;7774;775;0;627;-177;161;-5610;0;0;775;0;9721;0.0;9721.0;7774.0
44;Grand Est;2024-11-04;04:00;3955;686;7686;792;0;626;-176;163;-5820;0;0;792;0;9777;0.0;9777.0;7686.0
44;Grand Est;2024-11-04;05:00;4113;770;7947;822;0;630;-175;162;-6044;0;0;822;0;10156;0.0;10156.0;7947.0
44;Grand Est;2024-11-04;06:00;4667;1177;8049;826;0;744;-175;159;-6115;0;0;826;0;10780;0.0;10780.0;8049.0
44;Grand Est;2024-11-04;07:00;5266;1696;8115;850;0;821;0;160;-6374;0;0;850;0;11642;0.0;11642.0;8115.0
44;Grand Est;2024-11-04;08:00;5273;1856;8109;830;36;813;0;161;-6531;0;0;830;0;11805;0.0;11805.0;8109.0
44;Grand Est;2024-11-04;09:00;5421;1775;8138;712;134;953;0;159;-6449;0;0;712;0;11871;0.0;11871.0;8138.0
44;Grand Est;2024-11-04;10:00;5523;1790;8139;588;185;824;0;159;-6162;0;0;588;0;11685;0.0;11685.0;8139.0
44;Grand Est;2024-11-04;11:00;5631;1383;8050;436;301;673;0;158;-5369;0;0;436;0;11001;0.0;11001.0;8050.0
44;Grand Est;2024-11-04;12:00;5705;1306;8032;456;321;627;0;157;-5193;0;0;456;0;10899;0.0;10899.0;8032.0
44;Grand Est;2024-11-04;13:00;5747;1320;8119;438;342;614;0;155;-5242;0;0;438;0;10988;0.0;10988.0;8119.0
44;Grand Est;2024-11-04;14:00;5418;1340;7977;407;296;661;0;151;-5412;0;0;407;0;10832;0.0;10832.0;7977.0
44;Grand Est;2024-11-04;15:00;5404;1354;8039;420;249;667;0;151;-5476;0;0;420;0;10880;0.0;10880.0;8039.0
44;Grand Est;2024-11-04;16:00;5271;1357;8057;569;125;752;0;153;-5741;0;0;569;0;11013;0.0;11013.0;8057.0
44;Grand Est;2024-11-04;17:00;5374;1734;8044;950;1;795;0;150;-6299;0;0;950;0;11674;0.0;11674.0;8044.0
44;Grand Est;2024-11-04;18:00;5693;1826;8036;1166;0;969;0;151;-6453;0;0;1166;0;12148;0.0;12148.0;8036.0
44;Grand Est;2024-11-04;19:00;5833;1754;8038;1246;0;966;0;152;-6321;0;0;1246;0;12156;0.0;12156.0;8038.0
44;Grand Est;2024-11-04;20:00;5606;1633;7980;1177;0;947;0;148;-6276;0;0;1177;0;11885;0.0;11885.0;7980.0
44;Grand Est;2024-11-04;21:00;5222;1711;8017;1071;0;813;0;145;-6534;0;0;1071;0;11757;0.0;11757.0;8017.0
44;Grand Est;2024-11-04;22:00;5048;1698;8029;1009;0;786;0;152;-6625;0;0;1009;0;11674;0.0;11674.0;8029.0
44;Grand Est;2024-11-04;23:00;5119;1769;8054;761;0;703;0;151;-6318;0;0;761;0;11438;0.0;11438.0;8054.0
44;Grand Est;2024-12-02;00:00;5458;204;8239;1095;0;908;-1;150;-5138;0;0;1095;0;10595;0.0;10595.0;8239.0
44;Grand Est;2024-12-02;01:00;5113;174;8103;1020;0;834;-179;149;-4983;0;0;1020;0;10101;0.0;10101.0;8103.0
44;Grand Est;2024-12-02;02:00;5092;174;8257;1025;0;839;-178;148;-5176;0;0;1025;0;10265;0.0;10265.0;8257.0
44;Grand Est;2024-12-02;03:00;4968;174;8113;1007;0;840;-178;146;-5131;0;0;1007;0;10102;0.0;10102.0;8113.0
44;Grand Est;2024-12-02;04:00;4805;174;8081;1084;0;817;-177;148;-5321;0;0;1084;0;10127;0.0;10127.0;8081.0
44;Grand Est;2024-12-02;05:00;4886;157;8149;1032;0;783;-177;148;-5206;0;0;1032;0;10092;0.0;10092.0;8149.0
44;Grand Est;2024-12-02;06:00;5418;221;8161;1193;0;856;-176;147;-4986;0;0;1193;0;10402;0.0;10402.0;8161.0
44;Grand Est;2024-12-02;07:00;5792;531;8271;1398;0;903;-62;145;-5399;0;0;1398;0;11186;0.0;11186.0;8271.0
44;Grand Est;2024-12-02;08:00;6016;1017;8263;1654;2;1037;-1;148;-6103;0;0;1654;0;12120;0.0;12120.0;8263.0
44;Grand Est;2024-12-02;09:00;6053;1815;8334;1748;46;871;-1;147;-6903;0;0;1748;0;12960;0.0;12960.0;8334.0
44;Grand Est;2024-12-02;10:00;6170;1894;8345;1559;90;921;-1;149;-6787;0;0;1559;0;12957;0.0;12957.0;8345.0
44;Grand Est;2024-12-02;11:00;6343;1804;8345;1562;164;907;0;149;-6585;0;0;1562;0;12931;0.0;12931.0;8345.0
44;Grand Est;2024-12-02;12:00;6236;1529;8345;1441;226;894;0;143;-6340;0;0;1441;0;12578;0.0;12578.0;8345.0
44;Grand Est;2024-12-02;13:00;6260;1394;8334;1415;239;879;0;142;-6139;0;0;1415;0;12403;0.0;12403.0;8334.0
44;Grand Est;2024-12-02;14:00;5991;1434;8207;1514;157;871;0;149;-6336;0;0;1514;0;12332;0.0;12332.0;8207.0
44;Grand Est;2024-12-02;15:00;5873;1405;8196;1567;127;874;0;147;-6431;0;0;1567;0;12316;0.0;12316.0;8196.0
44;Grand Est;2024-12-02;16:00;5749;1812;8247;1619;23;962;0;146;-7067;0;0;1619;0;12809;0.0;12809.0;8247.0
44;Grand Est;2024-12-02;17:00;5887;1918;8312;1684;0;974;-1;149;-7147;0;0;1684;0;13036;0.0;13036.0;8312.0
44;Grand Est;2024-12-02;18:00;6086;1900;8339;1795;0;1002;0;150;-7099;0;0;1795;0;13186;0.0;13186.0;8339.0
44;Grand Est;2024-12-02;19:00;6196;1904;8470;1675;0;1130;-1;151;-7135;0;0;1675;0;13329;0.0;13329.0;8470.0
44;Grand Est;2024-12-02;20:00;6050;1746;8430;1679;0;1111;-1;152;-7069;0;0;1679;0;13117;0.0;13117.0;8430.0
44;Grand Est;2024-12-02;21:00;5680;1403;8438;1713;0;1167;-1;152;-7191;0;0;1713;0;12872;0.0;12872.0;8438.0
44;Grand Est;2024-12-02;22:00;5454;1426;8500;1725;0;968;0;151;-7318;0;0;1725;0;12770;0.0;12770.0;8500.0
44;Grand Est;2024-12-02;23:00;5418;1030;8549;1736;0;1017;0;151;-7064;0;0;1736;0;12483;0.0;12483.0;8549.0
52;Pays de la Loire;2024-01-18;00:00;3769;572;0;1129;0;3;0;58;2007;0;0;803;326;1762;0.0;1762.0;0.0
52;Pays de la Loire;2024-01-18;01:00;3639;578;0;1112;0;2;0;54;1892;0;0;754;358;1746;0.0;1746.0;0.0
52;Pays de la Loire;2024-01-18;02:00;3693;579;0;1115;0;2;0;56;1941;0;0;756;358;1752;0.0;1752.0;0.0
52;Pays de la Loire;2024-01-18;03:00;3582;579;0;1132;0;2;0;56;1813;0;0;774;358;1769;0.0;1769.0;0.0
52;Pays de la Loire;2024-01-18;04:00;3574;580;0;1105;0;2;0;56;1831;0;0;746;359;1743;0.0;1743.0;0.0
52;Pays de la Loire;2024-01-18;05:00;3693;576;0;1068;0;2;0;55;1992;0;0;709;358;1701;0.0;1701.0;0.0
52;Pays de la Loire;2024-01-18;06:00;4040;588;0;992;0;2;0;54;2404;0;0;635;357;1636;0.0;1636.0;0.0
52;Pays de la Loire;2024-01-18;07:00;4520;591;0;922;0;2;0;53;2951;0;0;569;354;1568;0.0;1568.0;0.0
52;Pays de la Loire;2024-01-18;08:00;4823;596;0;814;0;2;0;54;3358;0;0;482;332;1466;0.0;1466.0;0.0
52;Pays de la Loire;2024-01-18;09:00;4832;591;0;771;20;2;0;55;3395;0;0;438;333;1439;0.0;1439.0;0.0
52;Pays de la Loire;2024-01-18;10:00;4806;591;0;774;66;2;0;54;3320;0;0;425;349;1487;0.0;1487.0;0.0
52;Pays de la Loire;2024-01-18;11:00;4737;591;0;705;183;1;0;55;3202;0;0;354;351;1535;0.0;1535.0;0.0
52;Pays de la Loire;2024-01-18;12:00;4655;593;0;613;294;1;0;53;3101;0;0;344;269;1554;0.0;1554.0;0.0
52;Pays de la Loire;2024-01-18;13:00;4517;595;0;635;337;1;0;55;2894;0;0;309;326;1623;0.0;1623.0;0.0
52;Pays de la Loire;2024-01-18;14:00;4367;596;0;677;399;1;0;52;2643;0;0;360;317;1725;0.0;1725.0;0.0
52;Pays de la Loire;2024-01-18;15:00;4352;602;0;541;312;1;0;54;2842;0;0;380;161;1510;0.0;1510.0;0.0
52;Pays de la Loire;2024-01-18;16:00;4294;597;0;535;191;1;0;54;2917;0;0;312;222;1378;0.0;1378.0;0.0
52;Pays de la Loire;2024-01-18;17:00;4320;558;0;423;25;1;0;54;3259;0;0;248;175;1061;0.0;1061.0;0.0
52;Pays de la Loire;2024-01-18;18:00;4755;558;0;401;0;1;0;54;3742;0;0;263;139;1014;0.0;1014.0;0.0
52;Pays de la Loire;2024-01-18;19:00;4949;561;0;488;0;1;0;55;3845;0;0;295;193;1105;0.0;1105.0;0.0
52;Pays de la Loire;2024-01-18;20:00;4758;570;0;533;0;1;0;54;3600;0;0;310;222;1158;0.0;1158.0;0.0
52;Pays de la Loire;2024-01-18;21:00;4458;600;0;407;0;1;0;55;3395;0;0;277;130;1063;0.0;1063.0;0.0
52;Pays de la Loire;2024-01-18;22:00;4325;599;0;228;0;1;0;54;3444;0;0;172;56;882;0.0;882.0;0.0
52;Pays de la Loire;2024-01-18;23:00;4645;598;0;175;0;1;0;51;3820;0;0;145;30;825;0.0;825.0;0.0
52;Pays de la Loire;2024-02-04;00:00;3111;155;0;19;0;5;0;57;2875;0;0;21;0;236;0.0;236.0;0.0
52;Pays de la Loire;2024-02-04;01:00;2916;155;0;24;0;5;0;56;2676;0;0;26;0;240;0.0;240.0;0.0
52;Pays de la Loire;2024-02-04;02:00;2880;155;0;25;0;5;0;56;2639;0;0;28;0;241;0.0;241.0;0.0
52;Pays de la Loire;2024-02-04;03:00;2701;154;0;29;0;5;0;56;2456;0;0;31;0;244;0.0;244.0;0.0
52;Pays de la Loire;2024-02-04;04:00;2484;155;0;35;0;5;0;56;2233;0;0;38;0;251;0.0;251.0;0.0
52;Pays de la Loire;2024-02-04;05:00;2419;155;0;46;0;5;0;56;2157;0;0;49;0;262;0.0;262.0;0.0
52;Pays de la Loire;2024-02-04;06:00;2515;154;0;43;0;5;0;56;2257;0;0;46;0;258;0.0;258.0;0.0
52;Pays de la Loire;2024-02-04;07:00;2627;155;0;45;0;5;0;56;2366;0;0;44;1;261;0.0;261.0;0.0
52;Pays de la Loire;2024-02-04;08:00;2656;155;0;34;0;5;0;56;2406;0;0;34;0;250;0.0;250.0;0.0
52;Pays de la Loire;2024-02-04;09:00;2751;155;0;21;13;4;0;57;2501;0;0;24;0;250;0.0;250.0;0.0
52;Pays de la Loire;2024-02-04;10:00;2892;155;0;23;51;5;0;56;2602;0;0;25;0;290;0.0;290.0;0.0
52;Pays de la Loire;2024-02-04;11:00;3003;155;0;25;87;5;0;57;2674;0;0;28;0;329;0.0;329.0;0.0
52;Pays de la Loire;2024-02-04;12:00;3127;155;0;26;116;5;0;58;2767;0;0;29;0;360;0.0;360.0;0.0
52;Pays de la Loire;2024-02-04;13:00;3125;155;0;31;127;5;0;58;2750;0;0;34;0;376;0.0;376.0;0.0
52;Pays de la Loire;2024-02-04;14:00;2912;155;0;37;135;5;0;57;2522;0;0;39;0;389;0.0;389.0;0.0
52;Pays de la Loire;2024-02-04;15:00;2848;155;0;49;116;5;0;58;2466;0;0;48;1;383;0.0;383.0;0.0
52;Pays de la Loire;2024-02-04;16:00;2815;155;0;51;78;5;0;58;2470;0;0;51;0;347;0.0;347.0;0.0
52;Pays de la Loire;2024-02-04;17:00;2802;155;0;49;20;5;0;57;2515;0;0;47;2;286;0.0;286.0;0.0
52;Pays de la Loire;2024-02-04;18:00;3105;155;0;36;0;5;0;58;2851;0;0;33;3;254;0.0;254.0;0.0
52;Pays de la Loire;2024-02-04;19:00;3345;155;0;30;0;5;0;58;3097;0;0;29;0;248;0.0;248.0;0.0
52;Pays de la Loire;2024-02-04;20:00;3167;155;0;31;0;5;0;58;2919;0;0;32;0;249;0.0;249.0;0.0
52;Pays de la Loire;2024-02-04;21:00;3005;155;0;23;0;5;0;58;2764;0;0;25;0;241;0.0;241.0;0.0
52;Pays de la Loire;2024-02-04;22:00;2883;155;0;22;0;5;0;57;2644;0;0;25;0;239;0.0;239.0;0.0
52;Pays de la Loire;2024-02-04;23:00;3250;155;0;24;0;5;0;57;3009;0;0;27;0;241;0.0;241.0;0.0
52;Pays de la Loire;2024-03-12;00:00;3366;564;0;395;0;5;0;54;2348;0;0;311;84;1018;0.0;1018.0;0.0
52;Pays de la Loire;2024-03-12;01:00;3191;568;0;398;0;5;0;54;2167;0;0;313;84;1025;0.0;1025.0;0.0
52;Pays de la Loire;2024-03-12;02:00;3231;568;0;377;0;5;0;53;2228;0;0;285;92;1003;0.0;1003.0;0.0
52;Pays de la Loire;2024-03-12;03:00;3017;567;0;373;0;5;0;54;2017;0;0;259;114;999;0.0;999.0;0.0
52;Pays de la Loire;2024-03-12;04:00;2902;566;0;385;0;5;0;55;1892;0;0;267;118;1011;0.0;1011.0;0.0
52;Pays de la Loire;2024-03-12;05:00;3033;565;0;412;0;5;0;54;1997;0;0;284;128;1036;0.0;1036.0;0.0
52;Pays de la Loire;2024-03-12;06:00;3419;564;0;449;0;5;0;54;2347;0;0;327;122;1072;0.0;1072.0;0.0
52;Pays de la Loire;2024-03-12;07:00;3795;477;0;609;0;5;0;55;2649;0;0;368;241;1146;0.0;1146.0;0.0
52;Pays de la Loire;2024-03-12;08:00;3853;576;0;687;49;5;0;54;2482;0;0;381;306;1371;0.0;1371.0;0.0
52;Pays de la Loire;2024-03-12;09:00;3877;575;0;673;93;5;0;53;2478;0;0;358;315;1399;0.0;1399.0;0.0
52;Pays de la Loire;2024-03-12;10:00;3850;559;0;591;157;5;0;54;2485;0;0;332;259;1366;0.0;1366.0;0.0
52;Pays de la Loire;2024-03-12;11:00;3778;427;0;595;203;5;0;53;2495;0;0;341;253;1283;0.0;1283.0;0.0
52;Pays de la Loire;2024-03-12;12:00;3707;528;0;581;249;5;0;55;2289;0;0;351;229;1418;0.0;1418.0;0.0
52;Pays de la Loire;2024-03-12;13:00;3679;570;0;651;347;5;0;57;2047;0;0;415;237;1630;0.0;1630.0;0.0
52;Pays de la Loire;2024-03-12;14:00;3510;571;0;709;365;5;0;54;1806;0;0;479;230;1704;0.0;1704.0;0.0
52;Pays de la Loire;2024-03-12;15:00;3372;565;0;773;354;5;0;55;1620;0;0;508;265;1752;0.0;1752.0;0.0
52;Pays de la Loire;2024-03-12;16:00;3381;553;0;752;306;5;0;56;1708;0;0;564;188;1672;0.0;1672.0;0.0
52;Pays de la Loire;2024-03-12;17:00;3204;337;0;771;145;5;0;56;1891;0;0;506;265;1314;0.0;1314.0;0.0
52;Pays de la Loire;2024-03-12;18:00;3325;459;0;721;46;5;0;57;2037;0;0;461;260;1288;0.0;1288.0;0.0
52;Pays de la Loire;2024-03-12;19:00;3672;572;0;553;0;5;0;57;2485;0;0;394;159;1187;0.0;1187.0;0.0
52;Pays de la Loire;2024-03-12;20:00;3555;573;0;501;0;5;0;58;2419;0;0;355;146;1137;0.0;1137.0;0.0
52;Pays de la Loire;2024-03-12;21:00;3237;560;0;446;0;5;0;57;2168;0;0;321;125;1068;0.0;1068.0;0.0
52;Pays de la Loire;2024-03-12;22:00;3054;411;0;331;0;5;0;56;2250;0;0;227;104;803;0.0;803.0;0.0
52;Pays de la Loire;2024-03-12;23:00;3350;421;0;312;0;5;0;56;2556;0;0;215;97;794;0.0;794.0;0.0
52;Pays de la Loire;2024-06-12;00:00;2622;0;0;615;0;4;0;45;1962;0;0;382;233;664;0.0;664.0;0.0
52;Pays de la Loire;2024-06-12;01:00;2344;0;0;523;0;4;0;45;1776;0;0;321;201;572;0.0;572.0;0.0
52;Pays de la Loire;2024-06-12;02:00;2300;0;0;396;0;4;0;47;1858;0;0;229;167;447;0.0;447.0;0.0
52;Pays de la Loire;2024-06-12;03:00;2062;0;0;330;0;2;0;52;1683;0;0;186;143;384;0.0;384.0;0.0
52;Pays de la Loire;2024-06-12;04:00;1998;0;0;237;0;3;0;52;1712;0;0;142;94;292;0.0;292.0;0.0
52;Pays de la Loire;2024-06-12;05:00;2110;0;0;211;0;3;0;49;1850;0;0;132;80;263;0.0;263.0;0.0
52;Pays de la Loire;2024-06-12;06:00;2306;0;0;209;4;3;0;50;2043;0;0;134;75;266;0.0;266.0;0.0
52;Pays de la Loire;2024-06-12;07:00;2606;0;0;209;68;3;0;50;2280;0;0;131;78;330;0.0;330.0;0.0
52;Pays de la Loire;2024-06-12;08:00;2758;2;0;92;236;2;0;48;2379;0;0;45;47;380;0.0;380.0;0.0
52;Pays de la Loire;2024-06-12;09:00;2870;2;0;23;481;2;0;47;2315;0;0;13;10;555;0.0;555.0;0.0
52;Pays de la Loire;2024-06-12;10:00;2909;2;0;18;692;2;0;46;2148;0;0;21;0;760;0.0;760.0;0.0
52;Pays de la Loire;2024-06-12;11:00;2956;2;0;26;778;3;0;48;2100;0;0;30;0;857;0.0;857.0;0.0
52;Pays de la Loire;2024-06-12;12:00;3044;3;0;34;773;3;0;48;2183;0;0;37;0;861;0.0;861.0;0.0
52;Pays de la Loire;2024-06-12;13:00;3088;2;0;35;800;3;0;48;2200;0;0;38;0;888;0.0;888.0;0.0
52;Pays de la Loire;2024-06-12;14:00;2927;2;0;34;759;3;0;47;2083;0;0;35;0;845;0.0;845.0;0.0
52;Pays de la Loire;2024-06-12;15:00;2829;2;0;99;715;3;0;48;1962;0;0;64;36;867;0.0;867.0;0.0
52;Pays de la Loire;2024-06-12;16:00;2747;2;0;121;693;3;0;49;1878;0;0;76;45;868;0.0;868.0;0.0
52;Pays de la Loire;2024-06-12;17:00;2652;2;0;143;651;3;0;53;1800;0;0;89;53;852;0.0;852.0;0.0
52;Pays de la Loire;2024-06-12;18:00;2655;2;0;274;498;3;0;55;1823;0;0;126;148;832;0.0;832.0;0.0
52;Pays de la Loire;2024-06-12;19:00;2734;2;0;325;417;3;0;58;1929;0;0;148;177;805;0.0;805.0;0.0
52;Pays de la Loire;2024-06-12;20:00;2697;2;0;302;233;3;0;61;2095;0;0;158;144;601;0.0;601.0;0.0
52;Pays de la Loire;2024-06-12;21:00;2446;0;0;227;81;3;0;61;2079;0;0;126;100;372;0.0;372.0;0.0
52;Pays de la Loire;2024-06-12;22:00;2487;0;0;142;0;3;0;60;2286;0;0;88;54;205;0.0;205.0;0.0
52;Pays de la Loire;2024-06-12;23:00;2820;0;0;170;0;3;0;60;2592;0;0;113;57;233;0.0;233.0;0.0
52;Pays de la Loire;2024-06-22;00:00;2480;0;0;540;0;5;0;60;1884;0;0;266;274;605;0.0;605.0;0.0
52;Pays de la Loire;2024-06-22;01:00;2194;0;0;621;0;5;0;59;1518;0;0;282;339;685;0.0;685.0;0.0
52;Pays de la Loire;2024-06-22;02:00;2160;0;0;669;0;5;0;56;1439;0;0;312;357;730;0.0;730.0;0.0
52;Pays de la Loire;2024-06-22;03:00;1916;0;0;738;0;4;0;51;1130;0;0;373;365;793;0.0;793.0;0.0
52;Pays de la Loire;2024-06-22;04:00;1798;0;0;771;0;4;0;55;977;0;0;426;344;830;0.0;830.0;0.0
52;Pays de la Loire;2024-06-22;05:00;1754;0;0;667;0;4;0;59;1032;0;0;363;304;730;0.0;730.0;0.0
52;Pays de la Loire;2024-06-22;06:00;1710;0;0;503;1;5;0;56;1154;0;0;320;183;565;0.0;565.0;0.0
52;Pays de la Loire;2024-06-22;07:00;1803;0;0;404;47;5;0;60;1296;0;0;276;127;516;0.0;516.0;0.0
52;Pays de la Loire;2024-06-22;08:00;1998;0;0;283;158;5;0;60;1500;0;0;218;65;506;0.0;506.0;0.0
52;Pays de la Loire;2024-06-22;09:00;2141;0;0;257;343;5;0;59;1486;0;0;209;48;664;0.0;664.0;0.0
52;Pays de la Loire;2024-06-22;10:00;2247;0;0;272;530;5;0;60;1388;0;0;215;57;867;0.0;867.0;0.0
52;Pays de la Loire;2024-06-22;11:00;2278;0;0;284;610;4;0;62;1324;0;0;213;71;960;0.0;960.0;0.0
52;Pays de la Loire;2024-06-22;12:00;2412;0;0;284;606;4;0;60;1463;0;0;233;50;954;0.0;954.0;0.0
52;Pays de la Loire;2024-06-22;13:00;2493;0;0;296;633;5;0;61;1504;0;0;244;52;995;0.0;995.0;0.0
52;Pays de la Loire;2024-06-22;14:00;2260;0;0;268;686;5;0;60;1246;0;0;209;59;1019;0.0;1019.0;0.0
52;Pays de la Loire;2024-06-22;15:00;2153;0;0;306;747;5;0;60;1041;0;0;208;98;1118;0.0;1118.0;0.0
52;Pays de la Loire;2024-06-22;16:00;2099;0;0;365;762;3;0;61;913;0;0;184;181;1191;0.0;1191.0;0.0
52;Pays de la Loire;2024-06-22;17:00;2052;0;0;395;744;3;0;60;856;0;0;194;200;1202;0.0;1202.0;0.0
52;Pays de la Loire;2024-06-22;18:00;2086;0;0;350;556;3;0;59;1123;0;0;182;167;968;0.0;968.0;0.0
52;Pays de la Loire;2024-06-22;19:00;2152;0;0;341;361;3;0;60;1392;0;0;199;142;765;0.0;765.0;0.0
52;Pays de la Loire;2024-06-22;20:00;2131;0;0;294;258;3;0;60;1521;0;0;199;95;615;0.0;615.0;0.0
52;Pays de la Loire;2024-06-22;21:00;2011;0;0;273;85;3;0;59;1596;0;0;167;107;420;0.0;420.0;0.0
52;Pays de la Loire;2024-06-22;22:00;2139;0;0;179;0;4;0;58;1903;0;0;113;66;241;0.0;241.0;0.0
52;Pays de la Loire;2024-06-22;23:00;2497;0;0;165;0;4;0;58;2276;0;0;102;62;227;0.0;227.0;0.0
52;Pays de la Loire;2024-08-13;00:00;2450;0;0;262;0;1;0;58;2135;0;0;41;221;321;0.0;321.0;0.0
52;Pays de la Loire;2024-08-13;01:00;2159;0;0;65;0;1;0;58;2041;0;0;26;39;124;0.0;124.0;0.0
52;Pays de la Loire;2024-08-13;02:00;2102;0;0;86;0;1;0;57;1964;0;0;13;73;144;0.0;144.0;0.0
52;Pays de la Loire;2024-08-13;03:00;1934;0;0;162;0;1;0;58;1719;0;0;20;142;221;0.0;221.0;0.0
52;Pays de la Loire;2024-08-13;04:00;1871;0;0;160;0;1;0;57;1660;0;0;40;120;218;0.0;218.0;0.0
52;Pays de la Loire;2024-08-13;05:00;1904;0;0;67;0;1;0;57;1786;0;0;34;33;125;0.0;125.0;0.0
52;Pays de la Loire;2024-08-13;06:00;2044;0;0;37;0;1;0;55;1957;0;0;28;9;93;0.0;93.0;0.0
52;Pays de la Loire;2024-08-13;07:00;2162;0;0;33;8;1;0;50;2076;0;0;14;19;92;0.0;92.0;0.0
52;Pays de la Loire;2024-08-13;08:00;2346;0;0;19;85;1;0;51;2196;0;0;10;9;156;0.0;156.0;0.0
52;Pays de la Loire;2024-08-13;09:00;2482;0;0;19;188;1;0;49;2232;0;0;18;1;257;0.0;257.0;0.0
52;Pays de la Loire;2024-08-13;10:00;2551;0;0;58;231;1;0;57;2206;0;0;61;0;347;0.0;347.0;0.0
52;Pays de la Loire;2024-08-13;11:00;2595;0;0;77;271;1;0;59;2194;0;0;74;3;408;0.0;408.0;0.0
52;Pays de la Loire;2024-08-13;12:00;2694;0;0;64;284;0;0;59;2294;0;0;43;21;407;0.0;407.0;0.0
52;Pays de la Loire;2024-08-13;13:00;2747;0;0;59;283;1;0;59;2353;0;0;41;18;402;0.0;402.0;0.0
52;Pays de la Loire;2024-08-13;14:00;2598;0;0;48;374;1;0;60;2122;0;0;29;20;483;0.0;483.0;0.0
52;Pays de la Loire;2024-08-13;15:00;2528;0;0;77;504;1;0;60;1896;0;0;36;41;642;0.0;642.0;0.0
52;Pays de la Loire;2024-08-13;16:00;2440;0;0;60;557;1;0;62;1769;0;0;33;28;680;0.0;680.0;0.0
52;Pays de la Loire;2024-08-13;17:00;2398;0;0;100;504;1;0;63;1737;0;0;51;49;668;0.0;668.0;0.0
52;Pays de la Loire;2024-08-13;18:00;2398;0;0;131;400;1;0;62;1811;0;0;81;50;594;0.0;594.0;0.0
52;Pays de la Loire;2024-08-13;19:00;2501;0;0;148;238;1;0;63;2058;0;0;118;30;450;0.0;450.0;0.0
52;Pays de la Loire;2024-08-13;20:00;2472;0;0;138;153;0;0;63;2125;0;0;118;19;354;0.0;354.0;0.0
52;Pays de la Loire;2024-08-13;21:00;2310;0;0;106;28;0;0;63;2120;0;0;86;19;197;0.0;197.0;0.0
52;Pays de la Loire;2024-08-13;22:00;2392;0;0;130;0;0;0;63;2206;0;0;64;66;193;0.0;193.0;0.0
52;Pays de la Loire;2024-08-13;23:00;2664;0;0;147;0;0;0;63;2460;0;0;64;84;210;0.0;210.0;0.0
52;Pays de la Loire;2024-09-17;00:00;2560;0;0;651;0;0;0;62;1851;0;0;456;195;713;0.0;713.0;0.0
52;Pays de la Loire;2024-09-17;01:00;2261;0;0;668;0;0;0;62;1534;0;0;466;201;730;0.0;730.0;0.0
52;Pays de la Loire;2024-09-17;02:00;2245;0;0;663;0;0;0;59;1526;0;0;421;242;722;0.0;722.0;0.0
52;Pays de la Loire;2024-09-17;03:00;2027;0;0;611;0;0;0;61;1358;0;0;391;220;672;0.0;672.0;0.0
52;Pays de la Loire;2024-09-17;04:00;1959;0;0;582;0;0;0;63;1318;0;0;359;223;645;0.0;645.0;0.0
52;Pays de la Loire;2024-09-17;05:00;2048;0;0;573;0;0;0;61;1417;0;0;380;193;634;0.0;634.0;0.0
52;Pays de la Loire;2024-09-17;06:00;2296;0;0;664;0;0;0;62;1574;0;0;423;241;726;0.0;726.0;0.0
52;Pays de la Loire;2024-09-17;07:00;2706;0;0;699;0;0;0;62;1948;0;0;473;227;761;0.0;761.0;0.0
52;Pays de la Loire;2024-09-17;08:00;2862;0;0;744;39;0;0;62;2018;0;0;508;236;845;0.0;845.0;0.0
52;Pays de la Loire;2024-09-17;09:00;2874;0;0;651;252;0;0;61;1910;0;0;418;233;964;0.0;964.0;0.0
52;Pays de la Loire;2024-09-17;10:00;2926;0;0;614;387;0;0;61;1864;0;0;391;223;1062;0.0;1062.0;0.0
52;Pays de la Loire;2024-09-17;11:00;2914;0;0;557;653;0;0;61;1644;0;0;430;127;1271;0.0;1271.0;0.0
52;Pays de la Loire;2024-09-17;12:00;2954;0;0;632;978;1;0;60;1285;0;0;551;81;1671;0.0;1671.0;0.0
52;Pays de la Loire;2024-09-17;13:00;2993;0;0;657;1030;1;0;61;1246;0;0;596;62;1749;0.0;1749.0;0.0
52;Pays de la Loire;2024-09-17;14:00;2891;0;0;788;1021;0;0;60;1023;0;0;723;65;1869;0.0;1869.0;0.0
52;Pays de la Loire;2024-09-17;15:00;2812;0;0;901;1014;0;0;62;835;0;0;791;110;1977;0.0;1977.0;0.0
52;Pays de la Loire;2024-09-17;16:00;2713;0;0;988;959;0;0;62;705;0;0;808;179;2009;0.0;2009.0;0.0
52;Pays de la Loire;2024-09-17;17:00;2638;0;0;1035;800;0;0;61;745;0;0;838;196;1896;0.0;1896.0;0.0
52;Pays de la Loire;2024-09-17;18:00;2657;0;0;1085;381;0;0;61;1133;0;0;838;247;1527;0.0;1527.0;0.0
52;Pays de la Loire;2024-09-17;19:00;2737;0;0;940;109;0;0;59;1633;0;0;687;253;1108;0.0;1108.0;0.0
52;Pays de la Loire;2024-09-17;20:00;2695;0;0;827;31;0;0;61;1779;0;0;573;253;919;0.0;919.0;0.0
52;Pays de la Loire;2024-09-17;21:00;2557;0;0;769;0;0;0;61;1733;0;0;519;250;830;0.0;830.0;0.0
52;Pays de la Loire;2024-09-17;22:00;2453;0;0;745;0;0;0;63;1655;0;0;504;241;808;0.0;808.0;0.0
52;Pays de la Loire;2024-09-17;23:00;2738;0;0;736;0;0;0;62;1949;0;0;511;225;798;0.0;798.0;0.0
52;Pays de la Loire;2024-10-04;00:00;2737;259;0;158;0;1;0;56;2263;0;0;154;4;474;0.0;474.0;0.0
52;Pays de la Loire;2024-10-04;01:00;2487;168;0;135;0;1;0;58;2125;0;0;139;0;362;0.0;362.0;0.0
52;Pays de la Loire;2024-10-04;02:00;2470;167;0;119;0;1;0;56;2127;0;0;122;0;343;0.0;343.0;0.0
52;Pays de la Loire;2024-10-04;03:00;2265;169;0;153;0;1;0;57;1885;0;0;134;19;380;0.0;380.0;0.0
52;Pays de la Loire;2024-10-04;04:00;2216;169;0;184;0;1;0;56;1806;0;0;144;40;410;0.0;410.0;0.0
52;Pays de la Loire;2024-10-04;05:00;2343;169;0;187;0;1;0;56;1930;0;0;130;58;413;0.0;413.0;0.0
52;Pays de la Loire;2024-10-04;06:00;2663;169;0;162;0;1;0;55;2275;0;0;120;42;387;0.0;387.0;0.0
52;Pays de la Loire;2024-10-04;07:00;3069;378;0;144;0;1;0;54;2491;0;0;120;24;577;0.0;577.0;0.0
52;Pays de la Loire;2024-10-04;08:00;3272;401;0;137;9;1;0;55;2668;0;0;114;24;603;0.0;603.0;0.0
52;Pays de la Loire;2024-10-04;09:00;3253;369;0;134;69;1;0;57;2624;0;0;115;18;630;0.0;630.0;0.0
52;Pays de la Loire;2024-10-04;10:00;3210;334;0;39;516;1;0;59;2262;0;0;28;11;949;0.0;949.0;0.0
52;Pays de la Loire;2024-10-04;11:00;3133;220;0;14;671;1;0;57;2169;0;0;9;6;963;0.0;963.0;0.0
52;Pays de la Loire;2024-10-04;12:00;3145;53;0;10;907;1;0;56;2117;0;0;6;4;1027;0.0;1027.0;0.0
52;Pays de la Loire;2024-10-04;13:00;3174;0;0;37;1058;1;0;56;2021;0;0;20;17;1152;0.0;1152.0;0.0
52;Pays de la Loire;2024-10-04;14:00;3012;0;0;49;1122;1;0;57;1783;0;0;27;22;1229;0.0;1229.0;0.0
52;Pays de la Loire;2024-10-04;15:00;2890;1;0;28;1070;1;0;55;1736;0;0;28;0;1155;0.0;1155.0;0.0
52;Pays de la Loire;2024-10-04;16:00;2739;4;0;11;877;1;0;58;1788;0;0;12;0;951;0.0;951.0;0.0
52;Pays de la Loire;2024-10-04;17:00;2638;3;0;11;627;1;0;56;1941;0;0;14;0;698;0.0;698.0;0.0
52;Pays de la Loire;2024-10-04;18:00;2607;179;0;5;195;1;0;57;2169;0;0;9;0;437;0.0;437.0;0.0
52;Pays de la Loire;2024-10-04;19:00;2746;410;0;15;28;1;0;56;2235;0;0;19;0;510;0.0;510.0;0.0
52;Pays de la Loire;2024-10-04;20:00;2803;341;0;45;0;1;0;57;2360;0;0;48;0;444;0.0;444.0;0.0
52;Pays de la Loire;2024-10-04;21:00;2637;307;0;71;0;1;0;56;2202;0;0;74;0;435;0.0;435.0;0.0
52;Pays de la Loire;2024-10-04;22:00;2598;300;0;115;0;1;0;57;2124;0;0;117;0;473;0.0;473.0;0.0
52;Pays de la Loire;2024-10-04;23:00;2886;18;0;133;0;1;0;57;2677;0;0;122;11;209;0.0;209.0;0.0
52;Pays de la Loire;2024-11-04;00:00;2860;86;0;234;0;3;0;60;2477;0;0;144;90;383;0.0;383.0;0.0
52;Pays de la Loire;2024-11-04;01:00;2638;82;0;223;0;3;0;58;2271;0;0;136;88;366;0.0;366.0;0.0
52;Pays de la Loire;2024-11-04;02:00;2629;88;0;198;0;4;0;61;2278;0;0;110;88;351;0.0;351.0;0.0
52;Pays de la Loire;2024-11-04;03:00;2422;88;0;166;0;4;0;60;2104;0;0;93;74;318;0.0;318.0;0.0
52;Pays de la Loire;2024-11-04;04:00;2343;88;0;156;0;4;0;60;2036;0;0;97;59;308;0.0;308.0;0.0
52;Pays de la Loire;2024-11-04;05:00;2544;88;0;191;0;4;0;59;2203;0;0;93;97;342;0.0;342.0;0.0
52;Pays de la Loire;2024-11-04;06:00;2936;89;0;201;0;4;0;59;2583;0;0;76;125;353;0.0;353.0;0.0
52;Pays de la Loire;2024-11-04;07:00;3363;96;0;168;0;4;0;59;3036;0;0;55;113;327;0.0;327.0;0.0
52;Pays de la Loire;2024-11-04;08:00;3598;100;0;138;12;3;0;59;3286;0;0;55;82;312;0.0;312.0;0.0
52;Pays de la Loire;2024-11-04;09:00;3664;96;0;126;83;4;0;58;3298;0;0;53;73;367;0.0;367.0;0.0
52;Pays de la Loire;2024-11-04;10:00;3662;94;0;112;169;3;0;56;3228;0;0;40;71;434;0.0;434.0;0.0
52;Pays de la Loire;2024-11-04;11:00;3670;89;0;117;237;3;0;56;3167;0;0;30;88;502;0.0;502.0;0.0
52;Pays de la Loire;2024-11-04;12:00;3678;91;0;122;269;3;0;58;3135;0;0;27;95;543;0.0;543.0;0.0
52;Pays de la Loire;2024-11-04;13:00;3689;139;0;108;328;3;0;58;3053;0;0;22;86;636;0.0;636.0;0.0
52;Pays de la Loire;2024-11-04;14:00;3526;178;0;93;302;4;0;56;2893;0;0;27;66;633;0.0;633.0;0.0
52;Pays de la Loire;2024-11-04;15:00;3422;278;0;95;195;4;0;60;2791;0;0;26;69;632;0.0;632.0;0.0
52;Pays de la Loire;2024-11-04;16:00;3350;480;0;116;88;4;0;59;2603;0;0;27;89;747;0.0;747.0;0.0
52;Pays de la Loire;2024-11-04;17:00;3336;476;0;123;13;4;0;58;2663;0;0;34;89;674;0.0;674.0;0.0
52;Pays de la Loire;2024-11-04;18:00;3604;474;0;129;0;4;0;59;2938;0;0;53;76;666;0.0;666.0;0.0
52;Pays de la Loire;2024-11-04;19:00;3755;510;0;144;0;4;0;59;3037;0;0;60;84;717;0.0;717.0;0.0
52;Pays de la Loire;2024-11-04;20:00;3551;440;0;129;0;4;0;58;2919;0;0;57;72;631;0.0;631.0;0.0
52;Pays de la Loire;2024-11-04;21:00;3212;473;0;125;0;4;0;58;2553;0;0;52;73;660;0.0;660.0;0.0
52;Pays de la Loire;2024-11-04;22:00;3046;443;0;114;0;4;0;58;2427;0;0;45;69;619;0.0;619.0;0.0
52;Pays de la Loire;2024-11-04;23:00;3360;443;0;121;0;4;0;59;2733;0;0;40;81;627;0.0;627.0;0.0
52;Pays de la Loire;2024-12-02;00:00;2860;117;0;780;0;5;0;59;1899;0;0;446;334;961;0.0;961.0;0.0
52;Pays de la Loire;2024-12-02;01:00;2657;123;0;735;0;5;0;57;1736;0;0;456;280;920;0.0;920.0;0.0
52;Pays de la Loire;2024-12-02;02:00;2602;118;0;646;0;5;0;57;1777;0;0;435;211;826;0.0;826.0;0.0
52;Pays de la Loire;2024-12-02;03:00;2392;117;0;608;0;5;0;57;1604;0;0;409;200;787;0.0;787.0;0.0
52;Pays de la Loire;2024-12-02;04:00;2327;118;0;585;0;5;0;58;1560;0;0;337;248;766;0.0;766.0;0.0
52;Pays de la Loire;2024-12-02;05:00;2511;117;0;594;0;5;0;57;1738;0;0;335;259;773;0.0;773.0;0.0
52;Pays de la Loire;2024-12-02;06:00;2884;120;0;517;0;5;0;54;2188;0;0;323;193;696;0.0;696.0;0.0
52;Pays de la Loire;2024-12-02;07:00;3353;120;0;481;0;5;0;54;2693;0;0;330;151;660;0.0;660.0;0.0
52;Pays de la Loire;2024-12-02;08:00;3601;125;0;419;0;5;0;55;2996;0;0;289;130;604;0.0;604.0;0.0
52;Pays de la Loire;2024-12-02;09:00;3599;125;0;395;7;5;0;56;3010;0;0;261;134;588;0.0;588.0;0.0
52;Pays de la Loire;2024-12-02;10:00;3543;124;0;316;142;5;0;54;2902;0;0;207;109;641;0.0;641.0;0.0
52;Pays de la Loire;2024-12-02;11:00;3459;130;0;336;320;5;0;52;2615;0;0;165;171;843;0.0;843.0;0.0
52;Pays de la Loire;2024-12-02;12:00;3480;123;0;392;463;5;0;52;2444;0;0;217;175;1035;0.0;1035.0;0.0
52;Pays de la Loire;2024-12-02;13:00;3500;123;0;469;516;5;0;54;2332;0;0;318;151;1167;0.0;1167.0;0.0
52;Pays de la Loire;2024-12-02;14:00;3334;124;0;612;502;5;0;54;2037;0;0;394;218;1297;0.0;1297.0;0.0
52;Pays de la Loire;2024-12-02;15:00;3262;123;0;591;297;5;0;56;2189;0;0;383;208;1072;0.0;1072.0;0.0
52;Pays de la Loire;2024-12-02;16:00;3236;121;0;514;117;5;0;54;2424;0;0;318;196;811;0.0;811.0;0.0
52;Pays de la Loire;2024-12-02;17:00;3319;124;0;523;4;5;0;55;2608;0;0;317;206;711;0.0;711.0;0.0
52;Pays de la Loire;2024-12-02;18:00;3593;130;0;526;0;5;0;54;2878;0;0;304;221;715;0.0;715.0;0.0
52;Pays de la Loire;2024-12-02;19:00;3726;132;0;626;0;5;0;55;2908;0;0;308;318;818;0.0;818.0;0.0
52;Pays de la Loire;2024-12-02;20:00;3648;131;0;651;0;5;0;57;2804;0;0;353;298;844;0.0;844.0;0.0
52;Pays de la Loire;2024-12-02;21:00;3366;128;0;524;0;5;0;54;2654;0;0;370;154;711;0.0;711.0;0.0
52;Pays de la Loire;2024-12-02;22:00;3248;129;0;410;0;5;0;55;2648;0;0;253;157;599;0.0;599.0;0.0
52;Pays de la Loire;2024-12-02;23:00;3552;129;0;357;0;5;0;55;3006;0;0;260;97;546;0.0;546.0;0.0
53;Bretagne;2024-01-18;00:00;3787;552;0;958;0;22;-50;56;2249;0;0;819;140;1538;0.0;1538.0;0.0
53;Bretagne;2024-01-18;01:00;3558;288;0;934;0;22;-57;54;2317;0;0;799;135;1241;0.0;1241.0;0.0
53;Bretagne;2024-01-18;02:00;3584;240;0;819;0;22;-57;55;2504;0;0;702;117;1079;0.0;1079.0;0.0
53;Bretagne;2024-01-18;03:00;3471;233;0;758;0;21;-1;55;2404;0;0;618;140;1066;0.0;1066.0;0.0
53;Bretagne;2024-01-18;04:00;3322;234;0;641;0;149;-1;57;2242;0;0;501;140;1080;0.0;1080.0;0.0
53;Bretagne;2024-01-18;05:00;3429;229;0;605;0;224;-1;56;2315;0;0;465;140;1113;0.0;1113.0;0.0
53;Bretagne;2024-01-18;06:00;3691;303;0;556;0;221;-1;56;2555;0;0;417;139;1135;0.0;1135.0;0.0
53;Bretagne;2024-01-18;07:00;4082;685;0;536;0;170;-1;57;2636;0;0;397;139;1447;0.0;1447.0;0.0
53;Bretagne;2024-01-18;08:00;4262;708;0;487;0;71;-1;56;2942;0;0;361;127;1321;0.0;1321.0;0.0
53;Bretagne;2024-01-18;09:00;4295;707;0;448;0;26;-2;56;3059;0;0;321;127;1235;0.0;1235.0;0.0
53;Bretagne;2024-01-18;10:00;4276;709;0;450;22;21;-1;54;3019;0;0;318;132;1255;0.0;1255.0;0.0
53;Bretagne;2024-01-18;11:00;4182;707;0;377;66;21;-1;54;2958;0;0;264;113;1224;0.0;1224.0;0.0
53;Bretagne;2024-01-18;12:00;4085;711;0;336;128;22;-5;53;2839;0;0;266;70;1245;0.0;1245.0;0.0
53;Bretagne;2024-01-18;13:00;3886;705;0;380;185;22;-56;56;2595;0;0;325;55;1292;0.0;1292.0;0.0
53;Bretagne;2024-01-18;14:00;3703;707;0;332;233;22;-56;55;2411;0;0;286;47;1293;0.0;1293.0;0.0
53;Bretagne;2024-01-18;15:00;3584;701;0;271;214;22;-7;55;2327;0;0;237;34;1256;0.0;1256.0;0.0
53;Bretagne;2024-01-18;16:00;3513;719;0;257;106;143;-1;57;2232;0;0;215;42;1281;0.0;1281.0;0.0
53;Bretagne;2024-01-18;17:00;3655;721;0;178;20;202;-1;57;2478;0;0;152;26;1177;0.0;1177.0;0.0
53;Bretagne;2024-01-18;18:00;4070;718;0;157;0;226;-1;56;2914;0;0;123;34;1156;0.0;1156.0;0.0
53;Bretagne;2024-01-18;19:00;4269;713;0;127;0;205;-1;57;3167;0;0;89;38;1101;0.0;1101.0;0.0
53;Bretagne;2024-01-18;20:00;4195;714;0;107;0;173;-1;58;3145;0;0;77;30;1051;0.0;1051.0;0.0
53;Bretagne;2024-01-18;21:00;3989;693;0;107;0;80;-1;58;3054;0;0;88;18;937;0.0;937.0;0.0
53;Bretagne;2024-01-18;22:00;3934;683;0;91;0;22;-1;57;3081;0;0;73;18;852;0.0;852.0;0.0
53;Bretagne;2024-01-18;23:00;4082;685;0;88;0;22;-1;58;3230;0;0;71;17;852;0.0;852.0;0.0
53;Bretagne;2024-02-04;00:00;2913;243;0;91;0;7;-31;53;2551;0;0;38;54;363;0.0;363.0;0.0
53;Bretagne;2024-02-04;01:00;2621;243;0;107;0;7;-50;55;2260;0;0;45;62;362;0.0;362.0;0.0
53;Bretagne;2024-02-04;02:00;2633;243;0;106;0;7;-57;53;2281;0;0;43;63;352;0.0;352.0;0.0
53;Bretagne;2024-02-04;03:00;2459;241;0;86;0;7;-1;54;2071;0;0;37;49;387;0.0;387.0;0.0
53;Bretagne;2024-02-04;04:00;2263;241;0;86;0;7;0;53;1877;0;0;45;42;387;0.0;387.0;0.0
53;Bretagne;2024-02-04;05:00;2197;241;0;102;0;95;-1;53;1706;0;0;57;45;490;0.0;490.0;0.0
53;Bretagne;2024-02-04;06:00;2269;243;0;100;0;106;-1;54;1768;0;0;52;48;502;0.0;502.0;0.0
53;Bretagne;2024-02-04;07:00;2371;243;0;105;0;89;-1;54;1881;0;0;51;55;490;0.0;490.0;0.0
53;Bretagne;2024-02-04;08:00;2441;243;0;95;0;46;-1;54;2003;0;0;48;47;437;0.0;437.0;0.0
53;Bretagne;2024-02-04;09:00;2564;243;0;101;4;7;-1;54;2155;0;0;45;57;408;0.0;408.0;0.0
53;Bretagne;2024-02-04;10:00;2698;245;0;102;22;9;-1;54;2268;0;0;37;64;431;0.0;431.0;0.0
53;Bretagne;2024-02-04;11:00;2776;245;0;98;41;9;-1;56;2330;0;0;41;57;448;0.0;448.0;0.0
53;Bretagne;2024-02-04;12:00;2884;245;0;152;53;6;-26;55;2399;0;0;60;92;485;0.0;485.0;0.0
53;Bretagne;2024-02-04;13:00;2855;245;0;163;57;6;-42;56;2370;0;0;72;90;485;0.0;485.0;0.0
53;Bretagne;2024-02-04;14:00;2630;245;0;159;58;6;-57;54;2166;0;0;96;62;465;0.0;465.0;0.0
53;Bretagne;2024-02-04;15:00;2535;245;0;188;48;4;-54;56;2047;0;0;106;83;487;0.0;487.0;0.0
53;Bretagne;2024-02-04;16:00;2489;245;0;170;31;9;0;55;1980;0;0;82;87;510;0.0;510.0;0.0
53;Bretagne;2024-02-04;17:00;2496;243;0;114;9;57;-1;55;2019;0;0;51;63;477;0.0;477.0;0.0
53;Bretagne;2024-02-04;18:00;2743;243;0;106;0;89;-1;55;2252;0;0;36;69;492;0.0;492.0;0.0
53;Bretagne;2024-02-04;19:00;2991;241;0;82;0;85;-1;54;2529;0;0;29;54;461;0.0;461.0;0.0
53;Bretagne;2024-02-04;20:00;2930;238;0;74;0;75;-1;55;2489;0;0;23;51;441;0.0;441.0;0.0
53;Bretagne;2024-02-04;21:00;2735;238;0;70;0;39;-1;55;2334;0;0;24;47;401;0.0;401.0;0.0
53;Bretagne;2024-02-04;22:00;2677;236;0;96;0;7;-1;55;2285;0;0;36;60;393;0.0;393.0;0.0
53;Bretagne;2024-02-04;23:00;2836;240;0;95;0;7;-1;54;2442;0;0;46;48;395;0.0;395.0;0.0
53;Bretagne;2024-03-12;00:00;3033;666;0;311;0;147;-1;55;1856;0;0;245;66;1178;0.0;1178.0;0.0
53;Bretagne;2024-03-12;01:00;2753;265;0;379;0;186;-1;54;1870;0;0;270;108;883;0.0;883.0;0.0
53;Bretagne;2024-03-12;02:00;2754;232;0;414;0;189;-1;54;1866;0;0;304;110;888;0.0;888.0;0.0
53;Bretagne;2024-03-12;03:00;2573;232;0;487;0;189;-1;53;1614;0;0;369;118;960;0.0;960.0;0.0
53;Bretagne;2024-03-12;04:00;2471;232;0;478;0;187;-1;53;1522;0;0;374;104;949;0.0;949.0;0.0
53;Bretagne;2024-03-12;05:00;2531;297;0;476;0;88;-1;53;1618;0;0;356;120;913;0.0;913.0;0.0
53;Bretagne;2024-03-12;06:00;2805;680;0;526;0;10;0;54;1535;0;0;381;145;1270;0.0;1270.0;0.0
53;Bretagne;2024-03-12;07:00;3133;699;0;520;0;50;-1;54;1811;0;0;404;116;1322;0.0;1322.0;0.0
53;Bretagne;2024-03-12;08:00;3194;709;0;535;10;60;-1;54;1828;0;0;386;149;1367;0.0;1367.0;0.0
53;Bretagne;2024-03-12;09:00;3233;711;0;514;22;45;-1;54;1889;0;0;371;143;1345;0.0;1345.0;0.0
53;Bretagne;2024-03-12;10:00;3194;707;0;531;54;18;-1;53;1834;0;0;369;162;1362;0.0;1362.0;0.0
53;Bretagne;2024-03-12;11:00;3108;698;0;582;105;15;-1;54;1654;0;0;354;228;1453;0.0;1453.0;0.0
53;Bretagne;2024-03-12;12:00;3126;444;0;637;141;154;-1;54;1696;0;0;436;201;1429;0.0;1429.0;0.0
53;Bretagne;2024-03-12;13:00;3135;258;0;647;136;184;-1;54;1857;0;0;463;183;1278;0.0;1278.0;0.0
53;Bretagne;2024-03-12;14:00;2959;253;0;697;141;189;-1;55;1627;0;0;489;208;1334;0.0;1334.0;0.0
53;Bretagne;2024-03-12;15:00;2848;251;0;675;136;192;-1;54;1541;0;0;542;133;1307;0.0;1307.0;0.0
53;Bretagne;2024-03-12;16:00;2767;253;0;641;99;194;-1;52;1530;0;0;526;115;1238;0.0;1238.0;0.0
53;Bretagne;2024-03-12;17:00;2752;694;0;611;40;156;-1;54;1198;0;0;466;145;1554;0.0;1554.0;0.0
53;Bretagne;2024-03-12;18:00;2876;679;0;511;14;21;-2;53;1600;0;0;379;133;1276;0.0;1276.0;0.0
53;Bretagne;2024-03-12;19:00;3084;683;0;467;0;33;-1;55;1847;0;0;326;142;1237;0.0;1237.0;0.0
53;Bretagne;2024-03-12;20:00;3064;684;0;436;0;51;-1;54;1839;0;0;299;137;1224;0.0;1224.0;0.0
53;Bretagne;2024-03-12;21:00;2824;666;0;407;0;40;-1;54;1657;0;0;256;151;1166;0.0;1166.0;0.0
53;Bretagne;2024-03-12;22:00;2725;681;0;345;0;8;-1;55;1636;0;0;244;101;1088;0.0;1088.0;0.0
53;Bretagne;2024-03-12;23:00;2878;682;0;305;0;8;-1;54;1831;0;0;248;57;1048;0.0;1048.0;0.0
53;Bretagne;2024-06-12;00:00;2294;3;0;213;0;1;-31;56;2053;0;0;140;72;242;0.0;242.0;0.0
53;Bretagne;2024-06-12;01:00;1929;0;0;134;0;1;-47;56;1785;0;0;126;7;144;0.0;144.0;0.0
53;Bretagne;2024-06-12;02:00;1901;0;0;135;0;1;-2;55;1712;0;0;131;4;189;0.0;189.0;0.0
53;Bretagne;2024-06-12;03:00;1724;0;0;165;0;33;-1;55;1472;0;0;135;30;252;0.0;252.0;0.0
53;Bretagne;2024-06-12;04:00;1650;0;0;185;0;113;-1;56;1297;0;0;123;63;353;0.0;353.0;0.0
53;Bretagne;2024-06-12;05:00;1700;1;0;184;0;147;-1;55;1314;0;0;108;76;386;0.0;386.0;0.0
53;Bretagne;2024-06-12;06:00;1860;1;0;144;1;139;-1;56;1520;0;0;107;37;340;0.0;340.0;0.0
53;Bretagne;2024-06-12;07:00;2110;2;0;134;25;95;-1;56;1798;0;0;89;46;311;0.0;311.0;0.0
53;Bretagne;2024-06-12;08:00;2251;25;0;97;96;23;-1;55;1957;0;0;42;55;295;0.0;295.0;0.0
53;Bretagne;2024-06-12;09:00;2330;24;0;94;197;1;0;55;1959;0;0;23;71;371;0.0;371.0;0.0
53;Bretagne;2024-06-12;10:00;2368;21;0;100;286;1;-1;53;1908;0;0;46;54;460;0.0;460.0;0.0
53;Bretagne;2024-06-12;11:00;2398;20;0;97;316;1;-1;55;1908;0;0;58;39;488;0.0;488.0;0.0
53;Bretagne;2024-06-12;12:00;2510;23;0;91;339;1;-14;55;2015;0;0;61;30;495;0.0;495.0;0.0
53;Bretagne;2024-06-12;13:00;2570;19;0;85;345;1;-23;54;2089;0;0;58;27;481;0.0;481.0;0.0
53;Bretagne;2024-06-12;14:00;2380;23;0;95;342;1;-17;55;1883;0;0;72;23;499;0.0;499.0;0.0
53;Bretagne;2024-06-12;15:00;2280;21;0;126;362;1;0;56;1714;0;0;71;55;566;0.0;566.0;0.0
53;Bretagne;2024-06-12;16:00;2184;24;0;136;349;49;-1;55;1572;0;0;71;66;612;0.0;612.0;0.0
53;Bretagne;2024-06-12;17:00;2134;22;0;125;289;75;-1;57;1567;0;0;79;47;567;0.0;567.0;0.0
53;Bretagne;2024-06-12;18:00;2122;33;0;121;220;83;-1;54;1611;0;0;93;27;510;0.0;510.0;0.0
53;Bretagne;2024-06-12;19:00;2236;251;0;107;154;64;-1;56;1604;0;0;86;22;631;0.0;631.0;0.0
53;Bretagne;2024-06-12;20:00;2206;251;0;89;115;47;-1;56;1649;0;0;79;10;557;0.0;557.0;0.0
53;Bretagne;2024-06-12;21:00;2022;1;0;82;40;6;-1;56;1837;0;0;69;13;184;0.0;184.0;0.0
53;Bretagne;2024-06-12;22:00;2102;1;0;83;0;0;0;56;1963;0;0;37;46;140;0.0;140.0;0.0
53;Bretagne;2024-06-12;23:00;2289;1;0;81;0;0;0;56;2152;0;0;32;49;138;0.0;138.0;0.0
53;Bretagne;2024-06-22;00:00;2249;0;0;552;0;152;-1;58;1489;0;0;312;240;761;0.0;761.0;0.0
53;Bretagne;2024-06-22;01:00;1872;0;0;525;0;194;-1;58;1096;0;0;266;259;776;0.0;776.0;0.0
53;Bretagne;2024-06-22;02:00;1850;0;0;552;0;197;-1;58;1045;0;0;256;296;806;0.0;806.0;0.0
53;Bretagne;2024-06-22;03:00;1620;0;0;505;0;193;-1;58;864;0;0;239;266;755;0.0;755.0;0.0
53;Bretagne;2024-06-22;04:00;1498;0;0;602;0;122;-1;57;717;0;0;197;405;780;0.0;780.0;0.0
53;Bretagne;2024-06-22;05:00;1466;0;0;602;0;1;0;58;806;0;0;182;421;661;0.0;661.0;0.0
53;Bretagne;2024-06-22;06:00;1495;0;0;570;1;1;-1;56;867;0;0;151;419;627;0.0;627.0;0.0
53;Bretagne;2024-06-22;07:00;1549;0;0;518;27;3;-1;58;944;0;0;152;366;605;0.0;605.0;0.0
53;Bretagne;2024-06-22;08:00;1663;1;0;477;86;4;-12;58;1049;0;0;111;366;614;0.0;614.0;0.0
53;Bretagne;2024-06-22;09:00;1803;1;0;245;156;4;-25;58;1364;0;0;121;123;439;0.0;439.0;0.0
53;Bretagne;2024-06-22;10:00;1879;1;0;252;225;4;0;58;1339;0;0;122;130;540;0.0;540.0;0.0
53;Bretagne;2024-06-22;11:00;1896;1;0;219;249;6;0;58;1363;0;0;113;106;533;0.0;533.0;0.0
53;Bretagne;2024-06-22;12:00;2077;1;0;163;272;139;-1;57;1445;0;0;108;55;631;0.0;631.0;0.0
53;Bretagne;2024-06-22;13:00;2102;1;0;156;261;143;-1;58;1483;0;0;103;54;618;0.0;618.0;0.0
53;Bretagne;2024-06-22;14:00;1927;1;0;131;271;142;-1;58;1323;0;0;84;47;602;0.0;602.0;0.0
53;Bretagne;2024-06-22;15:00;1801;1;0;153;291;143;-1;58;1156;0;0;79;74;645;0.0;645.0;0.0
53;Bretagne;2024-06-22;16:00;1736;1;0;141;287;136;-1;58;1115;0;0;74;67;622;0.0;622.0;0.0
53;Bretagne;2024-06-22;17:00;1689;1;0;117;261;49;-1;58;1204;0;0;84;33;485;0.0;485.0;0.0
53;Bretagne;2024-06-22;18:00;1731;1;0;168;188;1;-1;58;1316;0;0;122;46;415;0.0;415.0;0.0
53;Bretagne;2024-06-22;19:00;1794;1;0;159;159;1;-1;58;1416;0;0;118;42;377;0.0;377.0;0.0
53;Bretagne;2024-06-22;20:00;1782;1;0;101;98;1;-1;59;1524;0;0;87;14;259;0.0;259.0;0.0
53;Bretagne;2024-06-22;21:00;1671;0;0;71;34;4;-26;59;1528;0;0;73;0;142;0.0;142.0;0.0
53;Bretagne;2024-06-22;22:00;1790;0;0;28;0;4;-56;58;1754;0;0;33;0;34;0.0;34.0;0.0
53;Bretagne;2024-06-22;23:00;1990;0;0;33;0;4;-1;58;1897;0;0;37;0;94;0.0;94.0;0.0
53;Bretagne;2024-08-13;00:00;2249;4;0;93;0;0;-21;55;2119;0;0;16;77;131;0.0;131.0;0.0
53;Bretagne;2024-08-13;01:00;1850;0;0;18;0;0;-48;56;1824;0;0;12;5;26;0.0;26.0;0.0
53;Bretagne;2024-08-13;02:00;1836;0;0;6;0;0;-57;57;1831;0;0;11;0;6;0.0;6.0;0.0
53;Bretagne;2024-08-13;03:00;1649;0;0;16;0;0;-21;57;1597;0;0;17;0;52;0.0;52.0;0.0
53;Bretagne;2024-08-13;04:00;1568;0;0;29;0;0;0;56;1483;0;0;15;14;85;0.0;85.0;0.0
53;Bretagne;2024-08-13;05:00;1600;0;0;13;0;98;-1;56;1435;0;0;18;0;166;0.0;166.0;0.0
53;Bretagne;2024-08-13;06:00;1705;0;0;27;0;108;-1;56;1516;0;0;32;0;190;0.0;190.0;0.0
53;Bretagne;2024-08-13;07:00;1834;0;0;25;1;98;-1;53;1657;0;0;23;3;176;0.0;176.0;0.0
53;Bretagne;2024-08-13;08:00;2002;15;0;30;31;50;-1;51;1825;0;0;27;3;176;0.0;176.0;0.0
53;Bretagne;2024-08-13;09:00;2149;15;0;41;104;6;-1;52;1932;0;0;29;12;217;0.0;217.0;0.0
53;Bretagne;2024-08-13;10:00;2212;27;0;101;185;2;0;53;1844;0;0;73;28;368;0.0;368.0;0.0
53;Bretagne;2024-08-13;11:00;2271;20;0;175;269;2;-5;53;1757;0;0;152;23;514;0.0;514.0;0.0
53;Bretagne;2024-08-13;12:00;2413;13;0;194;344;2;-22;55;1827;0;0;193;1;586;0.0;586.0;0.0
53;Bretagne;2024-08-13;13:00;2462;13;0;209;359;2;-38;55;1861;0;0;212;0;600;0.0;600.0;0.0
53;Bretagne;2024-08-13;14:00;2289;13;0;189;329;2;-48;54;1749;0;0;195;0;539;0.0;539.0;0.0
53;Bretagne;2024-08-13;15:00;2202;13;0;194;363;0;-57;54;1634;0;0;194;0;567;0.0;567.0;0.0
53;Bretagne;2024-08-13;16:00;2128;13;0;215;335;0;0;55;1510;0;0;213;2;618;0.0;618.0;0.0
53;Bretagne;2024-08-13;17:00;2072;13;0;289;284;9;-1;55;1423;0;0;250;39;649;0.0;649.0;0.0
53;Bretagne;2024-08-13;18:00;2102;16;0;290;164;92;-1;55;1487;0;0;281;10;616;0.0;616.0;0.0
53;Bretagne;2024-08-13;19:00;2215;17;0;198;89;89;-1;55;1768;0;0;195;3;447;0.0;447.0;0.0
53;Bretagne;2024-08-13;20:00;2175;17;0;176;55;79;-1;55;1794;0;0;173;3;381;0.0;381.0;0.0
53;Bretagne;2024-08-13;21:00;2039;5;0;114;14;47;-1;55;1805;0;0;117;0;234;0.0;234.0;0.0
53;Bretagne;2024-08-13;22:00;2121;5;0;105;0;0;-1;56;1956;0;0;49;56;165;0.0;165.0;0.0
53;Bretagne;2024-08-13;23:00;2257;5;0;107;0;0;-1;56;2090;0;0;51;56;167;0.0;167.0;0.0
53;Bretagne;2024-09-17;00:00;2311;0;0;519;0;209;-1;54;1530;0;0;279;241;781;0.0;781.0;0.0
53;Bretagne;2024-09-17;01:00;1996;0;0;503;0;215;-1;52;1226;0;0;255;249;769;0.0;769.0;0.0
53;Bretagne;2024-09-17;02:00;1936;0;0;453;0;215;-1;54;1214;0;0;247;206;721;0.0;721.0;0.0
53;Bretagne;2024-09-17;03:00;1761;0;0;481;0;163;-1;54;1063;0;0;250;232;697;0.0;697.0;0.0
53;Bretagne;2024-09-17;04:00;1708;0;0;509;0;31;-1;54;1116;0;0;265;244;593;0.0;593.0;0.0
53;Bretagne;2024-09-17;05:00;1734;0;0;557;0;8;-1;54;1116;0;0;329;228;618;0.0;618.0;0.0
53;Bretagne;2024-09-17;06:00;1962;0;0;604;0;33;-1;54;1271;0;0;362;242;690;0.0;690.0;0.0
53;Bretagne;2024-09-17;07:00;2296;0;0;704;0;11;-1;54;1527;0;0;369;335;768;0.0;768.0;0.0
53;Bretagne;2024-09-17;08:00;2409;16;0;721;14;2;-27;53;1630;0;0;407;314;779;0.0;779.0;0.0
53;Bretagne;2024-09-17;09:00;2444;16;0;738;108;3;-8;52;1535;0;0;368;370;909;0.0;909.0;0.0
53;Bretagne;2024-09-17;10:00;2443;17;0;744;176;8;-1;52;1447;0;0;342;402;996;0.0;996.0;0.0
53;Bretagne;2024-09-17;11:00;2467;16;0;907;359;139;-1;54;993;0;0;516;390;1474;0.0;1474.0;0.0
53;Bretagne;2024-09-17;12:00;2569;15;0;881;452;173;-1;54;996;0;0;532;349;1574;0.0;1574.0;0.0
53;Bretagne;2024-09-17;13:00;2626;17;0;793;480;174;-1;54;1108;0;0;494;299;1517;0.0;1517.0;0.0
53;Bretagne;2024-09-17;14:00;2473;19;0;692;513;178;-1;54;1019;0;0;503;189;1455;0.0;1455.0;0.0
53;Bretagne;2024-09-17;15:00;2370;13;0;750;506;174;-1;54;873;0;0;543;207;1496;0.0;1496.0;0.0
53;Bretagne;2024-09-17;16:00;2286;20;0;939;468;105;-1;53;702;0;0;592;347;1584;0.0;1584.0;0.0
53;Bretagne;2024-09-17;17:00;2213;17;0;1048;382;1;-1;53;713;0;0;641;407;1500;0.0;1500.0;0.0
53;Bretagne;2024-09-17;18:00;2221;17;0;1189;179;38;-1;53;746;0;0;717;472;1475;0.0;1475.0;0.0
53;Bretagne;2024-09-17;19:00;2338;16;0;1173;53;34;-1;52;1011;0;0;690;483;1327;0.0;1327.0;0.0
53;Bretagne;2024-09-17;20:00;2316;16;0;1147;17;12;-1;51;1073;0;0;659;487;1242;0.0;1242.0;0.0
53;Bretagne;2024-09-17;21:00;2238;0;0;1086;0;7;-43;52;1136;0;0;597;489;1102;0.0;1102.0;0.0
53;Bretagne;2024-09-17;22:00;2178;0;0;1052;0;0;0;52;1073;0;0;564;488;1104;0.0;1104.0;0.0
53;Bretagne;2024-09-17;23:00;2293;1;0;973;0;112;-1;53;1155;0;0;487;485;1138;0.0;1138.0;0.0
53;Bretagne;2024-10-04;00:00;2436;0;0;267;0;118;-1;49;2004;0;0;92;175;433;0.0;433.0;0.0
53;Bretagne;2024-10-04;01:00;2116;0;0;288;0;199;-1;50;1581;0;0;95;192;536;0.0;536.0;0.0
53;Bretagne;2024-10-04;02:00;2118;0;0;280;0;215;-1;51;1573;0;0;101;178;545;0.0;545.0;0.0
53;Bretagne;2024-10-04;03:00;1932;0;0;236;0;215;-1;51;1431;0;0;118;117;501;0.0;501.0;0.0
53;Bretagne;2024-10-04;04:00;1852;0;0;208;0;213;-1;51;1382;0;0;125;83;471;0.0;471.0;0.0
53;Bretagne;2024-10-04;05:00;1941;53;0;222;0;79;-1;49;1539;0;0;131;91;402;0.0;402.0;0.0
53;Bretagne;2024-10-04;06:00;2189;426;0;179;0;0;0;49;1536;0;0;118;62;654;0.0;654.0;0.0
53;Bretagne;2024-10-04;07:00;2569;466;0;151;0;5;-1;49;1900;0;0;103;48;670;0.0;670.0;0.0
53;Bretagne;2024-10-04;08:00;2703;466;0;154;2;8;-1;48;2026;0;0;99;54;677;0.0;677.0;0.0
53;Bretagne;2024-10-04;09:00;2744;463;0;196;72;3;-30;47;1991;0;0;117;79;751;0.0;751.0;0.0
53;Bretagne;2024-10-04;10:00;2718;460;0;182;137;0;-56;46;1949;0;0;99;83;769;0.0;769.0;0.0
53;Bretagne;2024-10-04;11:00;2649;412;0;85;353;0;0;48;1751;0;0;27;58;898;0.0;898.0;0.0
53;Bretagne;2024-10-04;12:00;2674;37;0;56;443;146;-1;48;1945;0;0;36;20;729;0.0;729.0;0.0
53;Bretagne;2024-10-04;13:00;2736;36;0;54;464;187;-1;48;1948;0;0;37;17;788;0.0;788.0;0.0
53;Bretagne;2024-10-04;14:00;2555;32;0;79;460;214;-1;50;1721;0;0;40;39;834;0.0;834.0;0.0
53;Bretagne;2024-10-04;15:00;2434;37;0;21;453;219;-1;50;1656;0;0;23;0;779;0.0;779.0;0.0
53;Bretagne;2024-10-04;16:00;2305;38;0;21;362;217;-1;50;1618;0;0;14;7;687;0.0;687.0;0.0
53;Bretagne;2024-10-04;17:00;2199;38;0;6;257;173;-1;49;1678;0;0;10;0;522;0.0;522.0;0.0
53;Bretagne;2024-10-04;18:00;2237;112;0;33;97;6;-1;48;1942;0;0;11;21;295;0.0;295.0;0.0
53;Bretagne;2024-10-04;19:00;2341;482;0;49;13;7;-1;49;1742;0;0;18;31;599;0.0;599.0;0.0
53;Bretagne;2024-10-04;20:00;2407;462;0;69;0;0;-1;49;1827;0;0;35;34;579;0.0;579.0;0.0
53;Bretagne;2024-10-04;21:00;2301;436;0;75;0;0;-1;48;1742;0;0;44;31;558;0.0;558.0;0.0
53;Bretagne;2024-10-04;22:00;2266;430;0;157;0;0;-56;49;1687;0;0;80;76;580;0.0;580.0;0.0
53;Bretagne;2024-10-04;23:00;2391;427;0;216;0;0;-44;49;1742;0;0;110;107;648;0.0;648.0;0.0
53;Bretagne;2024-11-04;00:00;2573;111;0;121;0;157;-1;53;2132;0;0;64;57;441;0.0;441.0;0.0
53;Bretagne;2024-11-04;01:00;2297;107;0;95;0;211;-1;53;1833;0;0;62;33;465;0.0;465.0;0.0
53;Bretagne;2024-11-04;02:00;2273;197;0;77;0;217;-1;52;1731;0;0;43;34;542;0.0;542.0;0.0
53;Bretagne;2024-11-04;03:00;2086;197;0;61;0;215;-1;53;1562;0;0;39;22;525;0.0;525.0;0.0
53;Bretagne;2024-11-04;04:00;2016;197;0;23;0;106;-1;52;1639;0;0;27;0;377;0.0;377.0;0.0
53;Bretagne;2024-11-04;05:00;2142;197;0;35;0;4;-1;52;1855;0;0;29;6;287;0.0;287.0;0.0
53;Bretagne;2024-11-04;06:00;2418;230;0;44;0;5;-1;54;2086;0;0;33;11;332;0.0;332.0;0.0
53;Bretagne;2024-11-04;07:00;2853;565;0;38;0;10;-1;53;2187;0;0;28;9;665;0.0;665.0;0.0
53;Bretagne;2024-11-04;08:00;2969;595;0;32;3;10;-3;51;2281;0;0;26;6;688;0.0;688.0;0.0
53;Bretagne;2024-11-04;09:00;3051;595;0;54;34;10;-57;49;2366;0;0;38;16;685;0.0;685.0;0.0
53;Bretagne;2024-11-04;10:00;3069;598;0;60;57;5;-57;50;2356;0;0;37;23;713;0.0;713.0;0.0
53;Bretagne;2024-11-04;11:00;3103;336;0;59;100;10;0;52;2546;0;0;35;23;557;0.0;557.0;0.0
53;Bretagne;2024-11-04;12:00;3102;146;0;63;164;175;-1;51;2504;0;0;30;33;598;0.0;598.0;0.0
53;Bretagne;2024-11-04;13:00;3134;142;0;69;186;205;-1;51;2482;0;0;25;44;652;0.0;652.0;0.0
53;Bretagne;2024-11-04;14:00;2922;143;0;55;185;216;-1;51;2272;0;0;17;38;649;0.0;649.0;0.0
53;Bretagne;2024-11-04;15:00;2779;210;0;46;141;217;-1;51;2114;0;0;18;28;664;0.0;664.0;0.0
53;Bretagne;2024-11-04;16:00;2709;573;0;64;85;193;-1;50;1745;0;0;30;34;964;0.0;964.0;0.0
53;Bretagne;2024-11-04;17:00;2703;564;0;103;13;23;-2;52;1950;0;0;46;57;753;0.0;753.0;0.0
53;Bretagne;2024-11-04;18:00;2928;603;0;63;0;10;-1;53;2199;0;0;41;22;728;0.0;728.0;0.0
53;Bretagne;2024-11-04;19:00;3086;894;0;66;0;10;-1;52;2065;0;0;46;20;1021;0.0;1021.0;0.0
53;Bretagne;2024-11-04;20:00;2963;898;0;67;0;10;-1;52;1936;0;0;55;12;1026;0.0;1026.0;0.0
53;Bretagne;2024-11-04;21:00;2714;590;0;84;0;3;-34;52;2019;0;0;60;23;695;0.0;695.0;0.0
53;Bretagne;2024-11-04;22:00;2625;565;0;81;0;3;-57;52;1980;0;0;68;13;644;0.0;644.0;0.0
53;Bretagne;2024-11-04;23:00;2744;563;0;77;0;3;-23;51;2073;0;0;68;9;671;0.0;671.0;0.0
53;Bretagne;2024-12-02;00:00;2528;214;0;727;0;204;-1;52;1332;0;0;350;377;1196;0.0;1196.0;0.0
53;Bretagne;2024-12-02;01:00;2285;215;0;707;0;220;-1;52;1093;0;0;356;352;1193;0.0;1193.0;0.0
53;Bretagne;2024-12-02;02:00;2265;216;0;739;0;217;-1;51;1043;0;0;343;396;1222;0.0;1222.0;0.0
53;Bretagne;2024-12-02;03:00;2099;215;0;787;0;170;-1;50;879;0;0;342;445;1221;0.0;1221.0;0.0
53;Bretagne;2024-12-02;04:00;2057;215;0;736;0;11;-2;50;1046;0;0;299;437;1010;0.0;1010.0;0.0
53;Bretagne;2024-12-02;05:00;2191;214;0;701;0;8;-1;50;1218;0;0;299;403;972;0.0;972.0;0.0
53;Bretagne;2024-12-02;06:00;2490;261;0;742;0;13;-1;50;1425;0;0;267;475;1065;0.0;1065.0;0.0
53;Bretagne;2024-12-02;07:00;2917;631;0;756;0;14;-1;51;1467;0;0;288;468;1451;0.0;1451.0;0.0
53;Bretagne;2024-12-02;08:00;3130;677;0;743;0;13;-56;50;1702;0;0;302;441;1427;0.0;1427.0;0.0
53;Bretagne;2024-12-02;09:00;3147;682;0;724;3;13;-58;49;1734;0;0;306;418;1413;0.0;1413.0;0.0
53;Bretagne;2024-12-02;10:00;3097;667;0;737;70;9;-2;49;1568;0;0;308;429;1530;0.0;1530.0;0.0
53;Bretagne;2024-12-02;11:00;2992;672;0;679;231;163;-1;52;1195;0;0;248;432;1796;0.0;1796.0;0.0
53;Bretagne;2024-12-02;12:00;3073;667;0;718;284;216;-1;53;1138;0;0;309;409;1937;0.0;1937.0;0.0
53;Bretagne;2024-12-02;13:00;3134;663;0;758;284;219;-1;54;1157;0;0;342;415;1977;0.0;1977.0;0.0
53;Bretagne;2024-12-02;14:00;2945;659;0;842;238;220;-1;52;935;0;0;408;434;2010;0.0;2010.0;0.0
53;Bretagne;2024-12-02;15:00;2862;641;0;832;182;203;-1;52;954;0;0;378;453;1909;0.0;1909.0;0.0
53;Bretagne;2024-12-02;16:00;2792;661;0;744;53;46;-1;51;1238;0;0;296;448;1554;0.0;1554.0;0.0
53;Bretagne;2024-12-02;17:00;2908;687;0;618;2;15;0;53;1534;0;0;224;394;1375;0.0;1375.0;0.0
53;Bretagne;2024-12-02;18:00;3164;665;0;683;0;15;-1;53;1749;0;0;242;441;1415;0.0;1415.0;0.0
53;Bretagne;2024-12-02;19:00;3286;687;0;709;0;15;-1;53;1822;0;0;256;453;1463;0.0;1463.0;0.0
53;Bretagne;2024-12-02;20:00;3179;669;0;673;0;15;-8;53;1777;0;0;239;434;1402;0.0;1402.0;0.0
53;Bretagne;2024-12-02;21:00;2935;669;0;574;0;15;-57;53;1682;0;0;193;380;1254;0.0;1254.0;0.0
53;Bretagne;2024-12-02;22:00;2890;668;0;415;0;8;0;54;1746;0;0;180;235;1145;0.0;1145.0;0.0
53;Bretagne;2024-12-02;23:00;3013;668;0;433;0;22;-1;54;1837;0;0;202;231;1176;0.0;1176.0;0.0
75;Nouvelle-Aquitaine;2024-01-18;00:00;5274;199;5779;1420;0;922;0;130;-3174;0;0;1420;0;8450;0.0;8450.0;5779.0
75;Nouvelle-Aquitaine;2024-01-18;01:00;5175;200;5777;1515;0;926;0;135;-3377;0;0;1515;0;8553;0.0;8553.0;5777.0
75;Nouvelle-Aquitaine;2024-01-18;02:00;5086;196;5777;1462;0;749;0;131;-3229;0;0;1462;0;8315;0.0;8315.0;5777.0
75;Nouvelle-Aquitaine;2024-01-18;03:00;4931;196;5776;1462;0;712;0;132;-3347;0;0;1462;0;8278;0.0;8278.0;5776.0
75;Nouvelle-Aquitaine;2024-01-18;04:00;4553;197;5775;1445;0;864;0;132;-3861;0;0;1445;0;8413;0.0;8413.0;5775.0
75;Nouvelle-Aquitaine;2024-01-18;05:00;4681;200;5786;1298;0;725;0;130;-3456;0;0;1298;0;8139;0.0;8139.0;5786.0
75;Nouvelle-Aquitaine;2024-01-18;06:00;5140;200;5790;1205;0;920;0;125;-3099;0;0;1205;0;8240;0.0;8240.0;5790.0
75;Nouvelle-Aquitaine;2024-01-18;07:00;5724;200;5808;1046;0;1085;0;128;-2542;0;0;1046;0;8267;0.0;8267.0;5808.0
75;Nouvelle-Aquitaine;2024-01-18;08:00;6120;203;5816;771;0;1431;0;117;-2217;0;0;771;0;8338;0.0;8338.0;5816.0
75;Nouvelle-Aquitaine;2024-01-18;09:00;6133;198;5818;615;117;1517;0;118;-2249;0;0;615;0;8383;0.0;8383.0;5818.0
75;Nouvelle-Aquitaine;2024-01-18;10:00;6146;195;5819;517;398;1489;0;121;-2391;0;0;517;0;8539;0.0;8539.0;5819.0
75;Nouvelle-Aquitaine;2024-01-18;11:00;6130;196;5820;584;734;1438;0;121;-2763;0;0;584;0;8893;0.0;8893.0;5820.0
75;Nouvelle-Aquitaine;2024-01-18;12:00;6147;198;5822;658;742;1426;0;115;-2814;0;0;658;0;8961;0.0;8961.0;5822.0
75;Nouvelle-Aquitaine;2024-01-18;13:00;6109;202;5822;681;730;1262;0;118;-2705;0;0;681;0;8815;0.0;8815.0;5822.0
75;Nouvelle-Aquitaine;2024-01-18;14:00;6150;206;5803;807;684;1015;0;126;-2490;0;0;807;0;8641;0.0;8641.0;5803.0
75;Nouvelle-Aquitaine;2024-01-18;15:00;6163;206;5791;932;432;1007;0;119;-2325;0;0;932;0;8487;0.0;8487.0;5791.0
75;Nouvelle-Aquitaine;2024-01-18;16:00;6112;207;5755;915;309;1006;0;117;-2196;0;0;915;0;8309;0.0;8309.0;5755.0
75;Nouvelle-Aquitaine;2024-01-18;17:00;6102;210;5767;720;42;1299;0;119;-2054;0;0;720;0;8157;0.0;8157.0;5767.0
75;Nouvelle-Aquitaine;2024-01-18;18:00;6594;211;5795;640;0;1464;0;132;-1647;0;0;640;0;8242;0.0;8242.0;5795.0
75;Nouvelle-Aquitaine;2024-01-18;19:00;6872;211;5796;639;0;1564;0;135;-1473;0;0;639;0;8345;0.0;8345.0;5796.0
75;Nouvelle-Aquitaine;2024-01-18;20:00;6742;211;5798;562;0;1528;0;137;-1493;0;0;562;0;8236;0.0;8236.0;5798.0
75;Nouvelle-Aquitaine;2024-01-18;21:00;6323;210;5799;536;0;1237;0;137;-1595;0;0;536;0;7919;0.0;7919.0;5799.0
75;Nouvelle-Aquitaine;2024-01-18;22:00;6158;211;5801;488;0;1022;0;133;-1495;0;0;488;0;7655;0.0;7655.0;5801.0
75;Nouvelle-Aquitaine;2024-01-18;23:00;6373;211;5801;482;0;1085;0;135;-1340;0;0;482;0;7714;0.0;7714.0;5801.0
75;Nouvelle-Aquitaine;2024-02-04;00:00;5678;212;4754;85;0;296;0;197;135;0;0;85;0;5544;0.0;5544.0;4754.0
75;Nouvelle-Aquitaine;2024-02-04;01:00;5577;212;4686;46;0;348;0;199;88;0;0;46;0;5491;0.0;5491.0;4686.0
75;Nouvelle-Aquitaine;2024-02-04;02:00;5561;212;4660;72;0;331;0;195;93;0;0;72;0;5470;0.0;5470.0;4660.0
75;Nouvelle-Aquitaine;2024-02-04;03:00;5338;212;4645;86;0;246;0;198;-48;0;0;86;0;5387;0.0;5387.0;4645.0
75;Nouvelle-Aquitaine;2024-02-04;04:00;5005;212;4657;63;0;226;0;198;-348;0;0;63;0;5356;0.0;5356.0;4657.0
75;Nouvelle-Aquitaine;2024-02-04;05:00;4950;211;4691;128;0;217;0;195;-490;0;0;128;0;5442;0.0;5442.0;4691.0
75;Nouvelle-Aquitaine;2024-02-04;06:00;5111;213;4677;88;0;215;0;191;-272;0;0;88;0;5384;0.0;5384.0;4677.0
75;Nouvelle-Aquitaine;2024-02-04;07:00;5268;213;4660;67;0;208;0;186;-63;0;0;67;0;5334;0.0;5334.0;4660.0
75;Nouvelle-Aquitaine;2024-02-04;08:00;5343;212;4686;100;1;212;0;194;-62;0;0;100;0;5405;0.0;5405.0;4686.0
75;Nouvelle-Aquitaine;2024-02-04;09:00;5659;212;4697;111;119;291;0;192;38;0;0;111;0;5622;0.0;5622.0;4697.0
75;Nouvelle-Aquitaine;2024-02-04;10:00;5894;212;4719;67;359;309;0;190;40;0;0;67;0;5856;0.0;5856.0;4719.0
75;Nouvelle-Aquitaine;2024-02-04;11:00;6060;212;4708;43;587;318;0;197;-3;0;0;43;0;6065;0.0;6065.0;4708.0
75;Nouvelle-Aquitaine;2024-02-04;12:00;6108;212;4698;24;755;325;0;196;-100;0;0;24;0;6210;0.0;6210.0;4698.0
75;Nouvelle-Aquitaine;2024-02-04;13:00;6057;211;4691;19;804;337;0;195;-200;0;0;19;0;6257;0.0;6257.0;4691.0
75;Nouvelle-Aquitaine;2024-02-04;14:00;5623;211;4690;17;848;256;0;193;-592;0;0;17;0;6215;0.0;6215.0;4690.0
75;Nouvelle-Aquitaine;2024-02-04;15:00;5515;211;4698;17;776;261;0;194;-640;0;0;17;0;6157;0.0;6157.0;4698.0
75;Nouvelle-Aquitaine;2024-02-04;16:00;5380;211;4738;18;594;272;0;191;-643;0;0;18;0;6024;0.0;6024.0;4738.0
75;Nouvelle-Aquitaine;2024-02-04;17:00;5354;211;4758;18;163;417;0;193;-405;0;0;18;0;5760;0.0;5760.0;4758.0
75;Nouvelle-Aquitaine;2024-02-04;18:00;5807;211;4758;20;2;835;0;189;-208;0;0;20;0;6015;0.0;6015.0;4758.0
75;Nouvelle-Aquitaine;2024-02-04;19:00;6309;212;4757;22;0;1040;0;187;91;0;0;22;0;6218;0.0;6218.0;4757.0
75;Nouvelle-Aquitaine;2024-02-04;20:00;6284;212;4758;21;0;1047;0;186;61;0;0;21;0;6224;0.0;6224.0;4758.0
75;Nouvelle-Aquitaine;2024-02-04;21:00;5968;212;4758;22;0;676;0;187;115;0;0;22;0;5855;0.0;5855.0;4758.0
75;Nouvelle-Aquitaine;2024-02-04;22:00;5693;212;4759;25;0;305;0;188;206;0;0;25;0;5489;0.0;5489.0;4759.0
75;Nouvelle-Aquitaine;2024-02-04;23:00;5956;212;4760;22;0;379;0;189;395;0;0;22;0;5562;0.0;5562.0;4760.0
75;Nouvelle-Aquitaine;2024-03-12;00:00;5473;175;3267;466;0;1240;0;186;150;0;0;466;0;5334;0.0;5334.0;3267.0
75;Nouvelle-Aquitaine;2024-03-12;01:00;5335;183;3266;468;0;1229;0;187;4;0;0;468;0;5333;0.0;5333.0;3266.0
75;Nouvelle-Aquitaine;2024-03-12;02:00;5271;183;3268;449;0;1163;0;184;21;0;0;449;0;5247;0.0;5247.0;3268.0
75;Nouvelle-Aquitaine;2024-03-12;03:00;5072;175;3270;376;0;1146;0;184;-77;0;0;376;0;5151;0.0;5151.0;3270.0
75;Nouvelle-Aquitaine;2024-03-12;04:00;4840;175;3272;237;0;1141;0;183;-164;0;0;237;0;5008;0.0;5008.0;3272.0
75;Nouvelle-Aquitaine;2024-03-12;05:00;4969;178;3270;213;0;1008;0;182;114;0;0;213;0;4851;0.0;4851.0;3270.0
75;Nouvelle-Aquitaine;2024-03-12;06:00;5539;184;3270;225;0;1298;0;180;381;0;0;225;0;5157;0.0;5157.0;3270.0
75;Nouvelle-Aquitaine;2024-03-12;07:00;5978;184;3272;284;3;1538;0;179;520;0;0;284;0;5460;0.0;5460.0;3272.0
75;Nouvelle-Aquitaine;2024-03-12;08:00;6018;184;3267;314;321;1554;0;181;199;0;0;314;0;5821;0.0;5821.0;3267.0
75;Nouvelle-Aquitaine;2024-03-12;09:00;6104;180;3239;240;1007;1537;0;187;-287;0;0;240;0;6390;0.0;6390.0;3239.0
75;Nouvelle-Aquitaine;2024-03-12;10:00;6022;178;3237;237;1312;1483;0;189;-611;0;0;237;0;6636;0.0;6636.0;3237.0
75;Nouvelle-Aquitaine;2024-03-12;11:00;5802;178;3260;256;1592;1470;0;187;-1136;0;0;256;0;6943;0.0;6943.0;3260.0
75;Nouvelle-Aquitaine;2024-03-12;12:00;5683;177;3262;304;1772;1283;0;185;-1303;0;0;304;0;6983;0.0;6983.0;3262.0
75;Nouvelle-Aquitaine;2024-03-12;13:00;5739;172;3260;293;1862;1277;0;192;-1311;0;0;293;0;7056;0.0;7056.0;3260.0
75;Nouvelle-Aquitaine;2024-03-12;14:00;5514;170;3252;382;1787;980;0;184;-1238;0;0;382;0;6755;0.0;6755.0;3252.0
75;Nouvelle-Aquitaine;2024-03-12;15:00;5290;168;3256;396;1402;828;0;184;-946;0;0;396;0;6234;0.0;6234.0;3256.0
75;Nouvelle-Aquitaine;2024-03-12;16:00;5237;170;3257;403;1272;826;0;188;-879;0;0;403;0;6116;0.0;6116.0;3257.0
75;Nouvelle-Aquitaine;2024-03-12;17:00;4865;172;3256;360;661;842;0;188;-612;0;0;360;0;5479;0.0;5479.0;3256.0
75;Nouvelle-Aquitaine;2024-03-12;18:00;4990;174;3256;351;195;1047;0;182;-215;0;0;351;0;5205;0.0;5205.0;3256.0
75;Nouvelle-Aquitaine;2024-03-12;19:00;5605;175;3258;291;0;1591;0;183;105;0;0;291;0;5498;0.0;5498.0;3258.0
75;Nouvelle-Aquitaine;2024-03-12;20:00;5616;176;3259;276;0;1583;0;186;137;0;0;276;0;5480;0.0;5480.0;3259.0
75;Nouvelle-Aquitaine;2024-03-12;21:00;5327;175;3260;283;0;1462;0;188;-35;0;0;283;0;5368;0.0;5368.0;3260.0
75;Nouvelle-Aquitaine;2024-03-12;22:00;5138;171;3265;231;0;1283;0;190;-8;0;0;231;0;5140;0.0;5140.0;3265.0
75;Nouvelle-Aquitaine;2024-03-12;23:00;5324;176;3266;223;0;1301;0;189;176;0;0;223;0;5155;0.0;5155.0;3266.0
75;Nouvelle-Aquitaine;2024-06-12;00:00;3827;15;3316;457;0;835;0;194;-981;0;0;457;0;4817;0.0;4817.0;3316.0
75;Nouvelle-Aquitaine;2024-06-12;01:00;3592;15;3319;448;0;311;0;195;-699;0;0;448;0;4288;0.0;4288.0;3319.0
75;Nouvelle-Aquitaine;2024-06-12;02:00;3480;15;3312;361;0;262;0;199;-670;0;0;361;0;4149;0.0;4149.0;3312.0
75;Nouvelle-Aquitaine;2024-06-12;03:00;3297;15;3314;355;0;263;0;198;-846;0;0;355;0;4145;0.0;4145.0;3314.0
75;Nouvelle-Aquitaine;2024-06-12;04:00;3161;15;3319;360;0;267;0;195;-990;0;0;360;0;4156;0.0;4156.0;3319.0
75;Nouvelle-Aquitaine;2024-06-12;05:00;3163;15;3321;243;0;263;0;188;-866;0;0;243;0;4030;0.0;4030.0;3321.0
75;Nouvelle-Aquitaine;2024-06-12;06:00;3314;16;3325;199;9;466;0;192;-892;0;0;199;0;4207;0.0;4207.0;3325.0
75;Nouvelle-Aquitaine;2024-06-12;07:00;3706;15;3328;162;210;775;0;192;-974;0;0;162;0;4682;0.0;4682.0;3328.0
75;Nouvelle-Aquitaine;2024-06-12;08:00;4007;15;3327;78;717;611;0;195;-937;0;0;78;0;4943;0.0;4943.0;3327.0
75;Nouvelle-Aquitaine;2024-06-12;09:00;4161;15;3324;33;1490;554;0;195;-1450;0;0;33;0;5611;0.0;5611.0;3324.0
75;Nouvelle-Aquitaine;2024-06-12;10:00;4198;15;3320;37;2266;361;0;195;-1996;0;0;37;0;6194;0.0;6194.0;3320.0
75;Nouvelle-Aquitaine;2024-06-12;11:00;4326;15;3321;38;2793;245;0;197;-2281;0;0;38;0;6609;0.0;6609.0;3321.0
75;Nouvelle-Aquitaine;2024-06-12;12:00;4530;15;3320;42;2612;328;0;190;-1979;0;0;42;0;6507;0.0;6507.0;3320.0
75;Nouvelle-Aquitaine;2024-06-12;13:00;4577;15;3320;49;2534;392;0;194;-1928;0;0;49;0;6504;0.0;6504.0;3320.0
75;Nouvelle-Aquitaine;2024-06-12;14:00;4401;16;3317;67;2593;258;0;196;-2047;0;0;67;0;6447;0.0;6447.0;3317.0
75;Nouvelle-Aquitaine;2024-06-12;15:00;4230;16;3313;78;2554;253;0;194;-2178;0;0;78;0;6408;0.0;6408.0;3313.0
75;Nouvelle-Aquitaine;2024-06-12;16:00;4080;16;3313;107;2536;247;0;197;-2328;0;0;107;0;6416;0.0;6416.0;3313.0
75;Nouvelle-Aquitaine;2024-06-12;17:00;3954;16;3313;123;2427;245;0;205;-2374;0;0;123;0;6329;0.0;6329.0;3313.0
75;Nouvelle-Aquitaine;2024-06-12;18:00;3934;16;3312;167;1729;469;0;203;-1956;0;0;167;0;5896;0.0;5896.0;3312.0
75;Nouvelle-Aquitaine;2024-06-12;19:00;4049;16;3313;166;1471;575;0;203;-1696;0;0;166;0;5744;0.0;5744.0;3313.0
75;Nouvelle-Aquitaine;2024-06-12;20:00;4117;16;3315;136;806;588;0;202;-941;0;0;136;0;5063;0.0;5063.0;3315.0
75;Nouvelle-Aquitaine;2024-06-12;21:00;3805;16;3317;110;233;908;0;205;-984;0;0;110;0;4789;0.0;4789.0;3317.0
75;Nouvelle-Aquitaine;2024-06-12;22:00;3875;16;3316;101;0;843;0;201;-604;0;0;101;0;4477;0.0;4477.0;3316.0
75;Nouvelle-Aquitaine;2024-06-12;23:00;4055;16;3319;98;0;999;0;202;-573;0;0;98;0;4634;0.0;4634.0;3319.0
75;Nouvelle-Aquitaine;2024-06-22;00:00;3666;15;3282;216;0;992;0;177;-1031;0;0;216;0;4682;0.0;4682.0;3282.0
75;Nouvelle-Aquitaine;2024-06-22;01:00;3452;16;3254;266;0;941;0;177;-1196;0;0;266;0;4654;0.0;4654.0;3254.0
75;Nouvelle-Aquitaine;2024-06-22;02:00;3369;15;3235;261;0;764;0;177;-1082;0;0;261;0;4452;0.0;4452.0;3235.0
75;Nouvelle-Aquitaine;2024-06-22;03:00;3172;16;3235;305;0;703;0;176;-1261;0;0;305;0;4435;0.0;4435.0;3235.0
75;Nouvelle-Aquitaine;2024-06-22;04:00;2961;15;3216;355;0;648;0;178;-1448;0;0;355;0;4412;0.0;4412.0;3216.0
75;Nouvelle-Aquitaine;2024-06-22;05:00;2858;16;3297;411;0;550;0;179;-1593;0;0;411;0;4453;0.0;4453.0;3297.0
75;Nouvelle-Aquitaine;2024-06-22;06:00;2824;16;3296;429;0;549;0;179;-1645;0;0;429;0;4469;0.0;4469.0;3296.0
75;Nouvelle-Aquitaine;2024-06-22;07:00;2930;15;3237;499;98;636;0;179;-1732;0;0;499;0;4664;0.0;4664.0;3237.0
75;Nouvelle-Aquitaine;2024-06-22;08:00;3197;15;3241;488;275;589;0;180;-1591;0;0;488;0;4788;0.0;4788.0;3241.0
75;Nouvelle-Aquitaine;2024-06-22;09:00;3439;15;3246;446;467;583;0;182;-1500;0;0;446;0;4939;0.0;4939.0;3246.0
75;Nouvelle-Aquitaine;2024-06-22;10:00;3692;16;3125;375;736;564;0;185;-1306;0;0;375;0;5001;0.0;5001.0;3125.0
75;Nouvelle-Aquitaine;2024-06-22;11:00;3874;15;2773;353;1002;561;0;180;-1011;0;0;353;0;4884;0.0;4884.0;2773.0
75;Nouvelle-Aquitaine;2024-06-22;12:00;4035;16;2592;340;1196;481;0;175;-764;0;0;340;0;4800;0.0;4800.0;2592.0
75;Nouvelle-Aquitaine;2024-06-22;13:00;4185;16;2575;362;1247;480;0;176;-669;0;0;362;0;4856;0.0;4856.0;2575.0
75;Nouvelle-Aquitaine;2024-06-22;14:00;3991;16;2458;402;1362;551;0;179;-965;0;0;402;0;4968;0.0;4968.0;2458.0
75;Nouvelle-Aquitaine;2024-06-22;15:00;3698;15;1898;422;1413;562;0;174;-784;0;0;422;0;4484;0.0;4484.0;1898.0
75;Nouvelle-Aquitaine;2024-06-22;16:00;3548;16;1964;389;1318;568;0;177;-899;0;0;389;0;4432;0.0;4432.0;1964.0
75;Nouvelle-Aquitaine;2024-06-22;17:00;3505;16;1993;360;1149;567;0;182;-765;0;0;360;0;4267;0.0;4267.0;1993.0
75;Nouvelle-Aquitaine;2024-06-22;18:00;3515;16;3191;336;829;650;0;183;-1690;0;0;336;0;5205;0.0;5205.0;3191.0
75;Nouvelle-Aquitaine;2024-06-22;19:00;3661;16;3247;329;552;705;0;182;-1366;0;0;329;0;5031;0.0;5031.0;3247.0
75;Nouvelle-Aquitaine;2024-06-22;20:00;3606;16;3249;360;415;724;0;178;-1331;0;0;360;0;4942;0.0;4942.0;3249.0
75;Nouvelle-Aquitaine;2024-06-22;21:00;3429;16;3250;324;147;907;0;177;-1394;0;0;324;0;4821;0.0;4821.0;3250.0
75;Nouvelle-Aquitaine;2024-06-22;22:00;3526;16;3264;231;0;1011;0;173;-1167;0;0;231;0;4695;0.0;4695.0;3264.0
75;Nouvelle-Aquitaine;2024-06-22;23:00;3668;15;3235;229;0;1039;0;177;-1025;0;0;229;0;4695;0.0;4695.0;3235.0
75;Nouvelle-Aquitaine;2024-08-13;00:00;4284;15;4700;112;1;77;0;186;-795;0;0;112;0;5091;0.0;5091.0;4700.0
75;Nouvelle-Aquitaine;2024-08-13;01:00;4044;15;4710;67;1;48;0;186;-988;0;0;67;0;5027;0.0;5027.0;4710.0
75;Nouvelle-Aquitaine;2024-08-13;02:00;3892;15;4713;49;1;47;0;187;-1111;0;0;49;0;5012;0.0;5012.0;4713.0
75;Nouvelle-Aquitaine;2024-08-13;03:00;3707;15;4718;37;1;50;0;184;-1294;0;0;37;0;5005;0.0;5005.0;4718.0
75;Nouvelle-Aquitaine;2024-08-13;04:00;3552;15;4722;35;1;49;0;186;-1457;0;0;35;0;5008;0.0;5008.0;4722.0
75;Nouvelle-Aquitaine;2024-08-13;05:00;3478;15;4724;37;1;46;0;185;-1535;0;0;37;0;5008;0.0;5008.0;4724.0
75;Nouvelle-Aquitaine;2024-08-13;06:00;3657;15;4724;44;1;46;0;187;-1362;0;0;44;0;5017;0.0;5017.0;4724.0
75;Nouvelle-Aquitaine;2024-08-13;07:00;3770;15;4727;57;16;138;0;187;-1363;0;0;57;0;5140;0.0;5140.0;4727.0
75;Nouvelle-Aquitaine;2024-08-13;08:00;4021;15;4727;59;245;117;0;189;-1336;0;0;59;0;5352;0.0;5352.0;4727.0
75;Nouvelle-Aquitaine;2024-08-13;09:00;4279;15;4726;31;698;73;0;191;-1456;0;0;31;0;5734;0.0;5734.0;4726.0
75;Nouvelle-Aquitaine;2024-08-13;10:00;4665;27;4721;35;937;53;0;191;-1296;0;0;35;0;5964;0.0;5964.0;4721.0
75;Nouvelle-Aquitaine;2024-08-13;11:00;4715;21;4717;54;978;52;0;188;-1298;0;0;54;0;6010;0.0;6010.0;4717.0
75;Nouvelle-Aquitaine;2024-08-13;12:00;4857;19;4526;65;1211;51;0;189;-1203;0;0;65;0;6061;0.0;6061.0;4526.0
75;Nouvelle-Aquitaine;2024-08-13;13:00;5000;19;4128;53;1374;51;0;189;-808;0;0;53;0;5814;0.0;5814.0;4128.0
75;Nouvelle-Aquitaine;2024-08-13;14:00;4806;19;4010;70;1589;50;0;183;-1114;0;0;70;0;5921;0.0;5921.0;4010.0
75;Nouvelle-Aquitaine;2024-08-13;15:00;4619;19;4008;72;1676;48;0;184;-1390;0;0;72;0;6007;0.0;6007.0;4008.0
75;Nouvelle-Aquitaine;2024-08-13;16:00;4526;19;3847;62;1625;47;0;185;-1257;0;0;62;0;5785;0.0;5785.0;3847.0
75;Nouvelle-Aquitaine;2024-08-13;17:00;4238;19;3581;90;1532;48;0;196;-1228;0;0;90;0;5466;0.0;5466.0;3581.0
75;Nouvelle-Aquitaine;2024-08-13;18:00;4414;19;3602;135;1222;109;0;194;-873;0;0;135;0;5281;0.0;5281.0;3602.0
75;Nouvelle-Aquitaine;2024-08-13;19:00;4521;18;4677;53;516;260;0;191;-1190;0;0;53;0;5715;0.0;5715.0;4677.0
75;Nouvelle-Aquitaine;2024-08-13;20:00;4420;17;4689;45;330;322;0;189;-1172;0;0;45;0;5592;0.0;5592.0;4689.0
75;Nouvelle-Aquitaine;2024-08-13;21:00;4276;18;4703;43;58;408;0;195;-1151;0;0;43;0;5425;0.0;5425.0;4703.0
75;Nouvelle-Aquitaine;2024-08-13;22:00;4274;18;4710;40;1;287;0;192;-982;0;0;40;0;5248;0.0;5248.0;4710.0
75;Nouvelle-Aquitaine;2024-08-13;23:00;4358;17;4712;42;1;206;0;184;-794;0;0;42;0;5162;0.0;5162.0;4712.0
75;Nouvelle-Aquitaine;2024-09-17;00:00;3952;21;5623;674;0;99;0;165;-2636;0;0;674;0;6582;0.0;6582.0;5623.0
75;Nouvelle-Aquitaine;2024-09-17;01:00;3753;21;5536;707;0;97;0;166;-2772;0;0;707;0;6527;0.0;6527.0;5536.0
75;Nouvelle-Aquitaine;2024-09-17;02:00;3646;22;5607;786;0;99;0;169;-3036;0;0;786;0;6683;0.0;6683.0;5607.0
75;Nouvelle-Aquitaine;2024-09-17;03:00;3379;21;5575;787;0;101;0;168;-3271;0;0;787;0;6652;0.0;6652.0;5575.0
75;Nouvelle-Aquitaine;2024-09-17;04:00;3323;21;5059;783;0;101;0;174;-2816;0;0;783;0;6138;0.0;6138.0;5059.0
75;Nouvelle-Aquitaine;2024-09-17;05:00;3238;21;4894;703;0;98;0;174;-2652;0;0;703;0;5890;0.0;5890.0;4894.0
75;Nouvelle-Aquitaine;2024-09-17;06:00;3605;22;5110;769;0;117;0;176;-2588;0;0;769;0;6194;0.0;6194.0;5110.0
75;Nouvelle-Aquitaine;2024-09-17;07:00;4118;21;5624;878;0;464;0;178;-3042;0;0;878;0;7165;0.0;7165.0;5624.0
75;Nouvelle-Aquitaine;2024-09-17;08:00;4208;21;5697;803;135;625;0;170;-3238;0;0;803;0;7451;0.0;7451.0;5697.0
75;Nouvelle-Aquitaine;2024-09-17;09:00;4335;21;5679;741;419;511;0;173;-3209;0;0;741;0;7544;0.0;7544.0;5679.0
75;Nouvelle-Aquitaine;2024-09-17;10:00;4536;21;5675;735;1643;280;0;173;-3991;0;0;735;0;8527;0.0;8527.0;5675.0
75;Nouvelle-Aquitaine;2024-09-17;11:00;4702;21;5265;868;2223;101;0;163;-3936;0;0;868;0;8641;0.0;8641.0;5265.0
75;Nouvelle-Aquitaine;2024-09-17;12:00;4719;19;4636;919;2480;96;0;161;-3593;0;0;919;0;8311;0.0;8311.0;4636.0
75;Nouvelle-Aquitaine;2024-09-17;13:00;4763;17;4633;900;2413;95;0;159;-3455;0;0;900;0;8217;0.0;8217.0;4633.0
75;Nouvelle-Aquitaine;2024-09-17;14:00;4689;17;4210;943;2274;85;0;160;-3002;0;0;943;0;7689;0.0;7689.0;4210.0
75;Nouvelle-Aquitaine;2024-09-17;15:00;4452;17;3943;943;2285;86;0;160;-2976;0;0;943;0;7434;0.0;7434.0;3943.0
75;Nouvelle-Aquitaine;2024-09-17;16:00;4092;17;3971;883;1827;92;0;130;-2823;0;0;883;0;6920;0.0;6920.0;3971.0
75;Nouvelle-Aquitaine;2024-09-17;17:00;4013;17;3996;858;1582;89;0;134;-2662;0;0;858;0;6676;0.0;6676.0;3996.0
75;Nouvelle-Aquitaine;2024-09-17;18:00;3970;17;5465;819;739;131;0;130;-3327;0;0;819;0;7301;0.0;7301.0;5465.0
75;Nouvelle-Aquitaine;2024-09-17;19:00;4196;17;5690;772;230;370;0;130;-3011;0;0;772;0;7209;0.0;7209.0;5690.0
75;Nouvelle-Aquitaine;2024-09-17;20:00;4248;17;5693;727;58;396;0;133;-2771;0;0;727;0;7024;0.0;7024.0;5693.0
75;Nouvelle-Aquitaine;2024-09-17;21:00;4063;17;5694;620;1;353;0;134;-2756;0;0;620;0;6819;0.0;6819.0;5694.0
75;Nouvelle-Aquitaine;2024-09-17;22:00;3955;17;5696;636;0;192;0;143;-2733;0;0;636;0;6684;0.0;6684.0;5696.0
75;Nouvelle-Aquitaine;2024-09-17;23:00;4084;17;5699;644;0;191;0;158;-2623;0;0;644;0;6709;0.0;6709.0;5699.0
75;Nouvelle-Aquitaine;2024-10-04;00:00;4178;13;4178;428;0;920;0;104;-1458;0;0;428;0;5643;0.0;5643.0;4178.0
75;Nouvelle-Aquitaine;2024-10-04;01:00;3992;13;4114;368;0;772;0;105;-1388;0;0;368;0;5372;0.0;5372.0;4114.0
75;Nouvelle-Aquitaine;2024-10-04;02:00;3869;13;4119;323;0;737;0;105;-1432;0;0;323;0;5297;0.0;5297.0;4119.0
75;Nouvelle-Aquitaine;2024-10-04;03:00;3675;13;4121;323;0;533;0;121;-1433;0;0;323;0;5111;0.0;5111.0;4121.0
75;Nouvelle-Aquitaine;2024-10-04;04:00;3408;13;4135;287;0;527;0;125;-1677;0;0;287;0;5087;0.0;5087.0;4135.0
75;Nouvelle-Aquitaine;2024-10-04;05:00;3549;13;4126;267;0;552;0;123;-1530;0;0;267;0;5081;0.0;5081.0;4126.0
75;Nouvelle-Aquitaine;2024-10-04;06:00;3968;13;4136;186;0;799;0;125;-1288;0;0;186;0;5259;0.0;5259.0;4136.0
75;Nouvelle-Aquitaine;2024-10-04;07:00;4551;15;4158;177;0;1034;0;123;-958;0;0;177;0;5507;0.0;5507.0;4158.0
75;Nouvelle-Aquitaine;2024-10-04;08:00;4832;15;4188;167;30;1188;0;123;-884;0;0;167;0;5711;0.0;5711.0;4188.0
75;Nouvelle-Aquitaine;2024-10-04;09:00;4990;15;4190;122;477;1096;0;121;-1026;0;0;122;0;6021;0.0;6021.0;4190.0
75;Nouvelle-Aquitaine;2024-10-04;10:00;5008;14;4191;64;1160;925;0;120;-1458;0;0;64;0;6474;0.0;6474.0;4191.0
75;Nouvelle-Aquitaine;2024-10-04;11:00;4980;15;4210;52;1543;843;0;120;-1792;0;0;52;0;6783;0.0;6783.0;4210.0
75;Nouvelle-Aquitaine;2024-10-04;12:00;4969;18;5060;62;2901;642;0;120;-3842;0;0;62;0;8803;0.0;8803.0;5060.0
75;Nouvelle-Aquitaine;2024-10-04;13:00;5071;18;5333;100;3279;613;0;120;-4390;0;0;100;0;9463;0.0;9463.0;5333.0
75;Nouvelle-Aquitaine;2024-10-04;14:00;5092;14;5422;137;3604;568;0;120;-4769;0;0;137;0;9865;0.0;9865.0;5422.0
75;Nouvelle-Aquitaine;2024-10-04;15:00;4715;15;5134;174;3496;589;0;121;-4820;0;0;174;0;9529;0.0;9529.0;5134.0
75;Nouvelle-Aquitaine;2024-10-04;16:00;4585;15;5121;155;3104;391;0;125;-4340;0;0;155;0;8911;0.0;8911.0;5121.0
75;Nouvelle-Aquitaine;2024-10-04;17:00;4293;14;5412;144;2226;517;0;121;-4132;0;0;144;0;8434;0.0;8434.0;5412.0
75;Nouvelle-Aquitaine;2024-10-04;18:00;4220;15;5672;126;802;880;0;121;-3396;0;0;126;0;7616;0.0;7616.0;5672.0
75;Nouvelle-Aquitaine;2024-10-04;19:00;4465;16;5705;115;115;1139;0;119;-2746;0;0;115;0;7209;0.0;7209.0;5705.0
75;Nouvelle-Aquitaine;2024-10-04;20:00;4685;16;5721;91;2;1197;0;121;-2460;0;0;91;0;7148;0.0;7148.0;5721.0
75;Nouvelle-Aquitaine;2024-10-04;21:00;4377;15;5729;139;0;1172;0;116;-2786;0;0;139;0;7171;0.0;7171.0;5729.0
75;Nouvelle-Aquitaine;2024-10-04;22:00;4335;13;5729;251;0;917;0;115;-2692;0;0;251;0;7025;0.0;7025.0;5729.0
75;Nouvelle-Aquitaine;2024-10-04;23:00;4526;13;5728;245;0;980;0;115;-2552;0;0;245;0;7081;0.0;7081.0;5728.0
75;Nouvelle-Aquitaine;2024-11-04;00:00;4180;104;5726;167;0;456;0;168;-2436;0;0;167;0;6621;0.0;6621.0;5726.0
75;Nouvelle-Aquitaine;2024-11-04;01:00;4010;104;5676;132;0;361;0;170;-2428;0;0;132;0;6443;0.0;6443.0;5676.0
75;Nouvelle-Aquitaine;2024-11-04;02:00;3897;103;5673;135;0;359;0;168;-2537;0;0;135;0;6438;0.0;6438.0;5673.0
75;Nouvelle-Aquitaine;2024-11-04;03:00;3652;104;5660;117;0;329;0;172;-2728;0;0;117;0;6382;0.0;6382.0;5660.0
75;Nouvelle-Aquitaine;2024-11-04;04:00;3396;104;5647;88;0;375;0;170;-2985;0;0;88;0;6384;0.0;6384.0;5647.0
75;Nouvelle-Aquitaine;2024-11-04;05:00;3506;104;5669;74;0;374;0;164;-2877;0;0;74;0;6385;0.0;6385.0;5669.0
75;Nouvelle-Aquitaine;2024-11-04;06:00;3923;106;5705;70;0;543;0;159;-2670;0;0;70;0;6583;0.0;6583.0;5705.0
75;Nouvelle-Aquitaine;2024-11-04;07:00;4514;109;5714;66;0;1080;0;166;-2620;0;0;66;0;7135;0.0;7135.0;5714.0
75;Nouvelle-Aquitaine;2024-11-04;08:00;4772;114;5705;75;123;1161;0;172;-2575;0;0;75;0;7350;0.0;7350.0;5705.0
75;Nouvelle-Aquitaine;2024-11-04;09:00;4985;115;5749;70;622;921;0;167;-2655;0;0;70;0;7644;0.0;7644.0;5749.0
75;Nouvelle-Aquitaine;2024-11-04;10:00;5098;116;5754;57;898;876;0;169;-2766;0;0;57;0;7870;0.0;7870.0;5754.0
75;Nouvelle-Aquitaine;2024-11-04;11:00;5034;118;5751;36;1686;437;0;163;-3161;0;0;36;0;8191;0.0;8191.0;5751.0
75;Nouvelle-Aquitaine;2024-11-04;12:00;5128;119;5748;33;1959;447;0;166;-3336;0;0;33;0;8472;0.0;8472.0;5748.0
75;Nouvelle-Aquitaine;2024-11-04;13:00;5227;118;5746;37;1996;454;0;169;-3283;0;0;37;0;8520;0.0;8520.0;5746.0
75;Nouvelle-Aquitaine;2024-11-04;14:00;5123;119;5742;32;1979;460;0;174;-3382;0;0;32;0;8506;0.0;8506.0;5742.0
75;Nouvelle-Aquitaine;2024-11-04;15:00;4742;117;5739;30;1577;473;0;169;-3376;0;0;30;0;8105;0.0;8105.0;5739.0
75;Nouvelle-Aquitaine;2024-11-04;16:00;4634;116;5742;31;979;611;0;170;-3019;0;0;31;0;7649;0.0;7649.0;5742.0
75;Nouvelle-Aquitaine;2024-11-04;17:00;4424;122;5714;57;120;819;0;170;-2575;0;0;57;0;7002;0.0;7002.0;5714.0
75;Nouvelle-Aquitaine;2024-11-04;18:00;4863;120;5735;83;1;1127;0;172;-2375;0;0;83;0;7238;0.0;7238.0;5735.0
75;Nouvelle-Aquitaine;2024-11-04;19:00;5097;118;5751;89;1;1286;0;170;-2316;0;0;89;0;7415;0.0;7415.0;5751.0
75;Nouvelle-Aquitaine;2024-11-04;20:00;4986;118;5756;126;0;1096;0;174;-2281;0;0;126;0;7270;0.0;7270.0;5756.0
75;Nouvelle-Aquitaine;2024-11-04;21:00;4469;118;5758;120;0;1132;0;173;-2825;0;0;120;0;7301;0.0;7301.0;5758.0
75;Nouvelle-Aquitaine;2024-11-04;22:00;4274;113;5757;176;0;716;0;169;-2656;0;0;176;0;6931;0.0;6931.0;5757.0
75;Nouvelle-Aquitaine;2024-11-04;23:00;4469;115;5758;210;0;801;0;169;-2579;0;0;210;0;7053;0.0;7053.0;5758.0
75;Nouvelle-Aquitaine;2024-12-02;00:00;4846;124;4776;579;0;531;0;200;-1367;0;0;579;0;6210;0.0;6210.0;4776.0
75;Nouvelle-Aquitaine;2024-12-02;01:00;4721;124;4695;541;0;381;0;195;-1216;0;0;541;0;5936;0.0;5936.0;4695.0
75;Nouvelle-Aquitaine;2024-12-02;02:00;4635;124;4663;529;0;354;0;197;-1232;0;0;529;0;5867;0.0;5867.0;4663.0
75;Nouvelle-Aquitaine;2024-12-02;03:00;4380;124;4738;460;0;331;0;198;-1468;0;0;460;0;5851;0.0;5851.0;4738.0
75;Nouvelle-Aquitaine;2024-12-02;04:00;4195;124;4737;432;0;250;0;195;-1537;0;0;432;0;5738;0.0;5738.0;4737.0
75;Nouvelle-Aquitaine;2024-12-02;05:00;4314;124;4724;452;0;244;0;195;-1417;0;0;452;0;5739;0.0;5739.0;4724.0
75;Nouvelle-Aquitaine;2024-12-02;06:00;4685;125;4782;429;0;376;0;197;-1230;0;0;429;0;5909;0.0;5909.0;4782.0
75;Nouvelle-Aquitaine;2024-12-02;07:00;5254;127;4800;415;0;974;0;195;-1262;0;0;415;0;6511;0.0;6511.0;4800.0
75;Nouvelle-Aquitaine;2024-12-02;08:00;5531;127;4800;410;0;1107;0;197;-1103;0;0;410;0;6641;0.0;6641.0;4800.0
75;Nouvelle-Aquitaine;2024-12-02;09:00;5686;128;4798;398;67;1141;0;197;-1039;0;0;398;0;6729;0.0;6729.0;4798.0
75;Nouvelle-Aquitaine;2024-12-02;10:00;5685;127;4797;369;157;1045;0;197;-999;0;0;369;0;6692;0.0;6692.0;4797.0
75;Nouvelle-Aquitaine;2024-12-02;11:00;5640;129;4803;245;641;870;0;193;-1241;0;0;245;0;6881;0.0;6881.0;4803.0
75;Nouvelle-Aquitaine;2024-12-02;12:00;5708;128;4804;268;869;764;0;188;-1316;0;0;268;0;7021;0.0;7021.0;4804.0
75;Nouvelle-Aquitaine;2024-12-02;13:00;5702;130;4802;323;1144;629;0;197;-1520;0;0;323;0;7225;0.0;7225.0;4802.0
75;Nouvelle-Aquitaine;2024-12-02;14:00;5641;130;4803;405;1278;732;0;192;-1895;0;0;405;0;7540;0.0;7540.0;4803.0
75;Nouvelle-Aquitaine;2024-12-02;15:00;5363;125;4804;465;1005;612;0;200;-1849;0;0;465;0;7211;0.0;7211.0;4804.0
75;Nouvelle-Aquitaine;2024-12-02;16:00;5159;130;4820;381;645;738;0;199;-1755;0;0;381;0;6913;0.0;6913.0;4820.0
75;Nouvelle-Aquitaine;2024-12-02;17:00;5087;127;4751;445;18;1107;0;199;-1558;0;0;445;0;6647;0.0;6647.0;4751.0
75;Nouvelle-Aquitaine;2024-12-02;18:00;5496;131;4786;469;0;1177;0;198;-1271;0;0;469;0;6761;0.0;6761.0;4786.0
75;Nouvelle-Aquitaine;2024-12-02;19:00;5747;133;4816;419;0;1169;0;202;-990;0;0;419;0;6739;0.0;6739.0;4816.0
75;Nouvelle-Aquitaine;2024-12-02;20:00;5555;134;4818;369;0;1200;0;202;-1163;0;0;369;0;6723;0.0;6723.0;4818.0
75;Nouvelle-Aquitaine;2024-12-02;21:00;5263;133;4819;410;0;994;0;200;-1290;0;0;410;0;6556;0.0;6556.0;4819.0
75;Nouvelle-Aquitaine;2024-12-02;22:00;5197;134;4825;406;0;748;0;207;-1128;0;0;406;0;6320;0.0;6320.0;4825.0
75;Nouvelle-Aquitaine;2024-12-02;23:00;5359;134;4825;320;0;726;0;207;-846;0;0;320;0;6212;0.0;6212.0;4825.0
76;Occitanie;2024-01-18;00:00;5015;74;1789;218;0;1780;0;116;1039;0;0;218;0;3977;0.0;3977.0;1789.0
76;Occitanie;2024-01-18;01:00;4536;74;1788;222;0;1805;0;116;532;0;0;222;0;4005;0.0;4005.0;1788.0
76;Occitanie;2024-01-18;02:00;4558;74;1795;215;0;1841;0;116;518;0;0;215;0;4041;0.0;4041.0;1795.0
76;Occitanie;2024-01-18;03:00;4482;74;1810;241;0;1619;0;117;622;0;0;241;0;3861;0.0;3861.0;1810.0
76;Occitanie;2024-01-18;04:00;4384;74;1765;236;0;1460;-759;115;1493;0;0;236;0;2891;0.0;2891.0;1765.0
76;Occitanie;2024-01-18;05:00;4278;74;1781;409;0;1347;-712;117;1261;0;0;409;0;3016;0.0;3016.0;1781.0
76;Occitanie;2024-01-18;06:00;4474;74;1831;409;0;1469;-633;116;1208;0;0;409;0;3266;0.0;3266.0;1831.0
76;Occitanie;2024-01-18;07:00;5124;74;1876;443;0;1987;0;110;633;0;0;443;0;4490;0.0;4490.0;1876.0
76;Occitanie;2024-01-18;08:00;5326;75;1921;500;4;2728;0;112;-12;0;0;500;0;5340;0.0;5340.0;1921.0
76;Occitanie;2024-01-18;09:00;5390;75;2024;438;211;3354;0;113;-824;0;0;438;0;6215;0.0;6215.0;2024.0
76;Occitanie;2024-01-18;10:00;5336;74;1987;396;433;3186;0;111;-850;0;0;396;0;6187;0.0;6187.0;1987.0
76;Occitanie;2024-01-18;11:00;5194;75;2080;418;976;2914;0;115;-1383;0;0;418;0;6578;0.0;6578.0;2080.0
76;Occitanie;2024-01-18;12:00;5099;74;2035;422;1099;2813;0;117;-1460;0;0;422;0;6560;0.0;6560.0;2035.0
76;Occitanie;2024-01-18;13:00;4969;74;2163;411;1322;2718;0;115;-1834;0;0;411;0;6803;0.0;6803.0;2163.0
76;Occitanie;2024-01-18;14:00;4847;73;2209;429;1111;2525;0;109;-1611;0;0;429;0;6456;0.0;6456.0;2209.0
76;Occitanie;2024-01-18;15:00;4922;66;2226;410;938;2620;0;107;-1446;0;0;410;0;6367;0.0;6367.0;2226.0
76;Occitanie;2024-01-18;16:00;4737;73;2236;318;612;2834;0;101;-1438;0;0;318;0;6174;0.0;6174.0;2236.0
76;Occitanie;2024-01-18;17:00;4579;73;2243;324;51;2979;0;101;-1193;0;0;324;0;5771;0.0;5771.0;2243.0
76;Occitanie;2024-01-18;18:00;5227;74;2253;358;0;3433;0;99;-990;0;0;358;0;6217;0.0;6217.0;2253.0
76;Occitanie;2024-01-18;19:00;5715;74;2261;599;0;3549;0;103;-871;0;0;599;0;6586;0.0;6586.0;2261.0
76;Occitanie;2024-01-18;20:00;5447;74;2266;841;0;3148;0;106;-989;0;0;841;0;6435;0.0;6435.0;2266.0
76;Occitanie;2024-01-18;21:00;5174;74;2272;1244;0;2813;0;109;-1338;0;0;1244;0;6512;0.0;6512.0;2272.0
76;Occitanie;2024-01-18;22:00;4964;75;2277;1240;0;2082;0;105;-814;0;0;1240;0;5779;0.0;5779.0;2277.0
76;Occitanie;2024-01-18;23:00;5162;75;2276;1197;0;2106;0;103;-596;0;0;1197;0;5757;0.0;5757.0;2276.0
76;Occitanie;2024-02-04;00:00;4813;52;1248;346;0;792;-53;101;2328;0;0;346;0;2486;0.0;2486.0;1248.0
76;Occitanie;2024-02-04;01:00;4448;51;1247;308;0;538;-314;101;2516;0;0;308;0;1931;0.0;1931.0;1247.0
76;Occitanie;2024-02-04;02:00;4390;52;1249;324;0;514;-900;101;3051;0;0;324;0;1340;0.0;1340.0;1249.0
76;Occitanie;2024-02-04;03:00;4276;52;1252;374;0;502;-901;102;2896;0;0;374;0;1381;0.0;1381.0;1252.0
76;Occitanie;2024-02-04;04:00;4075;52;1252;400;0;483;-898;99;2688;0;0;400;0;1388;0.0;1388.0;1252.0
76;Occitanie;2024-02-04;05:00;3954;52;1250;408;0;489;-895;102;2548;0;0;408;0;1406;0.0;1406.0;1250.0
76;Occitanie;2024-02-04;06:00;4095;52;1250;441;0;497;-894;100;2648;0;0;441;0;1446;0.0;1446.0;1250.0
76;Occitanie;2024-02-04;07:00;4221;52;1250;464;0;513;-892;98;2735;0;0;464;0;1485;0.0;1485.0;1250.0
76;Occitanie;2024-02-04;08:00;4342;52;1249;453;23;543;-890;97;2814;0;0;453;0;1527;0.0;1527.0;1249.0
76;Occitanie;2024-02-04;09:00;4502;52;1251;432;386;523;-890;100;2649;0;0;432;0;1854;0.0;1854.0;1251.0
76;Occitanie;2024-02-04;10:00;4591;52;1251;358;888;527;-547;103;1957;0;0;358;0;2632;0.0;2632.0;1251.0
76;Occitanie;2024-02-04;11:00;4740;52;1251;299;1273;513;-469;104;1718;0;0;299;0;3023;0.0;3023.0;1251.0
76;Occitanie;2024-02-04;12:00;4709;52;1251;266;1415;516;-470;108;1571;0;0;266;0;3138;0.0;3138.0;1251.0
76;Occitanie;2024-02-04;13:00;4603;52;1250;204;1575;504;-469;110;1378;0;0;204;0;3226;0.0;3226.0;1250.0
76;Occitanie;2024-02-04;14:00;4195;52;1250;160;1607;490;-885;108;1415;0;0;160;0;2782;0.0;2782.0;1250.0
76;Occitanie;2024-02-04;15:00;4146;45;1250;150;1457;472;-883;107;1547;0;0;150;0;2598;0.0;2598.0;1250.0
76;Occitanie;2024-02-04;16:00;3992;47;1249;151;1097;456;-881;108;1765;0;0;151;0;2227;0.0;2227.0;1249.0
76;Occitanie;2024-02-04;17:00;4057;46;1248;184;248;1019;-881;108;2085;0;0;184;0;1972;0.0;1972.0;1248.0
76;Occitanie;2024-02-04;18:00;4767;44;1248;281;4;1147;-880;107;2815;0;0;281;0;1951;0.0;1951.0;1248.0
76;Occitanie;2024-02-04;19:00;5206;50;1248;325;2;1201;-53;77;2356;0;0;325;0;2850;0.0;2850.0;1248.0
76;Occitanie;2024-02-04;20:00;5157;52;1247;357;2;1646;-53;77;1828;0;0;357;0;3328;0.0;3328.0;1247.0
76;Occitanie;2024-02-04;21:00;4870;52;1246;327;0;1243;-53;78;1976;0;0;327;0;2893;0.0;2893.0;1246.0
76;Occitanie;2024-02-04;22:00;4553;52;1246;294;0;607;-53;79;2328;0;0;294;0;2225;0.0;2225.0;1246.0
76;Occitanie;2024-02-04;23:00;4935;52;1247;286;0;818;-53;78;2507;0;0;286;0;2428;0.0;2428.0;1247.0
76;Occitanie;2024-03-12;00:00;4862;46;2578;1040;0;2943;-17;105;-1832;0;0;1040;0;6695;0.0;6695.0;2578.0
76;Occitanie;2024-03-12;01:00;4376;46;2579;910;0;2065;-17;107;-1314;0;0;910;0;5690;0.0;5690.0;2579.0
76;Occitanie;2024-03-12;02:00;4339;46;2579;915;0;2196;-17;108;-1486;0;0;915;0;5827;0.0;5827.0;2579.0
76;Occitanie;2024-03-12;03:00;4278;46;2578;855;0;2002;-17;106;-1292;0;0;855;0;5570;0.0;5570.0;2578.0
76;Occitanie;2024-03-12;04:00;4062;46;2580;808;0;2053;-17;104;-1512;0;0;808;0;5574;0.0;5574.0;2580.0
76;Occitanie;2024-03-12;05:00;4136;46;2582;804;0;2082;-17;108;-1470;0;0;804;0;5605;0.0;5605.0;2582.0
76;Occitanie;2024-03-12;06:00;4595;46;2584;760;0;2447;-17;109;-1334;0;0;760;0;5929;0.0;5929.0;2584.0
76;Occitanie;2024-03-12;07:00;5070;45;2585;763;16;3273;-17;109;-1706;0;0;763;0;6774;0.0;6774.0;2585.0
76;Occitanie;2024-03-12;08:00;5083;42;2587;757;121;3265;-17;111;-1783;0;0;757;0;6866;0.0;6866.0;2587.0
76;Occitanie;2024-03-12;09:00;5079;46;2588;769;633;2485;-17;112;-1536;0;0;769;0;6616;0.0;6616.0;2588.0
76;Occitanie;2024-03-12;10:00;4892;45;2586;757;1313;2490;-17;112;-2395;0;0;757;0;7286;0.0;7286.0;2586.0
76;Occitanie;2024-03-12;11:00;4830;44;2582;732;1778;2265;-17;112;-2666;0;0;732;0;7496;0.0;7496.0;2582.0
76;Occitanie;2024-03-12;12:00;4829;48;2578;751;1961;2309;-17;110;-2913;0;0;751;0;7740;0.0;7740.0;2578.0
76;Occitanie;2024-03-12;13:00;4841;47;2579;759;1961;2581;-17;108;-3178;0;0;759;0;8018;0.0;8018.0;2579.0
76;Occitanie;2024-03-12;14:00;4600;45;2575;795;1829;2129;-9;106;-2870;0;0;795;0;7470;0.0;7470.0;2575.0
76;Occitanie;2024-03-12;15:00;4422;47;2576;770;1762;2100;0;111;-2944;0;0;770;0;7366;0.0;7366.0;2576.0
76;Occitanie;2024-03-12;16:00;4493;48;2573;789;1543;2242;-19;103;-2787;0;0;789;0;7279;0.0;7279.0;2573.0
76;Occitanie;2024-03-12;17:00;4200;47;2570;676;729;1966;-215;109;-1682;0;0;676;0;5882;0.0;5882.0;2570.0
76;Occitanie;2024-03-12;18:00;4555;47;2569;527;140;2366;-136;110;-1066;0;0;527;0;5623;0.0;5623.0;2569.0
76;Occitanie;2024-03-12;19:00;5298;47;2569;505;4;3313;-17;107;-1230;0;0;505;0;6528;0.0;6528.0;2569.0
76;Occitanie;2024-03-12;20:00;5187;47;2571;474;3;3217;-17;107;-1215;0;0;474;0;6402;0.0;6402.0;2571.0
76;Occitanie;2024-03-12;21:00;4805;47;2572;394;2;3009;-17;106;-1309;0;0;394;0;6113;0.0;6113.0;2572.0
76;Occitanie;2024-03-12;22:00;4484;47;2572;280;2;2495;-17;107;-1001;0;0;280;0;5486;0.0;5486.0;2572.0
76;Occitanie;2024-03-12;23:00;4726;47;2571;287;2;2725;-17;108;-995;0;0;287;0;5723;0.0;5723.0;2571.0
76;Occitanie;2024-06-12;00:00;3634;1;2405;333;0;2321;-14;79;-1489;0;0;333;0;5125;0.0;5125.0;2405.0
76;Occitanie;2024-06-12;01:00;3237;1;1921;335;0;1569;-31;81;-638;0;0;335;0;3876;0.0;3876.0;1921.0
76;Occitanie;2024-06-12;02:00;3044;1;1666;336;0;1234;-31;84;-247;0;0;336;0;3290;0.0;3290.0;1666.0
76;Occitanie;2024-06-12;03:00;2868;1;1644;334;0;1000;-42;86;-155;0;0;334;0;3023;0.0;3023.0;1644.0
76;Occitanie;2024-06-12;04:00;2821;1;1643;325;0;1038;-56;86;-215;0;0;325;0;3037;0.0;3037.0;1643.0
76;Occitanie;2024-06-12;05:00;2688;1;1587;271;0;1041;-455;84;160;0;0;271;0;2529;0.0;2529.0;1587.0
76;Occitanie;2024-06-12;06:00;2837;1;1587;302;9;1504;-37;82;-610;0;0;302;0;3448;0.0;3448.0;1587.0
76;Occitanie;2024-06-12;07:00;3323;1;2432;291;174;1813;-37;83;-1434;0;0;291;0;4757;0.0;4757.0;2432.0
76;Occitanie;2024-06-12;08:00;3523;1;2441;324;624;1749;-37;87;-1665;0;0;324;0;5189;0.0;5189.0;2441.0
76;Occitanie;2024-06-12;09:00;3711;1;2427;323;907;1615;-37;87;-1610;0;0;323;0;5323;0.0;5323.0;2427.0
76;Occitanie;2024-06-12;10:00;3931;1;1917;366;1794;983;-37;85;-1178;0;0;366;0;5109;0.0;5109.0;1917.0
76;Occitanie;2024-06-12;11:00;3966;6;1656;402;2110;998;-139;87;-1153;0;0;402;0;5120;0.0;5120.0;1656.0
76;Occitanie;2024-06-12;12:00;4096;1;1610;545;2639;1045;-309;85;-1520;0;0;545;0;5616;0.0;5616.0;1610.0
76;Occitanie;2024-06-12;13:00;4337;1;1548;557;2683;1303;-51;86;-1789;0;0;557;0;6127;0.0;6127.0;1548.0
76;Occitanie;2024-06-12;14:00;4077;1;1601;510;2344;972;-456;89;-983;0;0;510;0;5061;0.0;5061.0;1601.0
76;Occitanie;2024-06-12;15:00;3935;1;1682;521;1909;995;-455;88;-807;0;0;521;0;4741;0.0;4741.0;1682.0
76;Occitanie;2024-06-12;16:00;3798;1;1673;561;1546;985;-454;84;-598;0;0;561;0;4396;0.0;4396.0;1673.0
76;Occitanie;2024-06-12;17:00;3781;1;1683;533;1299;980;-413;85;-385;0;0;533;0;4168;0.0;4168.0;1683.0
76;Occitanie;2024-06-12;18:00;3594;1;1717;527;912;1017;-88;79;-569;0;0;527;0;4165;0.0;4165.0;1717.0
76;Occitanie;2024-06-12;19:00;3816;1;2377;499;642;1895;-14;79;-1664;0;0;499;0;5479;0.0;5479.0;2377.0
76;Occitanie;2024-06-12;20:00;3878;1;2422;474;396;1718;-14;80;-1197;0;0;474;0;5077;0.0;5077.0;2422.0
76;Occitanie;2024-06-12;21:00;3562;1;2450;469;124;2178;-14;80;-1726;0;0;469;0;5288;0.0;5288.0;2450.0
76;Occitanie;2024-06-12;22:00;3584;1;2404;511;0;2049;-14;81;-1449;0;0;511;0;5032;0.0;5032.0;2404.0
76;Occitanie;2024-06-12;23:00;3827;1;2423;522;0;2134;-14;81;-1321;0;0;522;0;5147;0.0;5147.0;2423.0
76;Occitanie;2024-06-22;00:00;3732;1;2414;669;0;2088;-17;99;-1522;0;0;669;0;5254;0.0;5254.0;2414.0
76;Occitanie;2024-06-22;01:00;3242;1;2402;642;0;1978;-17;100;-1863;0;0;642;0;5106;0.0;5106.0;2402.0
76;Occitanie;2024-06-22;02:00;3241;1;2410;625;0;1639;-64;98;-1469;0;0;625;0;4709;0.0;4709.0;2410.0
76;Occitanie;2024-06-22;03:00;3032;1;1881;566;0;1065;-244;97;-333;0;0;566;0;3366;0.0;3366.0;1881.0
76;Occitanie;2024-06-22;04:00;2800;1;1609;533;0;1043;-585;99;101;0;0;533;0;2700;0.0;2700.0;1609.0
76;Occitanie;2024-06-22;05:00;2643;1;1704;555;0;995;-675;99;-36;0;0;555;0;2679;0.0;2679.0;1704.0
76;Occitanie;2024-06-22;06:00;2600;1;1679;564;0;1006;-675;98;-74;0;0;564;0;2673;0.0;2673.0;1679.0
76;Occitanie;2024-06-22;07:00;2735;1;1607;581;164;994;-53;98;-654;0;0;581;0;3392;0.0;3392.0;1607.0
76;Occitanie;2024-06-22;08:00;2960;1;1635;602;556;991;-674;101;-252;0;0;602;0;3212;0.0;3212.0;1635.0
76;Occitanie;2024-06-22;09:00;3231;1;1651;613;1025;994;-684;100;-470;0;0;613;0;3700;0.0;3700.0;1651.0
76;Occitanie;2024-06-22;10:00;3469;1;1601;649;1206;967;-693;102;-364;0;0;649;0;3833;0.0;3833.0;1601.0
76;Occitanie;2024-06-22;11:00;3696;1;1575;572;1471;1044;-693;101;-373;0;0;572;0;4071;0.0;4071.0;1575.0
76;Occitanie;2024-06-22;12:00;3938;1;1573;562;1554;1054;-693;100;-213;0;0;562;0;4151;0.0;4151.0;1573.0
76;Occitanie;2024-06-22;13:00;4144;1;1571;575;1631;1051;-693;98;-89;0;0;575;0;4234;0.0;4234.0;1571.0
76;Occitanie;2024-06-22;14:00;3921;1;1569;528;1614;1047;-694;98;-240;0;0;528;0;4163;0.0;4163.0;1569.0
76;Occitanie;2024-06-22;15:00;3652;1;1564;716;1076;1036;-691;97;-148;0;0;716;0;3799;0.0;3799.0;1564.0
76;Occitanie;2024-06-22;16:00;3499;1;1564;778;916;1039;-689;98;-207;0;0;778;0;3707;0.0;3707.0;1564.0
76;Occitanie;2024-06-22;17:00;3517;1;1575;859;583;1039;-55;98;-581;0;0;859;0;4100;0.0;4100.0;1575.0
76;Occitanie;2024-06-22;18:00;3554;1;1608;902;456;1024;-573;99;38;0;0;902;0;3517;0.0;3517.0;1608.0
76;Occitanie;2024-06-22;19:00;3485;1;1642;921;289;1026;-666;99;174;0;0;921;0;3312;0.0;3312.0;1642.0
76;Occitanie;2024-06-22;20:00;3612;1;2420;980;83;1242;-53;99;-1160;0;0;980;0;4772;0.0;4772.0;2420.0
76;Occitanie;2024-06-22;21:00;3366;1;2450;917;37;1256;-18;99;-1376;0;0;917;0;4742;0.0;4742.0;2450.0
76;Occitanie;2024-06-22;22:00;3399;1;2467;808;0;2026;-17;98;-1984;0;0;808;0;5383;0.0;5383.0;2467.0
76;Occitanie;2024-06-22;23:00;3638;1;2427;756;0;2318;-17;98;-1945;0;0;756;0;5583;0.0;5583.0;2427.0
76;Occitanie;2024-08-13;00:00;4212;1;257;0;0;1403;0;110;2443;0;0;0;0;1771;0.0;1771.0;257.0
76;Occitanie;2024-08-13;01:00;3701;1;257;0;0;507;0;107;2830;0;0;0;0;872;0.0;872.0;257.0
76;Occitanie;2024-08-13;02:00;3498;1;256;12;0;812;-8;113;2312;0;0;12;0;1186;0.0;1186.0;256.0
76;Occitanie;2024-08-13;03:00;3298;1;258;78;0;742;-21;114;2126;0;0;78;0;1172;0.0;1172.0;258.0
76;Occitanie;2024-08-13;04:00;3224;1;258;222;0;399;-23;114;2253;0;0;222;0;971;0.0;971.0;258.0
76;Occitanie;2024-08-13;05:00;3093;1;259;151;0;419;-23;116;2172;0;0;151;0;923;0.0;923.0;259.0
76;Occitanie;2024-08-13;06:00;3309;1;259;46;0;472;-14;116;2429;0;0;46;0;880;0.0;880.0;259.0
76;Occitanie;2024-08-13;07:00;3438;1;259;35;43;528;-1;115;2458;0;0;35;0;980;0.0;980.0;259.0
76;Occitanie;2024-08-13;08:00;3660;1;259;30;361;580;0;115;2315;0;0;30;0;1346;0.0;1346.0;259.0
76;Occitanie;2024-08-13;09:00;3945;1;258;27;594;565;0;115;2386;0;0;27;0;1560;0.0;1560.0;258.0
76;Occitanie;2024-08-13;10:00;4397;6;256;25;1313;470;0;114;2212;0;0;25;0;2184;0.0;2184.0;256.0
76;Occitanie;2024-08-13;11:00;4458;2;256;29;1498;385;0;113;2174;0;0;29;0;2283;0.0;2283.0;256.0
76;Occitanie;2024-08-13;12:00;4621;1;256;44;1777;631;0;114;1800;0;0;44;0;2823;0.0;2823.0;256.0
76;Occitanie;2024-08-13;13:00;4853;1;255;27;2008;772;-10;111;1690;0;0;27;0;3164;0.0;3164.0;255.0
76;Occitanie;2024-08-13;14:00;4867;1;254;29;2079;408;-12;113;1994;0;0;29;0;2872;0.0;2872.0;254.0
76;Occitanie;2024-08-13;15:00;4741;1;1181;47;2061;376;-416;110;1380;0;0;47;0;3360;0.0;3360.0;1181.0
76;Occitanie;2024-08-13;16:00;4565;1;1210;40;1853;415;-78;107;1017;0;0;40;0;3548;0.0;3548.0;1210.0
76;Occitanie;2024-08-13;17:00;4530;1;1213;114;1315;838;0;112;937;0;0;114;0;3593;0.0;3593.0;1213.0
76;Occitanie;2024-08-13;18:00;4532;1;1213;121;942;1095;0;103;1058;0;0;121;0;3475;0.0;3475.0;1213.0
76;Occitanie;2024-08-13;19:00;4477;1;1215;86;404;1341;0;114;1316;0;0;86;0;3161;0.0;3161.0;1215.0
76;Occitanie;2024-08-13;20:00;4297;1;1217;67;234;1488;0;115;1176;0;0;67;0;3122;0.0;3122.0;1217.0
76;Occitanie;2024-08-13;21:00;4132;1;1219;149;16;1270;0;115;1361;0;0;149;0;2770;0.0;2770.0;1219.0
76;Occitanie;2024-08-13;22:00;4002;1;1216;141;0;1208;0;111;1325;0;0;141;0;2677;0.0;2677.0;1216.0
76;Occitanie;2024-08-13;23:00;4160;1;1218;180;0;1567;0;116;1079;0;0;180;0;3082;0.0;3082.0;1218.0
76;Occitanie;2024-09-17;00:00;3676;1;1216;1040;0;1076;0;92;251;0;0;1040;0;3425;0.0;3425.0;1216.0
76;Occitanie;2024-09-17;01:00;2990;1;1221;983;0;391;0;89;305;0;0;983;0;2685;0.0;2685.0;1221.0
76;Occitanie;2024-09-17;02:00;2926;1;1226;889;0;378;0;86;346;0;0;889;0;2580;0.0;2580.0;1226.0
76;Occitanie;2024-09-17;03:00;2876;1;1227;842;0;327;-319;82;717;0;0;842;0;2160;0.0;2160.0;1227.0
76;Occitanie;2024-09-17;04:00;2747;1;1227;810;0;314;-579;87;888;0;0;810;0;1860;0.0;1860.0;1227.0
76;Occitanie;2024-09-17;05:00;2658;1;1228;838;0;327;-616;90;789;0;0;838;0;1868;0.0;1868.0;1228.0
76;Occitanie;2024-09-17;06:00;2898;1;1229;662;0;578;0;92;337;0;0;662;0;2562;0.0;2562.0;1229.0
76;Occitanie;2024-09-17;07:00;3412;1;1228;494;0;1333;0;92;264;0;0;494;0;3148;0.0;3148.0;1228.0
76;Occitanie;2024-09-17;08:00;3567;1;1230;499;156;1330;0;92;259;0;0;499;0;3308;0.0;3308.0;1230.0
76;Occitanie;2024-09-17;09:00;3758;1;1228;457;782;1244;-2;95;-46;0;0;457;0;3805;0.0;3805.0;1228.0
76;Occitanie;2024-09-17;10:00;3961;2;1225;421;1440;1108;-2;97;-329;0;0;421;0;4291;0.0;4291.0;1225.0
76;Occitanie;2024-09-17;11:00;3967;2;1221;402;1961;357;0;88;-65;0;0;402;0;4031;0.0;4031.0;1221.0
76;Occitanie;2024-09-17;12:00;4153;2;1219;395;2210;348;-620;92;506;0;0;395;0;3646;0.0;3646.0;1219.0
76;Occitanie;2024-09-17;13:00;4437;3;1218;379;2258;346;-619;94;759;0;0;379;0;3679;0.0;3679.0;1218.0
76;Occitanie;2024-09-17;14:00;4101;3;620;349;2219;308;-655;90;1167;0;0;349;0;2934;0.0;2934.0;620.0
76;Occitanie;2024-09-17;15:00;3868;1;597;316;1994;315;-655;97;1203;0;0;316;0;2665;0.0;2665.0;597.0
76;Occitanie;2024-09-17;16:00;3798;1;596;305;1572;292;-653;98;1587;0;0;305;0;2211;0.0;2211.0;596.0
76;Occitanie;2024-09-17;17:00;3669;1;596;303;1285;306;-652;99;1732;0;0;303;0;1938;0.0;1938.0;596.0
76;Occitanie;2024-09-17;18:00;3791;1;1206;276;441;744;0;96;1029;0;0;276;0;2764;0.0;2764.0;1206.0
76;Occitanie;2024-09-17;19:00;3851;1;1208;200;74;1193;0;96;1079;0;0;200;0;2772;0.0;2772.0;1208.0
76;Occitanie;2024-09-17;20:00;3949;1;1209;155;13;1359;0;96;1116;0;0;155;0;2833;0.0;2833.0;1209.0
76;Occitanie;2024-09-17;21:00;3724;1;1209;114;3;1264;0;98;1037;0;0;114;0;2689;0.0;2689.0;1209.0
76;Occitanie;2024-09-17;22:00;3396;1;1208;75;2;1414;0;94;602;0;0;75;0;2794;0.0;2794.0;1208.0
76;Occitanie;2024-09-17;23:00;3641;1;1209;48;2;1292;0;96;993;0;0;48;0;2648;0.0;2648.0;1209.0
76;Occitanie;2024-10-04;00:00;3632;1;2090;812;0;1844;-29;83;-1168;0;0;812;0;4801;0.0;4801.0;2090.0
76;Occitanie;2024-10-04;01:00;3202;1;2094;749;0;1833;-36;85;-1523;0;0;749;0;4726;0.0;4726.0;2094.0
76;Occitanie;2024-10-04;02:00;3094;1;2096;724;0;1785;-36;84;-1561;0;0;724;0;4654;0.0;4654.0;2096.0
76;Occitanie;2024-10-04;03:00;3044;1;2097;725;0;1699;-36;83;-1524;0;0;725;0;4569;0.0;4569.0;2097.0
76;Occitanie;2024-10-04;04:00;2771;1;2098;752;0;1434;-36;82;-1559;0;0;752;0;4331;0.0;4331.0;2098.0
76;Occitanie;2024-10-04;05:00;2812;1;2100;735;0;1447;-36;83;-1518;0;0;735;0;4330;0.0;4330.0;2100.0
76;Occitanie;2024-10-04;06:00;3096;1;2101;759;0;1917;0;80;-1761;0;0;759;0;4858;0.0;4858.0;2101.0
76;Occitanie;2024-10-04;07:00;3645;1;2101;790;0;2375;0;78;-1700;0;0;790;0;5345;0.0;5345.0;2101.0
76;Occitanie;2024-10-04;08:00;3804;9;2102;805;62;2514;0;77;-1766;0;0;805;0;5569;0.0;5569.0;2102.0
76;Occitanie;2024-10-04;09:00;4043;9;2104;795;531;2452;0;78;-1925;0;0;795;0;5969;0.0;5969.0;2104.0
76;Occitanie;2024-10-04;10:00;4083;9;2104;796;845;1927;0;77;-1675;0;0;796;0;5758;0.0;5758.0;2104.0
76;Occitanie;2024-10-04;11:00;4147;9;2103;808;1829;1458;-6;78;-2132;0;0;808;0;6279;0.0;6279.0;2103.0
76;Occitanie;2024-10-04;12:00;4241;9;2099;860;2344;1591;-10;82;-2735;0;0;860;0;6975;0.0;6975.0;2099.0
76;Occitanie;2024-10-04;13:00;4418;9;2096;932;2641;953;-29;79;-2262;0;0;932;0;6681;0.0;6681.0;2096.0
76;Occitanie;2024-10-04;14:00;4397;9;2094;933;2678;730;-350;83;-1779;0;0;933;0;6177;0.0;6177.0;2094.0
76;Occitanie;2024-10-04;15:00;4028;9;2092;940;2570;700;-453;88;-1919;0;0;940;0;5946;0.0;5946.0;2092.0
76;Occitanie;2024-10-04;16:00;3850;9;2090;949;2278;713;-271;93;-2013;0;0;949;0;5861;0.0;5861.0;2090.0
76;Occitanie;2024-10-04;17:00;3772;10;2088;914;1783;1483;-36;92;-2559;0;0;914;0;6334;0.0;6334.0;2088.0
76;Occitanie;2024-10-04;18:00;3668;8;2086;866;980;1633;-36;92;-1960;0;0;866;0;5629;0.0;5629.0;2086.0
76;Occitanie;2024-10-04;19:00;3861;5;2086;656;33;2794;0;95;-1808;0;0;656;0;5669;0.0;5669.0;2086.0
76;Occitanie;2024-10-04;20:00;4294;5;2086;633;2;2671;0;101;-1204;0;0;633;0;5498;0.0;5498.0;2086.0
76;Occitanie;2024-10-04;21:00;3818;1;2090;618;0;2602;0;104;-1598;0;0;618;0;5415;0.0;5415.0;2090.0
76;Occitanie;2024-10-04;22:00;3774;1;1872;469;0;2241;0;106;-914;0;0;469;0;4689;0.0;4689.0;1872.0
76;Occitanie;2024-10-04;23:00;4013;1;1052;417;0;2522;0;106;-85;0;0;417;0;4098;0.0;4098.0;1052.0
76;Occitanie;2024-11-04;00:00;3564;30;2544;401;0;1681;0;102;-1193;0;0;401;0;4758;0.0;4758.0;2544.0
76;Occitanie;2024-11-04;01:00;3233;30;2522;439;0;1246;-320;103;-787;0;0;439;0;4020;0.0;4020.0;2522.0
76;Occitanie;2024-11-04;02:00;3055;30;2506;500;0;1089;-405;105;-768;0;0;500;0;3825;0.0;3825.0;2506.0
76;Occitanie;2024-11-04;03:00;2910;30;2493;493;0;871;-805;101;-272;0;0;493;0;3183;0.0;3183.0;2493.0
76;Occitanie;2024-11-04;04:00;2737;30;2497;553;0;827;-802;102;-467;0;0;553;0;3207;0.0;3207.0;2497.0
76;Occitanie;2024-11-04;05:00;2775;30;2498;591;0;856;-669;98;-629;0;0;591;0;3404;0.0;3404.0;2498.0
76;Occitanie;2024-11-04;06:00;3110;30;2550;567;0;1278;0;86;-1400;0;0;567;0;4511;0.0;4511.0;2550.0
76;Occitanie;2024-11-04;07:00;3478;30;2567;562;0;2717;0;92;-2490;0;0;562;0;5968;0.0;5968.0;2567.0
76;Occitanie;2024-11-04;08:00;3661;34;2567;552;153;2814;0;98;-2556;0;0;552;0;6218;0.0;6218.0;2567.0
76;Occitanie;2024-11-04;09:00;3909;33;2567;502;628;2586;0;92;-2499;0;0;502;0;6408;0.0;6408.0;2567.0
76;Occitanie;2024-11-04;10:00;4001;36;2564;418;1154;1927;0;98;-2195;0;0;418;0;6197;0.0;6197.0;2564.0
76;Occitanie;2024-11-04;11:00;3932;38;2561;392;1585;1525;-3;97;-2264;0;0;392;0;6195;0.0;6195.0;2561.0
76;Occitanie;2024-11-04;12:00;4197;39;2558;412;1775;1378;-3;97;-2059;0;0;412;0;6256;0.0;6256.0;2558.0
76;Occitanie;2024-11-04;13:00;4271;35;2550;421;1769;1357;-3;98;-1956;0;0;421;0;6227;0.0;6227.0;2550.0
76;Occitanie;2024-11-04;14:00;4200;39;2538;400;1603;1223;-517;97;-1183;0;0;400;0;5383;0.0;5383.0;2538.0
76;Occitanie;2024-11-04;15:00;3845;35;2534;409;1203;833;-601;97;-666;0;0;409;0;4510;0.0;4510.0;2534.0
76;Occitanie;2024-11-04;16:00;3763;35;2529;427;696;1303;-493;97;-832;0;0;427;0;4594;0.0;4594.0;2529.0
76;Occitanie;2024-11-04;17:00;3526;35;2530;440;69;2042;0;95;-1685;0;0;440;0;5211;0.0;5211.0;2530.0
76;Occitanie;2024-11-04;18:00;3990;39;2536;474;1;3016;0;93;-2168;0;0;474;0;6159;0.0;6159.0;2536.0
76;Occitanie;2024-11-04;19:00;4302;39;2536;482;0;3034;0;93;-1882;0;0;482;0;6184;0.0;6184.0;2536.0
76;Occitanie;2024-11-04;20:00;4245;40;2537;478;0;2849;0;91;-1749;0;0;478;0;5995;0.0;5995.0;2537.0
76;Occitanie;2024-11-04;21:00;3895;36;2542;458;0;2583;0;93;-1817;0;0;458;0;5712;0.0;5712.0;2542.0
76;Occitanie;2024-11-04;22:00;3529;36;2542;423;0;2181;0;92;-1745;0;0;423;0;5274;0.0;5274.0;2542.0
76;Occitanie;2024-11-04;23:00;3831;36;2546;430;0;2029;0;91;-1302;0;0;430;0;5132;0.0;5132.0;2546.0
76;Occitanie;2024-12-02;00:00;4483;41;2471;51;0;731;-864;96;1957;0;0;51;0;2526;0.0;2526.0;2471.0
76;Occitanie;2024-12-02;01:00;4138;41;2489;34;0;682;-387;98;1182;0;0;34;0;2957;0.0;2957.0;2489.0
76;Occitanie;2024-12-02;02:00;4088;41;2484;46;0;672;-420;96;1168;0;0;46;0;2919;0.0;2919.0;2484.0
76;Occitanie;2024-12-02;03:00;3955;41;2499;65;0;633;-420;95;1041;0;0;65;0;2913;0.0;2913.0;2499.0
76;Occitanie;2024-12-02;04:00;3810;41;2493;30;0;617;-849;97;1382;0;0;30;0;2429;0.0;2429.0;2493.0
76;Occitanie;2024-12-02;05:00;3830;42;2487;41;0;631;-645;96;1179;0;0;41;0;2652;0.0;2652.0;2487.0
76;Occitanie;2024-12-02;06:00;4273;42;2500;41;0;744;-205;97;1054;0;0;41;0;3219;0.0;3219.0;2500.0
76;Occitanie;2024-12-02;07:00;4755;42;2558;30;0;1737;-74;95;366;0;0;30;0;4388;0.0;4388.0;2558.0
76;Occitanie;2024-12-02;08:00;5029;42;2567;44;0;2368;0;96;-87;0;0;44;0;5117;0.0;5117.0;2567.0
76;Occitanie;2024-12-02;09:00;5142;43;2594;60;300;2333;0;93;-279;0;0;60;0;5423;0.0;5423.0;2594.0
76;Occitanie;2024-12-02;10:00;5130;42;2589;55;493;1889;0;91;-29;0;0;55;0;5159;0.0;5159.0;2589.0
76;Occitanie;2024-12-02;11:00;5038;42;2582;117;824;1768;0;91;-386;0;0;117;0;5424;0.0;5424.0;2582.0
76;Occitanie;2024-12-02;12:00;5184;42;2574;248;839;1547;0;95;-159;0;0;248;0;5345;0.0;5345.0;2574.0
76;Occitanie;2024-12-02;13:00;5212;41;2573;327;781;1531;0;96;-135;0;0;327;0;5349;0.0;5349.0;2573.0
76;Occitanie;2024-12-02;14:00;5130;45;2572;559;686;1532;-365;96;4;0;0;559;0;5125;0.0;5125.0;2572.0
76;Occitanie;2024-12-02;15:00;4872;41;2564;569;477;1504;-403;95;25;0;0;569;0;4847;0.0;4847.0;2564.0
76;Occitanie;2024-12-02;16:00;4766;47;2563;568;259;1553;0;97;-323;0;0;568;0;5087;0.0;5087.0;2563.0
76;Occitanie;2024-12-02;17:00;4806;45;2566;744;5;2566;0;100;-1220;0;0;744;0;6026;0.0;6026.0;2566.0
76;Occitanie;2024-12-02;18:00;5133;45;2564;877;1;2516;0;102;-971;0;0;877;0;6105;0.0;6105.0;2564.0
76;Occitanie;2024-12-02;19:00;5392;45;2564;915;0;3169;0;101;-1402;0;0;915;0;6794;0.0;6794.0;2564.0
76;Occitanie;2024-12-02;20:00;5231;45;2564;899;0;2991;0;102;-1371;0;0;899;0;6601;0.0;6601.0;2564.0
76;Occitanie;2024-12-02;21:00;4853;41;2568;896;0;1933;0;101;-685;0;0;896;0;5539;0.0;5539.0;2568.0
76;Occitanie;2024-12-02;22:00;4569;41;2575;840;0;1508;0;101;-497;0;0;840;0;5065;0.0;5065.0;2575.0
76;Occitanie;2024-12-02;23:00;4807;41;2576;833;0;1373;0;99;-115;0;0;833;0;4922;0.0;4922.0;2576.0
84;Auvergne-Rhône-Alpes;2024-01-18;00:00;8315;353;9846;294;0;4477;-3;133;-6784;0;0;294;0;15100;2845.0;12255.0;7001.0
84;Auvergne-Rhône-Alpes;2024-01-18;01:00;8040;144;9844;334;0;4287;-3;132;-6699;0;0;334;0;14738;2843.0;11895.0;7001.0
84;Auvergne-Rhône-Alpes;2024-01-18;02:00;8008;138;9847;396;0;4320;-82;130;-6742;0;0;396;0;14749;2845.0;11904.0;7002.0
84;Auvergne-Rhône-Alpes;2024-01-18;03:00;7866;137;9847;393;0;4158;-82;132;-6720;0;0;393;0;14585;2844.0;11741.0;7003.0
84;Auvergne-Rhône-Alpes;2024-01-18;04:00;7706;138;9767;392;0;4154;-370;123;-6498;0;0;392;0;14204;2759.0;11445.0;7008.0
84;Auvergne-Rhône-Alpes;2024-01-18;05:00;7847;140;9764;445;0;3634;-782;122;-5475;0;0;445;0;13323;2767.0;10556.0;6997.0
84;Auvergne-Rhône-Alpes;2024-01-18;06:00;8153;140;9785;451;0;3933;-372;120;-5904;0;0;451;0;14057;2787.0;11270.0;6998.0
84;Auvergne-Rhône-Alpes;2024-01-18;07:00;8637;240;9771;468;0;4831;-2;119;-6790;0;0;468;0;15427;2774.0;12653.0;6997.0
84;Auvergne-Rhône-Alpes;2024-01-18;08:00;9020;486;9781;475;0;5561;-2;117;-7397;0;0;475;0;16418;2781.0;13637.0;7000.0
84;Auvergne-Rhône-Alpes;2024-01-18;09:00;9308;535;9818;484;37;6592;-2;117;-8272;0;0;484;0;17581;2820.0;14761.0;6998.0
84;Auvergne-Rhône-Alpes;2024-01-18;10:00;9323;534;9785;473;67;6124;-2;117;-7775;0;0;473;0;17098;2812.0;14286.0;6973.0
84;Auvergne-Rhône-Alpes;2024-01-18;11:00;9509;542;9810;470;147;6291;-3;110;-7859;0;0;470;0;17367;2813.0;14554.0;6997.0
84;Auvergne-Rhône-Alpes;2024-01-18;12:00;9569;549;9764;422;130;5723;-3;114;-7132;0;0;422;0;16699;2769.0;13930.0;6995.0
84;Auvergne-Rhône-Alpes;2024-01-18;13:00;9501;550;9804;358;158;4856;-2;119;-6342;0;0;358;0;15843;2813.0;13030.0;6991.0
84;Auvergne-Rhône-Alpes;2024-01-18;14:00;9485;546;9805;307;166;4696;-2;120;-6153;0;0;307;0;15638;2812.0;12826.0;6993.0
84;Auvergne-Rhône-Alpes;2024-01-18;15:00;9323;549;9810;205;109;4576;-2;123;-6047;0;0;205;0;15370;2824.0;12546.0;6986.0
84;Auvergne-Rhône-Alpes;2024-01-18;16:00;9294;553;9812;204;73;4683;-2;124;-6154;0;0;204;0;15447;2841.0;12606.0;6971.0
84;Auvergne-Rhône-Alpes;2024-01-18;17:00;9208;559;9789;141;2;5745;-2;121;-7147;0;0;141;0;16355;2809.0;13546.0;6980.0
84;Auvergne-Rhône-Alpes;2024-01-18;18:00;9581;556;9793;163;0;6877;-2;123;-7928;0;0;163;0;17510;2812.0;14698.0;6981.0
84;Auvergne-Rhône-Alpes;2024-01-18;19:00;9828;557;9798;152;0;7533;-2;121;-8331;0;0;152;0;18159;2816.0;15343.0;6982.0
84;Auvergne-Rhône-Alpes;2024-01-18;20:00;9716;559;9782;181;0;7046;-2;118;-7967;0;0;181;0;17684;2821.0;14863.0;6961.0
84;Auvergne-Rhône-Alpes;2024-01-18;21:00;9490;558;9854;216;0;5171;-2;117;-6425;0;0;216;0;15914;2846.0;13068.0;7008.0
84;Auvergne-Rhône-Alpes;2024-01-18;22:00;9076;559;9856;234;0;4639;-2;114;-6323;0;0;234;0;15400;2846.0;12554.0;7010.0
84;Auvergne-Rhône-Alpes;2024-01-18;23:00;9401;560;9857;205;0;4374;-2;113;-5705;0;0;205;0;15107;2844.0;12263.0;7013.0
84;Auvergne-Rhône-Alpes;2024-02-04;00:00;7718;140;10710;177;0;3719;-972;128;-6183;0;0;177;0;13902;4459.0;9443.0;6251.0
84;Auvergne-Rhône-Alpes;2024-02-04;01:00;7361;138;10394;175;0;2535;-1173;128;-4836;0;0;175;0;12197;4423.0;7774.0;5971.0
84;Auvergne-Rhône-Alpes;2024-02-04;02:00;7428;138;10428;188;0;2227;-1335;129;-4346;0;0;188;0;11775;4429.0;7346.0;5999.0
84;Auvergne-Rhône-Alpes;2024-02-04;03:00;7417;138;9650;180;0;2076;-1378;129;-3377;0;0;180;0;10795;4177.0;6618.0;5473.0
84;Auvergne-Rhône-Alpes;2024-02-04;04:00;7108;138;8987;184;0;1825;-1387;129;-2767;0;0;184;0;9876;3825.0;6051.0;5162.0
84;Auvergne-Rhône-Alpes;2024-02-04;05:00;7015;138;9131;202;0;1816;-1824;130;-2577;0;0;202;0;9593;3819.0;5774.0;5312.0
84;Auvergne-Rhône-Alpes;2024-02-04;06:00;7046;138;9115;234;0;1757;-1921;129;-2405;0;0;234;0;9452;3857.0;5595.0;5258.0
84;Auvergne-Rhône-Alpes;2024-02-04;07:00;7096;138;9083;242;0;1830;-1690;126;-2634;0;0;242;0;9729;3825.0;5904.0;5258.0
84;Auvergne-Rhône-Alpes;2024-02-04;08:00;7231;138;9132;232;9;2070;-1512;127;-2966;0;0;232;0;10196;3810.0;6386.0;5322.0
84;Auvergne-Rhône-Alpes;2024-02-04;09:00;7656;138;9148;213;147;2280;-880;125;-3516;0;0;213;0;11171;3856.0;7315.0;5292.0
84;Auvergne-Rhône-Alpes;2024-02-04;10:00;7948;138;9169;182;359;2984;-684;125;-4325;0;0;182;0;12273;3864.0;8409.0;5305.0
84;Auvergne-Rhône-Alpes;2024-02-04;11:00;7954;138;9493;161;542;2845;-548;123;-4800;0;0;161;0;12754;3871.0;8883.0;5622.0
84;Auvergne-Rhône-Alpes;2024-02-04;12:00;8148;138;10031;136;671;2470;-727;124;-4694;0;0;136;0;12843;3863.0;8980.0;6168.0
84;Auvergne-Rhône-Alpes;2024-02-04;13:00;7955;138;9958;133;722;2237;-978;126;-4380;0;0;133;0;12336;3856.0;8480.0;6102.0
84;Auvergne-Rhône-Alpes;2024-02-04;14:00;7543;138;9896;126;776;2055;-1698;125;-3874;0;0;126;0;11418;3862.0;7556.0;6034.0
84;Auvergne-Rhône-Alpes;2024-02-04;15:00;7345;136;10597;136;616;2292;-1445;128;-5114;0;0;136;0;12460;4297.0;8163.0;6300.0
84;Auvergne-Rhône-Alpes;2024-02-04;16:00;7259;137;10560;137;493;2307;-1432;128;-5070;0;0;137;0;12330;4442.0;7888.0;6118.0
84;Auvergne-Rhône-Alpes;2024-02-04;17:00;7060;138;10575;140;86;2512;-741;128;-5776;0;0;140;0;12838;4467.0;8371.0;6108.0
84;Auvergne-Rhône-Alpes;2024-02-04;18:00;7757;138;10593;171;0;3211;-705;127;-5778;0;0;171;0;13535;4437.0;9098.0;6156.0
84;Auvergne-Rhône-Alpes;2024-02-04;19:00;8458;138;10704;192;0;4399;-7;126;-7095;0;0;192;0;15552;4433.0;11119.0;6271.0
84;Auvergne-Rhône-Alpes;2024-02-04;20:00;8514;138;10688;206;0;4132;-7;127;-6770;0;0;206;0;15284;4449.0;10835.0;6239.0
84;Auvergne-Rhône-Alpes;2024-02-04;21:00;8123;138;10697;202;0;3541;-8;127;-6574;0;0;202;0;14697;4448.0;10249.0;6249.0
84;Auvergne-Rhône-Alpes;2024-02-04;22:00;7859;138;10668;192;0;2776;-172;129;-5872;0;0;192;0;13731;4428.0;9303.0;6240.0
84;Auvergne-Rhône-Alpes;2024-02-04;23:00;8016;138;10579;211;0;2808;-634;129;-5216;0;0;211;0;13231;4429.0;8802.0;6150.0
84;Auvergne-Rhône-Alpes;2024-03-12;00:00;8100;578;9518;233;0;4372;-2;123;-6722;0;0;233;0;14822;3609.0;11213.0;5909.0
84;Auvergne-Rhône-Alpes;2024-03-12;01:00;7718;579;9524;239;0;4037;-2;123;-6782;0;0;239;0;14500;3609.0;10891.0;5915.0
84;Auvergne-Rhône-Alpes;2024-03-12;02:00;7792;399;9532;202;0;3882;-2;123;-6344;0;0;202;0;14136;3609.0;10527.0;5923.0
84;Auvergne-Rhône-Alpes;2024-03-12;03:00;7618;349;9535;201;0;3618;-2;124;-6207;0;0;201;0;13825;3610.0;10215.0;5925.0
84;Auvergne-Rhône-Alpes;2024-03-12;04:00;7492;349;9537;202;0;3689;-2;121;-6403;0;0;202;0;13896;3610.0;10286.0;5927.0
84;Auvergne-Rhône-Alpes;2024-03-12;05:00;7673;521;9541;182;0;3595;-2;121;-6286;0;0;182;0;13958;3611.0;10347.0;5930.0
84;Auvergne-Rhône-Alpes;2024-03-12;06:00;7994;561;9535;154;0;4386;-2;118;-6757;0;0;154;0;14752;3610.0;11142.0;5925.0
84;Auvergne-Rhône-Alpes;2024-03-12;07:00;8525;575;9536;157;6;5777;-2;119;-7643;0;0;157;0;16168;3610.0;12558.0;5926.0
84;Auvergne-Rhône-Alpes;2024-03-12;08:00;8901;582;9532;157;132;6160;-2;117;-7777;0;0;157;0;16678;3610.0;13068.0;5922.0
84;Auvergne-Rhône-Alpes;2024-03-12;09:00;9089;579;9524;134;396;5505;-2;115;-7163;0;0;134;0;16251;3608.0;12643.0;5916.0
84;Auvergne-Rhône-Alpes;2024-03-12;10:00;9027;575;9522;131;529;4935;-2;116;-6779;0;0;131;0;15806;3605.0;12201.0;5917.0
84;Auvergne-Rhône-Alpes;2024-03-12;11:00;8940;571;9060;151;760;4794;-2;117;-6511;0;0;151;0;15451;3329.0;12122.0;5731.0
84;Auvergne-Rhône-Alpes;2024-03-12;12:00;8911;572;8987;174;900;4034;-2;119;-5874;0;0;174;0;14784;3080.0;11704.0;5907.0
84;Auvergne-Rhône-Alpes;2024-03-12;13:00;8795;557;8980;185;809;3842;-240;121;-5458;0;0;185;0;14254;3082.0;11172.0;5898.0
84;Auvergne-Rhône-Alpes;2024-03-12;14:00;8580;558;8943;164;753;3657;-379;121;-5238;0;0;164;0;13817;3067.0;10750.0;5876.0
84;Auvergne-Rhône-Alpes;2024-03-12;15:00;8348;560;8957;178;645;3463;-362;121;-5212;0;0;178;0;13562;3051.0;10511.0;5906.0
84;Auvergne-Rhône-Alpes;2024-03-12;16:00;8238;551;9344;174;452;3150;-499;128;-5062;0;0;174;0;13300;3189.0;10111.0;6155.0
84;Auvergne-Rhône-Alpes;2024-03-12;17:00;8124;543;9478;162;332;3296;-523;126;-5290;0;0;162;0;13414;3509.0;9905.0;5969.0
84;Auvergne-Rhône-Alpes;2024-03-12;18:00;8269;561;9457;129;29;3704;-2;126;-5736;0;0;129;0;14004;3596.0;10408.0;5861.0
84;Auvergne-Rhône-Alpes;2024-03-12;19:00;8784;569;9433;169;0;5610;-2;127;-7123;0;0;169;0;15906;3543.0;12363.0;5890.0
84;Auvergne-Rhône-Alpes;2024-03-12;20:00;8730;569;9416;174;0;5266;-2;128;-6822;0;0;174;0;15551;3519.0;12032.0;5897.0
84;Auvergne-Rhône-Alpes;2024-03-12;21:00;8264;572;9516;195;0;4396;-2;129;-6543;0;0;195;0;14806;3596.0;11210.0;5920.0
84;Auvergne-Rhône-Alpes;2024-03-12;22:00;7936;574;9521;191;0;3925;-2;128;-6402;0;0;191;0;14337;3614.0;10723.0;5907.0
84;Auvergne-Rhône-Alpes;2024-03-12;23:00;8191;574;9529;180;0;4168;-2;127;-6385;0;0;180;0;14576;3615.0;10961.0;5914.0
84;Auvergne-Rhône-Alpes;2024-06-12;00:00;6192;9;8824;197;0;5308;-5;102;-8243;0;0;197;0;14435;2621.0;11814.0;6203.0
84;Auvergne-Rhône-Alpes;2024-06-12;01:00;5748;9;8769;210;0;4570;-5;102;-7906;0;0;210;0;13655;2620.0;11035.0;6149.0
84;Auvergne-Rhône-Alpes;2024-06-12;02:00;5527;9;8753;218;0;4316;-408;101;-7462;0;0;218;0;12989;2619.0;10370.0;6134.0
84;Auvergne-Rhône-Alpes;2024-06-12;03:00;5462;9;8749;230;0;4126;-886;103;-6869;0;0;230;0;12331;2622.0;9709.0;6127.0
84;Auvergne-Rhône-Alpes;2024-06-12;04:00;5265;9;8743;231;0;3889;-1068;102;-6642;0;0;231;0;11906;2623.0;9283.0;6120.0
84;Auvergne-Rhône-Alpes;2024-06-12;05:00;5406;9;8764;253;0;3886;-980;101;-6628;0;0;253;0;12033;2625.0;9408.0;6139.0
84;Auvergne-Rhône-Alpes;2024-06-12;06:00;5758;9;8609;250;20;3898;-815;103;-6316;0;0;250;0;12074;2627.0;9447.0;5982.0
84;Auvergne-Rhône-Alpes;2024-06-12;07:00;6149;9;8583;244;165;4148;-132;103;-6971;0;0;244;0;13120;2627.0;10493.0;5956.0
84;Auvergne-Rhône-Alpes;2024-06-12;08:00;6658;9;8672;220;536;4650;-5;102;-7526;0;0;220;0;14184;2627.0;11557.0;6045.0
84;Auvergne-Rhône-Alpes;2024-06-12;09:00;7000;9;8754;204;992;4534;-5;101;-7588;0;0;204;0;14589;2622.0;11967.0;6132.0
84;Auvergne-Rhône-Alpes;2024-06-12;10:00;7105;9;8689;208;1220;4039;-116;101;-7045;0;0;208;0;14150;2619.0;11531.0;6070.0
84;Auvergne-Rhône-Alpes;2024-06-12;11:00;7137;9;8623;241;1621;3903;-922;101;-6439;0;0;241;0;13576;2611.0;10965.0;6012.0
84;Auvergne-Rhône-Alpes;2024-06-12;12:00;7238;9;8612;243;1685;3972;-1037;103;-6348;0;0;243;0;13587;2611.0;10976.0;6001.0
84;Auvergne-Rhône-Alpes;2024-06-12;13:00;7354;9;8575;224;1745;4229;-558;102;-6973;0;0;224;0;14326;2609.0;11717.0;5966.0
84;Auvergne-Rhône-Alpes;2024-06-12;14:00;7120;9;8586;218;1694;3547;-559;101;-6474;0;0;218;0;13596;2603.0;10993.0;5983.0
84;Auvergne-Rhône-Alpes;2024-06-12;15:00;6925;9;8739;208;1485;3586;-1362;100;-5839;0;0;208;0;12765;2605.0;10160.0;6134.0
84;Auvergne-Rhône-Alpes;2024-06-12;16:00;6839;9;8711;206;1411;3578;-1300;100;-5876;0;0;206;0;12715;2602.0;10113.0;6109.0
84;Auvergne-Rhône-Alpes;2024-06-12;17:00;6564;9;8648;215;1257;3634;-1006;98;-6291;0;0;215;0;12855;2602.0;10253.0;6046.0
84;Auvergne-Rhône-Alpes;2024-06-12;18:00;6674;9;8520;219;792;4188;-29;101;-7127;0;0;219;0;13800;2601.0;11199.0;5919.0
84;Auvergne-Rhône-Alpes;2024-06-12;19:00;6848;9;8593;195;440;4422;-5;101;-6907;0;0;195;0;13755;2603.0;11152.0;5990.0
84;Auvergne-Rhône-Alpes;2024-06-12;20:00;6516;9;8722;180;282;4643;-5;100;-7413;0;0;180;0;13931;2608.0;11323.0;6114.0
84;Auvergne-Rhône-Alpes;2024-06-12;21:00;6336;9;8760;203;70;5770;-5;100;-8571;0;0;203;0;14907;2608.0;12299.0;6152.0
84;Auvergne-Rhône-Alpes;2024-06-12;22:00;6309;9;8735;195;0;5375;-5;99;-8098;0;0;195;0;14408;2614.0;11794.0;6121.0
84;Auvergne-Rhône-Alpes;2024-06-12;23:00;6424;9;8752;198;0;5578;-5;97;-8203;0;0;198;0;14629;2618.0;12011.0;6134.0
84;Auvergne-Rhône-Alpes;2024-06-22;00:00;6043;337;8626;141;0;3692;-15;116;-6854;0;0;141;0;12897;2564.0;10333.0;6062.0
84;Auvergne-Rhône-Alpes;2024-06-22;01:00;5597;320;8587;126;0;3570;-15;115;-7106;0;0;126;0;12703;2559.0;10144.0;6028.0
84;Auvergne-Rhône-Alpes;2024-06-22;02:00;5466;349;8476;130;0;3553;-15;118;-7145;0;0;130;0;12611;2544.0;10067.0;5932.0
84;Auvergne-Rhône-Alpes;2024-06-22;03:00;5303;245;8485;122;0;3478;-305;118;-6841;0;0;122;0;12143;2534.0;9609.0;5951.0
84;Auvergne-Rhône-Alpes;2024-06-22;04:00;5016;11;8460;121;0;3329;-829;116;-6192;0;0;121;0;11208;2244.0;8964.0;6216.0
84;Auvergne-Rhône-Alpes;2024-06-22;05:00;4838;11;8129;121;0;3265;-896;113;-5905;0;0;121;0;10743;2004.0;8739.0;6125.0
84;Auvergne-Rhône-Alpes;2024-06-22;06:00;4852;11;8078;139;7;3295;-664;113;-6127;0;0;139;0;10979;1998.0;8981.0;6080.0
84;Auvergne-Rhône-Alpes;2024-06-22;07:00;4967;11;7740;152;87;3279;-661;114;-5755;0;0;152;0;10722;1962.0;8760.0;5778.0
84;Auvergne-Rhône-Alpes;2024-06-22;08:00;5276;11;7797;146;269;3271;-601;115;-5731;0;0;146;0;11008;1971.0;9037.0;5826.0
84;Auvergne-Rhône-Alpes;2024-06-22;09:00;5717;11;7740;161;468;3251;-581;116;-5447;0;0;161;0;11166;1974.0;9192.0;5766.0
84;Auvergne-Rhône-Alpes;2024-06-22;10:00;5931;11;7678;165;695;3244;-588;115;-5390;0;0;165;0;11320;1918.0;9402.0;5760.0
84;Auvergne-Rhône-Alpes;2024-06-22;11:00;6075;11;7691;150;786;3256;-578;115;-5356;0;0;150;0;11431;1918.0;9513.0;5773.0
84;Auvergne-Rhône-Alpes;2024-06-22;12:00;6309;11;6732;134;989;3286;-609;113;-4346;0;0;134;0;10656;1914.0;8742.0;4818.0
84;Auvergne-Rhône-Alpes;2024-06-22;13:00;6371;11;6402;124;1073;3310;-591;112;-4070;0;0;124;0;10441;1913.0;8528.0;4489.0
84;Auvergne-Rhône-Alpes;2024-06-22;14:00;6033;10;6063;126;1198;3362;-663;113;-4177;0;0;126;0;10209;1912.0;8297.0;4151.0
84;Auvergne-Rhône-Alpes;2024-06-22;15:00;5891;10;5560;120;1213;3289;-896;111;-3515;0;0;120;0;9407;1912.0;7495.0;3648.0
84;Auvergne-Rhône-Alpes;2024-06-22;16:00;5764;10;6079;108;1095;3270;-662;112;-4248;0;0;108;0;10012;1907.0;8105.0;4172.0
84;Auvergne-Rhône-Alpes;2024-06-22;17:00;5743;10;7133;145;797;3300;-15;112;-5739;0;0;145;0;11482;1919.0;9563.0;5214.0
84;Auvergne-Rhône-Alpes;2024-06-22;18:00;5868;11;7662;174;491;3371;-168;112;-5785;0;0;174;0;11653;1954.0;9699.0;5708.0
84;Auvergne-Rhône-Alpes;2024-06-22;19:00;5915;11;8366;179;287;3504;-339;114;-6206;0;0;179;0;12122;2454.0;9668.0;5912.0
84;Auvergne-Rhône-Alpes;2024-06-22;20:00;5883;11;8585;193;199;3535;-264;113;-6489;0;0;193;0;12372;2538.0;9834.0;6047.0
84;Auvergne-Rhône-Alpes;2024-06-22;21:00;5726;11;8619;238;62;3609;-15;114;-6913;0;0;238;0;12638;2568.0;10070.0;6051.0
84;Auvergne-Rhône-Alpes;2024-06-22;22:00;5812;11;8615;169;0;4787;-15;116;-7870;0;0;169;0;13683;2544.0;11139.0;6071.0
84;Auvergne-Rhône-Alpes;2024-06-22;23:00;6021;11;8616;168;0;4893;-15;116;-7768;0;0;168;0;13789;2540.0;11249.0;6076.0
84;Auvergne-Rhône-Alpes;2024-08-13;00:00;5900;6;8464;55;0;4134;-12;121;-6867;0;0;55;0;12768;1578.0;11190.0;6886.0
84;Auvergne-Rhône-Alpes;2024-08-13;01:00;5499;6;8414;52;0;3408;-12;119;-6487;0;0;52;0;11987;1581.0;10406.0;6833.0
84;Auvergne-Rhône-Alpes;2024-08-13;02:00;5388;6;7906;48;0;3157;-313;115;-5531;0;0;48;0;10919;1581.0;9338.0;6325.0
84;Auvergne-Rhône-Alpes;2024-08-13;03:00;5174;6;7427;28;0;2711;-563;118;-4553;0;0;28;0;9727;1584.0;8143.0;5843.0
84;Auvergne-Rhône-Alpes;2024-08-13;04:00;4863;6;7445;25;0;2501;-788;120;-4446;0;0;25;0;9309;1584.0;7725.0;5861.0
84;Auvergne-Rhône-Alpes;2024-08-13;05:00;4948;6;7453;14;0;2791;-563;120;-4874;0;0;14;0;9821;1589.0;8232.0;5864.0
84;Auvergne-Rhône-Alpes;2024-08-13;06:00;5221;6;7474;7;0;3381;-317;122;-5451;0;0;7;0;10673;1591.0;9082.0;5883.0
84;Auvergne-Rhône-Alpes;2024-08-13;07:00;5393;6;7467;3;43;3960;-14;121;-6194;0;0;3;0;11586;1591.0;9995.0;5876.0
84;Auvergne-Rhône-Alpes;2024-08-13;08:00;5829;6;7475;2;286;4016;-12;114;-6058;0;0;2;0;11887;1575.0;10312.0;5900.0
84;Auvergne-Rhône-Alpes;2024-08-13;09:00;6250;6;7474;3;688;3774;-12;118;-5800;0;0;3;0;12051;1561.0;10490.0;5913.0
84;Auvergne-Rhône-Alpes;2024-08-13;10:00;6258;9;7477;9;1098;3278;-22;115;-5707;0;0;9;0;11964;1559.0;10405.0;5918.0
84;Auvergne-Rhône-Alpes;2024-08-13;11:00;6603;6;7469;13;1434;2967;-99;116;-5304;0;0;13;0;11906;1556.0;10350.0;5913.0
84;Auvergne-Rhône-Alpes;2024-08-13;12:00;6831;5;7399;23;1664;2544;-386;114;-4532;0;0;23;0;11363;1553.0;9810.0;5846.0
84;Auvergne-Rhône-Alpes;2024-08-13;13:00;6960;5;7384;37;1721;2461;-415;114;-4347;0;0;37;0;11307;1552.0;9755.0;5832.0
84;Auvergne-Rhône-Alpes;2024-08-13;14:00;6855;5;7373;77;1729;2466;-242;115;-4669;0;0;77;0;11523;1551.0;9972.0;5822.0
84;Auvergne-Rhône-Alpes;2024-08-13;15:00;6835;5;7051;129;1523;2552;-271;118;-4274;0;0;129;0;11107;1548.0;9559.0;5503.0
84;Auvergne-Rhône-Alpes;2024-08-13;16:00;6699;5;6735;131;1282;2848;-320;120;-4102;0;0;131;0;10801;1545.0;9256.0;5190.0
84;Auvergne-Rhône-Alpes;2024-08-13;17:00;6564;6;7514;100;833;3271;-15;117;-5262;0;0;100;0;11826;1548.0;10278.0;5966.0
84;Auvergne-Rhône-Alpes;2024-08-13;18:00;6709;5;8130;120;537;3508;-12;117;-5696;0;0;120;0;12405;1574.0;10831.0;6556.0
84;Auvergne-Rhône-Alpes;2024-08-13;19:00;6613;5;8321;106;374;3428;-12;112;-5721;0;0;106;0;12334;1578.0;10756.0;6743.0
84;Auvergne-Rhône-Alpes;2024-08-13;20:00;6556;6;8378;136;96;4002;-12;113;-6163;0;0;136;0;12719;1577.0;11142.0;6801.0
84;Auvergne-Rhône-Alpes;2024-08-13;21:00;6190;6;8381;144;6;4422;-12;111;-6867;0;0;144;0;13058;1579.0;11479.0;6802.0
84;Auvergne-Rhône-Alpes;2024-08-13;22:00;6032;6;8381;127;0;4548;-12;116;-7134;0;0;127;0;13166;1586.0;11580.0;6795.0
84;Auvergne-Rhône-Alpes;2024-08-13;23:00;6109;6;8409;69;0;4551;-12;111;-7025;0;0;69;0;13134;1598.0;11536.0;6811.0
84;Auvergne-Rhône-Alpes;2024-09-17;00:00;6203;10;8400;503;0;2628;-12;107;-5434;0;0;503;0;11636;4401.0;7235.0;3999.0
84;Auvergne-Rhône-Alpes;2024-09-17;01:00;5815;10;8385;484;0;2130;-12;108;-5289;0;0;484;0;11105;4404.0;6701.0;3981.0
84;Auvergne-Rhône-Alpes;2024-09-17;02:00;5698;10;8388;476;0;2090;-637;109;-4738;0;0;476;0;10436;4409.0;6027.0;3979.0
84;Auvergne-Rhône-Alpes;2024-09-17;03:00;5627;10;8391;444;0;1913;-921;107;-4317;0;0;444;0;9944;4409.0;5535.0;3982.0
84;Auvergne-Rhône-Alpes;2024-09-17;04:00;5385;10;8395;424;0;1735;-1042;116;-4253;0;0;424;0;9638;4410.0;5228.0;3985.0
84;Auvergne-Rhône-Alpes;2024-09-17;05:00;5545;10;8395;408;0;1496;-622;117;-4260;0;0;408;0;9804;4410.0;5394.0;3985.0
84;Auvergne-Rhône-Alpes;2024-09-17;06:00;6079;10;8400;397;0;1701;-378;115;-4165;0;0;397;0;10245;4410.0;5835.0;3990.0
84;Auvergne-Rhône-Alpes;2024-09-17;07:00;6720;10;8414;413;1;3262;-12;114;-5482;0;0;413;0;12202;4412.0;7790.0;4002.0
84;Auvergne-Rhône-Alpes;2024-09-17;08:00;7111;10;8416;382;83;3553;-12;114;-5434;0;0;382;0;12546;4412.0;8134.0;4004.0
84;Auvergne-Rhône-Alpes;2024-09-17;09:00;7412;10;8411;374;183;2871;-12;113;-4539;0;0;374;0;11950;3937.0;8013.0;4474.0
84;Auvergne-Rhône-Alpes;2024-09-17;10:00;7484;11;7478;308;476;1985;-302;111;-2581;0;0;308;0;10067;3483.0;6584.0;3995.0
84;Auvergne-Rhône-Alpes;2024-09-17;11:00;7651;11;7407;300;590;1548;-863;113;-1455;0;0;300;0;9106;3480.0;5626.0;3927.0
84;Auvergne-Rhône-Alpes;2024-09-17;12:00;7614;10;7406;291;650;1581;-893;112;-1544;0;0;291;0;9157;3410.0;5747.0;3996.0
84;Auvergne-Rhône-Alpes;2024-09-17;13:00;7562;10;7346;275;826;1420;-1049;111;-1377;0;0;275;0;8939;3408.0;5531.0;3938.0
84;Auvergne-Rhône-Alpes;2024-09-17;14:00;7359;10;7346;271;873;1296;-1013;111;-1535;0;0;271;0;8894;3408.0;5486.0;3938.0
84;Auvergne-Rhône-Alpes;2024-09-17;15:00;7134;10;7350;268;835;1287;-1000;110;-1726;0;0;268;0;8860;3413.0;5447.0;3937.0
84;Auvergne-Rhône-Alpes;2024-09-17;16:00;7105;10;7375;241;705;1221;-998;110;-1560;0;0;241;0;8664;3420.0;5244.0;3955.0
84;Auvergne-Rhône-Alpes;2024-09-17;17:00;6739;10;7271;203;455;1208;-1039;112;-1481;0;0;203;0;8220;3418.0;4802.0;3853.0
84;Auvergne-Rhône-Alpes;2024-09-17;18:00;6741;10;7299;214;220;1770;-750;114;-2137;0;0;214;0;8877;3429.0;5448.0;3870.0
84;Auvergne-Rhône-Alpes;2024-09-17;19:00;7152;10;7407;227;37;2753;-12;106;-3375;0;0;227;0;10528;3453.0;7075.0;3954.0
84;Auvergne-Rhône-Alpes;2024-09-17;20:00;7122;10;7450;222;0;4155;-12;106;-4809;0;0;222;0;11931;3435.0;8496.0;4015.0
84;Auvergne-Rhône-Alpes;2024-09-17;21:00;7007;10;7416;205;0;3689;-12;108;-4408;0;0;205;0;11416;3397.0;8019.0;4019.0
84;Auvergne-Rhône-Alpes;2024-09-17;22:00;6587;10;7220;166;0;2762;-12;107;-3667;0;0;166;0;10253;3417.0;6836.0;3803.0
84;Auvergne-Rhône-Alpes;2024-09-17;23:00;6687;10;7344;123;0;3401;-12;104;-4282;0;0;123;0;10970;3445.0;7525.0;3899.0
84;Auvergne-Rhône-Alpes;2024-10-04;00:00;6524;12;8111;362;0;3926;-3;110;-5993;0;0;362;0;12518;4281.0;8237.0;3830.0
84;Auvergne-Rhône-Alpes;2024-10-04;01:00;6103;12;8086;357;0;3425;-3;111;-5885;0;0;357;0;11988;4282.0;7706.0;3804.0
84;Auvergne-Rhône-Alpes;2024-10-04;02:00;6002;11;8231;341;0;3338;-419;111;-5611;0;0;341;0;11613;4308.0;7305.0;3923.0
84;Auvergne-Rhône-Alpes;2024-10-04;03:00;5824;11;8238;325;0;3170;-615;112;-5417;0;0;325;0;11241;4344.0;6897.0;3894.0
84;Auvergne-Rhône-Alpes;2024-10-04;04:00;5730;55;8317;328;0;3183;-1032;110;-5232;0;0;328;0;10961;4352.0;6609.0;3965.0
84;Auvergne-Rhône-Alpes;2024-10-04;05:00;5873;10;8218;312;0;3221;-463;111;-5536;0;0;312;0;11409;4347.0;7062.0;3871.0
84;Auvergne-Rhône-Alpes;2024-10-04;06:00;6269;9;8243;316;0;3788;-3;109;-6193;0;0;316;0;12462;4369.0;8093.0;3874.0
84;Auvergne-Rhône-Alpes;2024-10-04;07:00;7032;9;8298;374;0;4737;-3;109;-6492;0;0;374;0;13524;4388.0;9136.0;3910.0
84;Auvergne-Rhône-Alpes;2024-10-04;08:00;7434;15;8368;377;23;5094;-3;106;-6546;0;0;377;0;13980;4386.0;9594.0;3982.0
84;Auvergne-Rhône-Alpes;2024-10-04;09:00;7740;53;8322;359;191;4751;-3;103;-6035;0;0;359;0;13776;4328.0;9448.0;3994.0
84;Auvergne-Rhône-Alpes;2024-10-04;10:00;7859;21;8291;352;452;3681;-3;99;-5035;0;0;352;0;12893;4306.0;8587.0;3985.0
84;Auvergne-Rhône-Alpes;2024-10-04;11:00;7944;54;8286;314;690;3590;-3;100;-5086;0;0;314;0;13031;4331.0;8700.0;3955.0
84;Auvergne-Rhône-Alpes;2024-10-04;12:00;7916;38;8307;319;822;3582;-362;105;-4894;0;0;319;0;12811;4322.0;8489.0;3985.0
84;Auvergne-Rhône-Alpes;2024-10-04;13:00;8021;11;8078;311;1068;3165;-871;96;-3837;0;0;311;0;11858;4300.0;7558.0;3778.0
84;Auvergne-Rhône-Alpes;2024-10-04;14:00;7537;11;8047;291;1119;2665;-1008;103;-3690;0;0;291;0;11228;4388.0;6840.0;3659.0
84;Auvergne-Rhône-Alpes;2024-10-04;15:00;7280;12;7496;306;1047;2789;-1132;105;-3343;0;0;306;0;10623;4383.0;6240.0;3113.0
84;Auvergne-Rhône-Alpes;2024-10-04;16:00;7119;11;7501;303;802;2907;-1131;107;-3382;0;0;303;0;10500;4377.0;6123.0;3124.0
84;Auvergne-Rhône-Alpes;2024-10-04;17:00;6752;10;7545;305;511;3131;-780;108;-4078;0;0;305;0;10830;4344.0;6486.0;3201.0
84;Auvergne-Rhône-Alpes;2024-10-04;18:00;6879;12;8274;300;191;4156;-3;105;-6157;0;0;300;0;13035;4364.0;8671.0;3910.0
84;Auvergne-Rhône-Alpes;2024-10-04;19:00;7201;12;8364;295;5;5364;-3;107;-6943;0;0;295;0;14144;4406.0;9738.0;3958.0
84;Auvergne-Rhône-Alpes;2024-10-04;20:00;7291;12;8380;300;0;5800;-3;108;-7306;0;0;300;0;14597;4377.0;10220.0;4003.0
84;Auvergne-Rhône-Alpes;2024-10-04;21:00;7126;12;8307;315;0;5139;-3;117;-6762;0;0;315;0;13887;4321.0;9566.0;3986.0
84;Auvergne-Rhône-Alpes;2024-10-04;22:00;6818;12;8282;308;0;4873;-3;116;-6769;0;0;308;0;13588;4334.0;9254.0;3948.0
84;Auvergne-Rhône-Alpes;2024-10-04;23:00;6866;11;8297;302;0;4507;-3;116;-6364;0;0;302;0;13230;4334.0;8896.0;3963.0
84;Auvergne-Rhône-Alpes;2024-11-04;00:00;6262;497;10659;35;0;2313;-4;112;-7349;0;0;35;0;13612;4359.0;9253.0;6300.0
84;Auvergne-Rhône-Alpes;2024-11-04;01:00;5973;116;10574;46;0;1940;-835;110;-5979;0;0;46;0;11951;4361.0;7590.0;6213.0
84;Auvergne-Rhône-Alpes;2024-11-04;02:00;5975;115;10592;49;0;1872;-1262;111;-5500;0;0;49;0;11477;4361.0;7116.0;6231.0
84;Auvergne-Rhône-Alpes;2024-11-04;03:00;5841;115;10565;52;0;1691;-1588;113;-5107;0;0;52;0;10948;4360.0;6588.0;6205.0
84;Auvergne-Rhône-Alpes;2024-11-04;04:00;5691;115;10526;72;0;1654;-1735;111;-5051;0;0;72;0;10743;4302.0;6441.0;6224.0
84;Auvergne-Rhône-Alpes;2024-11-04;05:00;5992;115;10508;82;0;1868;-575;109;-6114;0;0;82;0;12107;4304.0;7803.0;6204.0
84;Auvergne-Rhône-Alpes;2024-11-04;06:00;6555;120;10584;83;0;2472;-165;107;-6647;0;0;83;0;13201;4328.0;8873.0;6256.0
84;Auvergne-Rhône-Alpes;2024-11-04;07:00;7284;119;10661;114;0;4303;-4;106;-8016;0;0;114;0;15299;4363.0;10936.0;6298.0
84;Auvergne-Rhône-Alpes;2024-11-04;08:00;7842;118;10676;123;107;5115;-4;105;-8397;0;0;123;0;16240;4367.0;11873.0;6309.0
84;Auvergne-Rhône-Alpes;2024-11-04;09:00;8014;182;10674;113;412;4311;-4;96;-7770;0;0;113;0;15784;4367.0;11417.0;6307.0
84;Auvergne-Rhône-Alpes;2024-11-04;10:00;8051;242;10671;95;573;3630;-4;98;-7255;0;0;95;0;15305;4363.0;10942.0;6308.0
84;Auvergne-Rhône-Alpes;2024-11-04;11:00;8152;305;10658;61;1014;2433;-169;97;-6247;0;0;61;0;14399;4357.0;10042.0;6301.0
84;Auvergne-Rhône-Alpes;2024-11-04;12:00;8032;327;10652;61;1147;2262;-239;98;-6276;0;0;61;0;14308;4354.0;9954.0;6298.0
84;Auvergne-Rhône-Alpes;2024-11-04;13:00;7974;372;10633;72;1349;2108;-313;100;-6347;0;0;72;0;14321;4350.0;9971.0;6283.0
84;Auvergne-Rhône-Alpes;2024-11-04;14:00;7597;393;10616;57;1280;2143;-148;101;-6844;0;0;57;0;14442;4346.0;10096.0;6270.0
84;Auvergne-Rhône-Alpes;2024-11-04;15:00;7422;389;10600;72;777;2193;-54;104;-6659;0;0;72;0;14081;4342.0;9739.0;6258.0
84;Auvergne-Rhône-Alpes;2024-11-04;16:00;7253;388;10598;72;306;2515;-4;108;-6732;0;0;72;0;13983;4332.0;9651.0;6266.0
84;Auvergne-Rhône-Alpes;2024-11-04;17:00;7232;340;10561;71;119;2858;-4;107;-6820;0;0;71;0;14052;4327.0;9725.0;6234.0
84;Auvergne-Rhône-Alpes;2024-11-04;18:00;7984;120;10563;108;0;4886;-4;107;-7796;0;0;108;0;15780;4331.0;11449.0;6232.0
84;Auvergne-Rhône-Alpes;2024-11-04;19:00;8198;119;10611;136;0;5664;-4;106;-8434;0;0;136;0;16632;4344.0;12288.0;6267.0
84;Auvergne-Rhône-Alpes;2024-11-04;20:00;7912;119;10620;146;0;5038;-4;107;-8114;0;0;146;0;16026;4360.0;11666.0;6260.0
84;Auvergne-Rhône-Alpes;2024-11-04;21:00;7582;119;10635;150;0;3783;-4;107;-7208;0;0;150;0;14790;4358.0;10432.0;6277.0
84;Auvergne-Rhône-Alpes;2024-11-04;22:00;7139;119;10636;187;0;3450;-4;107;-7356;0;0;187;0;14495;4354.0;10141.0;6282.0
84;Auvergne-Rhône-Alpes;2024-11-04;23:00;7164;119;10633;200;0;2893;-4;107;-6784;0;0;200;0;13948;4336.0;9612.0;6297.0
84;Auvergne-Rhône-Alpes;2024-12-02;00:00;7566;110;11613;44;0;2969;-874;110;-6407;0;0;44;0;13972;5290.0;8682.0;6323.0
84;Auvergne-Rhône-Alpes;2024-12-02;01:00;7200;110;11405;41;0;2257;-1524;110;-5199;0;0;41;0;12399;5276.0;7123.0;6129.0
84;Auvergne-Rhône-Alpes;2024-12-02;02:00;7145;110;11487;50;0;1858;-1406;110;-5065;0;0;50;0;12209;5284.0;6925.0;6203.0
84;Auvergne-Rhône-Alpes;2024-12-02;03:00;7115;109;11379;47;0;1807;-1644;110;-4694;0;0;47;0;11808;5277.0;6531.0;6102.0
84;Auvergne-Rhône-Alpes;2024-12-02;04:00;6933;107;10748;47;0;1723;-1762;109;-4039;0;0;47;0;10972;5245.0;5727.0;5503.0
84;Auvergne-Rhône-Alpes;2024-12-02;05:00;7230;108;10809;49;0;1990;-1253;108;-4580;0;0;49;0;11811;5269.0;6542.0;5540.0
84;Auvergne-Rhône-Alpes;2024-12-02;06:00;7629;210;11364;47;0;2480;-767;105;-5811;0;0;47;0;13439;5265.0;8174.0;6099.0
84;Auvergne-Rhône-Alpes;2024-12-02;07:00;8466;294;11574;53;0;4257;-4;103;-7810;0;0;53;0;16277;5276.0;11001.0;6298.0
84;Auvergne-Rhône-Alpes;2024-12-02;08:00;8720;432;11585;41;12;4804;-4;102;-8251;0;0;41;0;16972;5296.0;11676.0;6289.0
84;Auvergne-Rhône-Alpes;2024-12-02;09:00;8952;496;11616;44;65;4757;-4;100;-8122;0;0;44;0;17074;5300.0;11774.0;6316.0
84;Auvergne-Rhône-Alpes;2024-12-02;10:00;8889;514;11618;49;270;4346;-4;100;-8004;0;0;49;0;16893;5298.0;11595.0;6320.0
84;Auvergne-Rhône-Alpes;2024-12-02;11:00;8837;516;11632;53;553;3801;-4;99;-7811;0;0;53;0;16650;5320.0;11330.0;6312.0
84;Auvergne-Rhône-Alpes;2024-12-02;12:00;8834;515;11634;48;538;3605;-4;97;-7598;0;0;48;0;16433;5320.0;11113.0;6314.0
84;Auvergne-Rhône-Alpes;2024-12-02;13:00;8877;513;11629;69;485;3772;-4;101;-7688;0;0;69;0;16565;5320.0;11245.0;6309.0
84;Auvergne-Rhône-Alpes;2024-12-02;14:00;8741;493;11621;94;329;3157;-4;98;-7048;0;0;94;0;15788;5319.0;10469.0;6302.0
84;Auvergne-Rhône-Alpes;2024-12-02;15:00;8483;515;11607;135;124;3372;-4;98;-7363;0;0;135;0;15847;5320.0;10527.0;6287.0
84;Auvergne-Rhône-Alpes;2024-12-02;16:00;8502;479;11552;147;39;3232;-4;103;-7044;0;0;147;0;15548;5291.0;10257.0;6261.0
84;Auvergne-Rhône-Alpes;2024-12-02;17:00;8450;515;11519;143;0;4302;-4;105;-8130;0;0;143;0;16580;5281.0;11299.0;6238.0
84;Auvergne-Rhône-Alpes;2024-12-02;18:00;8949;517;11576;171;0;5481;-4;107;-8899;0;0;171;0;17848;5288.0;12560.0;6288.0
84;Auvergne-Rhône-Alpes;2024-12-02;19:00;9043;518;11644;171;0;5733;-4;109;-9127;0;0;171;0;18171;5333.0;12838.0;6311.0
84;Auvergne-Rhône-Alpes;2024-12-02;20:00;8824;514;11645;176;0;4815;-4;110;-8432;0;0;176;0;17256;5339.0;11917.0;6306.0
84;Auvergne-Rhône-Alpes;2024-12-02;21:00;8358;337;11655;193;0;4035;-4;108;-7967;0;0;193;0;16324;5339.0;10985.0;6316.0
84;Auvergne-Rhône-Alpes;2024-12-02;22:00;7888;519;11655;173;0;3221;-4;109;-7786;0;0;173;0;15673;5341.0;10332.0;6314.0
84;Auvergne-Rhône-Alpes;2024-12-02;23:00;8009;520;11648;177;0;3041;-4;106;-7481;0;0;177;0;15488;5339.0;10149.0;6309.0
93;Provence-Alpes-Côte d'Azur;2024-01-18;00:00;5354;1620;0;1;0;1712;0;96;1926;0;0;1;0;3429;0.0;3429.0;0.0
93;Provence-Alpes-Côte d'Azur;2024-01-18;01:00;4877;1741;0;0;0;1647;0;96;1394;0;0;0;0;3484;0.0;3484.0;0.0
93;Provence-Alpes-Côte d'Azur;2024-01-18;02:00;4992;1827;0;6;0;1462;0;96;1602;0;0;6;0;3391;0.0;3391.0;0.0
93;Provence-Alpes-Côte d'Azur;2024-01-18;03:00;4870;1732;0;7;0;1429;0;95;1607;0;0;7;0;3263;0.0;3263.0;0.0
93;Provence-Alpes-Côte d'Azur;2024-01-18;04:00;4527;1114;0;1;0;1434;0;96;1882;0;0;1;0;2645;0.0;2645.0;0.0
93;Provence-Alpes-Côte d'Azur;2024-01-18;05:00;4508;1203;0;1;0;1473;0;95;1737;0;0;1;0;2772;0.0;2772.0;0.0
93;Provence-Alpes-Côte d'Azur;2024-01-18;06:00;4794;1699;0;1;0;1475;0;94;1526;0;0;1;0;3269;0.0;3269.0;0.0
93;Provence-Alpes-Côte d'Azur;2024-01-18;07:00;5171;1880;0;8;0;1550;0;86;1649;0;0;8;0;3524;0.0;3524.0;0.0
93;Provence-Alpes-Côte d'Azur;2024-01-18;08:00;5309;1909;0;1;14;1618;0;88;1679;0;0;1;0;3630;0.0;3630.0;0.0
93;Provence-Alpes-Côte d'Azur;2024-01-18;09:00;5353;1916;0;1;171;1467;0;91;1708;0;0;1;0;3646;0.0;3646.0;0.0
93;Provence-Alpes-Côte d'Azur;2024-01-18;10:00;5375;1911;0;1;227;1424;0;92;1721;0;0;1;0;3655;0.0;3655.0;0.0
93;Provence-Alpes-Côte d'Azur;2024-01-18;11:00;5235;1897;0;6;460;1302;0;92;1477;0;0;6;0;3757;0.0;3757.0;0.0
93;Provence-Alpes-Côte d'Azur;2024-01-18;12:00;5260;1868;0;7;531;1221;0;93;1540;0;0;7;0;3720;0.0;3720.0;0.0
93;Provence-Alpes-Côte d'Azur;2024-01-18;13:00;5121;1735;0;8;553;1193;0;101;1532;0;0;8;0;3590;0.0;3590.0;0.0
93;Provence-Alpes-Côte d'Azur;2024-01-18;14:00;5033;1749;0;11;565;1206;0;99;1403;0;0;11;0;3630;0.0;3630.0;0.0
93;Provence-Alpes-Côte d'Azur;2024-01-18;15:00;5026;1733;0;10;519;1188;0;101;1476;0;0;10;0;3551;0.0;3551.0;0.0
93;Provence-Alpes-Côte d'Azur;2024-01-18;16:00;4901;1859;0;21;355;1268;0;110;1286;0;0;21;0;3613;0.0;3613.0;0.0
93;Provence-Alpes-Côte d'Azur;2024-01-18;17:00;4934;1875;0;22;13;1408;0;109;1506;0;0;22;0;3427;0.0;3427.0;0.0
93;Provence-Alpes-Côte d'Azur;2024-01-18;18:00;5401;1819;0;20;0;1544;0;111;1908;0;0;20;0;3494;0.0;3494.0;0.0
93;Provence-Alpes-Côte d'Azur;2024-01-18;19:00;5645;1953;0;12;0;1534;0;112;2035;0;0;12;0;3611;0.0;3611.0;0.0
93;Provence-Alpes-Côte d'Azur;2024-01-18;20:00;5549;1950;0;16;0;1521;0;112;1950;0;0;16;0;3599;0.0;3599.0;0.0
93;Provence-Alpes-Côte d'Azur;2024-01-18;21:00;5192;1868;0;24;0;1396;0;111;1793;0;0;24;0;3399;0.0;3399.0;0.0
93;Provence-Alpes-Côte d'Azur;2024-01-18;22:00;4957;1656;0;29;0;1342;0;110;1821;0;0;29;0;3137;0.0;3137.0;0.0
93;Provence-Alpes-Côte d'Azur;2024-01-18;23:00;5273;1593;0;56;0;1298;0;110;2215;0;0;56;0;3057;0.0;3057.0;0.0
93;Provence-Alpes-Côte d'Azur;2024-02-04;00:00;5080;161;0;27;0;1591;-51;126;3225;0;0;27;0;1854;0.0;1854.0;0.0
93;Provence-Alpes-Côte d'Azur;2024-02-04;01:00;4737;160;0;30;0;1565;-51;129;2904;0;0;30;0;1833;0.0;1833.0;0.0
93;Provence-Alpes-Côte d'Azur;2024-02-04;02:00;4786;162;0;32;0;1507;-51;127;3010;0;0;32;0;1777;0.0;1777.0;0.0
93;Provence-Alpes-Côte d'Azur;2024-02-04;03:00;4622;161;0;32;0;1424;-51;127;2929;0;0;32;0;1693;0.0;1693.0;0.0
93;Provence-Alpes-Côte d'Azur;2024-02-04;04:00;4353;160;0;27;0;1192;-51;128;2898;0;0;27;0;1456;0.0;1456.0;0.0
93;Provence-Alpes-Côte d'Azur;2024-02-04;05:00;4270;159;0;31;0;1164;-51;125;2842;0;0;31;0;1428;0.0;1428.0;0.0
93;Provence-Alpes-Côte d'Azur;2024-02-04;06:00;4303;160;0;40;0;1263;-51;127;2765;0;0;40;0;1539;0.0;1539.0;0.0
93;Provence-Alpes-Côte d'Azur;2024-02-04;07:00;4390;161;0;40;0;1326;-51;128;2785;0;0;40;0;1604;0.0;1604.0;0.0
93;Provence-Alpes-Côte d'Azur;2024-02-04;08:00;4522;161;0;35;60;1571;-50;127;2618;0;0;35;0;1904;0.0;1904.0;0.0
93;Provence-Alpes-Côte d'Azur;2024-02-04;09:00;4737;161;0;37;408;1571;-50;115;2495;0;0;37;0;2242;0.0;2242.0;0.0
93;Provence-Alpes-Côte d'Azur;2024-02-04;10:00;4824;160;0;28;893;1650;-50;125;2018;0;0;28;0;2806;0.0;2806.0;0.0
93;Provence-Alpes-Côte d'Azur;2024-02-04;11:00;4802;159;0;30;1192;1631;-50;124;1716;0;0;30;0;3086;0.0;3086.0;0.0
93;Provence-Alpes-Côte d'Azur;2024-02-04;12:00;4790;156;0;29;1296;1605;-50;124;1630;0;0;29;0;3160;0.0;3160.0;0.0
93;Provence-Alpes-Côte d'Azur;2024-02-04;13:00;4647;158;0;30;1397;1593;-50;125;1394;0;0;30;0;3253;0.0;3253.0;0.0
93;Provence-Alpes-Côte d'Azur;2024-02-04;14:00;4410;161;0;26;1249;1226;-50;125;1674;0;0;26;0;2737;0.0;2737.0;0.0
93;Provence-Alpes-Côte d'Azur;2024-02-04;15:00;4434;161;0;20;958;1041;-50;124;2182;0;0;20;0;2254;0.0;2254.0;0.0
93;Provence-Alpes-Côte d'Azur;2024-02-04;16:00;4289;161;0;21;761;980;-50;123;2293;0;0;21;0;1996;0.0;1996.0;0.0
93;Provence-Alpes-Côte d'Azur;2024-02-04;17:00;4246;161;0;21;134;1656;0;124;2151;0;0;21;0;2096;0.0;2096.0;0.0
93;Provence-Alpes-Côte d'Azur;2024-02-04;18:00;4884;161;0;21;0;1857;0;125;2720;0;0;21;0;2164;0.0;2164.0;0.0
93;Provence-Alpes-Côte d'Azur;2024-02-04;19:00;5301;161;0;23;0;2022;0;123;2972;0;0;23;0;2329;0.0;2329.0;0.0
93;Provence-Alpes-Côte d'Azur;2024-02-04;20:00;5266;161;0;23;0;2019;0;124;2939;0;0;23;0;2327;0.0;2327.0;0.0
93;Provence-Alpes-Côte d'Azur;2024-02-04;21:00;5016;161;0;21;0;1869;0;125;2841;0;0;21;0;2176;0.0;2176.0;0.0
93;Provence-Alpes-Côte d'Azur;2024-02-04;22:00;4794;161;0;21;0;1762;0;125;2725;0;0;21;0;2069;0.0;2069.0;0.0
93;Provence-Alpes-Côte d'Azur;2024-02-04;23:00;5178;161;0;22;0;1632;-48;129;3282;0;0;22;0;1896;0.0;1896.0;0.0
93;Provence-Alpes-Côte d'Azur;2024-03-12;00:00;5149;1541;0;42;0;1506;0;84;1976;0;0;42;0;3173;0.0;3173.0;0.0
93;Provence-Alpes-Côte d'Azur;2024-03-12;01:00;4785;1061;0;53;0;1540;0;84;2048;0;0;53;0;2738;0.0;2738.0;0.0
93;Provence-Alpes-Côte d'Azur;2024-03-12;02:00;4851;1064;0;51;0;1533;0;85;2119;0;0;51;0;2733;0.0;2733.0;0.0
93;Provence-Alpes-Côte d'Azur;2024-03-12;03:00;4682;1064;0;56;0;1531;0;86;1945;0;0;56;0;2737;0.0;2737.0;0.0
93;Provence-Alpes-Côte d'Azur;2024-03-12;04:00;4527;993;0;53;0;1477;0;84;1921;0;0;53;0;2607;0.0;2607.0;0.0
93;Provence-Alpes-Côte d'Azur;2024-03-12;05:00;4537;1200;0;51;0;1475;0;84;1728;0;0;51;0;2810;0.0;2810.0;0.0
93;Provence-Alpes-Côte d'Azur;2024-03-12;06:00;4823;1279;0;53;0;1582;0;82;1829;0;0;53;0;2996;0.0;2996.0;0.0
93;Provence-Alpes-Côte d'Azur;2024-03-12;07:00;5060;1330;0;55;35;1677;0;81;1881;0;0;55;0;3178;0.0;3178.0;0.0
93;Provence-Alpes-Côte d'Azur;2024-03-12;08:00;5138;1387;0;55;403;1697;0;79;1518;0;0;55;0;3621;0.0;3621.0;0.0
93;Provence-Alpes-Côte d'Azur;2024-03-12;09:00;5129;1376;0;46;920;1710;0;87;991;0;0;46;0;4139;0.0;4139.0;0.0
93;Provence-Alpes-Côte d'Azur;2024-03-12;10:00;5072;1341;0;50;1179;1703;0;88;711;0;0;50;0;4361;0.0;4361.0;0.0
93;Provence-Alpes-Côte d'Azur;2024-03-12;11:00;5000;913;0;56;1627;1589;0;93;723;0;0;56;0;4278;0.0;4278.0;0.0
93;Provence-Alpes-Côte d'Azur;2024-03-12;12:00;4938;605;0;60;1701;1641;0;91;841;0;0;60;0;4098;0.0;4098.0;0.0
93;Provence-Alpes-Côte d'Azur;2024-03-12;13:00;4914;521;0;56;1737;1598;0;98;905;0;0;56;0;4010;0.0;4010.0;0.0
93;Provence-Alpes-Côte d'Azur;2024-03-12;14:00;4773;532;0;69;1624;1538;0;97;913;0;0;69;0;3860;0.0;3860.0;0.0
93;Provence-Alpes-Côte d'Azur;2024-03-12;15:00;4708;538;0;73;1531;1489;0;100;977;0;0;73;0;3731;0.0;3731.0;0.0
93;Provence-Alpes-Côte d'Azur;2024-03-12;16:00;4632;523;0;74;1227;1511;0;102;1196;0;0;74;0;3437;0.0;3437.0;0.0
93;Provence-Alpes-Côte d'Azur;2024-03-12;17:00;4492;352;0;63;493;1556;0;102;1927;0;0;63;0;2566;0.0;2566.0;0.0
93;Provence-Alpes-Côte d'Azur;2024-03-12;18:00;4901;419;0;59;58;1548;0;101;2717;0;0;59;0;2185;0.0;2185.0;0.0
93;Provence-Alpes-Côte d'Azur;2024-03-12;19:00;5406;542;0;48;0;1695;0;102;3019;0;0;48;0;2387;0.0;2387.0;0.0
93;Provence-Alpes-Côte d'Azur;2024-03-12;20:00;5376;536;0;45;0;1713;0;101;2982;0;0;45;0;2395;0.0;2395.0;0.0
93;Provence-Alpes-Côte d'Azur;2024-03-12;21:00;5026;530;0;39;0;1638;0;98;2722;0;0;39;0;2305;0.0;2305.0;0.0
93;Provence-Alpes-Côte d'Azur;2024-03-12;22:00;4877;398;0;29;0;1503;0;86;2862;0;0;29;0;2016;0.0;2016.0;0.0
93;Provence-Alpes-Côte d'Azur;2024-03-12;23:00;5161;414;0;31;0;1515;0;83;3120;0;0;31;0;2043;0.0;2043.0;0.0
93;Provence-Alpes-Côte d'Azur;2024-06-12;00:00;3816;19;0;49;0;2176;0;134;1439;0;0;49;0;2378;0.0;2378.0;0.0
93;Provence-Alpes-Côte d'Azur;2024-06-12;01:00;3356;20;0;22;0;1928;-47;132;1301;0;0;22;0;2055;0.0;2055.0;0.0
93;Provence-Alpes-Côte d'Azur;2024-06-12;02:00;3363;20;0;25;0;1911;-50;132;1325;0;0;25;0;2038;0.0;2038.0;0.0
93;Provence-Alpes-Côte d'Azur;2024-06-12;03:00;3190;21;0;25;0;1884;-50;133;1178;0;0;25;0;2013;0.0;2013.0;0.0
93;Provence-Alpes-Côte d'Azur;2024-06-12;04:00;3024;21;0;26;0;1892;-50;132;1004;0;0;26;0;2021;0.0;2021.0;0.0
93;Provence-Alpes-Côte d'Azur;2024-06-12;05:00;3002;21;0;23;0;1845;-50;131;1033;0;0;23;0;1970;0.0;1970.0;0.0
93;Provence-Alpes-Côte d'Azur;2024-06-12;06:00;3152;21;0;24;14;2003;0;133;958;0;0;24;0;2195;0.0;2195.0;0.0
93;Provence-Alpes-Côte d'Azur;2024-06-12;07:00;3413;22;0;24;160;2117;0;128;961;0;0;24;0;2451;0.0;2451.0;0.0
93;Provence-Alpes-Côte d'Azur;2024-06-12;08:00;3733;41;0;23;568;2083;0;127;892;0;0;23;0;2842;0.0;2842.0;0.0
93;Provence-Alpes-Côte d'Azur;2024-06-12;09:00;3966;202;0;27;1064;1998;0;125;551;0;0;27;0;3416;0.0;3416.0;0.0
93;Provence-Alpes-Côte d'Azur;2024-06-12;10:00;4064;405;0;33;1423;1940;0;127;136;0;0;33;0;3928;0.0;3928.0;0.0
93;Provence-Alpes-Côte d'Azur;2024-06-12;11:00;4159;428;0;36;1664;1869;0;128;34;0;0;36;0;4125;0.0;4125.0;0.0
93;Provence-Alpes-Côte d'Azur;2024-06-12;12:00;4390;335;0;37;1816;1916;0;130;156;0;0;37;0;4234;0.0;4234.0;0.0
93;Provence-Alpes-Côte d'Azur;2024-06-12;13:00;4402;232;0;36;1866;1887;0;129;253;0;0;36;0;4150;0.0;4150.0;0.0
93;Provence-Alpes-Côte d'Azur;2024-06-12;14:00;4358;171;0;39;1858;1858;0;128;305;0;0;39;0;4054;0.0;4054.0;0.0
93;Provence-Alpes-Côte d'Azur;2024-06-12;15:00;4259;20;0;46;1791;1869;0;123;410;0;0;46;0;3849;0.0;3849.0;0.0
93;Provence-Alpes-Côte d'Azur;2024-06-12;16:00;4124;24;0;49;1646;1874;0;129;404;0;0;49;0;3722;0.0;3722.0;0.0
93;Provence-Alpes-Côte d'Azur;2024-06-12;17:00;4037;19;0;55;1443;1935;0;129;457;0;0;55;0;3581;0.0;3581.0;0.0
93;Provence-Alpes-Côte d'Azur;2024-06-12;18:00;4096;19;0;59;802;2009;0;129;1079;0;0;59;0;3018;0.0;3018.0;0.0
93;Provence-Alpes-Côte d'Azur;2024-06-12;19:00;4153;19;0;46;329;2105;0;127;1527;0;0;46;0;2626;0.0;2626.0;0.0
93;Provence-Alpes-Côte d'Azur;2024-06-12;20:00;4110;19;0;12;168;2106;0;129;1676;0;0;12;0;2434;0.0;2434.0;0.0
93;Provence-Alpes-Côte d'Azur;2024-06-12;21:00;3868;18;0;13;41;2095;0;133;1567;0;0;13;0;2300;0.0;2300.0;0.0
93;Provence-Alpes-Côte d'Azur;2024-06-12;22:00;3832;18;0;8;0;2043;0;133;1630;0;0;8;0;2202;0.0;2202.0;0.0
93;Provence-Alpes-Côte d'Azur;2024-06-12;23:00;4119;18;0;12;0;2125;0;132;1832;0;0;12;0;2287;0.0;2287.0;0.0
93;Provence-Alpes-Côte d'Azur;2024-06-22;00:00;4034;34;0;19;0;1532;0;119;2331;0;0;19;0;1704;0.0;1704.0;0.0
93;Provence-Alpes-Côte d'Azur;2024-06-22;01:00;3599;34;0;35;0;1652;0;120;1759;0;0;35;0;1841;0.0;1841.0;0.0
93;Provence-Alpes-Côte d'Azur;2024-06-22;02:00;3579;34;0;38;0;1639;0;120;1749;0;0;38;0;1831;0.0;1831.0;0.0
93;Provence-Alpes-Côte d'Azur;2024-06-22;03:00;3392;34;0;30;0;1629;0;120;1581;0;0;30;0;1813;0.0;1813.0;0.0
93;Provence-Alpes-Côte d'Azur;2024-06-22;04:00;3187;34;0;37;0;1546;-51;120;1501;0;0;37;0;1686;0.0;1686.0;0.0
93;Provence-Alpes-Côte d'Azur;2024-06-22;05:00;3119;33;0;41;0;1546;-51;119;1430;0;0;41;0;1688;0.0;1688.0;0.0
93;Provence-Alpes-Côte d'Azur;2024-06-22;06:00;3103;33;0;39;14;1548;-51;118;1401;0;0;39;0;1701;0.0;1701.0;0.0
93;Provence-Alpes-Côte d'Azur;2024-06-22;07:00;3244;34;0;30;139;1540;-51;118;1434;0;0;30;0;1810;0.0;1810.0;0.0
93;Provence-Alpes-Côte d'Azur;2024-06-22;08:00;3511;34;0;28;499;1579;0;116;1256;0;0;28;0;2256;0.0;2256.0;0.0
93;Provence-Alpes-Côte d'Azur;2024-06-22;09:00;3799;34;0;38;940;1591;0;116;1080;0;0;38;0;2719;0.0;2719.0;0.0
93;Provence-Alpes-Côte d'Azur;2024-06-22;10:00;4047;34;0;38;1222;1569;0;118;1065;0;0;38;0;2981;0.0;2981.0;0.0
93;Provence-Alpes-Côte d'Azur;2024-06-22;11:00;4170;34;0;44;1383;1573;0;116;1021;0;0;44;0;3150;0.0;3150.0;0.0
93;Provence-Alpes-Côte d'Azur;2024-06-22;12:00;4382;34;0;48;1496;1524;0;116;1165;0;0;48;0;3218;0.0;3218.0;0.0
93;Provence-Alpes-Côte d'Azur;2024-06-22;13:00;4411;35;0;55;1554;1582;0;119;1067;0;0;55;0;3345;0.0;3345.0;0.0
93;Provence-Alpes-Côte d'Azur;2024-06-22;14:00;4330;35;0;54;1488;1580;0;119;1055;0;0;54;0;3276;0.0;3276.0;0.0
93;Provence-Alpes-Côte d'Azur;2024-06-22;15:00;4241;35;0;48;1492;1615;0;119;932;0;0;48;0;3309;0.0;3309.0;0.0
93;Provence-Alpes-Côte d'Azur;2024-06-22;16:00;4078;34;0;50;1404;1647;0;124;819;0;0;50;0;3259;0.0;3259.0;0.0
93;Provence-Alpes-Côte d'Azur;2024-06-22;17:00;4005;33;0;56;1159;1661;0;123;973;0;0;56;0;3032;0.0;3032.0;0.0
93;Provence-Alpes-Côte d'Azur;2024-06-22;18:00;4052;33;0;61;562;1660;0;124;1612;0;0;61;0;2440;0.0;2440.0;0.0
93;Provence-Alpes-Côte d'Azur;2024-06-22;19:00;4061;34;0;61;332;1682;0;122;1831;0;0;61;0;2231;0.0;2231.0;0.0
93;Provence-Alpes-Côte d'Azur;2024-06-22;20:00;4020;34;0;58;114;1728;0;122;1965;0;0;58;0;2056;0.0;2056.0;0.0
93;Provence-Alpes-Côte d'Azur;2024-06-22;21:00;3836;34;0;58;21;1817;0;126;1780;0;0;58;0;2056;0.0;2056.0;0.0
93;Provence-Alpes-Côte d'Azur;2024-06-22;22:00;3827;34;0;50;0;1896;0;127;1721;0;0;50;0;2107;0.0;2107.0;0.0
93;Provence-Alpes-Côte d'Azur;2024-06-22;23:00;4176;35;0;42;0;1896;0;125;2079;0;0;42;0;2098;0.0;2098.0;0.0
93;Provence-Alpes-Côte d'Azur;2024-08-13;00:00;4680;80;0;0;0;898;0;84;3618;0;0;0;0;1062;0.0;1062.0;0.0
93;Provence-Alpes-Côte d'Azur;2024-08-13;01:00;4141;33;0;0;0;793;0;85;3229;0;0;0;0;911;0.0;911.0;0.0
93;Provence-Alpes-Côte d'Azur;2024-08-13;02:00;4036;33;0;0;0;690;0;83;3230;0;0;0;0;806;0.0;806.0;0.0
93;Provence-Alpes-Côte d'Azur;2024-08-13;03:00;3832;33;0;0;0;682;0;89;3028;0;0;0;0;804;0.0;804.0;0.0
93;Provence-Alpes-Côte d'Azur;2024-08-13;04:00;3636;33;0;0;0;698;0;115;2790;0;0;0;0;846;0.0;846.0;0.0
93;Provence-Alpes-Côte d'Azur;2024-08-13;05:00;3575;33;0;0;0;733;0;116;2693;0;0;0;0;882;0.0;882.0;0.0
93;Provence-Alpes-Côte d'Azur;2024-08-13;06:00;3667;30;0;0;0;798;0;115;2724;0;0;0;0;943;0.0;943.0;0.0
93;Provence-Alpes-Côte d'Azur;2024-08-13;07:00;3784;30;0;0;47;816;0;109;2783;0;0;0;0;1002;0.0;1002.0;0.0
93;Provence-Alpes-Côte d'Azur;2024-08-13;08:00;4086;31;0;0;321;867;0;112;2756;0;0;0;0;1331;0.0;1331.0;0.0
93;Provence-Alpes-Côte d'Azur;2024-08-13;09:00;4512;29;0;3;779;802;0;108;2792;0;0;3;0;1721;0.0;1721.0;0.0
93;Provence-Alpes-Côte d'Azur;2024-08-13;10:00;4828;29;0;4;1187;755;0;108;2745;0;0;4;0;2083;0.0;2083.0;0.0
93;Provence-Alpes-Côte d'Azur;2024-08-13;11:00;5091;42;0;4;1486;610;0;108;2840;0;0;4;0;2250;0.0;2250.0;0.0
93;Provence-Alpes-Côte d'Azur;2024-08-13;12:00;5438;221;0;6;1673;555;0;106;2877;0;0;6;0;2561;0.0;2561.0;0.0
93;Provence-Alpes-Côte d'Azur;2024-08-13;13:00;5536;221;0;4;1761;553;0;107;2889;0;0;4;0;2646;0.0;2646.0;0.0
93;Provence-Alpes-Côte d'Azur;2024-08-13;14:00;5562;220;0;13;1745;566;0;106;2911;0;0;13;0;2650;0.0;2650.0;0.0
93;Provence-Alpes-Côte d'Azur;2024-08-13;15:00;5510;221;0;13;1703;578;0;82;2913;0;0;13;0;2597;0.0;2597.0;0.0
93;Provence-Alpes-Côte d'Azur;2024-08-13;16:00;5422;221;0;11;1484;600;0;104;3002;0;0;11;0;2420;0.0;2420.0;0.0
93;Provence-Alpes-Côte d'Azur;2024-08-13;17:00;5390;221;0;9;1205;701;0;108;3147;0;0;9;0;2244;0.0;2244.0;0.0
93;Provence-Alpes-Côte d'Azur;2024-08-13;18:00;5369;221;0;10;935;845;0;105;3253;0;0;10;0;2116;0.0;2116.0;0.0
93;Provence-Alpes-Côte d'Azur;2024-08-13;19:00;5371;222;0;24;242;1257;0;75;3551;0;0;24;0;1820;0.0;1820.0;0.0
93;Provence-Alpes-Côte d'Azur;2024-08-13;20:00;5277;223;0;22;106;1283;0;78;3565;0;0;22;0;1712;0.0;1712.0;0.0
93;Provence-Alpes-Côte d'Azur;2024-08-13;21:00;5019;222;0;16;0;1328;0;78;3375;0;0;16;0;1644;0.0;1644.0;0.0
93;Provence-Alpes-Côte d'Azur;2024-08-13;22:00;4847;222;0;1;0;1305;0;81;3238;0;0;1;0;1609;0.0;1609.0;0.0
93;Provence-Alpes-Côte d'Azur;2024-08-13;23:00;4968;222;0;0;0;1219;0;82;3445;0;0;0;0;1523;0.0;1523.0;0.0
93;Provence-Alpes-Côte d'Azur;2024-09-17;00:00;3811;58;0;38;0;683;0;118;2913;0;0;38;0;897;0.0;897.0;0.0
93;Provence-Alpes-Côte d'Azur;2024-09-17;01:00;3356;58;0;39;0;530;0;118;2610;0;0;39;0;745;0.0;745.0;0.0
93;Provence-Alpes-Côte d'Azur;2024-09-17;02:00;3349;58;0;27;0;463;0;118;2683;0;0;27;0;666;0.0;666.0;0.0
93;Provence-Alpes-Côte d'Azur;2024-09-17;03:00;3195;58;0;23;0;456;0;119;2540;0;0;23;0;656;0.0;656.0;0.0
93;Provence-Alpes-Côte d'Azur;2024-09-17;04:00;3073;58;0;20;0;316;0;118;2562;0;0;20;0;512;0.0;512.0;0.0
93;Provence-Alpes-Côte d'Azur;2024-09-17;05:00;3032;58;0;18;0;318;0;118;2520;0;0;18;0;512;0.0;512.0;0.0
93;Provence-Alpes-Côte d'Azur;2024-09-17;06:00;3291;58;0;16;0;550;0;117;2550;0;0;16;0;741;0.0;741.0;0.0
93;Provence-Alpes-Côte d'Azur;2024-09-17;07:00;3607;58;0;16;2;716;0;115;2700;0;0;16;0;907;0.0;907.0;0.0
93;Provence-Alpes-Côte d'Azur;2024-09-17;08:00;3794;58;0;17;172;728;0;117;2701;0;0;17;0;1092;0.0;1092.0;0.0
93;Provence-Alpes-Côte d'Azur;2024-09-17;09:00;3998;58;0;17;644;642;0;116;2522;0;0;17;0;1477;0.0;1477.0;0.0
93;Provence-Alpes-Côte d'Azur;2024-09-17;10:00;4153;58;0;16;1037;484;0;116;2443;0;0;16;0;1711;0.0;1711.0;0.0
93;Provence-Alpes-Côte d'Azur;2024-09-17;11:00;4192;57;0;14;1205;331;0;114;2471;0;0;14;0;1721;0.0;1721.0;0.0
93;Provence-Alpes-Côte d'Azur;2024-09-17;12:00;4362;57;0;17;1091;303;0;113;2782;0;0;17;0;1581;0.0;1581.0;0.0
93;Provence-Alpes-Côte d'Azur;2024-09-17;13:00;4413;56;0;25;965;285;0;113;2969;0;0;25;0;1444;0.0;1444.0;0.0
93;Provence-Alpes-Côte d'Azur;2024-09-17;14:00;4228;56;0;26;1008;265;0;114;2760;0;0;26;0;1469;0.0;1469.0;0.0
93;Provence-Alpes-Côte d'Azur;2024-09-17;15:00;4175;58;0;22;993;309;0;97;2696;0;0;22;0;1479;0.0;1479.0;0.0
93;Provence-Alpes-Côte d'Azur;2024-09-17;16:00;4065;56;0;23;709;318;0;97;2862;0;0;23;0;1203;0.0;1203.0;0.0
93;Provence-Alpes-Côte d'Azur;2024-09-17;17:00;3938;53;0;34;401;339;0;97;3012;0;0;34;0;924;0.0;924.0;0.0
93;Provence-Alpes-Côte d'Azur;2024-09-17;18:00;4033;56;0;38;179;383;0;99;3278;0;0;38;0;755;0.0;755.0;0.0
93;Provence-Alpes-Côte d'Azur;2024-09-17;19:00;4262;57;0;27;31;816;0;99;3232;0;0;27;0;1030;0.0;1030.0;0.0
93;Provence-Alpes-Côte d'Azur;2024-09-17;20:00;4304;57;0;19;3;906;0;98;3221;0;0;19;0;1083;0.0;1083.0;0.0
93;Provence-Alpes-Côte d'Azur;2024-09-17;21:00;4016;58;0;4;0;931;0;115;2909;0;0;4;0;1108;0.0;1108.0;0.0
93;Provence-Alpes-Côte d'Azur;2024-09-17;22:00;3795;58;0;0;0;850;0;118;2770;0;0;0;0;1026;0.0;1026.0;0.0
93;Provence-Alpes-Côte d'Azur;2024-09-17;23:00;4061;58;0;0;0;837;0;118;3049;0;0;0;0;1013;0.0;1013.0;0.0
93;Provence-Alpes-Côte d'Azur;2024-10-04;00:00;3783;44;0;44;0;1464;0;105;2127;0;0;44;0;1657;0.0;1657.0;0.0
93;Provence-Alpes-Côte d'Azur;2024-10-04;01:00;3389;44;0;47;0;1223;0;105;1971;0;0;47;0;1419;0.0;1419.0;0.0
93;Provence-Alpes-Côte d'Azur;2024-10-04;02:00;3416;43;0;51;0;1027;0;107;2187;0;0;51;0;1228;0.0;1228.0;0.0
93;Provence-Alpes-Côte d'Azur;2024-10-04;03:00;3199;41;0;43;0;1015;0;106;1994;0;0;43;0;1205;0.0;1205.0;0.0
93;Provence-Alpes-Côte d'Azur;2024-10-04;04:00;3023;149;0;42;0;1018;0;106;1708;0;0;42;0;1315;0.0;1315.0;0.0
93;Provence-Alpes-Côte d'Azur;2024-10-04;05:00;3008;475;0;40;0;1038;0;103;1352;0;0;40;0;1656;0.0;1656.0;0.0
93;Provence-Alpes-Côte d'Azur;2024-10-04;06:00;3306;541;0;50;0;1317;0;105;1293;0;0;50;0;2013;0.0;2013.0;0.0
93;Provence-Alpes-Côte d'Azur;2024-10-04;07:00;3601;722;0;37;0;1546;0;102;1194;0;0;37;0;2407;0.0;2407.0;0.0
93;Provence-Alpes-Côte d'Azur;2024-10-04;08:00;3820;735;0;30;82;1576;0;101;1296;0;0;30;0;2524;0.0;2524.0;0.0
93;Provence-Alpes-Côte d'Azur;2024-10-04;09:00;4008;719;0;32;499;1582;0;102;1074;0;0;32;0;2934;0.0;2934.0;0.0
93;Provence-Alpes-Côte d'Azur;2024-10-04;10:00;4128;797;0;39;933;1577;0;99;683;0;0;39;0;3445;0.0;3445.0;0.0
93;Provence-Alpes-Côte d'Azur;2024-10-04;11:00;4189;731;0;41;1290;1436;0;101;588;0;0;41;0;3599;0.0;3599.0;0.0
93;Provence-Alpes-Côte d'Azur;2024-10-04;12:00;4342;518;0;42;1498;1216;0;111;958;0;0;42;0;3385;0.0;3385.0;0.0
93;Provence-Alpes-Côte d'Azur;2024-10-04;13:00;4350;478;0;40;1533;1040;0;112;1148;0;0;40;0;3203;0.0;3203.0;0.0
93;Provence-Alpes-Côte d'Azur;2024-10-04;14:00;4275;316;0;40;1511;1033;0;108;1267;0;0;40;0;3008;0.0;3008.0;0.0
93;Provence-Alpes-Côte d'Azur;2024-10-04;15:00;4142;233;0;41;1431;997;0;110;1331;0;0;41;0;2812;0.0;2812.0;0.0
93;Provence-Alpes-Côte d'Azur;2024-10-04;16:00;3955;233;0;40;1229;979;0;110;1365;0;0;40;0;2591;0.0;2591.0;0.0
93;Provence-Alpes-Côte d'Azur;2024-10-04;17:00;3839;313;0;46;909;1013;0;107;1451;0;0;46;0;2388;0.0;2388.0;0.0
93;Provence-Alpes-Côte d'Azur;2024-10-04;18:00;3979;316;0;41;235;1421;0;110;1857;0;0;41;0;2123;0.0;2123.0;0.0
93;Provence-Alpes-Côte d'Azur;2024-10-04;19:00;4207;466;0;39;3;1682;0;112;1905;0;0;39;0;2302;0.0;2302.0;0.0
93;Provence-Alpes-Côte d'Azur;2024-10-04;20:00;4309;468;0;39;0;1713;0;111;1979;0;0;39;0;2331;0.0;2331.0;0.0
93;Provence-Alpes-Côte d'Azur;2024-10-04;21:00;3985;470;0;36;0;1655;0;113;1712;0;0;36;0;2274;0.0;2274.0;0.0
93;Provence-Alpes-Côte d'Azur;2024-10-04;22:00;3815;471;0;31;0;1505;0;113;1696;0;0;31;0;2120;0.0;2120.0;0.0
93;Provence-Alpes-Côte d'Azur;2024-10-04;23:00;4163;390;0;22;0;1584;0;114;2053;0;0;22;0;2110;0.0;2110.0;0.0
93;Provence-Alpes-Côte d'Azur;2024-11-04;00:00;3815;95;0;0;0;1274;0;129;2318;0;0;0;0;1498;0.0;1498.0;0.0
93;Provence-Alpes-Côte d'Azur;2024-11-04;01:00;3431;122;0;0;0;1267;0;130;1913;0;0;0;0;1519;0.0;1519.0;0.0
93;Provence-Alpes-Côte d'Azur;2024-11-04;02:00;3422;228;0;0;0;1248;0;130;1816;0;0;0;0;1606;0.0;1606.0;0.0
93;Provence-Alpes-Côte d'Azur;2024-11-04;03:00;3246;343;0;0;0;1199;0;131;1574;0;0;0;0;1673;0.0;1673.0;0.0
93;Provence-Alpes-Côte d'Azur;2024-11-04;04:00;3118;328;0;0;0;1210;0;130;1451;0;0;0;0;1668;0.0;1668.0;0.0
93;Provence-Alpes-Côte d'Azur;2024-11-04;05:00;3113;373;0;0;0;1269;0;128;1344;0;0;0;0;1770;0.0;1770.0;0.0
93;Provence-Alpes-Côte d'Azur;2024-11-04;06:00;3422;802;0;0;0;1460;0;126;1035;0;0;0;0;2388;0.0;2388.0;0.0
93;Provence-Alpes-Côte d'Azur;2024-11-04;07:00;3717;1107;0;0;4;1653;0;126;827;0;0;0;0;2890;0.0;2890.0;0.0
93;Provence-Alpes-Côte d'Azur;2024-11-04;08:00;3974;904;0;0;217;1758;0;131;965;0;0;0;0;3010;0.0;3010.0;0.0
93;Provence-Alpes-Côte d'Azur;2024-11-04;09:00;4040;678;0;0;684;1723;0;131;826;0;0;0;0;3216;0.0;3216.0;0.0
93;Provence-Alpes-Côte d'Azur;2024-11-04;10:00;4113;836;0;0;1075;1490;0;126;586;0;0;0;0;3527;0.0;3527.0;0.0
93;Provence-Alpes-Côte d'Azur;2024-11-04;11:00;4126;772;0;0;1204;1493;0;127;529;0;0;0;0;3596;0.0;3596.0;0.0
93;Provence-Alpes-Côte d'Azur;2024-11-04;12:00;4273;1057;0;0;1337;1495;0;117;267;0;0;0;0;4006;0.0;4006.0;0.0
93;Provence-Alpes-Côte d'Azur;2024-11-04;13:00;4255;1021;0;0;1324;1490;0;122;299;0;0;0;0;3957;0.0;3957.0;0.0
93;Provence-Alpes-Côte d'Azur;2024-11-04;14:00;4157;1016;0;0;1204;1480;0;123;333;0;0;0;0;3823;0.0;3823.0;0.0
93;Provence-Alpes-Côte d'Azur;2024-11-04;15:00;4038;1097;0;0;939;1510;0;123;369;0;0;0;0;3669;0.0;3669.0;0.0
93;Provence-Alpes-Côte d'Azur;2024-11-04;16:00;3871;1214;0;0;528;1539;0;124;466;0;0;0;0;3405;0.0;3405.0;0.0
93;Provence-Alpes-Côte d'Azur;2024-11-04;17:00;3824;1645;0;0;13;1665;0;124;376;0;0;0;0;3447;0.0;3447.0;0.0
93;Provence-Alpes-Côte d'Azur;2024-11-04;18:00;4230;1694;0;0;0;1694;0;126;716;0;0;0;0;3514;0.0;3514.0;0.0
93;Provence-Alpes-Côte d'Azur;2024-11-04;19:00;4400;1693;0;0;0;1737;0;123;847;0;0;0;0;3553;0.0;3553.0;0.0
93;Provence-Alpes-Côte d'Azur;2024-11-04;20:00;4298;1622;0;0;0;1764;0;123;791;0;0;0;0;3509;0.0;3509.0;0.0
93;Provence-Alpes-Côte d'Azur;2024-11-04;21:00;3953;1665;0;0;0;1773;0;126;390;0;0;0;0;3564;0.0;3564.0;0.0
93;Provence-Alpes-Côte d'Azur;2024-11-04;22:00;3766;1500;0;0;0;1654;0;123;489;0;0;0;0;3277;0.0;3277.0;0.0
93;Provence-Alpes-Côte d'Azur;2024-11-04;23:00;4089;1694;0;0;0;1566;0;124;706;0;0;0;0;3384;0.0;3384.0;0.0
93;Provence-Alpes-Côte d'Azur;2024-12-02;00:00;4930;128;0;1;0;872;0;117;3812;0;0;1;0;1118;0.0;1118.0;0.0
93;Provence-Alpes-Côte d'Azur;2024-12-02;01:00;4572;128;0;2;0;741;-48;125;3624;0;0;2;0;948;0.0;948.0;0.0
93;Provence-Alpes-Côte d'Azur;2024-12-02;02:00;4605;128;0;1;0;721;-51;122;3684;0;0;2;0;921;0.0;921.0;0.0
93;Provence-Alpes-Côte d'Azur;2024-12-02;03:00;4422;128;0;6;0;699;-51;123;3518;0;0;6;0;905;0.0;905.0;0.0
93;Provence-Alpes-Côte d'Azur;2024-12-02;04:00;4258;127;0;3;0;697;-51;124;3358;0;0;3;0;900;0.0;900.0;0.0
93;Provence-Alpes-Côte d'Azur;2024-12-02;05:00;4320;169;0;3;0;707;0;125;3317;0;0;3;0;1004;0.0;1004.0;0.0
93;Provence-Alpes-Côte d'Azur;2024-12-02;06:00;4702;206;0;3;0;928;0;127;3439;0;0;3;0;1264;0.0;1264.0;0.0
93;Provence-Alpes-Côte d'Azur;2024-12-02;07:00;5098;405;0;2;0;1165;0;118;3407;0;0;3;0;1690;0.0;1690.0;0.0
93;Provence-Alpes-Côte d'Azur;2024-12-02;08:00;5364;741;0;2;53;1501;0;119;2949;0;0;2;0;2416;0.0;2416.0;0.0
93;Provence-Alpes-Côte d'Azur;2024-12-02;09:00;5373;575;0;1;192;1581;0;115;2910;0;0;1;0;2464;0.0;2464.0;0.0
93;Provence-Alpes-Côte d'Azur;2024-12-02;10:00;5329;383;0;0;593;1683;0;116;2555;0;0;0;0;2775;0.0;2775.0;0.0
93;Provence-Alpes-Côte d'Azur;2024-12-02;11:00;5208;341;0;0;946;1446;0;123;2354;0;0;0;0;2856;0.0;2856.0;0.0
93;Provence-Alpes-Côte d'Azur;2024-12-02;12:00;5248;568;0;0;1110;1341;0;119;2111;0;0;0;0;3138;0.0;3138.0;0.0
93;Provence-Alpes-Côte d'Azur;2024-12-02;13:00;5147;602;0;0;1059;1307;0;118;2062;0;0;0;0;3086;0.0;3086.0;0.0
93;Provence-Alpes-Côte d'Azur;2024-12-02;14:00;5039;719;0;0;967;1322;0;117;1915;0;0;0;0;3125;0.0;3125.0;0.0
93;Provence-Alpes-Côte d'Azur;2024-12-02;15:00;4904;856;0;1;600;1297;0;117;2033;0;0;1;0;2871;0.0;2871.0;0.0
93;Provence-Alpes-Côte d'Azur;2024-12-02;16:00;4802;890;0;4;86;1599;0;117;2106;0;0;4;0;2696;0.0;2696.0;0.0
93;Provence-Alpes-Côte d'Azur;2024-12-02;17:00;5070;1016;0;8;0;2140;0;120;1786;0;0;9;0;3284;0.0;3284.0;0.0
93;Provence-Alpes-Côte d'Azur;2024-12-02;18:00;5423;1018;0;7;0;2241;0;120;2037;0;0;7;0;3386;0.0;3386.0;0.0
93;Provence-Alpes-Côte d'Azur;2024-12-02;19:00;5630;1017;0;19;0;2206;0;123;2266;0;0;19;0;3365;0.0;3365.0;0.0
93;Provence-Alpes-Côte d'Azur;2024-12-02;20:00;5519;1020;0;21;0;2104;0;123;2251;0;0;21;0;3268;0.0;3268.0;0.0
93;Provence-Alpes-Côte d'Azur;2024-12-02;21:00;5236;1031;0;6;0;1878;0;124;2197;0;0;6;0;3039;0.0;3039.0;0.0
93;Provence-Alpes-Côte d'Azur;2024-12-02;22:00;4945;864;0;14;0;1424;0;125;2519;0;0;14;0;2427;0.0;2427.0;0.0
93;Provence-Alpes-Côte d'Azur;2024-12-02;23:00;5216;938;0;17;0;1114;0;127;3021;0;0;18;0;2196;0.0;2196.0;0.0
