date,heures,consommation,prevision_j_1,prevision_j,fioul,charbon,gaz,nucleaire,eolien_total,solaire,hydraulique,pompage,bioenergies,ech_physiques,taux_co2,ech_angleterre,ech_espagne,ech_italie,ech_suisse,ech_allemagne_belgique,fioul_tac,fioul_cogen,fioul_autres,gaz_tac,gaz_cogen,gaz_ccg,gaz_autres,hydraulique_fil_de_l_eau,hydraulique_lacs,hydraulique_step_turbinage,bioenergies.1,bio_biomasse,bio_biogaz,stockage_batterie,destockage_batterie,eolien_terrestre,eolien_offshore,datetime,date_only,month
18/01/2024,00:00,65108.0,63000.0,62600.0,111.0,255.0,7746.0,50701.0,6592.0,0.0,9652.0,-337.0,1175.0,-10673.0,47.0,-2022.0,2400.0,-3800.0,-2385.0,-6045.0,14.0,74.0,23.0,101.0,1269.0,5241.0,1136.0,6794.0,2784.0,75.0,469.0,350.0,355.0,0.0,0.0,6061.0,531.0,2024-01-18 00:00:00,2024-01-18,1.0
18/01/2024,00:30,64242.0,61500.0,61400.0,109.0,52.0,7330.0,50692.0,6610.0,0.0,10581.0,-404.0,1173.0,-11797.0,42.0,-2022.0,2400.0,-3800.0,-2385.0,-6070.0,14.0,73.0,23.0,97.0,1246.0,4851.0,1136.0,6636.0,3827.0,119.0,473.0,347.0,354.0,0.0,0.0,6048.0,561.0,2024-01-18 00:30:00,2024-01-18,1.0
18/01/2024,01:00,61907.0,59800.0,59500.0,110.0,17.0,5818.0,50686.0,6875.0,0.0,9677.0,-411.0,1170.0,-11919.0,36.0,-2051.0,2400.0,-3694.0,-2385.0,-6622.0,14.0,73.0,23.0,96.0,1242.0,3345.0,1135.0,6548.0,3028.0,101.0,469.0,349.0,353.0,0.0,0.0,6328.0,547.0,2024-01-18 01:00:00,2024-01-18,1.0
18/01/2024,01:30,61559.0,60600.0,60400.0,110.0,16.0,5342.0,50661.0,7161.0,0.0,9873.0,-237.0,1177.0,-12427.0,34.0,-2051.0,2400.0,-3694.0,-2385.0,-6632.0,14.0,73.0,23.0,96.0,1246.0,2864.0,1136.0,6651.0,3120.0,102.0,473.0,349.0,355.0,0.0,0.0,6623.0,538.0,2024-01-18 01:30:00,2024-01-18,1.0
18/01/2024,02:00,61390.0,60900.0,60400.0,109.0,14.0,5236.0,50191.0,7416.0,0.0,9594.0,-299.0,1180.0,-11930.0,33.0,-2561.0,2400.0,-3669.0,-2385.0,-6650.0,14.0,72.0,23.0,96.0,1247.0,2761.0,1131.0,6574.0,2918.0,101.0,477.0,351.0,352.0,0.0,0.0,6877.0,538.0,2024-01-18 02:00:00,2024-01-18,1.0
18/01/2024,02:30,61539.0,59700.0,59000.0,110.0,14.0,5315.0,50534.0,7755.0,0.0,9550.0,-398.0,1180.0,-12408.0,33.0,-2561.0,2400.0,-3669.0,-2385.0,-6765.0,14.0,74.0,23.0,96.0,1234.0,2864.0,1122.0,6572.0,2851.0,126.0,475.0,354.0,351.0,0.0,0.0,7189.0,565.0,2024-01-18 02:30:00,2024-01-18,1.0
18/01/2024,03:00,60328.0,58200.0,57700.0,110.0,14.0,5229.0,50609.0,7915.0,0.0,9092.0,-559.0,1184.0,-13141.0,33.0,-2790.0,2400.0,-3881.0,-2385.0,-6870.0,14.0,73.0,23.0,97.0,1234.0,2782.0,1117.0,6467.0,2503.0,123.0,476.0,358.0,350.0,0.0,0.0,7348.0,566.0,2024-01-18 03:00:00,2024-01-18,1.0
18/01/2024,03:30,59340.0,57500.0,56700.0,110.0,14.0,4747.0,50654.0,7821.0,0.0,8960.0,-917.0,1187.0,-13123.0,31.0,-2790.0,2400.0,-3881.0,-2385.0,-6918.0,14.0,73.0,23.0,97.0,1238.0,2293.0,1120.0,6493.0,2457.0,9.0,479.0,357.0,350.0,0.0,0.0,7250.0,571.0,2024-01-18 03:30:00,2024-01-18,1.0
18/01/2024,04:00,58355.0,56500.0,56100.0,110.0,8.0,4722.0,50420.0,8066.0,0.0,9199.0,-1645.0,1180.0,-13587.0,31.0,-2863.0,2350.0,-3884.0,-2385.0,-7159.0,14.0,73.0,23.0,97.0,1237.0,2265.0,1122.0,6523.0,2668.0,8.0,472.0,357.0,352.0,0.0,0.0,7410.0,656.0,2024-01-18 04:00:00,2024-01-18,1.0
18/01/2024,04:30,57892.0,56500.0,55400.0,109.0,0.0,4558.0,50441.0,8284.0,0.0,8694.0,-1803.0,1177.0,-13456.0,31.0,-2863.0,2350.0,-3884.0,-2385.0,-7196.0,14.0,73.0,23.0,94.0,1234.0,2105.0,1124.0,6555.0,2132.0,8.0,472.0,352.0,352.0,0.0,0.0,7585.0,699.0,2024-01-18 04:30:00,2024-01-18,1.0
18/01/2024,05:00,57860.0,56800.0,56000.0,110.0,0.0,4626.0,50523.0,8629.0,0.0,8683.0,-2079.0,1178.0,-13701.0,31.0,-2983.0,2350.0,-3884.0,-2385.0,-5640.0,14.0,73.0,23.0,93.0,1231.0,2179.0,1124.0,6576.0,2099.0,8.0,475.0,353.0,350.0,0.0,0.0,7910.0,720.0,2024-01-18 05:00:00,2024-01-18,1.0
18/01/2024,05:30,59430.0,58800.0,57900.0,110.0,0.0,4741.0,50595.0,8919.0,0.0,8551.0,-2001.0,1172.0,-12550.0,31.0,-2983.0,2350.0,-3884.0,-2385.0,-5401.0,14.0,73.0,23.0,93.0,1196.0,2325.0,1127.0,6615.0,1929.0,8.0,471.0,354.0,347.0,0.0,0.0,8185.0,733.0,2024-01-18 05:30:00,2024-01-18,1.0
18/01/2024,06:00,60765.0,60400.0,60300.0,109.0,0.0,5014.0,50688.0,8889.0,0.0,8924.0,-1882.0,1167.0,-12032.0,32.0,-2854.0,2000.0,-3884.0,-2385.0,-3819.0,14.0,73.0,23.0,95.0,1202.0,2590.0,1127.0,6730.0,2186.0,7.0,462.0,357.0,348.0,0.0,0.0,8154.0,735.0,2024-01-18 06:00:00,2024-01-18,1.0
18/01/2024,06:30,63674.0,63700.0,63000.0,110.0,0.0,5563.0,50711.0,8695.0,0.0,9219.0,-1066.0,1151.0,-10598.0,34.0,-2854.0,2000.0,-3884.0,-2385.0,-3848.0,14.0,73.0,23.0,98.0,1249.0,3088.0,1127.0,6787.0,2422.0,10.0,449.0,357.0,345.0,0.0,0.0,7962.0,733.0,2024-01-18 06:30:00,2024-01-18,1.0
18/01/2024,07:00,66409.0,66300.0,66100.0,109.0,0.0,6376.0,50889.0,8465.0,0.0,10324.0,-31.0,1141.0,-10753.0,37.0,-2400.0,2000.0,-3632.0,-2109.0,-3480.0,14.0,73.0,23.0,102.0,1251.0,3897.0,1126.0,6943.0,3241.0,141.0,454.0,350.0,337.0,0.0,0.0,7740.0,725.0,2024-01-18 07:00:00,2024-01-18,1.0
18/01/2024,07:30,69322.0,68900.0,68200.0,109.0,0.0,7661.0,50754.0,8504.0,0.0,10772.0,-5.0,1135.0,-9492.0,41.0,-2400.0,2000.0,-3632.0,-2109.0,-3317.0,14.0,73.0,23.0,105.0,1274.0,5160.0,1122.0,7022.0,3286.0,465.0,445.0,355.0,336.0,0.0,0.0,7779.0,725.0,2024-01-18 07:30:00,2024-01-18,1.0
18/01/2024,08:00,71399.0,70900.0,70000.0,108.0,0.0,8267.0,50862.0,8187.0,0.0,12310.0,-5.0,1136.0,-9356.0,43.0,-3014.0,1775.0,-3033.0,-2291.0,-2990.0,14.0,71.0,23.0,105.0,1277.0,5755.0,1130.0,7232.0,4326.0,751.0,446.0,351.0,339.0,0.0,0.0,7488.0,699.0,2024-01-18 08:00:00,2024-01-18,1.0
18/01/2024,08:30,72466.0,71400.0,70700.0,109.0,0.0,8458.0,50827.0,7974.0,18.0,12725.0,-5.0,1125.0,-8651.0,44.0,-3014.0,1775.0,-3033.0,-2291.0,-2834.0,14.0,72.0,23.0,103.0,1282.0,5925.0,1149.0,7206.0,4497.0,1022.0,441.0,346.0,337.0,0.0,0.0,7286.0,688.0,2024-01-18 08:30:00,2024-01-18,1.0
18/01/2024,09:00,72952.0,72000.0,71400.0,109.0,0.0,8506.0,50997.0,7589.0,187.0,13562.0,-6.0,1126.0,-9003.0,44.0,-3014.0,1700.0,-3320.0,-2021.0,-2939.0,14.0,72.0,23.0,102.0,1282.0,5975.0,1148.0,7145.0,4709.0,1708.0,442.0,348.0,336.0,0.0,0.0,6916.0,673.0,2024-01-18 09:00:00,2024-01-18,1.0
18/01/2024,09:30,73473.0,72000.0,71800.0,108.0,0.0,8487.0,51098.0,7356.0,593.0,14301.0,-4.0,1132.0,-9481.0,43.0,-3014.0,1700.0,-3320.0,-2021.0,-2923.0,14.0,71.0,23.0,102.0,1285.0,5970.0,1131.0,7129.0,5058.0,2114.0,451.0,350.0,332.0,0.0,0.0,6692.0,665.0,2024-01-18 09:30:00,2024-01-18,1.0
18/01/2024,10:00,73713.0,71800.0,72200.0,108.0,0.0,8502.0,51034.0,6955.0,1142.0,13570.0,-4.0,1115.0,-8588.0,43.0,-2959.0,1700.0,-3415.0,-2385.0,-3312.0,14.0,72.0,23.0,102.0,1287.0,5994.0,1119.0,7047.0,4602.0,1921.0,442.0,346.0,328.0,0.0,0.0,6260.0,695.0,2024-01-18 10:00:00,2024-01-18,1.0
18/01/2024,10:30,73656.0,71600.0,72000.0,104.0,0.0,8526.0,51116.0,6415.0,1767.0,13991.0,-5.0,1124.0,-9277.0,43.0,-2959.0,1700.0,-3415.0,-2383.0,-3312.0,14.0,71.0,20.0,102.0,1289.0,6018.0,1117.0,6989.0,4597.0,2406.0,449.0,351.0,324.0,0.0,0.0,5743.0,672.0,2024-01-18 10:30:00,2024-01-18,1.0
18/01/2024,11:00,73547.0,71100.0,71900.0,103.0,0.0,8529.0,51122.0,6328.0,2401.0,13863.0,-5.0,1126.0,-9803.0,43.0,-2823.0,1800.0,-3334.0,-2175.0,-2685.0,14.0,70.0,19.0,102.0,1285.0,6021.0,1120.0,7001.0,4544.0,2319.0,450.0,355.0,321.0,0.0,0.0,5716.0,611.0,2024-01-18 11:00:00,2024-01-18,1.0
18/01/2024,11:30,73561.0,71300.0,71700.0,102.0,0.0,8504.0,51144.0,6119.0,2990.0,12757.0,-5.0,1116.0,-9048.0,43.0,-2823.0,1800.0,-3334.0,-2175.0,-2528.0,14.0,70.0,19.0,102.0,1279.0,6014.0,1109.0,6901.0,3908.0,1949.0,450.0,342.0,324.0,0.0,0.0,5547.0,572.0,2024-01-18 11:30:00,2024-01-18,1.0
18/01/2024,12:00,73545.0,71700.0,72300.0,101.0,0.0,8484.0,51056.0,5866.0,3364.0,12555.0,-9.0,1128.0,-8881.0,43.0,-2519.0,1800.0,-3018.0,-1357.0,-2789.0,13.0,69.0,19.0,102.0,1276.0,5983.0,1123.0,6977.0,3687.0,1891.0,445.0,355.0,328.0,0.0,0.0,5373.0,493.0,2024-01-18 12:00:00,2024-01-18,1.0
18/01/2024,12:30,73123.0,69500.0,71000.0,103.0,0.0,8441.0,51154.0,5440.0,3596.0,11668.0,-40.0,1134.0,-8247.0,44.0,-2519.0,1800.0,-3018.0,-1357.0,-3253.0,14.0,71.0,18.0,102.0,1279.0,5936.0,1124.0,6949.0,3262.0,1457.0,450.0,354.0,330.0,0.0,0.0,4963.0,477.0,2024-01-18 12:30:00,2024-01-18,1.0
18/01/2024,13:00,71907.0,68700.0,69600.0,107.0,0.0,8313.0,51217.0,5267.0,3858.0,10901.0,-60.0,1146.0,-8705.0,43.0,-2447.0,1800.0,-3320.0,-2357.0,-3891.0,14.0,70.0,23.0,102.0,1285.0,5793.0,1133.0,6897.0,3019.0,985.0,460.0,352.0,334.0,0.0,0.0,4770.0,497.0,2024-01-18 13:00:00,2024-01-18,1.0
18/01/2024,13:30,70918.0,67400.0,68800.0,108.0,0.0,8354.0,51218.0,5166.0,4040.0,11064.0,-60.0,1158.0,-10014.0,44.0,-2447.0,1800.0,-3320.0,-2357.0,-4090.0,14.0,71.0,23.0,102.0,1285.0,5840.0,1127.0,6875.0,3291.0,898.0,473.0,350.0,334.0,0.0,0.0,4687.0,480.0,2024-01-18 13:30:00,2024-01-18,1.0
18/01/2024,14:00,70119.0,67200.0,68500.0,111.0,0.0,8254.0,51228.0,5207.0,3995.0,10836.0,-60.0,1156.0,-10492.0,43.0,-2066.0,1800.0,-3641.0,-2364.0,-3162.0,14.0,74.0,23.0,102.0,1282.0,5732.0,1138.0,6797.0,3330.0,709.0,476.0,346.0,334.0,0.0,0.0,4754.0,453.0,2024-01-18 14:00:00,2024-01-18,1.0
18/01/2024,14:30,70134.0,67300.0,68300.0,112.0,0.0,8190.0,51240.0,5109.0,3722.0,10229.0,-60.0,1156.0,-9452.0,44.0,-2066.0,1800.0,-3641.0,-2385.0,-3206.0,14.0,75.0,23.0,100.0,1282.0,5667.0,1141.0,6593.0,3219.0,417.0,475.0,347.0,334.0,0.0,0.0,4769.0,340.0,2024-01-18 14:30:00,2024-01-18,1.0
18/01/2024,15:00,69783.0,66900.0,67700.0,109.0,0.0,8314.0,51261.0,5021.0,3209.0,10323.0,-11.0,1145.0,-9477.0,44.0,-2183.0,2300.0,-3749.0,-2385.0,-3549.0,14.0,74.0,21.0,100.0,1307.0,5770.0,1138.0,6561.0,3316.0,446.0,468.0,345.0,332.0,0.0,0.0,4739.0,282.0,2024-01-18 15:00:00,2024-01-18,1.0
18/01/2024,15:30,69437.0,66400.0,67200.0,108.0,0.0,8386.0,51264.0,4855.0,2672.0,10662.0,-4.0,1149.0,-9537.0,45.0,-2183.0,2300.0,-3749.0,-2385.0,-3696.0,14.0,74.0,21.0,109.0,1288.0,5845.0,1144.0,6628.0,3360.0,675.0,474.0,342.0,333.0,0.0,0.0,4547.0,308.0,2024-01-18 15:30:00,2024-01-18,1.0
18/01/2024,16:00,68852.0,66400.0,66700.0,108.0,0.0,8532.0,51227.0,4652.0,2035.0,11013.0,-5.0,1143.0,-9733.0,46.0,-2288.0,2300.0,-3421.0,-2272.0,-3683.0,14.0,74.0,21.0,138.0,1293.0,5952.0,1149.0,6728.0,3336.0,949.0,476.0,333.0,334.0,0.0,0.0,4338.0,315.0,2024-01-18 16:00:00,2024-01-18,1.0
18/01/2024,16:30,68472.0,66100.0,66100.0,109.0,0.0,8415.0,51206.0,4346.0,1327.0,11339.0,-5.0,1139.0,-9282.0,46.0,-2288.0,2300.0,-3421.0,-2272.0,-3690.0,14.0,74.0,21.0,145.0,1298.0,5802.0,1170.0,6984.0,3485.0,871.0,476.0,329.0,335.0,0.0,0.0,4088.0,258.0,2024-01-18 16:30:00,2024-01-18,1.0
18/01/2024,17:00,68532.0,66900.0,67200.0,110.0,0.0,8580.0,51220.0,4035.0,636.0,12069.0,-5.0,1138.0,-9132.0,47.0,-1716.0,2300.0,-3689.0,-1621.0,-4307.0,14.0,75.0,20.0,142.0,1300.0,5963.0,1175.0,7117.0,3871.0,1082.0,471.0,332.0,336.0,0.0,0.0,3815.0,221.0,2024-01-18 17:00:00,2024-01-18,1.0
18/01/2024,17:30,69785.0,68400.0,69000.0,109.0,0.0,8618.0,51233.0,4043.0,170.0,13111.0,-5.0,1142.0,-8526.0,46.0,-1716.0,2300.0,-3689.0,-1257.0,-4048.0,14.0,75.0,20.0,148.0,1307.0,5989.0,1173.0,7295.0,4212.0,1604.0,470.0,336.0,336.0,0.0,0.0,3790.0,253.0,2024-01-18 17:30:00,2024-01-18,1.0
18/01/2024,18:00,72349.0,71400.0,72200.0,110.0,0.0,8656.0,51284.0,4064.0,10.0,14988.0,-4.0,1141.0,-7794.0,46.0,-609.0,374.0,-3386.0,-1022.0,-1609.0,14.0,76.0,20.0,150.0,1307.0,6024.0,1175.0,7409.0,5009.0,2569.0,470.0,334.0,336.0,0.0,0.0,3809.0,256.0,2024-01-18 18:00:00,2024-01-18,1.0
18/01/2024,18:30,74765.0,73400.0,73900.0,109.0,0.0,8531.0,51300.0,4150.0,0.0,15353.0,-4.0,1151.0,-5712.0,45.0,-609.0,374.0,-3386.0,-933.0,-1080.0,14.0,75.0,20.0,150.0,1310.0,5908.0,1163.0,7491.0,5057.0,2804.0,476.0,336.0,340.0,0.0,0.0,3924.0,226.0,2024-01-18 18:30:00,2024-01-18,1.0
18/01/2024,19:00,76891.0,75100.0,75600.0,110.0,0.0,8560.0,51312.0,4266.0,0.0,16350.0,-4.0,1166.0,-4758.0,44.0,-506.0,-2345.0,-4042.0,-587.0,2540.0,14.0,75.0,22.0,148.0,1310.0,5940.0,1163.0,7660.0,5220.0,3470.0,486.0,341.0,339.0,0.0,0.0,4041.0,225.0,2024-01-18 19:00:00,2024-01-18,1.0
18/01/2024,19:30,77327.0,74100.0,74500.0,109.0,0.0,8528.0,51322.0,4508.0,0.0,15936.0,-4.0,1170.0,-4118.0,44.0,-506.0,-2345.0,-4042.0,-587.0,2540.0,14.0,75.0,21.0,150.0,1308.0,5896.0,1174.0,7585.0,5115.0,3236.0,486.0,347.0,337.0,0.0,0.0,4207.0,301.0,2024-01-18 19:30:00,2024-01-18,1.0
18/01/2024,20:00,76004.0,72400.0,72600.0,108.0,0.0,8506.0,51312.0,4727.0,0.0,15186.0,-4.0,1170.0,-4878.0,45.0,-544.0,-2775.0,-4042.0,-563.0,2417.0,14.0,74.0,20.0,150.0,1308.0,5871.0,1178.0,7596.0,4931.0,2659.0,483.0,351.0,336.0,0.0,0.0,4391.0,336.0,2024-01-18 20:00:00,2024-01-18,1.0
18/01/2024,20:30,74110.0,70400.0,70500.0,106.0,0.0,8458.0,51372.0,4868.0,0.0,13815.0,-5.0,1165.0,-5552.0,45.0,-544.0,-2775.0,-4042.0,-533.0,2452.0,14.0,73.0,20.0,150.0,1275.0,5867.0,1165.0,7377.0,4593.0,1845.0,481.0,349.0,335.0,0.0,0.0,4595.0,273.0,2024-01-18 20:30:00,2024-01-18,1.0
18/01/2024,21:00,72294.0,68600.0,68600.0,108.0,0.0,8507.0,51403.0,4777.0,0.0,11925.0,-5.0,1170.0,-5474.0,46.0,-521.0,-2775.0,-3475.0,-1644.0,2678.0,13.0,72.0,22.0,151.0,1260.0,5950.0,1146.0,7245.0,3954.0,726.0,483.0,352.0,335.0,0.0,0.0,4579.0,198.0,2024-01-18 21:00:00,2024-01-18,1.0
18/01/2024,21:30,70888.0,67100.0,67000.0,108.0,0.0,8357.0,51412.0,4709.0,0.0,11318.0,-6.0,1170.0,-6066.0,46.0,-521.0,-2775.0,-3475.0,-1647.0,2495.0,13.0,72.0,23.0,151.0,1254.0,5811.0,1142.0,7050.0,3620.0,648.0,489.0,348.0,333.0,0.0,0.0,4552.0,158.0,2024-01-18 21:30:00,2024-01-18,1.0
18/01/2024,22:00,69512.0,65600.0,65300.0,107.0,1.0,8234.0,51411.0,4595.0,0.0,10480.0,-4.0,1164.0,-6358.0,46.0,-738.0,-2275.0,-3359.0,-1406.0,2799.0,13.0,71.0,23.0,148.0,1253.0,5689.0,1144.0,6986.0,3217.0,276.0,486.0,344.0,333.0,0.0,0.0,4452.0,144.0,2024-01-18 22:00:00,2024-01-18,1.0
18/01/2024,22:30,69629.0,66800.0,66400.0,108.0,1.0,8170.0,51416.0,4300.0,0.0,10182.0,-4.0,1163.0,-5598.0,46.0,-738.0,-2275.0,-3359.0,-1382.0,3967.0,13.0,71.0,23.0,148.0,1246.0,5629.0,1147.0,6799.0,3037.0,346.0,489.0,341.0,333.0,0.0,0.0,4175.0,125.0,2024-01-18 22:30:00,2024-01-18,1.0
18/01/2024,23:00,71172.0,69000.0,68500.0,107.0,0.0,8242.0,51416.0,4044.0,0.0,10095.0,-5.0,1159.0,-3768.0,47.0,-745.0,-93.0,-3177.0,-2385.0,3079.0,14.0,70.0,23.0,148.0,1250.0,5696.0,1147.0,6777.0,2970.0,348.0,487.0,340.0,332.0,0.0,0.0,3932.0,111.0,2024-01-18 23:00:00,2024-01-18,1.0
18/01/2024,23:30,70390.0,68300.0,67600.0,107.0,1.0,7898.0,51421.0,3766.0,0.0,9589.0,-5.0,1166.0,-3434.0,46.0,-745.0,-93.0,-3177.0,-2381.0,3466.0,13.0,71.0,23.0,148.0,1253.0,5349.0,1148.0,6512.0,2804.0,273.0,494.0,344.0,327.0,0.0,0.0,3673.0,94.0,2024-01-18 23:30:00,2024-01-18,1.0
04/02/2024,00:00,56635.0,55000.0,55100.0,90.0,15.0,2323.0,44660.0,5528.0,0.0,7544.0,-1108.0,1300.0,-3624.0,24.0,-240.0,-3320.0,-4947.0,-3200.0,8565.0,0.0,68.0,24.0,102.0,1019.0,152.0,1050.0,4791.0,2576.0,177.0,541.0,410.0,349.0,0.0,0.0,5249.0,279.0,2024-02-04 00:00:00,2024-02-04,2.0
04/02/2024,00:30,55926.0,53800.0,53600.0,91.0,15.0,2329.0,44119.0,5788.0,0.0,6920.0,-1373.0,1310.0,-3172.0,24.0,-240.0,-3320.0,-4947.0,-3200.0,8578.0,0.0,68.0,24.0,98.0,1004.0,178.0,1049.0,4639.0,2138.0,142.0,547.0,414.0,350.0,0.0,0.0,5505.0,282.0,2024-02-04 00:30:00,2024-02-04,2.0
04/02/2024,01:00,53592.0,51900.0,51800.0,91.0,15.0,2292.0,43115.0,6091.0,0.0,6121.0,-1991.0,1307.0,-3337.0,25.0,-162.0,-3264.0,-4240.0,-3200.0,8194.0,0.0,68.0,24.0,98.0,1002.0,144.0,1049.0,4554.0,1559.0,8.0,546.0,412.0,349.0,0.0,0.0,5806.0,285.0,2024-02-04 01:00:00,2024-02-04,2.0
04/02/2024,01:30,53040.0,52400.0,52300.0,90.0,16.0,2311.0,43081.0,6167.0,0.0,6051.0,-2653.0,1310.0,-3226.0,25.0,-162.0,-3264.0,-4240.0,-3200.0,8199.0,0.0,67.0,24.0,97.0,1002.0,160.0,1051.0,4452.0,1593.0,7.0,548.0,412.0,351.0,0.0,0.0,5870.0,297.0,2024-02-04 01:30:00,2024-02-04,2.0
04/02/2024,02:00,52766.0,52000.0,52000.0,91.0,15.0,2294.0,42843.0,6003.0,0.0,5899.0,-2771.0,1306.0,-2798.0,25.0,325.0,-3000.0,-4925.0,-3200.0,8974.0,0.0,69.0,24.0,97.0,1003.0,140.0,1054.0,4398.0,1495.0,7.0,543.0,412.0,351.0,0.0,0.0,5716.0,287.0,2024-02-04 02:00:00,2024-02-04,2.0
04/02/2024,02:30,52477.0,51000.0,50600.0,90.0,15.0,2343.0,42518.0,6018.0,0.0,5595.0,-2860.0,1309.0,-2441.0,26.0,325.0,-3000.0,-4925.0,-3200.0,8953.0,0.0,68.0,24.0,97.0,1002.0,189.0,1054.0,4200.0,1388.0,7.0,544.0,416.0,349.0,0.0,0.0,5741.0,277.0,2024-02-04 02:30:00,2024-02-04,2.0
04/02/2024,03:00,51105.0,49400.0,49200.0,90.0,15.0,2297.0,41512.0,6052.0,0.0,5341.0,-2851.0,1305.0,-2531.0,26.0,350.0,-3000.0,-4668.0,-3200.0,7537.0,0.0,68.0,24.0,97.0,1002.0,144.0,1053.0,4138.0,1196.0,7.0,547.0,410.0,348.0,0.0,0.0,5787.0,264.0,2024-02-04 03:00:00,2024-02-04,2.0
04/02/2024,03:30,49736.0,48000.0,47800.0,90.0,15.0,2315.0,40644.0,6061.0,0.0,5088.0,-2749.0,1301.0,-2931.0,27.0,350.0,-3000.0,-4668.0,-3200.0,7492.0,0.0,68.0,24.0,97.0,1002.0,164.0,1052.0,3986.0,1096.0,6.0,546.0,407.0,347.0,0.0,0.0,5794.0,268.0,2024-02-04 03:30:00,2024-02-04,2.0
04/02/2024,04:00,48485.0,46900.0,46900.0,91.0,16.0,2304.0,39699.0,6200.0,0.0,4843.0,-2853.0,1303.0,-3021.0,28.0,1028.0,-2900.0,-4668.0,-3200.0,5344.0,0.0,69.0,24.0,97.0,1002.0,154.0,1052.0,3899.0,937.0,7.0,548.0,408.0,347.0,0.0,0.0,5942.0,258.0,2024-02-04 04:00:00,2024-02-04,2.0
04/02/2024,04:30,47561.0,46200.0,46100.0,91.0,15.0,2315.0,40310.0,6244.0,0.0,4769.0,-2994.0,1304.0,-4415.0,27.0,1028.0,-2900.0,-4668.0,-3200.0,5201.0,0.0,68.0,24.0,97.0,1002.0,165.0,1052.0,3812.0,950.0,7.0,549.0,408.0,347.0,0.0,0.0,5982.0,262.0,2024-02-04 04:30:00,2024-02-04,2.0
04/02/2024,05:00,47145.0,45400.0,45700.0,90.0,15.0,2315.0,40268.0,6230.0,0.0,4791.0,-3153.0,1300.0,-4638.0,28.0,1091.0,-2900.0,-4668.0,-3200.0,4491.0,0.0,67.0,24.0,97.0,1001.0,166.0,1051.0,3851.0,933.0,6.0,546.0,407.0,347.0,0.0,0.0,5967.0,264.0,2024-02-04 05:00:00,2024-02-04,2.0
04/02/2024,05:30,47565.0,46200.0,46100.0,92.0,15.0,2309.0,40647.0,6220.0,0.0,4898.0,-3279.0,1291.0,-4530.0,27.0,1091.0,-2900.0,-4668.0,-3200.0,4590.0,0.0,69.0,24.0,97.0,1001.0,159.0,1051.0,3884.0,1009.0,6.0,541.0,406.0,345.0,0.0,0.0,5957.0,263.0,2024-02-04 05:30:00,2024-02-04,2.0
04/02/2024,06:00,47481.0,46500.0,46600.0,90.0,15.0,2339.0,40892.0,6206.0,0.0,4959.0,-3282.0,1292.0,-4933.0,27.0,1420.0,-2900.0,-4668.0,-3200.0,5453.0,0.0,68.0,24.0,97.0,1003.0,187.0,1052.0,3869.0,1083.0,6.0,539.0,409.0,344.0,0.0,0.0,5923.0,283.0,2024-02-04 06:00:00,2024-02-04,2.0
04/02/2024,06:30,48473.0,47000.0,47600.0,91.0,15.0,2296.0,41001.0,6255.0,0.0,4941.0,-3371.0,1284.0,-3937.0,27.0,1420.0,-2900.0,-4668.0,-3200.0,5540.0,0.0,69.0,24.0,88.0,1005.0,151.0,1053.0,3917.0,1017.0,7.0,536.0,405.0,343.0,0.0,0.0,5983.0,272.0,2024-02-04 06:30:00,2024-02-04,2.0
04/02/2024,07:00,48889.0,47700.0,47700.0,92.0,15.0,2334.0,40840.0,6520.0,0.0,5012.0,-3136.0,1276.0,-3961.0,27.0,1533.0,-3000.0,-4937.0,-3200.0,6618.0,0.0,69.0,24.0,85.0,1005.0,191.0,1053.0,3951.0,1055.0,7.0,534.0,399.0,342.0,0.0,0.0,6262.0,258.0,2024-02-04 07:00:00,2024-02-04,2.0
04/02/2024,07:30,49815.0,48200.0,49000.0,92.0,15.0,2278.0,40733.0,6802.0,0.0,5077.0,-3133.0,1271.0,-3211.0,26.0,1533.0,-3000.0,-4937.0,-3200.0,6659.0,0.0,69.0,24.0,85.0,1005.0,134.0,1053.0,4017.0,1053.0,6.0,532.0,397.0,341.0,0.0,0.0,6528.0,274.0,2024-02-04 07:30:00,2024-02-04,2.0
04/02/2024,08:00,50512.0,49000.0,49400.0,90.0,15.0,2329.0,40853.0,6983.0,2.0,5249.0,-3127.0,1274.0,-3053.0,27.0,1274.0,-3000.0,-4937.0,-3200.0,6569.0,0.0,68.0,24.0,85.0,1005.0,186.0,1053.0,4060.0,1183.0,7.0,532.0,401.0,342.0,0.0,0.0,6704.0,279.0,2024-02-04 08:00:00,2024-02-04,2.0
04/02/2024,08:30,51128.0,50000.0,50500.0,90.0,15.0,2277.0,41054.0,7013.0,100.0,5546.0,-2873.0,1283.0,-3279.0,26.0,1274.0,-3000.0,-4937.0,-3200.0,6587.0,0.0,68.0,24.0,85.0,1004.0,137.0,1050.0,4191.0,1348.0,7.0,536.0,403.0,344.0,0.0,0.0,6736.0,277.0,2024-02-04 08:30:00,2024-02-04,2.0
04/02/2024,09:00,52284.0,51000.0,52400.0,91.0,15.0,2316.0,40970.0,6953.0,484.0,5575.0,-2170.0,1268.0,-3122.0,26.0,274.0,-3188.0,-4607.0,-3200.0,7230.0,0.0,69.0,24.0,86.0,1003.0,176.0,1051.0,4198.0,1371.0,6.0,534.0,390.0,345.0,0.0,0.0,6668.0,286.0,2024-02-04 09:00:00,2024-02-04,2.0
04/02/2024,09:30,53823.0,52200.0,53800.0,91.0,15.0,2297.0,40830.0,7016.0,1208.0,5915.0,-1823.0,1267.0,-2902.0,25.0,274.0,-3188.0,-4607.0,-3200.0,7225.0,0.0,68.0,24.0,86.0,1002.0,157.0,1052.0,4308.0,1330.0,277.0,530.0,392.0,345.0,0.0,0.0,6733.0,284.0,2024-02-04 09:30:00,2024-02-04,2.0
04/02/2024,10:00,54876.0,52900.0,54300.0,91.0,15.0,2313.0,40247.0,7139.0,2083.0,6159.0,-1823.0,1275.0,-2527.0,25.0,-1216.0,-3000.0,-3491.0,-3040.0,6289.0,0.0,68.0,24.0,86.0,1003.0,173.0,1051.0,4368.0,1341.0,451.0,530.0,399.0,345.0,0.0,0.0,6846.0,293.0,2024-02-04 10:00:00,2024-02-04,2.0
04/02/2024,10:30,55815.0,53500.0,55500.0,91.0,15.0,2316.0,40547.0,7230.0,2929.0,6928.0,-1283.0,1271.0,-4141.0,24.0,-1216.0,-3000.0,-3491.0,-3040.0,6390.0,0.0,68.0,24.0,86.0,1004.0,177.0,1049.0,4414.0,1575.0,939.0,526.0,399.0,346.0,0.0,0.0,6938.0,292.0,2024-02-04 10:30:00,2024-02-04,2.0
04/02/2024,11:00,56397.0,53800.0,55600.0,92.0,15.0,2310.0,40247.0,7084.0,3644.0,6656.0,-1336.0,1282.0,-3497.0,24.0,-1481.0,-3000.0,-3307.0,-2903.0,5529.0,0.0,69.0,24.0,86.0,1004.0,169.0,1051.0,4400.0,1478.0,778.0,524.0,412.0,346.0,0.0,0.0,6805.0,279.0,2024-02-04 11:00:00,2024-02-04,2.0
04/02/2024,11:30,57192.0,54600.0,56500.0,91.0,15.0,2322.0,41063.0,7140.0,4271.0,6724.0,-1069.0,1286.0,-4557.0,23.0,-1481.0,-3000.0,-3307.0,-2862.0,5530.0,0.0,68.0,24.0,86.0,1003.0,181.0,1053.0,4361.0,1521.0,842.0,528.0,414.0,345.0,0.0,0.0,6856.0,284.0,2024-02-04 11:30:00,2024-02-04,2.0
04/02/2024,12:00,57956.0,55200.0,57700.0,91.0,15.0,2300.0,41541.0,7352.0,4750.0,6710.0,-991.0,1289.0,-4998.0,22.0,-1988.0,-2718.0,-2725.0,-2531.0,4993.0,0.0,68.0,24.0,86.0,1001.0,162.0,1051.0,4314.0,1702.0,694.0,522.0,419.0,348.0,0.0,0.0,7054.0,299.0,2024-02-04 12:00:00,2024-02-04,2.0
04/02/2024,12:30,58371.0,54600.0,57400.0,93.0,15.0,2331.0,42318.0,7521.0,5124.0,6275.0,-1273.0,1292.0,-5220.0,22.0,-1988.0,-2718.0,-2725.0,-2531.0,4995.0,0.0,70.0,24.0,86.0,1001.0,195.0,1050.0,4188.0,1731.0,356.0,523.0,419.0,350.0,0.0,0.0,7201.0,319.0,2024-02-04 12:30:00,2024-02-04,2.0
04/02/2024,13:00,57686.0,53000.0,56000.0,91.0,15.0,2294.0,42209.0,7697.0,5290.0,5763.0,-1541.0,1293.0,-5321.0,22.0,-3014.0,-2554.0,-2295.0,-1994.0,3553.0,0.0,68.0,24.0,86.0,1002.0,155.0,1051.0,4151.0,1602.0,10.0,525.0,418.0,350.0,0.0,0.0,7379.0,318.0,2024-02-04 13:00:00,2024-02-04,2.0
04/02/2024,13:30,56122.0,50800.0,54000.0,91.0,15.0,2329.0,42228.0,7969.0,5367.0,5581.0,-2220.0,1280.0,-6411.0,23.0,-3014.0,-2554.0,-2295.0,-2004.0,3538.0,0.0,68.0,24.0,86.0,1003.0,188.0,1052.0,3989.0,1585.0,7.0,517.0,415.0,349.0,0.0,0.0,7666.0,303.0,2024-02-04 13:30:00,2024-02-04,2.0
04/02/2024,14:00,54456.0,49600.0,52800.0,91.0,15.0,2302.0,42119.0,8118.0,5293.0,5148.0,-3155.0,1282.0,-6653.0,23.0,-2632.0,-2704.0,-2988.0,-2499.0,2731.0,0.0,69.0,24.0,86.0,1002.0,164.0,1050.0,3940.0,1202.0,7.0,519.0,413.0,351.0,0.0,0.0,7828.0,290.0,2024-02-04 14:00:00,2024-02-04,2.0
04/02/2024,14:30,53975.0,48700.0,52900.0,91.0,15.0,2326.0,42703.0,8185.0,5081.0,5177.0,-3250.0,1286.0,-7543.0,23.0,-2632.0,-2704.0,-2988.0,-2532.0,2715.0,0.0,69.0,24.0,86.0,1001.0,191.0,1048.0,3869.0,1301.0,7.0,521.0,416.0,350.0,0.0,0.0,7888.0,297.0,2024-02-04 14:30:00,2024-02-04,2.0
04/02/2024,15:00,53613.0,48400.0,52700.0,91.0,16.0,2298.0,43102.0,8227.0,4645.0,5151.0,-3014.0,1283.0,-8087.0,23.0,-2438.0,-1072.0,-4373.0,-2689.0,1745.0,0.0,68.0,24.0,85.0,999.0,170.0,1044.0,3841.0,1304.0,7.0,521.0,412.0,351.0,0.0,0.0,7913.0,313.0,2024-02-04 15:00:00,2024-02-04,2.0
04/02/2024,15:30,53206.0,47700.0,51300.0,90.0,15.0,2312.0,43239.0,8364.0,4050.0,5155.0,-2711.0,1282.0,-8493.0,23.0,-2438.0,-1072.0,-4373.0,-2714.0,1628.0,0.0,68.0,24.0,85.0,999.0,184.0,1044.0,3779.0,1358.0,18.0,522.0,410.0,350.0,0.0,0.0,8031.0,333.0,2024-02-04 15:30:00,2024-02-04,2.0
04/02/2024,16:00,52352.0,47200.0,50500.0,92.0,15.0,2309.0,43861.0,8404.0,3313.0,5122.0,-2570.0,1282.0,-9376.0,23.0,-2525.0,-1983.0,-4304.0,-3200.0,1095.0,0.0,70.0,24.0,85.0,1001.0,179.0,1043.0,3742.0,1374.0,6.0,522.0,409.0,351.0,0.0,0.0,8086.0,317.0,2024-02-04 16:00:00,2024-02-04,2.0
04/02/2024,16:30,51879.0,47200.0,50000.0,91.0,15.0,2300.0,44317.0,8293.0,2451.0,5401.0,-1961.0,1279.0,-10207.0,23.0,-2525.0,-1983.0,-4304.0,-3200.0,1014.0,0.0,68.0,24.0,85.0,1001.0,171.0,1045.0,3775.0,1619.0,6.0,518.0,412.0,350.0,0.0,0.0,7984.0,308.0,2024-02-04 16:30:00,2024-02-04,2.0
04/02/2024,17:00,51625.0,47700.0,50800.0,91.0,16.0,2322.0,44789.0,8092.0,1529.0,6094.0,-1614.0,1282.0,-10891.0,23.0,-2959.0,-1622.0,-4171.0,-1605.0,1358.0,0.0,69.0,24.0,82.0,1002.0,189.0,1049.0,3797.0,2291.0,6.0,519.0,415.0,349.0,0.0,0.0,7787.0,305.0,2024-02-04 17:00:00,2024-02-04,2.0
04/02/2024,17:30,52311.0,49300.0,52400.0,91.0,15.0,2329.0,44409.0,7953.0,697.0,6869.0,-1625.0,1280.0,-9605.0,23.0,-2959.0,-1622.0,-4171.0,-1455.0,1330.0,0.0,69.0,24.0,84.0,1002.0,193.0,1049.0,4053.0,2617.0,199.0,516.0,416.0,347.0,0.0,0.0,7658.0,295.0,2024-02-04 17:30:00,2024-02-04,2.0
04/02/2024,18:00,54006.0,52900.0,55400.0,92.0,16.0,2358.0,44679.0,8056.0,152.0,8495.0,-1597.0,1278.0,-9428.0,22.0,-3014.0,-2162.0,-4655.0,-276.0,4686.0,0.0,69.0,24.0,85.0,1024.0,195.0,1054.0,4244.0,3268.0,982.0,516.0,416.0,345.0,0.0,0.0,7750.0,306.0,2024-02-04 18:00:00,2024-02-04,2.0
04/02/2024,18:30,57412.0,55400.0,58000.0,91.0,15.0,2331.0,44479.0,8265.0,7.0,8783.0,-1586.0,1273.0,-6135.0,22.0,-3014.0,-2162.0,-4655.0,-276.0,4786.0,0.0,69.0,24.0,82.0,1032.0,163.0,1054.0,4528.0,3356.0,899.0,514.0,415.0,345.0,0.0,0.0,7963.0,303.0,2024-02-04 18:30:00,2024-02-04,2.0
04/02/2024,19:00,60090.0,57600.0,60000.0,91.0,15.0,2353.0,44823.0,8334.0,3.0,9545.0,-155.0,1256.0,-6066.0,21.0,-3014.0,-2826.0,-4607.0,-1210.0,5891.0,0.0,68.0,24.0,82.0,1033.0,184.0,1053.0,4758.0,3641.0,1146.0,516.0,394.0,346.0,0.0,0.0,8046.0,288.0,2024-02-04 19:00:00,2024-02-04,2.0
04/02/2024,19:30,61418.0,57300.0,59600.0,92.0,15.0,2322.0,44956.0,8413.0,2.0,10471.0,-61.0,1240.0,-5937.0,21.0,-3014.0,-2826.0,-4607.0,-1210.0,5893.0,0.0,70.0,24.0,84.0,1035.0,149.0,1054.0,4872.0,3967.0,1632.0,515.0,379.0,346.0,0.0,0.0,8129.0,284.0,2024-02-04 19:30:00,2024-02-04,2.0
04/02/2024,20:00,60725.0,56400.0,58600.0,91.0,15.0,2349.0,44937.0,8600.0,1.0,10024.0,-61.0,1241.0,-6374.0,21.0,-3014.0,-2912.0,-4458.0,-3109.0,5982.0,0.0,68.0,24.0,85.0,1031.0,180.0,1053.0,4845.0,3671.0,1508.0,515.0,379.0,347.0,0.0,0.0,8321.0,279.0,2024-02-04 20:00:00,2024-02-04,2.0
04/02/2024,20:30,59366.0,55100.0,57100.0,90.0,15.0,2302.0,45092.0,8545.0,1.0,10116.0,-61.0,1247.0,-7887.0,21.0,-3014.0,-2912.0,-4458.0,-3109.0,6030.0,0.0,68.0,24.0,85.0,1015.0,150.0,1052.0,4758.0,3228.0,2130.0,517.0,384.0,346.0,0.0,0.0,8271.0,274.0,2024-02-04 20:30:00,2024-02-04,2.0
04/02/2024,21:00,57983.0,54300.0,56200.0,90.0,15.0,2326.0,45024.0,8293.0,0.0,8618.0,-62.0,1250.0,-7479.0,22.0,-2549.0,-3440.0,-4773.0,-3200.0,6857.0,0.0,67.0,24.0,86.0,1015.0,173.0,1053.0,4617.0,2988.0,1012.0,518.0,386.0,346.0,0.0,0.0,8019.0,274.0,2024-02-04 21:00:00,2024-02-04,2.0
04/02/2024,21:30,57040.0,53200.0,55000.0,91.0,15.0,2321.0,44964.0,8149.0,0.0,8100.0,-62.0,1249.0,-7683.0,22.0,-2549.0,-3440.0,-4773.0,-3200.0,6926.0,0.0,68.0,24.0,86.0,1014.0,168.0,1053.0,4397.0,2469.0,1234.0,515.0,387.0,347.0,0.0,0.0,7857.0,292.0,2024-02-04 21:30:00,2024-02-04,2.0
04/02/2024,22:00,55828.0,52200.0,53900.0,90.0,15.0,2351.0,44824.0,7880.0,0.0,6798.0,-62.0,1247.0,-7202.0,23.0,-1857.0,-3055.0,-4847.0,-3200.0,7024.0,0.0,67.0,24.0,86.0,1014.0,199.0,1052.0,4356.0,2112.0,330.0,520.0,379.0,347.0,0.0,0.0,7592.0,288.0,2024-02-04 22:00:00,2024-02-04,2.0
04/02/2024,22:30,55782.0,53500.0,55000.0,89.0,15.0,2359.0,44778.0,7551.0,0.0,6939.0,-226.0,1252.0,-6866.0,23.0,-1857.0,-3055.0,-4847.0,-3200.0,7209.0,0.0,67.0,24.0,86.0,1020.0,201.0,1052.0,4310.0,2350.0,279.0,520.0,384.0,348.0,0.0,0.0,7266.0,285.0,2024-02-04 22:30:00,2024-02-04,2.0
04/02/2024,23:00,57268.0,55000.0,56400.0,91.0,15.0,2324.0,44898.0,7334.0,0.0,7156.0,-600.0,1261.0,-5109.0,23.0,-39.0,-3468.0,-4584.0,-3200.0,7357.0,0.0,69.0,24.0,86.0,1018.0,169.0,1052.0,4287.0,2470.0,398.0,530.0,385.0,346.0,0.0,0.0,7058.0,276.0,2024-02-04 23:00:00,2024-02-04,2.0
04/02/2024,23:30,56900.0,54100.0,55500.0,90.0,15.0,2324.0,44512.0,7285.0,0.0,6834.0,-801.0,1264.0,-4525.0,23.0,-39.0,-3468.0,-4584.0,-3200.0,7389.0,0.0,68.0,24.0,86.0,1005.0,184.0,1050.0,4079.0,2494.0,261.0,533.0,385.0,346.0,0.0,0.0,7005.0,281.0,2024-02-04 23:30:00,2024-02-04,2.0
12/03/2024,00:00,57308.0,56100.0,55900.0,99.0,12.0,7369.0,42534.0,5409.0,0.0,11340.0,-25.0,1200.0,-10573.0,46.0,-3926.0,800.0,-1962.0,-1746.0,-4170.0,0.0,84.0,17.0,73.0,1067.0,5270.0,959.0,6344.0,4040.0,957.0,473.0,395.0,331.0,0.0,0.0,5191.0,218.0,2024-03-12 00:00:00,2024-03-12,3.0
12/03/2024,00:30,56304.0,54500.0,53900.0,99.0,12.0,6839.0,42550.0,5503.0,0.0,11439.0,-25.0,1205.0,-11282.0,44.0,-3926.0,800.0,-1962.0,-1746.0,-4322.0,0.0,84.0,17.0,68.0,1066.0,4752.0,954.0,6299.0,4382.0,758.0,483.0,392.0,331.0,0.0,0.0,5264.0,239.0,2024-03-12 00:30:00,2024-03-12,3.0
12/03/2024,01:00,53796.0,52200.0,52500.0,98.0,12.0,5728.0,42545.0,5412.0,0.0,10201.0,-25.0,1205.0,-11325.0,39.0,-3849.0,800.0,-1871.0,-1987.0,-3639.0,0.0,83.0,17.0,68.0,1074.0,3631.0,954.0,6170.0,3702.0,329.0,482.0,392.0,331.0,0.0,0.0,5163.0,249.0,2024-03-12 01:00:00,2024-03-12,3.0
12/03/2024,01:30,53636.0,53500.0,52500.0,98.0,15.0,5449.0,42543.0,5340.0,0.0,10000.0,-25.0,1202.0,-10937.0,38.0,-3849.0,800.0,-1871.0,-1987.0,-3559.0,0.0,83.0,17.0,69.0,1073.0,3352.0,955.0,6097.0,3634.0,268.0,480.0,391.0,331.0,0.0,0.0,5068.0,271.0,2024-03-12 01:30:00,2024-03-12,3.0
12/03/2024,02:00,53301.0,53400.0,52400.0,95.0,15.0,5409.0,42477.0,5238.0,0.0,9873.0,-25.0,1197.0,-10934.0,38.0,-3912.0,800.0,-1576.0,-2013.0,-3790.0,0.0,81.0,17.0,69.0,1074.0,3312.0,955.0,5971.0,3599.0,304.0,480.0,385.0,332.0,0.0,0.0,4955.0,284.0,2024-03-12 02:00:00,2024-03-12,3.0
12/03/2024,02:30,53099.0,52500.0,51700.0,96.0,15.0,5285.0,42486.0,5166.0,0.0,9948.0,-25.0,1201.0,-11029.0,38.0,-3912.0,800.0,-1576.0,-2013.0,-3926.0,0.0,81.0,17.0,69.0,1063.0,3199.0,955.0,5802.0,3685.0,461.0,485.0,386.0,330.0,0.0,0.0,4865.0,302.0,2024-03-12 02:30:00,2024-03-12,3.0
12/03/2024,03:00,51775.0,50900.0,50700.0,96.0,15.0,4978.0,42498.0,4996.0,0.0,9419.0,-283.0,1197.0,-11096.0,37.0,-3887.0,800.0,-1584.0,-2015.0,-5103.0,0.0,81.0,17.0,69.0,1060.0,2894.0,955.0,5775.0,3394.0,250.0,481.0,387.0,329.0,0.0,0.0,4704.0,292.0,2024-03-12 03:00:00,2024-03-12,3.0
12/03/2024,03:30,50861.0,50100.0,49700.0,97.0,15.0,5035.0,42563.0,4823.0,0.0,9531.0,-365.0,1190.0,-11987.0,37.0,-3887.0,800.0,-1584.0,-2015.0,-5238.0,0.0,82.0,17.0,69.0,1059.0,2952.0,955.0,5752.0,3491.0,289.0,473.0,389.0,328.0,0.0,0.0,4537.0,285.0,2024-03-12 03:30:00,2024-03-12,3.0
12/03/2024,04:00,50024.0,49600.0,49000.0,97.0,15.0,4868.0,42575.0,4760.0,0.0,9446.0,-658.0,1182.0,-12216.0,36.0,-3903.0,800.0,-1712.0,-2015.0,-4953.0,0.0,82.0,17.0,69.0,1059.0,2787.0,954.0,5726.0,3439.0,281.0,468.0,385.0,329.0,0.0,0.0,4449.0,312.0,2024-03-12 04:00:00,2024-03-12,3.0
12/03/2024,04:30,49725.0,49400.0,48900.0,96.0,15.0,4845.0,42579.0,4709.0,0.0,9148.0,-702.0,1184.0,-12104.0,36.0,-3903.0,800.0,-1712.0,-1927.0,-5126.0,0.0,82.0,17.0,69.0,1061.0,2761.0,954.0,5782.0,3262.0,105.0,466.0,389.0,329.0,0.0,0.0,4381.0,328.0,2024-03-12 04:30:00,2024-03-12,3.0
12/03/2024,05:00,49946.0,50200.0,50000.0,97.0,15.0,4872.0,42582.0,4722.0,0.0,9179.0,-697.0,1183.0,-11957.0,37.0,-3007.0,800.0,-1824.0,-2015.0,-4667.0,0.0,82.0,17.0,69.0,1060.0,2790.0,954.0,5763.0,3311.0,105.0,469.0,386.0,329.0,0.0,0.0,4344.0,378.0,2024-03-12 05:00:00,2024-03-12,3.0
12/03/2024,05:30,51652.0,52000.0,51500.0,97.0,15.0,5404.0,42583.0,4691.0,0.0,9212.0,-693.0,1180.0,-10798.0,39.0,-3007.0,800.0,-1824.0,-2015.0,-5160.0,0.0,82.0,17.0,69.0,1063.0,3321.0,951.0,5795.0,3314.0,103.0,462.0,390.0,329.0,0.0,0.0,4269.0,422.0,2024-03-12 05:30:00,2024-03-12,3.0
12/03/2024,06:00,53210.0,53800.0,53600.0,97.0,15.0,6098.0,42579.0,4697.0,0.0,9554.0,-31.0,1173.0,-10916.0,42.0,-2463.0,800.0,-2147.0,-1816.0,-3156.0,0.0,82.0,17.0,71.0,1069.0,4009.0,950.0,5766.0,3550.0,238.0,456.0,390.0,327.0,0.0,0.0,4231.0,466.0,2024-03-12 06:00:00,2024-03-12,3.0
12/03/2024,06:30,56171.0,56900.0,56500.0,97.0,15.0,6463.0,42572.0,4661.0,0.0,10712.0,-20.0,1168.0,-9453.0,43.0,-2463.0,800.0,-2147.0,-1816.0,-3373.0,0.0,82.0,17.0,73.0,1100.0,4334.0,956.0,5992.0,3741.0,979.0,451.0,391.0,327.0,0.0,0.0,4198.0,464.0,2024-03-12 06:30:00,2024-03-12,3.0
12/03/2024,07:00,58535.0,59600.0,58800.0,97.0,15.0,7287.0,42569.0,4680.0,0.0,12198.0,-20.0,1163.0,-9414.0,46.0,-1609.0,-1.0,-2195.0,-2015.0,-2990.0,0.0,82.0,17.0,73.0,1106.0,5149.0,959.0,6062.0,4195.0,1940.0,452.0,385.0,327.0,0.0,0.0,4231.0,449.0,2024-03-12 07:00:00,2024-03-12,3.0
12/03/2024,07:30,60710.0,61400.0,60600.0,97.0,15.0,7280.0,42572.0,4872.0,72.0,13971.0,-20.0,1165.0,-9270.0,44.0,-1609.0,-1.0,-2195.0,-2015.0,-3063.0,0.0,82.0,17.0,76.0,1120.0,5112.0,971.0,6419.0,5013.0,2539.0,447.0,389.0,329.0,0.0,0.0,4377.0,496.0,2024-03-12 07:30:00,2024-03-12,3.0
12/03/2024,08:00,61899.0,62100.0,61500.0,97.0,15.0,7420.0,42568.0,4875.0,527.0,14415.0,-20.0,1165.0,-9119.0,44.0,-2121.0,800.0,-1728.0,-2013.0,-3961.0,0.0,83.0,17.0,75.0,1117.0,5257.0,970.0,6465.0,5116.0,2834.0,442.0,394.0,329.0,0.0,0.0,4346.0,529.0,2024-03-12 08:00:00,2024-03-12,3.0
12/03/2024,08:30,62722.0,62700.0,61900.0,98.0,15.0,7739.0,42554.0,5062.0,1462.0,14256.0,-20.0,1169.0,-9567.0,46.0,-2121.0,800.0,-1728.0,-2013.0,-3812.0,0.0,83.0,18.0,232.0,1123.0,5397.0,987.0,6587.0,4826.0,2844.0,442.0,399.0,328.0,0.0,0.0,4389.0,673.0,2024-03-12 08:30:00,2024-03-12,3.0
12/03/2024,09:00,62777.0,63500.0,62600.0,97.0,15.0,7846.0,42487.0,5074.0,2663.0,13413.0,-20.0,1170.0,-9912.0,46.0,-3536.0,800.0,-2026.0,-1920.0,-3709.0,0.0,82.0,17.0,283.0,1126.0,5451.0,986.0,6560.0,4480.0,2374.0,448.0,395.0,327.0,0.0,0.0,4349.0,724.0,2024-03-12 09:00:00,2024-03-12,3.0
12/03/2024,09:30,62909.0,63700.0,62400.0,97.0,15.0,7786.0,42480.0,4938.0,3962.0,13191.0,-20.0,1174.0,-10671.0,45.0,-3536.0,800.0,-2026.0,-2015.0,-3692.0,0.0,81.0,18.0,279.0,1124.0,5404.0,979.0,6544.0,4310.0,2337.0,446.0,401.0,328.0,0.0,0.0,4230.0,708.0,2024-03-12 09:30:00,2024-03-12,3.0
12/03/2024,10:00,62607.0,62400.0,61600.0,97.0,15.0,7739.0,42464.0,5051.0,5214.0,12300.0,-20.0,1179.0,-11373.0,45.0,-4028.0,800.0,-2200.0,-2015.0,-4600.0,0.0,81.0,18.0,276.0,1121.0,5375.0,967.0,6481.0,3928.0,1890.0,448.0,405.0,326.0,0.0,0.0,4351.0,700.0,2024-03-12 10:00:00,2024-03-12,3.0
12/03/2024,10:30,62279.0,61700.0,61200.0,97.0,15.0,7363.0,42408.0,5216.0,6012.0,12379.0,-20.0,1176.0,-12326.0,42.0,-4028.0,800.0,-2200.0,-2015.0,-4573.0,0.0,81.0,19.0,277.0,1112.0,5015.0,959.0,6466.0,4100.0,1814.0,453.0,399.0,324.0,0.0,0.0,4530.0,686.0,2024-03-12 10:30:00,2024-03-12,3.0
12/03/2024,11:00,61996.0,61600.0,61000.0,97.0,15.0,7194.0,42009.0,5663.0,6812.0,11323.0,-20.0,1180.0,-12227.0,42.0,-4028.0,800.0,-2195.0,-2015.0,-4876.0,0.0,81.0,19.0,279.0,1091.0,4863.0,960.0,6324.0,3900.0,1099.0,458.0,400.0,323.0,0.0,0.0,4903.0,760.0,2024-03-12 11:00:00,2024-03-12,3.0
12/03/2024,11:30,61966.0,61800.0,60600.0,97.0,14.0,7030.0,41905.0,6148.0,7376.0,10406.0,-21.0,1179.0,-12141.0,41.0,-4028.0,800.0,-2195.0,-2015.0,-4766.0,0.0,81.0,18.0,279.0,1107.0,4676.0,967.0,6111.0,3758.0,538.0,456.0,398.0,325.0,0.0,0.0,5404.0,744.0,2024-03-12 11:30:00,2024-03-12,3.0
12/03/2024,12:00,62045.0,62300.0,61000.0,103.0,13.0,6596.0,41859.0,6628.0,7728.0,10108.0,-21.0,1164.0,-12102.0,39.0,-4028.0,800.0,-2187.0,-2015.0,-4360.0,1.0,83.0,19.0,206.0,1108.0,4317.0,965.0,6165.0,3790.0,152.0,444.0,396.0,325.0,0.0,0.0,5898.0,730.0,2024-03-12 12:00:00,2024-03-12,3.0
12/03/2024,12:30,61837.0,62000.0,60800.0,98.0,13.0,6120.0,41843.0,7190.0,7844.0,10161.0,-240.0,1181.0,-12330.0,37.0,-4028.0,800.0,-2187.0,-2015.0,-4104.0,0.0,82.0,18.0,177.0,1097.0,3884.0,963.0,6242.0,3907.0,12.0,452.0,400.0,329.0,0.0,0.0,6482.0,708.0,2024-03-12 12:30:00,2024-03-12,3.0
12/03/2024,13:00,62446.0,61000.0,61500.0,98.0,13.0,5343.0,41840.0,7801.0,7813.0,10547.0,-258.0,1198.0,-11898.0,33.0,-3999.0,800.0,-2200.0,-2015.0,-4286.0,0.0,81.0,19.0,176.0,1096.0,3109.0,962.0,6253.0,4108.0,186.0,466.0,400.0,331.0,0.0,0.0,7102.0,699.0,2024-03-12 13:00:00,2024-03-12,3.0
12/03/2024,13:30,61131.0,59800.0,59100.0,95.0,13.0,4987.0,41857.0,8246.0,7533.0,9703.0,-264.0,1192.0,-12186.0,32.0,-3999.0,800.0,-2200.0,-2015.0,-4354.0,0.0,79.0,18.0,179.0,1093.0,2755.0,961.0,6140.0,3517.0,47.0,460.0,400.0,331.0,0.0,0.0,7612.0,634.0,2024-03-12 13:30:00,2024-03-12,3.0
12/03/2024,14:00,60326.0,59200.0,58300.0,96.0,13.0,4297.0,41848.0,8615.0,7395.0,9437.0,-521.0,1189.0,-11990.0,29.0,-4028.0,800.0,-2123.0,-2015.0,-4742.0,0.0,80.0,18.0,183.0,1078.0,2079.0,957.0,6041.0,3387.0,8.0,460.0,396.0,334.0,0.0,0.0,7898.0,716.0,2024-03-12 14:00:00,2024-03-12,3.0
12/03/2024,14:30,59853.0,58400.0,57200.0,99.0,13.0,4249.0,41857.0,8719.0,6971.0,9070.0,-567.0,1186.0,-11703.0,29.0,-4028.0,800.0,-2123.0,-2015.0,-4821.0,0.0,83.0,18.0,180.0,1072.0,2050.0,948.0,5735.0,3327.0,8.0,462.0,390.0,334.0,0.0,0.0,8020.0,699.0,2024-03-12 14:30:00,2024-03-12,3.0
12/03/2024,15:00,59004.0,58400.0,57300.0,99.0,13.0,4406.0,41877.0,8803.0,6575.0,9018.0,-537.0,1197.0,-12414.0,30.0,-4017.0,800.0,-2054.0,-2015.0,-4346.0,0.0,83.0,18.0,179.0,1069.0,2203.0,955.0,5665.0,3345.0,8.0,464.0,397.0,336.0,0.0,0.0,8126.0,677.0,2024-03-12 15:00:00,2024-03-12,3.0
12/03/2024,15:30,58664.0,56700.0,56200.0,98.0,15.0,4074.0,41905.0,8932.0,6096.0,9010.0,-591.0,1205.0,-12040.0,28.0,-4017.0,800.0,-2054.0,-2015.0,-4403.0,0.0,83.0,18.0,134.0,1076.0,1908.0,956.0,5706.0,3296.0,8.0,467.0,398.0,340.0,0.0,0.0,8308.0,624.0,2024-03-12 15:30:00,2024-03-12,3.0
12/03/2024,16:00,57976.0,55800.0,55500.0,100.0,13.0,3902.0,42123.0,8954.0,5490.0,9009.0,-597.0,1210.0,-12183.0,27.0,-3971.0,800.0,-2200.0,-2015.0,-3052.0,0.0,83.0,19.0,71.0,1078.0,1792.0,961.0,5804.0,3196.0,8.0,471.0,396.0,342.0,0.0,0.0,8373.0,581.0,2024-03-12 16:00:00,2024-03-12,3.0
12/03/2024,16:30,57012.0,55300.0,55300.0,100.0,13.0,3613.0,42250.0,9099.0,4601.0,8634.0,-1395.0,1219.0,-11075.0,27.0,-3971.0,800.0,-2200.0,-2015.0,-3272.0,0.0,85.0,18.0,76.0,1075.0,1500.0,963.0,5889.0,2738.0,8.0,474.0,402.0,343.0,0.0,0.0,8483.0,616.0,2024-03-12 16:30:00,2024-03-12,3.0
12/03/2024,17:00,56462.0,54800.0,55000.0,100.0,13.0,4017.0,42251.0,9314.0,3620.0,8806.0,-1420.0,1213.0,-11378.0,29.0,-4027.0,800.0,-2200.0,-2015.0,-3001.0,0.0,84.0,18.0,107.0,1070.0,1877.0,963.0,5981.0,2817.0,8.0,468.0,399.0,345.0,0.0,0.0,8621.0,693.0,2024-03-12 17:00:00,2024-03-12,3.0
12/03/2024,17:30,56519.0,55000.0,55100.0,98.0,13.0,4665.0,42253.0,9352.0,2489.0,8845.0,-1327.0,1214.0,-11020.0,33.0,-4027.0,800.0,-2200.0,-2015.0,-3106.0,0.0,83.0,18.0,118.0,1070.0,2513.0,964.0,5961.0,2875.0,8.0,466.0,403.0,345.0,0.0,0.0,8659.0,693.0,2024-03-12 17:30:00,2024-03-12,3.0
12/03/2024,18:00,57255.0,56700.0,56700.0,99.0,13.0,5182.0,42257.0,9422.0,1382.0,9110.0,-465.0,1215.0,-10914.0,35.0,-3598.0,800.0,-2200.0,-2015.0,-2403.0,0.0,84.0,17.0,118.0,1072.0,3025.0,967.0,6016.0,3082.0,12.0,468.0,399.0,347.0,0.0,0.0,8787.0,634.0,2024-03-12 18:00:00,2024-03-12,3.0
12/03/2024,18:30,59223.0,59300.0,59100.0,99.0,13.0,5599.0,42193.0,9585.0,530.0,9784.0,-141.0,1222.0,-9628.0,37.0,-3598.0,800.0,-2200.0,-2015.0,-2387.0,0.0,84.0,17.0,119.0,1070.0,3441.0,969.0,6234.0,3455.0,95.0,473.0,401.0,348.0,0.0,0.0,8914.0,672.0,2024-03-12 18:30:00,2024-03-12,3.0
12/03/2024,19:00,62273.0,63300.0,63000.0,98.0,13.0,6094.0,42141.0,9670.0,89.0,12789.0,-20.0,1216.0,-9772.0,38.0,-2822.0,-1668.0,-2200.0,-2015.0,-1256.0,0.0,83.0,17.0,119.0,1076.0,3935.0,965.0,6668.0,4407.0,1714.0,469.0,398.0,349.0,0.0,0.0,9013.0,657.0,2024-03-12 19:00:00,2024-03-12,3.0
12/03/2024,19:30,63525.0,63800.0,63400.0,99.0,13.0,6659.0,42236.0,9572.0,4.0,14099.0,-20.0,1224.0,-10334.0,39.0,-2822.0,-1668.0,-2200.0,-2015.0,-1123.0,0.0,84.0,17.0,119.0,1109.0,4463.0,968.0,6807.0,4693.0,2599.0,476.0,399.0,349.0,0.0,0.0,8987.0,584.0,2024-03-12 19:30:00,2024-03-12,3.0
12/03/2024,20:00,62989.0,62000.0,61400.0,98.0,13.0,6712.0,42322.0,9661.0,3.0,13556.0,-20.0,1224.0,-10548.0,40.0,-3033.0,-2497.0,-2200.0,-2015.0,-2218.0,0.0,84.0,17.0,119.0,1110.0,4513.0,969.0,6836.0,4395.0,2326.0,478.0,399.0,347.0,0.0,0.0,9093.0,568.0,2024-03-12 20:00:00,2024-03-12,3.0
12/03/2024,20:30,61159.0,60000.0,59200.0,99.0,13.0,6697.0,42397.0,9813.0,2.0,13331.0,-20.0,1222.0,-12340.0,40.0,-3033.0,-2497.0,-2200.0,-2015.0,-2200.0,0.0,84.0,17.0,117.0,1102.0,4526.0,952.0,6709.0,4503.0,2119.0,482.0,395.0,345.0,0.0,0.0,9246.0,567.0,2024-03-12 20:30:00,2024-03-12,3.0
12/03/2024,21:00,59016.0,58300.0,57300.0,99.0,13.0,6396.0,42422.0,9818.0,1.0,11838.0,-20.0,1218.0,-12684.0,39.0,-3460.0,-2485.0,-2200.0,-2015.0,-2906.0,0.0,84.0,17.0,117.0,1100.0,4232.0,947.0,6732.0,4076.0,1030.0,481.0,394.0,343.0,0.0,0.0,9261.0,556.0,2024-03-12 21:00:00,2024-03-12,3.0
12/03/2024,21:30,57441.0,56800.0,55700.0,99.0,13.0,5999.0,42430.0,9741.0,1.0,11149.0,-20.0,1218.0,-13151.0,38.0,-3460.0,-2485.0,-2200.0,-2015.0,-2941.0,0.0,84.0,17.0,117.0,1093.0,3849.0,940.0,6420.0,3757.0,971.0,482.0,392.0,343.0,0.0,0.0,9229.0,512.0,2024-03-12 21:30:00,2024-03-12,3.0
12/03/2024,22:00,56003.0,55700.0,54400.0,100.0,12.0,5658.0,42423.0,9450.0,1.0,10589.0,-20.0,1209.0,-13367.0,37.0,-3222.0,-2162.0,-2200.0,-2015.0,-2761.0,0.0,85.0,17.0,117.0,1093.0,3509.0,940.0,6309.0,3428.0,852.0,474.0,391.0,344.0,0.0,0.0,8953.0,497.0,2024-03-12 22:00:00,2024-03-12,3.0
12/03/2024,22:30,55948.0,56800.0,55300.0,100.0,13.0,5660.0,42427.0,9070.0,1.0,10319.0,-23.0,1205.0,-12805.0,37.0,-3222.0,-2162.0,-2200.0,-2015.0,-2547.0,0.0,85.0,17.0,117.0,1089.0,3515.0,940.0,6173.0,3601.0,544.0,471.0,392.0,343.0,0.0,0.0,8582.0,489.0,2024-03-12 22:30:00,2024-03-12,3.0
12/03/2024,23:00,57165.0,58500.0,56800.0,101.0,13.0,5830.0,42422.0,8899.0,1.0,10811.0,-24.0,1204.0,-12058.0,38.0,-2673.0,-983.0,-2217.0,-2015.0,-3508.0,0.0,86.0,17.0,117.0,1091.0,3680.0,942.0,6152.0,3797.0,862.0,472.0,390.0,342.0,0.0,0.0,8468.0,431.0,2024-03-12 23:00:00,2024-03-12,3.0
12/03/2024,23:30,56501.0,57100.0,55500.0,99.0,13.0,5838.0,42347.0,8626.0,0.0,10358.0,-159.0,1212.0,-11796.0,38.0,-2673.0,-983.0,-2217.0,-2015.0,-3482.0,0.0,85.0,16.0,117.0,1075.0,3706.0,940.0,6089.0,3610.0,659.0,476.0,392.0,344.0,0.0,0.0,8216.0,411.0,2024-03-12 23:30:00,2024-03-12,3.0
12/06/2024,00:00,44011.0,43000.0,42800.0,66.0,11.0,403.0,40343.0,2783.0,0.0,12221.0,-50.0,1177.0,-12864.0,8.0,-3014.0,-1450.0,-1578.0,-1857.0,-5375.0,0.0,63.0,4.0,1.0,308.0,49.0,46.0,7163.0,3440.0,1618.0,474.0,365.0,338.0,0.0,0.0,2445.0,337.0,2024-06-12 00:00:00,2024-06-12,6.0
12/06/2024,00:30,42598.0,41100.0,40400.0,68.0,10.0,388.0,40204.0,2683.0,0.0,11751.0,-73.0,1166.0,-13547.0,8.0,-3014.0,-1450.0,-1578.0,-1857.0,-5375.0,0.0,66.0,4.0,1.0,298.0,50.0,40.0,6862.0,3094.0,1795.0,472.0,360.0,333.0,0.0,0.0,2400.0,283.0,2024-06-12 00:30:00,2024-06-12,6.0
12/06/2024,01:00,39937.0,39100.0,39100.0,68.0,10.0,341.0,39387.0,2546.0,0.0,10052.0,-84.0,1158.0,-13474.0,8.0,-3014.0,-1250.0,-1578.0,-1857.0,-5413.0,0.0,66.0,4.0,1.0,297.0,4.0,39.0,6663.0,2037.0,1353.0,464.0,361.0,333.0,0.0,0.0,2309.0,236.0,2024-06-12 01:00:00,2024-06-12,6.0
12/06/2024,01:30,39184.0,39000.0,38100.0,68.0,10.0,328.0,39363.0,2405.0,0.0,9538.0,-196.0,1168.0,-13438.0,8.0,-3014.0,-1250.0,-1578.0,-1857.0,-5411.0,0.0,66.0,4.0,1.0,297.0,0.0,39.0,6420.0,1876.0,1241.0,468.0,366.0,335.0,0.0,0.0,2199.0,206.0,2024-06-12 01:30:00,2024-06-12,6.0
12/06/2024,02:00,38470.0,38700.0,38000.0,68.0,11.0,328.0,39127.0,2259.0,0.0,9394.0,-491.0,1169.0,-13324.0,8.0,-3014.0,-1438.0,-1578.0,-1857.0,-5048.0,0.0,66.0,4.0,1.0,297.0,0.0,39.0,6351.0,1865.0,1178.0,467.0,366.0,336.0,0.0,0.0,2074.0,185.0,2024-06-12 02:00:00,2024-06-12,6.0
12/06/2024,02:30,38075.0,37600.0,36800.0,69.0,10.0,328.0,39229.0,2151.0,0.0,8759.0,-672.0,1178.0,-12916.0,8.0,-3014.0,-1438.0,-1578.0,-1857.0,-5139.0,0.0,66.0,4.0,1.0,297.0,0.0,39.0,6300.0,1861.0,599.0,473.0,367.0,338.0,0.0,0.0,1983.0,168.0,2024-06-12 02:30:00,2024-06-12,6.0
12/06/2024,03:00,36811.0,36400.0,35700.0,69.0,11.0,328.0,39070.0,2163.0,0.0,8504.0,-1247.0,1190.0,-13209.0,9.0,-3014.0,-1450.0,-1737.0,-1857.0,-5472.0,0.0,66.0,4.0,1.0,297.0,0.0,39.0,6309.0,1811.0,385.0,480.0,371.0,339.0,0.0,0.0,1986.0,177.0,2024-06-12 03:00:00,2024-06-12,6.0
12/06/2024,03:30,36216.0,35700.0,35100.0,69.0,10.0,328.0,38975.0,2133.0,0.0,8418.0,-1445.0,1193.0,-13406.0,9.0,-3014.0,-1450.0,-1737.0,-1857.0,-5472.0,0.0,67.0,4.0,1.0,297.0,0.0,39.0,6356.0,1878.0,184.0,478.0,375.0,339.0,0.0,0.0,1951.0,182.0,2024-06-12 03:30:00,2024-06-12,6.0
12/06/2024,04:00,35474.0,35300.0,34900.0,69.0,11.0,329.0,38583.0,2047.0,0.0,8394.0,-1522.0,1185.0,-13551.0,9.0,-3014.0,-1450.0,-1737.0,-1857.0,-5083.0,0.0,67.0,4.0,1.0,299.0,0.0,39.0,6387.0,1845.0,162.0,476.0,371.0,338.0,0.0,0.0,1872.0,175.0,2024-06-12 04:00:00,2024-06-12,6.0
12/06/2024,04:30,35219.0,35000.0,34700.0,69.0,10.0,330.0,38744.0,1967.0,0.0,8334.0,-2004.0,1184.0,-13350.0,9.0,-3014.0,-1450.0,-1737.0,-1857.0,-5086.0,0.0,67.0,4.0,1.0,299.0,0.0,39.0,6395.0,1768.0,172.0,476.0,370.0,338.0,0.0,0.0,1808.0,160.0,2024-06-12 04:30:00,2024-06-12,6.0
12/06/2024,05:00,35180.0,35700.0,35200.0,69.0,10.0,330.0,38816.0,1830.0,0.0,8333.0,-2050.0,1186.0,-13279.0,9.0,-3014.0,-1299.0,-1737.0,-1832.0,-5126.0,0.0,67.0,4.0,1.0,299.0,0.0,39.0,6395.0,1768.0,170.0,481.0,369.0,335.0,0.0,0.0,1677.0,152.0,2024-06-12 05:00:00,2024-06-12,6.0
12/06/2024,05:30,36208.0,36500.0,36100.0,69.0,10.0,331.0,39153.0,1789.0,0.0,8396.0,-1624.0,1174.0,-13025.0,9.0,-3014.0,-1299.0,-1737.0,-1832.0,-5126.0,0.0,67.0,4.0,1.0,299.0,0.0,39.0,6400.0,1827.0,169.0,473.0,365.0,335.0,0.0,0.0,1630.0,159.0,2024-06-12 05:30:00,2024-06-12,6.0
12/06/2024,06:00,36941.0,37600.0,37100.0,67.0,11.0,331.0,39278.0,1816.0,9.0,8495.0,-1292.0,1178.0,-12890.0,9.0,-3014.0,-1450.0,-1737.0,-1857.0,-4340.0,0.0,65.0,4.0,1.0,300.0,0.0,40.0,6462.0,1864.0,169.0,472.0,369.0,336.0,0.0,0.0,1676.0,140.0,2024-06-12 06:00:00,2024-06-12,6.0
12/06/2024,06:30,38750.0,39700.0,39200.0,68.0,10.0,332.0,39140.0,1804.0,122.0,9218.0,-854.0,1183.0,-12210.0,8.0,-3014.0,-1450.0,-1737.0,-1857.0,-4340.0,0.0,65.0,4.0,1.0,300.0,0.0,40.0,6629.0,2151.0,437.0,472.0,374.0,336.0,0.0,0.0,1687.0,117.0,2024-06-12 06:30:00,2024-06-12,6.0
12/06/2024,07:00,40652.0,41800.0,41100.0,68.0,11.0,331.0,39826.0,1729.0,485.0,10003.0,-683.0,1178.0,-12234.0,8.0,-3014.0,-1450.0,-2042.0,-1030.0,-4208.0,0.0,66.0,4.0,1.0,300.0,0.0,39.0,6686.0,2401.0,916.0,466.0,374.0,338.0,0.0,0.0,1617.0,112.0,2024-06-12 07:00:00,2024-06-12,6.0
12/06/2024,07:30,42920.0,44100.0,43100.0,68.0,11.0,333.0,39902.0,1639.0,1199.0,10439.0,-170.0,1174.0,-11607.0,8.0,-3014.0,-1450.0,-2042.0,-1030.0,-4002.0,0.0,66.0,4.0,1.0,300.0,0.0,39.0,6828.0,2606.0,1006.0,461.0,375.0,338.0,0.0,0.0,1520.0,119.0,2024-06-12 07:30:00,2024-06-12,6.0
12/06/2024,08:00,44439.0,45300.0,44300.0,68.0,10.0,350.0,40216.0,1398.0,2383.0,10367.0,-43.0,1174.0,-11422.0,8.0,-3014.0,-1374.0,-2042.0,-1680.0,-3925.0,0.0,66.0,4.0,1.0,301.0,4.0,43.0,6780.0,2450.0,1137.0,463.0,374.0,337.0,0.0,0.0,1286.0,112.0,2024-06-12 08:00:00,2024-06-12,6.0
12/06/2024,08:30,46056.0,46600.0,45800.0,68.0,11.0,378.0,40264.0,1061.0,3941.0,10666.0,-43.0,1175.0,-11398.0,8.0,-3014.0,-1374.0,-2042.0,-1680.0,-3927.0,0.0,66.0,4.0,4.0,307.0,11.0,57.0,6626.0,2526.0,1513.0,463.0,377.0,336.0,0.0,0.0,961.0,100.0,2024-06-12 08:30:00,2024-06-12,6.0
12/06/2024,09:00,47089.0,47200.0,46400.0,69.0,10.0,485.0,40223.0,874.0,5696.0,10511.0,-43.0,1167.0,-11833.0,8.0,-2764.0,-1374.0,-2023.0,-1857.0,-4512.0,0.0,66.0,4.0,4.0,306.0,119.0,55.0,6551.0,2272.0,1688.0,462.0,372.0,333.0,0.0,0.0,782.0,92.0,2024-06-12 09:00:00,2024-06-12,6.0
12/06/2024,09:30,47654.0,47800.0,46800.0,68.0,11.0,537.0,40354.0,851.0,7517.0,9922.0,-43.0,1161.0,-12665.0,8.0,-2764.0,-1374.0,-2023.0,-1857.0,-4512.0,0.0,65.0,5.0,4.0,305.0,172.0,56.0,6427.0,2057.0,1438.0,463.0,369.0,329.0,0.0,0.0,780.0,71.0,2024-06-12 09:30:00,2024-06-12,6.0
12/06/2024,10:00,48134.0,47700.0,46900.0,68.0,10.0,632.0,39964.0,856.0,9239.0,9052.0,-155.0,1159.0,-12624.0,9.0,-3014.0,-1173.0,-2023.0,-1857.0,-4313.0,0.0,64.0,5.0,4.0,306.0,269.0,53.0,6393.0,1913.0,746.0,462.0,371.0,326.0,0.0,0.0,802.0,54.0,2024-06-12 10:00:00,2024-06-12,6.0
12/06/2024,10:30,48253.0,47500.0,47300.0,69.0,10.0,738.0,39535.0,906.0,10633.0,8386.0,-888.0,1152.0,-12229.0,9.0,-3014.0,-1173.0,-2023.0,-1857.0,-4314.0,0.0,65.0,6.0,4.0,308.0,374.0,52.0,6273.0,1753.0,360.0,463.0,363.0,326.0,0.0,0.0,866.0,40.0,2024-06-12 10:30:00,2024-06-12,6.0
12/06/2024,11:00,48631.0,48100.0,48000.0,75.0,10.0,757.0,39147.0,961.0,11757.0,8270.0,-1098.0,1162.0,-12346.0,9.0,-3014.0,-1260.0,-2023.0,-1857.0,-3469.0,0.0,65.0,11.0,4.0,307.0,394.0,52.0,6152.0,1755.0,364.0,467.0,367.0,328.0,0.0,0.0,937.0,24.0,2024-06-12 11:00:00,2024-06-12,6.0
12/06/2024,11:30,49088.0,48500.0,48600.0,70.0,10.0,760.0,38656.0,1033.0,12420.0,8230.0,-1557.0,1158.0,-11636.0,9.0,-3014.0,-1260.0,-2023.0,-1857.0,-3446.0,0.0,65.0,6.0,4.0,307.0,397.0,52.0,6077.0,1794.0,360.0,466.0,364.0,328.0,0.0,0.0,1007.0,26.0,2024-06-12 11:30:00,2024-06-12,6.0
12/06/2024,12:00,49737.0,49600.0,49200.0,70.0,11.0,762.0,38326.0,1096.0,12758.0,8286.0,-1839.0,1152.0,-10824.0,10.0,-3014.0,-1120.0,-2246.0,-1857.0,-2902.0,0.0,65.0,6.0,4.0,307.0,397.0,54.0,6096.0,1832.0,358.0,464.0,359.0,330.0,0.0,0.0,1075.0,21.0,2024-06-12 12:00:00,2024-06-12,6.0
12/06/2024,12:30,50427.0,48800.0,48500.0,72.0,11.0,677.0,38391.0,1154.0,12804.0,8474.0,-1649.0,1150.0,-10599.0,9.0,-3014.0,-1120.0,-2246.0,-1857.0,-2659.0,0.0,65.0,9.0,4.0,305.0,304.0,64.0,6231.0,1877.0,366.0,464.0,359.0,328.0,0.0,0.0,1138.0,16.0,2024-06-12 12:30:00,2024-06-12,6.0
12/06/2024,13:00,51080.0,49900.0,50100.0,71.0,11.0,650.0,38118.0,1177.0,12875.0,9013.0,-975.0,1157.0,-10952.0,9.0,-2845.0,-1378.0,-2246.0,-1857.0,-2671.0,0.0,65.0,7.0,4.0,304.0,290.0,53.0,6377.0,2124.0,512.0,466.0,359.0,332.0,0.0,0.0,1164.0,13.0,2024-06-12 13:00:00,2024-06-12,6.0
12/06/2024,13:30,50006.0,47400.0,47800.0,70.0,11.0,569.0,38208.0,1236.0,12587.0,8200.0,-1327.0,1162.0,-10648.0,8.0,-2845.0,-1378.0,-2246.0,-1857.0,-2769.0,0.0,65.0,7.0,4.0,304.0,202.0,59.0,6253.0,1764.0,183.0,465.0,366.0,331.0,0.0,0.0,1225.0,11.0,2024-06-12 13:30:00,2024-06-12,6.0
12/06/2024,14:00,49190.0,47200.0,47000.0,70.0,11.0,547.0,38125.0,1249.0,12357.0,7834.0,-1373.0,1159.0,-10727.0,8.0,-2816.0,-1283.0,-2246.0,-1838.0,-2520.0,0.0,65.0,7.0,4.0,304.0,174.0,66.0,6057.0,1605.0,172.0,466.0,363.0,330.0,0.0,0.0,1238.0,11.0,2024-06-12 14:00:00,2024-06-12,6.0
12/06/2024,14:30,48759.0,46200.0,46600.0,71.0,11.0,513.0,38185.0,1302.0,12056.0,7814.0,-1774.0,1157.0,-10517.0,8.0,-2816.0,-1283.0,-2246.0,-1838.0,-2587.0,0.0,65.0,7.0,4.0,305.0,142.0,62.0,6039.0,1602.0,173.0,464.0,362.0,331.0,0.0,0.0,1275.0,28.0,2024-06-12 14:30:00,2024-06-12,6.0
12/06/2024,15:00,48048.0,45500.0,45300.0,69.0,14.0,361.0,37972.0,1398.0,11796.0,7870.0,-2029.0,1152.0,-10494.0,7.0,-2816.0,-305.0,-2028.0,-1828.0,-3364.0,0.0,64.0,6.0,4.0,306.0,0.0,60.0,6071.0,1627.0,172.0,456.0,363.0,332.0,0.0,0.0,1332.0,66.0,2024-06-12 15:00:00,2024-06-12,6.0
12/06/2024,15:30,47387.0,44900.0,45100.0,70.0,14.0,371.0,37714.0,1438.0,11045.0,7953.0,-2154.0,1155.0,-10159.0,8.0,-2816.0,-305.0,-2028.0,-1828.0,-3402.0,0.0,65.0,7.0,4.0,309.0,0.0,67.0,6109.0,1676.0,168.0,457.0,363.0,334.0,0.0,0.0,1355.0,83.0,2024-06-12 15:30:00,2024-06-12,6.0
12/06/2024,16:00,46618.0,44500.0,44800.0,71.0,15.0,371.0,37482.0,1636.0,10492.0,7971.0,-2088.0,1163.0,-10425.0,8.0,-2915.0,72.0,-2028.0,-1857.0,-3706.0,0.0,65.0,8.0,4.0,308.0,0.0,69.0,6138.0,1660.0,172.0,458.0,370.0,334.0,0.0,0.0,1535.0,100.0,2024-06-12 16:00:00,2024-06-12,6.0
12/06/2024,16:30,45997.0,43700.0,44200.0,70.0,15.0,366.0,37069.0,1714.0,9979.0,8042.0,-1870.0,1165.0,-10484.0,8.0,-2915.0,72.0,-2028.0,-1857.0,-3707.0,0.0,64.0,7.0,4.0,304.0,0.0,66.0,6166.0,1702.0,174.0,460.0,365.0,340.0,0.0,0.0,1626.0,88.0,2024-06-12 16:30:00,2024-06-12,6.0
12/06/2024,17:00,45365.0,42900.0,43800.0,70.0,15.0,365.0,36764.0,1666.0,9363.0,8116.0,-1424.0,1180.0,-10683.0,8.0,-2846.0,-538.0,-2028.0,-2227.0,-4122.0,0.0,64.0,7.0,4.0,305.0,0.0,65.0,6197.0,1744.0,174.0,461.0,375.0,344.0,0.0,0.0,1577.0,90.0,2024-06-12 17:00:00,2024-06-12,6.0
12/06/2024,17:30,44996.0,42800.0,43500.0,69.0,15.0,365.0,37120.0,1726.0,8455.0,8588.0,-1280.0,1176.0,-11168.0,8.0,-2846.0,-538.0,-2028.0,-2227.0,-4122.0,0.0,64.0,6.0,4.0,307.0,0.0,63.0,6363.0,2050.0,175.0,457.0,374.0,345.0,0.0,0.0,1624.0,102.0,2024-06-12 17:30:00,2024-06-12,6.0
12/06/2024,18:00,45277.0,44100.0,44700.0,69.0,15.0,366.0,38024.0,1764.0,7356.0,8841.0,-804.0,1180.0,-11470.0,8.0,-3014.0,45.0,-2181.0,-2227.0,-4199.0,0.0,64.0,6.0,4.0,308.0,0.0,63.0,6481.0,2059.0,301.0,455.0,379.0,346.0,0.0,0.0,1634.0,130.0,2024-06-12 18:00:00,2024-06-12,6.0
12/06/2024,18:30,45965.0,44800.0,45400.0,120.0,15.0,396.0,38509.0,1828.0,6221.0,9516.0,-51.0,1191.0,-11712.0,9.0,-3014.0,45.0,-2181.0,-2227.0,-4199.0,50.0,64.0,6.0,4.0,338.0,0.0,63.0,6650.0,2283.0,582.0,461.0,383.0,348.0,0.0,0.0,1655.0,173.0,2024-06-12 18:30:00,2024-06-12,6.0
12/06/2024,19:00,47130.0,46000.0,46500.0,517.0,15.0,415.0,39579.0,1859.0,5006.0,10490.0,-20.0,1187.0,-11858.0,14.0,-3014.0,1297.0,-1781.0,-2227.0,-4153.0,448.0,63.0,5.0,5.0,367.0,0.0,53.0,6813.0,2531.0,1147.0,457.0,384.0,346.0,0.0,0.0,1639.0,221.0,2024-06-12 19:00:00,2024-06-12,6.0
12/06/2024,19:30,47573.0,45600.0,46000.0,584.0,15.0,416.0,39989.0,1883.0,3799.0,10308.0,-20.0,1188.0,-10521.0,15.0,-3014.0,1297.0,-1781.0,-2227.0,-4153.0,517.0,63.0,5.0,7.0,366.0,0.0,52.0,6951.0,2586.0,771.0,453.0,387.0,348.0,0.0,0.0,1683.0,201.0,2024-06-12 19:30:00,2024-06-12,6.0
12/06/2024,20:00,46975.0,45000.0,45400.0,585.0,15.0,417.0,40462.0,1790.0,2631.0,10577.0,-20.0,1194.0,-10609.0,15.0,-3014.0,-500.0,-2181.0,-513.0,-5772.0,517.0,63.0,5.0,9.0,366.0,0.0,52.0,6948.0,2617.0,1013.0,458.0,387.0,349.0,0.0,0.0,1638.0,152.0,2024-06-12 20:00:00,2024-06-12,6.0
12/06/2024,20:30,45656.0,43800.0,44100.0,473.0,15.0,370.0,40636.0,1715.0,1591.0,12227.0,-20.0,1190.0,-12479.0,13.0,-3014.0,-500.0,-2181.0,-513.0,-5797.0,405.0,63.0,5.0,7.0,332.0,0.0,40.0,7030.0,3076.0,2121.0,457.0,385.0,348.0,0.0,0.0,1603.0,112.0,2024-06-12 20:30:00,2024-06-12,6.0
12/06/2024,21:00,44442.0,43000.0,43300.0,71.0,15.0,332.0,40803.0,1623.0,779.0,12478.0,-20.0,1199.0,-12774.0,7.0,-3014.0,-1450.0,-2319.0,-237.0,-5619.0,4.0,63.0,4.0,6.0,297.0,0.0,38.0,7016.0,3145.0,2317.0,464.0,387.0,348.0,0.0,0.0,1508.0,115.0,2024-06-12 21:00:00,2024-06-12,6.0
12/06/2024,21:30,43586.0,42600.0,42800.0,65.0,16.0,332.0,40803.0,1606.0,266.0,12096.0,-19.0,1200.0,-12714.0,8.0,-3014.0,-1450.0,-2319.0,-237.0,-5619.0,0.0,63.0,4.0,6.0,297.0,0.0,38.0,6979.0,2912.0,2205.0,465.0,388.0,347.0,0.0,0.0,1477.0,129.0,2024-06-12 21:30:00,2024-06-12,6.0
12/06/2024,22:00,43299.0,43500.0,43600.0,65.0,15.0,330.0,40837.0,1572.0,34.0,12099.0,-20.0,1202.0,-12771.0,8.0,-3014.0,-1296.0,-2319.0,692.0,-4863.0,0.0,63.0,4.0,1.0,299.0,0.0,38.0,7013.0,2943.0,2143.0,460.0,395.0,346.0,0.0,0.0,1461.0,112.0,2024-06-12 22:00:00,2024-06-12,6.0
12/06/2024,22:30,44453.0,45300.0,45400.0,65.0,16.0,329.0,40786.0,1525.0,0.0,11776.0,-20.0,1201.0,-11155.0,8.0,-3014.0,-1296.0,-2319.0,692.0,-4348.0,0.0,63.0,4.0,1.0,299.0,0.0,38.0,6974.0,2818.0,1984.0,458.0,397.0,346.0,0.0,0.0,1416.0,108.0,2024-06-12 22:30:00,2024-06-12,6.0
12/06/2024,23:00,45862.0,45300.0,45300.0,65.0,16.0,328.0,40841.0,1549.0,0.0,12367.0,-20.0,1211.0,-10427.0,7.0,-3014.0,-1450.0,-2106.0,1200.0,-6302.0,0.0,63.0,4.0,1.0,299.0,0.0,37.0,7004.0,3209.0,2153.0,461.0,404.0,346.0,0.0,0.0,1437.0,112.0,2024-06-12 23:00:00,2024-06-12,6.0
12/06/2024,23:30,45371.0,44600.0,44600.0,65.0,16.0,329.0,40993.0,1488.0,0.0,12748.0,-20.0,1214.0,-11400.0,7.0,-3014.0,-1450.0,-2106.0,1200.0,-6332.0,0.0,63.0,4.0,1.0,299.0,0.0,38.0,7032.0,3386.0,2330.0,461.0,408.0,344.0,0.0,0.0,1414.0,74.0,2024-06-12 23:30:00,2024-06-12,6.0
22/06/2024,00:00,43335.0,42400.0,41600.0,84.0,15.0,772.0,37875.0,4813.0,0.0,9958.0,-33.0,1196.0,-11277.0,11.0,-4028.0,-2011.0,-2355.0,-273.0,-5251.0,13.0,66.0,5.0,38.0,269.0,427.0,38.0,6109.0,2686.0,1163.0,478.0,368.0,351.0,0.0,0.0,4141.0,672.0,2024-06-22 00:00:00,2024-06-22,6.0
22/06/2024,00:30,42035.0,40100.0,39700.0,84.0,15.0,774.0,37992.0,4971.0,0.0,10471.0,-33.0,1191.0,-13388.0,11.0,-4028.0,-2011.0,-2355.0,-273.0,-5850.0,14.0,66.0,4.0,18.0,277.0,442.0,37.0,6195.0,3119.0,1158.0,474.0,369.0,348.0,0.0,0.0,4291.0,680.0,2024-06-22 00:30:00,2024-06-22,6.0
22/06/2024,01:00,39447.0,38100.0,37500.0,84.0,15.0,708.0,36745.0,4995.0,0.0,9901.0,-33.0,1187.0,-14075.0,11.0,-4028.0,-2095.0,-2355.0,-1271.0,-5960.0,13.0,66.0,5.0,13.0,246.0,411.0,37.0,6145.0,2702.0,1054.0,470.0,369.0,348.0,0.0,0.0,4348.0,647.0,2024-06-22 01:00:00,2024-06-22,6.0
22/06/2024,01:30,38650.0,37700.0,37600.0,83.0,15.0,717.0,36643.0,5072.0,0.0,9929.0,-63.0,1187.0,-14859.0,11.0,-4028.0,-2095.0,-2355.0,-1271.0,-6048.0,13.0,65.0,4.0,13.0,231.0,436.0,37.0,6076.0,2730.0,1123.0,471.0,367.0,348.0,0.0,0.0,4391.0,681.0,2024-06-22 01:30:00,2024-06-22,6.0
22/06/2024,02:00,37893.0,37100.0,36900.0,83.0,15.0,723.0,36046.0,5188.0,0.0,9811.0,-70.0,1188.0,-15015.0,11.0,-4028.0,-1851.0,-2355.0,-2362.0,-5653.0,13.0,65.0,4.0,13.0,233.0,440.0,37.0,6063.0,2619.0,1129.0,469.0,370.0,348.0,0.0,0.0,4468.0,720.0,2024-06-22 02:00:00,2024-06-22,6.0
22/06/2024,02:30,37336.0,35800.0,35800.0,83.0,15.0,726.0,36044.0,5229.0,0.0,9392.0,-80.0,1181.0,-15186.0,11.0,-4028.0,-1851.0,-2355.0,-2362.0,-5825.0,13.0,65.0,5.0,13.0,233.0,443.0,37.0,6009.0,2497.0,886.0,467.0,367.0,347.0,0.0,0.0,4517.0,713.0,2024-06-22 02:30:00,2024-06-22,6.0
22/06/2024,03:00,35813.0,34600.0,34300.0,84.0,15.0,621.0,36038.0,5323.0,0.0,8750.0,-374.0,1183.0,-15758.0,10.0,-4028.0,-2100.0,-2355.0,-2500.0,-5323.0,13.0,66.0,5.0,13.0,234.0,337.0,37.0,5923.0,2277.0,550.0,468.0,366.0,348.0,0.0,0.0,4613.0,710.0,2024-06-22 03:00:00,2024-06-22,6.0
22/06/2024,03:30,34680.0,33700.0,33100.0,83.0,15.0,391.0,35580.0,5837.0,0.0,8466.0,-862.0,1181.0,-15945.0,9.0,-4028.0,-2100.0,-2355.0,-2500.0,-5373.0,12.0,67.0,5.0,13.0,235.0,106.0,37.0,5837.0,2082.0,546.0,468.0,365.0,349.0,0.0,0.0,5035.0,802.0,2024-06-22 03:30:00,2024-06-22,6.0
22/06/2024,04:00,33789.0,33000.0,32000.0,93.0,15.0,389.0,35033.0,6312.0,0.0,8052.0,-1260.0,1192.0,-15967.0,9.0,-4028.0,-2100.0,-2355.0,-2500.0,-5089.0,21.0,67.0,5.0,13.0,235.0,103.0,38.0,5741.0,2017.0,294.0,477.0,368.0,347.0,0.0,0.0,5455.0,857.0,2024-06-22 04:00:00,2024-06-22,6.0
22/06/2024,04:30,33307.0,32500.0,31400.0,207.0,15.0,387.0,34907.0,6344.0,0.0,7872.0,-1598.0,1190.0,-15919.0,11.0,-4028.0,-2100.0,-2355.0,-2500.0,-5135.0,135.0,67.0,5.0,13.0,236.0,101.0,37.0,5623.0,1961.0,289.0,481.0,361.0,347.0,0.0,0.0,5382.0,962.0,2024-06-22 04:30:00,2024-06-22,6.0
22/06/2024,05:00,32867.0,31900.0,31800.0,214.0,16.0,386.0,34857.0,6259.0,0.0,7748.0,-1981.0,1174.0,-15745.0,12.0,-4028.0,-2100.0,-2355.0,-2500.0,-5113.0,141.0,68.0,4.0,13.0,236.0,100.0,36.0,5483.0,1978.0,287.0,487.0,341.0,346.0,0.0,0.0,5232.0,1027.0,2024-06-22 05:00:00,2024-06-22,6.0
22/06/2024,05:30,32804.0,32300.0,31600.0,212.0,15.0,385.0,34823.0,6026.0,0.0,7650.0,-1979.0,1162.0,-15433.0,12.0,-4028.0,-2100.0,-2355.0,-2500.0,-5205.0,141.0,66.0,5.0,13.0,236.0,101.0,36.0,5427.0,1939.0,284.0,479.0,338.0,345.0,0.0,0.0,5061.0,965.0,2024-06-22 05:30:00,2024-06-22,6.0
22/06/2024,06:00,32676.0,31600.0,31300.0,212.0,16.0,383.0,34573.0,6063.0,4.0,7660.0,-1909.0,1176.0,-15438.0,12.0,-4028.0,-2100.0,-2355.0,-2498.0,-5725.0,142.0,66.0,4.0,13.0,237.0,100.0,34.0,5421.0,1956.0,283.0,479.0,354.0,343.0,0.0,0.0,5183.0,880.0,2024-06-22 06:00:00,2024-06-22,6.0
22/06/2024,06:30,32979.0,32400.0,32100.0,214.0,16.0,373.0,34765.0,6127.0,51.0,7788.0,-1570.0,1186.0,-15933.0,11.0,-4028.0,-2100.0,-2355.0,-2498.0,-5700.0,143.0,67.0,4.0,13.0,237.0,88.0,35.0,5509.0,1998.0,281.0,480.0,363.0,343.0,0.0,0.0,5369.0,758.0,2024-06-22 06:30:00,2024-06-22,6.0
22/06/2024,07:00,33439.0,33000.0,32600.0,213.0,16.0,380.0,34424.0,5798.0,272.0,7823.0,-1057.0,1184.0,-15570.0,11.0,-4028.0,-2050.0,-1941.0,-2312.0,-4407.0,142.0,67.0,4.0,13.0,236.0,96.0,35.0,5506.0,2038.0,278.0,476.0,364.0,344.0,0.0,0.0,5086.0,713.0,2024-06-22 07:00:00,2024-06-22,6.0
22/06/2024,07:30,34296.0,33900.0,33600.0,152.0,16.0,381.0,34000.0,5542.0,729.0,7817.0,-947.0,1190.0,-14510.0,11.0,-4028.0,-2050.0,-1941.0,-2312.0,-4268.0,81.0,67.0,4.0,13.0,236.0,97.0,35.0,5494.0,2046.0,277.0,479.0,366.0,345.0,0.0,0.0,4884.0,658.0,2024-06-22 07:30:00,2024-06-22,6.0
22/06/2024,08:00,35253.0,34800.0,34900.0,82.0,16.0,381.0,34565.0,5393.0,1384.0,7830.0,-1079.0,1196.0,-14448.0,9.0,-4028.0,-1691.0,-1941.0,-1764.0,-4112.0,12.0,66.0,4.0,13.0,235.0,99.0,35.0,5488.0,2067.0,275.0,481.0,370.0,345.0,0.0,0.0,4759.0,634.0,2024-06-22 08:00:00,2024-06-22,6.0
22/06/2024,08:30,36684.0,36300.0,36200.0,82.0,16.0,384.0,34701.0,5086.0,2226.0,7803.0,-1467.0,1195.0,-13272.0,9.0,-4028.0,-1691.0,-1941.0,-1764.0,-3457.0,12.0,66.0,4.0,13.0,235.0,102.0,34.0,5445.0,2084.0,273.0,482.0,367.0,346.0,0.0,0.0,4485.0,601.0,2024-06-22 08:30:00,2024-06-22,6.0
22/06/2024,09:00,38064.0,38000.0,37500.0,81.0,16.0,384.0,34686.0,4741.0,3184.0,7807.0,-1454.0,1196.0,-12508.0,9.0,-4027.0,3.0,-2355.0,-2294.0,-3483.0,12.0,65.0,4.0,13.0,235.0,101.0,35.0,5440.0,2096.0,272.0,480.0,371.0,346.0,0.0,0.0,4249.0,492.0,2024-06-22 09:00:00,2024-06-22,6.0
22/06/2024,09:30,39607.0,38900.0,38800.0,81.0,12.0,383.0,34731.0,4563.0,4087.0,7785.0,-1471.0,1200.0,-11705.0,9.0,-4027.0,3.0,-2355.0,-2294.0,-2889.0,12.0,65.0,5.0,13.0,234.0,101.0,35.0,5415.0,2100.0,271.0,482.0,372.0,345.0,0.0,0.0,4091.0,472.0,2024-06-22 09:30:00,2024-06-22,6.0
22/06/2024,10:00,40675.0,40000.0,39900.0,82.0,14.0,385.0,34612.0,4341.0,4844.0,7763.0,-1438.0,1191.0,-11061.0,9.0,-4028.0,2123.0,-2330.0,-1900.0,-3845.0,12.0,66.0,5.0,13.0,234.0,103.0,35.0,5406.0,2088.0,269.0,475.0,369.0,347.0,0.0,0.0,3860.0,482.0,2024-06-22 10:00:00,2024-06-22,6.0
22/06/2024,10:30,41810.0,40500.0,40700.0,83.0,15.0,383.0,34107.0,4144.0,5630.0,7716.0,-1587.0,1203.0,-9817.0,9.0,-4028.0,2123.0,-2330.0,-1900.0,-3374.0,12.0,66.0,5.0,13.0,234.0,104.0,32.0,5376.0,2072.0,268.0,479.0,374.0,350.0,0.0,0.0,3623.0,522.0,2024-06-22 10:30:00,2024-06-22,6.0
22/06/2024,11:00,42450.0,41300.0,41100.0,82.0,16.0,385.0,33163.0,3998.0,6345.0,7718.0,-1625.0,1194.0,-8759.0,9.0,-4028.0,2200.0,-1188.0,-624.0,-3036.0,12.0,65.0,5.0,13.0,234.0,105.0,33.0,5383.0,2070.0,265.0,473.0,368.0,353.0,0.0,0.0,3493.0,504.0,2024-06-22 11:00:00,2024-06-22,6.0
22/06/2024,11:30,43104.0,42000.0,41800.0,82.0,16.0,382.0,31013.0,3651.0,6969.0,7875.0,-1622.0,1195.0,-6394.0,9.0,-4028.0,2200.0,-1188.0,-624.0,-2344.0,12.0,65.0,5.0,13.0,234.0,104.0,32.0,5472.0,2151.0,252.0,472.0,369.0,354.0,0.0,0.0,3181.0,470.0,2024-06-22 11:30:00,2024-06-22,6.0
22/06/2024,12:00,43827.0,43600.0,43100.0,82.0,16.0,383.0,29984.0,3372.0,7642.0,7881.0,-1614.0,1191.0,-5044.0,9.0,-4028.0,2187.0,-277.0,750.0,-1657.0,12.0,65.0,5.0,13.0,233.0,104.0,32.0,5528.0,2119.0,234.0,467.0,371.0,353.0,0.0,0.0,2990.0,382.0,2024-06-22 12:00:00,2024-06-22,6.0
22/06/2024,12:30,44968.0,43900.0,43300.0,82.0,16.0,386.0,28913.0,3361.0,7974.0,7794.0,-1650.0,1175.0,-3022.0,9.0,-4028.0,2187.0,-277.0,750.0,-1176.0,12.0,66.0,5.0,13.0,233.0,107.0,33.0,5481.0,2069.0,243.0,456.0,366.0,352.0,0.0,0.0,2975.0,386.0,2024-06-22 12:30:00,2024-06-22,6.0
22/06/2024,13:00,45885.0,44900.0,44200.0,83.0,16.0,388.0,28526.0,3433.0,8405.0,7888.0,-1632.0,1175.0,-2332.0,9.0,-4028.0,1724.0,-106.0,-330.0,-708.0,12.0,66.0,5.0,13.0,233.0,109.0,33.0,5485.0,2138.0,265.0,458.0,366.0,351.0,0.0,0.0,3065.0,367.0,2024-06-22 13:00:00,2024-06-22,6.0
22/06/2024,13:30,44683.0,42500.0,41900.0,83.0,14.0,387.0,27993.0,3459.0,8719.0,7953.0,-1705.0,1193.0,-3332.0,9.0,-4028.0,1724.0,-106.0,-330.0,-659.0,12.0,66.0,5.0,13.0,233.0,108.0,33.0,5586.0,2104.0,263.0,471.0,369.0,352.0,0.0,0.0,3097.0,362.0,2024-06-22 13:30:00,2024-06-22,6.0
22/06/2024,14:00,43538.0,41400.0,41400.0,83.0,11.0,385.0,26888.0,3558.0,8942.0,7971.0,-1705.0,1191.0,-3687.0,10.0,-4028.0,1093.0,-106.0,579.0,-1327.0,12.0,66.0,6.0,13.0,232.0,107.0,32.0,5610.0,2098.0,263.0,471.0,367.0,353.0,0.0,0.0,3247.0,311.0,2024-06-22 14:00:00,2024-06-22,6.0
22/06/2024,14:30,42645.0,40600.0,40100.0,82.0,12.0,381.0,25621.0,3686.0,8980.0,7950.0,-1867.0,1174.0,-3304.0,10.0,-4028.0,1093.0,-106.0,579.0,-2153.0,12.0,65.0,5.0,13.0,231.0,108.0,29.0,5589.0,2096.0,265.0,463.0,358.0,353.0,0.0,0.0,3308.0,378.0,2024-06-22 14:30:00,2024-06-22,6.0
22/06/2024,15:00,41943.0,40300.0,39900.0,82.0,13.0,380.0,25336.0,4058.0,8870.0,7935.0,-1933.0,1173.0,-3903.0,10.0,-4028.0,1699.0,-790.0,-507.0,-1803.0,12.0,65.0,5.0,13.0,232.0,107.0,28.0,5565.0,2115.0,255.0,466.0,355.0,352.0,0.0,0.0,3640.0,418.0,2024-06-22 15:00:00,2024-06-22,6.0
22/06/2024,15:30,41417.0,39800.0,39200.0,82.0,13.0,380.0,25631.0,4337.0,8551.0,7947.0,-1928.0,1171.0,-4728.0,10.0,-4028.0,1699.0,-790.0,-507.0,-3074.0,12.0,65.0,5.0,13.0,231.0,106.0,30.0,5584.0,2107.0,256.0,460.0,359.0,351.0,0.0,0.0,3886.0,451.0,2024-06-22 15:30:00,2024-06-22,6.0
22/06/2024,16:00,40580.0,38700.0,38500.0,82.0,13.0,381.0,26202.0,4352.0,8189.0,7954.0,-1693.0,1180.0,-6049.0,10.0,-3778.0,2129.0,-389.0,-754.0,-4928.0,12.0,65.0,5.0,13.0,232.0,106.0,30.0,5579.0,2107.0,268.0,467.0,360.0,353.0,0.0,0.0,3864.0,488.0,2024-06-22 16:00:00,2024-06-22,6.0
22/06/2024,16:30,40122.0,38300.0,38100.0,82.0,11.0,378.0,27046.0,4459.0,7803.0,7888.0,-1691.0,1191.0,-6988.0,9.0,-3778.0,2129.0,-389.0,-704.0,-5889.0,12.0,65.0,5.0,13.0,232.0,104.0,30.0,5530.0,2086.0,272.0,468.0,370.0,353.0,0.0,0.0,4004.0,455.0,2024-06-22 16:30:00,2024-06-22,6.0
22/06/2024,17:00,39763.0,37900.0,37600.0,82.0,12.0,375.0,27878.0,4476.0,7055.0,7891.0,-1269.0,1190.0,-7865.0,9.0,-3828.0,2200.0,-1765.0,-2107.0,-5554.0,12.0,65.0,5.0,13.0,231.0,99.0,32.0,5504.0,2101.0,286.0,467.0,370.0,353.0,0.0,0.0,4042.0,434.0,2024-06-22 17:00:00,2024-06-22,6.0
22/06/2024,17:30,39819.0,37700.0,38400.0,81.0,12.0,384.0,30482.0,4486.0,6293.0,7950.0,-407.0,1185.0,-10568.0,9.0,-3828.0,2200.0,-1765.0,-2107.0,-6032.0,12.0,65.0,5.0,13.0,232.0,105.0,34.0,5498.0,2150.0,301.0,466.0,367.0,352.0,0.0,0.0,4080.0,407.0,2024-06-22 17:30:00,2024-06-22,6.0
22/06/2024,18:00,40166.0,38400.0,39000.0,81.0,11.0,379.0,32892.0,4671.0,5462.0,7974.0,-920.0,1185.0,-11485.0,9.0,-4028.0,2200.0,-2524.0,-2397.0,-4780.0,12.0,65.0,4.0,13.0,232.0,97.0,36.0,5522.0,2140.0,313.0,468.0,365.0,351.0,0.0,0.0,4223.0,447.0,2024-06-22 18:00:00,2024-06-22,6.0
22/06/2024,18:30,40588.0,39000.0,39400.0,80.0,12.0,395.0,33755.0,4692.0,4515.0,7962.0,-838.0,1189.0,-11095.0,9.0,-4028.0,2200.0,-2524.0,-2397.0,-4821.0,12.0,64.0,5.0,33.0,233.0,91.0,38.0,5536.0,2101.0,325.0,469.0,370.0,351.0,0.0,0.0,4250.0,442.0,2024-06-22 18:30:00,2024-06-22,6.0
22/06/2024,19:00,41039.0,39900.0,40300.0,81.0,12.0,416.0,34895.0,4453.0,3551.0,8440.0,-1006.0,1188.0,-10925.0,9.0,-3927.0,2200.0,-2524.0,-610.0,-6345.0,12.0,65.0,4.0,40.0,233.0,103.0,41.0,5622.0,2255.0,563.0,467.0,369.0,352.0,0.0,0.0,4056.0,397.0,2024-06-22 19:00:00,2024-06-22,6.0
22/06/2024,19:30,41426.0,39800.0,40100.0,82.0,12.0,425.0,35851.0,4577.0,2661.0,8673.0,-1007.0,1192.0,-10988.0,9.0,-3927.0,2200.0,-2524.0,-610.0,-6462.0,12.0,66.0,4.0,39.0,239.0,104.0,42.0,5746.0,2337.0,590.0,467.0,370.0,355.0,0.0,0.0,4172.0,405.0,2024-06-22 19:30:00,2024-06-22,6.0
22/06/2024,20:00,41091.0,39400.0,39700.0,82.0,12.0,429.0,36468.0,4453.0,1902.0,8752.0,-785.0,1186.0,-11356.0,9.0,-3978.0,2200.0,-2524.0,-1034.0,-7414.0,12.0,66.0,4.0,39.0,241.0,106.0,43.0,5817.0,2350.0,585.0,466.0,369.0,351.0,0.0,0.0,4109.0,344.0,2024-06-22 20:00:00,2024-06-22,6.0
22/06/2024,20:30,40370.0,38500.0,38700.0,82.0,12.0,429.0,36400.0,4132.0,1156.0,9037.0,-69.0,1187.0,-11938.0,9.0,-3978.0,2200.0,-2524.0,-1034.0,-7628.0,12.0,66.0,4.0,40.0,240.0,106.0,43.0,5891.0,2550.0,596.0,472.0,366.0,349.0,0.0,0.0,3800.0,332.0,2024-06-22 20:30:00,2024-06-22,6.0
22/06/2024,21:00,39455.0,38200.0,38300.0,82.0,12.0,431.0,36870.0,3776.0,582.0,9251.0,-58.0,1193.0,-12630.0,9.0,-3978.0,111.0,-2524.0,616.0,-7831.0,12.0,66.0,4.0,40.0,241.0,106.0,43.0,5943.0,2714.0,593.0,475.0,367.0,350.0,0.0,0.0,3423.0,353.0,2024-06-22 21:00:00,2024-06-22,6.0
22/06/2024,21:30,39150.0,38100.0,38100.0,81.0,12.0,430.0,37081.0,3430.0,218.0,10105.0,-82.0,1178.0,-13238.0,9.0,-3978.0,111.0,-2524.0,616.0,-7833.0,12.0,66.0,4.0,40.0,241.0,106.0,42.0,5984.0,2738.0,1384.0,466.0,369.0,343.0,0.0,0.0,3119.0,311.0,2024-06-22 21:30:00,2024-06-22,6.0
22/06/2024,22:00,38809.0,38300.0,38300.0,81.0,12.0,429.0,37141.0,3061.0,33.0,10508.0,-88.0,1182.0,-13480.0,9.0,-4028.0,1249.0,-2524.0,1199.0,-7938.0,12.0,65.0,4.0,40.0,242.0,104.0,42.0,6029.0,2842.0,1637.0,474.0,365.0,344.0,0.0,0.0,2748.0,313.0,2024-06-22 22:00:00,2024-06-22,6.0
22/06/2024,22:30,40516.0,40300.0,40200.0,81.0,11.0,429.0,37128.0,2740.0,0.0,11389.0,-88.0,1183.0,-12288.0,9.0,-4028.0,1249.0,-2524.0,1199.0,-7266.0,12.0,65.0,4.0,40.0,242.0,104.0,43.0,6188.0,2990.0,2211.0,473.0,364.0,346.0,0.0,0.0,2458.0,282.0,2024-06-22 22:30:00,2024-06-22,6.0
22/06/2024,23:00,42250.0,41600.0,41400.0,81.0,11.0,427.0,36895.0,2712.0,0.0,11734.0,-33.0,1184.0,-10691.0,9.0,-4028.0,2060.0,-2308.0,792.0,-7446.0,12.0,66.0,4.0,41.0,243.0,101.0,42.0,6226.0,3280.0,2228.0,473.0,364.0,347.0,0.0,0.0,2446.0,266.0,2024-06-22 23:00:00,2024-06-22,6.0
22/06/2024,23:30,42019.0,41100.0,40800.0,82.0,11.0,428.0,37151.0,2681.0,0.0,11674.0,-33.0,1180.0,-11098.0,9.0,-4028.0,2060.0,-2308.0,792.0,-7541.0,12.0,66.0,4.0,41.0,244.0,101.0,42.0,6183.0,3140.0,2351.0,472.0,361.0,348.0,0.0,0.0,2435.0,247.0,2024-06-22 23:30:00,2024-06-22,6.0
13/08/2024,00:00,43796.0,43000.0,43200.0,78.0,19.0,728.0,41037.0,2129.0,0.0,8049.0,-35.0,1203.0,-9322.0,11.0,-3277.0,-2200.0,-3037.0,1200.0,-3798.0,13.0,62.0,3.0,38.0,260.0,400.0,30.0,4029.0,2101.0,1920.0,503.0,379.0,321.0,0.0,0.0,1665.0,464.0,2024-08-13 00:00:00,2024-08-13,8.0
13/08/2024,00:30,42084.0,40700.0,41000.0,78.0,19.0,718.0,41093.0,1726.0,0.0,8175.0,-48.0,1200.0,-10820.0,11.0,-3277.0,-2200.0,-3037.0,1200.0,-3977.0,13.0,62.0,3.0,35.0,245.0,407.0,31.0,3882.0,2236.0,2057.0,498.0,380.0,321.0,0.0,0.0,1430.0,296.0,2024-08-13 00:30:00,2024-08-13,8.0
13/08/2024,01:00,39441.0,38600.0,39000.0,78.0,19.0,792.0,40948.0,1560.0,0.0,6034.0,-62.0,1206.0,-11059.0,12.0,-2889.0,-2350.0,-3053.0,1200.0,-4223.0,13.0,62.0,3.0,36.0,245.0,480.0,31.0,3732.0,1836.0,466.0,504.0,379.0,322.0,0.0,0.0,1303.0,257.0,2024-08-13 01:00:00,2024-08-13,8.0
13/08/2024,01:30,38673.0,38900.0,38800.0,77.0,19.0,771.0,40962.0,1524.0,0.0,5609.0,-178.0,1210.0,-11246.0,12.0,-2889.0,-2350.0,-3053.0,1200.0,-4215.0,12.0,62.0,3.0,19.0,243.0,479.0,30.0,3571.0,1849.0,188.0,510.0,378.0,322.0,0.0,0.0,1306.0,218.0,2024-08-13 01:30:00,2024-08-13,8.0
13/08/2024,02:00,38003.0,38500.0,38300.0,76.0,19.0,756.0,40363.0,1564.0,0.0,5655.0,-379.0,1215.0,-11176.0,12.0,-2384.0,-2350.0,-3127.0,1199.0,-4404.0,12.0,62.0,3.0,13.0,243.0,470.0,31.0,3524.0,1768.0,363.0,515.0,380.0,320.0,0.0,0.0,1325.0,239.0,2024-08-13 02:00:00,2024-08-13,8.0
13/08/2024,02:30,37511.0,36700.0,37100.0,76.0,19.0,760.0,39997.0,1631.0,0.0,5481.0,-721.0,1217.0,-10857.0,13.0,-2384.0,-2350.0,-3127.0,1199.0,-4435.0,12.0,62.0,3.0,13.0,242.0,474.0,31.0,3374.0,1733.0,375.0,515.0,382.0,319.0,0.0,0.0,1403.0,228.0,2024-08-13 02:30:00,2024-08-13,8.0
13/08/2024,03:00,36214.0,35500.0,35900.0,76.0,20.0,678.0,39842.0,1751.0,0.0,5028.0,-1100.0,1228.0,-11209.0,12.0,-2185.0,-2350.0,-3072.0,386.0,-4500.0,12.0,62.0,3.0,13.0,242.0,392.0,30.0,3311.0,1363.0,354.0,526.0,382.0,320.0,0.0,0.0,1542.0,209.0,2024-08-13 03:00:00,2024-08-13,8.0
13/08/2024,03:30,35415.0,35100.0,35100.0,77.0,19.0,588.0,39781.0,1893.0,0.0,4955.0,-1225.0,1245.0,-11831.0,12.0,-2185.0,-2350.0,-3072.0,386.0,-4511.0,12.0,62.0,3.0,13.0,242.0,302.0,31.0,3274.0,1340.0,341.0,542.0,384.0,320.0,0.0,0.0,1685.0,208.0,2024-08-13 03:30:00,2024-08-13,8.0
13/08/2024,04:00,34647.0,34600.0,34700.0,77.0,19.0,566.0,39793.0,1794.0,0.0,4507.0,-1341.0,1225.0,-11911.0,12.0,-2773.0,-2590.0,-3030.0,-360.0,-4100.0,12.0,62.0,3.0,13.0,243.0,280.0,30.0,3236.0,1233.0,38.0,534.0,375.0,316.0,0.0,0.0,1537.0,257.0,2024-08-13 04:00:00,2024-08-13,8.0
13/08/2024,04:30,34331.0,34300.0,34600.0,77.0,19.0,615.0,40023.0,1614.0,0.0,4656.0,-1117.0,1220.0,-12697.0,12.0,-2773.0,-2590.0,-3030.0,-345.0,-4114.0,12.0,62.0,3.0,13.0,243.0,329.0,30.0,3249.0,1404.0,4.0,534.0,370.0,317.0,0.0,0.0,1356.0,258.0,2024-08-13 04:30:00,2024-08-13,8.0
13/08/2024,05:00,34259.0,34600.0,34700.0,77.0,19.0,439.0,40105.0,1396.0,0.0,4829.0,-1111.0,1225.0,-12634.0,11.0,-3369.0,-2388.0,-2769.0,696.0,-3734.0,12.0,62.0,3.0,14.0,242.0,153.0,30.0,3320.0,1504.0,4.0,540.0,368.0,317.0,0.0,0.0,1218.0,178.0,2024-08-13 05:00:00,2024-08-13,8.0
13/08/2024,05:30,34876.0,35500.0,35500.0,77.0,19.0,403.0,40006.0,1320.0,0.0,4921.0,-1111.0,1232.0,-11910.0,11.0,-3369.0,-2388.0,-2769.0,696.0,-3760.0,12.0,62.0,3.0,36.0,242.0,94.0,30.0,3448.0,1469.0,4.0,538.0,378.0,316.0,0.0,0.0,1150.0,169.0,2024-08-13 05:30:00,2024-08-13,8.0
13/08/2024,06:00,35587.0,36600.0,36500.0,76.0,19.0,408.0,40079.0,1203.0,0.0,5307.0,-861.0,1228.0,-11796.0,10.0,-3372.0,-2682.0,-2897.0,1200.0,-3441.0,12.0,61.0,3.0,37.0,243.0,97.0,31.0,3476.0,1710.0,121.0,534.0,378.0,316.0,0.0,0.0,1049.0,154.0,2024-08-13 06:00:00,2024-08-13,8.0
13/08/2024,06:30,36851.0,37300.0,37400.0,73.0,20.0,430.0,40107.0,1193.0,1.0,5724.0,-477.0,1235.0,-11373.0,10.0,-3372.0,-2682.0,-2897.0,1200.0,-3439.0,12.0,58.0,3.0,39.0,258.0,103.0,30.0,3759.0,1817.0,148.0,535.0,386.0,314.0,0.0,0.0,1068.0,125.0,2024-08-13 06:30:00,2024-08-13,8.0
13/08/2024,07:00,37360.0,38200.0,37700.0,73.0,19.0,432.0,40128.0,1166.0,31.0,5994.0,-164.0,1236.0,-11474.0,10.0,-3325.0,-2400.0,-2796.0,1182.0,-3652.0,12.0,58.0,3.0,39.0,259.0,104.0,30.0,3825.0,1811.0,357.0,530.0,391.0,315.0,0.0,0.0,1086.0,80.0,2024-08-13 07:00:00,2024-08-13,8.0
13/08/2024,07:30,38461.0,39600.0,39100.0,73.0,19.0,421.0,39998.0,1154.0,275.0,6697.0,-17.0,1233.0,-11312.0,10.0,-3325.0,-2400.0,-2796.0,1200.0,-3443.0,12.0,59.0,3.0,39.0,247.0,105.0,30.0,4192.0,1733.0,772.0,528.0,392.0,313.0,0.0,0.0,1119.0,35.0,2024-08-13 07:30:00,2024-08-13,8.0
13/08/2024,08:00,39604.0,41000.0,40300.0,74.0,19.0,426.0,40034.0,1099.0,888.0,6828.0,-15.0,1237.0,-10905.0,10.0,-3282.0,-1973.0,-1867.0,1200.0,-4305.0,12.0,59.0,3.0,40.0,249.0,106.0,31.0,4239.0,1659.0,930.0,534.0,391.0,312.0,0.0,0.0,1067.0,33.0,2024-08-13 08:00:00,2024-08-13,8.0
13/08/2024,08:30,41131.0,42700.0,42000.0,74.0,19.0,438.0,40172.0,931.0,1909.0,6918.0,-14.0,1228.0,-10472.0,10.0,-3282.0,-1973.0,-1867.0,1200.0,-3994.0,11.0,59.0,4.0,43.0,255.0,106.0,34.0,4223.0,1783.0,912.0,526.0,391.0,311.0,0.0,0.0,906.0,26.0,2024-08-13 08:30:00,2024-08-13,8.0
13/08/2024,09:00,42449.0,44000.0,43300.0,73.0,19.0,436.0,40171.0,724.0,3189.0,6733.0,-14.0,1225.0,-10020.0,10.0,-3356.0,-1583.0,-2421.0,1200.0,-3714.0,11.0,59.0,4.0,43.0,255.0,104.0,34.0,4217.0,1770.0,746.0,521.0,391.0,313.0,0.0,0.0,702.0,22.0,2024-08-13 09:00:00,2024-08-13,8.0
13/08/2024,09:30,43736.0,45200.0,44500.0,74.0,19.0,436.0,40250.0,630.0,4553.0,6443.0,-14.0,1213.0,-9793.0,9.0,-3356.0,-1583.0,-2421.0,1200.0,-3143.0,11.0,59.0,4.0,42.0,255.0,104.0,34.0,3975.0,1777.0,692.0,509.0,390.0,314.0,0.0,0.0,590.0,41.0,2024-08-13 09:30:00,2024-08-13,8.0
13/08/2024,10:00,44645.0,46200.0,45300.0,78.0,20.0,413.0,40141.0,552.0,5811.0,5972.0,-14.0,1218.0,-9473.0,9.0,-3379.0,-2028.0,-2799.0,976.0,-1978.0,11.0,60.0,7.0,37.0,255.0,84.0,37.0,3837.0,1757.0,378.0,515.0,389.0,314.0,0.0,0.0,509.0,44.0,2024-08-13 10:00:00,2024-08-13,8.0
13/08/2024,10:30,45604.0,47000.0,46200.0,99.0,19.0,392.0,40027.0,500.0,6868.0,5511.0,-23.0,1212.0,-8918.0,9.0,-3379.0,-2028.0,-2799.0,1138.0,-1222.0,14.0,63.0,22.0,18.0,254.0,69.0,51.0,3686.0,1788.0,38.0,519.0,381.0,313.0,0.0,0.0,460.0,40.0,2024-08-13 10:30:00,2024-08-13,8.0
13/08/2024,11:00,46309.0,47600.0,46600.0,99.0,19.0,396.0,39886.0,523.0,7699.0,5118.0,-231.0,1190.0,-8299.0,9.0,-3382.0,-2281.0,-2731.0,997.0,-264.0,14.0,63.0,22.0,18.0,254.0,72.0,51.0,3660.0,1451.0,6.0,499.0,377.0,314.0,0.0,0.0,489.0,34.0,2024-08-13 11:00:00,2024-08-13,8.0
13/08/2024,11:30,47218.0,48200.0,47300.0,83.0,19.0,325.0,39840.0,535.0,8342.0,4953.0,-630.0,1184.0,-7359.0,8.0,-3382.0,-2281.0,-2731.0,997.0,376.0,12.0,61.0,11.0,16.0,255.0,12.0,43.0,3497.0,1451.0,4.0,490.0,379.0,314.0,0.0,0.0,502.0,34.0,2024-08-13 11:30:00,2024-08-13,8.0
13/08/2024,12:00,47910.0,49500.0,48700.0,74.0,19.0,430.0,39734.0,563.0,8935.0,4775.0,-798.0,1192.0,-6939.0,9.0,-3024.0,-2400.0,-2663.0,1029.0,1059.0,11.0,60.0,4.0,16.0,256.0,120.0,39.0,3442.0,1325.0,9.0,500.0,379.0,313.0,0.0,0.0,522.0,41.0,2024-08-13 12:00:00,2024-08-13,8.0
13/08/2024,12:30,48999.0,49600.0,48700.0,76.0,19.0,487.0,39474.0,680.0,9672.0,4654.0,-928.0,1197.0,-6251.0,9.0,-3024.0,-2400.0,-2663.0,1035.0,1714.0,11.0,62.0,4.0,16.0,257.0,177.0,37.0,3257.0,1152.0,245.0,500.0,383.0,315.0,0.0,0.0,623.0,57.0,2024-08-13 12:30:00,2024-08-13,8.0
13/08/2024,13:00,49829.0,50600.0,49700.0,76.0,19.0,488.0,39057.0,718.0,10309.0,4678.0,-982.0,1197.0,-5644.0,9.0,-3057.0,-2400.0,-2663.0,434.0,868.0,11.0,62.0,4.0,16.0,257.0,177.0,37.0,3205.0,1115.0,358.0,500.0,381.0,315.0,0.0,0.0,670.0,49.0,2024-08-13 13:00:00,2024-08-13,8.0
13/08/2024,13:30,49075.0,48400.0,48000.0,77.0,19.0,487.0,38953.0,729.0,10672.0,4718.0,-972.0,1199.0,-6725.0,9.0,-3057.0,-2400.0,-2663.0,434.0,603.0,11.0,62.0,4.0,16.0,256.0,178.0,37.0,3191.0,1162.0,365.0,511.0,374.0,315.0,0.0,0.0,697.0,32.0,2024-08-13 13:30:00,2024-08-13,8.0
13/08/2024,14:00,48623.0,48600.0,48000.0,76.0,19.0,489.0,38831.0,814.0,10850.0,4304.0,-816.0,1193.0,-7055.0,9.0,-2503.0,-2400.0,-2608.0,99.0,1212.0,11.0,62.0,4.0,16.0,258.0,178.0,37.0,3185.0,1089.0,30.0,512.0,363.0,319.0,0.0,0.0,770.0,44.0,2024-08-13 14:00:00,2024-08-13,8.0
13/08/2024,14:30,48498.0,48300.0,47800.0,76.0,19.0,489.0,38826.0,877.0,10662.0,4186.0,-1097.0,1176.0,-6623.0,9.0,-2503.0,-2400.0,-2608.0,99.0,41.0,10.0,61.0,4.0,16.0,257.0,177.0,39.0,3256.0,926.0,4.0,499.0,356.0,321.0,0.0,0.0,834.0,43.0,2024-08-13 14:30:00,2024-08-13,8.0
13/08/2024,15:00,48065.0,48000.0,47000.0,77.0,18.0,487.0,39386.0,890.0,10626.0,4383.0,-1252.0,1151.0,-7623.0,9.0,-2392.0,-2217.0,-2608.0,-774.0,290.0,11.0,62.0,4.0,16.0,255.0,178.0,39.0,3276.0,1103.0,4.0,472.0,356.0,323.0,0.0,0.0,848.0,42.0,2024-08-13 15:00:00,2024-08-13,8.0
13/08/2024,15:30,47664.0,47400.0,46500.0,76.0,16.0,488.0,39166.0,913.0,10292.0,4600.0,-1304.0,1151.0,-7652.0,9.0,-2392.0,-2217.0,-2608.0,-774.0,-1021.0,10.0,62.0,4.0,16.0,254.0,179.0,39.0,3331.0,1265.0,4.0,480.0,348.0,324.0,0.0,0.0,875.0,38.0,2024-08-13 15:30:00,2024-08-13,8.0
13/08/2024,16:00,46966.0,46900.0,46000.0,77.0,17.0,565.0,38931.0,955.0,9688.0,4730.0,-799.0,1159.0,-8274.0,9.0,-2515.0,-1300.0,-2641.0,14.0,-1710.0,10.0,62.0,4.0,17.0,255.0,256.0,38.0,3356.0,1370.0,4.0,485.0,350.0,324.0,0.0,0.0,938.0,17.0,2024-08-13 16:00:00,2024-08-13,8.0
13/08/2024,16:30,46524.0,46500.0,45700.0,77.0,16.0,616.0,38108.0,1127.0,8998.0,5053.0,-472.0,1184.0,-8111.0,10.0,-2515.0,-1300.0,-2641.0,16.0,-2354.0,10.0,62.0,4.0,35.0,258.0,285.0,38.0,3503.0,1513.0,38.0,496.0,364.0,324.0,0.0,0.0,1084.0,43.0,2024-08-13 16:30:00,2024-08-13,8.0
13/08/2024,17:00,46164.0,46400.0,45600.0,77.0,19.0,610.0,38498.0,1321.0,7911.0,5648.0,-260.0,1201.0,-8787.0,10.0,-3211.0,-1100.0,-2641.0,1200.0,-3079.0,10.0,62.0,4.0,36.0,260.0,276.0,38.0,3592.0,1530.0,526.0,503.0,374.0,324.0,0.0,0.0,1249.0,72.0,2024-08-13 17:00:00,2024-08-13,8.0
13/08/2024,17:30,45919.0,46000.0,45300.0,76.0,19.0,614.0,38774.0,1488.0,6826.0,6054.0,-17.0,1197.0,-9032.0,10.0,-3211.0,-1100.0,-2641.0,1200.0,-3825.0,10.0,62.0,4.0,36.0,260.0,280.0,39.0,3879.0,1611.0,563.0,494.0,377.0,326.0,0.0,0.0,1430.0,58.0,2024-08-13 17:30:00,2024-08-13,8.0
13/08/2024,18:00,46034.0,46400.0,45700.0,77.0,19.0,623.0,39108.0,1732.0,5819.0,7077.0,-14.0,1191.0,-9522.0,10.0,-2968.0,-673.0,-2641.0,1058.0,-3684.0,10.0,62.0,4.0,36.0,259.0,289.0,39.0,4044.0,1811.0,1222.0,495.0,373.0,323.0,0.0,0.0,1686.0,46.0,2024-08-13 18:00:00,2024-08-13,8.0
13/08/2024,18:30,46171.0,46800.0,46200.0,76.0,19.0,626.0,39973.0,1922.0,4592.0,7178.0,-14.0,1198.0,-9300.0,10.0,-2968.0,-673.0,-2641.0,1058.0,-3690.0,10.0,62.0,4.0,36.0,259.0,289.0,42.0,4196.0,1807.0,1175.0,498.0,377.0,323.0,0.0,0.0,1877.0,45.0,2024-08-13 18:30:00,2024-08-13,8.0
13/08/2024,19:00,46632.0,47700.0,47100.0,76.0,19.0,628.0,41417.0,2029.0,3437.0,7368.0,-14.0,1164.0,-9390.0,10.0,-2685.0,-525.0,-2585.0,1200.0,-4376.0,10.0,62.0,3.0,36.0,262.0,288.0,42.0,4244.0,1978.0,1147.0,465.0,373.0,325.0,0.0,0.0,1991.0,38.0,2024-08-13 19:00:00,2024-08-13,8.0
13/08/2024,19:30,46574.0,47200.0,46600.0,76.0,19.0,636.0,41562.0,2055.0,2228.0,8278.0,-14.0,1166.0,-9349.0,10.0,-2685.0,-525.0,-2585.0,1200.0,-4374.0,11.0,62.0,3.0,36.0,271.0,288.0,41.0,4365.0,2363.0,1551.0,471.0,368.0,327.0,0.0,0.0,2037.0,18.0,2024-08-13 19:30:00,2024-08-13,8.0
13/08/2024,20:00,46021.0,46200.0,45700.0,76.0,19.0,639.0,41547.0,2158.0,1302.0,8649.0,-14.0,1169.0,-9445.0,10.0,-2487.0,-1750.0,-2641.0,1000.0,-4409.0,11.0,62.0,3.0,37.0,270.0,291.0,41.0,4464.0,2580.0,1605.0,475.0,366.0,328.0,0.0,0.0,2150.0,8.0,2024-08-13 20:00:00,2024-08-13,8.0
13/08/2024,20:30,44910.0,45000.0,44500.0,77.0,19.0,630.0,41510.0,2054.0,610.0,8997.0,-14.0,1177.0,-10080.0,10.0,-2487.0,-1750.0,-2641.0,1000.0,-4463.0,11.0,62.0,3.0,36.0,264.0,291.0,39.0,4706.0,2515.0,1776.0,479.0,370.0,328.0,0.0,0.0,2047.0,7.0,2024-08-13 20:30:00,2024-08-13,8.0
13/08/2024,21:00,43791.0,44300.0,43900.0,76.0,19.0,628.0,41534.0,1948.0,162.0,8911.0,-14.0,1181.0,-10590.0,10.0,-2894.0,-1750.0,-2641.0,1200.0,-4452.0,11.0,62.0,3.0,36.0,264.0,290.0,38.0,4753.0,2365.0,1793.0,480.0,375.0,326.0,0.0,0.0,1946.0,2.0,2024-08-13 21:00:00,2024-08-13,8.0
13/08/2024,21:30,43802.0,44600.0,44200.0,76.0,19.0,614.0,41552.0,1810.0,8.0,8981.0,-14.0,1180.0,-10335.0,10.0,-2894.0,-1750.0,-2641.0,1200.0,-4164.0,11.0,62.0,3.0,37.0,260.0,279.0,38.0,4654.0,2458.0,1869.0,484.0,373.0,323.0,0.0,0.0,1804.0,6.0,2024-08-13 21:30:00,2024-08-13,8.0
13/08/2024,22:00,43500.0,44000.0,43600.0,76.0,19.0,613.0,41546.0,1664.0,1.0,8769.0,-14.0,1190.0,-10269.0,10.0,-2376.0,-1750.0,-2641.0,1200.0,-4157.0,11.0,62.0,3.0,38.0,260.0,277.0,38.0,4693.0,2170.0,1906.0,490.0,378.0,322.0,0.0,0.0,1623.0,41.0,2024-08-13 22:00:00,2024-08-13,8.0
13/08/2024,22:30,43773.0,44700.0,44400.0,76.0,19.0,622.0,41612.0,1585.0,0.0,8672.0,-14.0,1204.0,-9930.0,10.0,-2376.0,-1750.0,-2641.0,1200.0,-3712.0,11.0,62.0,4.0,38.0,260.0,285.0,38.0,4702.0,2215.0,1754.0,493.0,388.0,323.0,0.0,0.0,1479.0,106.0,2024-08-13 22:30:00,2024-08-13,8.0
13/08/2024,23:00,44676.0,46300.0,46000.0,76.0,19.0,621.0,41691.0,1482.0,0.0,9029.0,-14.0,1202.0,-9339.0,10.0,-1905.0,-1750.0,-2712.0,1200.0,-4826.0,11.0,62.0,4.0,38.0,260.0,285.0,37.0,4595.0,2664.0,1770.0,495.0,382.0,326.0,0.0,0.0,1358.0,124.0,2024-08-13 23:00:00,2024-08-13,8.0
13/08/2024,23:30,43574.0,44400.0,44300.0,76.0,19.0,622.0,41806.0,1624.0,0.0,8585.0,-14.0,1196.0,-10246.0,10.0,-1905.0,-1750.0,-2712.0,1200.0,-5004.0,11.0,62.0,4.0,39.0,261.0,286.0,38.0,4397.0,2526.0,1662.0,487.0,381.0,328.0,0.0,0.0,1455.0,168.0,2024-08-13 23:30:00,2024-08-13,8.0
17/09/2024,00:00,43970.0,42400.0,42500.0,84.0,15.0,449.0,39039.0,8452.0,0.0,5735.0,-14.0,1185.0,-10897.0,9.0,-2014.0,-1138.0,-2117.0,-2153.0,-5136.0,14.0,64.0,5.0,2.0,285.0,104.0,58.0,3440.0,1361.0,934.0,458.0,392.0,334.0,0.0,0.0,7702.0,750.0,2024-09-17 00:00:00,2024-09-17,9.0
17/09/2024,00:30,42557.0,40100.0,40400.0,83.0,45.0,442.0,38973.0,8702.0,0.0,5684.0,-14.0,1184.0,-12483.0,9.0,-2014.0,-1138.0,-2117.0,-2227.0,-5281.0,14.0,64.0,5.0,1.0,281.0,102.0,59.0,3344.0,1369.0,972.0,461.0,388.0,335.0,0.0,0.0,7867.0,835.0,2024-09-17 00:30:00,2024-09-17,9.0
17/09/2024,01:00,39925.0,38700.0,38100.0,84.0,180.0,446.0,38227.0,8676.0,0.0,4440.0,-274.0,1176.0,-12952.0,12.0,-2014.0,-840.0,-2117.0,-2224.0,-5102.0,14.0,64.0,5.0,1.0,282.0,105.0,59.0,3280.0,1058.0,101.0,455.0,388.0,334.0,0.0,0.0,7870.0,805.0,2024-09-17 01:00:00,2024-09-17,9.0
17/09/2024,01:30,39198.0,38300.0,38100.0,83.0,189.0,400.0,37740.0,8591.0,0.0,4265.0,-674.0,1171.0,-12494.0,12.0,-2014.0,-840.0,-2117.0,-2227.0,-5102.0,14.0,64.0,5.0,1.0,281.0,60.0,59.0,3181.0,1005.0,79.0,452.0,385.0,334.0,0.0,0.0,7749.0,842.0,2024-09-17 01:30:00,2024-09-17,9.0
17/09/2024,02:00,38677.0,38500.0,37800.0,83.0,232.0,392.0,37475.0,8547.0,0.0,4332.0,-986.0,1176.0,-12500.0,13.0,-2014.0,-233.0,-2117.0,-2227.0,-5822.0,14.0,64.0,5.0,1.0,280.0,52.0,59.0,3137.0,1111.0,85.0,458.0,388.0,331.0,0.0,0.0,7720.0,827.0,2024-09-17 02:00:00,2024-09-17,9.0
17/09/2024,02:30,38363.0,37300.0,37000.0,83.0,285.0,424.0,37442.0,8499.0,0.0,4238.0,-1077.0,1168.0,-12621.0,14.0,-2014.0,-233.0,-2117.0,-2225.0,-5822.0,14.0,64.0,5.0,1.0,279.0,87.0,57.0,3042.0,1097.0,98.0,455.0,384.0,329.0,0.0,0.0,7722.0,777.0,2024-09-17 02:30:00,2024-09-17,9.0
17/09/2024,03:00,37077.0,36500.0,35800.0,84.0,389.0,445.0,37059.0,8404.0,0.0,3928.0,-1588.0,1162.0,-12725.0,17.0,-2014.0,-123.0,-2112.0,-2227.0,-6832.0,14.0,64.0,5.0,1.0,288.0,99.0,57.0,2962.0,888.0,78.0,457.0,376.0,329.0,0.0,0.0,7653.0,750.0,2024-09-17 03:00:00,2024-09-17,9.0
17/09/2024,03:30,36414.0,35500.0,35000.0,84.0,437.0,449.0,37122.0,8498.0,0.0,3922.0,-1720.0,1166.0,-13469.0,18.0,-2014.0,-123.0,-2112.0,-2227.0,-6832.0,14.0,64.0,6.0,1.0,290.0,100.0,58.0,2805.0,1018.0,99.0,459.0,382.0,326.0,0.0,0.0,7720.0,779.0,2024-09-17 03:30:00,2024-09-17,9.0
17/09/2024,04:00,35699.0,35100.0,34500.0,84.0,477.0,451.0,36677.0,8624.0,0.0,3680.0,-1965.0,1180.0,-13434.0,19.0,-2014.0,-510.0,-2117.0,-2227.0,-6637.0,14.0,64.0,6.0,1.0,291.0,99.0,59.0,2739.0,837.0,104.0,468.0,388.0,324.0,0.0,0.0,7817.0,806.0,2024-09-17 04:00:00,2024-09-17,9.0
17/09/2024,04:30,35454.0,35100.0,34500.0,84.0,464.0,451.0,36731.0,8610.0,0.0,3437.0,-2068.0,1180.0,-13359.0,19.0,-2014.0,-510.0,-2117.0,-2227.0,-6637.0,14.0,64.0,5.0,1.0,291.0,99.0,59.0,2675.0,656.0,107.0,472.0,384.0,324.0,0.0,0.0,7827.0,783.0,2024-09-17 04:30:00,2024-09-17,9.0
17/09/2024,05:00,35481.0,35800.0,34800.0,84.0,464.0,451.0,36772.0,8748.0,0.0,3415.0,-2067.0,1183.0,-13496.0,19.0,-2014.0,-667.0,-2117.0,-2227.0,-4880.0,14.0,64.0,6.0,1.0,291.0,100.0,59.0,2645.0,648.0,123.0,471.0,390.0,322.0,0.0,0.0,7950.0,797.0,2024-09-17 05:00:00,2024-09-17,9.0
17/09/2024,05:30,36548.0,37200.0,36100.0,84.0,464.0,450.0,36438.0,8833.0,0.0,3220.0,-1645.0,1188.0,-12385.0,19.0,-2014.0,-667.0,-2117.0,-2227.0,-4877.0,14.0,64.0,6.0,1.0,290.0,100.0,59.0,2649.0,503.0,69.0,473.0,393.0,322.0,0.0,0.0,8049.0,784.0,2024-09-17 05:30:00,2024-09-17,9.0
17/09/2024,06:00,37826.0,38800.0,37900.0,83.0,463.0,451.0,36574.0,8882.0,0.0,3283.0,-828.0,1170.0,-12170.0,19.0,-2014.0,-703.0,-2059.0,-2227.0,-4241.0,15.0,64.0,5.0,1.0,291.0,100.0,59.0,2692.0,520.0,71.0,473.0,374.0,323.0,0.0,0.0,8084.0,798.0,2024-09-17 06:00:00,2024-09-17,9.0
17/09/2024,06:30,40485.0,41400.0,41100.0,84.0,464.0,448.0,37258.0,9008.0,0.0,3932.0,-380.0,1162.0,-11417.0,18.0,-2014.0,-703.0,-2059.0,-2227.0,-4264.0,15.0,64.0,5.0,1.0,291.0,99.0,58.0,2759.0,844.0,329.0,469.0,370.0,323.0,0.0,0.0,8210.0,798.0,2024-09-17 06:30:00,2024-09-17,9.0
17/09/2024,07:00,43076.0,44200.0,43400.0,84.0,465.0,449.0,37869.0,8877.0,0.0,5537.0,-16.0,1151.0,-11283.0,17.0,-2014.0,499.0,-2109.0,-2227.0,-4691.0,15.0,64.0,6.0,1.0,291.0,101.0,56.0,2850.0,1263.0,1424.0,468.0,361.0,323.0,0.0,0.0,8051.0,827.0,2024-09-17 07:00:00,2024-09-17,9.0
17/09/2024,07:30,45654.0,45800.0,45000.0,84.0,464.0,450.0,37963.0,9119.0,5.0,7057.0,-13.0,1175.0,-10592.0,16.0,-2014.0,499.0,-2109.0,-2227.0,-4700.0,15.0,64.0,5.0,1.0,290.0,101.0,58.0,3139.0,1435.0,2483.0,469.0,382.0,325.0,0.0,0.0,8244.0,875.0,2024-09-17 07:30:00,2024-09-17,9.0
17/09/2024,08:00,46711.0,46700.0,46000.0,84.0,464.0,458.0,38278.0,9169.0,148.0,7413.0,-13.0,1181.0,-10425.0,16.0,-2014.0,500.0,-2200.0,-2188.0,-4729.0,15.0,64.0,6.0,1.0,293.0,102.0,62.0,3262.0,1667.0,2484.0,467.0,388.0,325.0,0.0,0.0,8307.0,862.0,2024-09-17 08:00:00,2024-09-17,9.0
17/09/2024,08:30,47957.0,47800.0,46600.0,84.0,481.0,481.0,39003.0,9187.0,791.0,7644.0,-40.0,1174.0,-10760.0,16.0,-2014.0,500.0,-2200.0,-2188.0,-4720.0,14.0,64.0,6.0,4.0,308.0,103.0,67.0,3453.0,1710.0,2481.0,468.0,380.0,325.0,0.0,0.0,8288.0,898.0,2024-09-17 08:30:00,2024-09-17,9.0
17/09/2024,09:00,48546.0,48200.0,47400.0,85.0,493.0,481.0,39114.0,9033.0,2021.0,6603.0,-56.0,1171.0,-10322.0,16.0,-2014.0,500.0,-2103.0,-2227.0,-5174.0,14.0,64.0,7.0,4.0,308.0,102.0,67.0,3440.0,1412.0,1751.0,469.0,377.0,326.0,0.0,0.0,8176.0,857.0,2024-09-17 09:00:00,2024-09-17,9.0
17/09/2024,09:30,49169.0,48800.0,47600.0,84.0,493.0,483.0,38804.0,9067.0,3571.0,5917.0,-22.0,1166.0,-10315.0,16.0,-2014.0,500.0,-2103.0,-2227.0,-5218.0,14.0,64.0,7.0,4.0,306.0,103.0,70.0,3158.0,1622.0,1137.0,463.0,378.0,325.0,0.0,0.0,8138.0,929.0,2024-09-17 09:30:00,2024-09-17,9.0
17/09/2024,10:00,49778.0,48200.0,47800.0,85.0,494.0,488.0,38483.0,9386.0,5194.0,5354.0,-17.0,1170.0,-10776.0,16.0,-2014.0,68.0,-2103.0,-2227.0,-5421.0,14.0,64.0,7.0,4.0,309.0,102.0,73.0,2986.0,1356.0,1011.0,468.0,378.0,324.0,0.0,0.0,8407.0,978.0,2024-09-17 10:00:00,2024-09-17,9.0
17/09/2024,10:30,50092.0,47700.0,48600.0,85.0,493.0,487.0,38183.0,9749.0,6593.0,5155.0,-341.0,1164.0,-11402.0,16.0,-2014.0,68.0,-2103.0,-2227.0,-5421.0,14.0,64.0,7.0,4.0,315.0,100.0,68.0,3004.0,1201.0,950.0,462.0,378.0,325.0,0.0,0.0,8796.0,953.0,2024-09-17 10:30:00,2024-09-17,9.0
17/09/2024,11:00,50492.0,47300.0,49100.0,87.0,494.0,481.0,38109.0,10442.0,7869.0,4289.0,-609.0,1143.0,-11725.0,15.0,-2014.0,500.0,-2103.0,-2154.0,-4756.0,14.0,64.0,9.0,4.0,315.0,99.0,63.0,2899.0,726.0,665.0,453.0,367.0,323.0,0.0,0.0,9629.0,813.0,2024-09-17 11:00:00,2024-09-17,9.0
17/09/2024,11:30,50933.0,48000.0,49300.0,86.0,494.0,476.0,37502.0,10946.0,8882.0,3636.0,-931.0,1144.0,-11223.0,15.0,-2014.0,500.0,-2103.0,-2154.0,-4756.0,14.0,64.0,9.0,5.0,314.0,99.0,58.0,2881.0,484.0,271.0,456.0,362.0,326.0,0.0,0.0,10149.0,797.0,2024-09-17 11:30:00,2024-09-17,9.0
17/09/2024,12:00,51508.0,49200.0,49800.0,85.0,493.0,474.0,36725.0,11340.0,9681.0,3722.0,-1381.0,1146.0,-10703.0,15.0,-2014.0,500.0,-1843.0,-2069.0,-4475.0,14.0,64.0,7.0,8.0,311.0,102.0,54.0,2888.0,519.0,315.0,456.0,362.0,327.0,0.0,0.0,10568.0,772.0,2024-09-17 12:00:00,2024-09-17,9.0
17/09/2024,12:30,51836.0,48200.0,49200.0,84.0,519.0,466.0,36593.0,11328.0,10186.0,3569.0,-1666.0,1147.0,-10317.0,16.0,-2014.0,500.0,-1843.0,-2069.0,-4332.0,14.0,64.0,7.0,5.0,305.0,100.0,56.0,2759.0,541.0,269.0,453.0,366.0,328.0,0.0,0.0,10614.0,714.0,2024-09-17 12:30:00,2024-09-17,9.0
17/09/2024,13:00,52029.0,49900.0,50200.0,84.0,583.0,477.0,36022.0,11265.0,10458.0,3626.0,-1670.0,1146.0,-9890.0,17.0,-2014.0,-1018.0,-1843.0,-2227.0,-3498.0,13.0,64.0,7.0,7.0,310.0,102.0,58.0,2737.0,611.0,278.0,452.0,366.0,327.0,0.0,0.0,10576.0,689.0,2024-09-17 13:00:00,2024-09-17,9.0
17/09/2024,13:30,51087.0,47300.0,48200.0,84.0,586.0,475.0,35705.0,11412.0,10577.0,3361.0,-1674.0,1162.0,-10532.0,17.0,-2014.0,-1018.0,-1843.0,-2227.0,-3500.0,13.0,63.0,7.0,8.0,309.0,102.0,56.0,2643.0,439.0,279.0,456.0,376.0,329.0,0.0,0.0,10698.0,714.0,2024-09-17 13:30:00,2024-09-17,9.0
17/09/2024,14:00,50328.0,46600.0,47600.0,85.0,587.0,476.0,34450.0,11556.0,10722.0,3315.0,-1670.0,1170.0,-10281.0,17.0,-2014.0,-1193.0,-1843.0,-2227.0,-3006.0,13.0,64.0,8.0,8.0,309.0,102.0,56.0,2592.0,443.0,281.0,457.0,383.0,330.0,0.0,0.0,10924.0,631.0,2024-09-17 14:00:00,2024-09-17,9.0
17/09/2024,14:30,49781.0,45700.0,46900.0,86.0,587.0,461.0,33629.0,11677.0,10656.0,3047.0,-1665.0,1176.0,-9805.0,18.0,-2014.0,-1193.0,-1843.0,-2227.0,-3006.0,13.0,63.0,9.0,8.0,297.0,103.0,53.0,2590.0,448.0,9.0,459.0,386.0,331.0,0.0,0.0,11031.0,646.0,2024-09-17 14:30:00,2024-09-17,9.0
17/09/2024,15:00,48925.0,45600.0,46000.0,86.0,468.0,458.0,32671.0,11971.0,10502.0,3051.0,-1916.0,1160.0,-9445.0,16.0,-2014.0,-946.0,-1990.0,-2227.0,-3278.0,13.0,63.0,9.0,8.0,296.0,105.0,50.0,2572.0,473.0,6.0,444.0,385.0,331.0,0.0,0.0,11300.0,671.0,2024-09-17 15:00:00,2024-09-17,9.0
17/09/2024,15:30,48218.0,45000.0,45700.0,86.0,205.0,464.0,32548.0,12318.0,9971.0,3015.0,-2015.0,1152.0,-9453.0,11.0,-2014.0,-946.0,-1990.0,-2227.0,-3278.0,13.0,63.0,10.0,8.0,298.0,108.0,50.0,2568.0,441.0,6.0,443.0,380.0,329.0,0.0,0.0,11377.0,940.0,2024-09-17 15:30:00,2024-09-17,9.0
17/09/2024,16:00,47379.0,44700.0,45000.0,82.0,12.0,460.0,32781.0,12481.0,9214.0,2983.0,-2008.0,1125.0,-9687.0,8.0,-2014.0,240.0,-1990.0,-2227.0,-4429.0,13.0,59.0,10.0,8.0,301.0,100.0,52.0,2537.0,440.0,6.0,447.0,356.0,322.0,0.0,0.0,11506.0,976.0,2024-09-17 16:00:00,2024-09-17,9.0
17/09/2024,16:30,46613.0,44000.0,44500.0,75.0,9.0,461.0,32775.0,12593.0,8180.0,2888.0,-2011.0,1134.0,-9411.0,8.0,-2014.0,240.0,-1990.0,-2227.0,-4429.0,13.0,54.0,9.0,8.0,295.0,105.0,53.0,2480.0,402.0,6.0,452.0,357.0,324.0,0.0,0.0,11519.0,1074.0,2024-09-17 16:30:00,2024-09-17,9.0
17/09/2024,17:00,45979.0,44000.0,44300.0,77.0,9.0,458.0,33528.0,12717.0,7058.0,2993.0,-1848.0,1141.0,-10081.0,8.0,-2014.0,500.0,-1990.0,-2227.0,-4921.0,15.0,54.0,8.0,8.0,294.0,103.0,53.0,2438.0,549.0,6.0,450.0,362.0,329.0,0.0,0.0,11626.0,1091.0,2024-09-17 17:00:00,2024-09-17,9.0
17/09/2024,17:30,45667.0,44200.0,44600.0,77.0,9.0,460.0,34201.0,12789.0,5680.0,2903.0,-1406.0,1133.0,-10099.0,8.0,-2014.0,500.0,-1990.0,-2227.0,-4990.0,14.0,54.0,10.0,8.0,298.0,98.0,56.0,2503.0,394.0,6.0,447.0,353.0,332.0,0.0,0.0,11661.0,1128.0,2024-09-17 17:30:00,2024-09-17,9.0
17/09/2024,18:00,45991.0,45100.0,45400.0,74.0,9.0,458.0,35989.0,12895.0,4294.0,3395.0,-1293.0,1136.0,-10895.0,8.0,-2014.0,500.0,-1946.0,-2227.0,-4122.0,14.0,54.0,7.0,7.0,294.0,101.0,57.0,2572.0,390.0,433.0,449.0,355.0,333.0,0.0,0.0,11740.0,1154.0,2024-09-17 18:00:00,2024-09-17,9.0
17/09/2024,18:30,46796.0,46100.0,46300.0,73.0,11.0,460.0,36514.0,12722.0,2957.0,4001.0,-816.0,1135.0,-10183.0,8.0,-2014.0,500.0,-1946.0,-2200.0,-4012.0,13.0,53.0,6.0,5.0,294.0,101.0,61.0,2844.0,705.0,452.0,450.0,353.0,332.0,0.0,0.0,11515.0,1207.0,2024-09-17 18:30:00,2024-09-17,9.0
17/09/2024,19:00,48027.0,47600.0,47700.0,73.0,12.0,462.0,37677.0,12048.0,1660.0,4920.0,-14.0,1132.0,-9881.0,8.0,-2014.0,473.0,-1946.0,-2227.0,-3867.0,13.0,53.0,6.0,4.0,294.0,102.0,63.0,2963.0,1192.0,765.0,446.0,354.0,332.0,0.0,0.0,10835.0,1213.0,2024-09-17 19:00:00,2024-09-17,9.0
17/09/2024,19:30,48868.0,48100.0,48100.0,73.0,10.0,463.0,38112.0,11309.0,698.0,6553.0,-14.0,1124.0,-9386.0,8.0,-2014.0,473.0,-1946.0,-2227.0,-3867.0,13.0,53.0,6.0,4.0,294.0,102.0,63.0,3346.0,1791.0,1416.0,437.0,354.0,333.0,0.0,0.0,10086.0,1223.0,2024-09-17 19:30:00,2024-09-17,9.0
17/09/2024,20:00,48775.0,47200.0,47800.0,73.0,10.0,463.0,38387.0,10978.0,153.0,7668.0,-13.0,1128.0,-10003.0,8.0,-2014.0,-97.0,-1813.0,-2227.0,-4675.0,14.0,53.0,7.0,4.0,294.0,101.0,64.0,3425.0,2228.0,2014.0,438.0,358.0,333.0,0.0,0.0,9749.0,1228.0,2024-09-17 20:00:00,2024-09-17,9.0
17/09/2024,20:30,48488.0,46900.0,47300.0,73.0,10.0,444.0,38461.0,10857.0,10.0,8564.0,-14.0,1147.0,-10991.0,8.0,-2014.0,-97.0,-1813.0,-2212.0,-4677.0,14.0,53.0,6.0,1.0,286.0,102.0,54.0,3646.0,2383.0,2535.0,452.0,361.0,333.0,0.0,0.0,9630.0,1227.0,2024-09-17 20:30:00,2024-09-17,9.0
17/09/2024,21:00,47261.0,45600.0,45900.0,73.0,10.0,440.0,38263.0,10938.0,3.0,7599.0,-56.0,1153.0,-11086.0,8.0,-2014.0,-680.0,-2117.0,-2227.0,-4823.0,14.0,53.0,6.0,1.0,285.0,102.0,53.0,3529.0,1974.0,2096.0,458.0,360.0,335.0,0.0,0.0,9712.0,1226.0,2024-09-17 21:00:00,2024-09-17,9.0
17/09/2024,21:30,45922.0,44400.0,44500.0,73.0,10.0,442.0,38314.0,11133.0,3.0,7064.0,-62.0,1157.0,-12123.0,8.0,-2014.0,-680.0,-2117.0,-2227.0,-4909.0,14.0,53.0,6.0,1.0,285.0,103.0,53.0,3236.0,1634.0,2195.0,460.0,362.0,336.0,0.0,0.0,9916.0,1217.0,2024-09-17 21:30:00,2024-09-17,9.0
17/09/2024,22:00,44533.0,43000.0,42900.0,74.0,10.0,439.0,38003.0,11336.0,2.0,6222.0,-13.0,1164.0,-12601.0,8.0,-2014.0,-134.0,-2065.0,-2227.0,-5969.0,14.0,54.0,6.0,1.0,285.0,103.0,50.0,3162.0,1374.0,1686.0,465.0,362.0,337.0,0.0,0.0,10112.0,1224.0,2024-09-17 22:00:00,2024-09-17,9.0
17/09/2024,22:30,44761.0,44100.0,43900.0,75.0,10.0,442.0,38284.0,11102.0,2.0,6736.0,-13.0,1159.0,-12961.0,8.0,-2014.0,-134.0,-2065.0,-2227.0,-5710.0,14.0,53.0,7.0,1.0,287.0,103.0,51.0,3201.0,1582.0,1953.0,466.0,357.0,336.0,0.0,0.0,9886.0,1216.0,2024-09-17 22:30:00,2024-09-17,9.0
17/09/2024,23:00,45681.0,45200.0,44800.0,75.0,10.0,443.0,38482.0,10893.0,2.0,7073.0,-14.0,1183.0,-12388.0,8.0,-2013.0,-550.0,-1864.0,-2227.0,-6251.0,15.0,53.0,7.0,1.0,290.0,101.0,51.0,3294.0,1515.0,2263.0,470.0,376.0,337.0,0.0,0.0,9695.0,1197.0,2024-09-17 23:00:00,2024-09-17,9.0
17/09/2024,23:30,44778.0,43900.0,43600.0,76.0,11.0,442.0,38628.0,10664.0,2.0,6910.0,-14.0,1184.0,-13055.0,8.0,-2013.0,-550.0,-1864.0,-2227.0,-6279.0,15.0,54.0,7.0,1.0,291.0,99.0,51.0,3299.0,1532.0,2078.0,463.0,384.0,338.0,0.0,0.0,9484.0,1180.0,2024-09-17 23:30:00,2024-09-17,9.0
04/10/2024,00:00,47271.0,45600.0,45400.0,77.0,5.0,823.0,39358.0,6423.0,0.0,9801.0,-34.0,1040.0,-10152.0,10.0,-1000.0,-2000.0,-1700.0,-1968.0,-4321.0,14.0,59.0,4.0,5.0,352.0,424.0,42.0,5748.0,3044.0,1008.0,387.0,313.0,340.0,0.0,0.0,6157.0,266.0,2024-10-04 00:00:00,2024-10-04,10.0
04/10/2024,00:30,46082.0,43700.0,43700.0,78.0,10.0,738.0,39556.0,6290.0,0.0,9610.0,-41.0,1044.0,-11145.0,9.0,-1000.0,-2000.0,-1700.0,-1968.0,-5042.0,14.0,59.0,4.0,4.0,293.0,402.0,38.0,5738.0,3098.0,774.0,392.0,313.0,339.0,0.0,0.0,6024.0,266.0,2024-10-04 00:30:00,2024-10-04,10.0
04/10/2024,01:00,43510.0,41500.0,41800.0,78.0,10.0,677.0,39207.0,6046.0,0.0,8807.0,-311.0,1049.0,-11980.0,9.0,-900.0,-2000.0,-1700.0,-2293.0,-4924.0,14.0,59.0,4.0,5.0,280.0,355.0,38.0,5630.0,2601.0,576.0,394.0,315.0,340.0,0.0,0.0,5785.0,261.0,2024-10-04 01:00:00,2024-10-04,10.0
04/10/2024,01:30,42800.0,41900.0,42400.0,77.0,10.0,678.0,39363.0,5711.0,0.0,8729.0,-714.0,1051.0,-12061.0,9.0,-900.0,-2000.0,-1700.0,-2293.0,-5111.0,14.0,59.0,4.0,5.0,280.0,356.0,38.0,5595.0,2550.0,583.0,397.0,316.0,338.0,0.0,0.0,5416.0,296.0,2024-10-04 01:30:00,2024-10-04,10.0
04/10/2024,02:00,42196.0,42000.0,41500.0,77.0,11.0,675.0,39332.0,5366.0,0.0,8535.0,-723.0,1048.0,-12077.0,9.0,-1000.0,-2000.0,-1700.0,-2352.0,-5127.0,14.0,59.0,4.0,5.0,280.0,352.0,38.0,5480.0,2393.0,663.0,395.0,315.0,337.0,0.0,0.0,5111.0,255.0,2024-10-04 02:00:00,2024-10-04,10.0
04/10/2024,02:30,41873.0,40800.0,40500.0,77.0,11.0,684.0,39546.0,5155.0,0.0,8289.0,-806.0,1053.0,-12084.0,10.0,-1000.0,-2000.0,-1700.0,-2352.0,-5321.0,14.0,59.0,4.0,5.0,280.0,361.0,38.0,5443.0,2255.0,591.0,396.0,319.0,338.0,0.0,0.0,4947.0,208.0,2024-10-04 02:30:00,2024-10-04,10.0
04/10/2024,03:00,40638.0,39800.0,39500.0,77.0,12.0,631.0,39404.0,5033.0,0.0,7899.0,-1000.0,1069.0,-12432.0,10.0,-1000.0,-2000.0,-1682.0,-2385.0,-5865.0,15.0,59.0,4.0,5.0,280.0,308.0,38.0,5337.0,2031.0,531.0,413.0,319.0,338.0,0.0,0.0,4842.0,190.0,2024-10-04 03:00:00,2024-10-04,10.0
04/10/2024,03:30,39863.0,39100.0,38500.0,78.0,12.0,705.0,39371.0,4960.0,0.0,7875.0,-1151.0,1063.0,-12994.0,10.0,-1000.0,-2000.0,-1682.0,-2385.0,-6005.0,15.0,59.0,4.0,5.0,280.0,382.0,38.0,5298.0,2044.0,533.0,407.0,319.0,337.0,0.0,0.0,4778.0,182.0,2024-10-04 03:30:00,2024-10-04,10.0
04/10/2024,04:00,39178.0,38400.0,38400.0,78.0,12.0,784.0,39270.0,4741.0,0.0,7617.0,-1310.0,1056.0,-13014.0,11.0,-1000.0,-1200.0,-1700.0,-2385.0,-6899.0,15.0,59.0,4.0,5.0,282.0,460.0,38.0,5278.0,2021.0,319.0,407.0,313.0,336.0,0.0,0.0,4574.0,167.0,2024-10-04 04:00:00,2024-10-04,10.0
04/10/2024,04:30,39012.0,38000.0,38200.0,78.0,12.0,929.0,39538.0,4532.0,0.0,7652.0,-1415.0,1050.0,-13313.0,12.0,-1000.0,-1200.0,-1700.0,-2385.0,-7017.0,15.0,59.0,4.0,5.0,288.0,598.0,38.0,5275.0,2059.0,317.0,411.0,302.0,338.0,0.0,0.0,4373.0,159.0,2024-10-04 04:30:00,2024-10-04,10.0
04/10/2024,05:00,39137.0,38900.0,39100.0,78.0,12.0,1061.0,39657.0,4345.0,0.0,7622.0,-1415.0,1048.0,-13217.0,13.0,-985.0,-1200.0,-1700.0,-2385.0,-6814.0,15.0,59.0,4.0,5.0,288.0,730.0,38.0,5204.0,2101.0,317.0,409.0,302.0,337.0,0.0,0.0,4177.0,168.0,2024-10-04 05:00:00,2024-10-04,10.0
04/10/2024,05:30,40382.0,40000.0,40100.0,78.0,12.0,1389.0,39585.0,4231.0,0.0,7923.0,-808.0,1044.0,-13013.0,14.0,-985.0,-1200.0,-1700.0,-2385.0,-6804.0,15.0,59.0,4.0,5.0,289.0,1057.0,38.0,5186.0,2260.0,477.0,406.0,301.0,337.0,0.0,0.0,4056.0,175.0,2024-10-04 05:30:00,2024-10-04,10.0
04/10/2024,06:00,41813.0,42200.0,42600.0,77.0,12.0,1753.0,39633.0,4132.0,0.0,8531.0,-93.0,1035.0,-13213.0,16.0,-804.0,-1005.0,-1700.0,-2385.0,-5561.0,15.0,59.0,4.0,5.0,306.0,1404.0,39.0,5238.0,2676.0,617.0,401.0,298.0,336.0,0.0,0.0,3989.0,142.0,2024-10-04 06:00:00,2024-10-04,10.0
04/10/2024,06:30,44800.0,45000.0,45300.0,75.0,12.0,2454.0,39731.0,4072.0,0.0,9188.0,-4.0,1031.0,-11699.0,20.0,-804.0,-1005.0,-1700.0,-2385.0,-5251.0,15.0,57.0,3.0,5.0,373.0,2032.0,45.0,5375.0,2940.0,873.0,398.0,298.0,334.0,0.0,0.0,3942.0,130.0,2024-10-04 06:30:00,2024-10-04,10.0
04/10/2024,07:00,47506.0,48200.0,48500.0,75.0,12.0,2727.0,39930.0,4149.0,0.0,10678.0,-4.0,1033.0,-11034.0,21.0,-295.0,-328.0,-1700.0,-2297.0,-4281.0,15.0,57.0,3.0,5.0,381.0,2297.0,44.0,5513.0,3379.0,1786.0,399.0,300.0,333.0,0.0,0.0,4047.0,102.0,2024-10-04 07:00:00,2024-10-04,10.0
04/10/2024,07:30,50692.0,50300.0,50900.0,75.0,12.0,3274.0,39898.0,4207.0,0.0,11409.0,-4.0,1040.0,-9166.0,24.0,-295.0,-328.0,-1700.0,-2297.0,-4230.0,14.0,57.0,3.0,12.0,405.0,2805.0,52.0,5672.0,3834.0,1902.0,400.0,304.0,336.0,0.0,0.0,4116.0,92.0,2024-10-04 07:30:00,2024-10-04,10.0
04/10/2024,08:00,52278.0,51300.0,51700.0,156.0,12.0,3684.0,40057.0,4142.0,15.0,12168.0,-5.0,1018.0,-8915.0,27.0,-758.0,395.0,-1588.0,-1821.0,-3938.0,96.0,57.0,3.0,277.0,409.0,2945.0,54.0,5832.0,4036.0,2301.0,397.0,286.0,334.0,0.0,0.0,4049.0,93.0,2024-10-04 08:00:00,2024-10-04,10.0
04/10/2024,08:30,53162.0,52200.0,52500.0,203.0,12.0,3695.0,40101.0,4003.0,302.0,12130.0,-5.0,1012.0,-8245.0,28.0,-758.0,395.0,-1588.0,-1821.0,-3736.0,143.0,57.0,3.0,369.0,425.0,2827.0,74.0,5830.0,4038.0,2262.0,395.0,282.0,336.0,0.0,0.0,3918.0,84.0,2024-10-04 08:30:00,2024-10-04,10.0
04/10/2024,09:00,53949.0,52900.0,52800.0,202.0,12.0,3673.0,40032.0,3752.0,1243.0,11577.0,-5.0,1017.0,-7499.0,28.0,-874.0,479.0,-1714.0,-2385.0,-3849.0,142.0,57.0,3.0,377.0,456.0,2766.0,74.0,5740.0,3832.0,2005.0,398.0,287.0,332.0,0.0,0.0,3662.0,90.0,2024-10-04 09:00:00,2024-10-04,10.0
04/10/2024,09:30,54319.0,53300.0,53400.0,202.0,12.0,3743.0,40006.0,3411.0,2720.0,11616.0,-39.0,1015.0,-8307.0,28.0,-874.0,479.0,-1714.0,-2385.0,-3986.0,142.0,57.0,3.0,381.0,470.0,2816.0,76.0,5712.0,3926.0,1978.0,392.0,294.0,329.0,0.0,0.0,3311.0,100.0,2024-10-04 09:30:00,2024-10-04,10.0
04/10/2024,10:00,54233.0,52900.0,53100.0,202.0,14.0,3702.0,39858.0,2869.0,4384.0,10413.0,-65.0,1008.0,-8088.0,28.0,-999.0,1156.0,-1714.0,-2251.0,-4464.0,141.0,57.0,4.0,404.0,444.0,2775.0,78.0,5586.0,3565.0,1261.0,390.0,289.0,329.0,0.0,0.0,2759.0,110.0,2024-10-04 10:00:00,2024-10-04,10.0
04/10/2024,10:30,54101.0,52600.0,52900.0,162.0,14.0,3704.0,39888.0,2383.0,6143.0,9543.0,-66.0,1025.0,-8633.0,27.0,-999.0,1156.0,-1714.0,-2254.0,-4122.0,99.0,57.0,7.0,380.0,435.0,2802.0,87.0,5568.0,3328.0,647.0,391.0,303.0,330.0,0.0,0.0,2274.0,109.0,2024-10-04 10:30:00,2024-10-04,10.0
04/10/2024,11:00,53957.0,52600.0,52700.0,80.0,14.0,3189.0,39783.0,2153.0,7861.0,8455.0,-42.0,1038.0,-8496.0,23.0,-1000.0,1200.0,-1689.0,-2384.0,-5787.0,15.0,59.0,7.0,86.0,419.0,2594.0,90.0,5433.0,2737.0,285.0,398.0,304.0,336.0,0.0,0.0,2056.0,97.0,2024-10-04 11:00:00,2024-10-04,10.0
04/10/2024,11:30,54056.0,52100.0,52500.0,79.0,14.0,3002.0,39949.0,2104.0,9486.0,8627.0,-16.0,1045.0,-10166.0,21.0,-1000.0,1200.0,-1689.0,-2384.0,-5988.0,15.0,60.0,5.0,21.0,382.0,2508.0,90.0,5405.0,3050.0,172.0,406.0,300.0,339.0,0.0,0.0,2028.0,76.0,2024-10-04 11:30:00,2024-10-04,10.0
04/10/2024,12:00,54337.0,53000.0,53200.0,80.0,15.0,1607.0,40334.0,2112.0,11036.0,8559.0,-385.0,1050.0,-10015.0,13.0,-1000.0,1704.0,-1494.0,-2384.0,-6269.0,14.0,60.0,6.0,21.0,348.0,1143.0,95.0,5388.0,3079.0,92.0,409.0,298.0,343.0,0.0,0.0,2060.0,52.0,2024-10-04 12:00:00,2024-10-04,10.0
04/10/2024,12:30,54672.0,52100.0,52500.0,79.0,15.0,1056.0,40568.0,2209.0,12300.0,8104.0,-785.0,1054.0,-9881.0,10.0,-1000.0,1704.0,-1494.0,-1884.0,-6183.0,14.0,59.0,6.0,9.0,324.0,639.0,84.0,5299.0,2335.0,470.0,413.0,301.0,339.0,0.0,0.0,2168.0,40.0,2024-10-04 12:30:00,2024-10-04,10.0
04/10/2024,13:00,55198.0,53100.0,53900.0,79.0,15.0,1044.0,40385.0,2394.0,13172.0,7787.0,-1058.0,1058.0,-9604.0,10.0,-1000.0,1175.0,-1100.0,-1884.0,-6703.0,14.0,58.0,6.0,9.0,318.0,636.0,82.0,5312.0,2013.0,461.0,417.0,301.0,340.0,0.0,0.0,2352.0,42.0,2024-10-04 13:00:00,2024-10-04,10.0
04/10/2024,13:30,53919.0,50400.0,51700.0,79.0,15.0,1000.0,40490.0,2451.0,13602.0,6733.0,-1243.0,1060.0,-10206.0,10.0,-1000.0,1175.0,-1100.0,-1884.0,-6761.0,14.0,59.0,6.0,7.0,315.0,598.0,80.0,5220.0,1452.0,61.0,419.0,300.0,342.0,0.0,0.0,2383.0,68.0,2024-10-04 13:30:00,2024-10-04,10.0
04/10/2024,14:00,52788.0,49700.0,51400.0,78.0,15.0,832.0,39800.0,2428.0,13686.0,6416.0,-1544.0,1059.0,-9909.0,9.0,-1000.0,939.0,-900.0,-1884.0,-6973.0,14.0,58.0,6.0,4.0,317.0,433.0,78.0,5190.0,1170.0,56.0,415.0,300.0,344.0,0.0,0.0,2360.0,68.0,2024-10-04 14:00:00,2024-10-04,10.0
04/10/2024,14:30,51822.0,48200.0,50100.0,79.0,15.0,755.0,38730.0,2452.0,13467.0,6521.0,-1762.0,1064.0,-9475.0,9.0,-1000.0,939.0,-900.0,-1884.0,-7234.0,14.0,59.0,6.0,3.0,317.0,355.0,79.0,5148.0,1250.0,123.0,414.0,306.0,345.0,0.0,0.0,2430.0,22.0,2024-10-04 14:30:00,2024-10-04,10.0
04/10/2024,15:00,50809.0,47400.0,49200.0,78.0,15.0,722.0,38633.0,2397.0,12902.0,6518.0,-1770.0,1080.0,-9755.0,9.0,-1000.0,1200.0,-857.0,-1884.0,-7536.0,14.0,59.0,6.0,3.0,322.0,320.0,77.0,5101.0,1262.0,155.0,427.0,306.0,346.0,0.0,0.0,2397.0,0.0,2024-10-04 15:00:00,2024-10-04,10.0
04/10/2024,15:30,49866.0,46300.0,48200.0,79.0,14.0,672.0,38330.0,2357.0,12026.0,6238.0,-1761.0,1077.0,-9147.0,9.0,-1000.0,1200.0,-857.0,-1884.0,-7711.0,14.0,59.0,6.0,4.0,321.0,271.0,77.0,5022.0,1114.0,102.0,425.0,303.0,349.0,0.0,0.0,2345.0,12.0,2024-10-04 15:30:00,2024-10-04,10.0
04/10/2024,16:00,48805.0,45700.0,47300.0,79.0,14.0,674.0,38641.0,2310.0,10834.0,6420.0,-1582.0,1098.0,-9692.0,9.0,-1000.0,1200.0,-1332.0,-2184.0,-7437.0,14.0,60.0,6.0,4.0,324.0,272.0,74.0,5086.0,1191.0,143.0,431.0,317.0,350.0,0.0,0.0,2296.0,14.0,2024-10-04 16:00:00,2024-10-04,10.0
04/10/2024,16:30,47665.0,44900.0,46500.0,78.0,15.0,770.0,38466.0,2280.0,9474.0,6455.0,-1027.0,1086.0,-9867.0,10.0,-1000.0,1200.0,-1332.0,-2184.0,-7571.0,14.0,59.0,5.0,4.0,324.0,368.0,74.0,5080.0,1181.0,194.0,433.0,304.0,349.0,0.0,0.0,2273.0,7.0,2024-10-04 16:30:00,2024-10-04,10.0
04/10/2024,17:00,47175.0,44700.0,46300.0,78.0,15.0,738.0,39210.0,2226.0,7864.0,7544.0,-995.0,1065.0,-10485.0,10.0,-1000.0,1200.0,-1687.0,-2182.0,-6481.0,14.0,59.0,5.0,4.0,319.0,342.0,73.0,5064.0,1983.0,496.0,424.0,293.0,348.0,0.0,0.0,2219.0,6.0,2024-10-04 17:00:00,2024-10-04,10.0
04/10/2024,17:30,46992.0,45000.0,46600.0,78.0,15.0,814.0,40119.0,2194.0,6092.0,8044.0,-946.0,1070.0,-10410.0,10.0,-1000.0,1200.0,-1687.0,-1972.0,-6736.0,14.0,59.0,4.0,4.0,319.0,418.0,74.0,5360.0,2252.0,432.0,427.0,294.0,349.0,0.0,0.0,2175.0,18.0,2024-10-04 17:30:00,2024-10-04,10.0
04/10/2024,18:00,47243.0,46200.0,47800.0,78.0,15.0,1035.0,40575.0,2124.0,4272.0,8677.0,-79.0,1075.0,-10454.0,12.0,-1000.0,1200.0,-1700.0,-2043.0,-6210.0,14.0,60.0,4.0,9.0,323.0,627.0,76.0,5426.0,2679.0,571.0,424.0,298.0,353.0,0.0,0.0,2083.0,40.0,2024-10-04 18:00:00,2024-10-04,10.0
04/10/2024,18:30,48089.0,47200.0,48800.0,79.0,15.0,1849.0,40851.0,1903.0,2493.0,9972.0,-6.0,1066.0,-10070.0,16.0,-1000.0,1200.0,-1700.0,-2043.0,-6528.0,14.0,61.0,4.0,42.0,381.0,1341.0,85.0,5626.0,3264.0,1082.0,420.0,296.0,350.0,0.0,0.0,1859.0,45.0,2024-10-04 18:30:00,2024-10-04,10.0
04/10/2024,19:00,49331.0,48700.0,50300.0,79.0,15.0,2698.0,41005.0,1806.0,1029.0,12006.0,-4.0,1069.0,-10310.0,21.0,-689.0,981.0,-1700.0,-2380.0,-4739.0,14.0,61.0,3.0,43.0,385.0,2184.0,86.0,5942.0,4265.0,1798.0,423.0,297.0,349.0,0.0,0.0,1745.0,61.0,2024-10-04 19:00:00,2024-10-04,10.0
04/10/2024,19:30,50741.0,50300.0,51900.0,80.0,15.0,3068.0,41031.0,1785.0,211.0,12559.0,-4.0,1084.0,-9033.0,23.0,-689.0,981.0,-1700.0,-2380.0,-4207.0,14.0,62.0,3.0,10.0,387.0,2585.0,86.0,6151.0,4395.0,2012.0,436.0,299.0,349.0,0.0,0.0,1731.0,54.0,2024-10-04 19:30:00,2024-10-04,10.0
04/10/2024,20:00,51858.0,51500.0,53100.0,79.0,15.0,3106.0,41048.0,1819.0,5.0,12957.0,-4.0,1096.0,-8200.0,24.0,-928.0,-1750.0,-1698.0,-830.0,-3472.0,14.0,61.0,3.0,9.0,387.0,2625.0,86.0,6288.0,4428.0,2242.0,451.0,298.0,347.0,0.0,0.0,1758.0,62.0,2024-10-04 20:00:00,2024-10-04,10.0
04/10/2024,20:30,51112.0,49700.0,51300.0,80.0,15.0,2967.0,40981.0,2023.0,0.0,12916.0,-4.0,1112.0,-8913.0,23.0,-928.0,-1750.0,-1698.0,-738.0,-3169.0,14.0,62.0,3.0,9.0,364.0,2525.0,68.0,6282.0,4448.0,2186.0,465.0,298.0,349.0,0.0,0.0,1947.0,75.0,2024-10-04 20:30:00,2024-10-04,10.0
04/10/2024,21:00,49393.0,48200.0,49700.0,79.0,15.0,2847.0,40249.0,2245.0,0.0,12110.0,-4.0,1117.0,-9203.0,23.0,-933.0,-1750.0,-1682.0,-1027.0,-4843.0,14.0,61.0,3.0,9.0,362.0,2410.0,66.0,6162.0,4065.0,1883.0,470.0,297.0,350.0,0.0,0.0,2161.0,85.0,2024-10-04 21:00:00,2024-10-04,10.0
04/10/2024,21:30,48218.0,46800.0,48300.0,81.0,14.0,2854.0,40250.0,2411.0,0.0,12078.0,-19.0,1106.0,-10509.0,23.0,-933.0,-1750.0,-1682.0,-1164.0,-4996.0,15.0,63.0,3.0,6.0,362.0,2428.0,57.0,5982.0,4019.0,2078.0,461.0,295.0,350.0,0.0,0.0,2332.0,79.0,2024-10-04 21:30:00,2024-10-04,10.0
04/10/2024,22:00,47123.0,45700.0,47100.0,80.0,15.0,2847.0,40085.0,2530.0,0.0,11374.0,-60.0,1101.0,-10798.0,23.0,-50.0,-1750.0,-1392.0,-1404.0,-4517.0,15.0,62.0,3.0,6.0,366.0,2419.0,56.0,5956.0,3688.0,1730.0,461.0,290.0,350.0,0.0,0.0,2431.0,99.0,2024-10-04 22:00:00,2024-10-04,10.0
04/10/2024,22:30,47371.0,46100.0,47500.0,80.0,14.0,2838.0,39580.0,2783.0,0.0,10846.0,-60.0,1106.0,-9765.0,23.0,-50.0,-1750.0,-1392.0,-1344.0,-3405.0,15.0,62.0,3.0,6.0,362.0,2419.0,52.0,5864.0,3512.0,1470.0,463.0,292.0,351.0,0.0,0.0,2666.0,117.0,2024-10-04 22:30:00,2024-10-04,10.0
04/10/2024,23:00,48619.0,48000.0,49300.0,79.0,14.0,2548.0,38664.0,2918.0,0.0,11418.0,-47.0,1103.0,-8021.0,21.0,-380.0,-1750.0,-1606.0,-909.0,-2819.0,15.0,61.0,3.0,6.0,361.0,2130.0,52.0,5825.0,4016.0,1576.0,463.0,291.0,350.0,0.0,0.0,2771.0,147.0,2024-10-04 23:00:00,2024-10-04,10.0
04/10/2024,23:30,47964.0,47400.0,48600.0,79.0,14.0,2433.0,38277.0,2868.0,0.0,11044.0,-4.0,1106.0,-7795.0,21.0,-380.0,-1750.0,-1606.0,-909.0,-2753.0,15.0,61.0,3.0,6.0,361.0,2020.0,46.0,5810.0,3885.0,1348.0,463.0,294.0,349.0,0.0,0.0,2687.0,182.0,2024-10-04 23:30:00,2024-10-04,10.0
04/11/2024,00:00,47272.0,46500.0,46400.0,89.0,20.0,2855.0,44649.0,2541.0,0.0,6800.0,-6.0,1249.0,-10838.0,26.0,-1731.0,1.0,-3483.0,-2331.0,-2497.0,12.0,65.0,12.0,46.0,573.0,1605.0,631.0,4248.0,2542.0,9.0,516.0,388.0,345.0,0.0,0.0,2352.0,189.0,2024-11-04 00:00:00,2024-11-04,11.0
04/11/2024,00:30,46422.0,44900.0,44800.0,90.0,20.0,2424.0,44562.0,2518.0,0.0,6512.0,-266.0,1251.0,-10620.0,24.0,-1731.0,1.0,-3483.0,-2385.0,-2908.0,12.0,65.0,12.0,45.0,547.0,1208.0,623.0,4079.0,2425.0,8.0,517.0,391.0,342.0,0.0,0.0,2360.0,158.0,2024-11-04 00:30:00,2024-11-04,11.0
04/11/2024,01:00,44009.0,43200.0,42800.0,90.0,19.0,1819.0,44441.0,2598.0,0.0,5833.0,-1158.0,1244.0,-10803.0,21.0,-1999.0,416.0,-3305.0,-2385.0,-3153.0,12.0,66.0,12.0,46.0,545.0,607.0,622.0,3863.0,1962.0,8.0,516.0,388.0,341.0,0.0,0.0,2462.0,135.0,2024-11-04 01:00:00,2024-11-04,11.0
04/11/2024,01:30,43472.0,43200.0,43400.0,90.0,20.0,1789.0,44467.0,2681.0,0.0,5545.0,-1516.0,1240.0,-10754.0,21.0,-1999.0,416.0,-3305.0,-2385.0,-3394.0,12.0,66.0,12.0,46.0,544.0,585.0,615.0,3773.0,1765.0,8.0,513.0,387.0,340.0,0.0,0.0,2549.0,132.0,2024-11-04 01:30:00,2024-11-04,11.0
04/11/2024,02:00,42861.0,42900.0,42800.0,90.0,20.0,1868.0,44439.0,2737.0,0.0,5401.0,-1617.0,1243.0,-11225.0,21.0,-2000.0,416.0,-3307.0,-2385.0,-3410.0,12.0,66.0,12.0,45.0,543.0,665.0,614.0,3763.0,1630.0,8.0,517.0,388.0,339.0,0.0,0.0,2580.0,157.0,2024-11-04 02:00:00,2024-11-04,11.0
04/11/2024,02:30,42597.0,41700.0,41600.0,91.0,19.0,1961.0,44509.0,2724.0,0.0,5389.0,-2038.0,1218.0,-11196.0,22.0,-2000.0,416.0,-3307.0,-2385.0,-3627.0,12.0,67.0,12.0,45.0,541.0,756.0,618.0,3718.0,1663.0,8.0,513.0,367.0,337.0,0.0,0.0,2560.0,164.0,2024-11-04 02:30:00,2024-11-04,11.0
04/11/2024,03:00,41314.0,40400.0,40500.0,90.0,20.0,2072.0,44304.0,2719.0,0.0,4993.0,-2572.0,1229.0,-11445.0,23.0,-1999.0,-1226.0,-3040.0,-2385.0,-3720.0,12.0,66.0,12.0,45.0,538.0,863.0,625.0,3566.0,1420.0,8.0,520.0,370.0,339.0,0.0,0.0,2559.0,161.0,2024-11-04 03:00:00,2024-11-04,11.0
04/11/2024,03:30,40465.0,39700.0,39700.0,90.0,20.0,2164.0,44434.0,2772.0,0.0,5015.0,-2601.0,1219.0,-12569.0,24.0,-1999.0,-1226.0,-3040.0,-2385.0,-3744.0,12.0,66.0,12.0,46.0,542.0,949.0,628.0,3594.0,1412.0,8.0,509.0,371.0,339.0,0.0,0.0,2609.0,162.0,2024-11-04 03:30:00,2024-11-04,11.0
04/11/2024,04:00,39770.0,39500.0,39100.0,90.0,20.0,2186.0,44186.0,2805.0,0.0,4924.0,-2777.0,1245.0,-12806.0,24.0,-1999.0,-1632.0,-3040.0,-2385.0,-3673.0,12.0,66.0,12.0,42.0,544.0,975.0,626.0,3583.0,1332.0,8.0,513.0,393.0,339.0,0.0,0.0,2649.0,156.0,2024-11-04 04:00:00,2024-11-04,11.0
04/11/2024,04:30,39724.0,39500.0,39400.0,90.0,20.0,2249.0,44311.0,2866.0,0.0,4845.0,-2778.0,1232.0,-13025.0,24.0,-1999.0,-1632.0,-3040.0,-2385.0,-3685.0,12.0,66.0,12.0,41.0,544.0,1043.0,622.0,3508.0,1329.0,8.0,504.0,390.0,338.0,0.0,0.0,2719.0,146.0,2024-11-04 04:30:00,2024-11-04,11.0
04/11/2024,05:00,39993.0,40500.0,40500.0,91.0,20.0,2318.0,44373.0,2904.0,0.0,4919.0,-2723.0,1230.0,-13047.0,25.0,-2000.0,-1590.0,-3040.0,-2385.0,-3444.0,12.0,67.0,12.0,41.0,544.0,1111.0,621.0,3471.0,1440.0,8.0,503.0,389.0,338.0,0.0,0.0,2770.0,134.0,2024-11-04 05:00:00,2024-11-04,11.0
04/11/2024,05:30,41749.0,41800.0,42100.0,90.0,20.0,2344.0,44435.0,2795.0,0.0,5067.0,-1422.0,1219.0,-12720.0,24.0,-2000.0,-1590.0,-3040.0,-2385.0,-3327.0,12.0,65.0,12.0,41.0,575.0,1102.0,626.0,3594.0,1454.0,19.0,495.0,388.0,336.0,0.0,0.0,2658.0,137.0,2024-11-04 05:30:00,2024-11-04,11.0
04/11/2024,06:00,43375.0,43800.0,44100.0,90.0,20.0,2597.0,44712.0,2690.0,0.0,5436.0,-834.0,1190.0,-12458.0,25.0,-2000.0,-671.0,-3040.0,-2385.0,-3201.0,12.0,66.0,12.0,42.0,582.0,1344.0,628.0,3776.0,1652.0,9.0,477.0,378.0,335.0,0.0,0.0,2546.0,144.0,2024-11-04 06:00:00,2024-11-04,11.0
04/11/2024,06:30,46779.0,46800.0,47400.0,90.0,20.0,3226.0,44753.0,2779.0,0.0,6585.0,-341.0,1190.0,-11460.0,28.0,-2000.0,-671.0,-3040.0,-2385.0,-3201.0,12.0,66.0,12.0,44.0,587.0,1961.0,634.0,4215.0,2361.0,9.0,476.0,380.0,334.0,0.0,0.0,2621.0,158.0,2024-11-04 06:30:00,2024-11-04,11.0
04/11/2024,07:00,49668.0,49900.0,50400.0,90.0,20.0,4013.0,44868.0,2788.0,0.0,8069.0,-7.0,1188.0,-11313.0,31.0,-1126.0,-234.0,-3731.0,-2385.0,-3813.0,12.0,66.0,12.0,44.0,590.0,2750.0,630.0,4418.0,3611.0,40.0,470.0,383.0,336.0,0.0,0.0,2638.0,150.0,2024-11-04 07:00:00,2024-11-04,11.0
04/11/2024,07:30,52935.0,51500.0,53200.0,90.0,20.0,4469.0,44917.0,2767.0,4.0,10888.0,-6.0,1198.0,-11328.0,32.0,-1126.0,-234.0,-3731.0,-2385.0,-3832.0,12.0,66.0,12.0,51.0,596.0,3177.0,645.0,5007.0,4367.0,1514.0,473.0,386.0,338.0,0.0,0.0,2642.0,125.0,2024-11-04 07:30:00,2024-11-04,11.0
04/11/2024,08:00,54254.0,52900.0,53800.0,91.0,20.0,4648.0,44919.0,2654.0,141.0,11640.0,-6.0,1206.0,-10971.0,32.0,-1655.0,1304.0,-3687.0,-2385.0,-3892.0,12.0,67.0,12.0,51.0,599.0,3345.0,653.0,5104.0,4387.0,2150.0,477.0,389.0,340.0,0.0,0.0,2566.0,88.0,2024-11-04 08:00:00,2024-11-04,11.0
04/11/2024,08:30,55773.0,54100.0,55500.0,90.0,20.0,4592.0,44913.0,2575.0,722.0,12011.0,-8.0,1216.0,-10273.0,32.0,-1655.0,1304.0,-3687.0,-2385.0,-3439.0,12.0,66.0,12.0,55.0,610.0,3261.0,666.0,5218.0,4508.0,2286.0,482.0,392.0,342.0,0.0,0.0,2497.0,78.0,2024-11-04 08:30:00,2024-11-04,11.0
04/11/2024,09:00,56576.0,55100.0,55800.0,91.0,20.0,4374.0,44969.0,2422.0,1731.0,11322.0,-60.0,1189.0,-9383.0,31.0,-1939.0,1800.0,-2617.0,-2385.0,-3640.0,12.0,66.0,13.0,53.0,611.0,3038.0,671.0,5176.0,4075.0,2071.0,471.0,386.0,332.0,0.0,0.0,2342.0,80.0,2024-11-04 09:00:00,2024-11-04,11.0
04/11/2024,09:30,57191.0,55900.0,56600.0,90.0,20.0,4369.0,44957.0,2224.0,2932.0,10825.0,-62.0,1175.0,-9253.0,30.0,-1939.0,1800.0,-2617.0,-2385.0,-3631.0,12.0,65.0,13.0,50.0,607.0,3046.0,666.0,4929.0,3806.0,2090.0,463.0,385.0,327.0,0.0,0.0,2134.0,91.0,2024-11-04 09:30:00,2024-11-04,11.0
04/11/2024,10:00,57301.0,55800.0,56800.0,88.0,20.0,4531.0,44919.0,1864.0,4106.0,9651.0,-62.0,1173.0,-8903.0,31.0,-2000.0,816.0,-2279.0,-2385.0,-2011.0,12.0,63.0,13.0,55.0,623.0,3188.0,665.0,4734.0,3338.0,1580.0,457.0,387.0,329.0,0.0,0.0,1774.0,89.0,2024-11-04 10:00:00,2024-11-04,11.0
04/11/2024,10:30,57286.0,55900.0,56600.0,90.0,20.0,4593.0,44944.0,1562.0,5257.0,8249.0,-47.0,1169.0,-8466.0,32.0,-2000.0,816.0,-2279.0,-2385.0,-1573.0,12.0,65.0,13.0,59.0,653.0,3220.0,660.0,4304.0,2861.0,1084.0,450.0,384.0,335.0,0.0,0.0,1475.0,87.0,2024-11-04 10:30:00,2024-11-04,11.0
04/11/2024,11:00,57221.0,56000.0,56700.0,90.0,19.0,4311.0,44889.0,1395.0,6298.0,6918.0,-8.0,1177.0,-7781.0,31.0,-1972.0,900.0,-2119.0,-2385.0,-1583.0,12.0,64.0,14.0,62.0,691.0,2895.0,663.0,4116.0,2047.0,755.0,457.0,384.0,335.0,0.0,0.0,1305.0,90.0,2024-11-04 11:00:00,2024-11-04,11.0
04/11/2024,11:30,57408.0,56100.0,56600.0,90.0,19.0,4133.0,44878.0,1318.0,7128.0,6754.0,-174.0,1167.0,-7826.0,30.0,-1972.0,900.0,-2119.0,-2385.0,-1568.0,12.0,64.0,14.0,63.0,716.0,2685.0,668.0,3908.0,2438.0,408.0,449.0,380.0,337.0,0.0,0.0,1217.0,101.0,2024-11-04 11:30:00,2024-11-04,11.0
04/11/2024,12:00,57736.0,57000.0,57800.0,89.0,19.0,4146.0,44855.0,1347.0,7743.0,6530.0,-244.0,1164.0,-7830.0,29.0,-1763.0,900.0,-2587.0,-2355.0,-1713.0,12.0,63.0,14.0,63.0,697.0,2716.0,669.0,3912.0,2521.0,97.0,450.0,377.0,337.0,0.0,0.0,1228.0,119.0,2024-11-04 12:00:00,2024-11-04,11.0
04/11/2024,12:30,58016.0,56300.0,56600.0,88.0,19.0,4146.0,44944.0,1366.0,8284.0,6455.0,-244.0,1172.0,-8126.0,29.0,-1763.0,900.0,-2587.0,-2355.0,-1763.0,12.0,62.0,14.0,64.0,674.0,2737.0,671.0,3938.0,2504.0,13.0,449.0,379.0,345.0,0.0,0.0,1241.0,125.0,2024-11-04 12:30:00,2024-11-04,11.0
04/11/2024,13:00,58137.0,57200.0,57500.0,88.0,20.0,4134.0,44961.0,1370.0,8533.0,6404.0,-318.0,1182.0,-8146.0,29.0,-2000.0,695.0,-2824.0,-2385.0,-2802.0,12.0,63.0,13.0,64.0,667.0,2736.0,667.0,3965.0,2430.0,9.0,453.0,384.0,345.0,0.0,0.0,1236.0,134.0,2024-11-04 13:00:00,2024-11-04,11.0
04/11/2024,13:30,57024.0,55500.0,55200.0,88.0,20.0,4266.0,44938.0,1360.0,8511.0,6423.0,-485.0,1187.0,-9205.0,30.0,-2000.0,695.0,-2824.0,-2385.0,-2809.0,12.0,63.0,13.0,63.0,667.0,2870.0,666.0,3964.0,2452.0,8.0,453.0,389.0,344.0,0.0,0.0,1227.0,133.0,2024-11-04 13:30:00,2024-11-04,11.0
04/11/2024,14:00,55761.0,54400.0,54800.0,86.0,19.0,4158.0,44924.0,1330.0,8179.0,6348.0,-667.0,1188.0,-9722.0,30.0,-2000.0,107.0,-2824.0,-2385.0,-2667.0,12.0,61.0,13.0,62.0,675.0,2756.0,666.0,3973.0,2366.0,8.0,454.0,390.0,344.0,0.0,0.0,1214.0,116.0,2024-11-04 14:00:00,2024-11-04,11.0
04/11/2024,14:30,54598.0,53800.0,53900.0,86.0,20.0,4309.0,44787.0,1325.0,7447.0,5945.0,-732.0,1189.0,-9701.0,31.0,-2000.0,107.0,-2824.0,-2385.0,-2741.0,12.0,59.0,14.0,59.0,695.0,2896.0,660.0,3968.0,1969.0,8.0,463.0,382.0,344.0,0.0,0.0,1221.0,104.0,2024-11-04 14:30:00,2024-11-04,11.0
04/11/2024,15:00,53509.0,52800.0,53400.0,85.0,20.0,4455.0,44835.0,1401.0,6370.0,6105.0,-663.0,1186.0,-10215.0,32.0,-2000.0,1444.0,-3776.0,-2385.0,-3381.0,12.0,59.0,13.0,64.0,681.0,3051.0,659.0,4011.0,2085.0,8.0,460.0,381.0,345.0,0.0,0.0,1283.0,118.0,2024-11-04 15:00:00,2024-11-04,11.0
04/11/2024,15:30,52925.0,52100.0,52400.0,89.0,20.0,4738.0,44817.0,1543.0,5116.0,6462.0,-653.0,1189.0,-10314.0,34.0,-2000.0,1444.0,-3776.0,-2385.0,-3450.0,12.0,60.0,17.0,61.0,696.0,3333.0,648.0,4248.0,2206.0,8.0,466.0,381.0,342.0,0.0,0.0,1409.0,133.0,2024-11-04 15:30:00,2024-11-04,11.0
04/11/2024,16:00,52200.0,51600.0,51700.0,90.0,20.0,5089.0,44861.0,1669.0,3645.0,6794.0,-507.0,1191.0,-10576.0,36.0,-2000.0,1174.0,-4208.0,-2385.0,-3410.0,12.0,60.0,18.0,57.0,693.0,3676.0,663.0,4359.0,2414.0,21.0,463.0,384.0,343.0,0.0,0.0,1520.0,149.0,2024-11-04 16:00:00,2024-11-04,11.0
04/11/2024,16:30,51675.0,50900.0,51300.0,84.0,20.0,5308.0,44859.0,1863.0,2184.0,7103.0,-134.0,1196.0,-10717.0,38.0,-2000.0,1174.0,-4208.0,-2385.0,-3495.0,12.0,59.0,13.0,57.0,690.0,3881.0,680.0,4550.0,2471.0,82.0,466.0,385.0,345.0,0.0,0.0,1692.0,171.0,2024-11-04 16:30:00,2024-11-04,11.0
04/11/2024,17:00,51583.0,51100.0,51200.0,84.0,20.0,5766.0,44822.0,2146.0,1006.0,7873.0,-6.0,1197.0,-11236.0,40.0,-2000.0,934.0,-3868.0,-2385.0,-4116.0,12.0,59.0,13.0,57.0,692.0,4328.0,689.0,4596.0,3162.0,115.0,469.0,382.0,345.0,0.0,0.0,1953.0,193.0,2024-11-04 17:00:00,2024-11-04,11.0
04/11/2024,17:30,52470.0,51500.0,52800.0,84.0,20.0,5966.0,44782.0,2425.0,268.0,9026.0,-6.0,1192.0,-11202.0,41.0,-2000.0,934.0,-3868.0,-2385.0,-4126.0,12.0,59.0,12.0,57.0,712.0,4506.0,690.0,4834.0,3433.0,759.0,468.0,375.0,348.0,0.0,0.0,2228.0,197.0,2024-11-04 17:30:00,2024-11-04,11.0
04/11/2024,18:00,54897.0,54600.0,55500.0,83.0,20.0,6074.0,44852.0,2670.0,20.0,11479.0,-5.0,1194.0,-11403.0,39.0,-2000.0,1792.0,-2799.0,-2385.0,-4103.0,12.0,58.0,12.0,57.0,713.0,4618.0,686.0,4941.0,4410.0,2128.0,470.0,374.0,351.0,0.0,0.0,2496.0,174.0,2024-11-04 18:00:00,2024-11-04,11.0
04/11/2024,18:30,57241.0,56600.0,57500.0,97.0,20.0,5921.0,44882.0,2924.0,2.0,12009.0,-5.0,1202.0,-9731.0,39.0,-2000.0,1792.0,-2799.0,-2385.0,-4076.0,26.0,58.0,12.0,79.0,734.0,4420.0,688.0,5245.0,4405.0,2359.0,477.0,375.0,350.0,0.0,0.0,2800.0,124.0,2024-11-04 18:30:00,2024-11-04,11.0
04/11/2024,19:00,59209.0,58200.0,59300.0,722.0,20.0,6088.0,44984.0,3138.0,1.0,12838.0,-5.0,1204.0,-9697.0,46.0,-1902.0,367.0,-2799.0,-2384.0,-2908.0,651.0,58.0,13.0,256.0,801.0,4344.0,687.0,5408.0,4722.0,2708.0,478.0,375.0,350.0,0.0,0.0,3015.0,124.0,2024-11-04 19:00:00,2024-11-04,11.0
04/11/2024,19:30,59252.0,56900.0,58100.0,810.0,20.0,6054.0,45023.0,3181.0,0.0,13104.0,-5.0,1198.0,-10046.0,46.0,-1902.0,367.0,-2799.0,-2384.0,-2791.0,739.0,58.0,13.0,255.0,827.0,4285.0,688.0,5521.0,4732.0,2851.0,474.0,376.0,348.0,0.0,0.0,3063.0,118.0,2024-11-04 19:30:00,2024-11-04,11.0
04/11/2024,20:00,57741.0,55000.0,56300.0,816.0,20.0,5873.0,45040.0,3167.0,0.0,12054.0,-5.0,1191.0,-10313.0,46.0,-2000.0,-2468.0,-2799.0,-2384.0,-2251.0,745.0,58.0,12.0,259.0,828.0,4098.0,689.0,5492.0,4458.0,2104.0,466.0,375.0,349.0,0.0,0.0,3060.0,107.0,2024-11-04 20:00:00,2024-11-04,11.0
04/11/2024,20:30,55470.0,52900.0,54200.0,797.0,20.0,5933.0,45093.0,3031.0,0.0,12120.0,-6.0,1183.0,-12614.0,46.0,-2000.0,-2468.0,-2799.0,-2384.0,-2222.0,726.0,59.0,12.0,223.0,815.0,4227.0,668.0,5386.0,4403.0,2331.0,467.0,369.0,348.0,0.0,0.0,2918.0,112.0,2024-11-04 20:30:00,2024-11-04,11.0
04/11/2024,21:00,53411.0,51200.0,52500.0,147.0,21.0,5784.0,45122.0,2921.0,0.0,10742.0,-39.0,1193.0,-12391.0,39.0,-1572.0,-3516.0,-2809.0,-2385.0,-2578.0,75.0,59.0,12.0,76.0,769.0,4269.0,670.0,5274.0,4152.0,1315.0,473.0,373.0,347.0,0.0,0.0,2813.0,108.0,2024-11-04 21:00:00,2024-11-04,11.0
04/11/2024,21:30,52056.0,49500.0,50800.0,84.0,20.0,5811.0,45200.0,2876.0,0.0,10113.0,-62.0,1199.0,-13117.0,39.0,-1572.0,-3516.0,-2809.0,-2385.0,-2688.0,12.0,60.0,12.0,55.0,703.0,4397.0,656.0,5102.0,4265.0,745.0,476.0,375.0,348.0,0.0,0.0,2765.0,111.0,2024-11-04 21:30:00,2024-11-04,11.0
04/11/2024,22:00,50563.0,48300.0,49600.0,84.0,20.0,5559.0,45167.0,2863.0,0.0,8810.0,-62.0,1197.0,-12998.0,38.0,-1378.0,-2767.0,-3288.0,-2385.0,-2169.0,12.0,60.0,12.0,54.0,704.0,4151.0,650.0,4952.0,3462.0,395.0,474.0,373.0,350.0,0.0,0.0,2759.0,104.0,2024-11-04 22:00:00,2024-11-04,11.0
04/11/2024,22:30,50756.0,49500.0,50700.0,84.0,21.0,5625.0,45164.0,2787.0,0.0,8651.0,-62.0,1197.0,-12631.0,39.0,-1378.0,-2767.0,-3288.0,-2373.0,-1094.0,12.0,60.0,12.0,54.0,704.0,4213.0,654.0,4691.0,3278.0,682.0,473.0,375.0,350.0,0.0,0.0,2682.0,105.0,2024-11-04 22:30:00,2024-11-04,11.0
04/11/2024,23:00,51780.0,50900.0,52100.0,84.0,20.0,5717.0,45162.0,2710.0,0.0,8297.0,-28.0,1181.0,-11280.0,39.0,-1028.0,-2817.0,-3297.0,-2385.0,-1785.0,12.0,60.0,12.0,54.0,703.0,4305.0,654.0,4729.0,3096.0,472.0,479.0,353.0,349.0,0.0,0.0,2597.0,113.0,2024-11-04 23:00:00,2024-11-04,11.0
04/11/2024,23:30,51016.0,50200.0,51400.0,84.0,20.0,5793.0,45186.0,2611.0,0.0,7676.0,-5.0,1172.0,-11431.0,40.0,-1028.0,-2817.0,-3297.0,-2385.0,-1098.0,12.0,60.0,12.0,54.0,703.0,4384.0,652.0,4507.0,2780.0,390.0,479.0,344.0,349.0,0.0,0.0,2493.0,118.0,2024-11-04 23:30:00,2024-11-04,11.0
02/12/2024,00:00,54870.0,54300.0,53400.0,94.0,15.0,1752.0,48397.0,7828.0,0.0,6298.0,-1740.0,1234.0,-8889.0,18.0,-2383.0,-2682.0,-2915.0,-3200.0,1086.0,15.0,56.0,23.0,112.0,689.0,178.0,772.0,4663.0,1453.0,183.0,526.0,366.0,342.0,0.0,0.0,6640.0,1188.0,2024-12-02 00:00:00,2024-12-02,12.0
02/12/2024,00:30,53773.0,52600.0,51400.0,95.0,15.0,1698.0,48420.0,7878.0,0.0,6132.0,-1633.0,1228.0,-9964.0,18.0,-2383.0,-2682.0,-2915.0,-3200.0,919.0,15.0,57.0,23.0,92.0,694.0,140.0,771.0,4692.0,1429.0,11.0,518.0,368.0,342.0,0.0,0.0,6726.0,1152.0,2024-12-02 00:30:00,2024-12-02,12.0
02/12/2024,01:00,51371.0,50600.0,49600.0,95.0,16.0,1735.0,47824.0,7790.0,0.0,5380.0,-2091.0,1231.0,-10477.0,18.0,-2074.0,-2475.0,-2915.0,-3200.0,-97.0,15.0,57.0,23.0,80.0,695.0,189.0,772.0,4532.0,841.0,6.0,521.0,367.0,343.0,0.0,0.0,6690.0,1100.0,2024-12-02 01:00:00,2024-12-02,12.0
02/12/2024,01:30,50726.0,51100.0,50100.0,96.0,15.0,1691.0,47989.0,7755.0,0.0,5203.0,-2255.0,1223.0,-10873.0,18.0,-2074.0,-2475.0,-2915.0,-3200.0,-103.0,16.0,58.0,23.0,80.0,692.0,146.0,772.0,4406.0,791.0,6.0,518.0,363.0,342.0,0.0,0.0,6665.0,1090.0,2024-12-02 01:30:00,2024-12-02,12.0
02/12/2024,02:00,50053.0,50400.0,49500.0,97.0,15.0,1706.0,47830.0,7629.0,0.0,5161.0,-2427.0,1225.0,-11066.0,19.0,-939.0,-2682.0,-2915.0,-3200.0,-1553.0,16.0,59.0,23.0,80.0,691.0,163.0,772.0,4350.0,805.0,7.0,526.0,357.0,342.0,0.0,0.0,6561.0,1069.0,2024-12-02 02:00:00,2024-12-02,12.0
02/12/2024,02:30,49853.0,49000.0,48200.0,95.0,16.0,1718.0,48339.0,7354.0,0.0,4758.0,-2057.0,1224.0,-11490.0,19.0,-939.0,-2682.0,-2915.0,-3200.0,-1999.0,15.0,57.0,22.0,80.0,690.0,176.0,773.0,4281.0,471.0,7.0,529.0,355.0,340.0,0.0,0.0,6364.0,990.0,2024-12-02 02:30:00,2024-12-02,12.0
02/12/2024,03:00,48579.0,48000.0,47200.0,95.0,15.0,1708.0,48038.0,7289.0,0.0,4591.0,-2361.0,1231.0,-11899.0,19.0,-914.0,-2682.0,-2508.0,-2800.0,-2854.0,15.0,58.0,22.0,80.0,690.0,166.0,772.0,4173.0,412.0,7.0,532.0,361.0,338.0,0.0,0.0,6217.0,1073.0,2024-12-02 03:00:00,2024-12-02,12.0
02/12/2024,03:30,47774.0,47400.0,46100.0,95.0,15.0,1707.0,47774.0,7331.0,0.0,4376.0,-2737.0,1229.0,-11901.0,19.0,-914.0,-2682.0,-2508.0,-2800.0,-3096.0,15.0,58.0,22.0,80.0,690.0,168.0,770.0,4018.0,352.0,7.0,531.0,360.0,338.0,0.0,0.0,6217.0,1114.0,2024-12-02 03:30:00,2024-12-02,12.0
02/12/2024,04:00,46829.0,46300.0,45400.0,96.0,15.0,1671.0,47349.0,7363.0,0.0,4289.0,-2902.0,1220.0,-12153.0,19.0,-871.0,-2729.0,-2908.0,-2800.0,-2823.0,15.0,58.0,22.0,80.0,690.0,132.0,769.0,3932.0,350.0,7.0,522.0,362.0,336.0,0.0,0.0,6292.0,1071.0,2024-12-02 04:00:00,2024-12-02,12.0
02/12/2024,04:30,46676.0,46400.0,45700.0,95.0,15.0,1718.0,47373.0,7464.0,0.0,4218.0,-2982.0,1225.0,-12317.0,19.0,-871.0,-2729.0,-2908.0,-2800.0,-2872.0,15.0,57.0,22.0,80.0,690.0,176.0,772.0,3863.0,348.0,7.0,524.0,366.0,335.0,0.0,0.0,6324.0,1140.0,2024-12-02 04:30:00,2024-12-02,12.0
02/12/2024,05:00,46804.0,47800.0,46600.0,96.0,15.0,1680.0,47418.0,7428.0,0.0,4235.0,-2727.0,1230.0,-12437.0,19.0,491.0,-2729.0,-2908.0,-2800.0,-3437.0,16.0,58.0,22.0,78.0,695.0,135.0,772.0,3855.0,373.0,7.0,527.0,367.0,337.0,0.0,0.0,6252.0,1175.0,2024-12-02 05:00:00,2024-12-02,12.0
02/12/2024,05:30,48679.0,49300.0,48200.0,96.0,14.0,1724.0,47510.0,7383.0,0.0,4475.0,-2077.0,1235.0,-11554.0,19.0,491.0,-2729.0,-2908.0,-2800.0,-3266.0,16.0,59.0,22.0,68.0,696.0,193.0,766.0,3833.0,635.0,7.0,532.0,366.0,337.0,0.0,0.0,6229.0,1154.0,2024-12-02 05:30:00,2024-12-02,12.0
02/12/2024,06:00,50155.0,52300.0,50300.0,95.0,15.0,1715.0,47731.0,7481.0,0.0,4714.0,-1218.0,1226.0,-11483.0,18.0,452.0,-2600.0,-2915.0,-2754.0,-1357.0,16.0,58.0,22.0,68.0,693.0,184.0,770.0,3922.0,785.0,7.0,523.0,366.0,337.0,0.0,0.0,6297.0,1184.0,2024-12-02 06:00:00,2024-12-02,12.0
02/12/2024,06:30,53516.0,54900.0,53800.0,95.0,14.0,1989.0,48100.0,7524.0,0.0,5512.0,-1149.0,1227.0,-9688.0,20.0,452.0,-2600.0,-2915.0,-2754.0,-1522.0,16.0,58.0,22.0,69.0,694.0,452.0,774.0,4249.0,1123.0,140.0,525.0,365.0,337.0,0.0,0.0,6362.0,1162.0,2024-12-02 06:30:00,2024-12-02,12.0
02/12/2024,07:00,56238.0,57900.0,56500.0,96.0,15.0,2287.0,48321.0,7585.0,0.0,6893.0,-449.0,1215.0,-9618.0,20.0,346.0,-2600.0,-2800.0,-3199.0,-2077.0,16.0,58.0,22.0,69.0,689.0,750.0,779.0,4514.0,1898.0,481.0,518.0,360.0,337.0,0.0,0.0,6442.0,1143.0,2024-12-02 07:00:00,2024-12-02,12.0
02/12/2024,07:30,59357.0,60700.0,58700.0,95.0,15.0,2943.0,48527.0,7672.0,0.0,9294.0,-141.0,1200.0,-10145.0,22.0,346.0,-2600.0,-2800.0,-3199.0,-2105.0,16.0,58.0,22.0,71.0,701.0,1386.0,785.0,5039.0,3721.0,534.0,499.0,363.0,338.0,0.0,0.0,6708.0,964.0,2024-12-02 07:30:00,2024-12-02,12.0
02/12/2024,08:00,61352.0,61800.0,60200.0,95.0,14.0,3596.0,48589.0,8010.0,3.0,10703.0,-39.0,1202.0,-10723.0,25.0,-174.0,-2600.0,-2800.0,-2904.0,-2729.0,16.0,58.0,22.0,69.0,751.0,1990.0,786.0,5173.0,4235.0,1295.0,499.0,366.0,337.0,0.0,0.0,6939.0,1071.0,2024-12-02 08:00:00,2024-12-02,12.0
02/12/2024,08:30,62230.0,62500.0,60500.0,96.0,14.0,3949.0,48587.0,8089.0,88.0,11507.0,-61.0,1203.0,-11117.0,26.0,-174.0,-2600.0,-2800.0,-2904.0,-2818.0,16.0,59.0,22.0,66.0,774.0,2304.0,804.0,5416.0,4416.0,1675.0,500.0,366.0,338.0,0.0,0.0,7066.0,1023.0,2024-12-02 08:30:00,2024-12-02,12.0
02/12/2024,09:00,62714.0,62700.0,60500.0,95.0,14.0,4362.0,48690.0,8009.0,440.0,11429.0,-63.0,1193.0,-11329.0,28.0,-1559.0,-1932.0,-2593.0,-3200.0,-2201.0,16.0,58.0,22.0,66.0,781.0,2711.0,803.0,5493.0,4406.0,1530.0,493.0,366.0,334.0,0.0,0.0,6993.0,1015.0,2024-12-02 09:00:00,2024-12-02,12.0
02/12/2024,09:30,63018.0,62800.0,60700.0,95.0,14.0,4681.0,48718.0,7894.0,1129.0,10909.0,-63.0,1179.0,-11409.0,29.0,-1559.0,-1932.0,-2593.0,-3198.0,-1911.0,15.0,58.0,22.0,67.0,781.0,3030.0,804.0,5483.0,4418.0,1008.0,483.0,367.0,330.0,0.0,0.0,6854.0,1040.0,2024-12-02 09:30:00,2024-12-02,12.0
02/12/2024,10:00,62833.0,63000.0,60000.0,96.0,14.0,4598.0,48732.0,7529.0,2004.0,10098.0,-7.0,1176.0,-11268.0,29.0,-2134.0,-2000.0,-2587.0,-3198.0,-2034.0,15.0,59.0,22.0,67.0,788.0,2947.0,796.0,5543.0,4136.0,420.0,486.0,361.0,328.0,0.0,0.0,6518.0,1011.0,2024-12-02 10:00:00,2024-12-02,12.0
02/12/2024,10:30,62558.0,62800.0,60100.0,96.0,14.0,4645.0,48722.0,7147.0,2911.0,9851.0,-6.0,1164.0,-11868.0,29.0,-2134.0,-2000.0,-2587.0,-3200.0,-2021.0,15.0,59.0,22.0,70.0,787.0,2989.0,800.0,5529.0,3986.0,335.0,498.0,338.0,328.0,0.0,0.0,6114.0,1033.0,2024-12-02 10:30:00,2024-12-02,12.0
02/12/2024,11:00,62382.0,62600.0,60000.0,96.0,15.0,4556.0,48719.0,6845.0,3723.0,9407.0,-6.0,1156.0,-12006.0,29.0,-1944.0,-2050.0,-2589.0,-3155.0,-2377.0,15.0,59.0,22.0,70.0,787.0,2900.0,799.0,5606.0,3368.0,433.0,492.0,333.0,332.0,0.0,0.0,5851.0,993.0,2024-12-02 11:00:00,2024-12-02,12.0
02/12/2024,11:30,62450.0,62600.0,60700.0,96.0,14.0,4561.0,48734.0,6949.0,4448.0,9020.0,-6.0,1186.0,-12434.0,28.0,-1944.0,-2050.0,-2589.0,-3076.0,-2106.0,15.0,59.0,22.0,61.0,795.0,2916.0,789.0,5391.0,3024.0,604.0,495.0,359.0,333.0,0.0,0.0,5862.0,1087.0,2024-12-02 11:30:00,2024-12-02,12.0
02/12/2024,12:00,62848.0,63800.0,61100.0,98.0,15.0,4427.0,48735.0,7023.0,5047.0,8693.0,-6.0,1180.0,-12245.0,28.0,-2524.0,-1937.0,-1996.0,-3189.0,-2275.0,15.0,60.0,23.0,62.0,801.0,2770.0,794.0,5350.0,2788.0,556.0,486.0,357.0,337.0,0.0,0.0,5960.0,1063.0,2024-12-02 12:00:00,2024-12-02,12.0
02/12/2024,12:30,63030.0,63200.0,60600.0,96.0,15.0,4331.0,48724.0,7282.0,5332.0,8468.0,-6.0,1184.0,-12275.0,27.0,-2524.0,-1937.0,-1996.0,-3189.0,-2347.0,15.0,58.0,23.0,65.0,812.0,2667.0,787.0,5377.0,2690.0,401.0,487.0,358.0,340.0,0.0,0.0,6184.0,1098.0,2024-12-02 12:30:00,2024-12-02,12.0
02/12/2024,13:00,63308.0,64600.0,61700.0,97.0,15.0,4369.0,48710.0,7693.0,5575.0,8497.0,-6.0,1184.0,-12696.0,27.0,-2906.0,-2049.0,-2219.0,-2796.0,-3463.0,15.0,58.0,24.0,66.0,871.0,2642.0,789.0,5344.0,2702.0,450.0,486.0,359.0,339.0,0.0,0.0,6639.0,1054.0,2024-12-02 13:00:00,2024-12-02,12.0
02/12/2024,13:30,62172.0,62300.0,59600.0,97.0,15.0,4361.0,48708.0,8356.0,5339.0,8462.0,-8.0,1186.0,-14214.0,27.0,-2906.0,-2049.0,-2219.0,-2800.0,-3720.0,15.0,59.0,23.0,66.0,878.0,2623.0,794.0,5375.0,2727.0,361.0,487.0,358.0,341.0,0.0,0.0,7259.0,1097.0,2024-12-02 13:30:00,2024-12-02,12.0
02/12/2024,14:00,61228.0,61800.0,59000.0,101.0,15.0,4458.0,48658.0,8799.0,4946.0,7960.0,-371.0,1191.0,-14402.0,28.0,-3009.0,-2050.0,-2501.0,-2800.0,-3918.0,15.0,58.0,28.0,68.0,872.0,2724.0,796.0,5367.0,2361.0,233.0,491.0,359.0,340.0,0.0,0.0,7664.0,1135.0,2024-12-02 14:00:00,2024-12-02,12.0
02/12/2024,14:30,60398.0,60800.0,58400.0,100.0,15.0,4567.0,48501.0,9060.0,4305.0,7823.0,-410.0,1197.0,-14635.0,28.0,-3009.0,-2050.0,-2501.0,-2800.0,-3963.0,15.0,58.0,27.0,70.0,855.0,2849.0,792.0,5330.0,2266.0,227.0,494.0,361.0,342.0,0.0,0.0,7906.0,1154.0,2024-12-02 14:30:00,2024-12-02,12.0
02/12/2024,15:00,59440.0,60100.0,57800.0,97.0,15.0,4665.0,48485.0,9164.0,3506.0,7595.0,-409.0,1199.0,-14743.0,29.0,-2973.0,-1950.0,-2516.0,-3200.0,-4521.0,15.0,59.0,23.0,70.0,864.0,2946.0,785.0,5209.0,2213.0,173.0,495.0,361.0,343.0,0.0,0.0,8008.0,1156.0,2024-12-02 15:00:00,2024-12-02,12.0
02/12/2024,15:30,58961.0,59200.0,57000.0,96.0,15.0,4552.0,48616.0,9084.0,2739.0,8111.0,-328.0,1201.0,-15020.0,29.0,-2973.0,-1950.0,-2516.0,-3200.0,-4620.0,15.0,58.0,23.0,68.0,891.0,2810.0,784.0,5168.0,2523.0,419.0,501.0,357.0,343.0,0.0,0.0,8049.0,1035.0,2024-12-02 15:30:00,2024-12-02,12.0
02/12/2024,16:00,58437.0,58700.0,56600.0,96.0,15.0,4868.0,48608.0,8939.0,1829.0,8248.0,-6.0,1220.0,-15274.0,30.0,-2911.0,-1950.0,-2116.0,-3200.0,-4719.0,15.0,57.0,24.0,68.0,895.0,3120.0,785.0,5210.0,2695.0,343.0,511.0,364.0,345.0,0.0,0.0,7880.0,1059.0,2024-12-02 16:00:00,2024-12-02,12.0
02/12/2024,16:30,58292.0,58000.0,56000.0,97.0,15.0,5164.0,48529.0,8884.0,977.0,8656.0,-6.0,1210.0,-15113.0,32.0,-2911.0,-1950.0,-2116.0,-3200.0,-4777.0,15.0,58.0,24.0,68.0,911.0,3398.0,787.0,5229.0,3187.0,239.0,500.0,363.0,346.0,0.0,0.0,7790.0,1093.0,2024-12-02 16:30:00,2024-12-02,12.0
02/12/2024,17:00,58660.0,59000.0,56900.0,96.0,16.0,5424.0,48423.0,8689.0,331.0,9864.0,-6.0,1219.0,-15281.0,33.0,-2754.0,-1950.0,-2116.0,-3200.0,-5028.0,15.0,59.0,22.0,68.0,914.0,3644.0,797.0,5388.0,3883.0,592.0,501.0,367.0,350.0,0.0,0.0,7655.0,1034.0,2024-12-02 17:00:00,2024-12-02,12.0
02/12/2024,17:30,60382.0,60900.0,58700.0,95.0,16.0,5633.0,48513.0,8812.0,30.0,11444.0,-5.0,1214.0,-15246.0,33.0,-2754.0,-1950.0,-2116.0,-3200.0,-5090.0,15.0,58.0,22.0,66.0,917.0,3849.0,801.0,5739.0,4886.0,820.0,494.0,369.0,350.0,0.0,0.0,7719.0,1092.0,2024-12-02 17:30:00,2024-12-02,12.0
02/12/2024,18:00,62172.0,62700.0,60400.0,95.0,16.0,5647.0,48627.0,8832.0,0.0,13026.0,-6.0,1220.0,-15160.0,33.0,-2035.0,-2400.0,-2177.0,-3200.0,-3405.0,15.0,59.0,22.0,68.0,917.0,3858.0,803.0,5943.0,5370.0,1713.0,500.0,370.0,351.0,0.0,0.0,7848.0,984.0,2024-12-02 18:00:00,2024-12-02,12.0
02/12/2024,18:30,63719.0,64300.0,61900.0,95.0,16.0,5606.0,48657.0,9072.0,0.0,12767.0,-6.0,1227.0,-13602.0,32.0,-2035.0,-2400.0,-2177.0,-3198.0,-2809.0,15.0,59.0,22.0,71.0,921.0,3812.0,802.0,6110.0,5101.0,1556.0,503.0,371.0,353.0,0.0,0.0,7941.0,1131.0,2024-12-02 18:30:00,2024-12-02,12.0
02/12/2024,19:00,65451.0,66000.0,63500.0,95.0,16.0,5611.0,48776.0,9076.0,0.0,13483.0,-6.0,1235.0,-12724.0,32.0,-2205.0,-2400.0,-1892.0,-3147.0,-2566.0,15.0,58.0,22.0,72.0,921.0,3817.0,800.0,6102.0,5150.0,2230.0,506.0,374.0,355.0,0.0,0.0,7851.0,1225.0,2024-12-02 19:00:00,2024-12-02,12.0
02/12/2024,19:30,65832.0,64700.0,62300.0,96.0,16.0,5650.0,48897.0,8726.0,0.0,13784.0,-6.0,1246.0,-12463.0,32.0,-2205.0,-2400.0,-1892.0,-3199.0,-2461.0,15.0,59.0,22.0,72.0,923.0,3854.0,801.0,6129.0,5207.0,2448.0,514.0,378.0,355.0,0.0,0.0,7471.0,1255.0,2024-12-02 19:30:00,2024-12-02,12.0
02/12/2024,20:00,64340.0,62800.0,60400.0,96.0,15.0,5472.0,48869.0,8637.0,0.0,12589.0,-13.0,1257.0,-12463.0,32.0,-2984.0,-2400.0,-1841.0,-3200.0,-2866.0,15.0,59.0,22.0,72.0,925.0,3673.0,802.0,6153.0,4740.0,1696.0,517.0,385.0,356.0,0.0,0.0,7415.0,1222.0,2024-12-02 20:00:00,2024-12-02,12.0
02/12/2024,20:30,62378.0,60600.0,58300.0,96.0,15.0,4898.0,48929.0,8571.0,0.0,12257.0,-58.0,1246.0,-13454.0,30.0,-2984.0,-2400.0,-1841.0,-3200.0,-2238.0,15.0,59.0,22.0,72.0,911.0,3134.0,780.0,5960.0,4465.0,1832.0,509.0,384.0,353.0,0.0,0.0,7469.0,1102.0,2024-12-02 20:30:00,2024-12-02,12.0
02/12/2024,21:00,60404.0,58700.0,56500.0,95.0,16.0,4943.0,48908.0,8539.0,0.0,10254.0,-62.0,1244.0,-13408.0,31.0,-2676.0,-2400.0,-2536.0,-3092.0,-3285.0,15.0,59.0,22.0,72.0,912.0,3181.0,778.0,5713.0,3714.0,827.0,509.0,384.0,352.0,0.0,0.0,7530.0,1008.0,2024-12-02 21:00:00,2024-12-02,12.0
02/12/2024,21:30,58773.0,57500.0,55300.0,96.0,15.0,5190.0,48948.0,8084.0,0.0,9636.0,-62.0,1253.0,-14264.0,32.0,-2676.0,-2400.0,-2536.0,-3092.0,-2487.0,15.0,60.0,22.0,72.0,907.0,3433.0,778.0,5259.0,3296.0,1081.0,515.0,386.0,352.0,0.0,0.0,7185.0,900.0,2024-12-02 21:30:00,2024-12-02,12.0
02/12/2024,22:00,57395.0,56600.0,54500.0,95.0,15.0,4887.0,48940.0,7843.0,0.0,8066.0,-57.0,1256.0,-13520.0,32.0,-2901.0,-2700.0,-2229.0,-3146.0,-2231.0,15.0,58.0,22.0,72.0,901.0,3136.0,778.0,5116.0,2566.0,384.0,520.0,384.0,352.0,0.0,0.0,7052.0,791.0,2024-12-02 22:00:00,2024-12-02,12.0
02/12/2024,22:30,57717.0,57500.0,55400.0,95.0,16.0,4934.0,49003.0,7605.0,0.0,8105.0,-5.0,1264.0,-13191.0,32.0,-2901.0,-2700.0,-2229.0,-3146.0,188.0,15.0,58.0,22.0,72.0,884.0,3198.0,779.0,5008.0,2587.0,510.0,525.0,387.0,352.0,0.0,0.0,6905.0,701.0,2024-12-02 22:30:00,2024-12-02,12.0
02/12/2024,23:00,58709.0,58500.0,56500.0,96.0,15.0,5015.0,48989.0,7145.0,0.0,7430.0,-6.0,1258.0,-11107.0,33.0,-2408.0,-2700.0,-1602.0,-3152.0,-726.0,15.0,59.0,22.0,72.0,884.0,3279.0,780.0,4981.0,2183.0,266.0,526.0,381.0,351.0,0.0,0.0,6627.0,518.0,2024-12-02 23:00:00,2024-12-02,12.0
02/12/2024,23:30,57898.0,57900.0,56200.0,96.0,15.0,4372.0,49051.0,6775.0,0.0,7254.0,-6.0,1262.0,-10813.0,30.0,-2408.0,-2700.0,-1602.0,-3152.0,411.0,15.0,59.0,21.0,72.0,885.0,2634.0,781.0,4995.0,2159.0,100.0,530.0,382.0,350.0,0.0,0.0,6410.0,365.0,2024-12-02 23:30:00,2024-12-02,12.0
