unit,start_date,value_MW
BUGEY-2,2024-01-18T00:00:00+01:00,906
BUGEY-2,2024-01-18T01:00:00+01:00,906
BUGEY-2,2024-01-18T02:00:00+01:00,906
BUGEY-2,2024-01-18T03:00:00+01:00,906
BUGEY-2,2024-01-18T04:00:00+01:00,906
BUGEY-2,2024-01-18T05:00:00+01:00,906
BUGEY-2,2024-01-18T06:00:00+01:00,906
BUGEY-2,2024-01-18T07:00:00+01:00,906
BUGEY-2,2024-01-18T08:00:00+01:00,906
BUGEY-2,2024-01-18T09:00:00+01:00,906
BUGEY-2,2024-01-18T10:00:00+01:00,906
BUGEY-2,2024-01-18T11:00:00+01:00,905
BUGEY-2,2024-01-18T12:00:00+01:00,905
BUGEY-2,2024-01-18T13:00:00+01:00,905
BUGEY-2,2024-01-18T14:00:00+01:00,905
BUGEY-2,2024-01-18T15:00:00+01:00,906
BUGEY-2,2024-01-18T16:00:00+01:00,906
BUGEY-2,2024-01-18T17:00:00+01:00,906
BUGEY-2,2024-01-18T18:00:00+01:00,907
BUGEY-2,2024-01-18T19:00:00+01:00,906
BUGEY-2,2024-01-18T20:00:00+01:00,902
BUGEY-2,2024-01-18T21:00:00+01:00,903
BUGEY-2,2024-01-18T22:00:00+01:00,903
BUGEY-2,2024-01-18T23:00:00+01:00,903
BUGEY-3,2024-01-18T00:00:00+01:00,0
BUGEY-3,2024-01-18T01:00:00+01:00,0
BUGEY-3,2024-01-18T02:00:00+01:00,0
BUGEY-3,2024-01-18T03:00:00+01:00,0
BUGEY-3,2024-01-18T04:00:00+01:00,0
BUGEY-3,2024-01-18T05:00:00+01:00,0
BUGEY-3,2024-01-18T06:00:00+01:00,0
BUGEY-3,2024-01-18T07:00:00+01:00,0
BUGEY-3,2024-01-18T08:00:00+01:00,0
BUGEY-3,2024-01-18T09:00:00+01:00,0
BUGEY-3,2024-01-18T10:00:00+01:00,0
BUGEY-3,2024-01-18T11:00:00+01:00,0
BUGEY-3,2024-01-18T12:00:00+01:00,0
BUGEY-3,2024-01-18T13:00:00+01:00,0
BUGEY-3,2024-01-18T14:00:00+01:00,0
BUGEY-3,2024-01-18T15:00:00+01:00,0
BUGEY-3,2024-01-18T16:00:00+01:00,0
BUGEY-3,2024-01-18T17:00:00+01:00,0
BUGEY-3,2024-01-18T18:00:00+01:00,0
BUGEY-3,2024-01-18T19:00:00+01:00,0
BUGEY-3,2024-01-18T20:00:00+01:00,0
BUGEY-3,2024-01-18T21:00:00+01:00,0
BUGEY-3,2024-01-18T22:00:00+01:00,0
BUGEY-3,2024-01-18T23:00:00+01:00,0
BUGEY-4,2024-01-18T00:00:00+01:00,125
BUGEY-4,2024-01-18T01:00:00+01:00,124
BUGEY-4,2024-01-18T02:00:00+01:00,125
BUGEY-4,2024-01-18T03:00:00+01:00,125
BUGEY-4,2024-01-18T04:00:00+01:00,125
BUGEY-4,2024-01-18T05:00:00+01:00,124
BUGEY-4,2024-01-18T06:00:00+01:00,124
BUGEY-4,2024-01-18T07:00:00+01:00,124
BUGEY-4,2024-01-18T08:00:00+01:00,124
BUGEY-4,2024-01-18T09:00:00+01:00,123
BUGEY-4,2024-01-18T10:00:00+01:00,123
BUGEY-4,2024-01-18T11:00:00+01:00,123
BUGEY-4,2024-01-18T12:00:00+01:00,123
BUGEY-4,2024-01-18T13:00:00+01:00,123
BUGEY-4,2024-01-18T14:00:00+01:00,123
BUGEY-4,2024-01-18T15:00:00+01:00,124
BUGEY-4,2024-01-18T16:00:00+01:00,125
BUGEY-4,2024-01-18T17:00:00+01:00,126
BUGEY-4,2024-01-18T18:00:00+01:00,128
BUGEY-4,2024-01-18T19:00:00+01:00,128
BUGEY-4,2024-01-18T20:00:00+01:00,129
BUGEY-4,2024-01-18T21:00:00+01:00,128
BUGEY-4,2024-01-18T22:00:00+01:00,128
BUGEY-4,2024-01-18T23:00:00+01:00,129
BUGEY-5,2024-01-18T00:00:00+01:00,-17
BUGEY-5,2024-01-18T01:00:00+01:00,-17
BUGEY-5,2024-01-18T02:00:00+01:00,-17
BUGEY-5,2024-01-18T03:00:00+01:00,-17
BUGEY-5,2024-01-18T04:00:00+01:00,-17
BUGEY-5,2024-01-18T05:00:00+01:00,-17
BUGEY-5,2024-01-18T06:00:00+01:00,-17
BUGEY-5,2024-01-18T07:00:00+01:00,-17
BUGEY-5,2024-01-18T08:00:00+01:00,-17
BUGEY-5,2024-01-18T09:00:00+01:00,-17
BUGEY-5,2024-01-18T10:00:00+01:00,-17
BUGEY-5,2024-01-18T11:00:00+01:00,-17
BUGEY-5,2024-01-18T12:00:00+01:00,-17
BUGEY-5,2024-01-18T13:00:00+01:00,-17
BUGEY-5,2024-01-18T14:00:00+01:00,-17
BUGEY-5,2024-01-18T15:00:00+01:00,-17
BUGEY-5,2024-01-18T16:00:00+01:00,-17
BUGEY-5,2024-01-18T17:00:00+01:00,-17
BUGEY-5,2024-01-18T18:00:00+01:00,-17
BUGEY-5,2024-01-18T19:00:00+01:00,-17
BUGEY-5,2024-01-18T20:00:00+01:00,-17
BUGEY-5,2024-01-18T21:00:00+01:00,-17
BUGEY-5,2024-01-18T22:00:00+01:00,-17
BUGEY-5,2024-01-18T23:00:00+01:00,-17
GRAVELINES-1,2024-01-18T00:00:00+01:00,905
GRAVELINES-1,2024-01-18T01:00:00+01:00,905
GRAVELINES-1,2024-01-18T02:00:00+01:00,905
GRAVELINES-1,2024-01-18T03:00:00+01:00,906
GRAVELINES-1,2024-01-18T04:00:00+01:00,906
GRAVELINES-1,2024-01-18T05:00:00+01:00,907
GRAVELINES-1,2024-01-18T06:00:00+01:00,906
GRAVELINES-1,2024-01-18T07:00:00+01:00,906
GRAVELINES-1,2024-01-18T08:00:00+01:00,906
GRAVELINES-1,2024-01-18T09:00:00+01:00,906
GRAVELINES-1,2024-01-18T10:00:00+01:00,905
GRAVELINES-1,2024-01-18T11:00:00+01:00,905
GRAVELINES-1,2024-01-18T12:00:00+01:00,905
GRAVELINES-1,2024-01-18T13:00:00+01:00,905
GRAVELINES-1,2024-01-18T14:00:00+01:00,905
GRAVELINES-1,2024-01-18T15:00:00+01:00,906
GRAVELINES-1,2024-01-18T16:00:00+01:00,906
GRAVELINES-1,2024-01-18T17:00:00+01:00,907
GRAVELINES-1,2024-01-18T18:00:00+01:00,907
GRAVELINES-1,2024-01-18T19:00:00+01:00,907
GRAVELINES-1,2024-01-18T20:00:00+01:00,907
GRAVELINES-1,2024-01-18T21:00:00+01:00,906
GRAVELINES-1,2024-01-18T22:00:00+01:00,906
GRAVELINES-1,2024-01-18T23:00:00+01:00,906
GRAVELINES-2,2024-01-18T00:00:00+01:00,-3
GRAVELINES-2,2024-01-18T01:00:00+01:00,-3
GRAVELINES-2,2024-01-18T02:00:00+01:00,-3
GRAVELINES-2,2024-01-18T03:00:00+01:00,-3
GRAVELINES-2,2024-01-18T04:00:00+01:00,-3
GRAVELINES-2,2024-01-18T05:00:00+01:00,-3
GRAVELINES-2,2024-01-18T06:00:00+01:00,-3
GRAVELINES-2,2024-01-18T07:00:00+01:00,-3
GRAVELINES-2,2024-01-18T08:00:00+01:00,-3
GRAVELINES-2,2024-01-18T09:00:00+01:00,-3
GRAVELINES-2,2024-01-18T10:00:00+01:00,-3
GRAVELINES-2,2024-01-18T11:00:00+01:00,-3
GRAVELINES-2,2024-01-18T12:00:00+01:00,-3
GRAVELINES-2,2024-01-18T13:00:00+01:00,-3
GRAVELINES-2,2024-01-18T14:00:00+01:00,-3
GRAVELINES-2,2024-01-18T15:00:00+01:00,-3
GRAVELINES-2,2024-01-18T16:00:00+01:00,-3
GRAVELINES-2,2024-01-18T17:00:00+01:00,-3
GRAVELINES-2,2024-01-18T18:00:00+01:00,-3
GRAVELINES-2,2024-01-18T19:00:00+01:00,-3
GRAVELINES-2,2024-01-18T20:00:00+01:00,-3
GRAVELINES-2,2024-01-18T21:00:00+01:00,-3
GRAVELINES-2,2024-01-18T22:00:00+01:00,-3
GRAVELINES-2,2024-01-18T23:00:00+01:00,-3
GRAVELINES-3,2024-01-18T00:00:00+01:00,914
GRAVELINES-3,2024-01-18T01:00:00+01:00,914
GRAVELINES-3,2024-01-18T02:00:00+01:00,914
GRAVELINES-3,2024-01-18T03:00:00+01:00,914
GRAVELINES-3,2024-01-18T04:00:00+01:00,915
GRAVELINES-3,2024-01-18T05:00:00+01:00,915
GRAVELINES-3,2024-01-18T06:00:00+01:00,915
GRAVELINES-3,2024-01-18T07:00:00+01:00,915
GRAVELINES-3,2024-01-18T08:00:00+01:00,915
GRAVELINES-3,2024-01-18T09:00:00+01:00,914
GRAVELINES-3,2024-01-18T10:00:00+01:00,914
GRAVELINES-3,2024-01-18T11:00:00+01:00,914
GRAVELINES-3,2024-01-18T12:00:00+01:00,914
GRAVELINES-3,2024-01-18T13:00:00+01:00,914
GRAVELINES-3,2024-01-18T14:00:00+01:00,914
GRAVELINES-3,2024-01-18T15:00:00+01:00,915
GRAVELINES-3,2024-01-18T16:00:00+01:00,915
GRAVELINES-3,2024-01-18T17:00:00+01:00,916
GRAVELINES-3,2024-01-18T18:00:00+01:00,915
GRAVELINES-3,2024-01-18T19:00:00+01:00,916
GRAVELINES-3,2024-01-18T20:00:00+01:00,916
GRAVELINES-3,2024-01-18T21:00:00+01:00,915
GRAVELINES-3,2024-01-18T22:00:00+01:00,915
GRAVELINES-3,2024-01-18T23:00:00+01:00,914
DAMPIERRE-1,2024-01-18T00:00:00+01:00,867
DAMPIERRE-1,2024-01-18T01:00:00+01:00,824
DAMPIERRE-1,2024-01-18T02:00:00+01:00,815
DAMPIERRE-1,2024-01-18T03:00:00+01:00,867
DAMPIERRE-1,2024-01-18T04:00:00+01:00,870
DAMPIERRE-1,2024-01-18T05:00:00+01:00,884
DAMPIERRE-1,2024-01-18T06:00:00+01:00,882
DAMPIERRE-1,2024-01-18T07:00:00+01:00,888
DAMPIERRE-1,2024-01-18T08:00:00+01:00,888
DAMPIERRE-1,2024-01-18T09:00:00+01:00,888
DAMPIERRE-1,2024-01-18T10:00:00+01:00,889
DAMPIERRE-1,2024-01-18T11:00:00+01:00,889
DAMPIERRE-1,2024-01-18T12:00:00+01:00,889
DAMPIERRE-1,2024-01-18T13:00:00+01:00,887
DAMPIERRE-1,2024-01-18T14:00:00+01:00,885
DAMPIERRE-1,2024-01-18T15:00:00+01:00,885
DAMPIERRE-1,2024-01-18T16:00:00+01:00,885
DAMPIERRE-1,2024-01-18T17:00:00+01:00,885
DAMPIERRE-1,2024-01-18T18:00:00+01:00,885
DAMPIERRE-1,2024-01-18T19:00:00+01:00,885
DAMPIERRE-1,2024-01-18T20:00:00+01:00,885
DAMPIERRE-1,2024-01-18T21:00:00+01:00,885
DAMPIERRE-1,2024-01-18T22:00:00+01:00,887
DAMPIERRE-1,2024-01-18T23:00:00+01:00,887
DAMPIERRE-2,2024-01-18T00:00:00+01:00,827
DAMPIERRE-2,2024-01-18T01:00:00+01:00,827
DAMPIERRE-2,2024-01-18T02:00:00+01:00,825
DAMPIERRE-2,2024-01-18T03:00:00+01:00,826
DAMPIERRE-2,2024-01-18T04:00:00+01:00,825
DAMPIERRE-2,2024-01-18T05:00:00+01:00,835
DAMPIERRE-2,2024-01-18T06:00:00+01:00,837
DAMPIERRE-2,2024-01-18T07:00:00+01:00,839
DAMPIERRE-2,2024-01-18T08:00:00+01:00,840
DAMPIERRE-2,2024-01-18T09:00:00+01:00,840
DAMPIERRE-2,2024-01-18T10:00:00+01:00,841
DAMPIERRE-2,2024-01-18T11:00:00+01:00,842
DAMPIERRE-2,2024-01-18T12:00:00+01:00,839
DAMPIERRE-2,2024-01-18T13:00:00+01:00,839
DAMPIERRE-2,2024-01-18T14:00:00+01:00,838
DAMPIERRE-2,2024-01-18T15:00:00+01:00,837
DAMPIERRE-2,2024-01-18T16:00:00+01:00,838
DAMPIERRE-2,2024-01-18T17:00:00+01:00,837
DAMPIERRE-2,2024-01-18T18:00:00+01:00,835
DAMPIERRE-2,2024-01-18T19:00:00+01:00,835
DAMPIERRE-2,2024-01-18T20:00:00+01:00,835
DAMPIERRE-2,2024-01-18T21:00:00+01:00,834
DAMPIERRE-2,2024-01-18T22:00:00+01:00,834
DAMPIERRE-2,2024-01-18T23:00:00+01:00,834
TRICASTIN-1,2024-01-18T00:00:00+01:00,898
TRICASTIN-1,2024-01-18T01:00:00+01:00,897
TRICASTIN-1,2024-01-18T02:00:00+01:00,898
TRICASTIN-1,2024-01-18T03:00:00+01:00,897
TRICASTIN-1,2024-01-18T04:00:00+01:00,812
TRICASTIN-1,2024-01-18T05:00:00+01:00,821
TRICASTIN-1,2024-01-18T06:00:00+01:00,841
TRICASTIN-1,2024-01-18T07:00:00+01:00,828
TRICASTIN-1,2024-01-18T08:00:00+01:00,835
TRICASTIN-1,2024-01-18T09:00:00+01:00,875
TRICASTIN-1,2024-01-18T10:00:00+01:00,867
TRICASTIN-1,2024-01-18T11:00:00+01:00,869
TRICASTIN-1,2024-01-18T12:00:00+01:00,825
TRICASTIN-1,2024-01-18T13:00:00+01:00,869
TRICASTIN-1,2024-01-18T14:00:00+01:00,868
TRICASTIN-1,2024-01-18T15:00:00+01:00,878
TRICASTIN-1,2024-01-18T16:00:00+01:00,894
TRICASTIN-1,2024-01-18T17:00:00+01:00,861
TRICASTIN-1,2024-01-18T18:00:00+01:00,861
TRICASTIN-1,2024-01-18T19:00:00+01:00,866
TRICASTIN-1,2024-01-18T20:00:00+01:00,874
TRICASTIN-1,2024-01-18T21:00:00+01:00,899
TRICASTIN-1,2024-01-18T22:00:00+01:00,899
TRICASTIN-1,2024-01-18T23:00:00+01:00,897
TRICASTIN-2,2024-01-18T00:00:00+01:00,933
TRICASTIN-2,2024-01-18T01:00:00+01:00,933
TRICASTIN-2,2024-01-18T02:00:00+01:00,933
TRICASTIN-2,2024-01-18T03:00:00+01:00,933
TRICASTIN-2,2024-01-18T04:00:00+01:00,933
TRICASTIN-2,2024-01-18T05:00:00+01:00,933
TRICASTIN-2,2024-01-18T06:00:00+01:00,933
TRICASTIN-2,2024-01-18T07:00:00+01:00,933
TRICASTIN-2,2024-01-18T08:00:00+01:00,933
TRICASTIN-2,2024-01-18T09:00:00+01:00,933
TRICASTIN-2,2024-01-18T10:00:00+01:00,933
TRICASTIN-2,2024-01-18T11:00:00+01:00,933
TRICASTIN-2,2024-01-18T12:00:00+01:00,933
TRICASTIN-2,2024-01-18T13:00:00+01:00,933
TRICASTIN-2,2024-01-18T14:00:00+01:00,933
TRICASTIN-2,2024-01-18T15:00:00+01:00,933
TRICASTIN-2,2024-01-18T16:00:00+01:00,933
TRICASTIN-2,2024-01-18T17:00:00+01:00,933
TRICASTIN-2,2024-01-18T18:00:00+01:00,933
TRICASTIN-2,2024-01-18T19:00:00+01:00,933
TRICASTIN-2,2024-01-18T20:00:00+01:00,933
TRICASTIN-2,2024-01-18T21:00:00+01:00,933
TRICASTIN-2,2024-01-18T22:00:00+01:00,933
TRICASTIN-2,2024-01-18T23:00:00+01:00,932
BUGEY-2,2024-02-04T00:00:00+01:00,911
BUGEY-2,2024-02-04T01:00:00+01:00,912
BUGEY-2,2024-02-04T02:00:00+01:00,912
BUGEY-2,2024-02-04T03:00:00+01:00,911
BUGEY-2,2024-02-04T04:00:00+01:00,912
BUGEY-2,2024-02-04T05:00:00+01:00,912
BUGEY-2,2024-02-04T06:00:00+01:00,912
BUGEY-2,2024-02-04T07:00:00+01:00,911
BUGEY-2,2024-02-04T08:00:00+01:00,911
BUGEY-2,2024-02-04T09:00:00+01:00,911
BUGEY-2,2024-02-04T10:00:00+01:00,911
BUGEY-2,2024-02-04T11:00:00+01:00,911
BUGEY-2,2024-02-04T12:00:00+01:00,911
BUGEY-2,2024-02-04T13:00:00+01:00,911
BUGEY-2,2024-02-04T14:00:00+01:00,911
BUGEY-2,2024-02-04T15:00:00+01:00,911
BUGEY-2,2024-02-04T16:00:00+01:00,911
BUGEY-2,2024-02-04T17:00:00+01:00,911
BUGEY-2,2024-02-04T18:00:00+01:00,911
BUGEY-2,2024-02-04T19:00:00+01:00,911
BUGEY-2,2024-02-04T20:00:00+01:00,911
BUGEY-2,2024-02-04T21:00:00+01:00,911
BUGEY-2,2024-02-04T22:00:00+01:00,911
BUGEY-2,2024-02-04T23:00:00+01:00,911
BUGEY-3,2024-02-04T00:00:00+01:00,0
BUGEY-3,2024-02-04T01:00:00+01:00,0
BUGEY-3,2024-02-04T02:00:00+01:00,0
BUGEY-3,2024-02-04T03:00:00+01:00,0
BUGEY-3,2024-02-04T04:00:00+01:00,0
BUGEY-3,2024-02-04T05:00:00+01:00,0
BUGEY-3,2024-02-04T06:00:00+01:00,0
BUGEY-3,2024-02-04T07:00:00+01:00,0
BUGEY-3,2024-02-04T08:00:00+01:00,0
BUGEY-3,2024-02-04T09:00:00+01:00,0
BUGEY-3,2024-02-04T10:00:00+01:00,0
BUGEY-3,2024-02-04T11:00:00+01:00,0
BUGEY-3,2024-02-04T12:00:00+01:00,0
BUGEY-3,2024-02-04T13:00:00+01:00,0
BUGEY-3,2024-02-04T14:00:00+01:00,0
BUGEY-3,2024-02-04T15:00:00+01:00,0
BUGEY-3,2024-02-04T16:00:00+01:00,0
BUGEY-3,2024-02-04T17:00:00+01:00,0
BUGEY-3,2024-02-04T18:00:00+01:00,0
BUGEY-3,2024-02-04T19:00:00+01:00,0
BUGEY-3,2024-02-04T20:00:00+01:00,0
BUGEY-3,2024-02-04T21:00:00+01:00,0
BUGEY-3,2024-02-04T22:00:00+01:00,0
BUGEY-3,2024-02-04T23:00:00+01:00,0
BUGEY-4,2024-02-04T00:00:00+01:00,875
BUGEY-4,2024-02-04T01:00:00+01:00,875
BUGEY-4,2024-02-04T02:00:00+01:00,875
BUGEY-4,2024-02-04T03:00:00+01:00,875
BUGEY-4,2024-02-04T04:00:00+01:00,875
BUGEY-4,2024-02-04T05:00:00+01:00,875
BUGEY-4,2024-02-04T06:00:00+01:00,875
BUGEY-4,2024-02-04T07:00:00+01:00,875
BUGEY-4,2024-02-04T08:00:00+01:00,876
BUGEY-4,2024-02-04T09:00:00+01:00,877
BUGEY-4,2024-02-04T10:00:00+01:00,876
BUGEY-4,2024-02-04T11:00:00+01:00,875
BUGEY-4,2024-02-04T12:00:00+01:00,875
BUGEY-4,2024-02-04T13:00:00+01:00,874
BUGEY-4,2024-02-04T14:00:00+01:00,874
BUGEY-4,2024-02-04T15:00:00+01:00,874
BUGEY-4,2024-02-04T16:00:00+01:00,874
BUGEY-4,2024-02-04T17:00:00+01:00,874
BUGEY-4,2024-02-04T18:00:00+01:00,874
BUGEY-4,2024-02-04T19:00:00+01:00,873
BUGEY-4,2024-02-04T20:00:00+01:00,873
BUGEY-4,2024-02-04T21:00:00+01:00,874
BUGEY-4,2024-02-04T22:00:00+01:00,874
BUGEY-4,2024-02-04T23:00:00+01:00,874
BUGEY-5,2024-02-04T00:00:00+01:00,898
BUGEY-5,2024-02-04T01:00:00+01:00,898
BUGEY-5,2024-02-04T02:00:00+01:00,898
BUGEY-5,2024-02-04T03:00:00+01:00,897
BUGEY-5,2024-02-04T04:00:00+01:00,897
BUGEY-5,2024-02-04T05:00:00+01:00,898
BUGEY-5,2024-02-04T06:00:00+01:00,897
BUGEY-5,2024-02-04T07:00:00+01:00,897
BUGEY-5,2024-02-04T08:00:00+01:00,898
BUGEY-5,2024-02-04T09:00:00+01:00,897
BUGEY-5,2024-02-04T10:00:00+01:00,898
BUGEY-5,2024-02-04T11:00:00+01:00,897
BUGEY-5,2024-02-04T12:00:00+01:00,897
BUGEY-5,2024-02-04T13:00:00+01:00,897
BUGEY-5,2024-02-04T14:00:00+01:00,897
BUGEY-5,2024-02-04T15:00:00+01:00,897
BUGEY-5,2024-02-04T16:00:00+01:00,897
BUGEY-5,2024-02-04T17:00:00+01:00,897
BUGEY-5,2024-02-04T18:00:00+01:00,897
BUGEY-5,2024-02-04T19:00:00+01:00,898
BUGEY-5,2024-02-04T20:00:00+01:00,898
BUGEY-5,2024-02-04T21:00:00+01:00,897
BUGEY-5,2024-02-04T22:00:00+01:00,897
BUGEY-5,2024-02-04T23:00:00+01:00,897
GRAVELINES-1,2024-02-04T00:00:00+01:00,905
GRAVELINES-1,2024-02-04T01:00:00+01:00,905
GRAVELINES-1,2024-02-04T02:00:00+01:00,905
GRAVELINES-1,2024-02-04T03:00:00+01:00,906
GRAVELINES-1,2024-02-04T04:00:00+01:00,906
GRAVELINES-1,2024-02-04T05:00:00+01:00,907
GRAVELINES-1,2024-02-04T06:00:00+01:00,907
GRAVELINES-1,2024-02-04T07:00:00+01:00,907
GRAVELINES-1,2024-02-04T08:00:00+01:00,907
GRAVELINES-1,2024-02-04T09:00:00+01:00,906
GRAVELINES-1,2024-02-04T10:00:00+01:00,906
GRAVELINES-1,2024-02-04T11:00:00+01:00,905
GRAVELINES-1,2024-02-04T12:00:00+01:00,905
GRAVELINES-1,2024-02-04T13:00:00+01:00,905
GRAVELINES-1,2024-02-04T14:00:00+01:00,905
GRAVELINES-1,2024-02-04T15:00:00+01:00,905
GRAVELINES-1,2024-02-04T16:00:00+01:00,906
GRAVELINES-1,2024-02-04T17:00:00+01:00,906
GRAVELINES-1,2024-02-04T18:00:00+01:00,907
GRAVELINES-1,2024-02-04T19:00:00+01:00,907
GRAVELINES-1,2024-02-04T20:00:00+01:00,907
GRAVELINES-1,2024-02-04T21:00:00+01:00,907
GRAVELINES-1,2024-02-04T22:00:00+01:00,907
GRAVELINES-1,2024-02-04T23:00:00+01:00,906
GRAVELINES-2,2024-02-04T00:00:00+01:00,-30
GRAVELINES-2,2024-02-04T01:00:00+01:00,-30
GRAVELINES-2,2024-02-04T02:00:00+01:00,-30
GRAVELINES-2,2024-02-04T03:00:00+01:00,-30
GRAVELINES-2,2024-02-04T04:00:00+01:00,-30
GRAVELINES-2,2024-02-04T05:00:00+01:00,-30
GRAVELINES-2,2024-02-04T06:00:00+01:00,-30
GRAVELINES-2,2024-02-04T07:00:00+01:00,-30
GRAVELINES-2,2024-02-04T08:00:00+01:00,-30
GRAVELINES-2,2024-02-04T09:00:00+01:00,-30
GRAVELINES-2,2024-02-04T10:00:00+01:00,-30
GRAVELINES-2,2024-02-04T11:00:00+01:00,-30
GRAVELINES-2,2024-02-04T12:00:00+01:00,-31
GRAVELINES-2,2024-02-04T13:00:00+01:00,-31
GRAVELINES-2,2024-02-04T14:00:00+01:00,-31
GRAVELINES-2,2024-02-04T15:00:00+01:00,-31
GRAVELINES-2,2024-02-04T16:00:00+01:00,-31
GRAVELINES-2,2024-02-04T17:00:00+01:00,-31
GRAVELINES-2,2024-02-04T18:00:00+01:00,-31
GRAVELINES-2,2024-02-04T19:00:00+01:00,-31
GRAVELINES-2,2024-02-04T20:00:00+01:00,-31
GRAVELINES-2,2024-02-04T21:00:00+01:00,-32
GRAVELINES-2,2024-02-04T22:00:00+01:00,-32
GRAVELINES-2,2024-02-04T23:00:00+01:00,-32
GRAVELINES-3,2024-02-04T00:00:00+01:00,911
GRAVELINES-3,2024-02-04T01:00:00+01:00,911
GRAVELINES-3,2024-02-04T02:00:00+01:00,911
GRAVELINES-3,2024-02-04T03:00:00+01:00,911
GRAVELINES-3,2024-02-04T04:00:00+01:00,912
GRAVELINES-3,2024-02-04T05:00:00+01:00,912
GRAVELINES-3,2024-02-04T06:00:00+01:00,912
GRAVELINES-3,2024-02-04T07:00:00+01:00,809
GRAVELINES-3,2024-02-04T08:00:00+01:00,777
GRAVELINES-3,2024-02-04T09:00:00+01:00,822
GRAVELINES-3,2024-02-04T10:00:00+01:00,832
GRAVELINES-3,2024-02-04T11:00:00+01:00,846
GRAVELINES-3,2024-02-04T12:00:00+01:00,833
GRAVELINES-3,2024-02-04T13:00:00+01:00,824
GRAVELINES-3,2024-02-04T14:00:00+01:00,823
GRAVELINES-3,2024-02-04T15:00:00+01:00,826
GRAVELINES-3,2024-02-04T16:00:00+01:00,826
GRAVELINES-3,2024-02-04T17:00:00+01:00,851
GRAVELINES-3,2024-02-04T18:00:00+01:00,833
GRAVELINES-3,2024-02-04T19:00:00+01:00,819
GRAVELINES-3,2024-02-04T20:00:00+01:00,835
GRAVELINES-3,2024-02-04T21:00:00+01:00,834
GRAVELINES-3,2024-02-04T22:00:00+01:00,815
GRAVELINES-3,2024-02-04T23:00:00+01:00,814
DAMPIERRE-1,2024-02-04T00:00:00+01:00,875
DAMPIERRE-1,2024-02-04T01:00:00+01:00,874
DAMPIERRE-1,2024-02-04T02:00:00+01:00,875
DAMPIERRE-1,2024-02-04T03:00:00+01:00,875
DAMPIERRE-1,2024-02-04T04:00:00+01:00,875
DAMPIERRE-1,2024-02-04T05:00:00+01:00,875
DAMPIERRE-1,2024-02-04T06:00:00+01:00,875
DAMPIERRE-1,2024-02-04T07:00:00+01:00,875
DAMPIERRE-1,2024-02-04T08:00:00+01:00,875
DAMPIERRE-1,2024-02-04T09:00:00+01:00,875
DAMPIERRE-1,2024-02-04T10:00:00+01:00,875
DAMPIERRE-1,2024-02-04T11:00:00+01:00,875
DAMPIERRE-1,2024-02-04T12:00:00+01:00,875
DAMPIERRE-1,2024-02-04T13:00:00+01:00,874
DAMPIERRE-1,2024-02-04T14:00:00+01:00,874
DAMPIERRE-1,2024-02-04T15:00:00+01:00,875
DAMPIERRE-1,2024-02-04T16:00:00+01:00,875
DAMPIERRE-1,2024-02-04T17:00:00+01:00,875
DAMPIERRE-1,2024-02-04T18:00:00+01:00,874
DAMPIERRE-1,2024-02-04T19:00:00+01:00,875
DAMPIERRE-1,2024-02-04T20:00:00+01:00,875
DAMPIERRE-1,2024-02-04T21:00:00+01:00,875
DAMPIERRE-1,2024-02-04T22:00:00+01:00,875
DAMPIERRE-1,2024-02-04T23:00:00+01:00,875
DAMPIERRE-2,2024-02-04T00:00:00+01:00,-33
DAMPIERRE-2,2024-02-04T01:00:00+01:00,-33
DAMPIERRE-2,2024-02-04T02:00:00+01:00,-35
DAMPIERRE-2,2024-02-04T03:00:00+01:00,-36
DAMPIERRE-2,2024-02-04T04:00:00+01:00,-37
DAMPIERRE-2,2024-02-04T05:00:00+01:00,-34
DAMPIERRE-2,2024-02-04T06:00:00+01:00,-33
DAMPIERRE-2,2024-02-04T07:00:00+01:00,-33
DAMPIERRE-2,2024-02-04T08:00:00+01:00,-33
DAMPIERRE-2,2024-02-04T09:00:00+01:00,-33
DAMPIERRE-2,2024-02-04T10:00:00+01:00,-27
DAMPIERRE-2,2024-02-04T11:00:00+01:00,-23
DAMPIERRE-2,2024-02-04T12:00:00+01:00,-23
DAMPIERRE-2,2024-02-04T13:00:00+01:00,-23
DAMPIERRE-2,2024-02-04T14:00:00+01:00,-23
DAMPIERRE-2,2024-02-04T15:00:00+01:00,-23
DAMPIERRE-2,2024-02-04T16:00:00+01:00,-23
DAMPIERRE-2,2024-02-04T17:00:00+01:00,-23
DAMPIERRE-2,2024-02-04T18:00:00+01:00,-23
DAMPIERRE-2,2024-02-04T19:00:00+01:00,-23
DAMPIERRE-2,2024-02-04T20:00:00+01:00,-23
DAMPIERRE-2,2024-02-04T21:00:00+01:00,-23
DAMPIERRE-2,2024-02-04T22:00:00+01:00,-23
DAMPIERRE-2,2024-02-04T23:00:00+01:00,-23
TRICASTIN-1,2024-02-04T00:00:00+01:00,840
TRICASTIN-1,2024-02-04T01:00:00+01:00,803
TRICASTIN-1,2024-02-04T02:00:00+01:00,809
TRICASTIN-1,2024-02-04T03:00:00+01:00,559
TRICASTIN-1,2024-02-04T04:00:00+01:00,206
TRICASTIN-1,2024-02-04T05:00:00+01:00,199
TRICASTIN-1,2024-02-04T06:00:00+01:00,238
TRICASTIN-1,2024-02-04T07:00:00+01:00,207
TRICASTIN-1,2024-02-04T08:00:00+01:00,190
TRICASTIN-1,2024-02-04T09:00:00+01:00,236
TRICASTIN-1,2024-02-04T10:00:00+01:00,244
TRICASTIN-1,2024-02-04T11:00:00+01:00,253
TRICASTIN-1,2024-02-04T12:00:00+01:00,245
TRICASTIN-1,2024-02-04T13:00:00+01:00,239
TRICASTIN-1,2024-02-04T14:00:00+01:00,245
TRICASTIN-1,2024-02-04T15:00:00+01:00,680
TRICASTIN-1,2024-02-04T16:00:00+01:00,825
TRICASTIN-1,2024-02-04T17:00:00+01:00,850
TRICASTIN-1,2024-02-04T18:00:00+01:00,820
TRICASTIN-1,2024-02-04T19:00:00+01:00,816
TRICASTIN-1,2024-02-04T20:00:00+01:00,832
TRICASTIN-1,2024-02-04T21:00:00+01:00,831
TRICASTIN-1,2024-02-04T22:00:00+01:00,811
TRICASTIN-1,2024-02-04T23:00:00+01:00,812
TRICASTIN-2,2024-02-04T00:00:00+01:00,935
TRICASTIN-2,2024-02-04T01:00:00+01:00,935
TRICASTIN-2,2024-02-04T02:00:00+01:00,935
TRICASTIN-2,2024-02-04T03:00:00+01:00,935
TRICASTIN-2,2024-02-04T04:00:00+01:00,935
TRICASTIN-2,2024-02-04T05:00:00+01:00,935
TRICASTIN-2,2024-02-04T06:00:00+01:00,935
TRICASTIN-2,2024-02-04T07:00:00+01:00,935
TRICASTIN-2,2024-02-04T08:00:00+01:00,935
TRICASTIN-2,2024-02-04T09:00:00+01:00,935
TRICASTIN-2,2024-02-04T10:00:00+01:00,935
TRICASTIN-2,2024-02-04T11:00:00+01:00,935
TRICASTIN-2,2024-02-04T12:00:00+01:00,935
TRICASTIN-2,2024-02-04T13:00:00+01:00,935
TRICASTIN-2,2024-02-04T14:00:00+01:00,935
TRICASTIN-2,2024-02-04T15:00:00+01:00,935
TRICASTIN-2,2024-02-04T16:00:00+01:00,935
TRICASTIN-2,2024-02-04T17:00:00+01:00,935
TRICASTIN-2,2024-02-04T18:00:00+01:00,935
TRICASTIN-2,2024-02-04T19:00:00+01:00,935
TRICASTIN-2,2024-02-04T20:00:00+01:00,935
TRICASTIN-2,2024-02-04T21:00:00+01:00,935
TRICASTIN-2,2024-02-04T22:00:00+01:00,935
TRICASTIN-2,2024-02-04T23:00:00+01:00,935
BUGEY-2,2024-03-12T00:00:00+01:00,917
BUGEY-2,2024-03-12T01:00:00+01:00,917
BUGEY-2,2024-03-12T02:00:00+01:00,917
BUGEY-2,2024-03-12T03:00:00+01:00,918
BUGEY-2,2024-03-12T04:00:00+01:00,918
BUGEY-2,2024-03-12T05:00:00+01:00,918
BUGEY-2,2024-03-12T06:00:00+01:00,918
BUGEY-2,2024-03-12T07:00:00+01:00,918
BUGEY-2,2024-03-12T08:00:00+01:00,918
BUGEY-2,2024-03-12T09:00:00+01:00,917
BUGEY-2,2024-03-12T10:00:00+01:00,917
BUGEY-2,2024-03-12T11:00:00+01:00,916
BUGEY-2,2024-03-12T12:00:00+01:00,916
BUGEY-2,2024-03-12T13:00:00+01:00,916
BUGEY-2,2024-03-12T14:00:00+01:00,916
BUGEY-2,2024-03-12T15:00:00+01:00,916
BUGEY-2,2024-03-12T16:00:00+01:00,915
BUGEY-2,2024-03-12T17:00:00+01:00,915
BUGEY-2,2024-03-12T18:00:00+01:00,916
BUGEY-2,2024-03-12T19:00:00+01:00,915
BUGEY-2,2024-03-12T20:00:00+01:00,915
BUGEY-2,2024-03-12T21:00:00+01:00,915
BUGEY-2,2024-03-12T22:00:00+01:00,915
BUGEY-2,2024-03-12T23:00:00+01:00,915
BUGEY-3,2024-03-12T00:00:00+01:00,0
BUGEY-3,2024-03-12T01:00:00+01:00,0
BUGEY-3,2024-03-12T02:00:00+01:00,0
BUGEY-3,2024-03-12T03:00:00+01:00,0
BUGEY-3,2024-03-12T04:00:00+01:00,0
BUGEY-3,2024-03-12T05:00:00+01:00,0
BUGEY-3,2024-03-12T06:00:00+01:00,0
BUGEY-3,2024-03-12T07:00:00+01:00,0
BUGEY-3,2024-03-12T08:00:00+01:00,0
BUGEY-3,2024-03-12T09:00:00+01:00,0
BUGEY-3,2024-03-12T10:00:00+01:00,0
BUGEY-3,2024-03-12T11:00:00+01:00,0
BUGEY-3,2024-03-12T12:00:00+01:00,0
BUGEY-3,2024-03-12T13:00:00+01:00,0
BUGEY-3,2024-03-12T14:00:00+01:00,0
BUGEY-3,2024-03-12T15:00:00+01:00,0
BUGEY-3,2024-03-12T16:00:00+01:00,0
BUGEY-3,2024-03-12T17:00:00+01:00,0
BUGEY-3,2024-03-12T18:00:00+01:00,0
BUGEY-3,2024-03-12T19:00:00+01:00,0
BUGEY-3,2024-03-12T20:00:00+01:00,0
BUGEY-3,2024-03-12T21:00:00+01:00,0
BUGEY-3,2024-03-12T22:00:00+01:00,0
BUGEY-3,2024-03-12T23:00:00+01:00,0
BUGEY-4,2024-03-12T00:00:00+01:00,-26
BUGEY-4,2024-03-12T01:00:00+01:00,-26
BUGEY-4,2024-03-12T02:00:00+01:00,-26
BUGEY-4,2024-03-12T03:00:00+01:00,-26
BUGEY-4,2024-03-12T04:00:00+01:00,-26
BUGEY-4,2024-03-12T05:00:00+01:00,-26
BUGEY-4,2024-03-12T06:00:00+01:00,-26
BUGEY-4,2024-03-12T07:00:00+01:00,-26
BUGEY-4,2024-03-12T08:00:00+01:00,-26
BUGEY-4,2024-03-12T09:00:00+01:00,-26
BUGEY-4,2024-03-12T10:00:00+01:00,-26
BUGEY-4,2024-03-12T11:00:00+01:00,-26
BUGEY-4,2024-03-12T12:00:00+01:00,-26
BUGEY-4,2024-03-12T13:00:00+01:00,-26
BUGEY-4,2024-03-12T14:00:00+01:00,-26
BUGEY-4,2024-03-12T15:00:00+01:00,-26
BUGEY-4,2024-03-12T16:00:00+01:00,-26
BUGEY-4,2024-03-12T17:00:00+01:00,-26
BUGEY-4,2024-03-12T18:00:00+01:00,-26
BUGEY-4,2024-03-12T19:00:00+01:00,-26
BUGEY-4,2024-03-12T20:00:00+01:00,-26
BUGEY-4,2024-03-12T21:00:00+01:00,-19
BUGEY-4,2024-03-12T22:00:00+01:00,-13
BUGEY-4,2024-03-12T23:00:00+01:00,-12
BUGEY-5,2024-03-12T00:00:00+01:00,890
BUGEY-5,2024-03-12T01:00:00+01:00,890
BUGEY-5,2024-03-12T02:00:00+01:00,890
BUGEY-5,2024-03-12T03:00:00+01:00,890
BUGEY-5,2024-03-12T04:00:00+01:00,890
BUGEY-5,2024-03-12T05:00:00+01:00,891
BUGEY-5,2024-03-12T06:00:00+01:00,890
BUGEY-5,2024-03-12T07:00:00+01:00,890
BUGEY-5,2024-03-12T08:00:00+01:00,890
BUGEY-5,2024-03-12T09:00:00+01:00,889
BUGEY-5,2024-03-12T10:00:00+01:00,888
BUGEY-5,2024-03-12T11:00:00+01:00,887
BUGEY-5,2024-03-12T12:00:00+01:00,886
BUGEY-5,2024-03-12T13:00:00+01:00,886
BUGEY-5,2024-03-12T14:00:00+01:00,886
BUGEY-5,2024-03-12T15:00:00+01:00,886
BUGEY-5,2024-03-12T16:00:00+01:00,885
BUGEY-5,2024-03-12T17:00:00+01:00,886
BUGEY-5,2024-03-12T18:00:00+01:00,886
BUGEY-5,2024-03-12T19:00:00+01:00,886
BUGEY-5,2024-03-12T20:00:00+01:00,887
BUGEY-5,2024-03-12T21:00:00+01:00,887
BUGEY-5,2024-03-12T22:00:00+01:00,888
BUGEY-5,2024-03-12T23:00:00+01:00,887
GRAVELINES-1,2024-03-12T00:00:00+01:00,906
GRAVELINES-1,2024-03-12T01:00:00+01:00,907
GRAVELINES-1,2024-03-12T02:00:00+01:00,908
GRAVELINES-1,2024-03-12T03:00:00+01:00,908
GRAVELINES-1,2024-03-12T04:00:00+01:00,907
GRAVELINES-1,2024-03-12T05:00:00+01:00,907
GRAVELINES-1,2024-03-12T06:00:00+01:00,906
GRAVELINES-1,2024-03-12T07:00:00+01:00,905
GRAVELINES-1,2024-03-12T08:00:00+01:00,904
GRAVELINES-1,2024-03-12T09:00:00+01:00,904
GRAVELINES-1,2024-03-12T10:00:00+01:00,904
GRAVELINES-1,2024-03-12T11:00:00+01:00,905
GRAVELINES-1,2024-03-12T12:00:00+01:00,906
GRAVELINES-1,2024-03-12T13:00:00+01:00,907
GRAVELINES-1,2024-03-12T14:00:00+01:00,907
GRAVELINES-1,2024-03-12T15:00:00+01:00,907
GRAVELINES-1,2024-03-12T16:00:00+01:00,907
GRAVELINES-1,2024-03-12T17:00:00+01:00,907
GRAVELINES-1,2024-03-12T18:00:00+01:00,906
GRAVELINES-1,2024-03-12T19:00:00+01:00,906
GRAVELINES-1,2024-03-12T20:00:00+01:00,905
GRAVELINES-1,2024-03-12T21:00:00+01:00,904
GRAVELINES-1,2024-03-12T22:00:00+01:00,904
GRAVELINES-1,2024-03-12T23:00:00+01:00,904
GRAVELINES-2,2024-03-12T00:00:00+01:00,774
GRAVELINES-2,2024-03-12T01:00:00+01:00,775
GRAVELINES-2,2024-03-12T02:00:00+01:00,775
GRAVELINES-2,2024-03-12T03:00:00+01:00,775
GRAVELINES-2,2024-03-12T04:00:00+01:00,775
GRAVELINES-2,2024-03-12T05:00:00+01:00,776
GRAVELINES-2,2024-03-12T06:00:00+01:00,775
GRAVELINES-2,2024-03-12T07:00:00+01:00,775
GRAVELINES-2,2024-03-12T08:00:00+01:00,775
GRAVELINES-2,2024-03-12T09:00:00+01:00,775
GRAVELINES-2,2024-03-12T10:00:00+01:00,774
GRAVELINES-2,2024-03-12T11:00:00+01:00,775
GRAVELINES-2,2024-03-12T12:00:00+01:00,774
GRAVELINES-2,2024-03-12T13:00:00+01:00,774
GRAVELINES-2,2024-03-12T14:00:00+01:00,774
GRAVELINES-2,2024-03-12T15:00:00+01:00,774
GRAVELINES-2,2024-03-12T16:00:00+01:00,774
GRAVELINES-2,2024-03-12T17:00:00+01:00,775
GRAVELINES-2,2024-03-12T18:00:00+01:00,776
GRAVELINES-2,2024-03-12T19:00:00+01:00,777
GRAVELINES-2,2024-03-12T20:00:00+01:00,776
GRAVELINES-2,2024-03-12T21:00:00+01:00,775
GRAVELINES-2,2024-03-12T22:00:00+01:00,775
GRAVELINES-2,2024-03-12T23:00:00+01:00,775
GRAVELINES-3,2024-03-12T00:00:00+01:00,906
GRAVELINES-3,2024-03-12T01:00:00+01:00,906
GRAVELINES-3,2024-03-12T02:00:00+01:00,906
GRAVELINES-3,2024-03-12T03:00:00+01:00,906
GRAVELINES-3,2024-03-12T04:00:00+01:00,906
GRAVELINES-3,2024-03-12T05:00:00+01:00,906
GRAVELINES-3,2024-03-12T06:00:00+01:00,906
GRAVELINES-3,2024-03-12T07:00:00+01:00,905
GRAVELINES-3,2024-03-12T08:00:00+01:00,904
GRAVELINES-3,2024-03-12T09:00:00+01:00,903
GRAVELINES-3,2024-03-12T10:00:00+01:00,903
GRAVELINES-3,2024-03-12T11:00:00+01:00,904
GRAVELINES-3,2024-03-12T12:00:00+01:00,905
GRAVELINES-3,2024-03-12T13:00:00+01:00,906
GRAVELINES-3,2024-03-12T14:00:00+01:00,906
GRAVELINES-3,2024-03-12T15:00:00+01:00,906
GRAVELINES-3,2024-03-12T16:00:00+01:00,906
GRAVELINES-3,2024-03-12T17:00:00+01:00,906
GRAVELINES-3,2024-03-12T18:00:00+01:00,905
GRAVELINES-3,2024-03-12T19:00:00+01:00,905
GRAVELINES-3,2024-03-12T20:00:00+01:00,904
GRAVELINES-3,2024-03-12T21:00:00+01:00,903
GRAVELINES-3,2024-03-12T22:00:00+01:00,903
GRAVELINES-3,2024-03-12T23:00:00+01:00,903
DAMPIERRE-1,2024-03-12T00:00:00+01:00,865
DAMPIERRE-1,2024-03-12T01:00:00+01:00,865
DAMPIERRE-1,2024-03-12T02:00:00+01:00,865
DAMPIERRE-1,2024-03-12T03:00:00+01:00,865
DAMPIERRE-1,2024-03-12T04:00:00+01:00,865
DAMPIERRE-1,2024-03-12T05:00:00+01:00,865
DAMPIERRE-1,2024-03-12T06:00:00+01:00,866
DAMPIERRE-1,2024-03-12T07:00:00+01:00,866
DAMPIERRE-1,2024-03-12T08:00:00+01:00,867
DAMPIERRE-1,2024-03-12T09:00:00+01:00,868
DAMPIERRE-1,2024-03-12T10:00:00+01:00,866
DAMPIERRE-1,2024-03-12T11:00:00+01:00,865
DAMPIERRE-1,2024-03-12T12:00:00+01:00,864
DAMPIERRE-1,2024-03-12T13:00:00+01:00,860
DAMPIERRE-1,2024-03-12T14:00:00+01:00,859
DAMPIERRE-1,2024-03-12T15:00:00+01:00,858
DAMPIERRE-1,2024-03-12T16:00:00+01:00,856
DAMPIERRE-1,2024-03-12T17:00:00+01:00,855
DAMPIERRE-1,2024-03-12T18:00:00+01:00,855
DAMPIERRE-1,2024-03-12T19:00:00+01:00,854
DAMPIERRE-1,2024-03-12T20:00:00+01:00,854
DAMPIERRE-1,2024-03-12T21:00:00+01:00,854
DAMPIERRE-1,2024-03-12T22:00:00+01:00,854
DAMPIERRE-1,2024-03-12T23:00:00+01:00,853
DAMPIERRE-2,2024-03-12T00:00:00+01:00,0
DAMPIERRE-2,2024-03-12T01:00:00+01:00,0
DAMPIERRE-2,2024-03-12T02:00:00+01:00,0
DAMPIERRE-2,2024-03-12T03:00:00+01:00,0
DAMPIERRE-2,2024-03-12T04:00:00+01:00,0
DAMPIERRE-2,2024-03-12T05:00:00+01:00,0
DAMPIERRE-2,2024-03-12T06:00:00+01:00,0
DAMPIERRE-2,2024-03-12T07:00:00+01:00,0
DAMPIERRE-2,2024-03-12T08:00:00+01:00,0
DAMPIERRE-2,2024-03-12T09:00:00+01:00,0
DAMPIERRE-2,2024-03-12T10:00:00+01:00,0
DAMPIERRE-2,2024-03-12T11:00:00+01:00,0
DAMPIERRE-2,2024-03-12T12:00:00+01:00,0
DAMPIERRE-2,2024-03-12T13:00:00+01:00,0
DAMPIERRE-2,2024-03-12T14:00:00+01:00,0
DAMPIERRE-2,2024-03-12T15:00:00+01:00,0
DAMPIERRE-2,2024-03-12T16:00:00+01:00,0
DAMPIERRE-2,2024-03-12T17:00:00+01:00,0
DAMPIERRE-2,2024-03-12T18:00:00+01:00,0
DAMPIERRE-2,2024-03-12T19:00:00+01:00,0
DAMPIERRE-2,2024-03-12T20:00:00+01:00,0
DAMPIERRE-2,2024-03-12T21:00:00+01:00,0
DAMPIERRE-2,2024-03-12T22:00:00+01:00,0
DAMPIERRE-2,2024-03-12T23:00:00+01:00,0
TRICASTIN-1,2024-03-12T00:00:00+01:00,900
TRICASTIN-1,2024-03-12T01:00:00+01:00,900
TRICASTIN-1,2024-03-12T02:00:00+01:00,900
TRICASTIN-1,2024-03-12T03:00:00+01:00,900
TRICASTIN-1,2024-03-12T04:00:00+01:00,900
TRICASTIN-1,2024-03-12T05:00:00+01:00,900
TRICASTIN-1,2024-03-12T06:00:00+01:00,900
TRICASTIN-1,2024-03-12T07:00:00+01:00,900
TRICASTIN-1,2024-03-12T08:00:00+01:00,900
TRICASTIN-1,2024-03-12T09:00:00+01:00,900
TRICASTIN-1,2024-03-12T10:00:00+01:00,898
TRICASTIN-1,2024-03-12T11:00:00+01:00,899
TRICASTIN-1,2024-03-12T12:00:00+01:00,899
TRICASTIN-1,2024-03-12T13:00:00+01:00,899
TRICASTIN-1,2024-03-12T14:00:00+01:00,883
TRICASTIN-1,2024-03-12T15:00:00+01:00,867
TRICASTIN-1,2024-03-12T16:00:00+01:00,825
TRICASTIN-1,2024-03-12T17:00:00+01:00,853
TRICASTIN-1,2024-03-12T18:00:00+01:00,891
TRICASTIN-1,2024-03-12T19:00:00+01:00,838
TRICASTIN-1,2024-03-12T20:00:00+01:00,813
TRICASTIN-1,2024-03-12T21:00:00+01:00,883
TRICASTIN-1,2024-03-12T22:00:00+01:00,894
TRICASTIN-1,2024-03-12T23:00:00+01:00,895
TRICASTIN-2,2024-03-12T00:00:00+01:00,928
TRICASTIN-2,2024-03-12T01:00:00+01:00,928
TRICASTIN-2,2024-03-12T02:00:00+01:00,928
TRICASTIN-2,2024-03-12T03:00:00+01:00,928
TRICASTIN-2,2024-03-12T04:00:00+01:00,928
TRICASTIN-2,2024-03-12T05:00:00+01:00,928
TRICASTIN-2,2024-03-12T06:00:00+01:00,928
TRICASTIN-2,2024-03-12T07:00:00+01:00,928
TRICASTIN-2,2024-03-12T08:00:00+01:00,928
TRICASTIN-2,2024-03-12T09:00:00+01:00,928
TRICASTIN-2,2024-03-12T10:00:00+01:00,928
TRICASTIN-2,2024-03-12T11:00:00+01:00,653
TRICASTIN-2,2024-03-12T12:00:00+01:00,405
TRICASTIN-2,2024-03-12T13:00:00+01:00,407
TRICASTIN-2,2024-03-12T14:00:00+01:00,408
TRICASTIN-2,2024-03-12T15:00:00+01:00,408
TRICASTIN-2,2024-03-12T16:00:00+01:00,590
TRICASTIN-2,2024-03-12T17:00:00+01:00,881
TRICASTIN-2,2024-03-12T18:00:00+01:00,929
TRICASTIN-2,2024-03-12T19:00:00+01:00,930
TRICASTIN-2,2024-03-12T20:00:00+01:00,930
TRICASTIN-2,2024-03-12T21:00:00+01:00,930
TRICASTIN-2,2024-03-12T22:00:00+01:00,930
TRICASTIN-2,2024-03-12T23:00:00+01:00,930
BUGEY-2,2024-06-12T00:00:00+02:00,894
BUGEY-2,2024-06-12T01:00:00+02:00,894
BUGEY-2,2024-06-12T02:00:00+02:00,894
BUGEY-2,2024-06-12T03:00:00+02:00,895
BUGEY-2,2024-06-12T04:00:00+02:00,895
BUGEY-2,2024-06-12T05:00:00+02:00,895
BUGEY-2,2024-06-12T06:00:00+02:00,896
BUGEY-2,2024-06-12T07:00:00+02:00,896
BUGEY-2,2024-06-12T08:00:00+02:00,896
BUGEY-2,2024-06-12T09:00:00+02:00,895
BUGEY-2,2024-06-12T10:00:00+02:00,895
BUGEY-2,2024-06-12T11:00:00+02:00,894
BUGEY-2,2024-06-12T12:00:00+02:00,893
BUGEY-2,2024-06-12T13:00:00+02:00,892
BUGEY-2,2024-06-12T14:00:00+02:00,891
BUGEY-2,2024-06-12T15:00:00+02:00,891
BUGEY-2,2024-06-12T16:00:00+02:00,890
BUGEY-2,2024-06-12T17:00:00+02:00,890
BUGEY-2,2024-06-12T18:00:00+02:00,891
BUGEY-2,2024-06-12T19:00:00+02:00,892
BUGEY-2,2024-06-12T20:00:00+02:00,893
BUGEY-2,2024-06-12T21:00:00+02:00,893
BUGEY-2,2024-06-12T22:00:00+02:00,894
BUGEY-2,2024-06-12T23:00:00+02:00,894
BUGEY-3,2024-06-12T00:00:00+02:00,-10
BUGEY-3,2024-06-12T01:00:00+02:00,-10
BUGEY-3,2024-06-12T02:00:00+02:00,-10
BUGEY-3,2024-06-12T03:00:00+02:00,-10
BUGEY-3,2024-06-12T04:00:00+02:00,-10
BUGEY-3,2024-06-12T05:00:00+02:00,-10
BUGEY-3,2024-06-12T06:00:00+02:00,-10
BUGEY-3,2024-06-12T07:00:00+02:00,-10
BUGEY-3,2024-06-12T08:00:00+02:00,-10
BUGEY-3,2024-06-12T09:00:00+02:00,-10
BUGEY-3,2024-06-12T10:00:00+02:00,-10
BUGEY-3,2024-06-12T11:00:00+02:00,-10
BUGEY-3,2024-06-12T12:00:00+02:00,-10
BUGEY-3,2024-06-12T13:00:00+02:00,-11
BUGEY-3,2024-06-12T14:00:00+02:00,-11
BUGEY-3,2024-06-12T15:00:00+02:00,-11
BUGEY-3,2024-06-12T16:00:00+02:00,-11
BUGEY-3,2024-06-12T17:00:00+02:00,-11
BUGEY-3,2024-06-12T18:00:00+02:00,-11
BUGEY-3,2024-06-12T19:00:00+02:00,-11
BUGEY-3,2024-06-12T20:00:00+02:00,-11
BUGEY-3,2024-06-12T21:00:00+02:00,-11
BUGEY-3,2024-06-12T22:00:00+02:00,-10
BUGEY-3,2024-06-12T23:00:00+02:00,-10
BUGEY-4,2024-06-12T00:00:00+02:00,-1
BUGEY-4,2024-06-12T01:00:00+02:00,-1
BUGEY-4,2024-06-12T02:00:00+02:00,0
BUGEY-4,2024-06-12T03:00:00+02:00,0
BUGEY-4,2024-06-12T04:00:00+02:00,0
BUGEY-4,2024-06-12T05:00:00+02:00,0
BUGEY-4,2024-06-12T06:00:00+02:00,0
BUGEY-4,2024-06-12T07:00:00+02:00,0
BUGEY-4,2024-06-12T08:00:00+02:00,0
BUGEY-4,2024-06-12T09:00:00+02:00,-1
BUGEY-4,2024-06-12T10:00:00+02:00,-2
BUGEY-4,2024-06-12T11:00:00+02:00,-4
BUGEY-4,2024-06-12T12:00:00+02:00,-3
BUGEY-4,2024-06-12T13:00:00+02:00,-3
BUGEY-4,2024-06-12T14:00:00+02:00,-6
BUGEY-4,2024-06-12T15:00:00+02:00,-4
BUGEY-4,2024-06-12T16:00:00+02:00,-5
BUGEY-4,2024-06-12T17:00:00+02:00,-5
BUGEY-4,2024-06-12T18:00:00+02:00,-5
BUGEY-4,2024-06-12T19:00:00+02:00,-4
BUGEY-4,2024-06-12T20:00:00+02:00,-3
BUGEY-4,2024-06-12T21:00:00+02:00,-3
BUGEY-4,2024-06-12T22:00:00+02:00,-2
BUGEY-4,2024-06-12T23:00:00+02:00,0
BUGEY-5,2024-06-12T00:00:00+02:00,878
BUGEY-5,2024-06-12T01:00:00+02:00,880
BUGEY-5,2024-06-12T02:00:00+02:00,880
BUGEY-5,2024-06-12T03:00:00+02:00,881
BUGEY-5,2024-06-12T04:00:00+02:00,882
BUGEY-5,2024-06-12T05:00:00+02:00,883
BUGEY-5,2024-06-12T06:00:00+02:00,884
BUGEY-5,2024-06-12T07:00:00+02:00,884
BUGEY-5,2024-06-12T08:00:00+02:00,883
BUGEY-5,2024-06-12T09:00:00+02:00,880
BUGEY-5,2024-06-12T10:00:00+02:00,878
BUGEY-5,2024-06-12T11:00:00+02:00,874
BUGEY-5,2024-06-12T12:00:00+02:00,874
BUGEY-5,2024-06-12T13:00:00+02:00,874
BUGEY-5,2024-06-12T14:00:00+02:00,873
BUGEY-5,2024-06-12T15:00:00+02:00,872
BUGEY-5,2024-06-12T16:00:00+02:00,872
BUGEY-5,2024-06-12T17:00:00+02:00,873
BUGEY-5,2024-06-12T18:00:00+02:00,872
BUGEY-5,2024-06-12T19:00:00+02:00,872
BUGEY-5,2024-06-12T20:00:00+02:00,874
BUGEY-5,2024-06-12T21:00:00+02:00,874
BUGEY-5,2024-06-12T22:00:00+02:00,876
BUGEY-5,2024-06-12T23:00:00+02:00,877
GRAVELINES-1,2024-06-12T00:00:00+02:00,889
GRAVELINES-1,2024-06-12T01:00:00+02:00,890
GRAVELINES-1,2024-06-12T02:00:00+02:00,892
GRAVELINES-1,2024-06-12T03:00:00+02:00,894
GRAVELINES-1,2024-06-12T04:00:00+02:00,894
GRAVELINES-1,2024-06-12T05:00:00+02:00,895
GRAVELINES-1,2024-06-12T06:00:00+02:00,895
GRAVELINES-1,2024-06-12T07:00:00+02:00,894
GRAVELINES-1,2024-06-12T08:00:00+02:00,894
GRAVELINES-1,2024-06-12T09:00:00+02:00,892
GRAVELINES-1,2024-06-12T10:00:00+02:00,891
GRAVELINES-1,2024-06-12T11:00:00+02:00,890
GRAVELINES-1,2024-06-12T12:00:00+02:00,889
GRAVELINES-1,2024-06-12T13:00:00+02:00,889
GRAVELINES-1,2024-06-12T14:00:00+02:00,890
GRAVELINES-1,2024-06-12T15:00:00+02:00,892
GRAVELINES-1,2024-06-12T16:00:00+02:00,893
GRAVELINES-1,2024-06-12T17:00:00+02:00,893
GRAVELINES-1,2024-06-12T18:00:00+02:00,893
GRAVELINES-1,2024-06-12T19:00:00+02:00,893
GRAVELINES-1,2024-06-12T20:00:00+02:00,892
GRAVELINES-1,2024-06-12T21:00:00+02:00,891
GRAVELINES-1,2024-06-12T22:00:00+02:00,890
GRAVELINES-1,2024-06-12T23:00:00+02:00,889
GRAVELINES-2,2024-06-12T00:00:00+02:00,902
GRAVELINES-2,2024-06-12T01:00:00+02:00,903
GRAVELINES-2,2024-06-12T02:00:00+02:00,904
GRAVELINES-2,2024-06-12T03:00:00+02:00,906
GRAVELINES-2,2024-06-12T04:00:00+02:00,906
GRAVELINES-2,2024-06-12T05:00:00+02:00,906
GRAVELINES-2,2024-06-12T06:00:00+02:00,907
GRAVELINES-2,2024-06-12T07:00:00+02:00,906
GRAVELINES-2,2024-06-12T08:00:00+02:00,905
GRAVELINES-2,2024-06-12T09:00:00+02:00,904
GRAVELINES-2,2024-06-12T10:00:00+02:00,903
GRAVELINES-2,2024-06-12T11:00:00+02:00,902
GRAVELINES-2,2024-06-12T12:00:00+02:00,902
GRAVELINES-2,2024-06-12T13:00:00+02:00,901
GRAVELINES-2,2024-06-12T14:00:00+02:00,902
GRAVELINES-2,2024-06-12T15:00:00+02:00,903
GRAVELINES-2,2024-06-12T16:00:00+02:00,904
GRAVELINES-2,2024-06-12T17:00:00+02:00,905
GRAVELINES-2,2024-06-12T18:00:00+02:00,905
GRAVELINES-2,2024-06-12T19:00:00+02:00,905
GRAVELINES-2,2024-06-12T20:00:00+02:00,904
GRAVELINES-2,2024-06-12T21:00:00+02:00,903
GRAVELINES-2,2024-06-12T22:00:00+02:00,902
GRAVELINES-2,2024-06-12T23:00:00+02:00,902
GRAVELINES-3,2024-06-12T00:00:00+02:00,840
GRAVELINES-3,2024-06-12T01:00:00+02:00,841
GRAVELINES-3,2024-06-12T02:00:00+02:00,831
GRAVELINES-3,2024-06-12T03:00:00+02:00,830
GRAVELINES-3,2024-06-12T04:00:00+02:00,812
GRAVELINES-3,2024-06-12T05:00:00+02:00,837
GRAVELINES-3,2024-06-12T06:00:00+02:00,865
GRAVELINES-3,2024-06-12T07:00:00+02:00,902
GRAVELINES-3,2024-06-12T08:00:00+02:00,900
GRAVELINES-3,2024-06-12T09:00:00+02:00,900
GRAVELINES-3,2024-06-12T10:00:00+02:00,898
GRAVELINES-3,2024-06-12T11:00:00+02:00,898
GRAVELINES-3,2024-06-12T12:00:00+02:00,897
GRAVELINES-3,2024-06-12T13:00:00+02:00,897
GRAVELINES-3,2024-06-12T14:00:00+02:00,621
GRAVELINES-3,2024-06-12T15:00:00+02:00,375
GRAVELINES-3,2024-06-12T16:00:00+02:00,374
GRAVELINES-3,2024-06-12T17:00:00+02:00,380
GRAVELINES-3,2024-06-12T18:00:00+02:00,691
GRAVELINES-3,2024-06-12T19:00:00+02:00,835
GRAVELINES-3,2024-06-12T20:00:00+02:00,841
GRAVELINES-3,2024-06-12T21:00:00+02:00,838
GRAVELINES-3,2024-06-12T22:00:00+02:00,824
GRAVELINES-3,2024-06-12T23:00:00+02:00,894
DAMPIERRE-1,2024-06-12T00:00:00+02:00,-13
DAMPIERRE-1,2024-06-12T01:00:00+02:00,-14
DAMPIERRE-1,2024-06-12T02:00:00+02:00,-14
DAMPIERRE-1,2024-06-12T03:00:00+02:00,-14
DAMPIERRE-1,2024-06-12T04:00:00+02:00,-14
DAMPIERRE-1,2024-06-12T05:00:00+02:00,-14
DAMPIERRE-1,2024-06-12T06:00:00+02:00,-14
DAMPIERRE-1,2024-06-12T07:00:00+02:00,-14
DAMPIERRE-1,2024-06-12T08:00:00+02:00,-14
DAMPIERRE-1,2024-06-12T09:00:00+02:00,-13
DAMPIERRE-1,2024-06-12T10:00:00+02:00,-13
DAMPIERRE-1,2024-06-12T11:00:00+02:00,-13
DAMPIERRE-1,2024-06-12T12:00:00+02:00,-13
DAMPIERRE-1,2024-06-12T13:00:00+02:00,-13
DAMPIERRE-1,2024-06-12T14:00:00+02:00,-13
DAMPIERRE-1,2024-06-12T15:00:00+02:00,-11
DAMPIERRE-1,2024-06-12T16:00:00+02:00,-13
DAMPIERRE-1,2024-06-12T17:00:00+02:00,-13
DAMPIERRE-1,2024-06-12T18:00:00+02:00,-13
DAMPIERRE-1,2024-06-12T19:00:00+02:00,-13
DAMPIERRE-1,2024-06-12T20:00:00+02:00,-13
DAMPIERRE-1,2024-06-12T21:00:00+02:00,-13
DAMPIERRE-1,2024-06-12T22:00:00+02:00,-13
DAMPIERRE-1,2024-06-12T23:00:00+02:00,-13
DAMPIERRE-2,2024-06-12T00:00:00+02:00,895
DAMPIERRE-2,2024-06-12T01:00:00+02:00,896
DAMPIERRE-2,2024-06-12T02:00:00+02:00,897
DAMPIERRE-2,2024-06-12T03:00:00+02:00,898
DAMPIERRE-2,2024-06-12T04:00:00+02:00,899
DAMPIERRE-2,2024-06-12T05:00:00+02:00,900
DAMPIERRE-2,2024-06-12T06:00:00+02:00,900
DAMPIERRE-2,2024-06-12T07:00:00+02:00,899
DAMPIERRE-2,2024-06-12T08:00:00+02:00,897
DAMPIERRE-2,2024-06-12T09:00:00+02:00,895
DAMPIERRE-2,2024-06-12T10:00:00+02:00,895
DAMPIERRE-2,2024-06-12T11:00:00+02:00,895
DAMPIERRE-2,2024-06-12T12:00:00+02:00,895
DAMPIERRE-2,2024-06-12T13:00:00+02:00,894
DAMPIERRE-2,2024-06-12T14:00:00+02:00,893
DAMPIERRE-2,2024-06-12T15:00:00+02:00,892
DAMPIERRE-2,2024-06-12T16:00:00+02:00,891
DAMPIERRE-2,2024-06-12T17:00:00+02:00,891
DAMPIERRE-2,2024-06-12T18:00:00+02:00,891
DAMPIERRE-2,2024-06-12T19:00:00+02:00,890
DAMPIERRE-2,2024-06-12T20:00:00+02:00,891
DAMPIERRE-2,2024-06-12T21:00:00+02:00,891
DAMPIERRE-2,2024-06-12T22:00:00+02:00,892
DAMPIERRE-2,2024-06-12T23:00:00+02:00,892
TRICASTIN-1,2024-06-12T00:00:00+02:00,886
TRICASTIN-1,2024-06-12T01:00:00+02:00,883
TRICASTIN-1,2024-06-12T02:00:00+02:00,882
TRICASTIN-1,2024-06-12T03:00:00+02:00,883
TRICASTIN-1,2024-06-12T04:00:00+02:00,883
TRICASTIN-1,2024-06-12T05:00:00+02:00,884
TRICASTIN-1,2024-06-12T06:00:00+02:00,884
TRICASTIN-1,2024-06-12T07:00:00+02:00,884
TRICASTIN-1,2024-06-12T08:00:00+02:00,885
TRICASTIN-1,2024-06-12T09:00:00+02:00,885
TRICASTIN-1,2024-06-12T10:00:00+02:00,885
TRICASTIN-1,2024-06-12T11:00:00+02:00,884
TRICASTIN-1,2024-06-12T12:00:00+02:00,884
TRICASTIN-1,2024-06-12T13:00:00+02:00,884
TRICASTIN-1,2024-06-12T14:00:00+02:00,883
TRICASTIN-1,2024-06-12T15:00:00+02:00,884
TRICASTIN-1,2024-06-12T16:00:00+02:00,884
TRICASTIN-1,2024-06-12T17:00:00+02:00,883
TRICASTIN-1,2024-06-12T18:00:00+02:00,882
TRICASTIN-1,2024-06-12T19:00:00+02:00,882
TRICASTIN-1,2024-06-12T20:00:00+02:00,883
TRICASTIN-1,2024-06-12T21:00:00+02:00,883
TRICASTIN-1,2024-06-12T22:00:00+02:00,884
TRICASTIN-1,2024-06-12T23:00:00+02:00,884
TRICASTIN-2,2024-06-12T00:00:00+02:00,-26
TRICASTIN-2,2024-06-12T01:00:00+02:00,-26
TRICASTIN-2,2024-06-12T02:00:00+02:00,-27
TRICASTIN-2,2024-06-12T03:00:00+02:00,-27
TRICASTIN-2,2024-06-12T04:00:00+02:00,-27
TRICASTIN-2,2024-06-12T05:00:00+02:00,-27
TRICASTIN-2,2024-06-12T06:00:00+02:00,-27
TRICASTIN-2,2024-06-12T07:00:00+02:00,-27
TRICASTIN-2,2024-06-12T08:00:00+02:00,-27
TRICASTIN-2,2024-06-12T09:00:00+02:00,-27
TRICASTIN-2,2024-06-12T10:00:00+02:00,-27
TRICASTIN-2,2024-06-12T11:00:00+02:00,-27
TRICASTIN-2,2024-06-12T12:00:00+02:00,-27
TRICASTIN-2,2024-06-12T13:00:00+02:00,-27
TRICASTIN-2,2024-06-12T14:00:00+02:00,-27
TRICASTIN-2,2024-06-12T15:00:00+02:00,-27
TRICASTIN-2,2024-06-12T16:00:00+02:00,-28
TRICASTIN-2,2024-06-12T17:00:00+02:00,-28
TRICASTIN-2,2024-06-12T18:00:00+02:00,-28
TRICASTIN-2,2024-06-12T19:00:00+02:00,-28
TRICASTIN-2,2024-06-12T20:00:00+02:00,-28
TRICASTIN-2,2024-06-12T21:00:00+02:00,-28
TRICASTIN-2,2024-06-12T22:00:00+02:00,-28
TRICASTIN-2,2024-06-12T23:00:00+02:00,-27
BUGEY-2,2024-06-22T00:00:00+02:00,887
BUGEY-2,2024-06-22T01:00:00+02:00,887
BUGEY-2,2024-06-22T02:00:00+02:00,888
BUGEY-2,2024-06-22T03:00:00+02:00,888
BUGEY-2,2024-06-22T04:00:00+02:00,888
BUGEY-2,2024-06-22T05:00:00+02:00,888
BUGEY-2,2024-06-22T06:00:00+02:00,889
BUGEY-2,2024-06-22T07:00:00+02:00,889
BUGEY-2,2024-06-22T08:00:00+02:00,889
BUGEY-2,2024-06-22T09:00:00+02:00,890
BUGEY-2,2024-06-22T10:00:00+02:00,890
BUGEY-2,2024-06-22T11:00:00+02:00,890
BUGEY-2,2024-06-22T12:00:00+02:00,889
BUGEY-2,2024-06-22T13:00:00+02:00,888
BUGEY-2,2024-06-22T14:00:00+02:00,887
BUGEY-2,2024-06-22T15:00:00+02:00,887
BUGEY-2,2024-06-22T16:00:00+02:00,888
BUGEY-2,2024-06-22T17:00:00+02:00,888
BUGEY-2,2024-06-22T18:00:00+02:00,888
BUGEY-2,2024-06-22T19:00:00+02:00,888
BUGEY-2,2024-06-22T20:00:00+02:00,889
BUGEY-2,2024-06-22T21:00:00+02:00,889
BUGEY-2,2024-06-22T22:00:00+02:00,890
BUGEY-2,2024-06-22T23:00:00+02:00,890
BUGEY-3,2024-06-22T00:00:00+02:00,-12
BUGEY-3,2024-06-22T01:00:00+02:00,-12
BUGEY-3,2024-06-22T02:00:00+02:00,-12
BUGEY-3,2024-06-22T03:00:00+02:00,-12
BUGEY-3,2024-06-22T04:00:00+02:00,-11
BUGEY-3,2024-06-22T05:00:00+02:00,-11
BUGEY-3,2024-06-22T06:00:00+02:00,-11
BUGEY-3,2024-06-22T07:00:00+02:00,-11
BUGEY-3,2024-06-22T08:00:00+02:00,-11
BUGEY-3,2024-06-22T09:00:00+02:00,-11
BUGEY-3,2024-06-22T10:00:00+02:00,-12
BUGEY-3,2024-06-22T11:00:00+02:00,-12
BUGEY-3,2024-06-22T12:00:00+02:00,-12
BUGEY-3,2024-06-22T13:00:00+02:00,-12
BUGEY-3,2024-06-22T14:00:00+02:00,-12
BUGEY-3,2024-06-22T15:00:00+02:00,-12
BUGEY-3,2024-06-22T16:00:00+02:00,-12
BUGEY-3,2024-06-22T17:00:00+02:00,-12
BUGEY-3,2024-06-22T18:00:00+02:00,-12
BUGEY-3,2024-06-22T19:00:00+02:00,-12
BUGEY-3,2024-06-22T20:00:00+02:00,-12
BUGEY-3,2024-06-22T21:00:00+02:00,-12
BUGEY-3,2024-06-22T22:00:00+02:00,-12
BUGEY-3,2024-06-22T23:00:00+02:00,-12
BUGEY-4,2024-06-22T00:00:00+02:00,-19
BUGEY-4,2024-06-22T01:00:00+02:00,-19
BUGEY-4,2024-06-22T02:00:00+02:00,-19
BUGEY-4,2024-06-22T03:00:00+02:00,-19
BUGEY-4,2024-06-22T04:00:00+02:00,-19
BUGEY-4,2024-06-22T05:00:00+02:00,-20
BUGEY-4,2024-06-22T06:00:00+02:00,-20
BUGEY-4,2024-06-22T07:00:00+02:00,-20
BUGEY-4,2024-06-22T08:00:00+02:00,-20
BUGEY-4,2024-06-22T09:00:00+02:00,-20
BUGEY-4,2024-06-22T10:00:00+02:00,-20
BUGEY-4,2024-06-22T11:00:00+02:00,-20
BUGEY-4,2024-06-22T12:00:00+02:00,-20
BUGEY-4,2024-06-22T13:00:00+02:00,-20
BUGEY-4,2024-06-22T14:00:00+02:00,-20
BUGEY-4,2024-06-22T15:00:00+02:00,-20
BUGEY-4,2024-06-22T16:00:00+02:00,-26
BUGEY-4,2024-06-22T17:00:00+02:00,-31
BUGEY-4,2024-06-22T18:00:00+02:00,-30
BUGEY-4,2024-06-22T19:00:00+02:00,-30
BUGEY-4,2024-06-22T20:00:00+02:00,-32
BUGEY-4,2024-06-22T21:00:00+02:00,-31
BUGEY-4,2024-06-22T22:00:00+02:00,-31
BUGEY-4,2024-06-22T23:00:00+02:00,-31
BUGEY-5,2024-06-22T00:00:00+02:00,-40
BUGEY-5,2024-06-22T01:00:00+02:00,-40
BUGEY-5,2024-06-22T02:00:00+02:00,-39
BUGEY-5,2024-06-22T03:00:00+02:00,-39
BUGEY-5,2024-06-22T04:00:00+02:00,-39
BUGEY-5,2024-06-22T05:00:00+02:00,-39
BUGEY-5,2024-06-22T06:00:00+02:00,-39
BUGEY-5,2024-06-22T07:00:00+02:00,-39
BUGEY-5,2024-06-22T08:00:00+02:00,-40
BUGEY-5,2024-06-22T09:00:00+02:00,-41
BUGEY-5,2024-06-22T10:00:00+02:00,-41
BUGEY-5,2024-06-22T11:00:00+02:00,-39
BUGEY-5,2024-06-22T12:00:00+02:00,-41
BUGEY-5,2024-06-22T13:00:00+02:00,-41
BUGEY-5,2024-06-22T14:00:00+02:00,-41
BUGEY-5,2024-06-22T15:00:00+02:00,-41
BUGEY-5,2024-06-22T16:00:00+02:00,-41
BUGEY-5,2024-06-22T17:00:00+02:00,-41
BUGEY-5,2024-06-22T18:00:00+02:00,-41
BUGEY-5,2024-06-22T19:00:00+02:00,-42
BUGEY-5,2024-06-22T20:00:00+02:00,-41
BUGEY-5,2024-06-22T21:00:00+02:00,-41
BUGEY-5,2024-06-22T22:00:00+02:00,-42
BUGEY-5,2024-06-22T23:00:00+02:00,-42
GRAVELINES-1,2024-06-22T00:00:00+02:00,892
GRAVELINES-1,2024-06-22T01:00:00+02:00,892
GRAVELINES-1,2024-06-22T02:00:00+02:00,891
GRAVELINES-1,2024-06-22T03:00:00+02:00,891
GRAVELINES-1,2024-06-22T04:00:00+02:00,890
GRAVELINES-1,2024-06-22T05:00:00+02:00,889
GRAVELINES-1,2024-06-22T06:00:00+02:00,887
GRAVELINES-1,2024-06-22T07:00:00+02:00,885
GRAVELINES-1,2024-06-22T08:00:00+02:00,885
GRAVELINES-1,2024-06-22T09:00:00+02:00,886
GRAVELINES-1,2024-06-22T10:00:00+02:00,887
GRAVELINES-1,2024-06-22T11:00:00+02:00,889
GRAVELINES-1,2024-06-22T12:00:00+02:00,890
GRAVELINES-1,2024-06-22T13:00:00+02:00,890
GRAVELINES-1,2024-06-22T14:00:00+02:00,890
GRAVELINES-1,2024-06-22T15:00:00+02:00,890
GRAVELINES-1,2024-06-22T16:00:00+02:00,888
GRAVELINES-1,2024-06-22T17:00:00+02:00,887
GRAVELINES-1,2024-06-22T18:00:00+02:00,885
GRAVELINES-1,2024-06-22T19:00:00+02:00,883
GRAVELINES-1,2024-06-22T20:00:00+02:00,882
GRAVELINES-1,2024-06-22T21:00:00+02:00,882
GRAVELINES-1,2024-06-22T22:00:00+02:00,884
GRAVELINES-1,2024-06-22T23:00:00+02:00,887
GRAVELINES-2,2024-06-22T00:00:00+02:00,898
GRAVELINES-2,2024-06-22T01:00:00+02:00,898
GRAVELINES-2,2024-06-22T02:00:00+02:00,898
GRAVELINES-2,2024-06-22T03:00:00+02:00,897
GRAVELINES-2,2024-06-22T04:00:00+02:00,896
GRAVELINES-2,2024-06-22T05:00:00+02:00,895
GRAVELINES-2,2024-06-22T06:00:00+02:00,894
GRAVELINES-2,2024-06-22T07:00:00+02:00,893
GRAVELINES-2,2024-06-22T08:00:00+02:00,892
GRAVELINES-2,2024-06-22T09:00:00+02:00,893
GRAVELINES-2,2024-06-22T10:00:00+02:00,885
GRAVELINES-2,2024-06-22T11:00:00+02:00,304
GRAVELINES-2,2024-06-22T12:00:00+02:00,169
GRAVELINES-2,2024-06-22T13:00:00+02:00,169
GRAVELINES-2,2024-06-22T14:00:00+02:00,169
GRAVELINES-2,2024-06-22T15:00:00+02:00,174
GRAVELINES-2,2024-06-22T16:00:00+02:00,175
GRAVELINES-2,2024-06-22T17:00:00+02:00,448
GRAVELINES-2,2024-06-22T18:00:00+02:00,857
GRAVELINES-2,2024-06-22T19:00:00+02:00,871
GRAVELINES-2,2024-06-22T20:00:00+02:00,881
GRAVELINES-2,2024-06-22T21:00:00+02:00,887
GRAVELINES-2,2024-06-22T22:00:00+02:00,889
GRAVELINES-2,2024-06-22T23:00:00+02:00,891
GRAVELINES-3,2024-06-22T00:00:00+02:00,-34
GRAVELINES-3,2024-06-22T01:00:00+02:00,-34
GRAVELINES-3,2024-06-22T02:00:00+02:00,-34
GRAVELINES-3,2024-06-22T03:00:00+02:00,-34
GRAVELINES-3,2024-06-22T04:00:00+02:00,-34
GRAVELINES-3,2024-06-22T05:00:00+02:00,-34
GRAVELINES-3,2024-06-22T06:00:00+02:00,-34
GRAVELINES-3,2024-06-22T07:00:00+02:00,-35
GRAVELINES-3,2024-06-22T08:00:00+02:00,-35
GRAVELINES-3,2024-06-22T09:00:00+02:00,-35
GRAVELINES-3,2024-06-22T10:00:00+02:00,-35
GRAVELINES-3,2024-06-22T11:00:00+02:00,-34
GRAVELINES-3,2024-06-22T12:00:00+02:00,-34
GRAVELINES-3,2024-06-22T13:00:00+02:00,-34
GRAVELINES-3,2024-06-22T14:00:00+02:00,-33
GRAVELINES-3,2024-06-22T15:00:00+02:00,-33
GRAVELINES-3,2024-06-22T16:00:00+02:00,-33
GRAVELINES-3,2024-06-22T17:00:00+02:00,-33
GRAVELINES-3,2024-06-22T18:00:00+02:00,-33
GRAVELINES-3,2024-06-22T19:00:00+02:00,-33
GRAVELINES-3,2024-06-22T20:00:00+02:00,-33
GRAVELINES-3,2024-06-22T21:00:00+02:00,-33
GRAVELINES-3,2024-06-22T22:00:00+02:00,-33
GRAVELINES-3,2024-06-22T23:00:00+02:00,-33
DAMPIERRE-1,2024-06-22T00:00:00+02:00,-33
DAMPIERRE-1,2024-06-22T01:00:00+02:00,-33
DAMPIERRE-1,2024-06-22T02:00:00+02:00,-33
DAMPIERRE-1,2024-06-22T03:00:00+02:00,-33
DAMPIERRE-1,2024-06-22T04:00:00+02:00,-33
DAMPIERRE-1,2024-06-22T05:00:00+02:00,-33
DAMPIERRE-1,2024-06-22T06:00:00+02:00,-33
DAMPIERRE-1,2024-06-22T07:00:00+02:00,-33
DAMPIERRE-1,2024-06-22T08:00:00+02:00,-33
DAMPIERRE-1,2024-06-22T09:00:00+02:00,-34
DAMPIERRE-1,2024-06-22T10:00:00+02:00,-33
DAMPIERRE-1,2024-06-22T11:00:00+02:00,-33
DAMPIERRE-1,2024-06-22T12:00:00+02:00,-34
DAMPIERRE-1,2024-06-22T13:00:00+02:00,-33
DAMPIERRE-1,2024-06-22T14:00:00+02:00,-33
DAMPIERRE-1,2024-06-22T15:00:00+02:00,-33
DAMPIERRE-1,2024-06-22T16:00:00+02:00,-33
DAMPIERRE-1,2024-06-22T17:00:00+02:00,-33
DAMPIERRE-1,2024-06-22T18:00:00+02:00,-33
DAMPIERRE-1,2024-06-22T19:00:00+02:00,-33
DAMPIERRE-1,2024-06-22T20:00:00+02:00,-33
DAMPIERRE-1,2024-06-22T21:00:00+02:00,-33
DAMPIERRE-1,2024-06-22T22:00:00+02:00,-33
DAMPIERRE-1,2024-06-22T23:00:00+02:00,-33
DAMPIERRE-2,2024-06-22T00:00:00+02:00,873
DAMPIERRE-2,2024-06-22T01:00:00+02:00,862
DAMPIERRE-2,2024-06-22T02:00:00+02:00,852
DAMPIERRE-2,2024-06-22T03:00:00+02:00,846
DAMPIERRE-2,2024-06-22T04:00:00+02:00,745
DAMPIERRE-2,2024-06-22T05:00:00+02:00,224
DAMPIERRE-2,2024-06-22T06:00:00+02:00,219
DAMPIERRE-2,2024-06-22T07:00:00+02:00,597
DAMPIERRE-2,2024-06-22T08:00:00+02:00,854
DAMPIERRE-2,2024-06-22T09:00:00+02:00,856
DAMPIERRE-2,2024-06-22T10:00:00+02:00,377
DAMPIERRE-2,2024-06-22T11:00:00+02:00,180
DAMPIERRE-2,2024-06-22T12:00:00+02:00,180
DAMPIERRE-2,2024-06-22T13:00:00+02:00,180
DAMPIERRE-2,2024-06-22T14:00:00+02:00,180
DAMPIERRE-2,2024-06-22T15:00:00+02:00,180
DAMPIERRE-2,2024-06-22T16:00:00+02:00,180
DAMPIERRE-2,2024-06-22T17:00:00+02:00,606
DAMPIERRE-2,2024-06-22T18:00:00+02:00,849
DAMPIERRE-2,2024-06-22T19:00:00+02:00,858
DAMPIERRE-2,2024-06-22T20:00:00+02:00,856
DAMPIERRE-2,2024-06-22T21:00:00+02:00,869
DAMPIERRE-2,2024-06-22T22:00:00+02:00,857
DAMPIERRE-2,2024-06-22T23:00:00+02:00,858
TRICASTIN-1,2024-06-22T00:00:00+02:00,829
TRICASTIN-1,2024-06-22T01:00:00+02:00,824
TRICASTIN-1,2024-06-22T02:00:00+02:00,807
TRICASTIN-1,2024-06-22T03:00:00+02:00,796
TRICASTIN-1,2024-06-22T04:00:00+02:00,505
TRICASTIN-1,2024-06-22T05:00:00+02:00,266
TRICASTIN-1,2024-06-22T06:00:00+02:00,259
TRICASTIN-1,2024-06-22T07:00:00+02:00,224
TRICASTIN-1,2024-06-22T08:00:00+02:00,233
TRICASTIN-1,2024-06-22T09:00:00+02:00,236
TRICASTIN-1,2024-06-22T10:00:00+02:00,181
TRICASTIN-1,2024-06-22T11:00:00+02:00,179
TRICASTIN-1,2024-06-22T12:00:00+02:00,178
TRICASTIN-1,2024-06-22T13:00:00+02:00,178
TRICASTIN-1,2024-06-22T14:00:00+02:00,178
TRICASTIN-1,2024-06-22T15:00:00+02:00,178
TRICASTIN-1,2024-06-22T16:00:00+02:00,178
TRICASTIN-1,2024-06-22T17:00:00+02:00,195
TRICASTIN-1,2024-06-22T18:00:00+02:00,230
TRICASTIN-1,2024-06-22T19:00:00+02:00,730
TRICASTIN-1,2024-06-22T20:00:00+02:00,814
TRICASTIN-1,2024-06-22T21:00:00+02:00,843
TRICASTIN-1,2024-06-22T22:00:00+02:00,819
TRICASTIN-1,2024-06-22T23:00:00+02:00,815
TRICASTIN-2,2024-06-22T00:00:00+02:00,919
TRICASTIN-2,2024-06-22T01:00:00+02:00,919
TRICASTIN-2,2024-06-22T02:00:00+02:00,919
TRICASTIN-2,2024-06-22T03:00:00+02:00,920
TRICASTIN-2,2024-06-22T04:00:00+02:00,920
TRICASTIN-2,2024-06-22T05:00:00+02:00,920
TRICASTIN-2,2024-06-22T06:00:00+02:00,920
TRICASTIN-2,2024-06-22T07:00:00+02:00,919
TRICASTIN-2,2024-06-22T08:00:00+02:00,920
TRICASTIN-2,2024-06-22T09:00:00+02:00,920
TRICASTIN-2,2024-06-22T10:00:00+02:00,920
TRICASTIN-2,2024-06-22T11:00:00+02:00,920
TRICASTIN-2,2024-06-22T12:00:00+02:00,920
TRICASTIN-2,2024-06-22T13:00:00+02:00,920
TRICASTIN-2,2024-06-22T14:00:00+02:00,920
TRICASTIN-2,2024-06-22T15:00:00+02:00,920
TRICASTIN-2,2024-06-22T16:00:00+02:00,920
TRICASTIN-2,2024-06-22T17:00:00+02:00,920
TRICASTIN-2,2024-06-22T18:00:00+02:00,919
TRICASTIN-2,2024-06-22T19:00:00+02:00,920
TRICASTIN-2,2024-06-22T20:00:00+02:00,920
TRICASTIN-2,2024-06-22T21:00:00+02:00,920
TRICASTIN-2,2024-06-22T22:00:00+02:00,920
TRICASTIN-2,2024-06-22T23:00:00+02:00,920
BUGEY-2,2024-08-13T00:00:00+02:00,-36
BUGEY-2,2024-08-13T01:00:00+02:00,-36
BUGEY-2,2024-08-13T02:00:00+02:00,-36
BUGEY-2,2024-08-13T03:00:00+02:00,-35
BUGEY-2,2024-08-13T04:00:00+02:00,-35
BUGEY-2,2024-08-13T05:00:00+02:00,-35
BUGEY-2,2024-08-13T06:00:00+02:00,-35
BUGEY-2,2024-08-13T07:00:00+02:00,-35
BUGEY-2,2024-08-13T08:00:00+02:00,-35
BUGEY-2,2024-08-13T09:00:00+02:00,-35
BUGEY-2,2024-08-13T10:00:00+02:00,-35
BUGEY-2,2024-08-13T11:00:00+02:00,-35
BUGEY-2,2024-08-13T12:00:00+02:00,-35
BUGEY-2,2024-08-13T13:00:00+02:00,-36
BUGEY-2,2024-08-13T14:00:00+02:00,-36
BUGEY-2,2024-08-13T15:00:00+02:00,-36
BUGEY-2,2024-08-13T16:00:00+02:00,-36
BUGEY-2,2024-08-13T17:00:00+02:00,-36
BUGEY-2,2024-08-13T18:00:00+02:00,-36
BUGEY-2,2024-08-13T19:00:00+02:00,-36
BUGEY-2,2024-08-13T20:00:00+02:00,-36
BUGEY-2,2024-08-13T21:00:00+02:00,-36
BUGEY-2,2024-08-13T22:00:00+02:00,-36
BUGEY-2,2024-08-13T23:00:00+02:00,-36
BUGEY-3,2024-08-13T00:00:00+02:00,-38
BUGEY-3,2024-08-13T01:00:00+02:00,-38
BUGEY-3,2024-08-13T02:00:00+02:00,-38
BUGEY-3,2024-08-13T03:00:00+02:00,-38
BUGEY-3,2024-08-13T04:00:00+02:00,-38
BUGEY-3,2024-08-13T05:00:00+02:00,-38
BUGEY-3,2024-08-13T06:00:00+02:00,-38
BUGEY-3,2024-08-13T07:00:00+02:00,-38
BUGEY-3,2024-08-13T08:00:00+02:00,-37
BUGEY-3,2024-08-13T09:00:00+02:00,-38
BUGEY-3,2024-08-13T10:00:00+02:00,-37
BUGEY-3,2024-08-13T11:00:00+02:00,-37
BUGEY-3,2024-08-13T12:00:00+02:00,-37
BUGEY-3,2024-08-13T13:00:00+02:00,-35
BUGEY-3,2024-08-13T14:00:00+02:00,-34
BUGEY-3,2024-08-13T15:00:00+02:00,-36
BUGEY-3,2024-08-13T16:00:00+02:00,-37
BUGEY-3,2024-08-13T17:00:00+02:00,-37
BUGEY-3,2024-08-13T18:00:00+02:00,-36
BUGEY-3,2024-08-13T19:00:00+02:00,-36
BUGEY-3,2024-08-13T20:00:00+02:00,-36
BUGEY-3,2024-08-13T21:00:00+02:00,-36
BUGEY-3,2024-08-13T22:00:00+02:00,-36
BUGEY-3,2024-08-13T23:00:00+02:00,-35
BUGEY-4,2024-08-13T00:00:00+02:00,827
BUGEY-4,2024-08-13T01:00:00+02:00,827
BUGEY-4,2024-08-13T02:00:00+02:00,827
BUGEY-4,2024-08-13T03:00:00+02:00,829
BUGEY-4,2024-08-13T04:00:00+02:00,829
BUGEY-4,2024-08-13T05:00:00+02:00,833
BUGEY-4,2024-08-13T06:00:00+02:00,835
BUGEY-4,2024-08-13T07:00:00+02:00,835
BUGEY-4,2024-08-13T08:00:00+02:00,834
BUGEY-4,2024-08-13T09:00:00+02:00,832
BUGEY-4,2024-08-13T10:00:00+02:00,829
BUGEY-4,2024-08-13T11:00:00+02:00,826
BUGEY-4,2024-08-13T12:00:00+02:00,823
BUGEY-4,2024-08-13T13:00:00+02:00,821
BUGEY-4,2024-08-13T14:00:00+02:00,819
BUGEY-4,2024-08-13T15:00:00+02:00,818
BUGEY-4,2024-08-13T16:00:00+02:00,816
BUGEY-4,2024-08-13T17:00:00+02:00,817
BUGEY-4,2024-08-13T18:00:00+02:00,818
BUGEY-4,2024-08-13T19:00:00+02:00,819
BUGEY-4,2024-08-13T20:00:00+02:00,818
BUGEY-4,2024-08-13T21:00:00+02:00,822
BUGEY-4,2024-08-13T22:00:00+02:00,830
BUGEY-4,2024-08-13T23:00:00+02:00,830
BUGEY-5,2024-08-13T00:00:00+02:00,0
BUGEY-5,2024-08-13T01:00:00+02:00,0
BUGEY-5,2024-08-13T02:00:00+02:00,0
BUGEY-5,2024-08-13T03:00:00+02:00,0
BUGEY-5,2024-08-13T04:00:00+02:00,0
BUGEY-5,2024-08-13T05:00:00+02:00,0
BUGEY-5,2024-08-13T06:00:00+02:00,0
BUGEY-5,2024-08-13T07:00:00+02:00,0
BUGEY-5,2024-08-13T08:00:00+02:00,0
BUGEY-5,2024-08-13T09:00:00+02:00,0
BUGEY-5,2024-08-13T10:00:00+02:00,0
BUGEY-5,2024-08-13T11:00:00+02:00,0
BUGEY-5,2024-08-13T12:00:00+02:00,0
BUGEY-5,2024-08-13T13:00:00+02:00,0
BUGEY-5,2024-08-13T14:00:00+02:00,0
BUGEY-5,2024-08-13T15:00:00+02:00,0
BUGEY-5,2024-08-13T16:00:00+02:00,0
BUGEY-5,2024-08-13T17:00:00+02:00,0
BUGEY-5,2024-08-13T18:00:00+02:00,0
BUGEY-5,2024-08-13T19:00:00+02:00,0
BUGEY-5,2024-08-13T20:00:00+02:00,0
BUGEY-5,2024-08-13T21:00:00+02:00,0
BUGEY-5,2024-08-13T22:00:00+02:00,0
BUGEY-5,2024-08-13T23:00:00+02:00,0
GRAVELINES-1,2024-08-13T00:00:00+02:00,867
GRAVELINES-1,2024-08-13T01:00:00+02:00,867
GRAVELINES-1,2024-08-13T02:00:00+02:00,868
GRAVELINES-1,2024-08-13T03:00:00+02:00,871
GRAVELINES-1,2024-08-13T04:00:00+02:00,873
GRAVELINES-1,2024-08-13T05:00:00+02:00,875
GRAVELINES-1,2024-08-13T06:00:00+02:00,875
GRAVELINES-1,2024-08-13T07:00:00+02:00,875
GRAVELINES-1,2024-08-13T08:00:00+02:00,874
GRAVELINES-1,2024-08-13T09:00:00+02:00,874
GRAVELINES-1,2024-08-13T10:00:00+02:00,872
GRAVELINES-1,2024-08-13T11:00:00+02:00,871
GRAVELINES-1,2024-08-13T12:00:00+02:00,869
GRAVELINES-1,2024-08-13T13:00:00+02:00,869
GRAVELINES-1,2024-08-13T14:00:00+02:00,868
GRAVELINES-1,2024-08-13T15:00:00+02:00,869
GRAVELINES-1,2024-08-13T16:00:00+02:00,871
GRAVELINES-1,2024-08-13T17:00:00+02:00,872
GRAVELINES-1,2024-08-13T18:00:00+02:00,873
GRAVELINES-1,2024-08-13T19:00:00+02:00,873
GRAVELINES-1,2024-08-13T20:00:00+02:00,873
GRAVELINES-1,2024-08-13T21:00:00+02:00,872
GRAVELINES-1,2024-08-13T22:00:00+02:00,871
GRAVELINES-1,2024-08-13T23:00:00+02:00,870
GRAVELINES-2,2024-08-13T00:00:00+02:00,878
GRAVELINES-2,2024-08-13T01:00:00+02:00,878
GRAVELINES-2,2024-08-13T02:00:00+02:00,880
GRAVELINES-2,2024-08-13T03:00:00+02:00,881
GRAVELINES-2,2024-08-13T04:00:00+02:00,883
GRAVELINES-2,2024-08-13T05:00:00+02:00,884
GRAVELINES-2,2024-08-13T06:00:00+02:00,884
GRAVELINES-2,2024-08-13T07:00:00+02:00,884
GRAVELINES-2,2024-08-13T08:00:00+02:00,884
GRAVELINES-2,2024-08-13T09:00:00+02:00,883
GRAVELINES-2,2024-08-13T10:00:00+02:00,882
GRAVELINES-2,2024-08-13T11:00:00+02:00,881
GRAVELINES-2,2024-08-13T12:00:00+02:00,880
GRAVELINES-2,2024-08-13T13:00:00+02:00,879
GRAVELINES-2,2024-08-13T14:00:00+02:00,879
GRAVELINES-2,2024-08-13T15:00:00+02:00,879
GRAVELINES-2,2024-08-13T16:00:00+02:00,881
GRAVELINES-2,2024-08-13T17:00:00+02:00,882
GRAVELINES-2,2024-08-13T18:00:00+02:00,883
GRAVELINES-2,2024-08-13T19:00:00+02:00,883
GRAVELINES-2,2024-08-13T20:00:00+02:00,883
GRAVELINES-2,2024-08-13T21:00:00+02:00,882
GRAVELINES-2,2024-08-13T22:00:00+02:00,881
GRAVELINES-2,2024-08-13T23:00:00+02:00,880
GRAVELINES-3,2024-08-13T00:00:00+02:00,878
GRAVELINES-3,2024-08-13T01:00:00+02:00,878
GRAVELINES-3,2024-08-13T02:00:00+02:00,879
GRAVELINES-3,2024-08-13T03:00:00+02:00,880
GRAVELINES-3,2024-08-13T04:00:00+02:00,882
GRAVELINES-3,2024-08-13T05:00:00+02:00,883
GRAVELINES-3,2024-08-13T06:00:00+02:00,884
GRAVELINES-3,2024-08-13T07:00:00+02:00,884
GRAVELINES-3,2024-08-13T08:00:00+02:00,883
GRAVELINES-3,2024-08-13T09:00:00+02:00,883
GRAVELINES-3,2024-08-13T10:00:00+02:00,881
GRAVELINES-3,2024-08-13T11:00:00+02:00,880
GRAVELINES-3,2024-08-13T12:00:00+02:00,879
GRAVELINES-3,2024-08-13T13:00:00+02:00,878
GRAVELINES-3,2024-08-13T14:00:00+02:00,878
GRAVELINES-3,2024-08-13T15:00:00+02:00,879
GRAVELINES-3,2024-08-13T16:00:00+02:00,880
GRAVELINES-3,2024-08-13T17:00:00+02:00,882
GRAVELINES-3,2024-08-13T18:00:00+02:00,882
GRAVELINES-3,2024-08-13T19:00:00+02:00,882
GRAVELINES-3,2024-08-13T20:00:00+02:00,882
GRAVELINES-3,2024-08-13T21:00:00+02:00,881
GRAVELINES-3,2024-08-13T22:00:00+02:00,880
GRAVELINES-3,2024-08-13T23:00:00+02:00,880
DAMPIERRE-1,2024-08-13T00:00:00+02:00,398
DAMPIERRE-1,2024-08-13T01:00:00+02:00,399
DAMPIERRE-1,2024-08-13T02:00:00+02:00,402
DAMPIERRE-1,2024-08-13T03:00:00+02:00,403
DAMPIERRE-1,2024-08-13T04:00:00+02:00,403
DAMPIERRE-1,2024-08-13T05:00:00+02:00,403
DAMPIERRE-1,2024-08-13T06:00:00+02:00,403
DAMPIERRE-1,2024-08-13T07:00:00+02:00,403
DAMPIERRE-1,2024-08-13T08:00:00+02:00,404
DAMPIERRE-1,2024-08-13T09:00:00+02:00,404
DAMPIERRE-1,2024-08-13T10:00:00+02:00,403
DAMPIERRE-1,2024-08-13T11:00:00+02:00,403
DAMPIERRE-1,2024-08-13T12:00:00+02:00,403
DAMPIERRE-1,2024-08-13T13:00:00+02:00,402
DAMPIERRE-1,2024-08-13T14:00:00+02:00,341
DAMPIERRE-1,2024-08-13T15:00:00+02:00,228
DAMPIERRE-1,2024-08-13T16:00:00+02:00,167
DAMPIERRE-1,2024-08-13T17:00:00+02:00,165
DAMPIERRE-1,2024-08-13T18:00:00+02:00,165
DAMPIERRE-1,2024-08-13T19:00:00+02:00,165
DAMPIERRE-1,2024-08-13T20:00:00+02:00,165
DAMPIERRE-1,2024-08-13T21:00:00+02:00,165
DAMPIERRE-1,2024-08-13T22:00:00+02:00,165
DAMPIERRE-1,2024-08-13T23:00:00+02:00,165
DAMPIERRE-2,2024-08-13T00:00:00+02:00,869
DAMPIERRE-2,2024-08-13T01:00:00+02:00,818
DAMPIERRE-2,2024-08-13T02:00:00+02:00,795
DAMPIERRE-2,2024-08-13T03:00:00+02:00,782
DAMPIERRE-2,2024-08-13T04:00:00+02:00,849
DAMPIERRE-2,2024-08-13T05:00:00+02:00,884
DAMPIERRE-2,2024-08-13T06:00:00+02:00,886
DAMPIERRE-2,2024-08-13T07:00:00+02:00,887
DAMPIERRE-2,2024-08-13T08:00:00+02:00,885
DAMPIERRE-2,2024-08-13T09:00:00+02:00,884
DAMPIERRE-2,2024-08-13T10:00:00+02:00,883
DAMPIERRE-2,2024-08-13T11:00:00+02:00,881
DAMPIERRE-2,2024-08-13T12:00:00+02:00,880
DAMPIERRE-2,2024-08-13T13:00:00+02:00,879
DAMPIERRE-2,2024-08-13T14:00:00+02:00,877
DAMPIERRE-2,2024-08-13T15:00:00+02:00,877
DAMPIERRE-2,2024-08-13T16:00:00+02:00,860
DAMPIERRE-2,2024-08-13T17:00:00+02:00,831
DAMPIERRE-2,2024-08-13T18:00:00+02:00,833
DAMPIERRE-2,2024-08-13T19:00:00+02:00,873
DAMPIERRE-2,2024-08-13T20:00:00+02:00,875
DAMPIERRE-2,2024-08-13T21:00:00+02:00,847
DAMPIERRE-2,2024-08-13T22:00:00+02:00,807
DAMPIERRE-2,2024-08-13T23:00:00+02:00,782
TRICASTIN-1,2024-08-13T00:00:00+02:00,854
TRICASTIN-1,2024-08-13T01:00:00+02:00,854
TRICASTIN-1,2024-08-13T02:00:00+02:00,854
TRICASTIN-1,2024-08-13T03:00:00+02:00,854
TRICASTIN-1,2024-08-13T04:00:00+02:00,854
TRICASTIN-1,2024-08-13T05:00:00+02:00,855
TRICASTIN-1,2024-08-13T06:00:00+02:00,855
TRICASTIN-1,2024-08-13T07:00:00+02:00,855
TRICASTIN-1,2024-08-13T08:00:00+02:00,839
TRICASTIN-1,2024-08-13T09:00:00+02:00,829
TRICASTIN-1,2024-08-13T10:00:00+02:00,829
TRICASTIN-1,2024-08-13T11:00:00+02:00,829
TRICASTIN-1,2024-08-13T12:00:00+02:00,829
TRICASTIN-1,2024-08-13T13:00:00+02:00,829
TRICASTIN-1,2024-08-13T14:00:00+02:00,829
TRICASTIN-1,2024-08-13T15:00:00+02:00,829
TRICASTIN-1,2024-08-13T16:00:00+02:00,829
TRICASTIN-1,2024-08-13T17:00:00+02:00,830
TRICASTIN-1,2024-08-13T18:00:00+02:00,853
TRICASTIN-1,2024-08-13T19:00:00+02:00,856
TRICASTIN-1,2024-08-13T20:00:00+02:00,856
TRICASTIN-1,2024-08-13T21:00:00+02:00,855
TRICASTIN-1,2024-08-13T22:00:00+02:00,855
TRICASTIN-1,2024-08-13T23:00:00+02:00,856
TRICASTIN-2,2024-08-13T00:00:00+02:00,-29
TRICASTIN-2,2024-08-13T01:00:00+02:00,-26
TRICASTIN-2,2024-08-13T02:00:00+02:00,-26
TRICASTIN-2,2024-08-13T03:00:00+02:00,-26
TRICASTIN-2,2024-08-13T04:00:00+02:00,-26
TRICASTIN-2,2024-08-13T05:00:00+02:00,-26
TRICASTIN-2,2024-08-13T06:00:00+02:00,-26
TRICASTIN-2,2024-08-13T07:00:00+02:00,-26
TRICASTIN-2,2024-08-13T08:00:00+02:00,-26
TRICASTIN-2,2024-08-13T09:00:00+02:00,-27
TRICASTIN-2,2024-08-13T10:00:00+02:00,-27
TRICASTIN-2,2024-08-13T11:00:00+02:00,-27
TRICASTIN-2,2024-08-13T12:00:00+02:00,-27
TRICASTIN-2,2024-08-13T13:00:00+02:00,-27
TRICASTIN-2,2024-08-13T14:00:00+02:00,-27
TRICASTIN-2,2024-08-13T15:00:00+02:00,-27
TRICASTIN-2,2024-08-13T16:00:00+02:00,-27
TRICASTIN-2,2024-08-13T17:00:00+02:00,-26
TRICASTIN-2,2024-08-13T18:00:00+02:00,-25
TRICASTIN-2,2024-08-13T19:00:00+02:00,-25
TRICASTIN-2,2024-08-13T20:00:00+02:00,-25
TRICASTIN-2,2024-08-13T21:00:00+02:00,-26
TRICASTIN-2,2024-08-13T22:00:00+02:00,-27
TRICASTIN-2,2024-08-13T23:00:00+02:00,-17
BUGEY-2,2024-09-17T00:00:00+02:00,897
BUGEY-2,2024-09-17T01:00:00+02:00,897
BUGEY-2,2024-09-17T02:00:00+02:00,898
BUGEY-2,2024-09-17T03:00:00+02:00,898
BUGEY-2,2024-09-17T04:00:00+02:00,898
BUGEY-2,2024-09-17T05:00:00+02:00,898
BUGEY-2,2024-09-17T06:00:00+02:00,898
BUGEY-2,2024-09-17T07:00:00+02:00,899
BUGEY-2,2024-09-17T08:00:00+02:00,898
BUGEY-2,2024-09-17T09:00:00+02:00,422
BUGEY-2,2024-09-17T10:00:00+02:00,-30
BUGEY-2,2024-09-17T11:00:00+02:00,-30
BUGEY-2,2024-09-17T12:00:00+02:00,-30
BUGEY-2,2024-09-17T13:00:00+02:00,-30
BUGEY-2,2024-09-17T14:00:00+02:00,-30
BUGEY-2,2024-09-17T15:00:00+02:00,-30
BUGEY-2,2024-09-17T16:00:00+02:00,-30
BUGEY-2,2024-09-17T17:00:00+02:00,-30
BUGEY-2,2024-09-17T18:00:00+02:00,-31
BUGEY-2,2024-09-17T19:00:00+02:00,-31
BUGEY-2,2024-09-17T20:00:00+02:00,-31
BUGEY-2,2024-09-17T21:00:00+02:00,-30
BUGEY-2,2024-09-17T22:00:00+02:00,-30
BUGEY-2,2024-09-17T23:00:00+02:00,-30
BUGEY-3,2024-09-17T00:00:00+02:00,883
BUGEY-3,2024-09-17T01:00:00+02:00,883
BUGEY-3,2024-09-17T02:00:00+02:00,883
BUGEY-3,2024-09-17T03:00:00+02:00,883
BUGEY-3,2024-09-17T04:00:00+02:00,883
BUGEY-3,2024-09-17T05:00:00+02:00,883
BUGEY-3,2024-09-17T06:00:00+02:00,883
BUGEY-3,2024-09-17T07:00:00+02:00,883
BUGEY-3,2024-09-17T08:00:00+02:00,884
BUGEY-3,2024-09-17T09:00:00+02:00,884
BUGEY-3,2024-09-17T10:00:00+02:00,884
BUGEY-3,2024-09-17T11:00:00+02:00,884
BUGEY-3,2024-09-17T12:00:00+02:00,884
BUGEY-3,2024-09-17T13:00:00+02:00,883
BUGEY-3,2024-09-17T14:00:00+02:00,883
BUGEY-3,2024-09-17T15:00:00+02:00,883
BUGEY-3,2024-09-17T16:00:00+02:00,883
BUGEY-3,2024-09-17T17:00:00+02:00,883
BUGEY-3,2024-09-17T18:00:00+02:00,883
BUGEY-3,2024-09-17T19:00:00+02:00,883
BUGEY-3,2024-09-17T20:00:00+02:00,883
BUGEY-3,2024-09-17T21:00:00+02:00,883
BUGEY-3,2024-09-17T22:00:00+02:00,883
BUGEY-3,2024-09-17T23:00:00+02:00,883
BUGEY-4,2024-09-17T00:00:00+02:00,865
BUGEY-4,2024-09-17T01:00:00+02:00,868
BUGEY-4,2024-09-17T02:00:00+02:00,870
BUGEY-4,2024-09-17T03:00:00+02:00,870
BUGEY-4,2024-09-17T04:00:00+02:00,871
BUGEY-4,2024-09-17T05:00:00+02:00,871
BUGEY-4,2024-09-17T06:00:00+02:00,871
BUGEY-4,2024-09-17T07:00:00+02:00,872
BUGEY-4,2024-09-17T08:00:00+02:00,871
BUGEY-4,2024-09-17T09:00:00+02:00,872
BUGEY-4,2024-09-17T10:00:00+02:00,871
BUGEY-4,2024-09-17T11:00:00+02:00,868
BUGEY-4,2024-09-17T12:00:00+02:00,867
BUGEY-4,2024-09-17T13:00:00+02:00,866
BUGEY-4,2024-09-17T14:00:00+02:00,865
BUGEY-4,2024-09-17T15:00:00+02:00,864
BUGEY-4,2024-09-17T16:00:00+02:00,864
BUGEY-4,2024-09-17T17:00:00+02:00,863
BUGEY-4,2024-09-17T18:00:00+02:00,864
BUGEY-4,2024-09-17T19:00:00+02:00,864
BUGEY-4,2024-09-17T20:00:00+02:00,865
BUGEY-4,2024-09-17T21:00:00+02:00,865
BUGEY-4,2024-09-17T22:00:00+02:00,868
BUGEY-4,2024-09-17T23:00:00+02:00,868
BUGEY-5,2024-09-17T00:00:00+02:00,0
BUGEY-5,2024-09-17T01:00:00+02:00,0
BUGEY-5,2024-09-17T02:00:00+02:00,0
BUGEY-5,2024-09-17T03:00:00+02:00,0
BUGEY-5,2024-09-17T04:00:00+02:00,0
BUGEY-5,2024-09-17T05:00:00+02:00,0
BUGEY-5,2024-09-17T06:00:00+02:00,0
BUGEY-5,2024-09-17T07:00:00+02:00,0
BUGEY-5,2024-09-17T08:00:00+02:00,0
BUGEY-5,2024-09-17T09:00:00+02:00,0
BUGEY-5,2024-09-17T10:00:00+02:00,0
BUGEY-5,2024-09-17T11:00:00+02:00,0
BUGEY-5,2024-09-17T12:00:00+02:00,0
BUGEY-5,2024-09-17T13:00:00+02:00,0
BUGEY-5,2024-09-17T14:00:00+02:00,0
BUGEY-5,2024-09-17T15:00:00+02:00,0
BUGEY-5,2024-09-17T16:00:00+02:00,0
BUGEY-5,2024-09-17T17:00:00+02:00,0
BUGEY-5,2024-09-17T18:00:00+02:00,0
BUGEY-5,2024-09-17T19:00:00+02:00,0
BUGEY-5,2024-09-17T20:00:00+02:00,0
BUGEY-5,2024-09-17T21:00:00+02:00,0
BUGEY-5,2024-09-17T22:00:00+02:00,0
BUGEY-5,2024-09-17T23:00:00+02:00,0
GRAVELINES-1,2024-09-17T00:00:00+02:00,-25
GRAVELINES-1,2024-09-17T01:00:00+02:00,-25
GRAVELINES-1,2024-09-17T02:00:00+02:00,-25
GRAVELINES-1,2024-09-17T03:00:00+02:00,-25
GRAVELINES-1,2024-09-17T04:00:00+02:00,-25
GRAVELINES-1,2024-09-17T05:00:00+02:00,-25
GRAVELINES-1,2024-09-17T06:00:00+02:00,-25
GRAVELINES-1,2024-09-17T07:00:00+02:00,-25
GRAVELINES-1,2024-09-17T08:00:00+02:00,-25
GRAVELINES-1,2024-09-17T09:00:00+02:00,-26
GRAVELINES-1,2024-09-17T10:00:00+02:00,-27
GRAVELINES-1,2024-09-17T11:00:00+02:00,-27
GRAVELINES-1,2024-09-17T12:00:00+02:00,-28
GRAVELINES-1,2024-09-17T13:00:00+02:00,-28
GRAVELINES-1,2024-09-17T14:00:00+02:00,-28
GRAVELINES-1,2024-09-17T15:00:00+02:00,-27
GRAVELINES-1,2024-09-17T16:00:00+02:00,-27
GRAVELINES-1,2024-09-17T17:00:00+02:00,-27
GRAVELINES-1,2024-09-17T18:00:00+02:00,-27
GRAVELINES-1,2024-09-17T19:00:00+02:00,-27
GRAVELINES-1,2024-09-17T20:00:00+02:00,-27
GRAVELINES-1,2024-09-17T21:00:00+02:00,-27
GRAVELINES-1,2024-09-17T22:00:00+02:00,-27
GRAVELINES-1,2024-09-17T23:00:00+02:00,-27
GRAVELINES-2,2024-09-17T00:00:00+02:00,894
GRAVELINES-2,2024-09-17T01:00:00+02:00,894
GRAVELINES-2,2024-09-17T02:00:00+02:00,895
GRAVELINES-2,2024-09-17T03:00:00+02:00,895
GRAVELINES-2,2024-09-17T04:00:00+02:00,893
GRAVELINES-2,2024-09-17T05:00:00+02:00,892
GRAVELINES-2,2024-09-17T06:00:00+02:00,890
GRAVELINES-2,2024-09-17T07:00:00+02:00,890
GRAVELINES-2,2024-09-17T08:00:00+02:00,890
GRAVELINES-2,2024-09-17T09:00:00+02:00,891
GRAVELINES-2,2024-09-17T10:00:00+02:00,893
GRAVELINES-2,2024-09-17T11:00:00+02:00,895
GRAVELINES-2,2024-09-17T12:00:00+02:00,895
GRAVELINES-2,2024-09-17T13:00:00+02:00,895
GRAVELINES-2,2024-09-17T14:00:00+02:00,895
GRAVELINES-2,2024-09-17T15:00:00+02:00,895
GRAVELINES-2,2024-09-17T16:00:00+02:00,893
GRAVELINES-2,2024-09-17T17:00:00+02:00,891
GRAVELINES-2,2024-09-17T18:00:00+02:00,889
GRAVELINES-2,2024-09-17T19:00:00+02:00,888
GRAVELINES-2,2024-09-17T20:00:00+02:00,888
GRAVELINES-2,2024-09-17T21:00:00+02:00,890
GRAVELINES-2,2024-09-17T22:00:00+02:00,892
GRAVELINES-2,2024-09-17T23:00:00+02:00,895
GRAVELINES-3,2024-09-17T00:00:00+02:00,830
GRAVELINES-3,2024-09-17T01:00:00+02:00,831
GRAVELINES-3,2024-09-17T02:00:00+02:00,831
GRAVELINES-3,2024-09-17T03:00:00+02:00,831
GRAVELINES-3,2024-09-17T04:00:00+02:00,829
GRAVELINES-3,2024-09-17T05:00:00+02:00,828
GRAVELINES-3,2024-09-17T06:00:00+02:00,827
GRAVELINES-3,2024-09-17T07:00:00+02:00,826
GRAVELINES-3,2024-09-17T08:00:00+02:00,826
GRAVELINES-3,2024-09-17T09:00:00+02:00,827
GRAVELINES-3,2024-09-17T10:00:00+02:00,828
GRAVELINES-3,2024-09-17T11:00:00+02:00,830
GRAVELINES-3,2024-09-17T12:00:00+02:00,830
GRAVELINES-3,2024-09-17T13:00:00+02:00,829
GRAVELINES-3,2024-09-17T14:00:00+02:00,829
GRAVELINES-3,2024-09-17T15:00:00+02:00,829
GRAVELINES-3,2024-09-17T16:00:00+02:00,827
GRAVELINES-3,2024-09-17T17:00:00+02:00,825
GRAVELINES-3,2024-09-17T18:00:00+02:00,824
GRAVELINES-3,2024-09-17T19:00:00+02:00,823
GRAVELINES-3,2024-09-17T20:00:00+02:00,823
GRAVELINES-3,2024-09-17T21:00:00+02:00,824
GRAVELINES-3,2024-09-17T22:00:00+02:00,826
GRAVELINES-3,2024-09-17T23:00:00+02:00,828
DAMPIERRE-1,2024-09-17T00:00:00+02:00,864
DAMPIERRE-1,2024-09-17T01:00:00+02:00,862
DAMPIERRE-1,2024-09-17T02:00:00+02:00,865
DAMPIERRE-1,2024-09-17T03:00:00+02:00,866
DAMPIERRE-1,2024-09-17T04:00:00+02:00,869
DAMPIERRE-1,2024-09-17T05:00:00+02:00,870
DAMPIERRE-1,2024-09-17T06:00:00+02:00,870
DAMPIERRE-1,2024-09-17T07:00:00+02:00,870
DAMPIERRE-1,2024-09-17T08:00:00+02:00,869
DAMPIERRE-1,2024-09-17T09:00:00+02:00,870
DAMPIERRE-1,2024-09-17T10:00:00+02:00,870
DAMPIERRE-1,2024-09-17T11:00:00+02:00,869
DAMPIERRE-1,2024-09-17T12:00:00+02:00,866
DAMPIERRE-1,2024-09-17T13:00:00+02:00,863
DAMPIERRE-1,2024-09-17T14:00:00+02:00,861
DAMPIERRE-1,2024-09-17T15:00:00+02:00,860
DAMPIERRE-1,2024-09-17T16:00:00+02:00,860
DAMPIERRE-1,2024-09-17T17:00:00+02:00,859
DAMPIERRE-1,2024-09-17T18:00:00+02:00,860
DAMPIERRE-1,2024-09-17T19:00:00+02:00,861
DAMPIERRE-1,2024-09-17T20:00:00+02:00,862
DAMPIERRE-1,2024-09-17T21:00:00+02:00,862
DAMPIERRE-1,2024-09-17T22:00:00+02:00,864
DAMPIERRE-1,2024-09-17T23:00:00+02:00,865
DAMPIERRE-2,2024-09-17T00:00:00+02:00,882
DAMPIERRE-2,2024-09-17T01:00:00+02:00,882
DAMPIERRE-2,2024-09-17T02:00:00+02:00,884
DAMPIERRE-2,2024-09-17T03:00:00+02:00,885
DAMPIERRE-2,2024-09-17T04:00:00+02:00,885
DAMPIERRE-2,2024-09-17T05:00:00+02:00,885
DAMPIERRE-2,2024-09-17T06:00:00+02:00,887
DAMPIERRE-2,2024-09-17T07:00:00+02:00,891
DAMPIERRE-2,2024-09-17T08:00:00+02:00,891
DAMPIERRE-2,2024-09-17T09:00:00+02:00,891
DAMPIERRE-2,2024-09-17T10:00:00+02:00,890
DAMPIERRE-2,2024-09-17T11:00:00+02:00,890
DAMPIERRE-2,2024-09-17T12:00:00+02:00,889
DAMPIERRE-2,2024-09-17T13:00:00+02:00,887
DAMPIERRE-2,2024-09-17T14:00:00+02:00,885
DAMPIERRE-2,2024-09-17T15:00:00+02:00,885
DAMPIERRE-2,2024-09-17T16:00:00+02:00,885
DAMPIERRE-2,2024-09-17T17:00:00+02:00,884
DAMPIERRE-2,2024-09-17T18:00:00+02:00,883
DAMPIERRE-2,2024-09-17T19:00:00+02:00,883
DAMPIERRE-2,2024-09-17T20:00:00+02:00,883
DAMPIERRE-2,2024-09-17T21:00:00+02:00,884
DAMPIERRE-2,2024-09-17T22:00:00+02:00,885
DAMPIERRE-2,2024-09-17T23:00:00+02:00,885
TRICASTIN-1,2024-09-17T00:00:00+02:00,825
TRICASTIN-1,2024-09-17T01:00:00+02:00,825
TRICASTIN-1,2024-09-17T02:00:00+02:00,826
TRICASTIN-1,2024-09-17T03:00:00+02:00,826
TRICASTIN-1,2024-09-17T04:00:00+02:00,826
TRICASTIN-1,2024-09-17T05:00:00+02:00,826
TRICASTIN-1,2024-09-17T06:00:00+02:00,826
TRICASTIN-1,2024-09-17T07:00:00+02:00,826
TRICASTIN-1,2024-09-17T08:00:00+02:00,827
TRICASTIN-1,2024-09-17T09:00:00+02:00,827
TRICASTIN-1,2024-09-17T10:00:00+02:00,826
TRICASTIN-1,2024-09-17T11:00:00+02:00,826
TRICASTIN-1,2024-09-17T12:00:00+02:00,827
TRICASTIN-1,2024-09-17T13:00:00+02:00,831
TRICASTIN-1,2024-09-17T14:00:00+02:00,831
TRICASTIN-1,2024-09-17T15:00:00+02:00,831
TRICASTIN-1,2024-09-17T16:00:00+02:00,831
TRICASTIN-1,2024-09-17T17:00:00+02:00,830
TRICASTIN-1,2024-09-17T18:00:00+02:00,831
TRICASTIN-1,2024-09-17T19:00:00+02:00,831
TRICASTIN-1,2024-09-17T20:00:00+02:00,831
TRICASTIN-1,2024-09-17T21:00:00+02:00,831
TRICASTIN-1,2024-09-17T22:00:00+02:00,831
TRICASTIN-1,2024-09-17T23:00:00+02:00,831
TRICASTIN-2,2024-09-17T00:00:00+02:00,931
TRICASTIN-2,2024-09-17T01:00:00+02:00,931
TRICASTIN-2,2024-09-17T02:00:00+02:00,932
TRICASTIN-2,2024-09-17T03:00:00+02:00,932
TRICASTIN-2,2024-09-17T04:00:00+02:00,932
TRICASTIN-2,2024-09-17T05:00:00+02:00,932
TRICASTIN-2,2024-09-17T06:00:00+02:00,932
TRICASTIN-2,2024-09-17T07:00:00+02:00,932
TRICASTIN-2,2024-09-17T08:00:00+02:00,932
TRICASTIN-2,2024-09-17T09:00:00+02:00,932
TRICASTIN-2,2024-09-17T10:00:00+02:00,932
TRICASTIN-2,2024-09-17T11:00:00+02:00,932
TRICASTIN-2,2024-09-17T12:00:00+02:00,862
TRICASTIN-2,2024-09-17T13:00:00+02:00,858
TRICASTIN-2,2024-09-17T14:00:00+02:00,859
TRICASTIN-2,2024-09-17T15:00:00+02:00,865
TRICASTIN-2,2024-09-17T16:00:00+02:00,872
TRICASTIN-2,2024-09-17T17:00:00+02:00,872
TRICASTIN-2,2024-09-17T18:00:00+02:00,882
TRICASTIN-2,2024-09-17T19:00:00+02:00,906
TRICASTIN-2,2024-09-17T20:00:00+02:00,887
TRICASTIN-2,2024-09-17T21:00:00+02:00,848
TRICASTIN-2,2024-09-17T22:00:00+02:00,865
TRICASTIN-2,2024-09-17T23:00:00+02:00,893
BUGEY-2,2024-10-04T00:00:00+02:00,892
BUGEY-2,2024-10-04T01:00:00+02:00,892
BUGEY-2,2024-10-04T02:00:00+02:00,892
BUGEY-2,2024-10-04T03:00:00+02:00,893
BUGEY-2,2024-10-04T04:00:00+02:00,894
BUGEY-2,2024-10-04T05:00:00+02:00,894
BUGEY-2,2024-10-04T06:00:00+02:00,895
BUGEY-2,2024-10-04T07:00:00+02:00,895
BUGEY-2,2024-10-04T08:00:00+02:00,895
BUGEY-2,2024-10-04T09:00:00+02:00,895
BUGEY-2,2024-10-04T10:00:00+02:00,895
BUGEY-2,2024-10-04T11:00:00+02:00,895
BUGEY-2,2024-10-04T12:00:00+02:00,895
BUGEY-2,2024-10-04T13:00:00+02:00,894
BUGEY-2,2024-10-04T14:00:00+02:00,894
BUGEY-2,2024-10-04T15:00:00+02:00,894
BUGEY-2,2024-10-04T16:00:00+02:00,894
BUGEY-2,2024-10-04T17:00:00+02:00,894
BUGEY-2,2024-10-04T18:00:00+02:00,881
BUGEY-2,2024-10-04T19:00:00+02:00,884
BUGEY-2,2024-10-04T20:00:00+02:00,892
BUGEY-2,2024-10-04T21:00:00+02:00,893
BUGEY-2,2024-10-04T22:00:00+02:00,893
BUGEY-2,2024-10-04T23:00:00+02:00,893
BUGEY-3,2024-10-04T00:00:00+02:00,889
BUGEY-3,2024-10-04T01:00:00+02:00,889
BUGEY-3,2024-10-04T02:00:00+02:00,888
BUGEY-3,2024-10-04T03:00:00+02:00,889
BUGEY-3,2024-10-04T04:00:00+02:00,889
BUGEY-3,2024-10-04T05:00:00+02:00,890
BUGEY-3,2024-10-04T06:00:00+02:00,889
BUGEY-3,2024-10-04T07:00:00+02:00,890
BUGEY-3,2024-10-04T08:00:00+02:00,885
BUGEY-3,2024-10-04T09:00:00+02:00,855
BUGEY-3,2024-10-04T10:00:00+02:00,861
BUGEY-3,2024-10-04T11:00:00+02:00,892
BUGEY-3,2024-10-04T12:00:00+02:00,895
BUGEY-3,2024-10-04T13:00:00+02:00,896
BUGEY-3,2024-10-04T14:00:00+02:00,896
BUGEY-3,2024-10-04T15:00:00+02:00,896
BUGEY-3,2024-10-04T16:00:00+02:00,896
BUGEY-3,2024-10-04T17:00:00+02:00,896
BUGEY-3,2024-10-04T18:00:00+02:00,896
BUGEY-3,2024-10-04T19:00:00+02:00,896
BUGEY-3,2024-10-04T20:00:00+02:00,895
BUGEY-3,2024-10-04T21:00:00+02:00,895
BUGEY-3,2024-10-04T22:00:00+02:00,895
BUGEY-3,2024-10-04T23:00:00+02:00,895
BUGEY-4,2024-10-04T00:00:00+02:00,816
BUGEY-4,2024-10-04T01:00:00+02:00,816
BUGEY-4,2024-10-04T02:00:00+02:00,827
BUGEY-4,2024-10-04T03:00:00+02:00,862
BUGEY-4,2024-10-04T04:00:00+02:00,872
BUGEY-4,2024-10-04T05:00:00+02:00,872
BUGEY-4,2024-10-04T06:00:00+02:00,873
BUGEY-4,2024-10-04T07:00:00+02:00,873
BUGEY-4,2024-10-04T08:00:00+02:00,874
BUGEY-4,2024-10-04T09:00:00+02:00,873
BUGEY-4,2024-10-04T10:00:00+02:00,873
BUGEY-4,2024-10-04T11:00:00+02:00,872
BUGEY-4,2024-10-04T12:00:00+02:00,869
BUGEY-4,2024-10-04T13:00:00+02:00,868
BUGEY-4,2024-10-04T14:00:00+02:00,868
BUGEY-4,2024-10-04T15:00:00+02:00,868
BUGEY-4,2024-10-04T16:00:00+02:00,865
BUGEY-4,2024-10-04T17:00:00+02:00,862
BUGEY-4,2024-10-04T18:00:00+02:00,862
BUGEY-4,2024-10-04T19:00:00+02:00,867
BUGEY-4,2024-10-04T20:00:00+02:00,855
BUGEY-4,2024-10-04T21:00:00+02:00,831
BUGEY-4,2024-10-04T22:00:00+02:00,837
BUGEY-4,2024-10-04T23:00:00+02:00,846
BUGEY-5,2024-10-04T00:00:00+02:00,0
BUGEY-5,2024-10-04T01:00:00+02:00,0
BUGEY-5,2024-10-04T02:00:00+02:00,0
BUGEY-5,2024-10-04T03:00:00+02:00,0
BUGEY-5,2024-10-04T04:00:00+02:00,0
BUGEY-5,2024-10-04T05:00:00+02:00,0
BUGEY-5,2024-10-04T06:00:00+02:00,0
BUGEY-5,2024-10-04T07:00:00+02:00,0
BUGEY-5,2024-10-04T08:00:00+02:00,0
BUGEY-5,2024-10-04T09:00:00+02:00,0
BUGEY-5,2024-10-04T10:00:00+02:00,0
BUGEY-5,2024-10-04T11:00:00+02:00,0
BUGEY-5,2024-10-04T12:00:00+02:00,0
BUGEY-5,2024-10-04T13:00:00+02:00,0
BUGEY-5,2024-10-04T14:00:00+02:00,0
BUGEY-5,2024-10-04T15:00:00+02:00,0
BUGEY-5,2024-10-04T16:00:00+02:00,0
BUGEY-5,2024-10-04T17:00:00+02:00,0
BUGEY-5,2024-10-04T18:00:00+02:00,0
BUGEY-5,2024-10-04T19:00:00+02:00,0
BUGEY-5,2024-10-04T20:00:00+02:00,0
BUGEY-5,2024-10-04T21:00:00+02:00,0
BUGEY-5,2024-10-04T22:00:00+02:00,0
BUGEY-5,2024-10-04T23:00:00+02:00,0
GRAVELINES-1,2024-10-04T00:00:00+02:00,-13
GRAVELINES-1,2024-10-04T01:00:00+02:00,-13
GRAVELINES-1,2024-10-04T02:00:00+02:00,-13
GRAVELINES-1,2024-10-04T03:00:00+02:00,-13
GRAVELINES-1,2024-10-04T04:00:00+02:00,-13
GRAVELINES-1,2024-10-04T05:00:00+02:00,-13
GRAVELINES-1,2024-10-04T06:00:00+02:00,-13
GRAVELINES-1,2024-10-04T07:00:00+02:00,-13
GRAVELINES-1,2024-10-04T08:00:00+02:00,-13
GRAVELINES-1,2024-10-04T09:00:00+02:00,-13
GRAVELINES-1,2024-10-04T10:00:00+02:00,-13
GRAVELINES-1,2024-10-04T11:00:00+02:00,-13
GRAVELINES-1,2024-10-04T12:00:00+02:00,-13
GRAVELINES-1,2024-10-04T13:00:00+02:00,-13
GRAVELINES-1,2024-10-04T14:00:00+02:00,-13
GRAVELINES-1,2024-10-04T15:00:00+02:00,-13
GRAVELINES-1,2024-10-04T16:00:00+02:00,-12
GRAVELINES-1,2024-10-04T17:00:00+02:00,-13
GRAVELINES-1,2024-10-04T18:00:00+02:00,-13
GRAVELINES-1,2024-10-04T19:00:00+02:00,-13
GRAVELINES-1,2024-10-04T20:00:00+02:00,-13
GRAVELINES-1,2024-10-04T21:00:00+02:00,-13
GRAVELINES-1,2024-10-04T22:00:00+02:00,-13
GRAVELINES-1,2024-10-04T23:00:00+02:00,-13
GRAVELINES-2,2024-10-04T00:00:00+02:00,899
GRAVELINES-2,2024-10-04T01:00:00+02:00,899
GRAVELINES-2,2024-10-04T02:00:00+02:00,899
GRAVELINES-2,2024-10-04T03:00:00+02:00,900
GRAVELINES-2,2024-10-04T04:00:00+02:00,899
GRAVELINES-2,2024-10-04T05:00:00+02:00,899
GRAVELINES-2,2024-10-04T06:00:00+02:00,897
GRAVELINES-2,2024-10-04T07:00:00+02:00,896
GRAVELINES-2,2024-10-04T08:00:00+02:00,895
GRAVELINES-2,2024-10-04T09:00:00+02:00,895
GRAVELINES-2,2024-10-04T10:00:00+02:00,896
GRAVELINES-2,2024-10-04T11:00:00+02:00,897
GRAVELINES-2,2024-10-04T12:00:00+02:00,898
GRAVELINES-2,2024-10-04T13:00:00+02:00,899
GRAVELINES-2,2024-10-04T14:00:00+02:00,899
GRAVELINES-2,2024-10-04T15:00:00+02:00,899
GRAVELINES-2,2024-10-04T16:00:00+02:00,899
GRAVELINES-2,2024-10-04T17:00:00+02:00,898
GRAVELINES-2,2024-10-04T18:00:00+02:00,897
GRAVELINES-2,2024-10-04T19:00:00+02:00,896
GRAVELINES-2,2024-10-04T20:00:00+02:00,895
GRAVELINES-2,2024-10-04T21:00:00+02:00,895
GRAVELINES-2,2024-10-04T22:00:00+02:00,895
GRAVELINES-2,2024-10-04T23:00:00+02:00,897
GRAVELINES-3,2024-10-04T00:00:00+02:00,794
GRAVELINES-3,2024-10-04T01:00:00+02:00,794
GRAVELINES-3,2024-10-04T02:00:00+02:00,795
GRAVELINES-3,2024-10-04T03:00:00+02:00,795
GRAVELINES-3,2024-10-04T04:00:00+02:00,795
GRAVELINES-3,2024-10-04T05:00:00+02:00,794
GRAVELINES-3,2024-10-04T06:00:00+02:00,793
GRAVELINES-3,2024-10-04T07:00:00+02:00,793
GRAVELINES-3,2024-10-04T08:00:00+02:00,791
GRAVELINES-3,2024-10-04T09:00:00+02:00,791
GRAVELINES-3,2024-10-04T10:00:00+02:00,786
GRAVELINES-3,2024-10-04T11:00:00+02:00,793
GRAVELINES-3,2024-10-04T12:00:00+02:00,794
GRAVELINES-3,2024-10-04T13:00:00+02:00,794
GRAVELINES-3,2024-10-04T14:00:00+02:00,794
GRAVELINES-3,2024-10-04T15:00:00+02:00,794
GRAVELINES-3,2024-10-04T16:00:00+02:00,794
GRAVELINES-3,2024-10-04T17:00:00+02:00,793
GRAVELINES-3,2024-10-04T18:00:00+02:00,792
GRAVELINES-3,2024-10-04T19:00:00+02:00,791
GRAVELINES-3,2024-10-04T20:00:00+02:00,790
GRAVELINES-3,2024-10-04T21:00:00+02:00,738
GRAVELINES-3,2024-10-04T22:00:00+02:00,291
GRAVELINES-3,2024-10-04T23:00:00+02:00,-1
DAMPIERRE-1,2024-10-04T00:00:00+02:00,878
DAMPIERRE-1,2024-10-04T01:00:00+02:00,880
DAMPIERRE-1,2024-10-04T02:00:00+02:00,880
DAMPIERRE-1,2024-10-04T03:00:00+02:00,880
DAMPIERRE-1,2024-10-04T04:00:00+02:00,881
DAMPIERRE-1,2024-10-04T05:00:00+02:00,882
DAMPIERRE-1,2024-10-04T06:00:00+02:00,883
DAMPIERRE-1,2024-10-04T07:00:00+02:00,885
DAMPIERRE-1,2024-10-04T08:00:00+02:00,880
DAMPIERRE-1,2024-10-04T09:00:00+02:00,885
DAMPIERRE-1,2024-10-04T10:00:00+02:00,882
DAMPIERRE-1,2024-10-04T11:00:00+02:00,880
DAMPIERRE-1,2024-10-04T12:00:00+02:00,879
DAMPIERRE-1,2024-10-04T13:00:00+02:00,875
DAMPIERRE-1,2024-10-04T14:00:00+02:00,872
DAMPIERRE-1,2024-10-04T15:00:00+02:00,871
DAMPIERRE-1,2024-10-04T16:00:00+02:00,872
DAMPIERRE-1,2024-10-04T17:00:00+02:00,870
DAMPIERRE-1,2024-10-04T18:00:00+02:00,871
DAMPIERRE-1,2024-10-04T19:00:00+02:00,874
DAMPIERRE-1,2024-10-04T20:00:00+02:00,875
DAMPIERRE-1,2024-10-04T21:00:00+02:00,875
DAMPIERRE-1,2024-10-04T22:00:00+02:00,875
DAMPIERRE-1,2024-10-04T23:00:00+02:00,877
DAMPIERRE-2,2024-10-04T00:00:00+02:00,897
DAMPIERRE-2,2024-10-04T01:00:00+02:00,897
DAMPIERRE-2,2024-10-04T02:00:00+02:00,898
DAMPIERRE-2,2024-10-04T03:00:00+02:00,899
DAMPIERRE-2,2024-10-04T04:00:00+02:00,899
DAMPIERRE-2,2024-10-04T05:00:00+02:00,901
DAMPIERRE-2,2024-10-04T06:00:00+02:00,904
DAMPIERRE-2,2024-10-04T07:00:00+02:00,905
DAMPIERRE-2,2024-10-04T08:00:00+02:00,902
DAMPIERRE-2,2024-10-04T09:00:00+02:00,907
DAMPIERRE-2,2024-10-04T10:00:00+02:00,905
DAMPIERRE-2,2024-10-04T11:00:00+02:00,904
DAMPIERRE-2,2024-10-04T12:00:00+02:00,903
DAMPIERRE-2,2024-10-04T13:00:00+02:00,900
DAMPIERRE-2,2024-10-04T14:00:00+02:00,896
DAMPIERRE-2,2024-10-04T15:00:00+02:00,895
DAMPIERRE-2,2024-10-04T16:00:00+02:00,896
DAMPIERRE-2,2024-10-04T17:00:00+02:00,896
DAMPIERRE-2,2024-10-04T18:00:00+02:00,896
DAMPIERRE-2,2024-10-04T19:00:00+02:00,897
DAMPIERRE-2,2024-10-04T20:00:00+02:00,898
DAMPIERRE-2,2024-10-04T21:00:00+02:00,899
DAMPIERRE-2,2024-10-04T22:00:00+02:00,899
DAMPIERRE-2,2024-10-04T23:00:00+02:00,899
TRICASTIN-1,2024-10-04T00:00:00+02:00,825
TRICASTIN-1,2024-10-04T01:00:00+02:00,826
TRICASTIN-1,2024-10-04T02:00:00+02:00,826
TRICASTIN-1,2024-10-04T03:00:00+02:00,826
TRICASTIN-1,2024-10-04T04:00:00+02:00,826
TRICASTIN-1,2024-10-04T05:00:00+02:00,826
TRICASTIN-1,2024-10-04T06:00:00+02:00,826
TRICASTIN-1,2024-10-04T07:00:00+02:00,826
TRICASTIN-1,2024-10-04T08:00:00+02:00,826
TRICASTIN-1,2024-10-04T09:00:00+02:00,826
TRICASTIN-1,2024-10-04T10:00:00+02:00,826
TRICASTIN-1,2024-10-04T11:00:00+02:00,826
TRICASTIN-1,2024-10-04T12:00:00+02:00,826
TRICASTIN-1,2024-10-04T13:00:00+02:00,827
TRICASTIN-1,2024-10-04T14:00:00+02:00,827
TRICASTIN-1,2024-10-04T15:00:00+02:00,827
TRICASTIN-1,2024-10-04T16:00:00+02:00,826
TRICASTIN-1,2024-10-04T17:00:00+02:00,826
TRICASTIN-1,2024-10-04T18:00:00+02:00,826
TRICASTIN-1,2024-10-04T19:00:00+02:00,826
TRICASTIN-1,2024-10-04T20:00:00+02:00,826
TRICASTIN-1,2024-10-04T21:00:00+02:00,826
TRICASTIN-1,2024-10-04T22:00:00+02:00,826
TRICASTIN-1,2024-10-04T23:00:00+02:00,826
TRICASTIN-2,2024-10-04T00:00:00+02:00,859
TRICASTIN-2,2024-10-04T01:00:00+02:00,859
TRICASTIN-2,2024-10-04T02:00:00+02:00,875
TRICASTIN-2,2024-10-04T03:00:00+02:00,874
TRICASTIN-2,2024-10-04T04:00:00+02:00,871
TRICASTIN-2,2024-10-04T05:00:00+02:00,865
TRICASTIN-2,2024-10-04T06:00:00+02:00,886
TRICASTIN-2,2024-10-04T07:00:00+02:00,904
TRICASTIN-2,2024-10-04T08:00:00+02:00,906
TRICASTIN-2,2024-10-04T09:00:00+02:00,879
TRICASTIN-2,2024-10-04T10:00:00+02:00,851
TRICASTIN-2,2024-10-04T11:00:00+02:00,846
TRICASTIN-2,2024-10-04T12:00:00+02:00,837
TRICASTIN-2,2024-10-04T13:00:00+02:00,815
TRICASTIN-2,2024-10-04T14:00:00+02:00,903
TRICASTIN-2,2024-10-04T15:00:00+02:00,898
TRICASTIN-2,2024-10-04T16:00:00+02:00,896
TRICASTIN-2,2024-10-04T17:00:00+02:00,866
TRICASTIN-2,2024-10-04T18:00:00+02:00,899
TRICASTIN-2,2024-10-04T19:00:00+02:00,933
TRICASTIN-2,2024-10-04T20:00:00+02:00,909
TRICASTIN-2,2024-10-04T21:00:00+02:00,876
TRICASTIN-2,2024-10-04T22:00:00+02:00,883
TRICASTIN-2,2024-10-04T23:00:00+02:00,874
BUGEY-2,2024-11-04T00:00:00+01:00,892
BUGEY-2,2024-11-04T01:00:00+01:00,892
BUGEY-2,2024-11-04T02:00:00+01:00,892
BUGEY-2,2024-11-04T03:00:00+01:00,892
BUGEY-2,2024-11-04T04:00:00+01:00,892
BUGEY-2,2024-11-04T05:00:00+01:00,893
BUGEY-2,2024-11-04T06:00:00+01:00,893
BUGEY-2,2024-11-04T07:00:00+01:00,893
BUGEY-2,2024-11-04T08:00:00+01:00,893
BUGEY-2,2024-11-04T09:00:00+01:00,893
BUGEY-2,2024-11-04T10:00:00+01:00,892
BUGEY-2,2024-11-04T11:00:00+01:00,892
BUGEY-2,2024-11-04T12:00:00+01:00,892
BUGEY-2,2024-11-04T13:00:00+01:00,891
BUGEY-2,2024-11-04T14:00:00+01:00,890
BUGEY-2,2024-11-04T15:00:00+01:00,890
BUGEY-2,2024-11-04T16:00:00+01:00,889
BUGEY-2,2024-11-04T17:00:00+01:00,889
BUGEY-2,2024-11-04T18:00:00+01:00,890
BUGEY-2,2024-11-04T19:00:00+01:00,891
BUGEY-2,2024-11-04T20:00:00+01:00,901
BUGEY-2,2024-11-04T21:00:00+01:00,901
BUGEY-2,2024-11-04T22:00:00+01:00,900
BUGEY-2,2024-11-04T23:00:00+01:00,883
BUGEY-3,2024-11-04T00:00:00+01:00,896
BUGEY-3,2024-11-04T01:00:00+01:00,896
BUGEY-3,2024-11-04T02:00:00+01:00,896
BUGEY-3,2024-11-04T03:00:00+01:00,896
BUGEY-3,2024-11-04T04:00:00+01:00,896
BUGEY-3,2024-11-04T05:00:00+01:00,896
BUGEY-3,2024-11-04T06:00:00+01:00,896
BUGEY-3,2024-11-04T07:00:00+01:00,896
BUGEY-3,2024-11-04T08:00:00+01:00,896
BUGEY-3,2024-11-04T09:00:00+01:00,896
BUGEY-3,2024-11-04T10:00:00+01:00,896
BUGEY-3,2024-11-04T11:00:00+01:00,895
BUGEY-3,2024-11-04T12:00:00+01:00,895
BUGEY-3,2024-11-04T13:00:00+01:00,895
BUGEY-3,2024-11-04T14:00:00+01:00,895
BUGEY-3,2024-11-04T15:00:00+01:00,894
BUGEY-3,2024-11-04T16:00:00+01:00,895
BUGEY-3,2024-11-04T17:00:00+01:00,895
BUGEY-3,2024-11-04T18:00:00+01:00,895
BUGEY-3,2024-11-04T19:00:00+01:00,896
BUGEY-3,2024-11-04T20:00:00+01:00,896
BUGEY-3,2024-11-04T21:00:00+01:00,896
BUGEY-3,2024-11-04T22:00:00+01:00,896
BUGEY-3,2024-11-04T23:00:00+01:00,896
BUGEY-4,2024-11-04T00:00:00+01:00,850
BUGEY-4,2024-11-04T01:00:00+01:00,851
BUGEY-4,2024-11-04T02:00:00+01:00,851
BUGEY-4,2024-11-04T03:00:00+01:00,851
BUGEY-4,2024-11-04T04:00:00+01:00,792
BUGEY-4,2024-11-04T05:00:00+01:00,803
BUGEY-4,2024-11-04T06:00:00+01:00,824
BUGEY-4,2024-11-04T07:00:00+01:00,853
BUGEY-4,2024-11-04T08:00:00+01:00,856
BUGEY-4,2024-11-04T09:00:00+01:00,855
BUGEY-4,2024-11-04T10:00:00+01:00,853
BUGEY-4,2024-11-04T11:00:00+01:00,849
BUGEY-4,2024-11-04T12:00:00+01:00,846
BUGEY-4,2024-11-04T13:00:00+01:00,843
BUGEY-4,2024-11-04T14:00:00+01:00,840
BUGEY-4,2024-11-04T15:00:00+01:00,838
BUGEY-4,2024-11-04T16:00:00+01:00,827
BUGEY-4,2024-11-04T17:00:00+01:00,822
BUGEY-4,2024-11-04T18:00:00+01:00,826
BUGEY-4,2024-11-04T19:00:00+01:00,837
BUGEY-4,2024-11-04T20:00:00+01:00,842
BUGEY-4,2024-11-04T21:00:00+01:00,840
BUGEY-4,2024-11-04T22:00:00+01:00,837
BUGEY-4,2024-11-04T23:00:00+01:00,836
BUGEY-5,2024-11-04T00:00:00+01:00,-37
BUGEY-5,2024-11-04T01:00:00+01:00,-37
BUGEY-5,2024-11-04T02:00:00+01:00,-37
BUGEY-5,2024-11-04T03:00:00+01:00,-37
BUGEY-5,2024-11-04T04:00:00+01:00,-37
BUGEY-5,2024-11-04T05:00:00+01:00,-37
BUGEY-5,2024-11-04T06:00:00+01:00,-37
BUGEY-5,2024-11-04T07:00:00+01:00,-37
BUGEY-5,2024-11-04T08:00:00+01:00,-37
BUGEY-5,2024-11-04T09:00:00+01:00,-37
BUGEY-5,2024-11-04T10:00:00+01:00,-37
BUGEY-5,2024-11-04T11:00:00+01:00,-37
BUGEY-5,2024-11-04T12:00:00+01:00,-37
BUGEY-5,2024-11-04T13:00:00+01:00,-37
BUGEY-5,2024-11-04T14:00:00+01:00,-37
BUGEY-5,2024-11-04T15:00:00+01:00,-38
BUGEY-5,2024-11-04T16:00:00+01:00,-37
BUGEY-5,2024-11-04T17:00:00+01:00,-37
BUGEY-5,2024-11-04T18:00:00+01:00,-38
BUGEY-5,2024-11-04T19:00:00+01:00,-38
BUGEY-5,2024-11-04T20:00:00+01:00,-38
BUGEY-5,2024-11-04T21:00:00+01:00,-38
BUGEY-5,2024-11-04T22:00:00+01:00,-38
BUGEY-5,2024-11-04T23:00:00+01:00,-38
GRAVELINES-1,2024-11-04T00:00:00+01:00,897
GRAVELINES-1,2024-11-04T01:00:00+01:00,897
GRAVELINES-1,2024-11-04T02:00:00+01:00,897
GRAVELINES-1,2024-11-04T03:00:00+01:00,898
GRAVELINES-1,2024-11-04T04:00:00+01:00,897
GRAVELINES-1,2024-11-04T05:00:00+01:00,896
GRAVELINES-1,2024-11-04T06:00:00+01:00,896
GRAVELINES-1,2024-11-04T07:00:00+01:00,896
GRAVELINES-1,2024-11-04T08:00:00+01:00,895
GRAVELINES-1,2024-11-04T09:00:00+01:00,895
GRAVELINES-1,2024-11-04T10:00:00+01:00,896
GRAVELINES-1,2024-11-04T11:00:00+01:00,897
GRAVELINES-1,2024-11-04T12:00:00+01:00,899
GRAVELINES-1,2024-11-04T13:00:00+01:00,899
GRAVELINES-1,2024-11-04T14:00:00+01:00,899
GRAVELINES-1,2024-11-04T15:00:00+01:00,899
GRAVELINES-1,2024-11-04T16:00:00+01:00,899
GRAVELINES-1,2024-11-04T17:00:00+01:00,897
GRAVELINES-1,2024-11-04T18:00:00+01:00,896
GRAVELINES-1,2024-11-04T19:00:00+01:00,895
GRAVELINES-1,2024-11-04T20:00:00+01:00,895
GRAVELINES-1,2024-11-04T21:00:00+01:00,895
GRAVELINES-1,2024-11-04T22:00:00+01:00,896
GRAVELINES-1,2024-11-04T23:00:00+01:00,897
GRAVELINES-2,2024-11-04T00:00:00+01:00,901
GRAVELINES-2,2024-11-04T01:00:00+01:00,901
GRAVELINES-2,2024-11-04T02:00:00+01:00,901
GRAVELINES-2,2024-11-04T03:00:00+01:00,901
GRAVELINES-2,2024-11-04T04:00:00+01:00,901
GRAVELINES-2,2024-11-04T05:00:00+01:00,900
GRAVELINES-2,2024-11-04T06:00:00+01:00,899
GRAVELINES-2,2024-11-04T07:00:00+01:00,899
GRAVELINES-2,2024-11-04T08:00:00+01:00,898
GRAVELINES-2,2024-11-04T09:00:00+01:00,898
GRAVELINES-2,2024-11-04T10:00:00+01:00,900
GRAVELINES-2,2024-11-04T11:00:00+01:00,901
GRAVELINES-2,2024-11-04T12:00:00+01:00,902
GRAVELINES-2,2024-11-04T13:00:00+01:00,902
GRAVELINES-2,2024-11-04T14:00:00+01:00,902
GRAVELINES-2,2024-11-04T15:00:00+01:00,902
GRAVELINES-2,2024-11-04T16:00:00+01:00,902
GRAVELINES-2,2024-11-04T17:00:00+01:00,901
GRAVELINES-2,2024-11-04T18:00:00+01:00,901
GRAVELINES-2,2024-11-04T19:00:00+01:00,900
GRAVELINES-2,2024-11-04T20:00:00+01:00,899
GRAVELINES-2,2024-11-04T21:00:00+01:00,899
GRAVELINES-2,2024-11-04T22:00:00+01:00,899
GRAVELINES-2,2024-11-04T23:00:00+01:00,900
GRAVELINES-3,2024-11-04T00:00:00+01:00,0
GRAVELINES-3,2024-11-04T01:00:00+01:00,0
GRAVELINES-3,2024-11-04T02:00:00+01:00,0
GRAVELINES-3,2024-11-04T03:00:00+01:00,0
GRAVELINES-3,2024-11-04T04:00:00+01:00,0
GRAVELINES-3,2024-11-04T05:00:00+01:00,0
GRAVELINES-3,2024-11-04T06:00:00+01:00,0
GRAVELINES-3,2024-11-04T07:00:00+01:00,0
GRAVELINES-3,2024-11-04T08:00:00+01:00,0
GRAVELINES-3,2024-11-04T09:00:00+01:00,0
GRAVELINES-3,2024-11-04T10:00:00+01:00,0
GRAVELINES-3,2024-11-04T11:00:00+01:00,0
GRAVELINES-3,2024-11-04T12:00:00+01:00,0
GRAVELINES-3,2024-11-04T13:00:00+01:00,0
GRAVELINES-3,2024-11-04T14:00:00+01:00,0
GRAVELINES-3,2024-11-04T15:00:00+01:00,0
GRAVELINES-3,2024-11-04T16:00:00+01:00,0
GRAVELINES-3,2024-11-04T17:00:00+01:00,0
GRAVELINES-3,2024-11-04T18:00:00+01:00,0
GRAVELINES-3,2024-11-04T19:00:00+01:00,0
GRAVELINES-3,2024-11-04T20:00:00+01:00,0
GRAVELINES-3,2024-11-04T21:00:00+01:00,0
GRAVELINES-3,2024-11-04T22:00:00+01:00,0
GRAVELINES-3,2024-11-04T23:00:00+01:00,0
DAMPIERRE-1,2024-11-04T00:00:00+01:00,880
DAMPIERRE-1,2024-11-04T01:00:00+01:00,881
DAMPIERRE-1,2024-11-04T02:00:00+01:00,883
DAMPIERRE-1,2024-11-04T03:00:00+01:00,883
DAMPIERRE-1,2024-11-04T04:00:00+01:00,883
DAMPIERRE-1,2024-11-04T05:00:00+01:00,884
DAMPIERRE-1,2024-11-04T06:00:00+01:00,881
DAMPIERRE-1,2024-11-04T07:00:00+01:00,882
DAMPIERRE-1,2024-11-04T08:00:00+01:00,882
DAMPIERRE-1,2024-11-04T09:00:00+01:00,883
DAMPIERRE-1,2024-11-04T10:00:00+01:00,882
DAMPIERRE-1,2024-11-04T11:00:00+01:00,882
DAMPIERRE-1,2024-11-04T12:00:00+01:00,880
DAMPIERRE-1,2024-11-04T13:00:00+01:00,880
DAMPIERRE-1,2024-11-04T14:00:00+01:00,879
DAMPIERRE-1,2024-11-04T15:00:00+01:00,877
DAMPIERRE-1,2024-11-04T16:00:00+01:00,875
DAMPIERRE-1,2024-11-04T17:00:00+01:00,875
DAMPIERRE-1,2024-11-04T18:00:00+01:00,876
DAMPIERRE-1,2024-11-04T19:00:00+01:00,878
DAMPIERRE-1,2024-11-04T20:00:00+01:00,879
DAMPIERRE-1,2024-11-04T21:00:00+01:00,879
DAMPIERRE-1,2024-11-04T22:00:00+01:00,880
DAMPIERRE-1,2024-11-04T23:00:00+01:00,880
DAMPIERRE-2,2024-11-04T00:00:00+01:00,-28
DAMPIERRE-2,2024-11-04T01:00:00+01:00,-28
DAMPIERRE-2,2024-11-04T02:00:00+01:00,-28
DAMPIERRE-2,2024-11-04T03:00:00+01:00,-28
DAMPIERRE-2,2024-11-04T04:00:00+01:00,-28
DAMPIERRE-2,2024-11-04T05:00:00+01:00,-28
DAMPIERRE-2,2024-11-04T06:00:00+01:00,-28
DAMPIERRE-2,2024-11-04T07:00:00+01:00,-28
DAMPIERRE-2,2024-11-04T08:00:00+01:00,-29
DAMPIERRE-2,2024-11-04T09:00:00+01:00,-31
DAMPIERRE-2,2024-11-04T10:00:00+01:00,-29
DAMPIERRE-2,2024-11-04T11:00:00+01:00,-28
DAMPIERRE-2,2024-11-04T12:00:00+01:00,-28
DAMPIERRE-2,2024-11-04T13:00:00+01:00,-28
DAMPIERRE-2,2024-11-04T14:00:00+01:00,-31
DAMPIERRE-2,2024-11-04T15:00:00+01:00,-33
DAMPIERRE-2,2024-11-04T16:00:00+01:00,-33
DAMPIERRE-2,2024-11-04T17:00:00+01:00,-33
DAMPIERRE-2,2024-11-04T18:00:00+01:00,-33
DAMPIERRE-2,2024-11-04T19:00:00+01:00,-33
DAMPIERRE-2,2024-11-04T20:00:00+01:00,-33
DAMPIERRE-2,2024-11-04T21:00:00+01:00,-33
DAMPIERRE-2,2024-11-04T22:00:00+01:00,-33
DAMPIERRE-2,2024-11-04T23:00:00+01:00,-31
TRICASTIN-1,2024-11-04T00:00:00+01:00,827
TRICASTIN-1,2024-11-04T01:00:00+01:00,828
TRICASTIN-1,2024-11-04T02:00:00+01:00,828
TRICASTIN-1,2024-11-04T03:00:00+01:00,827
TRICASTIN-1,2024-11-04T04:00:00+01:00,828
TRICASTIN-1,2024-11-04T05:00:00+01:00,828
TRICASTIN-1,2024-11-04T06:00:00+01:00,828
TRICASTIN-1,2024-11-04T07:00:00+01:00,828
TRICASTIN-1,2024-11-04T08:00:00+01:00,828
TRICASTIN-1,2024-11-04T09:00:00+01:00,828
TRICASTIN-1,2024-11-04T10:00:00+01:00,828
TRICASTIN-1,2024-11-04T11:00:00+01:00,827
TRICASTIN-1,2024-11-04T12:00:00+01:00,827
TRICASTIN-1,2024-11-04T13:00:00+01:00,827
TRICASTIN-1,2024-11-04T14:00:00+01:00,827
TRICASTIN-1,2024-11-04T15:00:00+01:00,827
TRICASTIN-1,2024-11-04T16:00:00+01:00,827
TRICASTIN-1,2024-11-04T17:00:00+01:00,827
TRICASTIN-1,2024-11-04T18:00:00+01:00,827
TRICASTIN-1,2024-11-04T19:00:00+01:00,827
TRICASTIN-1,2024-11-04T20:00:00+01:00,828
TRICASTIN-1,2024-11-04T21:00:00+01:00,828
TRICASTIN-1,2024-11-04T22:00:00+01:00,828
TRICASTIN-1,2024-11-04T23:00:00+01:00,828
TRICASTIN-2,2024-11-04T00:00:00+01:00,931
TRICASTIN-2,2024-11-04T01:00:00+01:00,931
TRICASTIN-2,2024-11-04T02:00:00+01:00,931
TRICASTIN-2,2024-11-04T03:00:00+01:00,931
TRICASTIN-2,2024-11-04T04:00:00+01:00,931
TRICASTIN-2,2024-11-04T05:00:00+01:00,921
TRICASTIN-2,2024-11-04T06:00:00+01:00,924
TRICASTIN-2,2024-11-04T07:00:00+01:00,930
TRICASTIN-2,2024-11-04T08:00:00+01:00,931
TRICASTIN-2,2024-11-04T09:00:00+01:00,932
TRICASTIN-2,2024-11-04T10:00:00+01:00,931
TRICASTIN-2,2024-11-04T11:00:00+01:00,931
TRICASTIN-2,2024-11-04T12:00:00+01:00,931
TRICASTIN-2,2024-11-04T13:00:00+01:00,931
TRICASTIN-2,2024-11-04T14:00:00+01:00,931
TRICASTIN-2,2024-11-04T15:00:00+01:00,931
TRICASTIN-2,2024-11-04T16:00:00+01:00,931
TRICASTIN-2,2024-11-04T17:00:00+01:00,931
TRICASTIN-2,2024-11-04T18:00:00+01:00,931
TRICASTIN-2,2024-11-04T19:00:00+01:00,931
TRICASTIN-2,2024-11-04T20:00:00+01:00,931
TRICASTIN-2,2024-11-04T21:00:00+01:00,931
TRICASTIN-2,2024-11-04T22:00:00+01:00,931
TRICASTIN-2,2024-11-04T23:00:00+01:00,931
BUGEY-2,2024-12-02T00:00:00+01:00,901
BUGEY-2,2024-12-02T01:00:00+01:00,901
BUGEY-2,2024-12-02T02:00:00+01:00,901
BUGEY-2,2024-12-02T03:00:00+01:00,901
BUGEY-2,2024-12-02T04:00:00+01:00,901
BUGEY-2,2024-12-02T05:00:00+01:00,901
BUGEY-2,2024-12-02T06:00:00+01:00,901
BUGEY-2,2024-12-02T07:00:00+01:00,901
BUGEY-2,2024-12-02T08:00:00+01:00,901
BUGEY-2,2024-12-02T09:00:00+01:00,901
BUGEY-2,2024-12-02T10:00:00+01:00,901
BUGEY-2,2024-12-02T11:00:00+01:00,900
BUGEY-2,2024-12-02T12:00:00+01:00,900
BUGEY-2,2024-12-02T13:00:00+01:00,900
BUGEY-2,2024-12-02T14:00:00+01:00,900
BUGEY-2,2024-12-02T15:00:00+01:00,900
BUGEY-2,2024-12-02T16:00:00+01:00,900
BUGEY-2,2024-12-02T17:00:00+01:00,900
BUGEY-2,2024-12-02T18:00:00+01:00,900
BUGEY-2,2024-12-02T19:00:00+01:00,900
BUGEY-2,2024-12-02T20:00:00+01:00,900
BUGEY-2,2024-12-02T21:00:00+01:00,900
BUGEY-2,2024-12-02T22:00:00+01:00,901
BUGEY-2,2024-12-02T23:00:00+01:00,901
BUGEY-3,2024-12-02T00:00:00+01:00,905
BUGEY-3,2024-12-02T01:00:00+01:00,905
BUGEY-3,2024-12-02T02:00:00+01:00,906
BUGEY-3,2024-12-02T03:00:00+01:00,906
BUGEY-3,2024-12-02T04:00:00+01:00,906
BUGEY-3,2024-12-02T05:00:00+01:00,906
BUGEY-3,2024-12-02T06:00:00+01:00,892
BUGEY-3,2024-12-02T07:00:00+01:00,872
BUGEY-3,2024-12-02T08:00:00+01:00,872
BUGEY-3,2024-12-02T09:00:00+01:00,872
BUGEY-3,2024-12-02T10:00:00+01:00,872
BUGEY-3,2024-12-02T11:00:00+01:00,898
BUGEY-3,2024-12-02T12:00:00+01:00,901
BUGEY-3,2024-12-02T13:00:00+01:00,901
BUGEY-3,2024-12-02T14:00:00+01:00,901
BUGEY-3,2024-12-02T15:00:00+01:00,901
BUGEY-3,2024-12-02T16:00:00+01:00,903
BUGEY-3,2024-12-02T17:00:00+01:00,905
BUGEY-3,2024-12-02T18:00:00+01:00,905
BUGEY-3,2024-12-02T19:00:00+01:00,905
BUGEY-3,2024-12-02T20:00:00+01:00,905
BUGEY-3,2024-12-02T21:00:00+01:00,905
BUGEY-3,2024-12-02T22:00:00+01:00,905
BUGEY-3,2024-12-02T23:00:00+01:00,904
BUGEY-4,2024-12-02T00:00:00+01:00,819
BUGEY-4,2024-12-02T01:00:00+01:00,806
BUGEY-4,2024-12-02T02:00:00+01:00,813
BUGEY-4,2024-12-02T03:00:00+01:00,807
BUGEY-4,2024-12-02T04:00:00+01:00,801
BUGEY-4,2024-12-02T05:00:00+01:00,802
BUGEY-4,2024-12-02T06:00:00+01:00,808
BUGEY-4,2024-12-02T07:00:00+01:00,836
BUGEY-4,2024-12-02T08:00:00+01:00,854
BUGEY-4,2024-12-02T09:00:00+01:00,857
BUGEY-4,2024-12-02T10:00:00+01:00,857
BUGEY-4,2024-12-02T11:00:00+01:00,856
BUGEY-4,2024-12-02T12:00:00+01:00,854
BUGEY-4,2024-12-02T13:00:00+01:00,854
BUGEY-4,2024-12-02T14:00:00+01:00,853
BUGEY-4,2024-12-02T15:00:00+01:00,854
BUGEY-4,2024-12-02T16:00:00+01:00,822
BUGEY-4,2024-12-02T17:00:00+01:00,810
BUGEY-4,2024-12-02T18:00:00+01:00,816
BUGEY-4,2024-12-02T19:00:00+01:00,861
BUGEY-4,2024-12-02T20:00:00+01:00,866
BUGEY-4,2024-12-02T21:00:00+01:00,867
BUGEY-4,2024-12-02T22:00:00+01:00,867
BUGEY-4,2024-12-02T23:00:00+01:00,866
BUGEY-5,2024-12-02T00:00:00+01:00,895
BUGEY-5,2024-12-02T01:00:00+01:00,895
BUGEY-5,2024-12-02T02:00:00+01:00,895
BUGEY-5,2024-12-02T03:00:00+01:00,894
BUGEY-5,2024-12-02T04:00:00+01:00,868
BUGEY-5,2024-12-02T05:00:00+01:00,891
BUGEY-5,2024-12-02T06:00:00+01:00,895
BUGEY-5,2024-12-02T07:00:00+01:00,895
BUGEY-5,2024-12-02T08:00:00+01:00,895
BUGEY-5,2024-12-02T09:00:00+01:00,895
BUGEY-5,2024-12-02T10:00:00+01:00,894
BUGEY-5,2024-12-02T11:00:00+01:00,893
BUGEY-5,2024-12-02T12:00:00+01:00,892
BUGEY-5,2024-12-02T13:00:00+01:00,892
BUGEY-5,2024-12-02T14:00:00+01:00,891
BUGEY-5,2024-12-02T15:00:00+01:00,891
BUGEY-5,2024-12-02T16:00:00+01:00,891
BUGEY-5,2024-12-02T17:00:00+01:00,891
BUGEY-5,2024-12-02T18:00:00+01:00,891
BUGEY-5,2024-12-02T19:00:00+01:00,891
BUGEY-5,2024-12-02T20:00:00+01:00,892
BUGEY-5,2024-12-02T21:00:00+01:00,891
BUGEY-5,2024-12-02T22:00:00+01:00,892
BUGEY-5,2024-12-02T23:00:00+01:00,891
GRAVELINES-1,2024-12-02T00:00:00+01:00,906
GRAVELINES-1,2024-12-02T01:00:00+01:00,905
GRAVELINES-1,2024-12-02T02:00:00+01:00,905
GRAVELINES-1,2024-12-02T03:00:00+01:00,905
GRAVELINES-1,2024-12-02T04:00:00+01:00,904
GRAVELINES-1,2024-12-02T05:00:00+01:00,903
GRAVELINES-1,2024-12-02T06:00:00+01:00,903
GRAVELINES-1,2024-12-02T07:00:00+01:00,902
GRAVELINES-1,2024-12-02T08:00:00+01:00,902
GRAVELINES-1,2024-12-02T09:00:00+01:00,903
GRAVELINES-1,2024-12-02T10:00:00+01:00,904
GRAVELINES-1,2024-12-02T11:00:00+01:00,906
GRAVELINES-1,2024-12-02T12:00:00+01:00,905
GRAVELINES-1,2024-12-02T13:00:00+01:00,904
GRAVELINES-1,2024-12-02T14:00:00+01:00,903
GRAVELINES-1,2024-12-02T15:00:00+01:00,903
GRAVELINES-1,2024-12-02T16:00:00+01:00,902
GRAVELINES-1,2024-12-02T17:00:00+01:00,901
GRAVELINES-1,2024-12-02T18:00:00+01:00,900
GRAVELINES-1,2024-12-02T19:00:00+01:00,900
GRAVELINES-1,2024-12-02T20:00:00+01:00,900
GRAVELINES-1,2024-12-02T21:00:00+01:00,901
GRAVELINES-1,2024-12-02T22:00:00+01:00,902
GRAVELINES-1,2024-12-02T23:00:00+01:00,903
GRAVELINES-2,2024-12-02T00:00:00+01:00,906
GRAVELINES-2,2024-12-02T01:00:00+01:00,906
GRAVELINES-2,2024-12-02T02:00:00+01:00,906
GRAVELINES-2,2024-12-02T03:00:00+01:00,906
GRAVELINES-2,2024-12-02T04:00:00+01:00,905
GRAVELINES-2,2024-12-02T05:00:00+01:00,905
GRAVELINES-2,2024-12-02T06:00:00+01:00,904
GRAVELINES-2,2024-12-02T07:00:00+01:00,904
GRAVELINES-2,2024-12-02T08:00:00+01:00,904
GRAVELINES-2,2024-12-02T09:00:00+01:00,904
GRAVELINES-2,2024-12-02T10:00:00+01:00,904
GRAVELINES-2,2024-12-02T11:00:00+01:00,905
GRAVELINES-2,2024-12-02T12:00:00+01:00,906
GRAVELINES-2,2024-12-02T13:00:00+01:00,906
GRAVELINES-2,2024-12-02T14:00:00+01:00,906
GRAVELINES-2,2024-12-02T15:00:00+01:00,906
GRAVELINES-2,2024-12-02T16:00:00+01:00,905
GRAVELINES-2,2024-12-02T17:00:00+01:00,905
GRAVELINES-2,2024-12-02T18:00:00+01:00,904
GRAVELINES-2,2024-12-02T19:00:00+01:00,904
GRAVELINES-2,2024-12-02T20:00:00+01:00,904
GRAVELINES-2,2024-12-02T21:00:00+01:00,904
GRAVELINES-2,2024-12-02T22:00:00+01:00,905
GRAVELINES-2,2024-12-02T23:00:00+01:00,906
GRAVELINES-3,2024-12-02T00:00:00+01:00,-3
GRAVELINES-3,2024-12-02T01:00:00+01:00,-3
GRAVELINES-3,2024-12-02T02:00:00+01:00,-3
GRAVELINES-3,2024-12-02T03:00:00+01:00,-3
GRAVELINES-3,2024-12-02T04:00:00+01:00,-3
GRAVELINES-3,2024-12-02T05:00:00+01:00,-3
GRAVELINES-3,2024-12-02T06:00:00+01:00,-3
GRAVELINES-3,2024-12-02T07:00:00+01:00,-3
GRAVELINES-3,2024-12-02T08:00:00+01:00,-3
GRAVELINES-3,2024-12-02T09:00:00+01:00,-3
GRAVELINES-3,2024-12-02T10:00:00+01:00,-3
GRAVELINES-3,2024-12-02T11:00:00+01:00,-3
GRAVELINES-3,2024-12-02T12:00:00+01:00,-3
GRAVELINES-3,2024-12-02T13:00:00+01:00,-3
GRAVELINES-3,2024-12-02T14:00:00+01:00,-3
GRAVELINES-3,2024-12-02T15:00:00+01:00,-3
GRAVELINES-3,2024-12-02T16:00:00+01:00,-3
GRAVELINES-3,2024-12-02T17:00:00+01:00,-3
GRAVELINES-3,2024-12-02T18:00:00+01:00,-3
GRAVELINES-3,2024-12-02T19:00:00+01:00,-3
GRAVELINES-3,2024-12-02T20:00:00+01:00,-4
GRAVELINES-3,2024-12-02T21:00:00+01:00,-4
GRAVELINES-3,2024-12-02T22:00:00+01:00,-4
GRAVELINES-3,2024-12-02T23:00:00+01:00,-4
DAMPIERRE-1,2024-12-02T00:00:00+01:00,871
DAMPIERRE-1,2024-12-02T01:00:00+01:00,870
DAMPIERRE-1,2024-12-02T02:00:00+01:00,872
DAMPIERRE-1,2024-12-02T03:00:00+01:00,874
DAMPIERRE-1,2024-12-02T04:00:00+01:00,874
DAMPIERRE-1,2024-12-02T05:00:00+01:00,874
DAMPIERRE-1,2024-12-02T06:00:00+01:00,874
DAMPIERRE-1,2024-12-02T07:00:00+01:00,873
DAMPIERRE-1,2024-12-02T08:00:00+01:00,872
DAMPIERRE-1,2024-12-02T09:00:00+01:00,873
DAMPIERRE-1,2024-12-02T10:00:00+01:00,874
DAMPIERRE-1,2024-12-02T11:00:00+01:00,873
DAMPIERRE-1,2024-12-02T12:00:00+01:00,873
DAMPIERRE-1,2024-12-02T13:00:00+01:00,871
DAMPIERRE-1,2024-12-02T14:00:00+01:00,872
DAMPIERRE-1,2024-12-02T15:00:00+01:00,873
DAMPIERRE-1,2024-12-02T16:00:00+01:00,874
DAMPIERRE-1,2024-12-02T17:00:00+01:00,875
DAMPIERRE-1,2024-12-02T18:00:00+01:00,875
DAMPIERRE-1,2024-12-02T19:00:00+01:00,877
DAMPIERRE-1,2024-12-02T20:00:00+01:00,878
DAMPIERRE-1,2024-12-02T21:00:00+01:00,880
DAMPIERRE-1,2024-12-02T22:00:00+01:00,880
DAMPIERRE-1,2024-12-02T23:00:00+01:00,880
DAMPIERRE-2,2024-12-02T00:00:00+01:00,877
DAMPIERRE-2,2024-12-02T01:00:00+01:00,890
DAMPIERRE-2,2024-12-02T02:00:00+01:00,919
DAMPIERRE-2,2024-12-02T03:00:00+01:00,869
DAMPIERRE-2,2024-12-02T04:00:00+01:00,859
DAMPIERRE-2,2024-12-02T05:00:00+01:00,917
DAMPIERRE-2,2024-12-02T06:00:00+01:00,880
DAMPIERRE-2,2024-12-02T07:00:00+01:00,909
DAMPIERRE-2,2024-12-02T08:00:00+01:00,919
DAMPIERRE-2,2024-12-02T09:00:00+01:00,918
DAMPIERRE-2,2024-12-02T10:00:00+01:00,914
DAMPIERRE-2,2024-12-02T11:00:00+01:00,915
DAMPIERRE-2,2024-12-02T12:00:00+01:00,917
DAMPIERRE-2,2024-12-02T13:00:00+01:00,919
DAMPIERRE-2,2024-12-02T14:00:00+01:00,921
DAMPIERRE-2,2024-12-02T15:00:00+01:00,921
DAMPIERRE-2,2024-12-02T16:00:00+01:00,923
DAMPIERRE-2,2024-12-02T17:00:00+01:00,924
DAMPIERRE-2,2024-12-02T18:00:00+01:00,924
DAMPIERRE-2,2024-12-02T19:00:00+01:00,925
DAMPIERRE-2,2024-12-02T20:00:00+01:00,926
DAMPIERRE-2,2024-12-02T21:00:00+01:00,927
DAMPIERRE-2,2024-12-02T22:00:00+01:00,928
DAMPIERRE-2,2024-12-02T23:00:00+01:00,929
TRICASTIN-1,2024-12-02T00:00:00+01:00,840
TRICASTIN-1,2024-12-02T01:00:00+01:00,839
TRICASTIN-1,2024-12-02T02:00:00+01:00,839
TRICASTIN-1,2024-12-02T03:00:00+01:00,839
TRICASTIN-1,2024-12-02T04:00:00+01:00,839
TRICASTIN-1,2024-12-02T05:00:00+01:00,839
TRICASTIN-1,2024-12-02T06:00:00+01:00,839
TRICASTIN-1,2024-12-02T07:00:00+01:00,840
TRICASTIN-1,2024-12-02T08:00:00+01:00,840
TRICASTIN-1,2024-12-02T09:00:00+01:00,840
TRICASTIN-1,2024-12-02T10:00:00+01:00,839
TRICASTIN-1,2024-12-02T11:00:00+01:00,839
TRICASTIN-1,2024-12-02T12:00:00+01:00,839
TRICASTIN-1,2024-12-02T13:00:00+01:00,839
TRICASTIN-1,2024-12-02T14:00:00+01:00,839
TRICASTIN-1,2024-12-02T15:00:00+01:00,839
TRICASTIN-1,2024-12-02T16:00:00+01:00,839
TRICASTIN-1,2024-12-02T17:00:00+01:00,839
TRICASTIN-1,2024-12-02T18:00:00+01:00,839
TRICASTIN-1,2024-12-02T19:00:00+01:00,839
TRICASTIN-1,2024-12-02T20:00:00+01:00,839
TRICASTIN-1,2024-12-02T21:00:00+01:00,839
TRICASTIN-1,2024-12-02T22:00:00+01:00,839
TRICASTIN-1,2024-12-02T23:00:00+01:00,840
TRICASTIN-2,2024-12-02T00:00:00+01:00,930
TRICASTIN-2,2024-12-02T01:00:00+01:00,930
TRICASTIN-2,2024-12-02T02:00:00+01:00,930
TRICASTIN-2,2024-12-02T03:00:00+01:00,930
TRICASTIN-2,2024-12-02T04:00:00+01:00,930
TRICASTIN-2,2024-12-02T05:00:00+01:00,930
TRICASTIN-2,2024-12-02T06:00:00+01:00,930
TRICASTIN-2,2024-12-02T07:00:00+01:00,932
TRICASTIN-2,2024-12-02T08:00:00+01:00,934
TRICASTIN-2,2024-12-02T09:00:00+01:00,935
TRICASTIN-2,2024-12-02T10:00:00+01:00,935
TRICASTIN-2,2024-12-02T11:00:00+01:00,934
TRICASTIN-2,2024-12-02T12:00:00+01:00,934
TRICASTIN-2,2024-12-02T13:00:00+01:00,934
TRICASTIN-2,2024-12-02T14:00:00+01:00,935
TRICASTIN-2,2024-12-02T15:00:00+01:00,935
TRICASTIN-2,2024-12-02T16:00:00+01:00,936
TRICASTIN-2,2024-12-02T17:00:00+01:00,936
TRICASTIN-2,2024-12-02T18:00:00+01:00,937
TRICASTIN-2,2024-12-02T19:00:00+01:00,937
TRICASTIN-2,2024-12-02T20:00:00+01:00,937
TRICASTIN-2,2024-12-02T21:00:00+01:00,937
TRICASTIN-2,2024-12-02T22:00:00+01:00,937
TRICASTIN-2,2024-12-02T23:00:00+01:00,937
