Type ouvrage;Code ligne 1;Nom ligne 1;Etat;TENSION;Source donnée;Nombre circuit;Code ligne 2;Nom ligne 2;Code ligne 3;Nom ligne 3;Code ligne 4;Nom ligne 4;Code ligne 5;Nom ligne 5
AERIEN;P.SEPL61RATIE;LIAISON 225kV N0 1 PONT-SEPT-RATIER;EN EXPLOITATION;225kV;RTE;2;P.SEPL61SANDO;LIAISON 225kV N0 1 PONT-SEPT-SANDOUVILLE;;;;;;
AERIEN;CERGYL71MEZE5;LIAISON 400kV N0 1 CERGY - MEZEROLLES;EN EXPLOITATION;400kV;RTE;2;CERGYL72MEZE5;LIAISON 400kV N0 2 CERGY - MEZEROLLES;;;;;;
AERIEN;CREYSL71GEN.P;LIAISON 400kV N0 1 CREYS - GENISSIAT-POSTE;EN EXPLOITATION;400kV;RTE;1;;;;;;;;
AERIEN;ARDOIL61TAVEL;LIAISON 225kV N0 1 ARDOISE (L )-TAVEL;EN EXPLOITATION;225kV;RTE;2;ARDOIL62TAVEL;LIAISON 225kV N0 2 ARDOISE (L )-TAVEL;;;;;;
AERIEN;GRISOL61S.PON;LIAISON 225kV N0 1 GRISOLLES-SERRE-PONCON;EN EXPLOITATION;225kV;RTE;1;;;;;;;;
AERIEN;M.SEIL72VIELM;LIAISON 400kV N0 2 MERY-SUR-SEINE - VIELMOULIN;EN EXPLOITATION;400kV;RTE;1;;;;;;;;
AERIEN;CARISL61SEREI;LIAISON 225kV N0 1 CARISEY - SEREIN;EN EXPLOITATION;225kV;RTE;1;;;;;;;;
AERIEN;M.RADL61P.JER;LIAISON 225kV N0 1 MARAIS DE RADICATEL (LES) - PORT-JEROME;EN EXPLOITATION;225kV;RTE;2;P.JERL61RATIE;LIAISON 225kV N0 1 PORT-JEROME-RATIER;;;;;;
AERIEN;MERLAL61SIRMI;LIAISON 225kV N0 1 MERLATIERE-SIRMIERE;EN EXPLOITATION;225kV;RTE;1;;;;;;;;
AERIEN;BREN5L61VERFE;LIAISON 225kV N0 1 BRENS - VERFEIL;EN EXPLOITATION;225kV;RTE;1;;;;;;;;
AERIEN;AUSSOL61P.AND;LIAISON 225kV N0 1 AUSSOIS-PRAZ-ST-ANDRE;EN EXPLOITATION;225kV;RTE;1;;;;;;;;
AERIEN;CHEVAL71GAVRE;LIAISON 400kV N0 1 CHEVALET - GAVRELLE;EN EXPLOITATION;400kV;RTE;1;;;;;;;;
AERIEN;SOLEIL61VOLVO;LIAISON 225kV N0 1 SOLEIL (LE) - VOLVON;EN EXPLOITATION;225kV;RTE;2;CHAZ5L31SOLEI;LIAISON 63kV N0 1 CHAZELLES-SOLEIL (LE);;;;;;
AERIEN;AULNOL61P.SAM;LIAISON 225kV N0 1 AULNOYE-PONT-SUR-SAMBRE;EN EXPLOITATION;225kV;RTE;2;MASTAL61P.SAM;LIAISON 225kV N0 1 MASTAING-PONT-SUR-SAMBRE;;;;;;
AERIEN;LIERSL61LOGES;LIAISON 225kV N0 1 LIERS-LOGES (LES);EN EXPLOITATION;225kV;RTE;1;;;;;;;;
AERIEN;LIERSL61LOGES;LIAISON 225kV N0 1 LIERS-LOGES (LES);EN EXPLOITATION;225kV;RTE;2;LOGESL61ZLINA;LIAISON 225kV N0 1 ESCARGOT - LOGES (LES) - PETIT-BOIS (LE);;;;;;
AERIEN;MOLE L61SSPMA;LIAISON 225kV N0 1 MOLE (LA) - ST-PIERRE-MAREGES;EN EXPLOITATION;225kV;RTE;1;;;;;;;;
AERIEN;GARCHL61SSELO;LIAISON 225kV N0 1 GARCHIZY-ST-ELOI;EN EXPLOITATION;225kV;RTE;2;GARCHL61ZGIEN;LIAISON 225kV N0 1 GARCHIZY - GIEN - TABARDERIE;;;;;;
AERIEN;ESPI5L62ZESPI;LIAISON 225kV N0 2 CHAUNAY - DAMBRON - ESPIERS (LES);EN EXPLOITATION;225kV;RTE;1;;;;;;;;
AERIEN;CABRIL62REALT;LIAISON 225kV N0 2 CABRIES-REALTOR;EN EXPLOITATION;225kV;RTE;1;;;;;;;;
AERIEN;VLEJUL61ZV.BR;LIAISON 225kV N0 1 ROBINSON - VILLEJUST  - ULIS (LES);EN EXPLOITATION;225kV;RTE;2;MOUL8L62VLEJU;LIAISON 225kV N0 2 MOULINEAUX - VILLEJUST;;;;;;
AERIEN;VLEJUL61ZV.BR;LIAISON 225kV N0 1 ROBINSON - VILLEJUST  - ULIS (LES);EN EXPLOITATION;225kV;RTE;1;;;;;;;;
AERIEN;LIVIEL61SSVIN;LIAISON 225kV N0 1 LIVIERE - ST VINCENT;EN EXPLOITATION;225kV;RTE;1;;;;;;;;
AERIEN;LANDRL61ZR.MA;LIAISON 225kV N0 1 LANDRES - STENAY - JAMETZ;EN EXPLOITATION;225kV;RTE;1;;;;;;;;
AERIEN;H.PAUL71VIELM;LIAISON 400kV N0 1 HENRI-PAUL - VIELMOULIN;EN EXPLOITATION;400kV;RTE;1;;;;;;;;
AERIEN;DENNAL61WARAN;LIAISON 225kV N0 1 DENNA-WARANDE;EN EXPLOITATION;225kV;RTE;1;;;;;;;;
AERIEN;THIERL61ZQUAR;LIAISON 225kV N0 1 QUAREZ - THIERS (BRUAY-SUR-L'ESCAUT) - VALENCIENNES;EN EXPLOITATION;225kV;RTE;2;FAMARL31THIER;LIAISON 63kV N0 1 FAMARS-THIERS;;;;;;
AERIEN;BISSYL61G.ILE;LIAISON 225kV N0 1 BISSY-GRANDE-ILE;EN EXPLOITATION;225kV;RTE;2;G.ILEL31ZC.BA;LIAISON 63kV N0 1 CHAPELLE DU BARD (LA)-GRANDE-ILE-ST-PIERRE-D ALBIGNY;;;;;;
AERIEN;CANTEL61MOUGU;LIAISON 225kV N0 1 CANTEGRIT - MOUGUERRE;EN EXPLOITATION;225kV;RTE;1;;;;;;;;
AERIEN;CZTRYL61PLISO;LIAISON 225kV N0 1 COURTRY-PLISON;EN EXPLOITATION;225kV;RTE;2;CZTRYL61SENAR;LIAISON 225kV N0 1 COURTRY-SENART;;;;;;
AERIEN;FRASNL71GEN.P;LIAISON 400kV N0 1 FRASNE - GENISSIAT-POSTE;EN EXPLOITATION;400kV;RTE;2;GEN.PL72VIELM;LIAISON 400kV N0 2 GENISSIAT-POSTE - VIELMOULIN;;;;;;
AERIEN;CHEV5L61ZBAST;LIAISON 225kV N0 1 BRAINS - CHEVIRE - CORDEMAIS-POSTE;EN EXPLOITATION;225kV;RTE;2;CHEV5L31SSPAZ;LIAISON 63kV N0 1 CHEVIRE - STE-PAZANNE;;;;;;
AERIEN;CHEV5L61ZBAST;LIAISON 225kV N0 1 BRAINS - CHEVIRE - CORDEMAIS-POSTE;EN EXPLOITATION;225kV;RTE;1;;;;;;;;
AERIEN;AVELIL71WEPPE;LIAISON 400kV N0 1 AVELIN - WEPPES;EN EXPLOITATION;400kV;RTE;2;AVELIL72WARAN;LIAISON 400kV N0 2 AVELIN - WARANDE;;;;;;
AERIEN;B.MONL62ZB.VA;LIAISON 225kV N0 2 BEAUCHASTEL - BEAUMONT-MONTEUX - BOURG-LES-VALENCE;EN EXPLOITATION;225kV;RTE;1;;;;;;;;
AERIEN;FLAMAL73MENUE;LIAISON 400kV N0 3 FLAMANVILLE - MENUEL DER TA2;EN EXPLOITATION;400kV;RTE;1;;;;;;;;
AERIEN;VALE8L61ZMANG;LIAISON 225kV N0 1 ETOILE-SUR-RHONE - LOGIS-NEUF - VALENCE;EN EXPLOITATION;225kV;RTE;1;;;;;;;;
AERIEN;CPNIEL61PRUNI;LIAISON 225kV N0 1 CHAMPAGNIER - PRUNIERES;EN EXPLOITATION;225kV;RTE;1;;;;;;;;
AERIEN;BXCHAL62ZB.VA;LIAISON 225kV N0 2 BEAUCHASTEL - BEAUMONT-MONTEUX - BOURG-LES-VALENCE;EN EXPLOITATION;225kV;RTE;1;;;;;;;;
AERIEN;AVIGNL61CTAUR;LIAISON 225kV N0 1 AVIGNON (POSTE) - CHATEAURENARD;EN EXPLOITATION;225kV;RTE;1;;;;;;;;
AERIEN;BARNAL71PALUE;LIAISON 400kV N0 1 BARNABOS - PALUEL;EN EXPLOITATION;400kV;RTE;2;BARNAL72PALUE;LIAISON 400kV N0 2 BARNABOS - PALUEL;;;;;;
AERIEN;CHEVIL62RUNGI;LIAISON 225kV N0 2 CHEVILLY-RUNGIS;EN EXPLOITATION;225kV;RTE;1;;;;;;;;
AERIEN;BORT L61MOLE;LIAISON 225kV N0 1 BORT-MOLE (LA);EN EXPLOITATION;225kV;RTE;1;;;;;;;;
AERIEN;BXLIEL61ZGRA6;LIAISON 225kV N0 1 BEAULIEU - ROUMAGNOLLE - GRANZAY;EN EXPLOITATION;225kV;RTE;1;;;;;;;;
AERIEN;P.GASL61PERSA;LIAISON 225kV N0 1 PLESSIS-GASSOT - PERSAN;EN EXPLOITATION;225kV;RTE;1;;;;;;;;
AERIEN;CORDEL61ZSSCO;LIAISON 225kV N0 1 CORDEAC - PRUNIERES - ST-PIERRE-COGNET;EN EXPLOITATION;225kV;RTE;1;;;;;;;;
AERIEN;VINCEL61ZGOLB;LIAISON 225kV N0 1 GOLBEY - JEUXEY - VINCEY;EN EXPLOITATION;225kV;RTE;2;VINCEL61ZSSNA;LIAISON 225kV N0 1 ETIVAL - ST-NABORD - VINCEY;;;;;;
AERIEN;AVELIL62EPINE;LIAISON 225kV N0 2 AVELIN - EPINETTE;EN EXPLOITATION;225kV;RTE;1;;;;;;;;
AERIEN;DAMERL61VESLE;LIAISON 225kV N0 1 DAMERY-VESLE;EN EXPLOITATION;225kV;RTE;2;ORMESL61VESLE;LIAISON 225kV N0 1 ORMES-VESLE;;;;;;
AERIEN;SAUS2L61ZV.MO;LIAISON 225kV N0 1 LONGEFAN - SAUSSAZ II (LA) - VIEUX-MOULIN;EN EXPLOITATION;225kV;RTE;1;;;;;;;;
AERIEN;BONN6L61VALDI;LIAISON 225kV N0 1 BONNEAU-VALDIVIENNE;EN EXPLOITATION;225kV;RTE;2;BONN6L62VALDI;LIAISON 225kV N0 2 BONNEAU-VALDIVIENNE;;;;;;
AERIEN;CHESNL63RENAR;LIAISON 225kV N0 3 CHESNOY (LE) - RENARDIERES (LES);EN EXPLOITATION;225kV;RTE;1;;;;;;;;
AERIEN;LAUNAL72TAUTE;LIAISON 400kV N0 2 LAUNAY - TAUTE;EN EXPLOITATION;400kV;RTE;1;;;;;;;;
AERIEN;CXNAYL61ZJUST;LIAISON 225kV N0 1 CHAUNAY - DAMBRON - JUSTICE;EN EXPLOITATION;225kV;RTE;2;CXNAYL41MALAG;LIAISON 90kV N0 1 CHAUNAY-MALAGUAY;;;;;;
AERIEN;GRIGNL62ZCOQ5;LIAISON 225kV N0 2 AQUEDUCS (LES) - COQUIBUS - GRIGNY;EN EXPLOITATION;225kV;RTE;1;;;;;;;;
AERIEN;DARSEL61FEUIL;LIAISON 225kV N0 1 DARSE-FEUILLANE;EN EXPLOITATION;225kV;RTE;2;DARSEL61FEUIL;LIAISON 225kV N0 1 DARSE-FEUILLANE;;;;;;
AERIEN;PLUVIL61PRINQ;LIAISON 225kV N0 1 PLUVIGNER - PRINQUIAU;EN EXPLOITATION;225kV;RTE;1;;;;;;;;
AERIEN;BONNIL61MEZE5;LIAISON 225kV N0 1 BONNIERES-MEZEROLLES;EN EXPLOITATION;225kV;RTE;2;BONNIL61ZRIC5;LIAISON 225kV N0 1 ARPENTS (LES) - BONNIERES - RICHEBOURG;;;;;;
AERIEN;VALENL61ZQUAR;LIAISON 225kV N0 1 QUAREZ - THIERS (BRUAY-SUR-L'ESCAUT) - VALENCIENNES;EN EXPLOITATION;225kV;RTE;1;;;;;;;;
AERIEN;MENUEL71TOLLE;LIAISON 400kV N0 1 MENUEL - TOLLEVAST;EN EXPLOITATION;400kV;RTE;1;;;;;;;;
AERIEN;GRANZL72PREGU;LIAISON 400kV N0 2 GRANZAY - PREGUILLAC;EN EXPLOITATION;400kV;RTE;1;;;;;;;;
AERIEN;POUGEL61SSVIC;LIAISON 225kV N0 1 POUGET (LE) - ST-VICTOR;EN EXPLOITATION;225kV;RTE;1;;;;;;;;
AERIEN;GRANZL61SSFLO;LIAISON 225kV N0 1 GRANZAY-ST-FLORENT;EN EXPLOITATION;225kV;RTE;1;;;;;;;;
AERIEN;ALBERL71M.LAN;LIAISON 400kV N0 1 ALBERTVILLE - MONTAGNY-LES-LANCHES;EN EXPLOITATION;400kV;RTE;1;;;;;;;;
AERIEN;BREUIL62MOLE;LIAISON 225kV N0 2 BREUIL (LE)- MOLE (LA);EN EXPLOITATION;225kV;RTE;1;;;;;;;;
AERIEN;CERGYL61PORCH;LIAISON 225kV N0 1 CERGY-PORCHEVILLE;EN EXPLOITATION;225kV;RTE;2;PORCHL61PUISE;LIAISON 225kV N0 1 PORCHEVILLE-PUISEUX;;;;;;
AERIEN;EGUZOL72VALDI;LIAISON 400kV N0 2 EGUZON - VALDIVIENNE;EN EXPLOITATION;400kV;RTE;1;;;;;;;;
AERIEN;CHOO5L61MAZUR;LIAISON 225kV N0 1 CHOOZ-MAZURES;EN EXPLOITATION;225kV;RTE;2;CHOO5L62MAZUR;LIAISON 225kV N0 2 CHOOZ-MAZURES;;;;;;
AERIEN;MORBRL61ZORS6;LIAISON 225kV N0 1 MORBRAS - ORSONVILLE - VILLEVAUDE;EN EXPLOITATION;225kV;RTE;1;;;;;;;;
AERIEN;LANG6L61MORBR;LIAISON 225kV N0 1 LANGLOIS-MORBRAS;EN EXPLOITATION;225kV;RTE;2;MORBRL61ZORS6;LIAISON 225kV N0 1 MORBRAS - ORSONVILLE - VILLEVAUDE;;;;;;
AERIEN;DONZEL61FEROU;LIAISON 225kV N0 1 DONZENAC-FEROUGE;EN EXPLOITATION;225kV;RTE;2;FEROUL61TALAM;LIAISON 225kV N0 1 FEROUGE-TALAMET;;;;;;
AERIEN;ALBERL71BATHI;LIAISON 400kV N0 1 ALBERTVILLE - BATHIE (LA);EN EXPLOITATION;400kV;RTE;1;;;;;;;;
AERIEN;GAMPAL61ZCPB5;LIAISON 225kV N0 1 BEAUMONT-MONTEUX - CHAMPBLAIN - GAMPALOUP;EN EXPLOITATION;225kV;RTE;2;B.MONL62GAMPA;LIAISON 225kV N0 2 BEAUMONT-MONTEUX-GAMPALOUP;;;;;;
AERIEN;CIVAUL76VALDI;LIAISON 400kV N0 6 (AUX2) CIVAUX - VALDIVIENNE;EN EXPLOITATION;400kV;RTE;1;;;;;;;;
AERIEN;CROIXL61P.ME5;LIAISON 225kV N0 1 CROIX (LA)-PETIT-MENIN;EN EXPLOITATION;225kV;RTE;1;;;;;;;;
AERIEN;CAIL5L61E.BOT;LIAISON 225kV N0 1 CAILLOLS-ENCO-DE-BOTTE;EN EXPLOITATION;225kV;RTE;1;;;;;;;;
AERIEN;MASSYL62VLEJU;LIAISON 225kV N0 2 MASSY-VILLEJUST;EN EXPLOITATION;225kV;RTE;2;MASSYL61VLEJU;RES. LIAISON 225kV N0 1  MASSY - VILLEJUST;;;;;;
AERIEN;BXTO5L62LATEN;LIAISON 225kV N0 2 BEAUTOR(POSTE)-LATENA;EN EXPLOITATION;225kV;RTE;2;BXTO5L63LATEN;LIAISON 225kV N0 3 BEAUTOR(POSTE) - LATENA;;;;;;
AERIEN;REALTL63SEPTE;LIAISON 225kV N0 3 REALTOR - SEPTEMES;EN EXPLOITATION;225kV;RTE;1;;;;;;;;
AERIEN;MAMBEL61PUSY;LIAISON 225kV N0 1 MAMBELIN-PUSY;EN EXPLOITATION;225kV;RTE;1;;;;;;;;
AERIEN;FARRAL61SAINT;LIAISON 225kV N0 1 FARRADIERE (LA) - SAINTES;EN EXPLOITATION;225kV;RTE;2;PREGUL61SAINT;LIAISON 225kV N0 1 PREGUILLAC - SAINTES;;;;;;
AERIEN;CATTEL71VIGY;LIAISON 400kV N0 1 CATTENOM - VIGY;EN EXPLOITATION;400kV;RTE;1;;;;;;;;
AERIEN;CERGYL61ZHERB;LIAISON 225kV N0 1 CERGY - CORMEILLES - HERBLAY;EN EXPLOITATION;225kV;RTE;4;CERGYL61ZLIES;LIAISON 225kV N0 1 CERGY - HAUTE-BORNE - LIESSE;CERGYL61ZLIE5;LIAISON 225kV N0 1 CERGY - LIESSE - PLESSIS-GASSOT;CERGYL62ZHER7;LIAISON 225kV N0 2 CERGY - CORMEILLES - HERBLAY;;
AERIEN;COR.PL61GUERS;LIAISON 225kV N0 1 CORDEMAIS-POSTE-GUERSAC;EN EXPLOITATION;225kV;RTE;2;GUERSL61ZPRIN;LIAISON 225kV N0 1 CORDEMAIS-POSTE - GUERSAC - THEIX;;;;;;
AERIEN;CONCAL61P.ROU;LIAISON 225kV N0 1 CONCARNEAU-POTEAU-ROUGE;EN EXPLOITATION;225kV;RTE;1;;;;;;;;
AERIEN;BXTO5L62LATEN;LIAISON 225kV N0 2 BEAUTOR(POSTE)-LATENA;EN EXPLOITATION;225kV;RTE;1;;;;;;;;
AERIEN;GUEBWL61VOGEL;LIAISON 225kV N0 1 GUEBWILLER - VOGELGRUN;EN EXPLOITATION;225kV;RTE;1;;;;;;;;
AERIEN;.RIDDL61CORNI;LIAISON 225kV N0 1 CORNIER-RIDDES;EN EXPLOITATION;225kV;RTE;1;;;;;;;;
AERIEN;SSOREL61VERFE;LIAISON 225kV N0 1 ST-ORENS-VERFEIL;EN EXPLOITATION;225kV;RTE;2;P.SIML62VERFE;LIAISON 225kV N0 2 PORTET-ST-SIMON-VERFEIL;;;;;;
AERIEN;ROBI5L61ZV.BR;LIAISON 225kV N0 1 ROBINSON - VILLEJUST  - ULIS (LES);EN EXPLOITATION;225kV;RTE;2;MOUL8L62VLEJU;LIAISON 225kV N0 2 MOULINEAUX - VILLEJUST;;;;;;
AERIEN;CUBNEL61MQIS;LIAISON 225kV N0 1 CUBNEZAIS-MARQUIS (LE);EN EXPLOITATION;225kV;RTE;2;MQIS L31V.BLA;LIAISON 63kV N0 1 MARQUIS (LE)-VILLENEUVE-DE-BLAYE;;;;;;
AERIEN;GRAFFL61SPORE;LIAISON 225kV N0 1 GRAFFENSTADEN-SPORENINSEL;EN EXPLOITATION;225kV;RTE;2;P.RHIL61STRAS;LIAISON 225kV N0 1 PORT-DU-RHIN-STRASBOURG;;;;;;
AERIEN;BEZAUL72VIGY;LIAISON 400kV N0 2 BEZAUMONT - VIGY;EN EXPLOITATION;400kV;RTE;1;;;;;;;;
AERIEN;BEZAUL71MARL6;LIAISON 400kV N0 1 BEZAUMONT - MARLENHEIM;EN EXPLOITATION;400kV;RTE;2;MARL6L71SCHEE;LIAISON 400kV N0 1 MARLENHEIM - SCHEER;;;;;;
AERIEN;H.VINL61HELLE;LIAISON 225kV N0 1 HAUT-VINAGE-HELLEMMES;EN EXPLOITATION;225kV;RTE;1;;;;;;;;
AERIEN;TUILIL61ZSS11;LIAISON 225kV N0 1 CUBNEZAIS - SAINT-GERAUD-DE-CORPS - TUILIERES;EN EXPLOITATION;225kV;RTE;1;;;;;;;;
AERIEN;MAMBEL61PALEN;LIAISON 225kV N0 1 MAMBELIN-PALENTE;EN EXPLOITATION;225kV;RTE;1;;;;;;;;
AERIEN;VLEJUL61ZLIN7;LIAISON 225kV N0 1 LIERS - VILLEJUST - PETIT-BOIS (LE);EN EXPLOITATION;225kV;RTE;1;;;;;;;;
AERIEN;C.MERL61MOUGI;LIAISON 225kV N0 1 CAGNES-SUR-MER-MOUGINS;EN EXPLOITATION;225kV;RTE;2;MOUGIL31VALBO;LIAISON 63kV N0 1 MOUGINS-VALBONNE;;;;;;
AERIEN;.ARKAL61ARGIA;LIAISON 225kV N0 1 ARGIA-ARKALE;EN EXPLOITATION;225kV;RTE;1;;;;;;;;
AERIEN;HERMIL61LONG6;LIAISON 225kV N0 1 HERMILLON - LONGEFAN;EN EXPLOITATION;225kV;RTE;1;;;;;;;;
AERIEN;BRUGEL61MQIS;LIAISON 225kV N0 1 BRUGES - MARQUIS (LE);EN EXPLOITATION;225kV;RTE;1;;;;;;;;
AERIEN;GEN.PL61VOUGL;LIAISON 225kV N0 1 GENISSIAT-POSTE - VOUGLANS;EN EXPLOITATION;225kV;RTE;1;;;;;;;;
AERIEN;BAYETL61SEMIN;LIAISON 225kV N0 1 BAYET - SEMINAIRE;EN EXPLOITATION;225kV;RTE;1;;;;;;;;
AERIEN;E.BOTL62PALUN;LIAISON 225kV N0 2 ENCO-DE-BOTTE-PALUN (LA);EN EXPLOITATION;225kV;RTE;1;;;;;;;;
AERIEN;NEMOUL61VLEMA;LIAISON 225kV N0 1 NEMOURS-VILLEMANDEUR;EN EXPLOITATION;225kV;RTE;1;;;;;;;;
AERIEN;PENLYL71PENL5;LIAISON 400kV N0 1 PENLY (POSTE CENTRALE) - PENLY (POSTE EVACUATION);EN EXPLOITATION;400kV;RTE;1;;;;;;;;
AERIEN;QUINTL61SSCAL;LIAISON 225kV N0 1 QUINTES (LES)-ST-CALAIS;EN EXPLOITATION;225kV;RTE;1;;;;;;;;
AERIEN;CLERAL71PLAUD;LIAISON 400kV N0 1 CLERAC - PLAUD;EN EXPLOITATION;400kV;RTE;1;;;;;;;;
AERIEN;CPBLAL61ZCPB5;LIAISON 225kV N0 1 BEAUMONT-MONTEUX - CHAMPBLAIN - GAMPALOUP;EN EXPLOITATION;225kV;RTE;1;;;;;;;;
AERIEN;CPBLAL61ZCPB5;LIAISON 225kV N0 1 BEAUMONT-MONTEUX - CHAMPBLAIN - GAMPALOUP;EN EXPLOITATION;225kV;RTE;2;ANNEYL31SSVAL;LIAISON 63kV N0 1 ANNEYRON-ST-VALLIER;;;;;;
AERIEN;D.BURL62TABAR;LIAISON 225kV N0 2 (AUX3-4)DAMPIERRE-EN-BURLY-TABARDERIE;EN EXPLOITATION;225kV;RTE;1;;;;;;;;
AERIEN;P.GASL64ZFAN5;LIAISON 225kV N0 4 FALLOU - FANAUDES - PLESSIS-GASSOT;EN EXPLOITATION;225kV;RTE;1;;;;;;;;
AERIEN;CHOO2L71LONNY;LIAISON 400kV N0 1 CHOOZ B - LONNY;EN EXPLOITATION;400kV;RTE;1;;;;;;;;
AERIEN;BOCTOL71MORBR;LIAISON 400kV N0 1 BOCTOIS - MORBRAS;EN EXPLOITATION;400kV;RTE;1;;;;;;;;
AERIEN;MAMBEL62PALEN;LIAISON 225kV N0 2 MAMBELIN-PALENTE;EN EXPLOITATION;225kV;RTE;1;;;;;;;;
AERIEN;BARNAL71ROUGE;LIAISON 400kV N0 1 BARNABOS - ROUGEMONTIER;EN EXPLOITATION;400kV;RTE;1;;;;;;;;
AERIEN;MANDAL71WARAN;LIAISON 400kV N0 1 MANDARINS - WARANDE;EN EXPLOITATION;400kV;RTE;2;ATTAQL72MANDA;LIAISON 400kV N0 2 ATTAQUES (LES) - MANDARINS;;;;;;
AERIEN;GRANZL71JUMEA;LIAISON 400kV N0 1 GRANZAY - JUMEAUX (LES);EN EXPLOITATION;400kV;RTE;1;;;;;;;;
AERIEN;CUPERL61ZCUPE;LIAISON 225kV N0 1 CUPERLY - RECY - VESLE;EN EXPLOITATION;225kV;RTE;1;;;;;;;;
AERIEN;COQUAL61ROUGE;LIAISON 225kV N0 1 COQUAINVILLIERS-ROUGEMONTIER;EN EXPLOITATION;225kV;RTE;2;COQUAL62ROUGE;LIAISON 225kV N0 2 COQUAINVILLIERS-ROUGEMONTIER;;;;;;
AERIEN;CHESNL71VLECH;LIAISON 400kV N0 1 CHESNOY (LE) - VILLECHETIVE;EN EXPLOITATION;400kV;RTE;2;SEREIL71VLECH;LIAISON 400kV N0 1 SEREIN - VILLECHETIVE;;;;;;
AERIEN;B.EPIL61DOMLO;LIAISON 225kV N0 1 BELLE-EPINE-DOMLOUP;EN EXPLOITATION;225kV;RTE;2;DOMLOL62ZSSL7;LIAISON 225kV N0 2 BELLE-EPINE - DOMLOUP - ST-LAURENT;;;;;;
AERIEN;BACALL61BRUGE;LIAISON 225kV N0 1 BACALAN-BRUGES;EN EXPLOITATION;225kV;RTE;2;BACALL31BLAN5;LIAISON 63kV N0 1 BACALAN - BLANQUEFORT (FORD);;;;;;
AERIEN;CHESNL71M.SEI;LIAISON 400kV N0 1 CHESNOY (LE) - MERY-SUR-SEINE;EN EXPLOITATION;400kV;RTE;2;CHESNL72M.SEI;LIAISON 400kV N0 2 CHESNOY (LE) - MERY-SUR-SEINE;;;;;;
AERIEN;ABLAIL61LATEN;LIAISON 225kV N0 1 ABLAINCOURT-LATENA;EN EXPLOITATION;225kV;RTE;1;;;;;;;;
AERIEN;CUBNEL71DONZA;LIAISON 400kV N0 1 CUBNEZAIS - DONZAC;EN EXPLOITATION;400kV;RTE;1;;;;;;;;
AERIEN;H.PAUL71VIELM;LIAISON 400kV N0 1 HENRI-PAUL - VIELMOULIN;EN EXPLOITATION;400kV;RTE;2;COMMUL61H.PAU;LIAISON 225kV N0 1 COMMUNE-HENRI-PAUL;;;;;;
AERIEN;P.TRIL61ZP.TR;LIAISON 225kV N0 1 MONTPELLIER - PONT TRINQUAT - ST CHRISTOL;EN EXPLOITATION;225kV;RTE;1;;;;;;;;
AERIEN;SISTEL61ZBLAU;LIAISON 225kV N0 1 CURBANS - SISTERON - BLAUX;EN EXPLOITATION;225kV;RTE;1;;;;;;;;
AERIEN;CHEVIL63ZV.OR;LIAISON 225kV N0 3 CHEVILLY - ULIS (LES) - VILLEJUST;EN EXPLOITATION;225kV;RTE;3;MASSYL64ZMAS5;LIAISON 225kV N0 4 CHEVILLY - MASSY - VILLEJUST;VLEJUL64ZMAS5;LIAISON 225kV N0 4 CHEVILLY - MASSY - VILLEJUST;;;;
AERIEN;RELE L61VANDI;LIAISON 225kV N0 1 RELE-VANDIERES;EN EXPLOITATION;225kV;RTE;1;;;;;;;;
AERIEN;FLOIRL61PESSA;LIAISON 225kV N0 1 FLOIRAC EDF-PESSAC;EN EXPLOITATION;225kV;RTE;1;;;;;;;;
AERIEN;CROIXL61H.VIN;LIAISON 225kV N0 1 CROIX (LA) - HAUT-VINAGE;EN EXPLOITATION;225kV;RTE;1;;;;;;;;
AERIEN;CHARPL72GREPI;LIAISON 400kV N0 2 CHARPENAY - GREPILLES;EN EXPLOITATION;400kV;RTE;1;;;;;;;;
AERIEN;PLAISL61ZAVRO;LIAISON 225kV N0 1 PLAISANCE - VILLEVAUDE - AVRON;EN EXPLOITATION;225kV;RTE;2;PLAISL62ZAVR5;LIAISON 225kV N0 2 PLAISANCE - VILLEVAUDE - AVRON;;;;;;
AERIEN;GRANZL62SSFLO;LIAISON 225kV N0 2 GRANZAY - ST-FLORENT;EN EXPLOITATION;225kV;RTE;1;;;;;;;;
AERIEN;DIRINL62ZTREF;LIAISON 225kV N0 2 DIRINON - MARTYRE (LA) - SQUIVIDAN;EN EXPLOITATION;225kV;RTE;1;;;;;;;;
AERIEN;EGUZOL61SSFEY;LIAISON 225kV N0 1 EGUZON-STE-FEYRE;EN EXPLOITATION;225kV;RTE;1;;;;;;;;
AERIEN;GRAFFL61REICH;LIAISON 225kV N0 1 GRAFFENSTADEN-REICHSTETT;EN EXPLOITATION;225kV;RTE;1;;;;;;;;
AERIEN;DOMLOL72LOUIS;LIAISON 400kV N0 2 DOMLOUP - LOUISFERT (POSTE F);EN EXPLOITATION;400kV;RTE;1;;;;;;;;
AERIEN;DOMLOL71LOUIS;LIAISON 400kV N0 1 DOMLOUP - LOUISFERT;EN EXPLOITATION;400kV;RTE;1;;;;;;;;
AERIEN;ARPENL61ZRIC5;LIAISON 225kV N0 1 ARPENTS (LES) - BONNIERES - RICHEBOURG;EN EXPLOITATION;225kV;RTE;1;;;;;;;;
AERIEN;BEUVRL61VENDI;LIAISON 225kV N0 1 BEUVRY(LABOURSE)-VENDIN;EN EXPLOITATION;225kV;RTE;1;;;;;;;;
AERIEN;P.GASL61TILLI;LIAISON 225kV N0 1 PLESSIS-GASSOT - TILLIERS;EN EXPLOITATION;225kV;RTE;2;P.GASL62V.BEL;LIAISON 225kV N0 2 PLESSIS-GASSOT - VILLIERS-LE-BEL;;;;;;
AERIEN;CPNIEL61MOIRA;LIAISON 225kV N0 1 CHAMPAGNIER-MOIRANS;EN EXPLOITATION;225kV;RTE;2;CPNIEL61SINAR;LIAISON 225kV N0 1 CHAMPAGNIER-SINARD;;;;;;
AERIEN;G.COUL62SSROU;LIAISON 225kV N0 2 GRAND-COURONNE-ST-ETIENNE DU ROUVRAY;EN EXPLOITATION;225kV;RTE;1;;;;;;;;
AERIEN;FARRAL61GRANZ;LIAISON 225kV N0 1 FARRADIERE (LA)-GRANZAY;EN EXPLOITATION;225kV;RTE;1;;;;;;;;
AERIEN;HOUDRL72M.SEI;LIAISON 400kV N0 2 HOUDREVILLE - MERY-SUR-SEINE;EN EXPLOITATION;400kV;RTE;1;;;;;;;;
AERIEN;HOUDRL71M.SEI;LIAISON 400kV N0 1 HOUDREVILLE - MERY-SUR-SEINE;EN EXPLOITATION;400kV;RTE;2;HOUDRL72M.SEI;LIAISON 400kV N0 2 HOUDREVILLE - MERY-SUR-SEINE;;;;;;
AERIEN;LONNYL72MASTA;LIAISON 400kV N0 2 LONNY - MASTAING;EN EXPLOITATION;400kV;RTE;2;LONNYL73MASTA;LIAISON 400kV N0 3 LONNY - MASTAING;;;;;;
AERIEN;PTARLL61SAONE;LIAISON 225kV N0 1 PONTARLIER - SAONE;EN EXPLOITATION;225kV;RTE;1;;;;;;;;
AERIEN;ATTAQL61ECHIN;LIAISON 225kV N0 1 ATTAQUES (LES) - ECHINGHEN;EN EXPLOITATION;225kV;RTE;2;ATTAQL62ZRUMI;LIAISON 225kV N0 2 ATTAQUES (LES) - HOLQUE - RUMINGHEM;;;;;;
AERIEN;E.BOTL61PALUN;LIAISON 225kV N0 1 ENCO-DE-BOTTE-PALUN (LA);EN EXPLOITATION;225kV;RTE;2;E.BOTL62PALUN;LIAISON 225kV N0 2 ENCO-DE-BOTTE-PALUN (LA);;;;;;
AERIEN;CHAN5L71QUINT;LIAISON 400kV N0 1 CHANCEAUX - QUINTES (LES);EN EXPLOITATION;400kV;RTE;1;;;;;;;;
AERIEN;BARP L61SAUCA;LIAISON 225kV N0 1 BARP(LE)-SAUCAT;EN EXPLOITATION;225kV;RTE;1;;;;;;;;
AERIEN;SSCESL61SSCHR;LIAISON 225kV N0 1 ST CESAIRE - ST CHRISTOL;EN EXPLOITATION;225kV;RTE;1;;;;;;;;
AERIEN;CREYSL72GEN.P;LIAISON 400kV N0 2 CREYS - GENISSIAT-POSTE;EN EXPLOITATION;400kV;RTE;1;;;;;;;;
AERIEN;VAUPAL61YAINV;LIAISON 225kV N0 1 VAUPALIERE (LA)-YAINVILLE;EN EXPLOITATION;225kV;RTE;2;G.COUL62VAUPA;LIAISON 225kV N0 2 GRAND-COURONNE - VAUPALIERE (LA);;;;;;
AERIEN;G.COUL61ROUGE;LIAISON 225kV N0 1 GRAND-COURONNE-ROUGEMONTIER;EN EXPLOITATION;225kV;RTE;2;G.COUL62ROUGE;LIAISON 225kV N0 2 GRAND-COURONNE-ROUGEMONTIER;;;;;;
AERIEN;COULAL72P.COR;LIAISON 400kV N0 2 COULANGE - PIVOZ CORDIER;EN EXPLOITATION;400kV;RTE;1;;;;;;;;
AERIEN;COR.PL61GUERS;LIAISON 225kV N0 1 CORDEMAIS-POSTE-GUERSAC;EN EXPLOITATION;225kV;RTE;1;;;;;;;;
AERIEN;BREAUL61PRELE;LIAISON 225kV N0 1 BREAU - PRELES (LES);EN EXPLOITATION;225kV;RTE;2;BREAUL31PRELE;LIAISON 63kV N0 1 BREAU-PRELES (LES);;;;;;
AERIEN;COR.PL71LOUIS;LIAISON 400kV N0 1 CORDEMAIS-P - LOUISFERT (POSTE F);EN EXPLOITATION;400kV;RTE;1;;;;;;;;
AERIEN;MENUEL73TAUTE;LIAISON 400kV N0 3 MENUEL - TAUTE;EN EXPLOITATION;400kV;RTE;1;;;;;;;;
AERIEN;PRRTTL61SEQUE;LIAISON 225kV N0 1 PIERRETTE (LA) - SEQUEDIN;EN EXPLOITATION;225kV;RTE;1;;;;;;;;
AERIEN;LAUNAL61RAN.P;LIAISON 225kV N0 1 LAUNAY-RANCE-POSTE;EN EXPLOITATION;225kV;RTE;1;;;;;;;;
AERIEN;Q.SEIL61TAMAR;LIAISON 225kV N0 1 QUATRE SEIGNEURS - TAMAREAU;EN EXPLOITATION;225kV;RTE;2;Q.SEIL62TAMAR;RES. LIAISON 225kV N0 2  QUATRE SEIGNEURS - TAMAREAU;;;;;;
AERIEN;MARGEL61RUEYR;LIAISON 225kV N0 1 MARGERIDE-RUEYRES;EN EXPLOITATION;225kV;RTE;1;;;;;;;;
AERIEN;MORBRL61SONNE;LIAISON 225kV N0 1 MORBRAS-SONNETTES;EN EXPLOITATION;225kV;RTE;1;;;;;;;;
AERIEN;ANSERL61PRRTT;LIAISON 225kV N0 1 ANSEREUILLES (LES) - PIERRETTE (LA);EN EXPLOITATION;225kV;RTE;1;;;;;;;;
AERIEN;GOURJL61VERFE;LIAISON 225kV N0 1 GOURJADE - VERFEIL;EN EXPLOITATION;225kV;RTE;1;;;;;;;;
AERIEN;GOURJL61ZMIOL;LIAISON 225kV N0 1 GOURJADE - MIOLLES - ST-VICTOR;EN EXPLOITATION;225kV;RTE;1;;;;;;;;
AERIEN;BREUIL62BREUI;LIAISON 225kV N0 2 ATR762 DE BREUIL;EN EXPLOITATION;225kV;RTE;1;;;;;;;;
AERIEN;AQUEDL61ZCOQU;LIAISON 225kV N0 1 AQUEDUCS (LES) - COQUIBUS - GRIGNY;EN EXPLOITATION;225kV;RTE;2;AQUEDL62ZCOQ5;LIAISON 225kV N0 2 AQUEDUCS (LES) - COQUIBUS - GRIGNY;;;;;;
AERIEN;B.HAML61ZB.HA;LIAISON 225kV N0 1 BASSE HAM - ST-HUBERT - VIGY;EN EXPLOITATION;225kV;RTE;2;B.HAML61ZB.HA;LIAISON 225kV N0 1 BASSE HAM - ST-HUBERT - VIGY;;;;;;
AERIEN;CORNIL71M.LAN;LIAISON 400kV N0 1 CORNIER - MONTAGNY-LES-LANCHES;EN EXPLOITATION;400kV;RTE;1;;;;;;;;
AERIEN;BOISSL61MEYZI;LIAISON 225kV N0 1 BOISSE (LA) - MEYZIEU;EN EXPLOITATION;225kV;RTE;2;BOISSL62MIONS;LIAISON 225kV N0 2 BOISSE (LA) - MIONS;;;;;;
AERIEN;BAIXAL72GAUDI;LIAISON 400kV N0 2 BAIXAS - LA GAUDIERE;EN EXPLOITATION;400kV;RTE;1;;;;;;;;
AERIEN;HOUDRL71VINCE;LIAISON 400kV N0 1 HOUDREVILLE - VINCEY;EN EXPLOITATION;400kV;RTE;1;;;;;;;;
AERIEN;.AUBAL61M.MA5;LIAISON 225kV N0 1 AUBANGE - MT-SAINT-MARTIN;EN EXPLOITATION;225kV;RTE;2;.AUBAL61MOULA;LIAISON 225kV N0 1 AUBANGE - MOULAINE;;;;;;
AERIEN;ROUGEL72TILL5;LIAISON 400kV N0 2 ROUGEMONTIER - TILLEUL;EN EXPLOITATION;400kV;RTE;1;;;;;;;;
AERIEN;BATZEL61MARL6;LIAISON 225kV N0 1 BATZENDORF-MARLENHEIM;EN EXPLOITATION;225kV;RTE;2;MARL6L61REICH;LIAISON 225kV N0 1 MARLENHEIM-REICHSTETT;;;;;;
AERIEN;P.GASL62V.BEL;LIAISON 225kV N0 2 PLESSIS-GASSOT - VILLIERS-LE-BEL;EN EXPLOITATION;225kV;RTE;1;;;;;;;;
AERIEN;LONNYL72MASTA;LIAISON 400kV N0 2 LONNY - MASTAING;EN EXPLOITATION;400kV;RTE;1;;;;;;;;
AERIEN;PRIMEL62SAUS5;LIAISON 225kV N0 2 PRIMEVERES - SAUSSET;EN EXPLOITATION;225kV;RTE;1;;;;;;;;
AERIEN;H.VINL61HELLE;LIAISON 225kV N0 1 HAUT-VINAGE-HELLEMMES;EN EXPLOITATION;225kV;RTE;2;H.VINL62HELLE;LIAISON 225kV N0 2 HAUT-VINAGE-HELLEMMES;;;;;;
AERIEN;FROMAL63ZFRO6;LIAISON 225kV N0 3 CERGY - CORMEILLES - FROMAINVILLE;EN EXPLOITATION;225kV;RTE;1;;;;;;;;
AERIEN;CHAV6L61GEN.P;LIAISON 225kV N0 1 CHAVANOD - GENISSIAT-POSTE;EN EXPLOITATION;225kV;RTE;1;;;;;;;;
AERIEN;ROM  L71VALDI;LIAISON 400kV N0 1 ROM - VALDIVIENNE;EN EXPLOITATION;400kV;RTE;1;;;;;;;;
AERIEN;GRANZL72VALDI;LIAISON 400kV N0 2 GRANZAY - VALDIVIENNE;EN EXPLOITATION;400kV;RTE;1;;;;;;;;
AERIEN;COMPIL61MORU;LIAISON 225kV N0 1 COMPIEGNE-MORU;EN EXPLOITATION;225kV;RTE;1;;;;;;;;
AERIEN;AVELIL72WARAN;LIAISON 400kV N0 2 AVELIN - WARANDE;EN EXPLOITATION;400kV;RTE;1;;;;;;;;
AERIEN;MEZE5L72TILL5;LIAISON 400kV N0 2 MEZEROLLES - TILLEUL;EN EXPLOITATION;400kV;RTE;1;;;;;;;;
AERIEN;G.ILEL61ZMER7;LIAISON 225kV N0 1 FROGES - GRANDE-ILE - MERCIERS (LES);EN EXPLOITATION;225kV;RTE;1;;;;;;;;
AERIEN;GRAV5L73WARAN;LIAISON 400kV N0 3 GRAVELINES (CENTRALE) - WARANDE;EN EXPLOITATION;400kV;RTE;1;;;;;;;;
AERIEN;ARGIEL61SIERE;LIAISON 225kV N0 1 ARGIESANS-SIERENTZ;EN EXPLOITATION;225kV;RTE;1;;;;;;;;
AERIEN;D.FRAL61LINGO;LIAISON 225kV N0 1 DIGUE-DES-FRANCAIS-LINGOSTIERE;EN EXPLOITATION;225kV;RTE;1;;;;;;;;
AERIEN;D.FRAL62LINGO;LIAISON 225kV N0 2 DIGUE-DES-FRANCAIS-LINGOSTIERE;EN EXPLOITATION;225kV;RTE;1;;;;;;;;
AERIEN;H.BORL61ZLIES;LIAISON 225kV N0 1 CERGY - HAUTE-BORNE - LIESSE;EN EXPLOITATION;225kV;RTE;1;;;;;;;;
AERIEN;GRIM5L62TRANS;LIAISON 225kV N0 2 GRIMAUD - TRANS;EN EXPLOITATION;225kV;RTE;1;;;;;;;;
AERIEN;MALLEL61RQROU;LIAISON 225kV N0 1 MALLEMORT (CLIENT)-ROQUEROUSSE;EN EXPLOITATION;225kV;RTE;1;;;;;;;;
AERIEN;MIOLLL61ZMIOL;LIAISON 225kV N0 1 GOURJADE - MIOLLES - ST-VICTOR;EN EXPLOITATION;225kV;RTE;1;;;;;;;;
AERIEN;G.CAIL61VALEN;LIAISON 225kV N0 1 GROS-CAILLOU-VALENCIENNES;EN EXPLOITATION;225kV;RTE;1;;;;;;;;
AERIEN;HELLEL62M.LIL;LIAISON 225kV N0 2 HELLEMMES - MOULINS LILLE;EN EXPLOITATION;225kV;RTE;1;;;;;;;;
AERIEN;BRAUDL74CUBNE;LIAISON 400kV N0 4 BRAUD - CUBNEZAIS;EN EXPLOITATION;400kV;RTE;1;;;;;;;;
AERIEN;DONZAL71LESQU;LIAISON 400kV N0 1 DONZAC - LESQUIVE;EN EXPLOITATION;400kV;RTE;2;DONZAL72VERFE;LIAISON 400kV N0 2 DONZAC - VERFEIL;;;;;;
AERIEN;MORBRL72VLEVA;LIAISON 400kV N0 2 MORBRAS - VILLEVAUDE;EN EXPLOITATION;400kV;RTE;1;;;;;;;;
AERIEN;SEREIL61TONNE;LIAISON 225kV N0 1 SEREIN-TONNERRE;EN EXPLOITATION;225kV;RTE;1;;;;;;;;
AERIEN;LANDRL61VIGY;LIAISON 225kV N0 1 LANDRES-VIGY;EN EXPLOITATION;225kV;RTE;1;;;;;;;;
AERIEN;CPNIEL61MOIRA;LIAISON 225kV N0 1 CHAMPAGNIER-MOIRANS;EN EXPLOITATION;225kV;RTE;1;;;;;;;;
AERIEN;S.PONL61SISTE;LIAISON 225kV N0 1 SERRE-PONCON-SISTERON;EN EXPLOITATION;225kV;RTE;1;;;;;;;;
AERIEN;ORAISL61SISTE;LIAISON 225kV N0 1 ORAISON-SISTERON;EN EXPLOITATION;225kV;RTE;2;S.PONL61SISTE;LIAISON 225kV N0 1 SERRE-PONCON-SISTERON;;;;;;
AERIEN;PRIONL71ZT.SU;LIAISON 400kV N0 1 PRIONNET - TAVEL - TORE SUPRA;EN EXPLOITATION;400kV;RTE;1;;;;;;;;
AERIEN;FEROUL61TALAM;LIAISON 225kV N0 1 FEROUGE-TALAMET;EN EXPLOITATION;225kV;RTE;1;;;;;;;;
AERIEN;ARGOEL71TERRI;LIAISON 400kV N0 1 ARGOEUVES - TERRIER;EN EXPLOITATION;400kV;RTE;1;;;;;;;;
AERIEN;BAYETL71GAUGL;LIAISON 400kV N0 1 BAYET - GAUGLIN;EN EXPLOITATION;400kV;RTE;1;;;;;;;;
AERIEN;SSJULL62VIGY;LIAISON 225kV N0 2 ST-JULIEN-VIGY;EN EXPLOITATION;225kV;RTE;1;;;;;;;;
AERIEN;LAVEYL61MTGRO;LIAISON 225kV N0 1 LAVEYRUNE - MONTGROS;EN EXPLOITATION;225kV;RTE;1;;;;;;;;
AERIEN;BARNAL74PALUE;LIAISON 400kV N0 4 BARNABOS - PALUEL;EN EXPLOITATION;400kV;RTE;1;;;;;;;;
AERIEN;BARNAL73PALUE;LIAISON 400kV N0 3 BARNABOS - PALUEL;EN EXPLOITATION;400kV;RTE;2;BARNAL74PALUE;LIAISON 400kV N0 4 BARNABOS - PALUEL;;;;;;
AERIEN;AOSTEL61ZMAR8;LIAISON 225kV N0 1 AOSTE - BRENS - MARNISE (LA);EN EXPLOITATION;225kV;RTE;1;;;;;;;;
AERIEN;CHAFFL71SSV.O;LIAISON 400kV N0 1 CHAFFARD (LE) - ST-VULBAS-OUEST;EN EXPLOITATION;400kV;RTE;1;;;;;;;;
AERIEN;CUBNEL72MQIS;LIAISON 400kV N0 2 CUBNEZAIS - MARQUIS (LE);EN EXPLOITATION;400kV;RTE;1;;;;;;;;
AERIEN;CIROLL72VLEJU;LIAISON 400kV N0 2 CIROLLIERS - VILLEJUST;EN EXPLOITATION;400kV;RTE;1;;;;;;;;
AERIEN;CIROLL71VLEJU;LIAISON 400kV N0 1 CIROLLIERS - VILLEJUST;EN EXPLOITATION;400kV;RTE;1;;;;;;;;
AERIEN;ARMENL62WEPPE;LIAISON 225kV N0 2 ARMENTIERES - WEPPES;EN EXPLOITATION;225kV;RTE;1;;;;;;;;
AERIEN;FALLOL63ZFANA;LIAISON 225kV N0 3 FALLOU - FANAUDES - PLESSIS-GASSOT;EN EXPLOITATION;225kV;RTE;2;FALLOL64ZFAN5;LIAISON 225kV N0 4 FALLOU - FANAUDES - PLESSIS-GASSOT;;;;;;
AERIEN;GOUVIL61P.GAS;LIAISON 225kV N0 1 GOUVIEUX - PLESSIS-GASSOT;EN EXPLOITATION;225kV;RTE;2;P.GASL61ZB.FR;LIAISON 225kV N0 1  CARRIERES - PLESSIS-GASSOT - BELLOY-EN-FRANCE;;;;;;
AERIEN;ROGNAL61RQROU;LIAISON 225kV N0 1 ROGNAC-ROQUEROUSSE;EN EXPLOITATION;225kV;RTE;2;ROGNAL31RQROU;RES. LIAISON 63kV N0 1  ROGNAC - ROQUEROUSSE;;;;;;
AERIEN;AMIENL62ARGOE;LIAISON 225kV N0 2 AMIENS - ARGOEUVES;EN EXPLOITATION;225kV;RTE;1;;;;;;;;
AERIEN;GEN.PL61SERRI;LIAISON 225kV N0 1 GENISSIAT-POSTE - SERRIERES;EN EXPLOITATION;225kV;RTE;1;;;;;;;;
AERIEN;FALLOL63ZFANA;LIAISON 225kV N0 3 FALLOU - FANAUDES - PLESSIS-GASSOT;EN EXPLOITATION;225kV;RTE;1;;;;;;;;
AERIEN;ZCARRL61ZSEMO;LIAISON 225kV N0 1 CARRES(LES) - DAMBRON - TIVERNON - VILLEJUST;EN EXPLOITATION;225kV;RTE;1;;;;;;;;
AERIEN;O.CHAL61RUEYR;LIAISON 225kV N0 1 ONET-LE-CHATEAU-RUEYRES;EN EXPLOITATION;225kV;RTE;2;O.CHAL61ZS.CU;LIAISON 225kV N0 1 AYRES - SALLES CURAN - ONET-LE-CHATEAU;;;;;;
AERIEN;CHAN5L71DISTR;LIAISON 400kV N0 1 CHANCEAUX - DISTRE;EN EXPLOITATION;400kV;RTE;1;;;;;;;;
AERIEN;CREC6L61LESTR;LIAISON 225kV N0 1 CRECHETS (LES)-LESTREM;EN EXPLOITATION;225kV;RTE;1;;;;;;;;
AERIEN;AVELIL61MASTA;LIAISON 225kV N0 1 AVELIN - MASTAING;EN EXPLOITATION;225kV;RTE;1;;;;;;;;
AERIEN;CBRY L71PENC5;LIAISON 400kV N0 1 CHAMBRY - PENCHARD;EN EXPLOITATION;400kV;RTE;1;;;;;;;;
AERIEN;LAVERL63RENAI;LIAISON 225kV N0 3 LAVERA - RENAIRES;EN EXPLOITATION;225kV;RTE;1;;;;;;;;
AERIEN;B.MONL61GERVA;LIAISON 225kV N0 1 BEAUMONT-MONTEUX-GERVANS;EN EXPLOITATION;225kV;RTE;1;;;;;;;;
AERIEN;G.COLL62WARAN;LIAISON 225kV N0 2 GRAND COLOMBIER-WARANDE;EN EXPLOITATION;225kV;RTE;1;;;;;;;;
AERIEN;SSNABL61ZSSNA;LIAISON 225kV N0 1 ETIVAL - ST-NABORD - VINCEY;EN EXPLOITATION;225kV;RTE;2;SSNABL61ZSSNA;LIAISON 225kV N0 1 ETIVAL - ST-NABORD - VINCEY;;;;;;
AERIEN;SSNABL61ZSSNA;LIAISON 225kV N0 1 ETIVAL - ST-NABORD - VINCEY;EN EXPLOITATION;225kV;RTE;1;;;;;;;;
AERIEN;CREC6L61WEPPE;LIAISON 225kV N0 1 CRECHETS (LES)-WEPPES;EN EXPLOITATION;225kV;RTE;1;;;;;;;;
AERIEN;P.JERL61VAUPA;LIAISON 225kV N0 1 PORT-JEROME-VAUPALIERE (LA);EN EXPLOITATION;225kV;RTE;2;SAINNL61YAINV;LIAISON 225kV N0 1 SAINNEVILLE-YAINVILLE;;;;;;
AERIEN;ARRIGL61MORBR;LIAISON 225kV N0 1 ARRIGHI-MORBRAS;EN EXPLOITATION;225kV;RTE;2;ARRIGL62MORBR;LIAISON 225kV N0 2 ARRIGHI-MORBRAS;;;;;;
AERIEN;LONNYL71MOULA;LIAISON 400kV N0 1 LONNY - MOULAINE;EN EXPLOITATION;400kV;RTE;1;;;;;;;;
AERIEN;MARL6L61REICH;LIAISON 225kV N0 1 MARLENHEIM-REICHSTETT;EN EXPLOITATION;225kV;RTE;1;;;;;;;;
AERIEN;P.SEPL61SANDO;LIAISON 225kV N0 1 PONT-SEPT-SANDOUVILLE;EN EXPLOITATION;225kV;RTE;1;;;;;;;;
AERIEN;MORIHL62ZKERL;LIAISON 225kV N0 2 CHEVIRE - CORDEMAIS-POSTE - MORIHAN;EN EXPLOITATION;225kV;RTE;1;;;;;;;;
AERIEN;COUCHL61VIELM;LIAISON 225kV N0 1 COUCHEY-VIELMOULIN;EN EXPLOITATION;225kV;RTE;1;;;;;;;;
AERIEN;AQUEDL63CIROL;LIAISON 225kV N0 3 AQUEDUCS (LES) - CIROLLIERS;EN EXPLOITATION;225kV;RTE;1;;;;;;;;
AERIEN;JALISL61LESQU;LIAISON 225kV N0 1 JALIS-LESQUIVE;EN EXPLOITATION;225kV;RTE;2;LESQUL61VERLH;LIAISON 225kV N0 1 LESQUIVE-VERLHAGUET;;;;;;
AERIEN;.RIDDL61CORNI;LIAISON 225kV N0 1 CORNIER-RIDDES;EN EXPLOITATION;225kV;RTE;2;.SSTRL61CORNI;LIAISON 225kV N0 1 CORNIER-SAINT-TRIPHON;;;;;;
AERIEN;TAVELL71ZT.SU;LIAISON 400kV N0 1 PRIONNET - TAVEL - TORE SUPRA;EN EXPLOITATION;400kV;RTE;1;;;;;;;;
AERIEN;AULNOL61P.SAM;LIAISON 225kV N0 1 AULNOYE-PONT-SUR-SAMBRE;EN EXPLOITATION;225kV;RTE;1;;;;;;;;
AERIEN;BUIREL61P.SAM;LIAISON 225kV N0 1 BUIRE-PONT-SUR-SAMBRE;EN EXPLOITATION;225kV;RTE;1;;;;;;;;
AERIEN;FEUILL61PONTE;LIAISON 225kV N0 1 FEUILLANE - PONTEAU;EN EXPLOITATION;225kV;RTE;2;FEUILL62PONTE;LIAISON 225kV N0 2 FEUILLANE - PONTEAU;;;;;;
AERIEN;MOLE L61RUEYR;LIAISON 225kV N0 1 MOLE (LA) - RUEYRES;EN EXPLOITATION;225kV;RTE;1;;;;;;;;
AERIEN;MOLE L62RUEYR;LIAISON 225kV N0 2 MOLE (LA) - RUEYRES;EN EXPLOITATION;225kV;RTE;1;;;;;;;;
AERIEN;ROUGEL61YAINV;LIAISON 225kV N0 1 ROUGEMONTIER-YAINVILLE;EN EXPLOITATION;225kV;RTE;1;;;;;;;;
AERIEN;CPNIEL62EYBEN;LIAISON 225kV N0 2 CHAMPAGNIER - EYBENS;EN EXPLOITATION;225kV;RTE;1;;;;;;;;
AERIEN;CPNIEL61EYBEN;LIAISON 225kV N0 1 CHAMPAGNIER-EYBENS;EN EXPLOITATION;225kV;RTE;1;;;;;;;;
AERIEN;BARBUL61CRENE;LIAISON 225kV N0 1 BARBUISE - CRENEY;EN EXPLOITATION;225kV;RTE;1;;;;;;;;
AERIEN;AVOINL61QUINT;LIAISON 225kV N0 1 AVOINE-QUINTES (LES);EN EXPLOITATION;225kV;RTE;1;;;;;;;;
AERIEN;MOIRAL61ZP.IL;LIAISON 225kV N0 1 CONFLUENT - MOIRANS - PERELLE;EN EXPLOITATION;225kV;RTE;1;;;;;;;;
AERIEN;GONESL61ZGONE;LIAISON 225kV N0 1 PLESSIS-GASSOT - SAUSSET - GONESSE;EN EXPLOITATION;225kV;RTE;1;;;;;;;;
AERIEN;GAUDIL71TAMAR;LIAISON 400kV N0 1 LA GAUDIERE - TAMAREAU;EN EXPLOITATION;400kV;RTE;1;;;;;;;;
AERIEN;DAMBRL71YVE.O;LIAISON 400kV N0 1 DAMBRON - YVELINES-OUEST;EN EXPLOITATION;400kV;RTE;2;DAMBRL72VLEJU;LIAISON 400kV N0 2 DAMBRON - VILLEJUST;;;;;;
AERIEN;REQUIL61ZLACA;LIAISON 225kV N0 1 PELISSIER - REQUISTA - ST-VICTOR;EN EXPLOITATION;225kV;RTE;1;;;;;;;;
AERIEN;BARNAL73PALUE;LIAISON 400kV N0 3 BARNABOS - PALUEL;EN EXPLOITATION;400kV;RTE;1;;;;;;;;
AERIEN;P.GASL61ZB.FR;LIAISON 225kV N0 1  CARRIERES - PLESSIS-GASSOT - BELLOY-EN-FRANCE;EN EXPLOITATION;225kV;RTE;1;;;;;;;;
AERIEN;COULAL71CRUA5;LIAISON 400kV N0 1 COULANGE - CRUAS (-MEYSSE);EN EXPLOITATION;400kV;RTE;2;COULAL72CRUA5;LIAISON 400kV N0 2 COULANGE - CRUAS (-MEYSSE);;;;;;
AERIEN;CERGYL64ZFRO7;LIAISON 225kV N0 4 CERGY - CORMEILLES - FROMAINVILLE;EN EXPLOITATION;225kV;RTE;1;;;;;;;;
AERIEN;CHAFFL72CPNIE;LIAISON 400kV N0 2 CHAFFARD (LE) - CHAMPAGNIER;EN EXPLOITATION;400kV;RTE;1;;;;;;;;
AERIEN;CHESNL71CIROL;LIAISON 400kV N0 1 CHESNOY (LE) - CIROLLIERS;EN EXPLOITATION;400kV;RTE;1;;;;;;;;
AERIEN;MANDAL71WARAN;LIAISON 400kV N0 1 MANDARINS - WARANDE;EN EXPLOITATION;400kV;RTE;1;;;;;;;;
AERIEN;COMMUL61H.PAU;LIAISON 225kV N0 1 COMMUNE-HENRI-PAUL;EN EXPLOITATION;225kV;RTE;2;COMMUL61VIELM;LIAISON 225kV N0 1 COMMUNE-VIELMOULIN;;;;;;
AERIEN;CARRIL61ZB.FR;LIAISON 225kV N0 1  CARRIERES - PLESSIS-GASSOT - BELLOY-EN-FRANCE;EN EXPLOITATION;225kV;RTE;1;;;;;;;;
AERIEN;VINS L61ZGUE5;LIAISON 225kV N0 1 GUERACHE (LA) - PIQUAGE A GUERACHE (LA) - TRANS - VINS;EN EXPLOITATION;225kV;RTE;1;;;;;;;;
AERIEN;SSAVOL61VIGY;LIAISON 225kV N0 1 ST-AVOLD-VIGY;EN EXPLOITATION;225kV;RTE;1;;;;;;;;
AERIEN;COLAYL61DONZA;LIAISON 225kV N0 1 COLAYRAC-DONZAC;EN EXPLOITATION;225kV;RTE;1;;;;;;;;
AERIEN;HOLQUL62ZRUMI;LIAISON 225kV N0 2 ATTAQUES (LES) - HOLQUE - RUMINGHEM;EN EXPLOITATION;225kV;RTE;1;;;;;;;;
AERIEN;MEZE5L62ZRIC6;LIAISON 225kV N0 2 ARPENTS (LES) - MEZEROLLES - RICHEBOURG;EN EXPLOITATION;225kV;RTE;1;;;;;;;;
AERIEN;BREUIL71RUEYR;LIAISON 400kV N0 1 BREUIL (LE) - RUEYRES;EN EXPLOITATION;400kV;RTE;1;;;;;;;;
AERIEN;MOUCHL61OULLI;LIAISON 225kV N0 1 MOUCHE (LA)-OULLINS;EN EXPLOITATION;225kV;RTE;1;;;;;;;;
AERIEN;CHAFFL72P.COR;LIAISON 400kV N0 2 CHAFFARD (LE) - PIVOZ CORDIER;EN EXPLOITATION;400kV;RTE;1;;;;;;;;
AERIEN;H.PAUL71SSV.O;LIAISON 400kV N0 1 HENRI-PAUL - ST-VULBAS-OUEST;EN EXPLOITATION;400kV;RTE;1;;;;;;;;
AERIEN;TAUTEL71TERR6;LIAISON 400kV N0 1 TAUTE - TERRETTE;EN EXPLOITATION;400kV;RTE;1;;;;;;;;
AERIEN;TAUTEL71TERR6;LIAISON 400kV N0 1 TAUTE - TERRETTE;EN EXPLOITATION;400kV;RTE;2;TAUTEL72TERR6;LIAISON 400kV N0 2 TAUTE - TERRETTE;;;;;;
AERIEN;MEES L61ZMEES;LIAISON 225kV N0 1 MEES (LES) - ORAISON - ST-AUBAN;EN EXPLOITATION;225kV;RTE;1;;;;;;;;
AERIEN;NOGENL61ORMES;LIAISON 225kV N0 1 NOGENTEL - ORMES;EN EXPLOITATION;225kV;RTE;1;;;;;;;;
AERIEN;ESTR6L61VALEN;LIAISON 225kV N0 1 ESTREUX-VALENCIENNES;EN EXPLOITATION;225kV;RTE;1;;;;;;;;
AERIEN;.MONCL61CHOO5;LIAISON 225kV N0 1 MONCEAU-CHOOZ;EN EXPLOITATION;225kV;RTE;1;;;;;;;;
AERIEN;F.FREL71VESLE;LIAISON 400kV N0 1 FAUX-FRESNAY - VESLE;EN EXPLOITATION;400kV;RTE;1;;;;;;;;
AERIEN;SARR6L61ZSAR6;LIAISON 225kV N0 1 BERGHOLZ - SARREGUEMINES - ST-AVOLD;EN EXPLOITATION;225kV;RTE;1;;;;;;;;
AERIEN;VLEJUL61ZROBI;LIAISON 225kV N0 1 CHATILLON (CLAMART) - ROBINSON - VILLEJUST;EN EXPLOITATION;225kV;RTE;2;VLEJUL62ZROB5;RES. LIAISON 225kV N0 2 CHATILLON (CLAMART) - ROBINSON - VILLEJUST;;;;;;
AERIEN;LEGUEL61P.SIM;LIAISON 225kV N0 1 LEGUEVIN-PORTET-ST-SIMON;EN EXPLOITATION;225kV;RTE;1;;;;;;;;
AERIEN;DISTRL71JUMEA;LIAISON 400kV N0 1 DISTRE - JUMEAUX (LES);EN EXPLOITATION;400kV;RTE;1;;;;;;;;
AERIEN;GERSTL61STRAS;LIAISON 225kV N0 1 GERSTHEIM-STRASBOURG;EN EXPLOITATION;225kV;RTE;1;;;;;;;;
AERIEN;AUBETL62ROGNA;LIAISON 225kV N0 2 AUBETTE-ROGNAC;EN EXPLOITATION;225kV;RTE;1;;;;;;;;
AERIEN;SSELOL61VNOL;LIAISON 225kV N0 1 ST-ELOI-VIGNOL;EN EXPLOITATION;225kV;RTE;1;;;;;;;;
AERIEN;DECHYL61MASTA;LIAISON 225kV N0 1 DECHY-MASTAING;EN EXPLOITATION;225kV;RTE;2;G.CAIL63MASTA;LIAISON 225kV N0 3 GROS-CAILLOU - MASTAING;;;;;;
AERIEN;P.HA5L61ROSPE;LIAISON 225kV N0 1 PLAINE HAUTE-ROSPEZ;EN EXPLOITATION;225kV;RTE;1;;;;;;;;
AERIEN;SSAU5L61ZMTJA;LIAISON 225kV N0 1 ST-AUBIN - MONTJAY - VILLEJUST;EN EXPLOITATION;225kV;RTE;1;;;;;;;;
AERIEN;MARCKL61VOGEL;LIAISON 225kV N0 1 MARCKOLSHEIM-VOGELGRUN;EN EXPLOITATION;225kV;RTE;1;;;;;;;;
AERIEN;CHAN5L71LARCA;LIAISON 400kV N0 1 CHANCEAUX - LARCAY;EN EXPLOITATION;400kV;RTE;1;;;;;;;;
AERIEN;G.COUL61VAUPA;LIAISON 225kV N0 1 GRAND-COURONNE-VAUPALIERE (LA);EN EXPLOITATION;225kV;RTE;3;G.COUL62VAUPA;LIAISON 225kV N0 2 GRAND-COURONNE - VAUPALIERE (LA);G.COUL63VAUPA;LIAISON 225kV N0 3 GRAND-COURONNE - VAUPALIERE (LA);;;;
AERIEN;BONNIL61MEZE5;LIAISON 225kV N0 1 BONNIERES-MEZEROLLES;EN EXPLOITATION;225kV;RTE;1;;;;;;;;
AERIEN;PRELEL61SEREI;LIAISON 225kV N0 1 PRELES (LES)-SEREIN;EN EXPLOITATION;225kV;RTE;2;PRELEL62SEREI;LIAISON 225kV N0 2 PRELES (LES)-SEREIN;;;;;;
AERIEN;RQROUL61SALON;LIAISON 225kV N0 1 ROQUEROUSSE-SALON;EN EXPLOITATION;225kV;RTE;1;;;;;;;;
AERIEN;BAYETL71RULHA;LIAISON 400kV N0 1 BAYET - RULHAT;EN EXPLOITATION;400kV;RTE;1;;;;;;;;
AERIEN;P.GASL61ZLIE5;LIAISON 225kV N0 1 CERGY - LIESSE - PLESSIS-GASSOT;EN EXPLOITATION;225kV;RTE;1;;;;;;;;
AERIEN;PALUNL61SSTUL;LIAISON 225kV N0 1 PALUN (LA)-STE-TULLE;EN EXPLOITATION;225kV;RTE;1;;;;;;;;
AERIEN;O.CHAL61RUEYR;LIAISON 225kV N0 1 ONET-LE-CHATEAU-RUEYRES;EN EXPLOITATION;225kV;RTE;1;;;;;;;;
AERIEN;GATI5L71GAUGL;LIAISON 400kV N0 1 GATINAIS - GAUGLIN;EN EXPLOITATION;400kV;RTE;2;GATI5L72GAUGL;LIAISON 400kV N0 2 GATINAIS - GAUGLIN;;;;;;
AERIEN;TAVELL71TRI.P;LIAISON 400kV N0 1 TAVEL - TRICASTIN-POSTE (LE);EN EXPLOITATION;400kV;RTE;2;TAVELL72TRI.P;LIAISON 400kV N0 2 TAVEL - TRICASTIN-POSTE (LE);;;;;;
AERIEN;B.MONL61ZCPB5;LIAISON 225kV N0 1 BEAUMONT-MONTEUX - CHAMPBLAIN - GAMPALOUP;EN EXPLOITATION;225kV;RTE;1;;;;;;;;
AERIEN;RIVIEL61TREVA;LIAISON 225kV N0 1 RIVIERE (LA) - TREVAS;EN EXPLOITATION;225kV;RTE;1;;;;;;;;
AERIEN;CHAINL62DAMBR;LIAISON 225kV N0 2 CHAINGY - DAMBRON;EN EXPLOITATION;225kV;RTE;1;;;;;;;;
AERIEN;CERGYL72MEZE5;LIAISON 400kV N0 2 CERGY - MEZEROLLES;EN EXPLOITATION;400kV;RTE;1;;;;;;;;
AERIEN;CORMEL64ZFRO7;LIAISON 225kV N0 4 CERGY - CORMEILLES - FROMAINVILLE;EN EXPLOITATION;225kV;RTE;1;;;;;;;;
AERIEN;CXNAYL62ZESPI;LIAISON 225kV N0 2 CHAUNAY - DAMBRON - ESPIERS (LES);EN EXPLOITATION;225kV;RTE;2;DAMBRL62G.DEN;LIAISON 225kV N0 2 DAMBRON-GAULT-SAINT-DENIS;;;;;;
AERIEN;GAMBSL61SELTZ;LIAISON 225kV N0 1 GAMBSHEIM-SELTZ;EN EXPLOITATION;225kV;RTE;2;BEINHL31ROESC;LIAISON 63kV N0 1 BEINHEIM-ROESCHWOOG;;;;;;
AERIEN;BAYETL71GREPI;LIAISON 400kV N0 1 BAYET - GREPILLES;EN EXPLOITATION;400kV;RTE;1;;;;;;;;
AERIEN;DONZAL72VERFE;LIAISON 400kV N0 2 DONZAC - VERFEIL;EN EXPLOITATION;400kV;RTE;1;;;;;;;;
AERIEN;BATZEL61REICH;LIAISON 225kV N0 1 BATZENDORF-REICHSTETT;EN EXPLOITATION;225kV;RTE;1;;;;;;;;
AERIEN;G.COUL62ROUGE;LIAISON 225kV N0 2 GRAND-COURONNE-ROUGEMONTIER;EN EXPLOITATION;225kV;RTE;1;;;;;;;;
AERIEN;CHEVAL72LATEN;LIAISON 400kV N0 2 CHEVALET - LATENA;EN EXPLOITATION;400kV;RTE;1;;;;;;;;
AERIEN;CHEVIL62VLEJU;LIAISON 225kV N0 2 CHEVILLY-VILLEJUST;EN EXPLOITATION;225kV;RTE;1;;;;;;;;
AERIEN;GAMPAL61PAPIN;LIAISON 225kV N0 1 GAMPALOUP - PAPIN;EN EXPLOITATION;225kV;RTE;2;GAMPAL31VERN9;LIAISON 63kV N0 1 GAMPALOUP-VERNOSC;;;;;;
AERIEN;LIERSL61ZLIN7;LIAISON 225kV N0 1 LIERS - VILLEJUST - PETIT-BOIS (LE);EN EXPLOITATION;225kV;RTE;1;;;;;;;;
AERIEN;BOLL5L61PRRLA;LIAISON 225kV N0 1 BOLLENE - PIERRELATTE (COGEMA A PIERRELATTE) (225kV);EN EXPLOITATION;225kV;RTE;2;BOLL5L62TRI.P;LIAISON 225kV N0 2 BOLLENE-TRICASTIN-POSTE (LE);;;;;;
AERIEN;BOSCHL61ROUGE;LIAISON 225kV N0 1 BOSCHERVILLE-ROUGEMONTIER;EN EXPLOITATION;225kV;RTE;2;BOSCHL61ROUGE;LIAISON 225kV N0 1 BOSCHERVILLE-ROUGEMONTIER;;;;;;
AERIEN;DONZAL61VERLH;LIAISON 225kV N0 1 DONZAC-VERLHAGUET;EN EXPLOITATION;225kV;RTE;1;;;;;;;;
AERIEN;CPNIEL72VAUJA;LIAISON 400kV N0 2 CHAMPAGNIER - VAUJANY;EN EXPLOITATION;400kV;RTE;1;;;;;;;;
AERIEN;CREYSL71G.ILE;LIAISON 400kV N0 1 CREYS - GRANDE-ILE;EN EXPLOITATION;400kV;RTE;1;;;;;;;;
AERIEN;FLOIRL62MQIS;LIAISON 225kV N0 2 FLOIRAC EDF-MARQUIS (LE);EN EXPLOITATION;225kV;RTE;1;;;;;;;;
AERIEN;GERSTL61RHINA;LIAISON 225kV N0 1 GERSTHEIM-RHINAU;EN EXPLOITATION;225kV;RTE;2;GERSTL31RHINA;LIAISON 63kV N0 1 GERSTHEIM-RHINAU;;;;;;
AERIEN;DONZEL61ZDONZ;LIAISON 225kV N0 1 BREUIL - CHASTANG 1 - DONZENAC;EN EXPLOITATION;225kV;RTE;1;;;;;;;;
AERIEN;GRENAL61MIONS;LIAISON 225kV N0 1 GRENAY-MIONS;EN EXPLOITATION;225kV;RTE;2;GRENAL61ZGREN;LIAISON 225kV N0 1 AOSTE - GRENAY - MIONS;;;;;;
AERIEN;RUEYRL62RUEYR;LIAISON 225kV N0 2  ATR762 DE RUEYRES;EN EXPLOITATION;225kV;RTE;1;;;;;;;;
AERIEN;MENUEL71TOLLE;LIAISON 400kV N0 1 MENUEL - TOLLEVAST;EN EXPLOITATION;400kV;RTE;2;MENUEL72TOLLE;LIAISON 400kV N0 2 MENUEL - TOLLEVAST;;;;;;
AERIEN;BARNAL71ROUGE;LIAISON 400kV N0 1 BARNABOS - ROUGEMONTIER;EN EXPLOITATION;400kV;RTE;2;BARNAL72ROUGE;LIAISON 400kV N0 2 BARNABOS - ROUGEMONTIER;;;;;;
AERIEN;BAYETL61SEMIN;LIAISON 225kV N0 1 BAYET - SEMINAIRE;EN EXPLOITATION;225kV;RTE;2;BAYETL61SEMIN;LIAISON 225kV N0 1 BAYET - SEMINAIRE;;;;;;
AERIEN;FALLOL64ZFAN5;LIAISON 225kV N0 4 FALLOU - FANAUDES - PLESSIS-GASSOT;EN EXPLOITATION;225kV;RTE;1;;;;;;;;
AERIEN;CHABRL61ZCBAU;LIAISON 225kV N0 1 BEAUMONT-MONTEUX - CHABRILLAN - CHAMBAUD;EN EXPLOITATION;225kV;RTE;2;L.NEUL61ZMANG;LIAISON 225kV N0 1 ETOILE-SUR-RHONE - LOGIS-NEUF - VALENCE;;;;;;
AERIEN;CORNIL71GEN.P;LIAISON 400kV N0 1 CORNIER - GENISSIAT-POSTE;EN EXPLOITATION;400kV;RTE;2;CORNIL71M.LAN;LIAISON 400kV N0 1 CORNIER - MONTAGNY-LES-LANCHES;;;;;;
AERIEN;PRATCL61SANSS;LIAISON 225kV N0 1 PRATCLAUX - SANSSAC (L EGLISE);EN EXPLOITATION;225kV;RTE;2;PRATCL61TREVA;LIAISON 225kV N0 1 PRATCLAUX - TREVAS;;;;;;
AERIEN;ROMAIL61VLEVA;LIAISON 225kV N0 1 ROMAINVILLE-VILLEVAUDE;EN EXPLOITATION;225kV;RTE;2;ROMAIL62VLEVA;LIAISON 225kV N0 2 ROMAINVILLE-VILLEVAUDE;;;;;;
AERIEN;E.BOTL61MAZAR;LIAISON 225kV N0 1 ENCO-DE-BOTTE-MAZARGUES;EN EXPLOITATION;225kV;RTE;2;E.BOTL61MAZAR;LIAISON 225kV N0 1 ENCO-DE-BOTTE-MAZARGUES;;;;;;
AERIEN;BOUDEL61MTPEZ;LIAISON 225kV N0 1 BOUDEYRE-MONTPEZAT;EN EXPLOITATION;225kV;RTE;1;;;;;;;;
AERIEN;HERS5L71LATEN;LIAISON 400kV N0 1 HERSE(LA) - LATENA;EN EXPLOITATION;400kV;RTE;2;HERS5L71VLEVA;LIAISON 400kV N0 1 HERSE(LA) - VILLEVAUDE;;;;;;
AERIEN;COR.PL71GALOR;LIAISON 400kV N0 1 CORDEMAIS-POSTE - GALOREAUX (LES);EN EXPLOITATION;400kV;RTE;2;COR.PL72DISTR;LIAISON 400kV N0 2 CORDEMAIS-POSTE - DISTRE;;;;;;
AERIEN;GUEUGL61H.PAU;LIAISON 225kV N0 1 GUEUGNON - HENRI-PAUL;EN EXPLOITATION;225kV;RTE;1;;;;;;;;
AERIEN;COQU5L61ZCOQU;LIAISON 225kV N0 1 AQUEDUCS (LES) - COQUIBUS - GRIGNY;EN EXPLOITATION;225kV;RTE;2;COQU5L62ZCOQ5;LIAISON 225kV N0 2 AQUEDUCS (LES) - COQUIBUS - GRIGNY;;;;;;
AERIEN;ECHALL61RIVIE;LIAISON 225kV N0 1 ECHALAS - RIVIERE (LA);EN EXPLOITATION;225kV;RTE;2;RIVIEL31ZTERR;LIAISON 63kV N0 1 CHAMP-DU-GEAI - RIVIERE (LA) - TERRENOIRE;;;;;;
AERIEN;BARQUL61BOSCH;LIAISON 225kV N0 1 BARQUET-BOSCHERVILLE;EN EXPLOITATION;225kV;RTE;1;;;;;;;;
AERIEN;BEZAUL61CUSTI;LIAISON 225kV N0 1 BEZAUMONT-CUSTINE;EN EXPLOITATION;225kV;RTE;2;BEZAUL31CPIGN;RES. LIAISON 63kV N0 1 BEZAUMONT - CHAMPIGNEULLES;;;;;;
AERIEN;CSLL8L61TAMAR;LIAISON 225kV N0 1 CASTELLE (LA) - TAMAREAU;EN EXPLOITATION;225kV;RTE;2;MTPELL62TAMAR;LIAISON 225kV N0 2 MONTPELLIER - TAMAREAU;;;;;;
AERIEN;BEZAUL61VANDI;LIAISON 225kV N0 1 BEZAUMONT-VANDIERES;EN EXPLOITATION;225kV;RTE;2;VANDIL61VOID;LIAISON 225kV N0 1 VANDIERES - VOID;;;;;;
AERIEN;REMISL71TERRI;LIAISON 400kV N0 1 REMISE - TERRIER;EN EXPLOITATION;400kV;RTE;2;REMISL72TERRI;LIAISON 400kV N0 2 REMISE - TERRIER;;;;;;
AERIEN;C.BOIL61VLEVA;LIAISON 225kV N0 1 CLICHY-SOUS-BOIS - VILLEVAUDE;EN EXPLOITATION;225kV;RTE;1;;;;;;;;
AERIEN;COR.PL62PRINQ;LIAISON 225kV N0 2 CORDEMAIS-POSTE - PRINQUIAU;EN EXPLOITATION;225kV;RTE;1;;;;;;;;
AERIEN;P.ANDL71ZP.AN;LIAISON 400kV N0 1 PRAZ ST ANDRE 1 - PRAZ ST ANDRE 2 - VILLARODIN;EN EXPLOITATION;400kV;RTE;1;;;;;;;;
AERIEN;BATHIL61G.COE;LIAISON 225kV N0 1 BATHIE (LA)-GRAND-COEUR;EN EXPLOITATION;225kV;RTE;2;CUDRAL31ZFEIS;LIAISON 63kV N0 1 CUDRAZ-FEISSONS-GRAND-COEUR;;;;;;
AERIEN;HOLQUL61RUMIN;LIAISON 225kV N0 1 HOLQUE-RUMINGHEM;EN EXPLOITATION;225kV;RTE;2;HOLQUL62ZRUMI;LIAISON 225kV N0 2 ATTAQUES (LES) - HOLQUE - RUMINGHEM;;;;;;
AERIEN;CRENEL71REVIG;LIAISON 400kV N0 1 CRENEY - REVIGNY;EN EXPLOITATION;400kV;RTE;1;;;;;;;;
AERIEN;P.GASL73TERRI;LIAISON 400kV N0 3 PLESSIS-GASSOT - TERRIER;EN EXPLOITATION;400kV;RTE;2;P.GASL74TERRI;LIAISON 400kV N0 4 PLESSIS-GASSOT - TERRIER;;;;;;
AERIEN;FLOIRL61PESSA;LIAISON 225kV N0 1 FLOIRAC EDF-PESSAC;EN EXPLOITATION;225kV;RTE;2;FLOIRL31PESSA;LIAISON 63kV N0 1 FLOIRAC - PESSAC;;;;;;
AERIEN;ALBERL61LONG6;LIAISON 225kV N0 1 ALBERTVILLE-LONGEFAN;EN EXPLOITATION;225kV;RTE;2;ALBERL62ZRAN6;LIAISON 225kV N0 2 ALBERTVILLE - LONGEFAN - RANDENS;;;;;;
AERIEN;JONQUL61SSCES;LIAISON 225kV N0 1 JONQUIERES-ST-CESAIRE;EN EXPLOITATION;225kV;RTE;2;NIMESL31SSCES;LIAISON 63kV N0 1 NIMES (-TALABOT)-ST-CESAIRE;;;;;;
AERIEN;AVELIL61ZHEL5;LIAISON 225kV N0 1 AVELIN - HAUT-VINAGE - HELLEMMES;EN EXPLOITATION;225kV;RTE;2;AVELIL62HELLE;LIAISON 225kV N0 2 AVELIN - HELLEMMES;;;;;;
AERIEN;SSAUBL61ZSAL6;LIAISON 225kV N0 1 SALIGNAC - SISTERON - ST-AUBAN;EN EXPLOITATION;225kV;RTE;1;;;;;;;;
AERIEN;COLAYL61GUPIE;LIAISON 225kV N0 1 COLAYRAC-GUPIE;EN EXPLOITATION;225kV;RTE;2;GUPIEL61ZFONC;LIAISON 225kV N0 1 GREZILLAC - GUPIE - SAUVETERRE-DE-GUYENNE;;;;;;
AERIEN;P.GASL63SEINE;LIAISON 225kV N0 3 PLESSIS-GASSOT - SEINE;EN EXPLOITATION;225kV;RTE;2;P.GASL64SEINE;LIAISON 225kV N0 4 PLESSIS-GASSOT - SEINE;;;;;;
AERIEN;H.BORL61P.GAS;LIAISON 225kV N0 1 HTE BORNE - PLESSIS-GASSOT;EN EXPLOITATION;225kV;RTE;2;H.BORL61ZLIES;LIAISON 225kV N0 1 CERGY - HAUTE-BORNE - LIESSE;;;;;;
AERIEN;GONESL61P.GAS;LIAISON 225kV N0 1 GONESSE - PLESSIS-GASSOT;EN EXPLOITATION;225kV;RTE;2;P.GASL61ZGONE;LIAISON 225kV N0 1 PLESSIS-GASSOT - SAUSSET - GONESSE;;;;;;
AERIEN;P.SIML61TARAS;LIAISON 225kV N0 1 PORTET-ST-SIMON-TARASCON;EN EXPLOITATION;225kV;RTE;2;TARASL61ZMERE;LIAISON 225kV N0 1 HOSPITALET (L ) - MERENS - TARASCON;;;;;;
AERIEN;AYRESL62SSVIC;LIAISON 225kV N0 2 AYRES - ST-VICTOR;EN EXPLOITATION;225kV;RTE;1;;;;;;;;
AERIEN;RUEYRL61SAVIG;LIAISON 225kV N0 1 RUEYRES-SAVIGNAC;EN EXPLOITATION;225kV;RTE;1;;;;;;;;
AERIEN;SEREIL71VIELM;LIAISON 400kV N0 1 SEREIN - VIELMOULIN;EN EXPLOITATION;400kV;RTE;1;;;;;;;;
AERIEN;BOISSL71CHAFF;LIAISON 400kV N0 1 BOISSE (LA) - CHAFFARD (LE);EN EXPLOITATION;400kV;RTE;1;;;;;;;;
AERIEN;BEZONL61P.ROU;LIAISON 225kV N0 1 BEZON-POTEAU-ROUGE;EN EXPLOITATION;225kV;RTE;2;BEZONL61PTCHA;LIAISON 225kV N0 1 BEZON-PONTCHATEAU;;;;;;
AERIEN;MERENL61ZMERE;LIAISON 225kV N0 1 HOSPITALET (L ) - MERENS - TARASCON;EN EXPLOITATION;225kV;RTE;1;;;;;;;;
AERIEN;.ROMAL71B.TOL;LIAISON 400kV N0 1 BOIS-TOLLOT -  ROMANEL;EN EXPLOITATION;400kV;RTE;2;.VAUXL61.VERB;LIAISON 225kV N0 1 VAUX (SUISSE)-VERBOIS;;;;;;
AERIEN;COR.PL61ZPRIN;LIAISON 225kV N0 1 CORDEMAIS-POSTE - GUERSAC - THEIX;EN EXPLOITATION;225kV;RTE;1;;;;;;;;
AERIEN;DARSEL62FEUIL;LIAISON 225kV N0 2 DARSE-FEUILLANE;EN EXPLOITATION;225kV;RTE;1;;;;;;;;
AERIEN;BOUTRL71P.ORG;LIAISON 400kV N0 1 BOUTRE - PLAN-D ORGON;EN EXPLOITATION;400kV;RTE;2;P.ORGL71TAVEL;LIAISON 400kV N0 1 PLAN-D ORGON - TAVEL;;;;;;
AERIEN;AOSTEL61BISSY;LIAISON 225kV N0 1 AOSTE-BISSY;EN EXPLOITATION;225kV;RTE;2;AOSTEL61ZMAR8;LIAISON 225kV N0 1 AOSTE - BRENS - MARNISE (LA);;;;;;
AERIEN;GROSNL61ZCUR5;LIAISON 225kV N0 1 CURTIL - GROSNE - HENRI-PAUL;EN EXPLOITATION;225kV;RTE;2;H.PAUL61ZCUR5;LIAISON 225kV N0 1 CURTIL - GROSNE - HENRI-PAUL;;;;;;
AERIEN;ZQUINL61ZSSCR;LIAISON 225kV N0 1 QUINSON - ROUMOULES - STE-CROIX - STE-TULLE;EN EXPLOITATION;225kV;RTE;1;;;;;;;;
AERIEN;CHAL7L61SIERE;LIAISON 225kV N0 1 CHALAMPE-SIERENTZ;EN EXPLOITATION;225kV;RTE;2;KEMBSL61OTTMA;LIAISON 225kV N0 1 KEMBS-OTTMARSHEIM;;;;;;
AERIEN;JONQUL61SSCES;LIAISON 225kV N0 1 JONQUIERES-ST-CESAIRE;EN EXPLOITATION;225kV;RTE;1;;;;;;;;
AERIEN;H.PAUL71VIELM;LIAISON 400kV N0 1 HENRI-PAUL - VIELMOULIN;EN EXPLOITATION;400kV;RTE;2;COMMUL61VIELM;LIAISON 225kV N0 1 COMMUNE-VIELMOULIN;;;;;;
AERIEN;SARRYL61SEREI;LIAISON 225kV N0 1 SARRY-SEREIN;EN EXPLOITATION;225kV;RTE;2;SEREIL61ZTONN;LIAISON 225kV N0 1 JOUX-LA-VILLE - SEREIN - TONNERRE;;;;;;
AERIEN;BXTO5L63LATEN;LIAISON 225kV N0 3 BEAUTOR(POSTE) - LATENA;EN EXPLOITATION;225kV;RTE;1;;;;;;;;
AERIEN;LANEUL61ZSAU9;LIAISON 225kV N0 1 LANEUVEVILLE - SAULNOIS - ST-AVOLD;EN EXPLOITATION;225kV;RTE;1;;;;;;;;
AERIEN;P.JERL61RATIE;LIAISON 225kV N0 1 PORT-JEROME-RATIER;EN EXPLOITATION;225kV;RTE;2;P.SEPL61SANDO;LIAISON 225kV N0 1 PONT-SEPT-SANDOUVILLE;;;;;;
AERIEN;CANTEL62NAOUT;LIAISON 225kV N0 2 CANTEGRIT - NAOUTOT;EN EXPLOITATION;225kV;RTE;1;;;;;;;;
AERIEN;CHARPL71ECHAL;LIAISON 400kV N0 1 CHARPENAY - ECHALAS;EN EXPLOITATION;400kV;RTE;2;CHARPL72ECHAL;LIAISON 400kV N0 2 CHARPENAY - ECHALAS;;;;;;
AERIEN;BAIXAL72GAUDI;LIAISON 400kV N0 2 BAIXAS - LA GAUDIERE;EN EXPLOITATION;400kV;RTE;2;BAIXAL72GAUDI;LIAISON 400kV N0 2 BAIXAS - LA GAUDIERE;;;;;;
AERIEN;SSCESL61SSCHR;LIAISON 225kV N0 1 ST CESAIRE - ST CHRISTOL;EN EXPLOITATION;225kV;RTE;2;JONQUL62SSCES;LIAISON 225kV N0 2 JONQUIERES-ST-CESAIRE;;;;;;
AERIEN;HERBLL61ZHERB;LIAISON 225kV N0 1 CERGY - CORMEILLES - HERBLAY;EN EXPLOITATION;225kV;RTE;2;HERBLL62ZHER7;LIAISON 225kV N0 2 CERGY - CORMEILLES - HERBLAY;;;;;;
AERIEN;ALLINL61CORNI;LIAISON 225kV N0 1 ALLINGES-CORNIER;EN EXPLOITATION;225kV;RTE;2;ALLINL61ZALL7;LIAISON 225kV N0 1 ALLINGES - CORNIER - JUVIGNY;;;;;;
AERIEN;JACQUL61SOLEI;LIAISON 225kV N0 1 JACQUARD-SOLEIL (LE);EN EXPLOITATION;225kV;RTE;2;BEC  L31SOLEI;RES. LIAISON 63kV N0 1  BEC (LE) - SOLEIL (LE);;;;;;
AERIEN;B.CARL61T.VIC;LIAISON 225kV N0 1 BROC-CARROS (LE)-TRINITE-VICTOR;EN EXPLOITATION;225kV;RTE;1;;;;;;;;
AERIEN;ROUMAL61ZGRA6;LIAISON 225kV N0 1 BEAULIEU - ROUMAGNOLLE - GRANZAY;EN EXPLOITATION;225kV;RTE;1;;;;;;;;
AERIEN;ALBERL61CONTA;LIAISON 225kV N0 1 ALBERTVILLE-CONTAMINE;EN EXPLOITATION;225kV;RTE;2;CONTAL31G.COE;LIAISON 63kV N0 1 CONTAMINE-GRAND-COEUR;;;;;;
AERIEN;HOURAL61MARSI;LIAISON 225kV N0 1 HOURAT - MARSILLON;EN EXPLOITATION;225kV;RTE;1;;;;;;;;
AERIEN;BRAUDL72PREGU;LIAISON 400kV N0 2 BRAUD - PREGUILLAC;EN EXPLOITATION;400kV;RTE;1;;;;;;;;
AERIEN;CERGYL71TERRI;LIAISON 400kV N0 1 CERGY - TERRIER;EN EXPLOITATION;400kV;RTE;1;;;;;;;;
AERIEN;GAUDIL62ZMORE;LIAISON 225kV N0 2 GAUDIERE (LA) - MOREAU - CONQUES-SUR-ORBIEL;EN EXPLOITATION;225kV;RTE;1;;;;;;;;
AERIEN;LESQUL71VERFE;LIAISON 400kV N0 1 LESQUIVE - VERFEIL;EN EXPLOITATION;400kV;RTE;2;DONZAL72VERFE;LIAISON 400kV N0 2 DONZAC - VERFEIL;;;;;;
AERIEN;GRANZL71ROM;LIAISON 400kV N0 1 GRANZAY - ROM;EN EXPLOITATION;400kV;RTE;1;;;;;;;;
AERIEN;.RONDL71ALBER;LIAISON 400kV N0 1 ALBERTVILLE - RONDISSONE;EN EXPLOITATION;400kV;RTE;1;;;;;;;;
AERIEN;AVIGNL61MOTT5;LIAISON 225kV N0 1 AVIGNON(POSTE) - MOTTE (LA) (V.-LES-AVIGNON);EN EXPLOITATION;225kV;RTE;2;AVIG6L61MOTT5;LIAISON 225kV N0 1 AVIGNON (C.N.R.) - MOTTE (LA) (V.-LES-AVIGNON);;;;;;
AERIEN;REALTL63SEPTE;LIAISON 225kV N0 3 REALTOR - SEPTEMES;EN EXPLOITATION;225kV;RTE;2;REALTL63SEPTE;LIAISON 225kV N0 3 REALTOR - SEPTEMES;;;;;;
AERIEN;BOLL5L61C.RHO;LIAISON 225kV N0 1 BOLLENE-CHATEAUNEUF-DU-RHONE;EN EXPLOITATION;225kV;RTE;2;BOLL5L31GARDO;LIAISON 63kV N0 1 BOLLENE-GARDON;;;;;;
AERIEN;BOISSL61C.FO6;LIAISON 225kV N0 1 BOISSE (LA) - CAILLOUX-SUR-FONTAINE;EN EXPLOITATION;225kV;RTE;1;;;;;;;;
AERIEN;H.PAUL71SSV.O;LIAISON 400kV N0 1 HENRI-PAUL - ST-VULBAS-OUEST;EN EXPLOITATION;400kV;RTE;2;H.PAUL71SSV.O;LIAISON 400kV N0 1 HENRI-PAUL - ST-VULBAS-OUEST;;;;;;
AERIEN;VLEJUL61ZLINA;LIAISON 225kV N0 1 LOGES (LES) - PETIT-BOIS (LE) - VILLEJUST;EN EXPLOITATION;225kV;RTE;2;VLEJUL61ZLIN7;LIAISON 225kV N0 1 LIERS - VILLEJUST - PETIT-BOIS (LE);;;;;;
AERIEN;AMPONL61PORCH;LIAISON 225kV N0 1 AMPONT-PORCHEVILLE;EN EXPLOITATION;225kV;RTE;1;;;;;;;;
AERIEN;SSCROL61ZSSCR;LIAISON 225kV N0 1 QUINSON - ROUMOULES - STE-CROIX - STE-TULLE;EN EXPLOITATION;225kV;RTE;1;;;;;;;;
AERIEN;LESCAL61MARSI;LIAISON 225kV N0 1 LESCAR - MARSILLON;EN EXPLOITATION;225kV;RTE;2;LESCAL62MARSI;LIAISON 225kV N0 2 LESCAR-MARSILLON;;;;;;
AERIEN;BARP L61ZBARP;LIAISON 225kV N0 1 MASQUET - SAUCATS - LE BARP;EN EXPLOITATION;225kV;RTE;1;;;;;;;;
AERIEN;BARP L61SAUCA;LIAISON 225kV N0 1 BARP(LE)-SAUCAT;EN EXPLOITATION;225kV;RTE;2;BARP L61ZBARP;LIAISON 225kV N0 1 MASQUET - SAUCATS - LE BARP;;;;;;
AERIEN;LANNEL61PRAGN;LIAISON 225kV N0 1 LANNEMEZAN - PRAGNERES;EN EXPLOITATION;225kV;RTE;1;;;;;;;;
AERIEN;.ENSDL72VIGY;LIAISON 400kV N0 2 ENSDORF - VIGY;EN EXPLOITATION;400kV;RTE;1;;;;;;;;
AERIEN;LUMESL61MAZUR;LIAISON 225kV N0 1 LUMES-MAZURES;EN EXPLOITATION;225kV;RTE;2;LUMESL62MAZUR;LIAISON 225kV N0 2 LUMES-MAZURES;;;;;;
AERIEN;BAYETL71RULHA;LIAISON 400kV N0 1 BAYET - RULHAT;EN EXPLOITATION;400kV;RTE;2;BAYETL72RULHA;LIAISON 400kV N0 2 BAYET - RULHAT;;;;;;
AERIEN;BALMAL61VERFE;LIAISON 225kV N0 1 BALMA (POSTE)-VERFEIL;EN EXPLOITATION;225kV;RTE;2;GRAMOL61VERFE;LIAISON 225kV N0 1 GRAMONT - VERFEIL;;;;;;
AERIEN;BREUIL61ZTALA;LIAISON 225kV N0 1 BREUIL - LAVAL-DE-CERE - TALAMET;EN EXPLOITATION;225kV;RTE;2;BREUIL63CHAST;LIAISON 225kV N0 3 BREUIL (LE) - CHASTANG (LE);;;;;;
AERIEN;CHESNL61PATOU;LIAISON 225kV N0 1 CHESNOY (LE) - PATOU;EN EXPLOITATION;225kV;RTE;1;;;;;;;;
AERIEN;B.EPIL62ZSSL7;LIAISON 225kV N0 2 BELLE-EPINE - DOMLOUP - ST-LAURENT;EN EXPLOITATION;225kV;RTE;1;;;;;;;;
AERIEN;CIROLL72GATI5;LIAISON 400kV N0 2 CIROLLIERS - GATINAIS;EN EXPLOITATION;400kV;RTE;1;;;;;;;;
AERIEN;MOUL8L61VLEJU;LIAISON 225kV N0 1 MOULINEAUX - VILLEJUST;EN EXPLOITATION;225kV;RTE;4;ROBI5L61ZV.BR;LIAISON 225kV N0 1 ROBINSON - VILLEJUST  - ULIS (LES);VLEJUL611CLAM;LIAISON 225kV N0 1 CLAMART - VILLEJUST;MOUL8L62VLEJU;LIAISON 225kV N0 2 MOULINEAUX - VILLEJUST;;
AERIEN;LATENL61ROYE;LIAISON 225kV N0 1 LATENA-ROYE;EN EXPLOITATION;225kV;RTE;1;;;;;;;;
AERIEN;H.VINL61ZHEL5;LIAISON 225kV N0 1 AVELIN - HAUT-VINAGE - HELLEMMES;EN EXPLOITATION;225kV;RTE;2;ANSTAL41H.VIN;LIAISON 90kV N0 1 ANSTAING - HAUT-VINAGE;;;;;;
AERIEN;FOUTEL61G.SYN;LIAISON 225kV N0 1 FOUTEIN-GRANDE-SYNTHE;EN EXPLOITATION;225kV;RTE;1;;;;;;;;
AERIEN;FLAMAL71MENUE;LIAISON 400kV N0 1 FLAMANVILLE - MENUEL;EN EXPLOITATION;400kV;RTE;2;FLAMAL72MENUE;LIAISON 400kV N0 2 FLAMANVILLE - MENUEL DER TA3;;;;;;
AERIEN;MORBRL71VLEVA;LIAISON 400kV N0 1 MORBRAS - VILLEVAUDE;EN EXPLOITATION;400kV;RTE;1;;;;;;;;
AERIEN;ARGIAL71CANTE;LIAISON 400kV N0 1 ARGIA - CANTEGRIT;EN EXPLOITATION;400kV;RTE;1;;;;;;;;
AERIEN;PRATCL61TREVA;LIAISON 225kV N0 1 PRATCLAUX - TREVAS;EN EXPLOITATION;225kV;RTE;2;RIVIEL61SANSS;LIAISON 225kV N0 1 RIVIERE (LA) - SANSSAC (L EGLISE);;;;;;
AERIEN;ORMESL63VESLE;LIAISON 225kV N0 3 ORMES-VESLE;EN EXPLOITATION;225kV;RTE;1;;;;;;;;
AERIEN;GEN.PL73VIELM;LIAISON 400kV N0 3 GENISSIAT-POSTE - VIELMOULIN;EN EXPLOITATION;400kV;RTE;1;;;;;;;;
AERIEN;BALARL61MTPEL;LIAISON 225kV N0 1 BALARUC - MONTPELLIER;EN EXPLOITATION;225kV;RTE;2;BALARL62MTPEL;RES. LIAISON 225kV N0 2  BALARUC - MONTPELLIER;;;;;;
AERIEN;LONG6L61ZV.MO;LIAISON 225kV N0 1 LONGEFAN - SAUSSAZ II (LA) - VIEUX-MOULIN;EN EXPLOITATION;225kV;RTE;1;;;;;;;;
AERIEN;LANDRL61VIGY;LIAISON 225kV N0 1 LANDRES-VIGY;EN EXPLOITATION;225kV;RTE;2;SAFE L61VIGY;LIAISON 225kV N0 1 S.A.F.E.-VIGY;;;;;;
AERIEN;BRAUDL72CUBNE;LIAISON 400kV N0 2 BRAUD - CUBNEZAIS;EN EXPLOITATION;400kV;RTE;2;CUBNEL72MQIS;LIAISON 400kV N0 2 CUBNEZAIS - MARQUIS (LE);;;;;;
AERIEN;LAVERL61SEPTE;LIAISON 225kV N0 1 LAVERA-SEPTEMES;EN EXPLOITATION;225kV;RTE;1;;;;;;;;
AERIEN;CPNOLL61GEN.P;LIAISON 225kV N0 1 CHAMPAGNOLE - GENISSIAT-POSTE;EN EXPLOITATION;225kV;RTE;2;CPNOLL61SAONE;LIAISON 225kV N0 1 CHAMPAGNOLE - SAONE;;;;;;
AERIEN;CONF5L61PARIS;LIAISON 225kV N0 1 CONFLUENT - PARISET;EN EXPLOITATION;225kV;RTE;1;;;;;;;;
AERIEN;BREUIL71MARMA;LIAISON 400kV N0 1 BREUIL (LE) - MARMAGNE;EN EXPLOITATION;400kV;RTE;1;;;;;;;;
AERIEN;.EICHL61VOGEL;LIAISON 225kV N0 1 EICHSTETTEN-VOGELGRUN;EN EXPLOITATION;225kV;RTE;1;;;;;;;;
AERIEN;SSTULL62ZG.BA;LIAISON 225kV N0 2 BOUTRE - GREOUX LES BAINS - STE-TULLE;EN EXPLOITATION;225kV;RTE;1;;;;;;;;
AERIEN;ROUGEL61YAINV;LIAISON 225kV N0 1 ROUGEMONTIER-YAINVILLE;EN EXPLOITATION;225kV;RTE;3;GANTEL41YAINV;LIAISON 90kV N0 1 GANTERIE-YAINVILLE;YAINVL41ZETRE;LIAISON 90kV N0 1 ETREVILLE - PONT-AUDEMER - YAINVILLE;;;;
AERIEN;BARJAL61ZLAFI;LIAISON 225kV N0 1 BARJAC - PIED-DE-BORNE - LAFIGERE;EN EXPLOITATION;225kV;RTE;1;;;;;;;;
AERIEN;BOLL5L61TERRA;LIAISON 225kV N0 1 BOLLENE-TERRADOU;EN EXPLOITATION;225kV;RTE;2;MOUISL61TERRA;LIAISON 225kV N0 1 MOUISSONNES-TERRADOU;;;;;;
AERIEN;CHARPL71GREPI;LIAISON 400kV N0 1 CHARPENAY - GREPILLES;EN EXPLOITATION;400kV;RTE;2;CHARPL72GREPI;LIAISON 400kV N0 2 CHARPENAY - GREPILLES;;;;;;
AERIEN;AUSSOL61P.AND;LIAISON 225kV N0 1 AUSSOIS-PRAZ-ST-ANDRE;EN EXPLOITATION;225kV;RTE;2;AUSSOL61P.AND;LIAISON 225kV N0 1 AUSSOIS-PRAZ-ST-ANDRE;;;;;;
AERIEN;BEZAUL71VIGY;LIAISON 400kV N0 1 BEZAUMONT - VIGY;EN EXPLOITATION;400kV;RTE;2;REVIGL71VIGY;LIAISON 400kV N0 1 REVIGNY - VIGY;;;;;;
AERIEN;SARRYL61SEREI;LIAISON 225kV N0 1 SARRY-SEREIN;EN EXPLOITATION;225kV;RTE;2;SARRYL61VIELM;LIAISON 225kV N0 1 SARRY-VIELMOULIN;;;;;;
AERIEN;CORNIL61ZALL7;LIAISON 225kV N0 1 ALLINGES - CORNIER - JUVIGNY;EN EXPLOITATION;225kV;RTE;1;;;;;;;;
AERIEN;DISTRL71PICOC;LIAISON 400kV N0 1 DISTRE - PICOCHERIE (LA);EN EXPLOITATION;400kV;RTE;2;PICOCL71VLERB;LIAISON 400kV N0 1 PICOCHERIE (LA) - VILLERBON;;;;;;
AERIEN;CARR5L62ZCAR6;LIAISON 225kV N0 2 CARRES(LES) - DAMBRON - VILLEJUST;EN EXPLOITATION;225kV;RTE;1;;;;;;;;
AERIEN;ECHALL71P.COR;LIAISON 400kV N0 1 ECHALAS - PIVOZ-CORDIER;EN EXPLOITATION;400kV;RTE;1;;;;;;;;
AERIEN;GENITL61VLEVA;LIAISON 225kV N0 1 GENITOY-VILLEVAUDE;EN EXPLOITATION;225kV;RTE;2;VLEVAL61ZORS6;LIAISON 225kV N0 1 MORBRAS - ORSONVILLE - VILLEVAUDE;;;;;;
AERIEN;BAYETL71GAUGL;LIAISON 400kV N0 1 BAYET - GAUGLIN;EN EXPLOITATION;400kV;RTE;2;GAUGLL72SSELO;LIAISON 400kV N0 2 GAUGLIN - ST-ELOI;;;;;;
AERIEN;MALGOL61PASSY;LIAISON 225kV N0 1 MALGOVERT-PASSY;EN EXPLOITATION;225kV;RTE;1;;;;;;;;
AERIEN;VESLEL61ZCUPE;LIAISON 225kV N0 1 CUPERLY - RECY - VESLE;EN EXPLOITATION;225kV;RTE;1;;;;;;;;
AERIEN;ANCIZL61ZANCI;LIAISON 225kV N0 1 ANCIZES (Y631) - COMPS - VOLVIC;EN EXPLOITATION;225kV;RTE;1;;;;;;;;
AERIEN;VOLVIL61ZANCI;LIAISON 225kV N0 1 ANCIZES (Y631) - COMPS - VOLVIC;EN EXPLOITATION;225kV;RTE;1;;;;;;;;
AERIEN;DOBERL61TREGU;LIAISON 225kV N0 1 DOBERIE - TREGUEUX;EN EXPLOITATION;225kV;RTE;1;;;;;;;;
AERIEN;CARRIL61MORU;LIAISON 225kV N0 1 CARRIERES-MORU;EN EXPLOITATION;225kV;RTE;2;CARRIL62MORU;RES. LIAISON 225kV N0 2  CARRIERES - MORU;;;;;;
AERIEN;C.RHOL62L.NEU;LIAISON 225kV N0 2 CHATEAUNEUF-DU-RHONE - LOGIS-NEUF;EN EXPLOITATION;225kV;RTE;1;;;;;;;;
AERIEN;ENVALL61VOLVI;LIAISON 225kV N0 1 ENVAL-VOLVIC;EN EXPLOITATION;225kV;RTE;1;;;;;;;;
AERIEN;MENUEL71TAUTE;LIAISON 400kV N0 1 MENUEL - TAUTE;EN EXPLOITATION;400kV;RTE;2;MENUEL72TAUTE;LIAISON 400kV N0 2 MENUEL - TAUTE;;;;;;
AERIEN;CHAFFL71COULA;LIAISON 400kV N0 1 CHAFFARD (LE) - COULANGE;EN EXPLOITATION;400kV;RTE;1;;;;;;;;
AERIEN;CHABOL61CHEV5;LIAISON 225kV N0 1 CHABOSSIERE (LA)-CHEVIRE;EN EXPLOITATION;225kV;RTE;3;CHEV5L62ZKERL;LIAISON 225kV N0 2 CHEVIRE - CORDEMAIS-POSTE - MORIHAN;CHABOL31CHEV5;LIAISON 63kV N0 1 CHABOSSIERE (LA)-CHEVIRE;;;;
AERIEN;ECHALL61GIVOR;LIAISON 225kV N0 1 ECHALAS-GIVORS;EN EXPLOITATION;225kV;RTE;1;;;;;;;;
AERIEN;ANSERL61ZBERC;LIAISON 225kV N0 1 ANSEREUILLES (LES) - BERCLAU - DOUVRIN;EN EXPLOITATION;225kV;RTE;1;;;;;;;;
AERIEN;BLOCAL61ZH.B5;LIAISON 225kV N0 1 ARGOEUVES - BLOCAUX - HORNOY-LE-BOURG;EN EXPLOITATION;225kV;RTE;1;;;;;;;;
AERIEN;REMISL72TERRI;LIAISON 400kV N0 2 REMISE - TERRIER;EN EXPLOITATION;400kV;RTE;1;;;;;;;;
AERIEN;GEN.PL71VIELM;LIAISON 400kV N0 1 GENISSIAT-POSTE - VIELMOULIN;EN EXPLOITATION;400kV;RTE;2;GEN.PL73VIELM;LIAISON 400kV N0 3 GENISSIAT-POSTE - VIELMOULIN;;;;;;
AERIEN;ARNAGL61ZQUI5;LIAISON 225kV N0 1 ARNAGE - CLAIRE-FONTAINE - QUINTES (LES);EN EXPLOITATION;225kV;RTE;1;;;;;;;;
AERIEN;CIROLL71GATI5;LIAISON 400kV N0 1 CIROLLIERS - GATINAIS;EN EXPLOITATION;400kV;RTE;1;;;;;;;;
AERIEN;P.SEPL61SAINN;LIAISON 225kV N0 1 PONT-SEPT-SAINNEVILLE;EN EXPLOITATION;225kV;RTE;2;MTIVIL41P.SEP;LIAISON 90kV N0 1 MONTIVILLIERS-PONT-SEPT;;;;;;
AERIEN;ARRIGL61CHEVI;LIAISON 225kV N0 1 ARRIGHI-CHEVILLY;EN EXPLOITATION;225kV;RTE;2;ARRIGL61SSMR;LIAISON 225kV N0 1 ARRIGHI - ST-MAUR;;;;;;
AERIEN;FLAMEL61WEPPE;LIAISON 225kV N0 1 FLAMENGRIE-WEPPES;EN EXPLOITATION;225kV;RTE;1;;;;;;;;
AERIEN;OUDONL71QUINT;LIAISON 400kV N0 1 OUDON - QUINTES (LES);EN EXPLOITATION;400kV;RTE;1;;;;;;;;
AERIEN;CORMEL61ZHERB;LIAISON 225kV N0 1 CERGY - CORMEILLES - HERBLAY;EN EXPLOITATION;225kV;RTE;2;CORMEL62ZHER7;LIAISON 225kV N0 2 CERGY - CORMEILLES - HERBLAY;;;;;;
AERIEN;REALTL61SEPTE;LIAISON 225kV N0 1 REALTOR-SEPTEMES;EN EXPLOITATION;225kV;RTE;1;;;;;;;;
AERIEN;CHABOL61CHEV5;LIAISON 225kV N0 1 CHABOSSIERE (LA)-CHEVIRE;EN EXPLOITATION;225kV;RTE;1;;;;;;;;
AERIEN;LONNYL71VESLE;LIAISON 400kV N0 1 LONNY - VESLE;EN EXPLOITATION;400kV;RTE;1;;;;;;;;
AERIEN;MOLIEL71OUDON;LIAISON 400kV N0 1 MOLIERE - OUDON;EN EXPLOITATION;400kV;RTE;1;;;;;;;;
AERIEN;MUHLBL71SIERE;LIAISON 400kV N0 1 MUHLBACH - SIERENTZ;EN EXPLOITATION;400kV;RTE;2;MUHLBL72SIERE;LIAISON 400kV N0 2 MUHLBACH - SIERENTZ;;;;;;
AERIEN;BEZAUL61C.MET;LIAISON 225kV N0 1 BEZAUMONT-CROIX-DE-METZ;EN EXPLOITATION;225kV;RTE;2;C.METL61LANEU;LIAISON 225kV N0 1 CROIX-DE-METZ-LANEUVEVILLE;;;;;;
AERIEN;EGUZOL61MAURE;LIAISON 225kV N0 1 EGUZON-MAUREIX (LE);EN EXPLOITATION;225kV;RTE;1;;;;;;;;
AERIEN;COULAL73CRUA5;LIAISON 400kV N0 3 COULANGE - CRUAS (-MEYSSE);EN EXPLOITATION;400kV;RTE;1;;;;;;;;
AERIEN;CERNAL62VESLE;LIAISON 225kV N0 2 CERNAY-VESLE;EN EXPLOITATION;225kV;RTE;1;;;;;;;;
AERIEN;CERNAL61VESLE;LIAISON 225kV N0 1 CERNAY-VESLE;EN EXPLOITATION;225kV;RTE;2;CERNAL62VESLE;LIAISON 225kV N0 2 CERNAY-VESLE;;;;;;
AERIEN;MOUS5L61PAUDY;LIAISON 225kV N0 1 MOUSSEAUX - PAUDY;EN EXPLOITATION;225kV;RTE;1;;;;;;;;
AERIEN;VALESL61ZB.ME;LIAISON 225kV N0 1 ROYE - VALESCOURT - BUS-LA-MESIERE;EN EXPLOITATION;225kV;RTE;1;;;;;;;;
AERIEN;CUPERL61VESLE;LIAISON 225kV N0 1 CUPERLY-VESLE;EN EXPLOITATION;225kV;RTE;2;CUPERL61ZCUPE;LIAISON 225kV N0 1 CUPERLY - RECY - VESLE;;;;;;
AERIEN;H.PAUL61ZCUR5;LIAISON 225kV N0 1 CURTIL - GROSNE - HENRI-PAUL;EN EXPLOITATION;225kV;RTE;1;;;;;;;;
AERIEN;CAZARL71VERFE;LIAISON 400kV N0 1 CAZARIL - VERFEIL;EN EXPLOITATION;400kV;RTE;2;CAZARL72VERFE;LIAISON 400kV N0 2 CAZARIL - VERFEIL;;;;;;
AERIEN;SAUS5L71VLEVA;LIAISON 400kV N0 1 SAUSSET - VILLEVAUDE;EN EXPLOITATION;400kV;RTE;2;P.GASL74VLEVA;LIAISON 400kV N0 4 PLESSIS-GASSOT - VILLEVAUDE;;;;;;
AERIEN;TOURBL61ZEMAL;LIAISON 225kV N0 1 EMALES(LES) - RANVILLE - TOURBE;EN EXPLOITATION;225kV;RTE;1;;;;;;;;
AERIEN;BOLL5L61CROI6;LIAISON 225kV N0 1 BOLLENE-CROISIERE;EN EXPLOITATION;225kV;RTE;2;BOLL5L62CROI6;LIAISON 225kV N0 2 BOLLENE-CROISIERE;;;;;;
AERIEN;CRENEL61ROSIE;LIAISON 225kV N0 1 CRENEY - ROSIERES;EN EXPLOITATION;225kV;RTE;1;;;;;;;;
AERIEN;BOUTRL62ZG.BA;LIAISON 225kV N0 2 BOUTRE - GREOUX LES BAINS - STE-TULLE;EN EXPLOITATION;225kV;RTE;2;ROUMOL51SSTUL;LIAISON 150kV N0 1 ROUMOULES - STE-TULLE;;;;;;
AERIEN;GUARBL61ISBE5;LIAISON 225kV N0 1 GUARBECQUE - ISBERGUES(UGINE ACIERS) (225kV);EN EXPLOITATION;225kV;RTE;2;GUARBL62ISBE5;LIAISON 225kV N0 2 GUARBECQUE-ISBERGUES(UGINE ACIERS) (225kV);;;;;;
AERIEN;LINGOL61ZVA10;LIAISON 225kV N0 1 LINGOSTIERE - ROUMOULES - VALDEROURE;EN EXPLOITATION;225kV;RTE;1;;;;;;;;
AERIEN;BOUTRL71P.ORG;LIAISON 400kV N0 1 BOUTRE - PLAN-D ORGON;EN EXPLOITATION;400kV;RTE;2;TAVELL71ZT.SU;LIAISON 400kV N0 1 PRIONNET - TAVEL - TORE SUPRA;;;;;;
AERIEN;P.HA5L61TREGU;LIAISON 225kV N0 1 PLAINE HAUTE-TREGUEUX;EN EXPLOITATION;225kV;RTE;2;P.HA5L62TREGU;LIAISON 225kV N0 2 PLAINE HAUTE-TREGUEUX;;;;;;
AERIEN;CSLLEL61ESCAI;LIAISON 225kV N0 1 CASTELLET (LE) - ESCAILLON (L );EN EXPLOITATION;225kV;RTE;1;;;;;;;;
AERIEN;GRAFFL61REICH;LIAISON 225kV N0 1 GRAFFENSTADEN-REICHSTETT;EN EXPLOITATION;225kV;RTE;2;MARL6L62REICH;LIAISON 225kV N0 2 MARLENHEIM-REICHSTETT;;;;;;
AERIEN;ROUGEL71TOURB;LIAISON 400kV N0 1 ROUGEMONTIER - TOURBE;EN EXPLOITATION;400kV;RTE;2;ROUGEL72TOURB;LIAISON 400kV N0 2 ROUGEMONTIER - TOURBE;;;;;;
AERIEN;ROUGEL71TILL5;LIAISON 400kV N0 1 ROUGEMONTIER - TILLEUL;EN EXPLOITATION;400kV;RTE;2;ROUGEL72TILL5;LIAISON 400kV N0 2 ROUGEMONTIER - TILLEUL;;;;;;
AERIEN;RUEYRL61ZLANA;LIAISON 225kV N0 1 RUEYRES - GRANDVAL - LANAU;EN EXPLOITATION;225kV;RTE;1;;;;;;;;
AERIEN;CRENEL61ZP.V5;LIAISON 225kV N0 1 CRENEY - PONT-LA-VILLE - ROLAMPONT;EN EXPLOITATION;225kV;RTE;1;;;;;;;;
AERIEN;CHAN5L71DISTR;LIAISON 400kV N0 1 CHANCEAUX - DISTRE;EN EXPLOITATION;400kV;RTE;2;CHAN5L71VLERB;LIAISON 400kV N0 1 CHANCEAUX - VILLERBON;;;;;;
AERIEN;DUNESL61ZQ.EC;LIAISON 225kV N0 1 DUNES (LES) - GRANDE-SYNTHE - QUATRE-ECLUSES;EN EXPLOITATION;225kV;RTE;1;;;;;;;;
AERIEN;CORBIL61DISTR;LIAISON 225kV N0 1 CORBIERE (LA)-DISTRE;EN EXPLOITATION;225kV;RTE;1;;;;;;;;
AERIEN;H.PAUL71SSV.O;LIAISON 400kV N0 1 HENRI-PAUL - ST-VULBAS-OUEST;EN EXPLOITATION;400kV;RTE;2;H.PAUL61ZCUR5;LIAISON 225kV N0 1 CURTIL - GROSNE - HENRI-PAUL;;;;;;
AERIEN;MENUEL73TAUTE;LIAISON 400kV N0 3 MENUEL - TAUTE;EN EXPLOITATION;400kV;RTE;2;MENUEL74TAUTE;LIAISON 400kV N0 4 MENUEL - TAUTE;;;;;;
AERIEN;J.VILL61ZTONN;LIAISON 225kV N0 1 JOUX-LA-VILLE - SEREIN - TONNERRE;EN EXPLOITATION;225kV;RTE;1;;;;;;;;
AERIEN;ARGOEL61BXCH5;LIAISON 225kV N0 1 ARGOEUVES - BEAUCHAMPS;EN EXPLOITATION;225kV;RTE;1;;;;;;;;
AERIEN;CHAINL71VERGE;LIAISON 400kV N0 1 CHAINGY - VERGER;EN EXPLOITATION;400kV;RTE;2;CHAINL72VERGE;LIAISON 400kV N0 2 CHAINGY - VERGER;;;;;;
AERIEN;ROUSSL61SEREI;LIAISON 225kV N0 1 ROUSSON-SEREIN;EN EXPLOITATION;225kV;RTE;1;;;;;;;;
AERIEN;CRUA5L62L.NEU;LIAISON 225kV N0 2 CRUAS (-MEYSSE)-LOGIS-NEUF;EN EXPLOITATION;225kV;RTE;1;;;;;;;;
AERIEN;BONNIL61ZRIC5;LIAISON 225kV N0 1 ARPENTS (LES) - BONNIERES - RICHEBOURG;EN EXPLOITATION;225kV;RTE;2;MEZE5L62ZRIC6;LIAISON 225kV N0 2 ARPENTS (LES) - MEZEROLLES - RICHEBOURG;;;;;;
AERIEN;GEN.PL61IZERN;LIAISON 225kV N0 1 GENISSIAT-POSTE-IZERNORE;EN EXPLOITATION;225kV;RTE;2;CLUS5L32IZERN;LIAISON 63kV N0 2 CLUSE (LA)-IZERNORE;;;;;;
AERIEN;PREGUL61SAINT;LIAISON 225kV N0 1 PREGUILLAC - SAINTES;EN EXPLOITATION;225kV;RTE;2;PREGUL41SAINT;LIAISON 90kV N0 1 PREGUILLAC-SAINTES;;;;;;
AERIEN;ASTONL61TARAS;LIAISON 225kV N0 1 ASTON-TARASCON;EN EXPLOITATION;225kV;RTE;1;;;;;;;;
AERIEN;MOUCHL61OULLI;LIAISON 225kV N0 1 MOUCHE (LA)-OULLINS;EN EXPLOITATION;225kV;RTE;2;MOUCHL32ZP.BE;LIAISON 63kV N0 2 BELLE-ETOILE - MOUCHE (LA) - PIERRE-BENITE;;;;;;
AERIEN;COR.PL62ZKERL;LIAISON 225kV N0 2 CHEVIRE - CORDEMAIS-POSTE - MORIHAN;EN EXPLOITATION;225kV;RTE;1;;;;;;;;
AERIEN;MAGNYL61ZMAGN;LIAISON 225kV N0 1 CHAMPS-REGNAUD - CHAMPVANS - MAGNY(-SUR-TILLE);EN EXPLOITATION;225kV;RTE;2;MAGNYL61ZMAGN;LIAISON 225kV N0 1 CHAMPS-REGNAUD - CHAMPVANS - MAGNY(-SUR-TILLE);;;;;;
AERIEN;PESSAL61ZPARR;LIAISON 225kV N0 1 BRUGES - GARIES - PESSAC;EN EXPLOITATION;225kV;RTE;2;MERIGL31PESSA;LIAISON 63kV N0 1 MERIGNAC-PESSAC;;;;;;
AERIEN;BRODEL61ZDUV5;LIAISON 225kV N0 1 BRODE - DUVIGNEAU - FLANDRE MARITIME;EN EXPLOITATION;225kV;RTE;1;;;;;;;;
AERIEN;ORAISL61SSTUL;LIAISON 225kV N0 1 ORAISON-STE-TULLE;EN EXPLOITATION;225kV;RTE;1;;;;;;;;
AERIEN;BOUTRL71PRION;LIAISON 400kV N0 1 BOUTRE - PRIONNET;EN EXPLOITATION;400kV;RTE;2;PRIONL71ZT.SU;LIAISON 400kV N0 1 PRIONNET - TAVEL - TORE SUPRA;;;;;;
AERIEN;MTEZ5L71RUEYR;LIAISON 400kV N0 1 MONTEZIC (POSTE EXTERIEUR) - RUEYRES;EN EXPLOITATION;400kV;RTE;1;;;;;;;;
AERIEN;BRIO6L61NIORT;LIAISON 225kV N0 1 BRIOUX-SUR-BOUTONNE - NIORT;EN EXPLOITATION;225kV;RTE;1;;;;;;;;
AERIEN;ALBERL61CHAV6;LIAISON 225kV N0 1 ALBERTVILLE-CHAVANOD;EN EXPLOITATION;225kV;RTE;2;CHEV8L31M.LAN;LIAISON 63kV N0 1 CHEVENE - MONTAGNY-LES-LANCHES;;;;;;
AERIEN;GRISOL61PRAL5;LIAISON 225kV N0 1 GRISOLLES - PRALONG;EN EXPLOITATION;225kV;RTE;1;;;;;;;;
AERIEN;MEZE5L71YVE.O;LIAISON 400kV N0 1 MEZEROLLES - YVELINES-OUEST;EN EXPLOITATION;400kV;RTE;1;;;;;;;;
AERIEN;CREC6L61GUARB;LIAISON 225kV N0 1 CRECHETS (LES)-GUARBECQUE;EN EXPLOITATION;225kV;RTE;2;BAILLL41CREC6;LIAISON 90kV N0 1 BAILLEUL-CRECHETS (LES);;;;;;
AERIEN;H.PAUL71SSV.O;LIAISON 400kV N0 1 HENRI-PAUL - ST-VULBAS-OUEST;EN EXPLOITATION;400kV;RTE;2;BOISSL61ZJOUX;LIAISON 225kV N0 1 BOISSE (LA) - JOUX - MACON;;;;;;
AERIEN;CURBAL61GRISO;LIAISON 225kV N0 1 CURBANS-GRISOLLES;EN EXPLOITATION;225kV;RTE;1;;;;;;;;
AERIEN;P.ESCL61SSGUI;LIAISON 225kV N0 1 PONT-ESCOFFIER-ST-GUILLERME;EN EXPLOITATION;225kV;RTE;1;;;;;;;;
AERIEN;BXCAIL61JONQU;LIAISON 225kV N0 1 BEAUCAIRE(CENTRALE CNR)-JONQUIERES;EN EXPLOITATION;225kV;RTE;1;;;;;;;;
AERIEN;MARTYL62ZTREF;LIAISON 225kV N0 2 DIRINON - MARTYRE (LA) - SQUIVIDAN;EN EXPLOITATION;225kV;RTE;1;;;;;;;;
AERIEN;TERR6L71TOURB;LIAISON 400kV N0 1 TERRETTE - TOURBE;EN EXPLOITATION;400kV;RTE;2;TERR6L72TOURB;LIAISON 400kV N0 2 TERRETTE - TOURBE;;;;;;
AERIEN;GRENAL61MIONS;LIAISON 225kV N0 1 GRENAY-MIONS;EN EXPLOITATION;225kV;RTE;2;MIONSL61ZGREN;LIAISON 225kV N0 1 AOSTE - GRENAY - MIONS;;;;;;
AERIEN;CHAL7L61SIERE;LIAISON 225kV N0 1 CHALAMPE-SIERENTZ;EN EXPLOITATION;225kV;RTE;2;FESSEL61OTTMA;LIAISON 225kV N0 1 FESSENHEIM (CENTRALE HYDRAULIQUE)-OTTMARSHEIM;;;;;;
AERIEN;CHESNL65MTERE;LIAISON 225kV N0 5 CHESNOY (LE)-MONTEREAU;EN EXPLOITATION;225kV;RTE;1;;;;;;;;
AERIEN;H.TOUL61ZH.TO;LIAISON 225kV N0 1 HAYANGE TOURNEBRIDE - LANDRES - ST-HUBERT;EN EXPLOITATION;225kV;RTE;2;H.TOUL61ZH.TO;LIAISON 225kV N0 1 HAYANGE TOURNEBRIDE - LANDRES - ST-HUBERT;;;;;;
AERIEN;CURTIL61GROSN;LIAISON 225kV N0 1 CURTIL-GROSNE;EN EXPLOITATION;225kV;RTE;2;GROSNL61ZCUR5;LIAISON 225kV N0 1 CURTIL - GROSNE - HENRI-PAUL;;;;;;
AERIEN;CORBIL62DISTR;LIAISON 225kV N0 2 CORBIERE (LA)-DISTRE;EN EXPLOITATION;225kV;RTE;2;CORBIL63DISTR;LIAISON 225kV N0 3 CORBIERE (LA) - DISTRE;;;;;;
AERIEN;P.GASL61PERSA;LIAISON 225kV N0 1 PLESSIS-GASSOT - PERSAN;EN EXPLOITATION;225kV;RTE;2;CERGYL61P.GAS;RES. LIAISON 225kV N0 1 CERGY - PLESSIS-GASSOT;;;;;;
AERIEN;FEUILL61SSCHA;LIAISON 225kV N0 1 FEUILLANE-ST-CHAMAS;EN EXPLOITATION;225kV;RTE;2;RASSUL61S.AIR;LIAISON 225kV N0 1 RASSUEN - SALON-BEL-AIR;;;;;;
AERIEN;CHESNL61VOULZ;LIAISON 225kV N0 1 CHESNOY (LE)-VOULZIE (LA);EN EXPLOITATION;225kV;RTE;2;CHESNL62VOULZ;LIAISON 225kV N0 2 CHESNOY (LE)-VOULZIE (LA);;;;;;
AERIEN;CHAN5L71VLERB;LIAISON 400kV N0 1 CHANCEAUX - VILLERBON;EN EXPLOITATION;400kV;RTE;2;DISTRL71PICOC;LIAISON 400kV N0 1 DISTRE - PICOCHERIE (LA);;;;;;
AERIEN;PASSYL61PRESS;LIAISON 225kV N0 1 PASSY-PRESSY;EN EXPLOITATION;225kV;RTE;2;CHED5L21ZCHED;LIAISON 45kV N0 1 ABBAYE (S.N.C.F.)-CHEDDE (S.N.C.F.)-PASSY;;;;;;
AERIEN;CPNIEL61PARIS;LIAISON 225kV N0 1 CHAMPAGNIER-PARISET;EN EXPLOITATION;225kV;RTE;1;;;;;;;;
AERIEN;GAMPAL61MIONS;LIAISON 225kV N0 1 GAMPALOUP-MIONS;EN EXPLOITATION;225kV;RTE;2;GAMPAL61P.EVE;LIAISON 225kV N0 1 GAMPALOUP-PONT-EVEQUE;;;;;;
AERIEN;PLAISL61ROMAI;LIAISON 225kV N0 1 PLAISANCE-ROMAINVILLE;EN EXPLOITATION;225kV;RTE;2;ROMAIL64ZGALE;LIAISON 225kV N0 4 GALERES - ROMAINVILLE - VILLEVAUDE;;;;;;
AERIEN;COR.PL71GALOR;LIAISON 400kV N0 1 CORDEMAIS-POSTE - GALOREAUX (LES);EN EXPLOITATION;400kV;RTE;1;;;;;;;;
AERIEN;ROUGEL72TOURB;LIAISON 400kV N0 2 ROUGEMONTIER - TOURBE;EN EXPLOITATION;400kV;RTE;1;;;;;;;;
AERIEN;CHEVIL63ZV.OR;LIAISON 225kV N0 3 CHEVILLY - ULIS (LES) - VILLEJUST;EN EXPLOITATION;225kV;RTE;1;;;;;;;;
AERIEN;TARASL61ZMERE;LIAISON 225kV N0 1 HOSPITALET (L ) - MERENS - TARASCON;EN EXPLOITATION;225kV;RTE;1;;;;;;;;
AERIEN;DARSEL61RASSU;LIAISON 225kV N0 1 DARSE-RASSUEN;EN EXPLOITATION;225kV;RTE;2;DARSEL62FEUIL;LIAISON 225kV N0 2 DARSE-FEUILLANE;;;;;;
AERIEN;TABARL61ZGLAC;LIAISON 225kV N0 1 GIEN - TABARDERIE - VILLEMANDEUR;EN EXPLOITATION;225kV;RTE;1;;;;;;;;
AERIEN;CANTEL61NAOUT;LIAISON 225kV N0 1 CANTEGRIT-NAOUTOT;EN EXPLOITATION;225kV;RTE;1;;;;;;;;
AERIEN;GODINL61RUEYR;LIAISON 225kV N0 1 GODIN-RUEYRES;EN EXPLOITATION;225kV;RTE;1;;;;;;;;
AERIEN;DARSEL61GRACI;LIAISON 225kV N0 1 DARSE-GRACIEUSE (LA);EN EXPLOITATION;225kV;RTE;1;;;;;;;;
AERIEN;VERGEL71VLERB;LIAISON 400kV N0 1 VERGER - VILLERBON;EN EXPLOITATION;400kV;RTE;2;VERGEL72VLERB;LIAISON 400kV N0 2 VERGER - VILLERBON;;;;;;
AERIEN;CHEVIL64ZMAS5;LIAISON 225kV N0 4 CHEVILLY - MASSY - VILLEJUST;EN EXPLOITATION;225kV;RTE;1;;;;;;;;
AERIEN;ELANCL61MEZE5;LIAISON 225kV N0 1 ELANCOURT-MEZEROLLES;EN EXPLOITATION;225kV;RTE;2;ELANCL61VERIN;LIAISON 225kV N0 1 ELANCOURT - VERINNERIE (LA);;;;;;
AERIEN;GAUDIL71ISSEL;LIAISON 400kV N0 1 GAUDIERE (LA) - ISSEL;EN EXPLOITATION;400kV;RTE;1;;;;;;;;
AERIEN;GAUDIL72ISSEL;LIAISON 400kV N0 2 LA GAUDIERE - ISSEL;EN EXPLOITATION;400kV;RTE;1;;;;;;;;
AERIEN;ARNAGL61QUINT;LIAISON 225kV N0 1 ARNAGE-QUINTES (LES);EN EXPLOITATION;225kV;RTE;1;;;;;;;;
AERIEN;BASTIL61LANNE;LIAISON 225kV N0 1 BASTILLAC-LANNEMEZAN;EN EXPLOITATION;225kV;RTE;2;LANNEL61PRAGN;LIAISON 225kV N0 1 LANNEMEZAN - PRAGNERES;;;;;;
AERIEN;MOTT5L61ROUGI;LIAISON 225kV N0 1 MOTTE (LA) (V.-LES-AVIGNON)-ROUGIER;EN EXPLOITATION;225kV;RTE;2;COLO6L31ZCOLO;LIAISON 63kV N0 1 AVIGNON(POSTE)-COLOMB-MOTTE (LA) (V.-LES-AVIGNON);;;;;;
AERIEN;CXSSEL61RECY;LIAISON 225kV N0 1 CHAUSSEE (LA)-RECY;EN EXPLOITATION;225kV;RTE;2;RECY L61ZCUPE;LIAISON 225kV N0 1 CUPERLY - RECY - VESLE;;;;;;
AERIEN;C.FONL61ZQUI5;LIAISON 225kV N0 1 ARNAGE - CLAIRE-FONTAINE - QUINTES (LES);EN EXPLOITATION;225kV;RTE;2;QUINTL61ZAMIG;LIAISON 225kV N0 1 CLAIRE-FONTAINE - COMMERVEIL - QUINTES (LES);;;;;;
AERIEN;CHAPOL61T.DOM;LIAISON 225kV N0 1 CHAPON - TROIS DOMAINES;EN EXPLOITATION;225kV;RTE;1;;;;;;;;
AERIEN;BREN5L61VERFE;LIAISON 225kV N0 1 BRENS - VERFEIL;EN EXPLOITATION;225kV;RTE;2;SSSULL31VERFE;LIAISON 63kV N0 1 ST-SULPICE-VERFEIL;;;;;;
AERIEN;SAUL5L61ZSAU9;LIAISON 225kV N0 1 LANEUVEVILLE - SAULNOIS - ST-AVOLD;EN EXPLOITATION;225kV;RTE;1;;;;;;;;
AERIEN;PESSAL62SAUCA;LIAISON 225kV N0 2 PESSAC-SAUCATS;EN EXPLOITATION;225kV;RTE;1;;;;;;;;
AERIEN;THEIXL61ZPRIN;LIAISON 225kV N0 1 CORDEMAIS-POSTE - GUERSAC - THEIX;EN EXPLOITATION;225kV;RTE;1;;;;;;;;
AERIEN;MAZURL73REVI5;LIAISON 400kV N0 3 MAZURES - REVIN;EN EXPLOITATION;400kV;RTE;2;MAZURL74REVI5;LIAISON 400kV N0 4 MAZURES - REVIN;;;;;;
AERIEN;DOMLOL71LAUNA;LIAISON 400kV N0 1 DOMLOUP - LAUNAY;EN EXPLOITATION;400kV;RTE;2;DOMLOL72LAUNA;LIAISON 400kV N0 2 DOMLOUP - LAUNAY;;;;;;
AERIEN;.ENSDL71VIGY;LIAISON 400kV N0 1 ENSDORF - VIGY;EN EXPLOITATION;400kV;RTE;1;;;;;;;;
AERIEN;BISC6L61JONQU;LIAISON 225kV N0 1 BISCARRAT-JONQUIERES;EN EXPLOITATION;225kV;RTE;2;BISC6L62JONQU;LIAISON 225kV N0 2 BISCARRAT-JONQUIERES;;;;;;
AERIEN;MOUGIL61P.GR5;LIAISON 225kV N0 1 MOUGINS-PLAN-DE-GRASSE;EN EXPLOITATION;225kV;RTE;1;;;;;;;;
AERIEN;H.PAUL71SSV.O;LIAISON 400kV N0 1 HENRI-PAUL - ST-VULBAS-OUEST;EN EXPLOITATION;400kV;RTE;2;GROSNL61MACON;LIAISON 225kV N0 1 GROSNE-MACON;;;;;;
AERIEN;EGUZOL71VERGE;LIAISON 400kV N0 1 EGUZON - VERGER;EN EXPLOITATION;400kV;RTE;1;;;;;;;;
AERIEN;CPNIEL71VAUJA;LIAISON 400kV N0 1 CHAMPAGNIER - VAUJANY;EN EXPLOITATION;400kV;RTE;2;CPNIEL72VAUJA;LIAISON 400kV N0 2 CHAMPAGNIER - VAUJANY;;;;;;
AERIEN;MEZE5L62NOURO;LIAISON 225kV N0 2 MEZEROLLES - NOUROTTES;EN EXPLOITATION;225kV;RTE;1;;;;;;;;
AERIEN;DRONNL61TOURB;LIAISON 225kV N0 1 DRONNIERE (LA)-TOURBE;EN EXPLOITATION;225kV;RTE;2;DRONNL62TOURB;LIAISON 225kV N0 2 DRONNIERE (LA)-TOURBE;;;;;;
AERIEN;CORNIL61PRESS;LIAISON 225kV N0 1 CORNIER-PRESSY;EN EXPLOITATION;225kV;RTE;2;PRESSL61VALLO;LIAISON 225kV N0 1 PRESSY - VALLORCINE;;;;;;
AERIEN;FOUTEL61G.SYN;LIAISON 225kV N0 1 FOUTEIN-GRANDE-SYNTHE;EN EXPLOITATION;225kV;RTE;2;FOUTEL62G.SYN;LIAISON 225kV N0 2 FOUTEIN-GRANDE-SYNTHE;;;;;;
AERIEN;L.CHAL61S.DAM;LIAISON 225kV N0 1 LONG-CHAMP (LE) - SOISSONS-NOTRE-DAME;EN EXPLOITATION;225kV;RTE;2;S.DAML61ZRUPR;LIAISON 225kV N0 1 BEAUTOR(POSTE) - RUPREUX - SOISSONS-NOTRE-DAME;;;;;;
AERIEN;ECHALL61RIVIE;LIAISON 225kV N0 1 ECHALAS - RIVIERE (LA);EN EXPLOITATION;225kV;RTE;2;C.GEAL31ZTERR;LIAISON 63kV N0 1 CHAMP-DU-GEAI - RIVIERE (LA) - TERRENOIRE;;;;;;
AERIEN;GAUDIL61MOREA;LIAISON 225kV N0 1 LA GAUDIERE - MOREAU;EN EXPLOITATION;225kV;RTE;1;;;;;;;;
AERIEN;COQU5L62ZCOQ5;LIAISON 225kV N0 2 AQUEDUCS (LES) - COQUIBUS - GRIGNY;EN EXPLOITATION;225kV;RTE;1;;;;;;;;
AERIEN;COQU5L61ZCOQU;LIAISON 225kV N0 1 AQUEDUCS (LES) - COQUIBUS - GRIGNY;EN EXPLOITATION;225kV;RTE;1;;;;;;;;
AERIEN;P.ROSL61SARR6;LIAISON 225kV N0 1 PETITE-ROSSELLE-SARREGUEMINES;EN EXPLOITATION;225kV;RTE;1;;;;;;;;
AERIEN;FLEACL61SANIL;LIAISON 225kV N0 1 FLEAC-SANILHAC;EN EXPLOITATION;225kV;RTE;1;;;;;;;;
AERIEN;ARGIAL62MOUGU;LIAISON 225kV N0 2 ARGIA-MOUGUERRE;EN EXPLOITATION;225kV;RTE;1;;;;;;;;
AERIEN;ARGOEL71PENL5;LIAISON 400kV N0 1 ARGOEUVES - PENLY (POSTE EVACUATION);EN EXPLOITATION;400kV;RTE;2;LIMEUL71PENL5;LIAISON 400kV N0 1 LIMEUX - PENLY (POSTE EVACUATION);;;;;;
AERIEN;QUINSL61ZQUIN;LIAISON 225kV N0 1 QUINSON - ROUMOULES - STE-CROIX - STE-TULLE;EN EXPLOITATION;225kV;RTE;1;;;;;;;;
AERIEN;CHENEL61SENAR;LIAISON 225kV N0 1 CHENET-SENART;EN EXPLOITATION;225kV;RTE;2;CIROLL61MALEC;LIAISON 225kV N0 1 CIROLLIERS-MALECOT;;;;;;
AERIEN;FROGEL61ZLANC;LIAISON 225kV N0 1 EYBENS - FROGES - LANCEY;EN EXPLOITATION;225kV;RTE;1;;;;;;;;
AERIEN;ARRIGL61MORBR;LIAISON 225kV N0 1 ARRIGHI-MORBRAS;EN EXPLOITATION;225kV;RTE;1;;;;;;;;
AERIEN;CARRIL61MORU;LIAISON 225kV N0 1 CARRIERES-MORU;EN EXPLOITATION;225kV;RTE;2;BRENOL31CARRI;LIAISON 63kV N0 1 BRENOUILLE-CARRIERES;;;;;;
AERIEN;G.COUL61SSROU;LIAISON 225kV N0 1 GRAND-COURONNE-ST-ETIENNE DU ROUVRAY;EN EXPLOITATION;225kV;RTE;2;G.COUL62SSROU;LIAISON 225kV N0 2 GRAND-COURONNE-ST-ETIENNE DU ROUVRAY;;;;;;
AERIEN;HOUDRL71LOGEL;LIAISON 400kV N0 1 HOUDREVILLE - LOGELBACH;EN EXPLOITATION;400kV;RTE;2;HOUDRL71VINCE;LIAISON 400kV N0 1 HOUDREVILLE - VINCEY;;;;;;
AERIEN;P.ORGL61RQROU;LIAISON 225kV N0 1 PLAN-D ORGON-ROQUEROUSSE;EN EXPLOITATION;225kV;RTE;1;;;;;;;;
AERIEN;SSEA2L72VERGE;LIAISON 400kV N0 2 ST-LAURENT-DES-EAUX B - VERGER;EN EXPLOITATION;400kV;RTE;1;;;;;;;;
AERIEN;GAMPAL61SABLO;LIAISON 225kV N0 1 GAMPALOUP-SABLONS (CLIENT);EN EXPLOITATION;225kV;RTE;2;GAMPAL31SABLO;LIAISON 63kV N0 1 GAMPALOUP-SABLONS (CLIENT);;;;;;
AERIEN;AVALLL61VNOL;LIAISON 225kV N0 1 AVALLON-VIGNOL;EN EXPLOITATION;225kV;RTE;1;;;;;;;;
AERIEN;ECHALL72P.COR;LIAISON 400kV N0 2 ECHALAS - PIVOZ CORDIER;EN EXPLOITATION;400kV;RTE;1;;;;;;;;
AERIEN;B.MONL61VALE8;LIAISON 225kV N0 1 BEAUMONT-MONTEUX-VALENCE;EN EXPLOITATION;225kV;RTE;2;B.MONL61ZCBAU;LIAISON 225kV N0 1 BEAUMONT-MONTEUX - CHABRILLAN - CHAMBAUD;;;;;;
AERIEN;CBAUDL61G.CO6;LIAISON 225kV N0 1 CHAMBAUD - GRAND-COURBIS;EN EXPLOITATION;225kV;RTE;1;;;;;;;;
AERIEN;LAVALL61ZCOR6;LIAISON 225kV N0 1 BEAUCOUZE - CORBIERE (LA) - LAVAL;EN EXPLOITATION;225kV;RTE;1;;;;;;;;
AERIEN;MARL6L71VIGY;LIAISON 400kV N0 1 MARLENHEIM - VIGY;EN EXPLOITATION;400kV;RTE;2;BERGHL61ZSAR6;LIAISON 225kV N0 1 BERGHOLZ - SARREGUEMINES - ST-AVOLD;;;;;;
AERIEN;ELANCL61SAULE;LIAISON 225kV N0 1 ELANCOURT-SAULES;EN EXPLOITATION;225kV;RTE;2;ELANCL62SAULE;LIAISON 225kV N0 2 ELANCOURT-SAULES;;;;;;
AERIEN;CAZARL71MARSI;LIAISON 400kV N0 1 CAZARIL - MARSILLON;EN EXPLOITATION;400kV;RTE;1;;;;;;;;
AERIEN;LONNYL71VESLE;LIAISON 400kV N0 1 LONNY - VESLE;EN EXPLOITATION;400kV;RTE;2;SEUILL71VESLE;LIAISON 400kV N0 1 SEUIL - VESLE;;;;;;
AERIEN;MOLE L61RUEYR;LIAISON 225kV N0 1 MOLE (LA) - RUEYRES;EN EXPLOITATION;225kV;RTE;2;MOLE L62RUEYR;LIAISON 225kV N0 2 MOLE (LA) - RUEYRES;;;;;;
AERIEN;CARRIL61TERRI;LIAISON 225kV N0 1 CARRIERES-TERRIER;EN EXPLOITATION;225kV;RTE;2;CARRIL62TERRI;LIAISON 225kV N0 2 CARRIERES-TERRIER;;;;;;
AERIEN;.MONCL61CHOO5;LIAISON 225kV N0 1 MONCEAU-CHOOZ;EN EXPLOITATION;225kV;RTE;2;CHOO5L31GIVET;LIAISON 63kV N0 1 CHOOZ-GIVET;;;;;;
AERIEN;BARNAL71REMIS;LIAISON 400kV N0 1 BARNABOS - REMISE;EN EXPLOITATION;400kV;RTE;1;;;;;;;;
AERIEN;ARDOIL63TAVEL;LIAISON 225kV N0 3 ARDOISE (L ) -TAVEL;EN EXPLOITATION;225kV;RTE;1;;;;;;;;
AERIEN;CUPERL61VESLE;LIAISON 225kV N0 1 CUPERLY-VESLE;EN EXPLOITATION;225kV;RTE;2;VESLEL61ZCUPE;LIAISON 225kV N0 1 CUPERLY - RECY - VESLE;;;;;;
AERIEN;COLAYL61GUPIE;LIAISON 225kV N0 1 COLAYRAC-GUPIE;EN EXPLOITATION;225kV;RTE;1;;;;;;;;
AERIEN;ECHALL61GIVOR;LIAISON 225kV N0 1 ECHALAS-GIVORS;EN EXPLOITATION;225kV;RTE;2;ECHALL62GIVOR;LIAISON 225kV N0 2 ECHALAS-GIVORS;;;;;;
AERIEN;ELANCL61SAULE;LIAISON 225kV N0 1 ELANCOURT-SAULES;EN EXPLOITATION;225kV;RTE;1;;;;;;;;
AERIEN;GRAFFL61MARL6;LIAISON 225kV N0 1 GRAFFENSTADEN-MARLENHEIM;EN EXPLOITATION;225kV;RTE;2;GRAFFL61REICH;LIAISON 225kV N0 1 GRAFFENSTADEN-REICHSTETT;;;;;;
AERIEN;VLEJUL61VLERA;LIAISON 225kV N0 1 VILLEJUST-VILLERAS;EN EXPLOITATION;225kV;RTE;1;;;;;;;;
AERIEN;P.SEPL61SAINN;LIAISON 225kV N0 1 PONT-SEPT-SAINNEVILLE;EN EXPLOITATION;225kV;RTE;2;MTIVIL41SAINN;LIAISON 90kV N0 1 MONTIVILLIERS-SAINNEVILLE;;;;;;
AERIEN;VLEJUL61ZMTJA;LIAISON 225kV N0 1 ST-AUBIN - MONTJAY - VILLEJUST;EN EXPLOITATION;225kV;RTE;1;;;;;;;;
AERIEN;CAIL5L61E.BOT;LIAISON 225kV N0 1 CAILLOLS-ENCO-DE-BOTTE;EN EXPLOITATION;225kV;RTE;2;CAIL5L61RABAT;LIAISON 225kV N0 1 CAILLOLS - RABATAU;;;;;;
AERIEN;P.SIML61RIVEN;LIAISON 225kV N0 1 PORTET-ST-SIMON-RIVENEUVE;EN EXPLOITATION;225kV;RTE;1;;;;;;;;
AERIEN;ARGOEL61B.CO6;LIAISON 225kV N0 1 ARGOEUVES - BRAILLY-CORNEHOTTE;EN EXPLOITATION;225kV;RTE;1;;;;;;;;
AERIEN;HIRSIL61ZHIRS;LIAISON 225kV N0 1 ETUPES - HIRSINGUE - SIERENTZ;EN EXPLOITATION;225kV;RTE;1;;;;;;;;
AERIEN;PERIZL61ZCP.M;LIAISON 225kV N0 1 MONT-VARIN - PERIZET (LE) - SETIER;EN EXPLOITATION;225kV;RTE;1;;;;;;;;
AERIEN;P.GASL62ZBRIC;LIAISON 225kV N0 2 PLESSIS-GASSOT - SEINE - BRICHE (LA);EN EXPLOITATION;225kV;RTE;2;SEINEL62ZBRIC;LIAISON 225kV N0 2 PLESSIS-GASSOT - SEINE - BRICHE (LA);;;;;;
AERIEN;FOUSCL62TAMAR;LIAISON 225kV N0 2 FOUSCAIS - TAMAREAU;EN EXPLOITATION;225kV;RTE;1;;;;;;;;
AERIEN;ROLAML61ZP.V5;LIAISON 225kV N0 1 CRENEY - PONT-LA-VILLE - ROLAMPONT;EN EXPLOITATION;225kV;RTE;1;;;;;;;;
AERIEN;ARVIGL61SENAR;LIAISON 225kV N0 1 ARVIGNY-SENART;EN EXPLOITATION;225kV;RTE;1;;;;;;;;
AERIEN;GROSNL71SSV.O;LIAISON 400kV N0 1 GROSNE - ST-VULBAS-OUEST;EN EXPLOITATION;400kV;RTE;2;H.PAUL71SSV.O;LIAISON 400kV N0 1 HENRI-PAUL - ST-VULBAS-OUEST;;;;;;
AERIEN;ARGIAL61MOUGU;LIAISON 225kV N0 1 ARGIA - MOUGUERRE;EN EXPLOITATION;225kV;RTE;2;ARGIAL62MOUGU;LIAISON 225kV N0 2 ARGIA-MOUGUERRE;;;;;;
AERIEN;Q.SEIL61TAMAR;LIAISON 225kV N0 1 QUATRE SEIGNEURS - TAMAREAU;EN EXPLOITATION;225kV;RTE;2;Q.SEIL61TAMAR;LIAISON 225kV N0 1 QUATRE SEIGNEURS - TAMAREAU;;;;;;
AERIEN;G.QUEL61VAUPA;LIAISON 225kV N0 1 GRAND-QUEVILLY-VAUPALIERE (LA);EN EXPLOITATION;225kV;RTE;1;;;;;;;;
AERIEN;CUPERL61VESLE;LIAISON 225kV N0 1 CUPERLY-VESLE;EN EXPLOITATION;225kV;RTE;1;;;;;;;;
AERIEN;RHENAL62VOGEL;LIAISON 225kV N0 2 RHENALU-VOGELGRUN;EN EXPLOITATION;225kV;RTE;1;;;;;;;;
AERIEN;VIGY L61ZB.HA;LIAISON 225kV N0 1 BASSE HAM - ST-HUBERT - VIGY;EN EXPLOITATION;225kV;RTE;1;;;;;;;;
AERIEN;ALLINL61ZALL7;LIAISON 225kV N0 1 ALLINGES - CORNIER - JUVIGNY;EN EXPLOITATION;225kV;RTE;1;;;;;;;;
AERIEN;P.HA5L61ZCORO;LIAISON 225kV N0 1 BRENNILIS - PLAINE HAUTE - ROSPEZ;EN EXPLOITATION;225kV;RTE;1;;;;;;;;
AERIEN;MIONSL62VENIS;LIAISON 225kV N0 2 MIONS-VENISSIEUX;EN EXPLOITATION;225kV;RTE;1;;;;;;;;
AERIEN;AVELIL71GAVRE;LIAISON 400kV N0 1 AVELIN - GAVRELLE;EN EXPLOITATION;400kV;RTE;1;;;;;;;;
AERIEN;CANTEL73SAUCA;LIAISON 400kV N0 3 CANTEGRIT - SAUCATS;EN EXPLOITATION;400kV;RTE;1;;;;;;;;
AERIEN;ASTURL61CZRIE;LIAISON 225kV N0 1 ASTURIES - COURRIERES;EN EXPLOITATION;225kV;RTE;2;AVELIL61CZRIE;LIAISON 225kV N0 1 AVELIN - COURRIERES;;;;;;
AERIEN;P.SIML61RIVEN;LIAISON 225kV N0 1 PORTET-ST-SIMON-RIVENEUVE;EN EXPLOITATION;225kV;RTE;2;RIVENL61TARAS;LIAISON 225kV N0 1 RIVENEUVE-TARASCON;;;;;;
AERIEN;MTGROL62PRATC;LIAISON 225kV N0 2 MONTGROS - PRATCLAUX;EN EXPLOITATION;225kV;RTE;1;;;;;;;;
AERIEN;BARBUL61CRENE;LIAISON 225kV N0 1 BARBUISE - CRENEY;EN EXPLOITATION;225kV;RTE;2;BARBUL61FOSSE;LIAISON 225kV N0 1 BARBUISE - FOSSES (LES);;;;;;
AERIEN;H.DIEL62VAUPA;LIAISON 225kV N0 2 HOTEL DIEU-VAUPALIERE (LA);EN EXPLOITATION;225kV;RTE;1;;;;;;;;
AERIEN;ECHALL61MADE5;LIAISON 225kV N0 1 ECHALAS - MADELEINE (LA)(CREUSOT LOIRE INDUSTRIE A RIVE-DE-GIERS);EN EXPLOITATION;225kV;RTE;2;ECHALL62SOLEI;LIAISON 225kV N0 2 ECHALAS - SOLEIL (LE);;;;;;
AERIEN;C.SEIL61ZC.SE;LIAISON 225kV N0 1 CHATILLON-SUR-SEINE - DARCEY - ROSIERES;EN EXPLOITATION;225kV;RTE;2;C.SEIL31TONNE;LIAISON 63kV N0 1 CHATILLON-SUR-SEINE-TONNERRE;;;;;;
AERIEN;P.GASL61P.GAS;LIAISON 225kV N0 1 PLESSIS-GASSOT - PLESSIS-GASSOT;EN EXPLOITATION;225kV;RTE;1;;;;;;;;
AERIEN;AVELIL71MASTA;LIAISON 400kV N0 1 AVELIN - MASTAING;EN EXPLOITATION;400kV;RTE;1;;;;;;;;
AERIEN;PUSY L61ZRIGO;LIAISON 225kV N0 1 PUSY - RIGOTTE (LA) - ROLAMPONT;EN EXPLOITATION;225kV;RTE;1;;;;;;;;
AERIEN;P.ORGL71TAVEL;LIAISON 400kV N0 1 PLAN-D ORGON - TAVEL;EN EXPLOITATION;400kV;RTE;2;TAVELL71ZT.SU;LIAISON 400kV N0 1 PRIONNET - TAVEL - TORE SUPRA;;;;;;
AERIEN;COUDOL61OLLI5;LIAISON 225kV N0 1 COUDON (LE) - OLLIERES;EN EXPLOITATION;225kV;RTE;1;;;;;;;;
AERIEN;C.REGL61ZMAGN;LIAISON 225kV N0 1 CHAMPS-REGNAUD - CHAMPVANS - MAGNY(-SUR-TILLE);EN EXPLOITATION;225kV;RTE;1;;;;;;;;
AERIEN;MIONSL61MOUCH;LIAISON 225kV N0 1 MIONS-MOUCHE (LA);EN EXPLOITATION;225kV;RTE;1;;;;;;;;
AERIEN;BXCOUL61ZCOR6;LIAISON 225kV N0 1 BEAUCOUZE - CORBIERE (LA) - LAVAL;EN EXPLOITATION;225kV;RTE;2;BXCOUL41ZBXC5;LIAISON 90kV N0 1 BELFROY-BEAUCOUZE-ST-SYLVAIN-D'ANJOU;;;;;;
AERIEN;FROGEL61ZMER7;LIAISON 225kV N0 1 FROGES - GRANDE-ILE - MERCIERS (LES);EN EXPLOITATION;225kV;RTE;2;FROGEL31MERCI;LIAISON 63kV N0 1 FROGES-MERCIERS (LES);;;;;;
AERIEN;S.DAML61ZRUPR;LIAISON 225kV N0 1 BEAUTOR(POSTE) - RUPREUX - SOISSONS-NOTRE-DAME;EN EXPLOITATION;225kV;RTE;2;L.CHAL31SOISS;LIAISON 63kV N0 1 LONG-CHAMP (LE) - SOISSONS-SAINT-PAUL;;;;;;
AERIEN;SSAUBL61SSTUL;LIAISON 225kV N0 1 ST-AUBAN-STE-TULLE;EN EXPLOITATION;225kV;RTE;2;SSAUBL61SSTUL;LIAISON 225kV N0 1 ST-AUBAN-STE-TULLE;;;;;;
AERIEN;.VENAL71VLARO;LIAISON 400kV N0 1 VENAUS - VILLARODIN;EN EXPLOITATION;400kV;RTE;1;;;;;;;;
AERIEN;FRASNL71MAMBE;LIAISON 400kV N0 1 FRASNE - MAMBELIN;EN EXPLOITATION;400kV;RTE;1;;;;;;;;
AERIEN;MIONSL61SSV.E;LIAISON 225kV N0 1 MIONS-ST-VULBAS-EST;EN EXPLOITATION;225kV;RTE;2;GENASL31MIONS;LIAISON 63kV N0 1 GENAS-MIONS;;;;;;
AERIEN;CPNOLL61FRASN;LIAISON 225kV N0 1 CHAMPAGNOLE - FRASNE;EN EXPLOITATION;225kV;RTE;2;CPNOLL31ZC.BR;LIAISON 63kV N0 1 CHAMPAGNOLE - GRANGES-STE-MARIE - PONTARLIER;;;;;;
AERIEN;COULAL71TAVEL;LIAISON 400kV N0 1 COULANGE - TAVEL;EN EXPLOITATION;400kV;RTE;2;TAVELL73TRI.P;LIAISON 400kV N0 3 TAVEL - TRICASTIN-POSTE (LE);;;;;;
AERIEN;MANDAL71WARAN;LIAISON 400kV N0 1 MANDARINS - WARANDE;EN EXPLOITATION;400kV;RTE;2;ATTAQL72WARAN;LIAISON 400kV N0 2 ATTAQUES (LES) - WARANDE;;;;;;
AERIEN;AYRESL61COUFF;LIAISON 225kV N0 1 AYRES - COUFFRAU;EN EXPLOITATION;225kV;RTE;1;;;;;;;;
AERIEN;CHARPL71GREPI;LIAISON 400kV N0 1 CHARPENAY - GREPILLES;EN EXPLOITATION;400kV;RTE;4;CHARPL71SSV.O;LIAISON 400kV N0 1 CHARPENAY - ST-VULBAS-OUEST;CHARPL72GREPI;LIAISON 400kV N0 2 CHARPENAY - GREPILLES;CHARPL72SSV.O;LIAISON 400kV N0 2 CHARPENAY - ST-VULBAS-OUEST;;
AERIEN;PALENL61SAONE;LIAISON 225kV N0 1 PALENTE - SAONE;EN EXPLOITATION;225kV;RTE;1;;;;;;;;
AERIEN;DARSEL61RASSU;LIAISON 225kV N0 1 DARSE-RASSUEN;EN EXPLOITATION;225kV;RTE;1;;;;;;;;
AERIEN;CTAURL61ZVILA;LIAISON 225kV N0 1 CHATEAURENARD - MONTAGNETTE (LA) - ROQUEROUSSE;EN EXPLOITATION;225kV;RTE;1;;;;;;;;
AERIEN;BREU5L61H.PAU;LIAISON 225kV N0 1 BREUIL - HENRI-PAUL;EN EXPLOITATION;225kV;RTE;1;;;;;;;;
AERIEN;CPNOLL61SAONE;LIAISON 225kV N0 1 CHAMPAGNOLE - SAONE;EN EXPLOITATION;225kV;RTE;2;PTARLL61SAONE;LIAISON 225kV N0 1 PONTARLIER - SAONE;;;;;;
AERIEN;BLAY5L61MQIS;LIAISON 225kV N0 1 BLAYAIS (POSTE AEROSOUTERRAIN) - MARQUIS (LE);EN EXPLOITATION;225kV;RTE;1;;;;;;;;
AERIEN;CHARPL71SSV.O;LIAISON 400kV N0 1 CHARPENAY - ST-VULBAS-OUEST;EN EXPLOITATION;400kV;RTE;2;CHARPL72SSV.O;LIAISON 400kV N0 2 CHARPENAY - ST-VULBAS-OUEST;;;;;;
AERIEN;VINCEL61ZSSNA;LIAISON 225kV N0 1 ETIVAL - ST-NABORD - VINCEY;EN EXPLOITATION;225kV;RTE;1;;;;;;;;
AERIEN;BEZAUL71VIGY;LIAISON 400kV N0 1 BEZAUMONT - VIGY;EN EXPLOITATION;400kV;RTE;2;BEZAUL72VIGY;LIAISON 400kV N0 2 BEZAUMONT - VIGY;;;;;;
AERIEN;AUBE L61COMM7;LIAISON 225kV N0 1 AUBE-COMMERVEIL;EN EXPLOITATION;225kV;RTE;1;;;;;;;;
AERIEN;MOLIEL71QUINT;LIAISON 400kV N0 1 MOLIERE - LES-QUINTES;EN EXPLOITATION;400kV;RTE;1;;;;;;;;
AERIEN;CHAFFL71MIONS;LIAISON 400kV N0 1 CHAFFARD (LE) - MIONS;EN EXPLOITATION;400kV;RTE;1;;;;;;;;
AERIEN;COUDOL61NEOUL;LIAISON 225kV N0 1 COUDON (LE)-NEOULES;EN EXPLOITATION;225kV;RTE;2;COUDOL62NEOUL;LIAISON 225kV N0 2 COUDON (LE)-NEOULES;;;;;;
AERIEN;C.REGL61VIELM;LIAISON 225kV N0 1 CHAMPS-REGNAUD-VIELMOULIN;EN EXPLOITATION;225kV;RTE;2;C.REGL32MARC6;LIAISON 63kV N0 2 CHAMPS-REGNAUD-MARCILLY;;;;;;
AERIEN;VAIREL62VLEVA;LIAISON 225kV N0 2 VAIRES - VILLEVAUDE;EN EXPLOITATION;225kV;RTE;2;VLEVAL62ZLAN8;LIAISON 225kV N0 2 LANGLOIS - MORBRAS - VILLEVAUDE;;;;;;
AERIEN;COCHEL71P.AND;LIAISON 400kV N0 1 COCHE (LA) - PRAZ-ST-ANDRE;EN EXPLOITATION;400kV;RTE;2;VLAROL71ZP.AN;LIAISON 400kV N0 1 PRAZ ST ANDRE 1 - PRAZ ST ANDRE 2 - VILLARODIN;;;;;;
AERIEN;P.GASL61ZBRI5;LIAISON 225kV N0 1 PLESSIS-GASSOT - SEINE - BRICHE (LA);EN EXPLOITATION;225kV;RTE;2;P.GASL64ZFAN5;LIAISON 225kV N0 4 FALLOU - FANAUDES - PLESSIS-GASSOT;;;;;;
AERIEN;BERG9L61MARSI;LIAISON 225kV N0 1 BERGE - MARSILLON;EN EXPLOITATION;225kV;RTE;1;;;;;;;;
AERIEN;MIONSL61VENIS;LIAISON 225kV N0 1 MIONS-VENISSIEUX;EN EXPLOITATION;225kV;RTE;2;MIONSL62MOUCH;LIAISON 225kV N0 2 MIONS-MOUCHE (LA);;;;;;
AERIEN;CHOLEL61MAUGE;LIAISON 225kV N0 1 CHOLET - MAUGES (LES);EN EXPLOITATION;225kV;RTE;2;CHOLEL62DISTR;LIAISON 225kV N0 2 CHOLET-DISTRE;;;;;;
AERIEN;SSTULL61ZQUIN;LIAISON 225kV N0 1 QUINSON - ROUMOULES - STE-CROIX - STE-TULLE;EN EXPLOITATION;225kV;RTE;1;;;;;;;;
AERIEN;GAMPAL61MIONS;LIAISON 225kV N0 1 GAMPALOUP-MIONS;EN EXPLOITATION;225kV;RTE;2;MIONSL61P.EVE;LIAISON 225kV N0 1 MIONS-PONT-EVEQUE;;;;;;
AERIEN;AYRESL71RUEYR;LIAISON 400kV N0 1 AYRES - RUEYRES;EN EXPLOITATION;400kV;RTE;1;;;;;;;;
AERIEN;HAVR5L61P.SEP;LIAISON 225kV N0 1 HAVRE (LE) (POSTE) - PONT-SEPT;EN EXPLOITATION;225kV;RTE;1;;;;;;;;
AERIEN;VLEJUL62ZROB5;RES. LIAISON 225kV N0 2 CHATILLON (CLAMART) - ROBINSON - VILLEJUST;EN EXPLOITATION;225kV;RTE;1;;;;;;;;
AERIEN;AYRESL71GAUDI;LIAISON 400kV N0 1 AYRES - LA GAUDIERE;EN EXPLOITATION;400kV;RTE;1;;;;;;;;
AERIEN;B.CARL71BIANC;LIAISON 400kV N0 1 BROC-CARROS (LE) - BIANCON;EN EXPLOITATION;400kV;RTE;2;B.CARL72BIANC;LIAISON 400kV N0 2 BROC-CARROS - BIANCON;;;;;;
AERIEN;LONNYL72MAZUR;LIAISON 400kV N0 2 LONNY - MAZURES;EN EXPLOITATION;400kV;RTE;1;;;;;;;;
AERIEN;CERGYL61PORCH;LIAISON 225kV N0 1 CERGY-PORCHEVILLE;EN EXPLOITATION;225kV;RTE;1;;;;;;;;
AERIEN;VLEVAL62ZGAL5;LIAISON 225kV N0 2 GALERES - PLAISANCE - VILLEVAUDE;EN EXPLOITATION;225kV;RTE;2;VLEVAL64ZGALE;LIAISON 225kV N0 4 GALERES - ROMAINVILLE - VILLEVAUDE;;;;;;
AERIEN;FALLOL61TILLI;LIAISON 225kV N0 1 FALLOU-TILLIERS;EN EXPLOITATION;225kV;RTE;2;FALLOL62ZV.BE;LIAISON 225kV N0 2 FALLOU - PLESSIS-GASSOT - VILLIERS-LE-BEL;;;;;;
AERIEN;HELLEL61M.LIL;LIAISON 225kV N0 1 HELLEMMES-MOULINS-LILLE;EN EXPLOITATION;225kV;RTE;2;HELLEL62M.LIL;LIAISON 225kV N0 2 HELLEMMES - MOULINS LILLE;;;;;;
AERIEN;CONCAL61P.ROU;LIAISON 225kV N0 1 CONCARNEAU-POTEAU-ROUGE;EN EXPLOITATION;225kV;RTE;2;CONCAL61SQUIV;LIAISON 225kV N0 1 CONCARNEAU-SQUIVIDAN;;;;;;
AERIEN;AQUEDL62CIROL;LIAISON 225kV N0 2 AQUEDUCS (LES)-CIROLLIERS;EN EXPLOITATION;225kV;RTE;2;AQUEDL63CIROL;LIAISON 225kV N0 3 AQUEDUCS (LES) - CIROLLIERS;;;;;;
AERIEN;CLOCHL62DECHY;LIAISON 225kV N0 2 CLOCHETTE (LA)-DECHY;EN EXPLOITATION;225kV;RTE;1;;;;;;;;
AERIEN;GAMPAL61ZCPB5;LIAISON 225kV N0 1 BEAUMONT-MONTEUX - CHAMPBLAIN - GAMPALOUP;EN EXPLOITATION;225kV;RTE;1;;;;;;;;
AERIEN;BAYETL71GREPI;LIAISON 400kV N0 1 BAYET - GREPILLES;EN EXPLOITATION;400kV;RTE;2;BAYETL72GREPI;LIAISON 400kV N0 2 BAYET - GREPILLES;;;;;;
AERIEN;LINGOL61T.LAS;LIAISON 225kV N0 1 LINGOSTIERE-TOUR LASCARIS;EN EXPLOITATION;225kV;RTE;2;LINGOL31T.LAS;LIAISON 63kV N0 1 LINGOSTIERE-TOUR LASCARIS;;;;;;
AERIEN;DAMBRL61ZJUST;LIAISON 225kV N0 1 CHAUNAY - DAMBRON - JUSTICE;EN EXPLOITATION;225kV;RTE;1;;;;;;;;
AERIEN;DAMBRL61G.DEN;LIAISON 225kV N0 1 DAMBRON-GAULT-SAINT-DENIS;EN EXPLOITATION;225kV;RTE;2;DAMBRL61ZJUST;LIAISON 225kV N0 1 CHAUNAY - DAMBRON - JUSTICE;;;;;;
AERIEN;LONNYL71MAZUR;LIAISON 400kV N0 1 LONNY - MAZURES;EN EXPLOITATION;400kV;RTE;1;;;;;;;;
AERIEN;H.VINL61ZHEL5;LIAISON 225kV N0 1 AVELIN - HAUT-VINAGE - HELLEMMES;EN EXPLOITATION;225kV;RTE;2;ANSTAL41WATTI;LIAISON 90kV N0 1 ANSTAING-WATTIGNIES;;;;;;
AERIEN;HOLQUL62LONG9;LIAISON 225kV N0 2 HOLQUE-LONGUENESSE;EN EXPLOITATION;225kV;RTE;1;;;;;;;;
AERIEN;VLEJUL61ZCARR;LIAISON 225kV N0 1 CARRES(LES) - DAMBRON - TIVERNON - VILLEJUST;EN EXPLOITATION;225kV;RTE;1;;;;;;;;
AERIEN;SSCHRL61ZP.TR;LIAISON 225kV N0 1 MONTPELLIER - PONT TRINQUAT - ST CHRISTOL;EN EXPLOITATION;225kV;RTE;1;;;;;;;;
AERIEN;B.EPIL61RENNE;LIAISON 225kV N0 1 BELLE-EPINE-RENNES;EN EXPLOITATION;225kV;RTE;1;;;;;;;;
AERIEN;BIANCL71TRANS;LIAISON 400kV N0 1 BIANCON - TRANS;EN EXPLOITATION;400kV;RTE;1;;;;;;;;
AERIEN;DISTRL71GALOR;LIAISON 400kV N0 1 DISTRE - GALOREAUX (LES);EN EXPLOITATION;400kV;RTE;2;COR.PL72DISTR;LIAISON 400kV N0 2 CORDEMAIS-POSTE - DISTRE;;;;;;
AERIEN;F.FREL71M.SEI;LIAISON 400kV N0 1 FAUX-FRESNAY - MERY-SUR-SEINE;EN EXPLOITATION;400kV;RTE;1;;;;;;;;
AERIEN;MIONSL61SSV.E;LIAISON 225kV N0 1 MIONS-ST-VULBAS-EST;EN EXPLOITATION;225kV;RTE;1;;;;;;;;
AERIEN;BAYETL71MARMA;LIAISON 400kV N0 1 BAYET - MARMAGNE;EN EXPLOITATION;400kV;RTE;2;BAYETL72MARMA;LIAISON 400kV N0 2 BAYET - MARMAGNE;;;;;;
AERIEN;BOISSL63SSV.E;LIAISON 225kV N0 3 BOISSE (LA) - ST-VULBAS-EST;EN EXPLOITATION;225kV;RTE;2;BOISSL62SSV.O;RES. LIAISON 225kV N0 2  BOISSE (LA) - ST-VULBAS-OUEST;;;;;;
AERIEN;MUREML61ZG.HA;LIAISON 225kV N0 1 MUREMONT - SAINTOIS - VINCEY;EN EXPLOITATION;225kV;RTE;1;;;;;;;;
AERIEN;P.GASL61SAUS5;LIAISON 225kV N0 1 PLESSIS-GASSOT - SAUSSET;EN EXPLOITATION;225kV;RTE;2;SAUS5L61ZGONE;LIAISON 225kV N0 1 PLESSIS-GASSOT - SAUSSET - GONESSE;;;;;;
AERIEN;P.GASL61SAUS5;LIAISON 225kV N0 1 PLESSIS-GASSOT - SAUSSET;EN EXPLOITATION;225kV;RTE;1;;;;;;;;
AERIEN;SAUS5L61ZGONE;LIAISON 225kV N0 1 PLESSIS-GASSOT - SAUSSET - GONESSE;EN EXPLOITATION;225kV;RTE;1;;;;;;;;
AERIEN;CATTEL71VIGY;LIAISON 400kV N0 1 CATTENOM - VIGY;EN EXPLOITATION;400kV;RTE;2;CATTEL72VIGY;LIAISON 400kV N0 2 CATTENOM - VIGY;;;;;;
AERIEN;BIANCL72TRANS;LIAISON 400kV N0 2 BIANCON - TRANS;EN EXPLOITATION;400kV;RTE;1;;;;;;;;
AERIEN;MOUL8L61VLEJU;LIAISON 225kV N0 1 MOULINEAUX - VILLEJUST;EN EXPLOITATION;225kV;RTE;1;;;;;;;;
AERIEN;LOGELL61ZL.NO;LIAISON 225kV N0 1 ANOULD - LAC-NOIR - LOGELBACH;EN EXPLOITATION;225kV;RTE;1;;;;;;;;
AERIEN;CERGYL61ZHERB;LIAISON 225kV N0 1 CERGY - CORMEILLES - HERBLAY;EN EXPLOITATION;225kV;RTE;2;CERGYL62ZHER7;LIAISON 225kV N0 2 CERGY - CORMEILLES - HERBLAY;;;;;;
AERIEN;CORNIL61ZCRUS;LIAISON 225kV N0 1 CORNIER - CRUSEILLES - GENISSIAT-POSTE;EN EXPLOITATION;225kV;RTE;1;;;;;;;;
AERIEN;AMNEVL61ZGAN5;LIAISON 225kV N0 1 AMNEVILLE - ST-HUBERT - VIGY;EN EXPLOITATION;225kV;RTE;1;;;;;;;;
AERIEN;LATENL71VLEVA;LIAISON 400kV N0 1 LATENA - VILLEVAUDE;EN EXPLOITATION;400kV;RTE;1;;;;;;;;
AERIEN;MARL6L71SCHEE;LIAISON 400kV N0 1 MARLENHEIM - SCHEER;EN EXPLOITATION;400kV;RTE;1;;;;;;;;
AERIEN;CARRIL61GOUVI;LIAISON 225kV N0 1 CARRIERES-GOUVIEUX;EN EXPLOITATION;225kV;RTE;1;;;;;;;;
AERIEN;B.MONL61G.CO6;LIAISON 225kV N0 1 BEAUMONT-MONTEUX - GRAND-COURBIS;EN EXPLOITATION;225kV;RTE;2;B.MONL31SSHIL;LIAISON 63kV N0 1 BEAUMONT-MONTEUX - ST-HILAIRE;;;;;;
AERIEN;B.MONL61G.CO6;LIAISON 225kV N0 1 BEAUMONT-MONTEUX - GRAND-COURBIS;EN EXPLOITATION;225kV;RTE;1;;;;;;;;
AERIEN;CUBNEL61ZSS11;LIAISON 225kV N0 1 CUBNEZAIS - SAINT-GERAUD-DE-CORPS - TUILIERES;EN EXPLOITATION;225kV;RTE;1;;;;;;;;
AERIEN;S.CURL61ZS.CU;LIAISON 225kV N0 1 AYRES - SALLES CURAN - ONET-LE-CHATEAU;EN EXPLOITATION;225kV;RTE;1;;;;;;;;
AERIEN;ARGENL61S.PON;LIAISON 225kV N0 1 ARGENTIERE (L) - SERRE-PONCON;EN EXPLOITATION;225kV;RTE;1;;;;;;;;
AERIEN;MENUEL72TOLLE;LIAISON 400kV N0 2 MENUEL - TOLLEVAST;EN EXPLOITATION;400kV;RTE;1;;;;;;;;
AERIEN;CONF5L61CPNIE;LIAISON 225kV N0 1 CHAMPAGNIER-CONFLUENT;EN EXPLOITATION;225kV;RTE;2;CONF5L61ZP.IL;LIAISON 225kV N0 1 CONFLUENT - MOIRANS - PERELLE;;;;;;
AERIEN;BOISSL61MEYZI;LIAISON 225kV N0 1 BOISSE (LA) - MEYZIEU;EN EXPLOITATION;225kV;RTE;1;;;;;;;;
AERIEN;BONNIL61MEZE5;LIAISON 225kV N0 1 BONNIERES-MEZEROLLES;EN EXPLOITATION;225kV;RTE;2;MEZE5L62ZRIC6;LIAISON 225kV N0 2 ARPENTS (LES) - MEZEROLLES - RICHEBOURG;;;;;;
AERIEN;MARMAL61PAUDY;LIAISON 225kV N0 1 MARMAGNE - PAUDY;EN EXPLOITATION;225kV;RTE;2;MARMAL61VARE5;LIAISON 225kV N0 1 MARMAGNE-VARENNES (-SUR-FOUZON);;;;;;
AERIEN;CIROLL73VLEJU;LIAISON 400kV N0 3 CIROLLIERS - VILLEJUST;EN EXPLOITATION;400kV;RTE;2;CIROLL73VLEJU;LIAISON 400kV N0 3 CIROLLIERS - VILLEJUST;;;;;;
AERIEN;CIROLL73VLEJU;LIAISON 400kV N0 3 CIROLLIERS - VILLEJUST;EN EXPLOITATION;400kV;RTE;1;;;;;;;;
AERIEN;CARISL62SEREI;LIAISON 225kV N0 2 CARISEY - SEREIN;EN EXPLOITATION;225kV;RTE;1;;;;;;;;
AERIEN;D.BURL61TABAR;LIAISON 225kV N0 1 (AUX1-2)DAMPIERRE-EN-BURLY-TABARDERIE;EN EXPLOITATION;225kV;RTE;1;;;;;;;;
AERIEN;FLERSL61ZBUTT;LIAISON 225kV N0 1 BUTTAVENT - FLERS - LAVAL;EN EXPLOITATION;225kV;RTE;1;;;;;;;;
AERIEN;M.PONL71PONTE;LIAISON 400kV N0 1 MARTIGUES-PONTEAU - PONTEAU;EN EXPLOITATION;400kV;RTE;1;;;;;;;;
AERIEN;COUDOL61GARD7;LIAISON 225kV N0 1 COUDON (LE)-GARDE (LA);EN EXPLOITATION;225kV;RTE;1;;;;;;;;
AERIEN;ATTAQL72MANDA;LIAISON 400kV N0 2 ATTAQUES (LES) - MANDARINS;EN EXPLOITATION;400kV;RTE;1;;;;;;;;
AERIEN;SSJOSL61ZORVA;LIAISON 225kV N0 1 CORDEMAIS-POSTE - ST JOSEPH - ORVAULT;EN EXPLOITATION;225kV;RTE;1;;;;;;;;
AERIEN;FRUGEL71MANDA;LIAISON 400kV N0 1 FRUGES - MANDARINS;EN EXPLOITATION;400kV;RTE;1;;;;;;;;
AERIEN;AMIENL61ZARGO;LIAISON 225kV N0 1 AMARGUE - AMIENS - ARGOEUVES;EN EXPLOITATION;225kV;RTE;2;AMIENL61ZBXV6;LIAISON 225kV N0 1 AMIENS - AVESNES-LE-COMTE - VICOGNE (LA);;;;;;
AERIEN;MASTAL61P.SAM;LIAISON 225kV N0 1 MASTAING-PONT-SUR-SAMBRE;EN EXPLOITATION;225kV;RTE;1;;;;;;;;
AERIEN;DONZAL71GOLF5;LIAISON 400kV N0 1 DONZAC - GOLFECH (AUXILIAIRES;EN EXPLOITATION;400kV;RTE;1;;;;;;;;
AERIEN;ROBI5L61ZV.BR;LIAISON 225kV N0 1 ROBINSON - VILLEJUST  - ULIS (LES);EN EXPLOITATION;225kV;RTE;3;VLEJUL61VLERA;LIAISON 225kV N0 1 VILLEJUST-VILLERAS;MOUL8L62VLEJU;LIAISON 225kV N0 2 MOULINEAUX - VILLEJUST;;;;
AERIEN;BOUTRL61ORAIS;LIAISON 225kV N0 1 BOUTRE-ORAISON;EN EXPLOITATION;225kV;RTE;2;BOUTRL62ZG.BA;LIAISON 225kV N0 2 BOUTRE - GREOUX LES BAINS - STE-TULLE;;;;;;
AERIEN;BOUTRL61ORAIS;LIAISON 225kV N0 1 BOUTRE-ORAISON;EN EXPLOITATION;225kV;RTE;1;;;;;;;;
AERIEN;S.PONL61SISTE;LIAISON 225kV N0 1 SERRE-PONCON-SISTERON;EN EXPLOITATION;225kV;RTE;2;SISTEL61ZBLAU;LIAISON 225kV N0 1 CURBANS - SISTERON - BLAUX;;;;;;
AERIEN;ANOULL61ETIVA;LIAISON 225kV N0 1 ANOULD-ETIVAL;EN EXPLOITATION;225kV;RTE;2;ETIVAL61ZSSNA;LIAISON 225kV N0 1 ETIVAL - ST-NABORD - VINCEY;;;;;;
AERIEN;COSSIL61COUBE;LIAISON 225kV N0 1 COSSIGNY-COUBERT;EN EXPLOITATION;225kV;RTE;1;;;;;;;;
AERIEN;SARRYL61SEREI;LIAISON 225kV N0 1 SARRY-SEREIN;EN EXPLOITATION;225kV;RTE;1;;;;;;;;
AERIEN;P.SEPL61RATIE;LIAISON 225kV N0 1 PONT-SEPT-RATIER;EN EXPLOITATION;225kV;RTE;1;;;;;;;;
AERIEN;GERSTL61STRAS;LIAISON 225kV N0 1 GERSTHEIM-STRASBOURG;EN EXPLOITATION;225kV;RTE;2;GRAFFL61STRAS;LIAISON 225kV N0 1 GRAFFENSTADEN-STRASBOURG;;;;;;
AERIEN;VINCEL61ZGOLB;LIAISON 225kV N0 1 GOLBEY - JEUXEY - VINCEY;EN EXPLOITATION;225kV;RTE;1;;;;;;;;
AERIEN;BOUTRL71PRION;LIAISON 400kV N0 1 BOUTRE - PRIONNET;EN EXPLOITATION;400kV;RTE;1;;;;;;;;
AERIEN;P.ESCL61SSGUI;LIAISON 225kV N0 1 PONT-ESCOFFIER-ST-GUILLERME;EN EXPLOITATION;225kV;RTE;2;P.ESCL61SSGUI;LIAISON 225kV N0 1 PONT-ESCOFFIER-ST-GUILLERME;;;;;;
AERIEN;DOMLOL71LOUIS;LIAISON 400kV N0 1 DOMLOUP - LOUISFERT;EN EXPLOITATION;400kV;RTE;2;DOMLOL72LOUIS;LIAISON 400kV N0 2 DOMLOUP - LOUISFERT (POSTE F);;;;;;
AERIEN;MIONSL61SSV.E;LIAISON 225kV N0 1 MIONS-ST-VULBAS-EST;EN EXPLOITATION;225kV;RTE;2;GENASL31MEYZI;LIAISON 63kV N0 1 GENAS-MEYZIEU;;;;;;
AERIEN;COR.PL61ZORVA;LIAISON 225kV N0 1 CORDEMAIS-POSTE - ST JOSEPH - ORVAULT;EN EXPLOITATION;225kV;RTE;1;;;;;;;;
AERIEN;TAMARL72TAVEL;LIAISON 400kV N0 2 TAMAREAU - TAVEL;EN EXPLOITATION;400kV;RTE;1;;;;;;;;
AERIEN;ARPENL62ZRIC6;LIAISON 225kV N0 2 ARPENTS (LES) - MEZEROLLES - RICHEBOURG;EN EXPLOITATION;225kV;RTE;1;;;;;;;;
AERIEN;BEUVRL61ZBEU5;LIAISON 225kV N0 1 BEUVRY(LABOURSE) - MAZINGARBE - VENDIN;EN EXPLOITATION;225kV;RTE;1;;;;;;;;
AERIEN;.ASPHL71SIERE;LIAISON 400kV N0 1 ASPHARD - SIERENTZ;EN EXPLOITATION;400kV;RTE;1;;;;;;;;
AERIEN;CHOO2L72LONNY;LIAISON 400kV N0 2 CHOOZ B - LONNY;EN EXPLOITATION;400kV;RTE;1;;;;;;;;
AERIEN;COMM7L61CPFL5;LIAISON 225kV N0 1 CHAMPFLEUR-COMMERVEIL;EN EXPLOITATION;225kV;RTE;2;COMM7L41CPFL5;LIAISON 90kV N0 1 CHAMPFLEUR-COMMERVEIL;;;;;;
AERIEN;REALTL72TAVEL;LIAISON 400kV N0 2 REALTOR - TAVEL;EN EXPLOITATION;400kV;RTE;1;;;;;;;;
AERIEN;CPNOLL61SAONE;LIAISON 225kV N0 1 CHAMPAGNOLE - SAONE;EN EXPLOITATION;225kV;RTE;1;;;;;;;;
AERIEN;CRENEL61MAROL;LIAISON 225kV N0 1 CRENEY - MAROLLES;EN EXPLOITATION;225kV;RTE;2;MAROLL61REVIG;LIAISON 225kV N0 1 MAROLLES - REVIGNY;;;;;;
AERIEN;CHAN5L72QUINT;LIAISON 400kV N0 2 CHANCEAUX - QUINTES (LES);EN EXPLOITATION;400kV;RTE;1;;;;;;;;
AERIEN;CORNIL61ZCRUS;LIAISON 225kV N0 1 CORNIER - CRUSEILLES - GENISSIAT-POSTE;EN EXPLOITATION;225kV;RTE;2;CORNIL62GEN.P;LIAISON 225kV N0 2 CORNIER - GENISSIAT-POSTE;;;;;;
AERIEN;CHEY6L71G.ILE;LIAISON 400kV N0 1 CHEYLAS (LE) - GRANDE-ILE;EN EXPLOITATION;400kV;RTE;1;;;;;;;;
AERIEN;ESTR6L61VALEN;LIAISON 225kV N0 1 ESTREUX-VALENCIENNES;EN EXPLOITATION;225kV;RTE;2;THIERL61VALEN;LIAISON 225kV N0 1 THIERS (BRUAY-SUR-L'ESCAUT)-VALENCIENNES;;;;;;
AERIEN;COULAL71P.COR;LIAISON 400kV N0 1 COULANGE - PIVOZ CORDIER;EN EXPLOITATION;400kV;RTE;1;;;;;;;;
AERIEN;ALBERL72G.ILE;LIAISON 400kV N0 2 ALBERTVILLE - GRANDE-ILE;EN EXPLOITATION;400kV;RTE;1;;;;;;;;
AERIEN;ALBERL71G.ILE;LIAISON 400kV N0 1 ALBERTVILLE - GRANDE-ILE;EN EXPLOITATION;400kV;RTE;1;;;;;;;;
AERIEN;REQUIL61ZLACA;LIAISON 225kV N0 1 PELISSIER - REQUISTA - ST-VICTOR;EN EXPLOITATION;225kV;RTE;2;REQUIL31ZTREB;LIAISON 63kV N0 1 CROUX - REQUISTA -TREBAS;;;;;;
AERIEN;CORBIL63DISTR;LIAISON 225kV N0 3 CORBIERE (LA) - DISTRE;EN EXPLOITATION;225kV;RTE;1;;;;;;;;
AERIEN;CRENEL61ROSIE;LIAISON 225kV N0 1 CRENEY - ROSIERES;EN EXPLOITATION;225kV;RTE;2;ROSIEL61ZC.SE;LIAISON 225kV N0 1 CHATILLON-SUR-SEINE - DARCEY - ROSIERES;;;;;;
AERIEN;SSHUBL61ZB.HA;LIAISON 225kV N0 1 BASSE HAM - ST-HUBERT - VIGY;EN EXPLOITATION;225kV;RTE;1;;;;;;;;
AERIEN;REVIGL71VIGY;LIAISON 400kV N0 1 REVIGNY - VIGY;EN EXPLOITATION;400kV;RTE;2;VIGY L61ZPELT;LIAISON 225kV N0 1 BEZAUMONT - PELTRE - VIGY;;;;;;
AERIEN;MEZE5L62PORCH;LIAISON 225kV N0 2 MEZEROLLES- PORCHEVILLE;EN EXPLOITATION;225kV;RTE;1;;;;;;;;
AERIEN;P.GASL61TILLI;LIAISON 225kV N0 1 PLESSIS-GASSOT - TILLIERS;EN EXPLOITATION;225kV;RTE;2;FALLOL62ZV.BE;LIAISON 225kV N0 2 FALLOU - PLESSIS-GASSOT - VILLIERS-LE-BEL;;;;;;
AERIEN;MARMAL61SSVA6;LIAISON 225kV N0 1 MARMAGNE - ST-CYR-EN-VAL;EN EXPLOITATION;225kV;RTE;1;;;;;;;;
AERIEN;PRRTTL62SEQUE;LIAISON 225kV N0 2 PIERRETTE (LA) - SEQUEDIN;EN EXPLOITATION;225kV;RTE;1;;;;;;;;
AERIEN;BXTO5L61ZCES6;LIAISON 225kV N0 1 BEAUTOR (POSTE) - SETIER - CESSIER (LE);EN EXPLOITATION;225kV;RTE;1;;;;;;;;
AERIEN;GAMPAL61P.EVE;LIAISON 225kV N0 1 GAMPALOUP-PONT-EVEQUE;EN EXPLOITATION;225kV;RTE;1;;;;;;;;
AERIEN;CREYSL71GEN.P;LIAISON 400kV N0 1 CREYS - GENISSIAT-POSTE;EN EXPLOITATION;400kV;RTE;2;CREYSL72GEN.P;LIAISON 400kV N0 2 CREYS - GENISSIAT-POSTE;;;;;;
AERIEN;BATHIL61G.COE;LIAISON 225kV N0 1 BATHIE (LA)-GRAND-COEUR;EN EXPLOITATION;225kV;RTE;1;;;;;;;;
AERIEN;MORBRL61SONNE;LIAISON 225kV N0 1 MORBRAS-SONNETTES;EN EXPLOITATION;225kV;RTE;2;MORBRL62SONNE;LIAISON 225kV N0 2 MORBRAS-SONNETTES;;;;;;
AERIEN;TRANSL61ZGUE5;LIAISON 225kV N0 1 GUERACHE (LA) - PIQUAGE A GUERACHE (LA) - TRANS - VINS;EN EXPLOITATION;225kV;RTE;2;VINS L61ZROCB;LIAISON 225kV N0 1 NEOULES - ROCBARON - VINS;;;;;;
AERIEN;AQUEDL62CIROL;LIAISON 225kV N0 2 AQUEDUCS (LES)-CIROLLIERS;EN EXPLOITATION;225kV;RTE;1;;;;;;;;
AERIEN;LANAUL61ZLANA;LIAISON 225kV N0 1 RUEYRES - GRANDVAL - LANAU;EN EXPLOITATION;225kV;RTE;1;;;;;;;;
AERIEN;VLEJUL63ZV.OR;LIAISON 225kV N0 3 CHEVILLY - ULIS (LES) - VILLEJUST;EN EXPLOITATION;225kV;RTE;2;VLEJUL64ZMAS5;LIAISON 225kV N0 4 CHEVILLY - MASSY - VILLEJUST;;;;;;
AERIEN;JEUXEL61ZGOLB;LIAISON 225kV N0 1 GOLBEY - JEUXEY - VINCEY;EN EXPLOITATION;225kV;RTE;2;DOGNEL31JEUXE;LIAISON 63kV N0 1 DOGNEVILLE-JEUXEY;;;;;;
AERIEN;SSAVOL61SUIS5;LIAISON 225kV N0 1 ST-AVOLD-SUISSE;EN EXPLOITATION;225kV;RTE;2;SSAVOL61ZSAU9;LIAISON 225kV N0 1 LANEUVEVILLE - SAULNOIS - ST-AVOLD;;;;;;
AERIEN;COULAL73TRI.P;LIAISON 400kV N0 3 COULANGE - TRICASTIN-POSTE (LE);EN EXPLOITATION;400kV;RTE;1;;;;;;;;
AERIEN;BONNIL61ZRIC5;LIAISON 225kV N0 1 ARPENTS (LES) - BONNIERES - RICHEBOURG;EN EXPLOITATION;225kV;RTE;1;;;;;;;;
AERIEN;PYMONL61VOUGL;LIAISON 225kV N0 1 PYMONT-VOUGLANS;EN EXPLOITATION;225kV;RTE;1;;;;;;;;
AERIEN;CUBNEL61GREZI;LIAISON 225kV N0 1 CUBNEZAIS-GREZILLAC;EN EXPLOITATION;225kV;RTE;4;CUBNEL61MTGUY;LIAISON 225kV N0 1 CUBNEZAIS-MONTGUYON;CUBNEL61ZSS11;LIAISON 225kV N0 1 CUBNEZAIS - SAINT-GERAUD-DE-CORPS - TUILIERES;CUBNEL61GREZI;LIAISON 225kV N0 1 CUBNEZAIS-GREZILLAC;;
AERIEN;SSAVOL61ZSAU9;LIAISON 225kV N0 1 LANEUVEVILLE - SAULNOIS - ST-AVOLD;EN EXPLOITATION;225kV;RTE;1;;;;;;;;
AERIEN;AUBE L61COMM7;LIAISON 225kV N0 1 AUBE-COMMERVEIL;EN EXPLOITATION;225kV;RTE;2;COMM7L61ZAMIG;LIAISON 225kV N0 1 CLAIRE-FONTAINE - COMMERVEIL - QUINTES (LES);;;;;;
AERIEN;CONF5L61ZP.IL;LIAISON 225kV N0 1 CONFLUENT - MOIRANS - PERELLE;EN EXPLOITATION;225kV;RTE;1;;;;;;;;
AERIEN;BREUIL63CHAST;LIAISON 225kV N0 3 BREUIL (LE) - CHASTANG (LE);EN EXPLOITATION;225kV;RTE;1;;;;;;;;
AERIEN;LOGESL61ZLINA;LIAISON 225kV N0 1 ESCARGOT - LOGES (LES) - PETIT-BOIS (LE);EN EXPLOITATION;225kV;RTE;1;;;;;;;;
AERIEN;PRELEL61SEREI;LIAISON 225kV N0 1 PRELES (LES)-SEREIN;EN EXPLOITATION;225kV;RTE;2;GERMIL31PRELE;LIAISON 63kV N0 1 GERMIGNY-PRELES (LES);;;;;;
AERIEN;DOUVRL61VENDI;LIAISON 225kV N0 1 DOUVRIN - VENDIN;EN EXPLOITATION;225kV;RTE;1;;;;;;;;
AERIEN;CHABRL61L.NEU;LIAISON 225kV N0 1 CHABRILLAN-LOGIS-NEUF;EN EXPLOITATION;225kV;RTE;1;;;;;;;;
AERIEN;CUBNEL61MTGUY;LIAISON 225kV N0 1 CUBNEZAIS-MONTGUYON;EN EXPLOITATION;225kV;RTE;1;;;;;;;;
AERIEN;GRIGNL61ZCOQU;LIAISON 225kV N0 1 AQUEDUCS (LES) - COQUIBUS - GRIGNY;EN EXPLOITATION;225kV;RTE;1;;;;;;;;
AERIEN;FRONCL61ZEPIZ;LIAISON 225kV N0 1 FRONCLES - EPIZON - MUREMONT;EN EXPLOITATION;225kV;RTE;1;;;;;;;;
AERIEN;CHESNL66MTERE;LIAISON 225kV N0 6 CHESNOY (LE) - MONTEREAU;EN EXPLOITATION;225kV;RTE;1;;;;;;;;
AERIEN;BARBUL61FOSSE;LIAISON 225kV N0 1 BARBUISE - FOSSES (LES);EN EXPLOITATION;225kV;RTE;1;;;;;;;;
AERIEN;CPNIEL61ZSABL;LIAISON 225kV N0 1 CHAMPAGNIER - CORDEAC - SABLES (LES);EN EXPLOITATION;225kV;RTE;1;;;;;;;;
AERIEN;LATENL61ZC.OM;LIAISON 225kV N0 1 LATENA - PERTAIN - CRESSY-OMENCOURT;EN EXPLOITATION;225kV;RTE;1;;;;;;;;
AERIEN;P.GASL61ZBRI5;LIAISON 225kV N0 1 PLESSIS-GASSOT - SEINE - BRICHE (LA);EN EXPLOITATION;225kV;RTE;2;SEINEL61ZBRI5;LIAISON 225kV N0 1 PLESSIS-GASSOT - SEINE - BRICHE (LA);;;;;;
AERIEN;CABANL61DARSE;LIAISON 225kV N0 1 CABAN-DARSE;EN EXPLOITATION;225kV;RTE;1;;;;;;;;
AERIEN;ENCHAL61ZENCH;LIAISON 225kV N0 1 BREUIL - GATELLIER - ENCHANET;EN EXPLOITATION;225kV;RTE;1;;;;;;;;
AERIEN;COR.PL72LOUIS;LIAISON 400kV N0 2 CORDEMAIS-P - LOUISFERT (POSTE F);EN EXPLOITATION;400kV;RTE;1;;;;;;;;
AERIEN;CHAFFL71G.ILE;LIAISON 400kV N0 1 CHAFFARD - GRANDE-ILE;EN EXPLOITATION;400kV;RTE;1;;;;;;;;
AERIEN;DONZAL72GOLF5;LIAISON 400kV N0 2 DONZAC - GOLFECH (AUXILIAIRES;EN EXPLOITATION;400kV;RTE;1;;;;;;;;
AERIEN;MERLAL62SOULL;LIAISON 225kV N0 2 MERLATIERE - SOULLANS;EN EXPLOITATION;225kV;RTE;1;;;;;;;;
AERIEN;B.EPIL61RENNE;LIAISON 225kV N0 1 BELLE-EPINE-RENNES;EN EXPLOITATION;225kV;RTE;2;B.EPIL62RENNE;LIAISON 225kV N0 2 BELLE-EPINE-RENNES;;;;;;
AERIEN;MASSYL64ZMAS5;LIAISON 225kV N0 4 CHEVILLY - MASSY - VILLEJUST;EN EXPLOITATION;225kV;RTE;1;;;;;;;;
AERIEN;MAUREL61P.CHA;LIAISON 225kV N0 1 MAUREIX (LE) - PEYRAT-LE-CHATEAU;EN EXPLOITATION;225kV;RTE;1;;;;;;;;
AERIEN;MEZE5L63PORCH;LIAISON 225kV N0 3 MEZEROLLES - PORCHEVILLE;EN EXPLOITATION;225kV;RTE;1;;;;;;;;
AERIEN;LONG6L62ZRAN6;LIAISON 225kV N0 2 ALBERTVILLE - LONGEFAN - RANDENS;EN EXPLOITATION;225kV;RTE;1;;;;;;;;
AERIEN;MUREAL61NOURO;LIAISON 225kV N0 1 MUREAUX (LES) - NOUROTTES;EN EXPLOITATION;225kV;RTE;1;;;;;;;;
AERIEN;MEZE5L61MUREA;LIAISON 225kV N0 1 MEZEROLLES - MUREAUX (LES);EN EXPLOITATION;225kV;RTE;1;;;;;;;;
AERIEN;MOLIEL71QUINT;LIAISON 400kV N0 1 MOLIERE - LES-QUINTES;EN EXPLOITATION;400kV;RTE;2;OUDONL71QUINT;LIAISON 400kV N0 1 OUDON - QUINTES (LES);;;;;;
AERIEN;LUTTEL61SIERE;LIAISON 225kV N0 1 LUTTERBACH-SIERENTZ;EN EXPLOITATION;225kV;RTE;2;LUTTEL62SIERE;LIAISON 225kV N0 2 LUTTERBACH-SIERENTZ;;;;;;
AERIEN;OUDONL71TAUTE;LIAISON 400kV N0 1  OUDON - TAUTE;EN EXPLOITATION;400kV;RTE;1;;;;;;;;
AERIEN;.EICHL71MUHLB;LIAISON 400kV N0 1 EICHSTETTEN - MUHLBACH;EN EXPLOITATION;400kV;RTE;2;FESSEL61VOGEL;LIAISON 225kV N0 1 FESSENHEIM (CENTRALE HYDRAULIQUE)-VOGELGRUN;;;;;;
AERIEN;.ACHEL71LONNY;LIAISON 400kV N0 1 ACHENE - LONNY;EN EXPLOITATION;400kV;RTE;1;;;;;;;;
AERIEN;ETIVAL61ZSSNA;LIAISON 225kV N0 1 ETIVAL - ST-NABORD - VINCEY;EN EXPLOITATION;225kV;RTE;1;;;;;;;;
AERIEN;VERLHL61ZNEG5;LIAISON 225kV N0 1 GODIN - NEGREPELISSE - VERLHAGUET;EN EXPLOITATION;225kV;RTE;1;;;;;;;;
AERIEN;BERG9L61CANTE;LIAISON 225kV N0 1 BERGE - CANTEGRIT;EN EXPLOITATION;225kV;RTE;1;;;;;;;;
AERIEN;CHEVAL71WARAN;LIAISON 400kV N0 1 CHEVALET - WARANDE;EN EXPLOITATION;400kV;RTE;1;;;;;;;;
AERIEN;CAZARL71VERFE;LIAISON 400kV N0 1 CAZARIL - VERFEIL;EN EXPLOITATION;400kV;RTE;1;;;;;;;;
AERIEN;H.VINL62WATTR;LIAISON 225kV N0 2 HAUT-VINAGE-WATTRELOS;EN EXPLOITATION;225kV;RTE;1;;;;;;;;
AERIEN;CHAFFL72CPNIE;LIAISON 400kV N0 2 CHAFFARD (LE) - CHAMPAGNIER;EN EXPLOITATION;400kV;RTE;2;CPNIEL61MOIRA;LIAISON 225kV N0 1 CHAMPAGNIER-MOIRANS;;;;;;
AERIEN;C.MERL61LINGO;LIAISON 225kV N0 1 CAGNES-SUR-MER-LINGOSTIERE;EN EXPLOITATION;225kV;RTE;1;;;;;;;;
AERIEN;G.PORL61WARAN;LIAISON 225kV N0 1 GRAND-PORT - WARANDE;EN EXPLOITATION;225kV;RTE;1;;;;;;;;
AERIEN;G.PORL61WARAN;LIAISON 225kV N0 1 GRAND-PORT - WARANDE;EN EXPLOITATION;225kV;RTE;2;G.PORL62WARAN;LIAISON 225kV N0 2 GRAND-PORT - WARANDE;;;;;;
AERIEN;JAMETL61ZR.MA;LIAISON 225kV N0 1 LANDRES - STENAY - JAMETZ;EN EXPLOITATION;225kV;RTE;1;;;;;;;;
AERIEN;ORAISL61SISTE;LIAISON 225kV N0 1 ORAISON-SISTERON;EN EXPLOITATION;225kV;RTE;1;;;;;;;;
AERIEN;BEUVRL61VENDI;LIAISON 225kV N0 1 BEUVRY(LABOURSE)-VENDIN;EN EXPLOITATION;225kV;RTE;2;BEUVRL61ZBEU5;LIAISON 225kV N0 1 BEUVRY(LABOURSE) - MAZINGARBE - VENDIN;;;;;;
AERIEN;CORNIL61PRESS;LIAISON 225kV N0 1 CORNIER-PRESSY;EN EXPLOITATION;225kV;RTE;2;CORNIL61PRESS;LIAISON 225kV N0 1 CORNIER-PRESSY;;;;;;
AERIEN;CESSIL61ZCES6;LIAISON 225kV N0 1 BEAUTOR (POSTE) - SETIER - CESSIER (LE);EN EXPLOITATION;225kV;RTE;1;;;;;;;;
AERIEN;PLAISL62ZGAL5;LIAISON 225kV N0 2 GALERES - PLAISANCE - VILLEVAUDE;EN EXPLOITATION;225kV;RTE;1;;;;;;;;
AERIEN;CHESNL62VOULZ;LIAISON 225kV N0 2 CHESNOY (LE)-VOULZIE (LA);EN EXPLOITATION;225kV;RTE;1;;;;;;;;
AERIEN;BAYETL72SSELO;LIAISON 400kV N0 2 BAYET - ST-ELOI;EN EXPLOITATION;400kV;RTE;1;;;;;;;;
AERIEN;CANTEL72SAUCA;LIAISON 400kV N0 2 CANTEGRIT - SAUCATS;EN EXPLOITATION;400kV;RTE;1;;;;;;;;
AERIEN;CALA5L71COR.P;LIAISON 400kV N0 1 CALAN - CORDEMAIS-POSTE;EN EXPLOITATION;400kV;RTE;1;;;;;;;;
AERIEN;AMNEVL61RICHE;LIAISON 225kV N0 1 AMNEVILLE-RICHEMONT;EN EXPLOITATION;225kV;RTE;2;AMNEVL61ZGAN5;LIAISON 225kV N0 1 AMNEVILLE - ST-HUBERT - VIGY;;;;;;
AERIEN;CREC6L61GUARB;LIAISON 225kV N0 1 CRECHETS (LES)-GUARBECQUE;EN EXPLOITATION;225kV;RTE;1;;;;;;;;
AERIEN;GINESL61LESQU;LIAISON 225kV N0 1 GINESTOUS-LESQUIVE;EN EXPLOITATION;225kV;RTE;2;GINESL62LESQU;LIAISON 225kV N0 2 GINESTOUS-LESQUIVE;;;;;;
AERIEN;BOISSL62MIONS;LIAISON 225kV N0 2 BOISSE (LA) - MIONS;EN EXPLOITATION;225kV;RTE;1;;;;;;;;
AERIEN;AQUEDL61CHENE;LIAISON 225kV N0 1 AQUEDUCS (LES)-CHENET;EN EXPLOITATION;225kV;RTE;2;AQUEDL62CHENE;LIAISON 225kV N0 2 AQUEDUCS (LES)-CHENET;;;;;;
AERIEN;BXCOUL61ZCOR6;LIAISON 225kV N0 1 BEAUCOUZE - CORBIERE (LA) - LAVAL;EN EXPLOITATION;225kV;RTE;2;BXCOUL61ZCOR6;LIAISON 225kV N0 1 BEAUCOUZE - CORBIERE (LA) - LAVAL;;;;;;
AERIEN;JONQUL72TAVEL;LIAISON 400kV N0 2 JONQUIERES - TAVEL;EN EXPLOITATION;400kV;RTE;1;;;;;;;;
AERIEN;FROMAL64ZFRO7;LIAISON 225kV N0 4 CERGY - CORMEILLES - FROMAINVILLE;EN EXPLOITATION;225kV;RTE;1;;;;;;;;
AERIEN;BXTO5L61ZRUPR;LIAISON 225kV N0 1 BEAUTOR(POSTE) - RUPREUX - SOISSONS-NOTRE-DAME;EN EXPLOITATION;225kV;RTE;1;;;;;;;;
AERIEN;DAMERL61NOGEN;LIAISON 225kV N0 1 DAMERY-NOGENTEL;EN EXPLOITATION;225kV;RTE;2;NOGENL61ORMES;LIAISON 225kV N0 1 NOGENTEL - ORMES;;;;;;
AERIEN;DAMERL61NOGEN;LIAISON 225kV N0 1 DAMERY-NOGENTEL;EN EXPLOITATION;225kV;RTE;1;;;;;;;;
AERIEN;MAZURL71REVI5;LIAISON 400kV N0 1 MAZURES - REVIN;EN EXPLOITATION;400kV;RTE;1;;;;;;;;
AERIEN;COULAL71TRI.P;LIAISON 400kV N0 1 COULANGE - TRICASTIN-POSTE (LE);EN EXPLOITATION;400kV;RTE;1;;;;;;;;
AERIEN;CAPELL71MASTA;LIAISON 400kV N0 1 CAPELLE (LA) - MASTAING;EN EXPLOITATION;400kV;RTE;1;;;;;;;;
AERIEN;MEZE5L72VLEJU;LIAISON 400kV N0 2 MEZEROLLES - VILLEJUST;EN EXPLOITATION;400kV;RTE;1;;;;;;;;
AERIEN;CHENEL61SENAR;LIAISON 225kV N0 1 CHENET-SENART;EN EXPLOITATION;225kV;RTE;2;MALECL61PLISO;LIAISON 225kV N0 1 MALECOT-PLISON;;;;;;
AERIEN;BEC5 L62MQIS;LIAISON 225kV N0 2 BEC - MARQUIS (LE);EN EXPLOITATION;225kV;RTE;2;BEC5 L62MQIS;LIAISON 225kV N0 2 BEC - MARQUIS (LE);;;;;;
AERIEN;AVOI5L71LARCA;LIAISON 400kV N0 1 AVOINE(POSTE 400 kV) - LARCAY;EN EXPLOITATION;400kV;RTE;2;AVOI5L72LARCA;LIAISON 400kV N0 2 AVOINE(POSTE 400 kV) - LARCAY;;;;;;
AERIEN;CHEV5L61MERLA;LIAISON 225kV N0 1 CHEVIRE - MERLATIERE;EN EXPLOITATION;225kV;RTE;2;CHEV5L61RECOU;LIAISON 225kV N0 1 CHEVIRE - RECOUVRANCE;;;;;;
AERIEN;CHEV5L61RECOU;LIAISON 225kV N0 1 CHEVIRE - RECOUVRANCE;EN EXPLOITATION;225kV;RTE;1;;;;;;;;
AERIEN;CHEV5L61MERLA;LIAISON 225kV N0 1 CHEVIRE - MERLATIERE;EN EXPLOITATION;225kV;RTE;1;;;;;;;;
AERIEN;ALBERL61CONTA;LIAISON 225kV N0 1 ALBERTVILLE-CONTAMINE;EN EXPLOITATION;225kV;RTE;2;ALBERL61MALGO;LIAISON 225kV N0 1 ALBERTVILLE-MALGOVERT;;;;;;
AERIEN;LONNYL72MOULA;LIAISON 400kV N0 2 LONNY - MOULAINE;EN EXPLOITATION;400kV;RTE;1;;;;;;;;
AERIEN;G.COUL61VAUPA;LIAISON 225kV N0 1 GRAND-COURONNE-VAUPALIERE (LA);EN EXPLOITATION;225kV;RTE;1;;;;;;;;
AERIEN;BEZONL61PTCHA;LIAISON 225kV N0 1 BEZON-PONTCHATEAU;EN EXPLOITATION;225kV;RTE;1;;;;;;;;
AERIEN;MARMAL61VARE5;LIAISON 225kV N0 1 MARMAGNE-VARENNES (-SUR-FOUZON);EN EXPLOITATION;225kV;RTE;1;;;;;;;;
AERIEN;BUIREL61P.SAM;LIAISON 225kV N0 1 BUIRE-PONT-SUR-SAMBRE;EN EXPLOITATION;225kV;RTE;2;CAPELL61P.SAM;LIAISON 225kV N0 1 CAPELLE (LA)-PONT-SUR-SAMBRE;;;;;;
AERIEN;EGUZOL71MARMA;LIAISON 400kV N0 1 EGUZON - MARMAGNE;EN EXPLOITATION;400kV;RTE;1;;;;;;;;
AERIEN;AVELIL61ZHEL5;LIAISON 225kV N0 1 AVELIN - HAUT-VINAGE - HELLEMMES;EN EXPLOITATION;225kV;RTE;1;;;;;;;;
AERIEN;CESTAL61PESSA;LIAISON 225kV N0 1 CESTAS - PESSAC;EN EXPLOITATION;225kV;RTE;1;;;;;;;;
AERIEN;LESQUL62VERLH;LIAISON 225kV N0 2 LESQUIVE-VERLHAGUET;EN EXPLOITATION;225kV;RTE;1;;;;;;;;
AERIEN;FEUILL62PONTE;LIAISON 225kV N0 2 FEUILLANE - PONTEAU;EN EXPLOITATION;225kV;RTE;1;;;;;;;;
AERIEN;PATISL61REMIS;LIAISON 225kV N0 1 PATIS - REMISE;EN EXPLOITATION;225kV;RTE;1;;;;;;;;
AERIEN;CIZE L61FLEYR;LIAISON 225kV N0 1 CIZE - FLEYRIAT;EN EXPLOITATION;225kV;RTE;2;CIZE L61FLEYR;LIAISON 225kV N0 1 CIZE - FLEYRIAT;;;;;;
AERIEN;BREVIL61MALGO;LIAISON 225kV N0 1 BREVIERES (LES)-MALGOVERT;EN EXPLOITATION;225kV;RTE;2;MALGOL31ZVICL;LIAISON 63kV N0 1 BREVIERES (LES)-MALGOVERT-VICLAIRE;;;;;;
AERIEN;CPNIEL61SINAR;LIAISON 225kV N0 1 CHAMPAGNIER-SINARD;EN EXPLOITATION;225kV;RTE;1;;;;;;;;
AERIEN;GRAV5L71WARAN;LIAISON 400kV N0 1 GRAVELINES (CENTRALE) - WARANDE;EN EXPLOITATION;400kV;RTE;1;;;;;;;;
AERIEN;CROUZL61GODIN;LIAISON 225kV N0 1 CROUZET (LE) - GODIN;EN EXPLOITATION;225kV;RTE;1;;;;;;;;
AERIEN;SSVICL61ZLACA;LIAISON 225kV N0 1 PELISSIER - REQUISTA - ST-VICTOR;EN EXPLOITATION;225kV;RTE;1;;;;;;;;
AERIEN;CONTAL61MALGO;LIAISON 225kV N0 1 CONTAMINE-MALGOVERT;EN EXPLOITATION;225kV;RTE;1;;;;;;;;
AERIEN;CERGYL63ZFRO6;LIAISON 225kV N0 3 CERGY - CORMEILLES - FROMAINVILLE;EN EXPLOITATION;225kV;RTE;1;;;;;;;;
AERIEN;CERGYL63ZFRO6;LIAISON 225kV N0 3 CERGY - CORMEILLES - FROMAINVILLE;EN EXPLOITATION;225kV;RTE;2;CERGYL64ZFRO7;LIAISON 225kV N0 4 CERGY - CORMEILLES - FROMAINVILLE;;;;;;
AERIEN;ALBERL61VEN.P;LIAISON 225kV N0 1 ALBERTVILLE - VENTHON-POSTE;EN EXPLOITATION;225kV;RTE;1;;;;;;;;
AERIEN;CHESNL72TABAR;LIAISON 400kV N0 2 CHESNOY (LE) - TABARDERIE;EN EXPLOITATION;400kV;RTE;1;;;;;;;;
AERIEN;H.BORL61P.GAS;LIAISON 225kV N0 1 HTE BORNE - PLESSIS-GASSOT;EN EXPLOITATION;225kV;RTE;1;;;;;;;;
AERIEN;ARDOIL61MOTT5;LIAISON 225kV N0 1 ARDOISE (L )-MOTTE (LA) (V.-LES-AVIGNON);EN EXPLOITATION;225kV;RTE;1;;;;;;;;
AERIEN;RQROUL61S.AIR;LIAISON 225kV N0 1 ROQUEROUSSE - SALON-BEL-AIR;EN EXPLOITATION;225kV;RTE;1;;;;;;;;
AERIEN;ARVIGL61SENAR;LIAISON 225kV N0 1 ARVIGNY-SENART;EN EXPLOITATION;225kV;RTE;2;ARVIGL62SENAR;RES. LIAISON 225kV N0 2  ARVIGNY - SENART;;;;;;
AERIEN;TAVELL62VIRAD;LIAISON 225kV N0 2 TAVEL-VIRADEL;EN EXPLOITATION;225kV;RTE;1;;;;;;;;
AERIEN;ALBERL61CHAV6;LIAISON 225kV N0 1 ALBERTVILLE-CHAVANOD;EN EXPLOITATION;225kV;RTE;2;ALBERL61VEN.P;LIAISON 225kV N0 1 ALBERTVILLE - VENTHON-POSTE;;;;;;
AERIEN;HOLQUL61RUMIN;LIAISON 225kV N0 1 HOLQUE-RUMINGHEM;EN EXPLOITATION;225kV;RTE;1;;;;;;;;
AERIEN;VLEVAL61ZAVRO;LIAISON 225kV N0 1 PLAISANCE - VILLEVAUDE - AVRON;EN EXPLOITATION;225kV;RTE;2;ROMAIL62VLEVA;LIAISON 225kV N0 2 ROMAINVILLE-VILLEVAUDE;;;;;;
AERIEN;GAVREL62VENDI;LIAISON 225kV N0 2 GAVRELLE-VENDIN;EN EXPLOITATION;225kV;RTE;1;;;;;;;;
AERIEN;ARNAGL62QUINT;LIAISON 225kV N0 2 ARNAGE-QUINTES (LES);EN EXPLOITATION;225kV;RTE;1;;;;;;;;
AERIEN;RIGOTL61ZRIGO;LIAISON 225kV N0 1 PUSY - RIGOTTE (LA) - ROLAMPONT;EN EXPLOITATION;225kV;RTE;1;;;;;;;;
AERIEN;AVELIL61CZRIE;LIAISON 225kV N0 1 AVELIN - COURRIERES;EN EXPLOITATION;225kV;RTE;2;AVELIL61VENDI;LIAISON 225kV N0 1 AVELIN-VENDIN;;;;;;
AERIEN;GROSNL71SSV.O;LIAISON 400kV N0 1 GROSNE - ST-VULBAS-OUEST;EN EXPLOITATION;400kV;RTE;1;;;;;;;;
AERIEN;HOUDRL71LOGEL;LIAISON 400kV N0 1 HOUDREVILLE - LOGELBACH;EN EXPLOITATION;400kV;RTE;2;LOGELL71MUHLB;LIAISON 400kV N0 1 LOGELBACH - MUHLBACH;;;;;;
AERIEN;LESTAL61ZPLAC;LIAISON 225kV N0 1 DOUVRIN - LESTARQUIT - PLACHY (LE);EN EXPLOITATION;225kV;RTE;1;;;;;;;;
AERIEN;REVIGL71VIGY;LIAISON 400kV N0 1 REVIGNY - VIGY;EN EXPLOITATION;400kV;RTE;1;;;;;;;;
AERIEN;BAYETL61ZBILL;LIAISON 225kV N0 1 BAYET - BILLY - FONT (LA);EN EXPLOITATION;225kV;RTE;1;;;;;;;;
AERIEN;BIANCL61P.GR5;LIAISON 225kV N0 1 BIANCON-PLAN-DE-GRASSE;EN EXPLOITATION;225kV;RTE;1;;;;;;;;
AERIEN;CHAINL71VERGE;LIAISON 400kV N0 1 CHAINGY - VERGER;EN EXPLOITATION;400kV;RTE;1;;;;;;;;
AERIEN;CHAFFL73SSV.O;LIAISON 400kV N0 3 CHAFFARD (LE) - ST-VULBAS-OUEST;EN EXPLOITATION;400kV;RTE;1;;;;;;;;
AERIEN;GROSNL61MACON;LIAISON 225kV N0 1 GROSNE-MACON;EN EXPLOITATION;225kV;RTE;1;;;;;;;;
AERIEN;GRANZL72JUMEA;LIAISON 400kV N0 2 GRANZAY - JUMEAUX (LES);EN EXPLOITATION;400kV;RTE;1;;;;;;;;
AERIEN;NEMOUL61VLEMA;LIAISON 225kV N0 1 NEMOURS-VILLEMANDEUR;EN EXPLOITATION;225kV;RTE;2;VLEMAL61ZGLAC;LIAISON 225kV N0 1 GIEN - TABARDERIE - VILLEMANDEUR;;;;;;
AERIEN;VLEMAL61ZGLAC;LIAISON 225kV N0 1 GIEN - TABARDERIE - VILLEMANDEUR;EN EXPLOITATION;225kV;RTE;1;;;;;;;;
AERIEN;CAZARL63LANNE;LIAISON 225kV N0 3 CAZARIL - LANNEMEZAN;EN EXPLOITATION;225kV;RTE;1;;;;;;;;
AERIEN;ELANCL61SSAU5;LIAISON 225kV N0 1 ELANCOURT - ST-AUBIN;EN EXPLOITATION;225kV;RTE;2;ELANCL61ZMTJ5;LIAISON 225kV N0 1 ELANCOURT - VILLEJUST - MONTJAY;;;;;;
AERIEN;BEZAUL71HOUDR;LIAISON 400kV N0 1 BEZAUMONT - HOUDREVILLE;EN EXPLOITATION;400kV;RTE;2;BEZAUL72HOUDR;LIAISON 400kV N0 2 BEZAUMONT - HOUDREVILLE;;;;;;
AERIEN;GOUVIL61P.GAS;LIAISON 225kV N0 1 GOUVIEUX - PLESSIS-GASSOT;EN EXPLOITATION;225kV;RTE;1;;;;;;;;
AERIEN;GRAMOL61VERFE;LIAISON 225kV N0 1 GRAMONT - VERFEIL;EN EXPLOITATION;225kV;RTE;1;;;;;;;;
AERIEN;AUBETL61ROGNA;LIAISON 225kV N0 1 AUBETTE-ROGNAC;EN EXPLOITATION;225kV;RTE;1;;;;;;;;
AERIEN;COR.PL72MARTY;LIAISON 400kV N0 2 CORDEMAIS-POSTE - MARTYRE (LA);EN EXPLOITATION;400kV;RTE;1;;;;;;;;
AERIEN;CALA5L71MARTY;LIAISON 400kV N0 1 CALAN - MARTYRE (LA);EN EXPLOITATION;400kV;RTE;2;COR.PL72MARTY;LIAISON 400kV N0 2 CORDEMAIS-POSTE - MARTYRE (LA);;;;;;
AERIEN;G.CAIL63MASTA;LIAISON 225kV N0 3 GROS-CAILLOU - MASTAING;EN EXPLOITATION;225kV;RTE;1;;;;;;;;
AERIEN;B.CARL72BIANC;LIAISON 400kV N0 2 BROC-CARROS - BIANCON;EN EXPLOITATION;400kV;RTE;1;;;;;;;;
AERIEN;CHESNL62CZTRY;LIAISON 225kV N0 2 CHESNOY (LE)-COURTRY;EN EXPLOITATION;225kV;RTE;1;;;;;;;;
AERIEN;ZCARRL61ZSEMO;LIAISON 225kV N0 1 CARRES(LES) - DAMBRON - TIVERNON - VILLEJUST;EN EXPLOITATION;225kV;RTE;2;DAMBRL62ZCAR6;LIAISON 225kV N0 2 CARRES(LES) - DAMBRON - VILLEJUST;;;;;;
AERIEN;ROBI5L61ZV.BR;LIAISON 225kV N0 1 ROBINSON - VILLEJUST  - ULIS (LES);EN EXPLOITATION;225kV;RTE;4;VLEJUL61VLERA;LIAISON 225kV N0 1 VILLEJUST-VILLERAS;MOUL8L62VLEJU;LIAISON 225kV N0 2 MOULINEAUX - VILLEJUST;PALA5L31SSAU5;LIAISON 63kV N0 1 PALAISEAU-ST-AUBIN;;
AERIEN;ARRIGL61CHEVI;LIAISON 225kV N0 1 ARRIGHI-CHEVILLY;EN EXPLOITATION;225kV;RTE;2;CHEVIL61V.GEO;LIAISON 225kV N0 1 CHEVILLY - VILLENEUVE-ST-GEORGES;;;;;;
AERIEN;TAVELL72TRI.P;LIAISON 400kV N0 2 TAVEL - TRICASTIN-POSTE (LE);EN EXPLOITATION;400kV;RTE;1;;;;;;;;
AERIEN;TAVELL71TRI.P;LIAISON 400kV N0 1 TAVEL - TRICASTIN-POSTE (LE);EN EXPLOITATION;400kV;RTE;1;;;;;;;;
AERIEN;CIROLL61LOGES;LIAISON 225kV N0 1 CIROLLIERS-LOGES (LES);EN EXPLOITATION;225kV;RTE;1;;;;;;;;
AERIEN;B.MONL61ZCPB5;LIAISON 225kV N0 1 BEAUMONT-MONTEUX - CHAMPBLAIN - GAMPALOUP;EN EXPLOITATION;225kV;RTE;2;B.MONL62GAMPA;LIAISON 225kV N0 2 BEAUMONT-MONTEUX-GAMPALOUP;;;;;;
AERIEN;CORMEL63ZFRO6;LIAISON 225kV N0 3 CERGY - CORMEILLES - FROMAINVILLE;EN EXPLOITATION;225kV;RTE;1;;;;;;;;
AERIEN;BOISSL61MEUNI;LIAISON 225kV N0 1 BOISSE (LA) - MEUNIERES (LES);EN EXPLOITATION;225kV;RTE;2;BOISSL61ZJOUX;LIAISON 225kV N0 1 BOISSE (LA) - JOUX - MACON;;;;;;
AERIEN;CAIL5L61RABAT;LIAISON 225kV N0 1 CAILLOLS - RABATAU;EN EXPLOITATION;225kV;RTE;2;E.BOTL61MAZAR;LIAISON 225kV N0 1 ENCO-DE-BOTTE-MAZARGUES;;;;;;
AERIEN;BAYETL72GREPI;LIAISON 400kV N0 2 BAYET - GREPILLES;EN EXPLOITATION;400kV;RTE;1;;;;;;;;
AERIEN;LIERSL61LOGES;LIAISON 225kV N0 1 LIERS-LOGES (LES);EN EXPLOITATION;225kV;RTE;2;LIERSL61ZLIN7;LIAISON 225kV N0 1 LIERS - VILLEJUST - PETIT-BOIS (LE);;;;;;
AERIEN;PLAISL62ZAVR5;LIAISON 225kV N0 2 PLAISANCE - VILLEVAUDE - AVRON;EN EXPLOITATION;225kV;RTE;1;;;;;;;;
AERIEN;AYRESL61GODIN;LIAISON 225kV N0 1 AYRES - GODIN;EN EXPLOITATION;225kV;RTE;2;AYRESL61SSVIC;LIAISON 225kV N0 1 AYRES - ST-VICTOR;;;;;;
AERIEN;AVOI5L72DISTR;LIAISON 400kV N0 2 AVOINE(POSTE 400 kV) - DISTRE;EN EXPLOITATION;400kV;RTE;1;;;;;;;;
AERIEN;CATTEL73VIGY;LIAISON 400kV N0 3 CATTENOM - VIGY;EN EXPLOITATION;400kV;RTE;1;;;;;;;;
AERIEN;GRENAL61ZGREN;LIAISON 225kV N0 1 AOSTE - GRENAY - MIONS;EN EXPLOITATION;225kV;RTE;1;;;;;;;;
AERIEN;LANDEL62MARTY;LIAISON 225kV N0 2 LANDERNEAU-MARTYRE (LA);EN EXPLOITATION;225kV;RTE;1;;;;;;;;
AERIEN;CERGYL61PORCH;LIAISON 225kV N0 1 CERGY-PORCHEVILLE;EN EXPLOITATION;225kV;RTE;2;CERGYL61PUISE;LIAISON 225kV N0 1 CERGY-PUISEUX;;;;;;
AERIEN;DAMBRL71VERGE;LIAISON 400kV N0 1 DAMBRON - VERGER;EN EXPLOITATION;400kV;RTE;2;DAMBRL72VERGE;LIAISON 400kV N0 2 DAMBRON - VERGER;;;;;;
AERIEN;BOISSL63SSV.E;LIAISON 225kV N0 3 BOISSE (LA) - ST-VULBAS-EST;EN EXPLOITATION;225kV;RTE;1;;;;;;;;
AERIEN;EMALEL61ZEMAL;LIAISON 225kV N0 1 EMALES(LES) - RANVILLE - TOURBE;EN EXPLOITATION;225kV;RTE;1;;;;;;;;
AERIEN;ROUGEL61YAINV;LIAISON 225kV N0 1 ROUGEMONTIER-YAINVILLE;EN EXPLOITATION;225kV;RTE;2;G.COUL41GANTE;LIAISON 90kV N0 1 GANTERIE-GRAND-COURONNE;;;;;;
AERIEN;DAMERL61VESLE;LIAISON 225kV N0 1 DAMERY-VESLE;EN EXPLOITATION;225kV;RTE;2;NOGENL61ORMES;LIAISON 225kV N0 1 NOGENTEL - ORMES;;;;;;
AERIEN;CHALOL61CPVAN;LIAISON 225kV N0 1 CHALON-CHAMPVANS;EN EXPLOITATION;225kV;RTE;1;;;;;;;;
AERIEN;GEN.PL71VIELM;LIAISON 400kV N0 1 GENISSIAT-POSTE - VIELMOULIN;EN EXPLOITATION;400kV;RTE;1;;;;;;;;
AERIEN;GEN.PL72VIELM;LIAISON 400kV N0 2 GENISSIAT-POSTE - VIELMOULIN;EN EXPLOITATION;400kV;RTE;1;;;;;;;;
AERIEN;ROMAIL64ZGALE;LIAISON 225kV N0 4 GALERES - ROMAINVILLE - VILLEVAUDE;EN EXPLOITATION;225kV;RTE;1;;;;;;;;
AERIEN;BREUIL61ZDONZ;LIAISON 225kV N0 1 BREUIL - CHASTANG 1 - DONZENAC;EN EXPLOITATION;225kV;RTE;1;;;;;;;;
AERIEN;L.DELL61PRRTT;LIAISON 225kV N0 1 LILLE DELIVRANCE-PIERRETTE (LA);EN EXPLOITATION;225kV;RTE;1;;;;;;;;
AERIEN;BEZAUL61VANDI;LIAISON 225kV N0 1 BEZAUMONT-VANDIERES;EN EXPLOITATION;225kV;RTE;2;BEZAUL62VANDI;LIAISON 225kV N0 2 BEZAUMONT-VANDIERES;;;;;;
AERIEN;CORDEL61SAUTE;LIAISON 225kV N0 1 CORDEAC-SAUTET (LE);EN EXPLOITATION;225kV;RTE;1;;;;;;;;
AERIEN;SQUIVL62ZTREF;LIAISON 225kV N0 2 DIRINON - MARTYRE (LA) - SQUIVIDAN;EN EXPLOITATION;225kV;RTE;1;;;;;;;;
AERIEN;B.MONL72CHAFF;LIAISON 400kV N0 2 BEAUMONT-MONTEUX - CHAFFARD (LE);EN EXPLOITATION;400kV;RTE;1;;;;;;;;
AERIEN;CHAFFL71COULA;LIAISON 400kV N0 1 CHAFFARD (LE) - COULANGE;EN EXPLOITATION;400kV;RTE;2;B.MONL72CHAFF;LIAISON 400kV N0 2 BEAUMONT-MONTEUX - CHAFFARD (LE);;;;;;
AERIEN;COUPVL61VLEVA;LIAISON 225kV N0 1 COUPVRAY - VILLEVAUDE;EN EXPLOITATION;225kV;RTE;1;;;;;;;;
AERIEN;OLLI5L61ZPELA;LIAISON 225kV N0 1 BOUTRE - OLLIERES - PELADE;EN EXPLOITATION;225kV;RTE;1;;;;;;;;
AERIEN;PICOCL71VLERB;LIAISON 400kV N0 1 PICOCHERIE (LA) - VILLERBON;EN EXPLOITATION;400kV;RTE;1;;;;;;;;
AERIEN;CURBAL61ZBLAU;LIAISON 225kV N0 1 CURBANS - SISTERON - BLAUX;EN EXPLOITATION;225kV;RTE;1;;;;;;;;
AERIEN;AVELIL71MASTA;LIAISON 400kV N0 1 AVELIN - MASTAING;EN EXPLOITATION;400kV;RTE;2;AVELIL61MASTA;LIAISON 225kV N0 1 AVELIN - MASTAING;;;;;;
AERIEN;DIRINL62ZTREF;LIAISON 225kV N0 2 DIRINON - MARTYRE (LA) - SQUIVIDAN;EN EXPLOITATION;225kV;RTE;2;PLOUGL31ZSSUR;LIAISON 63kV N0 1 LANDERNEAU-PLOUGASTEL-RUMENGOL;;;;;;
AERIEN;CPNIEL61S.PON;LIAISON 225kV N0 1 CHAMPAGNIER-SERRE-PONCON;EN EXPLOITATION;225kV;RTE;1;;;;;;;;
AERIEN;BRENNL61MARTY;LIAISON 225kV N0 1 BRENNILIS-MARTYRE (LA);EN EXPLOITATION;225kV;RTE;1;;;;;;;;
AERIEN;VLEJUL61ZMTJ5;LIAISON 225kV N0 1 ELANCOURT - VILLEJUST - MONTJAY;EN EXPLOITATION;225kV;RTE;1;;;;;;;;
AERIEN;BASTIL61LANNE;LIAISON 225kV N0 1 BASTILLAC-LANNEMEZAN;EN EXPLOITATION;225kV;RTE;2;V.BIGL31ZBIA7;LIAISON 63kV N0 1 BASTILLAC-BIACAVE-VIC EN BIGORRE;;;;;;
AERIEN;.VERBL61GEN.P;LIAISON 225kV N0 1 GENISSIAT-POSTE-VERBOIS;EN EXPLOITATION;225kV;RTE;1;;;;;;;;
AERIEN;BREUIL61BREUI;LIAISON 225kV N0 1 ATR761 DE BREUIL;EN EXPLOITATION;225kV;RTE;1;;;;;;;;
AERIEN;ESTR6L61FAMAR;LIAISON 225kV N0 1 ESTREUX-FAMARS;EN EXPLOITATION;225kV;RTE;2;FAMARL61G.CAI;LIAISON 225kV N0 1 FAMARS-GROS-CAILLOU;;;;;;
AERIEN;PRIMEL61SAUS5;LIAISON 225kV N0 1 PRIMEVERES-SAUSSET;EN EXPLOITATION;225kV;RTE;2;PRIMEL62SAUS5;LIAISON 225kV N0 2 PRIMEVERES - SAUSSET;;;;;;
AERIEN;DAMBRL71GATI5;LIAISON 400kV N0 1 DAMBRON - GATINAIS;EN EXPLOITATION;400kV;RTE;1;;;;;;;;
AERIEN;COUESL61COUES;LIAISON 225kV N0 1 COUESQUE - COUESQUE G1;EN EXPLOITATION;225kV;RTE;1;;;;;;;;
AERIEN;RUPREL61ZRUPR;LIAISON 225kV N0 1 BEAUTOR(POSTE) - RUPREUX - SOISSONS-NOTRE-DAME;EN EXPLOITATION;225kV;RTE;1;;;;;;;;
AERIEN;FLOIRL61MQIS;LIAISON 225kV N0 1 FLOIRAC EDF-MARQUIS (LE);EN EXPLOITATION;225kV;RTE;2;FLOIRL62MQIS;LIAISON 225kV N0 2 FLOIRAC EDF-MARQUIS (LE);;;;;;
AERIEN;CHALOL61GROSN;LIAISON 225kV N0 1 CHALON-GROSNE;EN EXPLOITATION;225kV;RTE;1;;;;;;;;
AERIEN;FEUILL61SSCHA;LIAISON 225kV N0 1 FEUILLANE-ST-CHAMAS;EN EXPLOITATION;225kV;RTE;2;P.BOUL31RASSU;LIAISON 63kV N0 1 PORT-DE-BOUC-RASSUEN;;;;;;
AERIEN;H.VINL61WATTR;LIAISON 225kV N0 1 HAUT-VINAGE-WATTRELOS;EN EXPLOITATION;225kV;RTE;2;H.VINL62WATTR;LIAISON 225kV N0 2 HAUT-VINAGE-WATTRELOS;;;;;;
AERIEN;CHOLEL61DISTR;LIAISON 225kV N0 1 CHOLET - DISTRE;EN EXPLOITATION;225kV;RTE;1;;;;;;;;
AERIEN;FEUILL61ROCAD;LIAISON 225kV N0 1 FEUILLANE-ROCADE;EN EXPLOITATION;225kV;RTE;2;METHAL32ZMETH;LIAISON 63kV N0 2 DARSE-FEUILLANE-METHANIER(TERMINAL DE FOS-SUR-MER);;;;;;
AERIEN;NIORTL61V.SEV;LIAISON 225kV N0 1 NIORT-VAL DE SEVRE;EN EXPLOITATION;225kV;RTE;1;;;;;;;;
AERIEN;P.JERL61VAUPA;LIAISON 225kV N0 1 PORT-JEROME-VAUPALIERE (LA);EN EXPLOITATION;225kV;RTE;2;CRIQUL41P.JER;LIAISON 90kV N0 1 CRIQUET-PORT-JEROME;;;;;;
AERIEN;MTAHUL61SSVIN;LIAISON 225kV N0 1 MONTAHUT - ST VINCENT;EN EXPLOITATION;225kV;RTE;1;;;;;;;;
AERIEN;ECHALL61RIVIE;LIAISON 225kV N0 1 ECHALAS - RIVIERE (LA);EN EXPLOITATION;225kV;RTE;2;ECHALL61SOLEI;LIAISON 225kV N0 1 ECHALAS - SOLEIL (LE);;;;;;
AERIEN;GRAV5L61WARAN;LIAISON 225kV N0 1 GRAVELINES (CENTRALE)-WARANDE;EN EXPLOITATION;225kV;RTE;1;;;;;;;;
AERIEN;EGUZOL61ORANG;LIAISON 225kV N0 1 EGUZON-ORANGERIE (L);EN EXPLOITATION;225kV;RTE;1;;;;;;;;
AERIEN;C.METL61LANEU;LIAISON 225kV N0 1 CROIX-DE-METZ-LANEUVEVILLE;EN EXPLOITATION;225kV;RTE;1;;;;;;;;
AERIEN;G.SYNL62WESTH;LIAISON 225kV N0 2 GRANDE-SYNTHE - WESTHOUCK(COPENOR G.I.E.);EN EXPLOITATION;225kV;RTE;1;;;;;;;;
AERIEN;MIONSL61ZGREN;LIAISON 225kV N0 1 AOSTE - GRENAY - MIONS;EN EXPLOITATION;225kV;RTE;1;;;;;;;;
AERIEN;AVOINL61QUINT;LIAISON 225kV N0 1 AVOINE-QUINTES (LES);EN EXPLOITATION;225kV;RTE;2;AVOINL61QUINT;LIAISON 225kV N0 1 AVOINE-QUINTES (LES);;;;;;
AERIEN;ECHINL61MANDA;LIAISON 225kV N0 1 ECHINGHEN-MANDARINS;EN EXPLOITATION;225kV;RTE;1;;;;;;;;
AERIEN;I.NAPL61LUTTE;LIAISON 225kV N0 1 ILE-NAPOLEON-LUTTERBACH;EN EXPLOITATION;225kV;RTE;1;;;;;;;;
AERIEN;QUAREL61ZQUAR;LIAISON 225kV N0 1 QUAREZ - THIERS (BRUAY-SUR-L'ESCAUT) - VALENCIENNES;EN EXPLOITATION;225kV;RTE;1;;;;;;;;
AERIEN;BOUTRL71PRION;LIAISON 400kV N0 1 BOUTRE - PRIONNET;EN EXPLOITATION;400kV;RTE;2;TAVELL71ZT.SU;LIAISON 400kV N0 1 PRIONNET - TAVEL - TORE SUPRA;;;;;;
AERIEN;PLAISL61ROMAI;LIAISON 225kV N0 1 PLAISANCE-ROMAINVILLE;EN EXPLOITATION;225kV;RTE;2;PLAISL62ROMAI;RES. LIAISON 225kV N0 2  PLAISANCE - ROMAINVILLE;;;;;;
AERIEN;ECHALL61SOLEI;LIAISON 225kV N0 1 ECHALAS - SOLEIL (LE);EN EXPLOITATION;225kV;RTE;2;ECHALL62SOLEI;LIAISON 225kV N0 2 ECHALAS - SOLEIL (LE);;;;;;
AERIEN;SEREIL61ZTONN;LIAISON 225kV N0 1 JOUX-LA-VILLE - SEREIN - TONNERRE;EN EXPLOITATION;225kV;RTE;1;;;;;;;;
AERIEN;MAZINL61ZBEU5;LIAISON 225kV N0 1 BEUVRY(LABOURSE) - MAZINGARBE - VENDIN;EN EXPLOITATION;225kV;RTE;1;;;;;;;;
AERIEN;ATTAQL61MANDA;LIAISON 225kV N0 1 ATTAQUES (LES)-MANDARINS;EN EXPLOITATION;225kV;RTE;1;;;;;;;;
AERIEN;ATTAQL61MANDA;LIAISON 225kV N0 1 ATTAQUES (LES)-MANDARINS;EN EXPLOITATION;225kV;RTE;2;ATTAQL41MANDA;LIAISON 90kV N0 1 ATTAQUES (LES)-MANDARINS;;;;;;
AERIEN;L.NOIL61ZL.NO;LIAISON 225kV N0 1 ANOULD - LAC-NOIR - LOGELBACH;EN EXPLOITATION;225kV;RTE;1;;;;;;;;
AERIEN;BORT L61MOLE;LIAISON 225kV N0 1 BORT-MOLE (LA);EN EXPLOITATION;225kV;RTE;2;BORT L62MOLE;LIAISON 225kV N0 2 BORT - MOLE (LA);;;;;;
AERIEN;GUARBL62ISBE5;LIAISON 225kV N0 2 GUARBECQUE-ISBERGUES(UGINE ACIERS) (225kV);EN EXPLOITATION;225kV;RTE;1;;;;;;;;
AERIEN;MANOIL61SSBAI;LIAISON 225kV N0 1 MANOIR (LE)-ST-PIERRE-DE-BAILLEUL;EN EXPLOITATION;225kV;RTE;2;PORCHL61SSBAI;LIAISON 225kV N0 1 PORCHEVILLE-ST-PIERRE-DE-BAILLEUL;;;;;;
AERIEN;MEZE5L71TILL5;LIAISON 400kV N0 1 MEZEROLLES - TILLEUL;EN EXPLOITATION;400kV;RTE;2;MEZE5L72TILL5;LIAISON 400kV N0 2 MEZEROLLES - TILLEUL;;;;;;
AERIEN;LINGOL61T.LAS;LIAISON 225kV N0 1 LINGOSTIERE-TOUR LASCARIS;EN EXPLOITATION;225kV;RTE;1;;;;;;;;
AERIEN;V.MOUL61ZV.MO;LIAISON 225kV N0 1 LONGEFAN - SAUSSAZ II (LA) - VIEUX-MOULIN;EN EXPLOITATION;225kV;RTE;1;;;;;;;;
AERIEN;GODINL61ZSSG7;LIAISON 225kV N0 1 BREUIL (LE) - GATELLIER - GODIN;EN EXPLOITATION;225kV;RTE;1;;;;;;;;
AERIEN;VLAROL71ZP.AN;LIAISON 400kV N0 1 PRAZ ST ANDRE 1 - PRAZ ST ANDRE 2 - VILLARODIN;EN EXPLOITATION;400kV;RTE;1;;;;;;;;
AERIEN;CHESNL63RENAR;LIAISON 225kV N0 3 CHESNOY (LE) - RENARDIERES (LES);EN EXPLOITATION;225kV;RTE;2;CHESNL64RENAR;LIAISON 225kV N0 4 CHESNOY (LE) - RENARDIERES (LES);;;;;;
AERIEN;CHESNL64RENAR;LIAISON 225kV N0 4 CHESNOY (LE) - RENARDIERES (LES);EN EXPLOITATION;225kV;RTE;1;;;;;;;;
AERIEN;AOSTEL61ZGREN;LIAISON 225kV N0 1 AOSTE - GRENAY - MIONS;EN EXPLOITATION;225kV;RTE;2;AOSTEL31BURCI;LIAISON 63kV N0 1 AOSTE-BURCIN;;;;;;
AERIEN;BXTO5L61L.CHA;LIAISON 225kV N0 1 BEAUTOR(POSTE) - LONG-CHAMP (LE);EN EXPLOITATION;225kV;RTE;2;L.CHAL61VEZIL;LIAISON 225kV N0 1 LONG- CHAMP (LE)- VEZILLY;;;;;;
AERIEN;CONF5L61PARIS;LIAISON 225kV N0 1 CONFLUENT - PARISET;EN EXPLOITATION;225kV;RTE;2;FURONL31PARIS;LIAISON 63kV N0 1 FURON-PARISET;;;;;;
AERIEN;LAUNAL71TAUTE;LIAISON 400kV N0 1 LAUNAY - TAUTE;EN EXPLOITATION;400kV;RTE;1;;;;;;;;
AERIEN;GAMPAL61P.EVE;LIAISON 225kV N0 1 GAMPALOUP-PONT-EVEQUE;EN EXPLOITATION;225kV;RTE;2;MIONSL61P.EVE;LIAISON 225kV N0 1 MIONS-PONT-EVEQUE;;;;;;
AERIEN;ARGOEL61ZARGO;LIAISON 225kV N0 1 AMARGUE - AMIENS - ARGOEUVES;EN EXPLOITATION;225kV;RTE;1;;;;;;;;
AERIEN;CHAN6L62REVIG;LIAISON 225kV N0 2 CHANCENAY-REVIGNY;EN EXPLOITATION;225kV;RTE;1;;;;;;;;
AERIEN;MIONSL61P.EVE;LIAISON 225kV N0 1 MIONS-PONT-EVEQUE;EN EXPLOITATION;225kV;RTE;1;;;;;;;;
AERIEN;DARSEL61FEUIL;LIAISON 225kV N0 1 DARSE-FEUILLANE;EN EXPLOITATION;225kV;RTE;2;DARSEL61RELA5;LIAISON 225kV N0 1 DARSE-RELAIS;;;;;;
AERIEN;BASTIL61LANNE;LIAISON 225kV N0 1 BASTILLAC-LANNEMEZAN;EN EXPLOITATION;225kV;RTE;1;;;;;;;;
AERIEN;ROMAIL61VLEVA;LIAISON 225kV N0 1 ROMAINVILLE-VILLEVAUDE;EN EXPLOITATION;225kV;RTE;1;;;;;;;;
AERIEN;G.COUL61SSROU;LIAISON 225kV N0 1 GRAND-COURONNE-ST-ETIENNE DU ROUVRAY;EN EXPLOITATION;225kV;RTE;1;;;;;;;;
AERIEN;M.SEIL71VIELM;LIAISON 400kV N0 1 MERY-SUR-SEINE - VIELMOULIN;EN EXPLOITATION;400kV;RTE;1;;;;;;;;
AERIEN;GRIM5L61TRANS;LIAISON 225kV N0 1 GRIMAUD - TRANS;EN EXPLOITATION;225kV;RTE;2;GRIM5L62TRANS;LIAISON 225kV N0 2 GRIMAUD - TRANS;;;;;;
AERIEN;CHABRL61L.NEU;LIAISON 225kV N0 1 CHABRILLAN-LOGIS-NEUF;EN EXPLOITATION;225kV;RTE;2;CHABRL61ZCBAU;LIAISON 225kV N0 1 BEAUMONT-MONTEUX - CHABRILLAN - CHAMBAUD;;;;;;
AERIEN;TONNEL61ZTONN;LIAISON 225kV N0 1 JOUX-LA-VILLE - SEREIN - TONNERRE;EN EXPLOITATION;225kV;RTE;1;;;;;;;;
AERIEN;CONCAL61SQUIV;LIAISON 225kV N0 1 CONCARNEAU-SQUIVIDAN;EN EXPLOITATION;225kV;RTE;1;;;;;;;;
AERIEN;G.PORL61G.SYN;LIAISON 225kV N0 1 GRAND-PORT - GRANDE-SYNTHE;EN EXPLOITATION;225kV;RTE;1;;;;;;;;
AERIEN;GRAFFL61MARL6;LIAISON 225kV N0 1 GRAFFENSTADEN-MARLENHEIM;EN EXPLOITATION;225kV;RTE;1;;;;;;;;
AERIEN;G.CAIL62MASTA;LIAISON 225kV N0 2 GROS-CAILLOU-MASTAING;EN EXPLOITATION;225kV;RTE;1;;;;;;;;
AERIEN;CHEVIL61VLEJU;LIAISON 225kV N0 1 CHEVILLY-VILLEJUST;EN EXPLOITATION;225kV;RTE;2;CHEVIL62VLEJU;LIAISON 225kV N0 2 CHEVILLY-VILLEJUST;;;;;;
AERIEN;CHOO5L62MAZUR;LIAISON 225kV N0 2 CHOOZ-MAZURES;EN EXPLOITATION;225kV;RTE;1;;;;;;;;
AERIEN;BARNAL72TERRI;LIAISON 400kV N0 2 BARNABOS - TERRIER;EN EXPLOITATION;400kV;RTE;1;;;;;;;;
AERIEN;DONZEL61FEROU;LIAISON 225kV N0 1 DONZENAC-FEROUGE;EN EXPLOITATION;225kV;RTE;1;;;;;;;;
AERIEN;A.COML61ZBXV6;LIAISON 225kV N0 1 AMIENS - AVESNES-LE-COMTE - VICOGNE (LA);EN EXPLOITATION;225kV;RTE;1;;;;;;;;
AERIEN;M.MORL61VLEVA;LIAISON 225kV N0 1 MITRY-MORY (E.D.F.)-VILLEVAUDE;EN EXPLOITATION;225kV;RTE;1;;;;;;;;
AERIEN;G.COUL62VAUPA;LIAISON 225kV N0 2 GRAND-COURONNE - VAUPALIERE (LA);EN EXPLOITATION;225kV;RTE;1;;;;;;;;
AERIEN;G.COUL63VAUPA;LIAISON 225kV N0 3 GRAND-COURONNE - VAUPALIERE (LA);EN EXPLOITATION;225kV;RTE;1;;;;;;;;
AERIEN;CHAN5L71VLERB;LIAISON 400kV N0 1 CHANCEAUX - VILLERBON;EN EXPLOITATION;400kV;RTE;1;;;;;;;;
AERIEN;CHARPL72ECHAL;LIAISON 400kV N0 2 CHARPENAY - ECHALAS;EN EXPLOITATION;400kV;RTE;1;;;;;;;;
AERIEN;B.TOLL71GEN.P;LIAISON 400kV N0 1 BOIS-TOLLOT - GENISSIAT-POSTE;EN EXPLOITATION;400kV;RTE;1;;;;;;;;
AERIEN;HOLQUL61LONG9;LIAISON 225kV N0 1 HOLQUE-LONGUENESSE;EN EXPLOITATION;225kV;RTE;2;HOLQUL62LONG9;LIAISON 225kV N0 2 HOLQUE-LONGUENESSE;;;;;;
AERIEN;AYRESL61SSVIC;LIAISON 225kV N0 1 AYRES - ST-VICTOR;EN EXPLOITATION;225kV;RTE;1;;;;;;;;
AERIEN;MARL6L62REICH;LIAISON 225kV N0 2 MARLENHEIM-REICHSTETT;EN EXPLOITATION;225kV;RTE;1;;;;;;;;
AERIEN;MARMAL72TABAR;LIAISON 400kV N0 2 MARMAGNE - TABARDERIE;EN EXPLOITATION;400kV;RTE;1;;;;;;;;
AERIEN;DAMBRL62ZESPI;LIAISON 225kV N0 2 CHAUNAY - DAMBRON - ESPIERS (LES);EN EXPLOITATION;225kV;RTE;1;;;;;;;;
AERIEN;MARCKL61SCHEE;LIAISON 225kV N0 1 MARCKOLSHEIM-SCHEER;EN EXPLOITATION;225kV;RTE;1;;;;;;;;
AERIEN;MEZE5L61MUREA;LIAISON 225kV N0 1 MEZEROLLES - MUREAUX (LES);EN EXPLOITATION;225kV;RTE;2;MEZE5L62NOURO;LIAISON 225kV N0 2 MEZEROLLES - NOUROTTES;;;;;;
AERIEN;FARRAL61SAINT;LIAISON 225kV N0 1 FARRADIERE (LA) - SAINTES;EN EXPLOITATION;225kV;RTE;1;;;;;;;;
AERIEN;CATTEL72VIGY;LIAISON 400kV N0 2 CATTENOM - VIGY;EN EXPLOITATION;400kV;RTE;1;;;;;;;;
AERIEN;AVOINL61DISTR;LIAISON 225kV N0 1 AVOINE-DISTRE;EN EXPLOITATION;225kV;RTE;1;;;;;;;;
AERIEN;P.RHIL61STRAS;LIAISON 225kV N0 1 PORT-DU-RHIN-STRASBOURG;EN EXPLOITATION;225kV;RTE;2;P.RHIL31STRAS;LIAISON 63kV N0 1 PORT-DU-RHIN-STRASBOURG;;;;;;
AERIEN;GUARBL61ISBE5;LIAISON 225kV N0 1 GUARBECQUE - ISBERGUES(UGINE ACIERS) (225kV);EN EXPLOITATION;225kV;RTE;1;;;;;;;;
AERIEN;NEOULL72REALT;LIAISON 400kV N0 2 NEOULES - REALTOR;EN EXPLOITATION;400kV;RTE;1;;;;;;;;
AERIEN;ALBERL71COCHE;LIAISON 400kV N0 1 ALBERTVILLE - COCHE (LA);EN EXPLOITATION;400kV;RTE;2;ALBERL73G.ILE;LIAISON 400kV N0 3 ALBERTVILLE - GRANDE-ILE;;;;;;
AERIEN;ALBERL73G.ILE;LIAISON 400kV N0 3 ALBERTVILLE - GRANDE-ILE;EN EXPLOITATION;400kV;RTE;1;;;;;;;;
AERIEN;CSLLEL61E.BOT;LIAISON 225kV N0 1 CASTELLET (LE) - ENCO-DE-BOTTE;EN EXPLOITATION;225kV;RTE;1;;;;;;;;
AERIEN;VLEJUL611CLAM;LIAISON 225kV N0 1 CLAMART - VILLEJUST;EN EXPLOITATION;225kV;RTE;1;;;;;;;;
AERIEN;GUEBWL61LOGEL;LIAISON 225kV N0 1 GUEBWILLER - LOGELBACH;EN EXPLOITATION;225kV;RTE;1;;;;;;;;
AERIEN;CHARPL61VAISE;LIAISON 225kV N0 1 CHARPENAY - VAISE;EN EXPLOITATION;225kV;RTE;1;;;;;;;;
AERIEN;PREGUL61SAINT;LIAISON 225kV N0 1 PREGUILLAC - SAINTES;EN EXPLOITATION;225kV;RTE;1;;;;;;;;
AERIEN;LONNYL71SEUIL;LIAISON 400kV N0 1 LONNY - SEUIL;EN EXPLOITATION;400kV;RTE;2;LONNYL71VESLE;LIAISON 400kV N0 1 LONNY - VESLE;;;;;;
AERIEN;GRAFFL61MARCK;LIAISON 225kV N0 1 GRAFFENSTADEN-MARCKOLSHEIM;EN EXPLOITATION;225kV;RTE;2;GRAFFL61SCHEE;LIAISON 225kV N0 1 GRAFFENSTADEN-SCHEER;;;;;;
AERIEN;H.VINL62HELLE;LIAISON 225kV N0 2 HAUT-VINAGE-HELLEMMES;EN EXPLOITATION;225kV;RTE;1;;;;;;;;
AERIEN;H.VINL61ZHEL5;LIAISON 225kV N0 1 AVELIN - HAUT-VINAGE - HELLEMMES;EN EXPLOITATION;225kV;RTE;1;;;;;;;;
AERIEN;MTLUCL61MTVIC;LIAISON 225kV N0 1 MONTLUCON - MONTVICQ;EN EXPLOITATION;225kV;RTE;1;;;;;;;;
AERIEN;DISTRL71GALOR;LIAISON 400kV N0 1 DISTRE - GALOREAUX (LES);EN EXPLOITATION;400kV;RTE;1;;;;;;;;
AERIEN;C.OMEL61ZC.OM;LIAISON 225kV N0 1 LATENA - PERTAIN - CRESSY-OMENCOURT;EN EXPLOITATION;225kV;RTE;1;;;;;;;;
AERIEN;CHEVIL63ZV.OR;LIAISON 225kV N0 3 CHEVILLY - ULIS (LES) - VILLEJUST;EN EXPLOITATION;225kV;RTE;2;CHEVIL64ZMAS5;LIAISON 225kV N0 4 CHEVILLY - MASSY - VILLEJUST;;;;;;
AERIEN;MORCHL61ZTRAN;LIAISON 225kV N0 1 MORCHIES - PERTAIN - TRANSLOY (LE);EN EXPLOITATION;225kV;RTE;1;;;;;;;;
AERIEN;COQUAL61DRONN;LIAISON 225kV N0 1 COQUAINVILLIERS-DRONNIERE (LA);EN EXPLOITATION;225kV;RTE;1;;;;;;;;
AERIEN;G.QUEL61VAUPA;LIAISON 225kV N0 1 GRAND-QUEVILLY-VAUPALIERE (LA);EN EXPLOITATION;225kV;RTE;2;VAUPAL41ZDIEP;LIAISON 90kV N0 1 DIEPPEDALLE-GRAND-QUEVILLY-VAUPALIERE (LA);;;;;;
AERIEN;GRANZL61NIORT;LIAISON 225kV N0 1 GRANZAY-NIORT;EN EXPLOITATION;225kV;RTE;2;GRANZL62NIORT;RES. LIAISON 225kV N0 2 GRANZAY - NIORT;;;;;;
AERIEN;P.GASL61V.BEL;LIAISON 225kV N0 1 PLESSIS-GASSOT - VILLIERS-LE-BEL;EN EXPLOITATION;225kV;RTE;1;;;;;;;;
AERIEN;TERRIL61V.SEP;LIAISON 225kV N0 1 TERRIER - VILLERS-SAINT-SEPULCRE;EN EXPLOITATION;225kV;RTE;1;;;;;;;;
AERIEN;MALECL61PLISO;LIAISON 225kV N0 1 MALECOT-PLISON;EN EXPLOITATION;225kV;RTE;1;;;;;;;;
AERIEN;COUDOL62GARD7;LIAISON 225kV N0 2 COUDON (LE)-GARDE (LA);EN EXPLOITATION;225kV;RTE;1;;;;;;;;
AERIEN;ROUMOL61ZSSCR;LIAISON 225kV N0 1 QUINSON - ROUMOULES - STE-CROIX - STE-TULLE;EN EXPLOITATION;225kV;RTE;1;;;;;;;;
AERIEN;HELLEL61ZHEL5;LIAISON 225kV N0 1 AVELIN - HAUT-VINAGE - HELLEMMES;EN EXPLOITATION;225kV;RTE;1;;;;;;;;
AERIEN;GIVORL61OULLI;LIAISON 225kV N0 1 GIVORS-OULLINS;EN EXPLOITATION;225kV;RTE;1;;;;;;;;
AERIEN;AYRESL61ZS.CU;LIAISON 225kV N0 1 AYRES - SALLES CURAN - ONET-LE-CHATEAU;EN EXPLOITATION;225kV;RTE;2;AYRESL62SSVIC;LIAISON 225kV N0 2 AYRES - ST-VICTOR;;;;;;
AERIEN;O.CHAL61ZS.CU;LIAISON 225kV N0 1 AYRES - SALLES CURAN - ONET-LE-CHATEAU;EN EXPLOITATION;225kV;RTE;1;;;;;;;;
AERIEN;BRAEKL61G.SYN;LIAISON 225kV N0 1 BRAEK-GRANDE-SYNTHE;EN EXPLOITATION;225kV;RTE;1;;;;;;;;
AERIEN;REVIGL71VIGY;LIAISON 400kV N0 1 REVIGNY - VIGY;EN EXPLOITATION;400kV;RTE;2;BEZAUL61ZPELT;LIAISON 225kV N0 1 BEZAUMONT - PELTRE - VIGY;;;;;;
AERIEN;SEREIL71VLECH;LIAISON 400kV N0 1 SEREIN - VILLECHETIVE;EN EXPLOITATION;400kV;RTE;1;;;;;;;;
AERIEN;G.BANL63GIVOR;LIAISON 225kV N0 3 GIVORS - GIVORS-BANS;EN EXPLOITATION;225kV;RTE;1;;;;;;;;
AERIEN;GEN.PL61IZERN;LIAISON 225kV N0 1 GENISSIAT-POSTE-IZERNORE;EN EXPLOITATION;225kV;RTE;1;;;;;;;;
AERIEN;DOMLOL62ZSSL7;LIAISON 225kV N0 2 BELLE-EPINE - DOMLOUP - ST-LAURENT;EN EXPLOITATION;225kV;RTE;1;;;;;;;;
AERIEN;BOUTRL62ZG.BA;LIAISON 225kV N0 2 BOUTRE - GREOUX LES BAINS - STE-TULLE;EN EXPLOITATION;225kV;RTE;1;;;;;;;;
AERIEN;BARNAL71PALUE;LIAISON 400kV N0 1 BARNABOS - PALUEL;EN EXPLOITATION;400kV;RTE;1;;;;;;;;
AERIEN;SOLEIL61VOLVO;LIAISON 225kV N0 1 SOLEIL (LE) - VOLVON;EN EXPLOITATION;225kV;RTE;1;;;;;;;;
AERIEN;L.NEUL61ZMANG;LIAISON 225kV N0 1 ETOILE-SUR-RHONE - LOGIS-NEUF - VALENCE;EN EXPLOITATION;225kV;RTE;1;;;;;;;;
AERIEN;ROUMOL61ZVA10;LIAISON 225kV N0 1 LINGOSTIERE - ROUMOULES - VALDEROURE;EN EXPLOITATION;225kV;RTE;1;;;;;;;;
AERIEN;BAYETL61VOLVI;LIAISON 225kV N0 1 BAYET-VOLVIC;EN EXPLOITATION;225kV;RTE;1;;;;;;;;
AERIEN;ETUPEL61ZHIRS;LIAISON 225kV N0 1 ETUPES - HIRSINGUE - SIERENTZ;EN EXPLOITATION;225kV;RTE;1;;;;;;;;
AERIEN;GRAFFL61SCHEE;LIAISON 225kV N0 1 GRAFFENSTADEN-SCHEER;EN EXPLOITATION;225kV;RTE;1;;;;;;;;
AERIEN;MOIMOL61P.GAS;LIAISON 225kV N0 1 MOIMONT - PLESSIS-GASSOT;EN EXPLOITATION;225kV;RTE;1;;;;;;;;
AERIEN;DURANL61ROGNA;LIAISON 225kV N0 1 DURANNE (LA)-ROGNAC;EN EXPLOITATION;225kV;RTE;1;;;;;;;;
AERIEN;CXSSEL61RECY;LIAISON 225kV N0 1 CHAUSSEE (LA)-RECY;EN EXPLOITATION;225kV;RTE;1;;;;;;;;
AERIEN;.ASPHL71SIERE;LIAISON 400kV N0 1 ASPHARD - SIERENTZ;EN EXPLOITATION;400kV;RTE;2;.LAUFL71SIERE;LIAISON 400kV N0 1 LAUFENBOURG - SIERENTZ;;;;;;
AERIEN;GAMBSL61SELTZ;LIAISON 225kV N0 1 GAMBSHEIM-SELTZ;EN EXPLOITATION;225kV;RTE;1;;;;;;;;
AERIEN;C.REGL61VIELM;LIAISON 225kV N0 1 CHAMPS-REGNAUD-VIELMOULIN;EN EXPLOITATION;225kV;RTE;1;;;;;;;;
AERIEN;GRANZL71PREGU;LIAISON 400kV N0 1 GRANZAY - PREGUILLAC;EN EXPLOITATION;400kV;RTE;1;;;;;;;;
AERIEN;BATZEL61MARL6;LIAISON 225kV N0 1 BATZENDORF-MARLENHEIM;EN EXPLOITATION;225kV;RTE;2;DETTWL61MARL6;LIAISON 225kV N0 1 DETTWILLER-MARLENHEIM;;;;;;
AERIEN;SAUS5L61VLEVA;LIAISON 225kV N0 1 SAUSSET-VILLEVAUDE;EN EXPLOITATION;225kV;RTE;1;;;;;;;;
AERIEN;NEOULL61ZROCB;LIAISON 225kV N0 1 NEOULES - ROCBARON - VINS;EN EXPLOITATION;225kV;RTE;1;;;;;;;;
AERIEN;COMM7L61CPFL5;LIAISON 225kV N0 1 CHAMPFLEUR-COMMERVEIL;EN EXPLOITATION;225kV;RTE;1;;;;;;;;
AERIEN;QUINTL61ZAMIG;LIAISON 225kV N0 1 CLAIRE-FONTAINE - COMMERVEIL - QUINTES (LES);EN EXPLOITATION;225kV;RTE;1;;;;;;;;
AERIEN;BATZEL61GAMBS;LIAISON 225kV N0 1 BATZENDORF - GAMBSHEIM;EN EXPLOITATION;225kV;RTE;1;;;;;;;;
AERIEN;CLEONL61G.COU;LIAISON 225kV N0 1 CLEON-GRAND-COURONNE;EN EXPLOITATION;225kV;RTE;1;;;;;;;;
AERIEN;LOSCOL61MARTY;LIAISON 225kV N0 1 LOSCOAT-MARTYRE (LA);EN EXPLOITATION;225kV;RTE;1;;;;;;;;
AERIEN;ARGOEL72TERRI;LIAISON 400kV N0 2 ARGOEUVES - TERRIER;EN EXPLOITATION;400kV;RTE;1;;;;;;;;
AERIEN;FLEYRL61VOUGL;LIAISON 225kV N0 1 FLEYRIAT-VOUGLANS;EN EXPLOITATION;225kV;RTE;1;;;;;;;;
AERIEN;GAMPAL61SABLO;LIAISON 225kV N0 1 GAMPALOUP-SABLONS (CLIENT);EN EXPLOITATION;225kV;RTE;1;;;;;;;;
AERIEN;ATTAQL62ZRUMI;LIAISON 225kV N0 2 ATTAQUES (LES) - HOLQUE - RUMINGHEM;EN EXPLOITATION;225kV;RTE;1;;;;;;;;
AERIEN;MACONL61ZJOUX;LIAISON 225kV N0 1 BOISSE (LA) - JOUX - MACON;EN EXPLOITATION;225kV;RTE;1;;;;;;;;
AERIEN;GAUDIL71TAMAR;LIAISON 400kV N0 1 LA GAUDIERE - TAMAREAU;EN EXPLOITATION;400kV;RTE;2;GAUDIL72TAMAR;LIAISON 400kV N0 2 LA GAUDIERE - TAMAREAU;;;;;;
AERIEN;HELLEL61M.LIL;LIAISON 225kV N0 1 HELLEMMES-MOULINS-LILLE;EN EXPLOITATION;225kV;RTE;1;;;;;;;;
AERIEN;THIERL61VALEN;LIAISON 225kV N0 1 THIERS (BRUAY-SUR-L'ESCAUT)-VALENCIENNES;EN EXPLOITATION;225kV;RTE;1;;;;;;;;
AERIEN;CORBIL62DISTR;LIAISON 225kV N0 2 CORBIERE (LA)-DISTRE;EN EXPLOITATION;225kV;RTE;1;;;;;;;;
AERIEN;ORMESL62SSBR5;LIAISON 225kV N0 2 ORMES-ST-BRICE;EN EXPLOITATION;225kV;RTE;1;;;;;;;;
AERIEN;ORMESL61SSBR5;LIAISON 225kV N0 1 ORMES-ST-BRICE;EN EXPLOITATION;225kV;RTE;1;;;;;;;;
AERIEN;H.PAUL61ZCUR5;LIAISON 225kV N0 1 CURTIL - GROSNE - HENRI-PAUL;EN EXPLOITATION;225kV;RTE;2;H.PAUL61ZCUR5;LIAISON 225kV N0 1 CURTIL - GROSNE - HENRI-PAUL;;;;;;
AERIEN;SSHUBL61ZB.HA;LIAISON 225kV N0 1 BASSE HAM - ST-HUBERT - VIGY;EN EXPLOITATION;225kV;RTE;2;SSHUBL62VIGY;LIAISON 225kV N0 2 ST-HUBERT-VIGY;;;;;;
AERIEN;COUBEL61MOISE;LIAISON 225kV N0 1 COUBERT-MOISENAY;EN EXPLOITATION;225kV;RTE;1;;;;;;;;
AERIEN;CZTRYL61MOISE;LIAISON 225kV N0 1 COURTRY - MOISENAY;EN EXPLOITATION;225kV;RTE;1;;;;;;;;
AERIEN;COR.PL71LOUIS;LIAISON 400kV N0 1 CORDEMAIS-P - LOUISFERT (POSTE F);EN EXPLOITATION;400kV;RTE;2;COR.PL72LOUIS;LIAISON 400kV N0 2 CORDEMAIS-P - LOUISFERT (POSTE F);;;;;;
AERIEN;BEZAUL61CUSTI;LIAISON 225kV N0 1 BEZAUMONT-CUSTINE;EN EXPLOITATION;225kV;RTE;2;BEZAUL31CUSTI;LIAISON 63kV N0 1 BEZAUMONT - CUSTINE;;;;;;
AERIEN;P.GASL61TILLI;LIAISON 225kV N0 1 PLESSIS-GASSOT - TILLIERS;EN EXPLOITATION;225kV;RTE;1;;;;;;;;
AERIEN;BRAUDL72CUBNE;LIAISON 400kV N0 2 BRAUD - CUBNEZAIS;EN EXPLOITATION;400kV;RTE;1;;;;;;;;
AERIEN;.SOTEL61MOULA;LIAISON 225kV N0 1 MOULAINE - SOTEL;EN EXPLOITATION;225kV;RTE;2;MOULAL31ZAUB7;LIAISON 63kV N0 1 AUBRIVES - ERROUVILLE - MOULAINE;;;;;;
AERIEN;COQUAL62ROUGE;LIAISON 225kV N0 2 COQUAINVILLIERS-ROUGEMONTIER;EN EXPLOITATION;225kV;RTE;1;;;;;;;;
AERIEN;G.CAIL61VALEN;LIAISON 225kV N0 1 GROS-CAILLOU-VALENCIENNES;EN EXPLOITATION;225kV;RTE;2;G.CAIL62VALEN;LIAISON 225kV N0 2 GROS-CAILLOU - VALENCIENNES;;;;;;
AERIEN;GAVREL61MORCH;LIAISON 225kV N0 1 GAVRELLE - MORCHIES;EN EXPLOITATION;225kV;RTE;1;;;;;;;;
AERIEN;PARC L62QUINT;LIAISON 225kV N0 2 PARC (LE)-QUINTES (LES);EN EXPLOITATION;225kV;RTE;1;;;;;;;;
AERIEN;BAYETL61MTVIC;LIAISON 225kV N0 1 BAYET - MONTVICQ;EN EXPLOITATION;225kV;RTE;2;MTLUCL61MTVIC;LIAISON 225kV N0 1 MONTLUCON - MONTVICQ;;;;;;
AERIEN;C.METL61VOID;LIAISON 225kV N0 1 CROIX-DE-METZ-VOID;EN EXPLOITATION;225kV;RTE;1;;;;;;;;
AERIEN;BATHIL61G.COE;LIAISON 225kV N0 1 BATHIE (LA)-GRAND-COEUR;EN EXPLOITATION;225kV;RTE;2;T.SAVL31ZVER5;LIAISON 63kV N0 1 CUDRAZ-TOURS EN SAVOIE-VERNAYS (LES);;;;;;
AERIEN;CHAFFL71SSV.O;LIAISON 400kV N0 1 CHAFFARD (LE) - ST-VULBAS-OUEST;EN EXPLOITATION;400kV;RTE;2;CHAFFL72SSV.O;LIAISON 400kV N0 2 CHAFFARD (LE) - ST-VULBAS-OUEST;;;;;;
AERIEN;TAVELL73TRI.P;LIAISON 400kV N0 3 TAVEL - TRICASTIN-POSTE (LE);EN EXPLOITATION;400kV;RTE;1;;;;;;;;
AERIEN;CHAINL62DAMBR;LIAISON 225kV N0 2 CHAINGY - DAMBRON;EN EXPLOITATION;225kV;RTE;2;CHAINL63DAMBR;LIAISON 225kV N0 3 CHAINGY - DAMBRON;;;;;;
AERIEN;COQUAL61TOURB;LIAISON 225kV N0 1 COQUAINVILLIERS-TOURBE;EN EXPLOITATION;225kV;RTE;1;;;;;;;;
AERIEN;VALDEL61ZVA10;LIAISON 225kV N0 1 LINGOSTIERE - ROUMOULES - VALDEROURE;EN EXPLOITATION;225kV;RTE;1;;;;;;;;
AERIEN;BATHIL61G.COE;LIAISON 225kV N0 1 BATHIE (LA)-GRAND-COEUR;EN EXPLOITATION;225kV;RTE;2;G.COEL31ZFEIS;LIAISON 63kV N0 1 CUDRAZ-FEISSONS-GRAND-COEUR;;;;;;
AERIEN;COCHEL71P.AND;LIAISON 400kV N0 1 COCHE (LA) - PRAZ-ST-ANDRE;EN EXPLOITATION;400kV;RTE;1;;;;;;;;
AERIEN;VIGY L61ZB.HA;LIAISON 225kV N0 1 BASSE HAM - ST-HUBERT - VIGY;EN EXPLOITATION;225kV;RTE;2;SSHUBL62VIGY;LIAISON 225kV N0 2 ST-HUBERT-VIGY;;;;;;
AERIEN;BUSSUL61MAMBE;LIAISON 225kV N0 1 BUSSUREL - MAMBELIN;EN EXPLOITATION;225kV;RTE;1;;;;;;;;
AERIEN;BAIXAL71GAUDI;LIAISON 400kV N0 1 BAIXAS - LA GAUDIERE;EN EXPLOITATION;400kV;RTE;2;BAIXAL72GAUDI;LIAISON 400kV N0 2 BAIXAS - LA GAUDIERE;;;;;;
AERIEN;LANDRL61MOULA;LIAISON 225kV N0 1 LANDRES-MOULAINE;EN EXPLOITATION;225kV;RTE;1;;;;;;;;
AERIEN;ROUGEL71TILL5;LIAISON 400kV N0 1 ROUGEMONTIER - TILLEUL;EN EXPLOITATION;400kV;RTE;1;;;;;;;;
AERIEN;C.ROUL61CHARP;LIAISON 225kV N0 1 CHARPENAY-CROIX-ROUSSE;EN EXPLOITATION;225kV;RTE;1;;;;;;;;
AERIEN;AUBE L61THIOT;LIAISON 225kV N0 1 AUBE-THIOT;EN EXPLOITATION;225kV;RTE;1;;;;;;;;
AERIEN;BARBUL61FOSSE;LIAISON 225kV N0 1 BARBUISE - FOSSES (LES);EN EXPLOITATION;225kV;RTE;2;FOSSEL61ORSON;LIAISON 225kV N0 1 FOSSES (LES) - ORSONVILLE;;;;;;
AERIEN;GRAV5L73WARAN;LIAISON 400kV N0 3 GRAVELINES (CENTRALE) - WARANDE;EN EXPLOITATION;400kV;RTE;2;GRAV5L74WARAN;LIAISON 400kV N0 4 GRAVELINES (CENTRALE) - WARANDE;;;;;;
AERIEN;LONNYL73MASTA;LIAISON 400kV N0 3 LONNY - MASTAING;EN EXPLOITATION;400kV;RTE;1;;;;;;;;
AERIEN;CROIXL62H.VIN;LIAISON 225kV N0 2 CROIX (LA) - HAUT-VINAGE;EN EXPLOITATION;225kV;RTE;1;;;;;;;;
AERIEN;ECHALL62GIVOR;LIAISON 225kV N0 2 ECHALAS-GIVORS;EN EXPLOITATION;225kV;RTE;1;;;;;;;;
AERIEN;CHEV5L61ZDOUL;LIAISON 225kV N0 1 CHEVIRE - DOULON - ST-JOSEPH;EN EXPLOITATION;225kV;RTE;1;;;;;;;;
AERIEN;HERS5L71LATEN;LIAISON 400kV N0 1 HERSE(LA) - LATENA;EN EXPLOITATION;400kV;RTE;1;;;;;;;;
AERIEN;OXYGAL61SSHUB;LIAISON 225kV N0 1 OXYGAZ-ST-HUBERT;EN EXPLOITATION;225kV;RTE;1;;;;;;;;
AERIEN;ALBERL61MALGO;LIAISON 225kV N0 1 ALBERTVILLE-MALGOVERT;EN EXPLOITATION;225kV;RTE;1;;;;;;;;
AERIEN;GRAV5L74WARAN;LIAISON 400kV N0 4 GRAVELINES (CENTRALE) - WARANDE;EN EXPLOITATION;400kV;RTE;1;;;;;;;;
AERIEN;ARGIEL61ETUPE;LIAISON 225kV N0 1 ARGIESANS-ETUPES;EN EXPLOITATION;225kV;RTE;2;ARGIEL61SIERE;LIAISON 225kV N0 1 ARGIESANS-SIERENTZ;;;;;;
AERIEN;CHOO2L71LONNY;LIAISON 400kV N0 1 CHOOZ B - LONNY;EN EXPLOITATION;400kV;RTE;2;CHOO2L73LONNY;RES. LIAISON 400kV N0 3  CHOOZ B - LONNY;;;;;;
AERIEN;BACALL61BRUGE;LIAISON 225kV N0 1 BACALAN-BRUGES;EN EXPLOITATION;225kV;RTE;2;BRUGEL61MQIS;LIAISON 225kV N0 1 BRUGES - MARQUIS (LE);;;;;;
AERIEN;P.GASL61ZGONE;LIAISON 225kV N0 1 PLESSIS-GASSOT - SAUSSET - GONESSE;EN EXPLOITATION;225kV;RTE;1;;;;;;;;
AERIEN;VLEVAL62ZAVR5;LIAISON 225kV N0 2 PLAISANCE - VILLEVAUDE - AVRON;EN EXPLOITATION;225kV;RTE;1;;;;;;;;
AERIEN;SSHUBL62VIGY;LIAISON 225kV N0 2 ST-HUBERT-VIGY;EN EXPLOITATION;225kV;RTE;1;;;;;;;;
AERIEN;CHESNL61CZTRY;LIAISON 225kV N0 1 CHESNOY (LE) - COURTRY;EN EXPLOITATION;225kV;RTE;1;;;;;;;;
AERIEN;G.COUL61ROUGE;LIAISON 225kV N0 1 GRAND-COURONNE-ROUGEMONTIER;EN EXPLOITATION;225kV;RTE;1;;;;;;;;
AERIEN;LUMESL61MOHON;LIAISON 225kV N0 1 LUMES-MOHON;EN EXPLOITATION;225kV;RTE;1;;;;;;;;
AERIEN;P.JERL61VAUPA;LIAISON 225kV N0 1 PORT-JEROME-VAUPALIERE (LA);EN EXPLOITATION;225kV;RTE;1;;;;;;;;
AERIEN;LUTTEL61SIERE;LIAISON 225kV N0 1 LUTTERBACH-SIERENTZ;EN EXPLOITATION;225kV;RTE;1;;;;;;;;
AERIEN;LIERSL61ZLIN7;LIAISON 225kV N0 1 LIERS - VILLEJUST - PETIT-BOIS (LE);EN EXPLOITATION;225kV;RTE;2;LOGESL61ZLINA;LIAISON 225kV N0 1 ESCARGOT - LOGES (LES) - PETIT-BOIS (LE);;;;;;
AERIEN;BISC6L62JONQU;LIAISON 225kV N0 2 BISCARRAT-JONQUIERES;EN EXPLOITATION;225kV;RTE;1;;;;;;;;
AERIEN;CHEVIL61V.GEO;LIAISON 225kV N0 1 CHEVILLY - VILLENEUVE-ST-GEORGES;EN EXPLOITATION;225kV;RTE;1;;;;;;;;
AERIEN;NEGR5L61ZNEG5;LIAISON 225kV N0 1 GODIN - NEGREPELISSE - VERLHAGUET;EN EXPLOITATION;225kV;RTE;1;;;;;;;;
AERIEN;TALAML61ZTALA;LIAISON 225kV N0 1 BREUIL - LAVAL-DE-CERE - TALAMET;EN EXPLOITATION;225kV;RTE;1;;;;;;;;
AERIEN;MARCKL62VOGEL;LIAISON 225kV N0 2 MARCKOLSHEIM-VOGELGRUN;EN EXPLOITATION;225kV;RTE;1;;;;;;;;
AERIEN;BEZAUL61CUSTI;LIAISON 225kV N0 1 BEZAUMONT-CUSTINE;EN EXPLOITATION;225kV;RTE;1;;;;;;;;
AERIEN;DISTRL61MONDI;LIAISON 225kV N0 1 DISTRE - MONDION;EN EXPLOITATION;225kV;RTE;1;;;;;;;;
AERIEN;GROSNL61GUEUG;LIAISON 225kV N0 1 GROSNE-GUEUGNON;EN EXPLOITATION;225kV;RTE;1;;;;;;;;
AERIEN;CIZE L61IZERN;LIAISON 225kV N0 1 CIZE - IZERNORE;EN EXPLOITATION;225kV;RTE;1;;;;;;;;
AERIEN;GRAV5L62WARAN;LIAISON 225kV N0 2 GRAVELINES (CENTRALE) - WARANDE;EN EXPLOITATION;225kV;RTE;1;;;;;;;;
AERIEN;CHESNL61VOULZ;LIAISON 225kV N0 1 CHESNOY (LE)-VOULZIE (LA);EN EXPLOITATION;225kV;RTE;1;;;;;;;;
AERIEN;VINS L61ZROCB;LIAISON 225kV N0 1 NEOULES - ROCBARON - VINS;EN EXPLOITATION;225kV;RTE;1;;;;;;;;
AERIEN;.SOTEL61MOULA;LIAISON 225kV N0 1 MOULAINE - SOTEL;EN EXPLOITATION;225kV;RTE;1;;;;;;;;
AERIEN;JONQUL61MTAG5;LIAISON 225kV N0 1 JONQUIERES - MONTAGNETTE (LA);EN EXPLOITATION;225kV;RTE;1;;;;;;;;
AERIEN;CORMEL61ZHERB;LIAISON 225kV N0 1 CERGY - CORMEILLES - HERBLAY;EN EXPLOITATION;225kV;RTE;1;;;;;;;;
AERIEN;TAVELL75TRI.P;LIAISON 400kV N0 5 TAVEL - TRICASTIN-POSTE (LE);EN EXPLOITATION;400kV;RTE;1;;;;;;;;
AERIEN;MUHLBL71SIERE;LIAISON 400kV N0 1 MUHLBACH - SIERENTZ;EN EXPLOITATION;400kV;RTE;1;;;;;;;;
AERIEN;P.SIML63VERFE;LIAISON 225kV N0 3 PORTET - ST-SIMON-VERFEIL;EN EXPLOITATION;225kV;RTE;1;;;;;;;;
AERIEN;DOMLOL71LAUNA;LIAISON 400kV N0 1 DOMLOUP - LAUNAY;EN EXPLOITATION;400kV;RTE;1;;;;;;;;
AERIEN;P.ORGL71TAVEL;LIAISON 400kV N0 1 PLAN-D ORGON - TAVEL;EN EXPLOITATION;400kV;RTE;1;;;;;;;;
AERIEN;BXRE6L61T.NO6;LIAISON 225kV N0 1 BEAUREGARD(SAINT-LAURENT-NOUAN) - TERRES-NOIRES(RFF A VILLEFRANCHE SUR CHER );EN EXPLOITATION;225kV;RTE;1;;;;;;;;
AERIEN;GRANZL71JUMEA;LIAISON 400kV N0 1 GRANZAY - JUMEAUX (LES);EN EXPLOITATION;400kV;RTE;2;GRANZL72JUMEA;LIAISON 400kV N0 2 GRANZAY - JUMEAUX (LES);;;;;;
AERIEN;P.JERL61ROUGE;LIAISON 225kV N0 1 PORT-JEROME-ROUGEMONTIER;EN EXPLOITATION;225kV;RTE;1;;;;;;;;
AERIEN;CERGYL61ZLIE5;LIAISON 225kV N0 1 CERGY - LIESSE - PLESSIS-GASSOT;EN EXPLOITATION;225kV;RTE;1;;;;;;;;
AERIEN;CERGYL61ZLIES;LIAISON 225kV N0 1 CERGY - HAUTE-BORNE - LIESSE;EN EXPLOITATION;225kV;RTE;2;CERGYL61ZLIE5;LIAISON 225kV N0 1 CERGY - LIESSE - PLESSIS-GASSOT;;;;;;
AERIEN;BARNAL72VAUPA;LIAISON 400kV N0 2 BARNABOS - VAUPALIERE (LA);EN EXPLOITATION;400kV;RTE;1;;;;;;;;
AERIEN;PONTEL61REALT;LIAISON 225kV N0 1 PONTEAU - REALTOR;EN EXPLOITATION;225kV;RTE;1;;;;;;;;
AERIEN;PONTEL72REALT;LIAISON 400kV N0 2 PONTEAU - REALTOR;EN EXPLOITATION;400kV;RTE;1;;;;;;;;
AERIEN;CSLL8L61TAMAR;LIAISON 225kV N0 1 CASTELLE (LA) - TAMAREAU;EN EXPLOITATION;225kV;RTE;2;MTPELL61ZP.TR;LIAISON 225kV N0 1 MONTPELLIER - PONT TRINQUAT - ST CHRISTOL;;;;;;
AERIEN;CSLL8L61TAMAR;LIAISON 225kV N0 1 CASTELLE (LA) - TAMAREAU;EN EXPLOITATION;225kV;RTE;1;;;;;;;;
AERIEN;DISTRL71PICOC;LIAISON 400kV N0 1 DISTRE - PICOCHERIE (LA);EN EXPLOITATION;400kV;RTE;1;;;;;;;;
AERIEN;ORAISL61SISTE;LIAISON 225kV N0 1 ORAISON-SISTERON;EN EXPLOITATION;225kV;RTE;2;SISTEL61ZSAL6;LIAISON 225kV N0 1 SALIGNAC - SISTERON - ST-AUBAN;;;;;;
AERIEN;ARGOEL71MANDA;LIAISON 400kV N0 1 ARGOEUVES - MANDARINS;EN EXPLOITATION;400kV;RTE;1;;;;;;;;
AERIEN;COULAL71TAVEL;LIAISON 400kV N0 1 COULANGE - TAVEL;EN EXPLOITATION;400kV;RTE;1;;;;;;;;
AERIEN;COULAL71TAVEL;LIAISON 400kV N0 1 COULANGE - TAVEL;EN EXPLOITATION;400kV;RTE;2;COULAL71TRI.P;LIAISON 400kV N0 1 COULANGE - TRICASTIN-POSTE (LE);;;;;;
AERIEN;FIRM5L61JACQU;LIAISON 225kV N0 1 FIRMINY-JACQUARD;EN EXPLOITATION;225kV;RTE;1;;;;;;;;
AERIEN;G.COUL61VAUPA;LIAISON 225kV N0 1 GRAND-COURONNE-VAUPALIERE (LA);EN EXPLOITATION;225kV;RTE;2;G.COUL41GANTE;LIAISON 90kV N0 1 GANTERIE-GRAND-COURONNE;;;;;;
AERIEN;AVOI5L72LARCA;LIAISON 400kV N0 2 AVOINE(POSTE 400 kV) - LARCAY;EN EXPLOITATION;400kV;RTE;1;;;;;;;;
AERIEN;SISTEL61ZSAL6;LIAISON 225kV N0 1 SALIGNAC - SISTERON - ST-AUBAN;EN EXPLOITATION;225kV;RTE;1;;;;;;;;
AERIEN;P.GASL63ZFANA;LIAISON 225kV N0 3 FALLOU - FANAUDES - PLESSIS-GASSOT;EN EXPLOITATION;225kV;RTE;1;;;;;;;;
AERIEN;PORCHL61SSBAI;LIAISON 225kV N0 1 PORCHEVILLE-ST-PIERRE-DE-BAILLEUL;EN EXPLOITATION;225kV;RTE;1;;;;;;;;
AERIEN;SAINNL61YAINV;LIAISON 225kV N0 1 SAINNEVILLE-YAINVILLE;EN EXPLOITATION;225kV;RTE;1;;;;;;;;
AERIEN;BOUTRL71P.ORG;LIAISON 400kV N0 1 BOUTRE - PLAN-D ORGON;EN EXPLOITATION;400kV;RTE;1;;;;;;;;
AERIEN;MAUGEL61VERTO;LIAISON 225kV N0 1 MAUGES (LES)-VERTOU;EN EXPLOITATION;225kV;RTE;1;;;;;;;;
AERIEN;.AUBAL61M.MA5;LIAISON 225kV N0 1 AUBANGE - MT-SAINT-MARTIN;EN EXPLOITATION;225kV;RTE;1;;;;;;;;
AERIEN;BAYETL61MTVIC;LIAISON 225kV N0 1 BAYET - MONTVICQ;EN EXPLOITATION;225kV;RTE;1;;;;;;;;
AERIEN;CHESNL71VLECH;LIAISON 400kV N0 1 CHESNOY (LE) - VILLECHETIVE;EN EXPLOITATION;400kV;RTE;1;;;;;;;;
AERIEN;MOUL8L61VLEJU;LIAISON 225kV N0 1 MOULINEAUX - VILLEJUST;EN EXPLOITATION;225kV;RTE;4;VLEJUL611CLAM;LIAISON 225kV N0 1 CLAMART - VILLEJUST;VLEJUL61ZROBI;LIAISON 225kV N0 1 CHATILLON (CLAMART) - ROBINSON - VILLEJUST;VLEJUL62ZROB5;RES. LIAISON 225kV N0 2 CHATILLON (CLAMART) - ROBINSON - VILLEJUST;;
AERIEN;MOUL8L61VLEJU;LIAISON 225kV N0 1 MOULINEAUX - VILLEJUST;EN EXPLOITATION;225kV;RTE;2;VLEJUL611CLAM;LIAISON 225kV N0 1 CLAMART - VILLEJUST;;;;;;
AERIEN;MAMBEL71SIERE;LIAISON 400kV N0 1 MAMBELIN - SIERENTZ;EN EXPLOITATION;400kV;RTE;1;;;;;;;;
AERIEN;AYVELL62LUMES;LIAISON 225kV N0 2 AYVELLES (LES)-LUMES;EN EXPLOITATION;225kV;RTE;1;;;;;;;;
AERIEN;MQIS L71SAUCA;LIAISON 400kV N0 1 MARQUIS (LE) - SAUCATS;EN EXPLOITATION;400kV;RTE;1;;;;;;;;
AERIEN;VINCEL61VITTE;LIAISON 225kV N0 1 VINCEY-VITTEL;EN EXPLOITATION;225kV;RTE;2;VINCEL32VITTE;LIAISON 63kV N0 2 VINCEY-VITTEL;;;;;;
AERIEN;MERLAL61SOULL;LIAISON 225kV N0 1 MERLATIERE - SOULLANS;EN EXPLOITATION;225kV;RTE;2;MERLAL62SOULL;LIAISON 225kV N0 2 MERLATIERE - SOULLANS;;;;;;
AERIEN;DECHYL61GAVRE;LIAISON 225kV N0 1 DECHY - GAVRELLE;EN EXPLOITATION;225kV;RTE;1;;;;;;;;
AERIEN;MTPELL61TAMAR;LIAISON 225kV N0 1 MONTPELLIER - TAMAREAU;EN EXPLOITATION;225kV;RTE;1;;;;;;;;
AERIEN;MTPELL63TAMAR;LIAISON 225kV N0 3 MONTPELLIER - TAMAREAU;EN EXPLOITATION;225kV;RTE;1;;;;;;;;
AERIEN;BREVIL61MALGO;LIAISON 225kV N0 1 BREVIERES (LES)-MALGOVERT;EN EXPLOITATION;225kV;RTE;1;;;;;;;;
AERIEN;CERGYL71TERRI;LIAISON 400kV N0 1 CERGY - TERRIER;EN EXPLOITATION;400kV;RTE;2;CERGYL72TERRI;LIAISON 400kV N0 2 CERGY - TERRIER;;;;;;
AERIEN;BRAEKL62G.SYN;LIAISON 225kV N0 2 BRAEK-GRANDE-SYNTHE;EN EXPLOITATION;225kV;RTE;1;;;;;;;;
AERIEN;GRAV5L72WARAN;LIAISON 400kV N0 2 GRAVELINES (CENTRALE) - WARANDE;EN EXPLOITATION;400kV;RTE;1;;;;;;;;
AERIEN;GRAV5L71WARAN;LIAISON 400kV N0 1 GRAVELINES (CENTRALE) - WARANDE;EN EXPLOITATION;400kV;RTE;2;GRAV5L72WARAN;LIAISON 400kV N0 2 GRAVELINES (CENTRALE) - WARANDE;;;;;;
AERIEN;P.GASL72TERRI;LIAISON 400kV N0 2 PLESSIS-GASSOT - TERRIER;EN EXPLOITATION;400kV;RTE;1;;;;;;;;
AERIEN;LONNYL71MOULA;LIAISON 400kV N0 1 LONNY - MOULAINE;EN EXPLOITATION;400kV;RTE;2;LONNYL72MOULA;LIAISON 400kV N0 2 LONNY - MOULAINE;;;;;;
AERIEN;CHESNL72MORBR;LIAISON 400kV N0 2 CHESNOY (LE) - MORBRAS;EN EXPLOITATION;400kV;RTE;1;;;;;;;;
AERIEN;.VERBL71B.TOL;LIAISON 400kV N0 1 BOIS-TOLLOT - VERBOIS;EN EXPLOITATION;400kV;RTE;1;;;;;;;;
AERIEN;COULAL72CRUA5;LIAISON 400kV N0 2 COULANGE - CRUAS (-MEYSSE);EN EXPLOITATION;400kV;RTE;1;;;;;;;;
AERIEN;AMNEVL61RICHE;LIAISON 225kV N0 1 AMNEVILLE-RICHEMONT;EN EXPLOITATION;225kV;RTE;1;;;;;;;;
AERIEN;GEN.PL61ZCRUS;LIAISON 225kV N0 1 CORNIER - CRUSEILLES - GENISSIAT-POSTE;EN EXPLOITATION;225kV;RTE;1;;;;;;;;
AERIEN;CATTEL73VIGY;LIAISON 400kV N0 3 CATTENOM - VIGY;EN EXPLOITATION;400kV;RTE;2;CATTEL74VIGY;LIAISON 400kV N0 4 CATTENOM - VIGY;;;;;;
AERIEN;ATTAQL72WARAN;LIAISON 400kV N0 2 ATTAQUES (LES) - WARANDE;EN EXPLOITATION;400kV;RTE;1;;;;;;;;
AERIEN;MIONSL61MOIRA;LIAISON 225kV N0 1 MIONS-MOIRANS;EN EXPLOITATION;225kV;RTE;1;;;;;;;;
AERIEN;COMMUL61VIELM;LIAISON 225kV N0 1 COMMUNE-VIELMOULIN;EN EXPLOITATION;225kV;RTE;1;;;;;;;;
AERIEN;MEZE5L61VERIN;LIAISON 225kV N0 1 MEZEROLLES- VERINNERIE (LA);EN EXPLOITATION;225kV;RTE;1;;;;;;;;
AERIEN;H.VINL61HANNA;LIAISON 225kV N0 1 HANNART-HAUT-VINAGE;EN EXPLOITATION;225kV;RTE;1;;;;;;;;
AERIEN;ARGOEL71PENL5;LIAISON 400kV N0 1 ARGOEUVES - PENLY (POSTE EVACUATION);EN EXPLOITATION;400kV;RTE;1;;;;;;;;
AERIEN;TAVELL61VIRAD;LIAISON 225kV N0 1 TAVEL-VIRADEL;EN EXPLOITATION;225kV;RTE;2;TAVELL62VIRAD;LIAISON 225kV N0 2 TAVEL-VIRADEL;;;;;;
AERIEN;FREJUL62TRANS;LIAISON 225kV N0 2 FREJUS-TRANS;EN EXPLOITATION;225kV;RTE;1;;;;;;;;
AERIEN;FREJUL61TRANS;LIAISON 225kV N0 1 FREJUS-TRANS;EN EXPLOITATION;225kV;RTE;1;;;;;;;;
AERIEN;FREJUL61TRANS;LIAISON 225kV N0 1 FREJUS-TRANS;EN EXPLOITATION;225kV;RTE;2;FREJUL62TRANS;LIAISON 225kV N0 2 FREJUS-TRANS;;;;;;
AERIEN;BRIO6L61FLEAC;LIAISON 225kV N0 1 BRIOUX-SUR-BOUTONNE - FLEAC;EN EXPLOITATION;225kV;RTE;1;;;;;;;;
AERIEN;ASTURL61CZRIE;LIAISON 225kV N0 1 ASTURIES - COURRIERES;EN EXPLOITATION;225kV;RTE;2;ASTURL61DECHY;LIAISON 225kV N0 1 ASTURIES - DECHY;;;;;;
AERIEN;ASTURL61CZRIE;LIAISON 225kV N0 1 ASTURIES - COURRIERES;EN EXPLOITATION;225kV;RTE;1;;;;;;;;
AERIEN;FLAMAL72MENUE;LIAISON 400kV N0 2 FLAMANVILLE - MENUEL DER TA3;EN EXPLOITATION;400kV;RTE;1;;;;;;;;
AERIEN;CORBIL61SSBA5;LIAISON 225kV N0 1 CORBIERE (LA)-ST-BARTHELEMY;EN EXPLOITATION;225kV;RTE;1;;;;;;;;
AERIEN;LUMESL63MOHON;LIAISON 225kV N0 3 LUMES - MOHON;EN EXPLOITATION;225kV;RTE;1;;;;;;;;
AERIEN;SSAUBL61ZMEES;LIAISON 225kV N0 1 MEES (LES) - ORAISON - ST-AUBAN;EN EXPLOITATION;225kV;RTE;1;;;;;;;;
AERIEN;LOGELL71MUHLB;LIAISON 400kV N0 1 LOGELBACH - MUHLBACH;EN EXPLOITATION;400kV;RTE;2;MUHLBL71VINCE;LIAISON 400kV N0 1 MUHLBACH - VINCEY;;;;;;
AERIEN;DARSEL61FEUIL;LIAISON 225kV N0 1 DARSE-FEUILLANE;EN EXPLOITATION;225kV;RTE;2;FEUILL61ROCAD;LIAISON 225kV N0 1 FEUILLANE-ROCADE;;;;;;
AERIEN;CHAFFL73SSV.O;LIAISON 400kV N0 3 CHAFFARD (LE) - ST-VULBAS-OUEST;EN EXPLOITATION;400kV;RTE;2;CHAFFL74SSV.O;LIAISON 400kV N0 4 CHAFFARD - ST-VULBAS-OUEST;;;;;;
AERIEN;C.RHOL61L.NEU;LIAISON 225kV N0 1 CHATEAUNEUF-DU-RHONE - LOGIS-NEUF;EN EXPLOITATION;225kV;RTE;1;;;;;;;;
AERIEN;P.ROSL61SARR6;LIAISON 225kV N0 1 PETITE-ROSSELLE-SARREGUEMINES;EN EXPLOITATION;225kV;RTE;2;SARR6L61ZSAR6;LIAISON 225kV N0 1 BERGHOLZ - SARREGUEMINES - ST-AVOLD;;;;;;
AERIEN;AMIENL61ZBXV6;LIAISON 225kV N0 1 AMIENS - AVESNES-LE-COMTE - VICOGNE (LA);EN EXPLOITATION;225kV;RTE;1;;;;;;;;
AERIEN;SAUCAL61ZBARP;LIAISON 225kV N0 1 MASQUET - SAUCATS - LE BARP;EN EXPLOITATION;225kV;RTE;1;;;;;;;;
AERIEN;CARRIL62TERRI;LIAISON 225kV N0 2 CARRIERES-TERRIER;EN EXPLOITATION;225kV;RTE;1;;;;;;;;
AERIEN;G.SYNL61WESTH;LIAISON 225kV N0 1 GRANDE-SYNTHE -WESTHOUCK (COPENOR G.I.E.);EN EXPLOITATION;225kV;RTE;1;;;;;;;;
AERIEN;SANILL61TUILI;LIAISON 225kV N0 1 SANILHAC-TUILIERES;EN EXPLOITATION;225kV;RTE;1;;;;;;;;
AERIEN;CHESNL71M.SEI;LIAISON 400kV N0 1 CHESNOY (LE) - MERY-SUR-SEINE;EN EXPLOITATION;400kV;RTE;1;;;;;;;;
AERIEN;CXNAYL62ZESPI;LIAISON 225kV N0 2 CHAUNAY - DAMBRON - ESPIERS (LES);EN EXPLOITATION;225kV;RTE;2;CXNAYL41GELLA;LIAISON 90kV N0 1 CHAUNAY-GELLAINVILLE;;;;;;
AERIEN;CXNAYL62ZESPI;LIAISON 225kV N0 2 CHAUNAY - DAMBRON - ESPIERS (LES);EN EXPLOITATION;225kV;RTE;1;;;;;;;;
AERIEN;G.COUL62VAUPA;LIAISON 225kV N0 2 GRAND-COURONNE - VAUPALIERE (LA);EN EXPLOITATION;225kV;RTE;2;G.COUL63VAUPA;LIAISON 225kV N0 3 GRAND-COURONNE - VAUPALIERE (LA);;;;;;
AERIEN;BACALL61MQIS;LIAISON 225kV N0 1 BACALAN-MARQUIS (LE);EN EXPLOITATION;225kV;RTE;2;BACALL31ZBASS;LIAISON 63kV N0 1 BACALAN-MARQUIS-BASSENS;;;;;;
AERIEN;DRONNL61FLERS;LIAISON 225kV N0 1 DRONNIERE (LA)-FLERS;EN EXPLOITATION;225kV;RTE;1;;;;;;;;
AERIEN;GRAFFL61SPORE;LIAISON 225kV N0 1 GRAFFENSTADEN-SPORENINSEL;EN EXPLOITATION;225kV;RTE;1;;;;;;;;
AERIEN;MOULAL72VIGY;LIAISON 400kV N0 2 MOULAINE - VIGY;EN EXPLOITATION;400kV;RTE;1;;;;;;;;
AERIEN;MOULAL71VIGY;LIAISON 400kV N0 1 MOULAINE - VIGY;EN EXPLOITATION;400kV;RTE;1;;;;;;;;
AERIEN;DRONNL61TOURB;LIAISON 225kV N0 1 DRONNIERE (LA)-TOURBE;EN EXPLOITATION;225kV;RTE;1;;;;;;;;
AERIEN;AIRVAL61BONN6;LIAISON 225kV N0 1 AIRVAULT-BONNEAU;EN EXPLOITATION;225kV;RTE;2;AIRVAL61JUMEA;LIAISON 225kV N0 1 AIRVAULT-JUMEAUX (LES);;;;;;
AERIEN;AIRVAL61BONN6;LIAISON 225kV N0 1 AIRVAULT-BONNEAU;EN EXPLOITATION;225kV;RTE;1;;;;;;;;
AERIEN;CPVANL61TAVAU;LIAISON 225kV N0 1 CHAMPVANS-TAVAUX(STE SOLVAY A TAVAUX);EN EXPLOITATION;225kV;RTE;1;;;;;;;;
AERIEN;CIROLL62LOGES;LIAISON 225kV N0 2 CIROLLIERS-LOGES (LES);EN EXPLOITATION;225kV;RTE;1;;;;;;;;
AERIEN;B.MONL62GAMPA;LIAISON 225kV N0 2 BEAUMONT-MONTEUX-GAMPALOUP;EN EXPLOITATION;225kV;RTE;1;;;;;;;;
AERIEN;C.RHOL61L.NEU;LIAISON 225kV N0 1 CHATEAUNEUF-DU-RHONE - LOGIS-NEUF;EN EXPLOITATION;225kV;RTE;2;C.RHOL62L.NEU;LIAISON 225kV N0 2 CHATEAUNEUF-DU-RHONE - LOGIS-NEUF;;;;;;
AERIEN;P.ROUL61SQUIV;LIAISON 225kV N0 1 POTEAU-ROUGE - SQUIVIDAN;EN EXPLOITATION;225kV;RTE;1;;;;;;;;
AERIEN;GAUGLL72SSELO;LIAISON 400kV N0 2 GAUGLIN - ST-ELOI;EN EXPLOITATION;400kV;RTE;1;;;;;;;;
AERIEN;DAMBRL62G.DEN;LIAISON 225kV N0 2 DAMBRON-GAULT-SAINT-DENIS;EN EXPLOITATION;225kV;RTE;1;;;;;;;;
AERIEN;CHEVAL71LATEN;LIAISON 400kV N0 1 CHEVALET - LATENA;EN EXPLOITATION;400kV;RTE;2;CHEVAL72LATEN;LIAISON 400kV N0 2 CHEVALET - LATENA;;;;;;
AERIEN;CPVANL61PYMON;LIAISON 225kV N0 1 CHAMPVANS-PYMONT;EN EXPLOITATION;225kV;RTE;1;;;;;;;;
AERIEN;RIVIEL61SANSS;LIAISON 225kV N0 1 RIVIERE (LA) - SANSSAC (L EGLISE);EN EXPLOITATION;225kV;RTE;1;;;;;;;;
AERIEN;CHARPL72SSV.O;LIAISON 400kV N0 2 CHARPENAY - ST-VULBAS-OUEST;EN EXPLOITATION;400kV;RTE;1;;;;;;;;
AERIEN;MAUBEL61P.SAM;LIAISON 225kV N0 1 MAUBEUGE-PONT-SUR-SAMBRE;EN EXPLOITATION;225kV;RTE;1;;;;;;;;
AERIEN;LOGELL71MUHLB;LIAISON 400kV N0 1 LOGELBACH - MUHLBACH;EN EXPLOITATION;400kV;RTE;1;;;;;;;;
AERIEN;ATTAQL61ECHIN;LIAISON 225kV N0 1 ATTAQUES (LES) - ECHINGHEN;EN EXPLOITATION;225kV;RTE;1;;;;;;;;
AERIEN;BEZAUL71HOUDR;LIAISON 400kV N0 1 BEZAUMONT - HOUDREVILLE;EN EXPLOITATION;400kV;RTE;1;;;;;;;;
AERIEN;BEZAUL72HOUDR;LIAISON 400kV N0 2 BEZAUMONT - HOUDREVILLE;EN EXPLOITATION;400kV;RTE;1;;;;;;;;
AERIEN;CHAFFL71CPNIE;LIAISON 400kV N0 1 CHAFFARD (LE) - CHAMPAGNIER;EN EXPLOITATION;400kV;RTE;2;CHAFFL72MIONS;LIAISON 400kV N0 2 CHAFFARD (LE) - MIONS;;;;;;
AERIEN;FLOIRL61MQIS;LIAISON 225kV N0 1 FLOIRAC EDF-MARQUIS (LE);EN EXPLOITATION;225kV;RTE;1;;;;;;;;
AERIEN;AVOI5L71DISTR;LIAISON 400kV N0 1 AVOINE(POSTE 400 kV) - DISTRE;EN EXPLOITATION;400kV;RTE;1;;;;;;;;
AERIEN;BARNAL71PENL5;LIAISON 400kV N0 1 BARNABOS - PENLY (POSTE EVACUATION);EN EXPLOITATION;400kV;RTE;1;;;;;;;;
AERIEN;BARNAL71PENL5;LIAISON 400kV N0 1 BARNABOS - PENLY (POSTE EVACUATION);EN EXPLOITATION;400kV;RTE;2;BARNAL72PENL5;LIAISON 400kV N0 2 BARNABOS - PENLY (POSTE EVACUATION);;;;;;
AERIEN;CURTIL61GROSN;LIAISON 225kV N0 1 CURTIL-GROSNE;EN EXPLOITATION;225kV;RTE;1;;;;;;;;
AERIEN;ISSOIL61PRATC;LIAISON 225kV N0 1 ISSOIRE - PRATCLAUX;EN EXPLOITATION;225kV;RTE;2;ISSOIL62PRATC;RES. LIAISON 225kV N0 2  ISSOIRE - PRATCLAUX;;;;;;
AERIEN;AMARGL61ARGOE;LIAISON 225kV N0 1 AMARGUE-ARGOEUVES;EN EXPLOITATION;225kV;RTE;1;;;;;;;;
AERIEN;CROIXL61P.ME5;LIAISON 225kV N0 1 CROIX (LA)-PETIT-MENIN;EN EXPLOITATION;225kV;RTE;2;CROIXL62P.ME5;LIAISON 225kV N0 2 CROIX (LA) - PETIT-MENIN;;;;;;
AERIEN;AIRVAL61BONN6;LIAISON 225kV N0 1 AIRVAULT-BONNEAU;EN EXPLOITATION;225kV;RTE;2;AIRVAL42MIREB;LIAISON 90kV N0 2 AIRVAULT-MIREBEAU;;;;;;
AERIEN;PATISL61REMIS;LIAISON 225kV N0 1 PATIS - REMISE;EN EXPLOITATION;225kV;RTE;2;PATISL31REMIS;LIAISON 63kV N0 1 PATIS-REMISE;;;;;;
AERIEN;G.BANL62GIVOR;LIAISON 225kV N0 2 GIVORS-GIVORS-BANS;EN EXPLOITATION;225kV;RTE;1;;;;;;;;
AERIEN;GAUDIL61SSVIN;LIAISON 225kV N0 1 LA GAUDIERE - ST VINCENT;EN EXPLOITATION;225kV;RTE;1;;;;;;;;
AERIEN;AUBUSL61SSFEY;LIAISON 225kV N0 1 AUBUSSON - STE-FEYRE;EN EXPLOITATION;225kV;RTE;2;EGUZOL61SSFEY;LIAISON 225kV N0 1 EGUZON-STE-FEYRE;;;;;;
AERIEN;CPNIEL61S.PON;LIAISON 225kV N0 1 CHAMPAGNIER-SERRE-PONCON;EN EXPLOITATION;225kV;RTE;2;GRISOL61S.PON;LIAISON 225kV N0 1 GRISOLLES-SERRE-PONCON;;;;;;
AERIEN;BXLIEL61FARRA;LIAISON 225kV N0 1 BEAULIEU-FARRADIERE (LA);EN EXPLOITATION;225kV;RTE;1;;;;;;;;
AERIEN;M.PONL65PONTE;LIAISON 225kV N0 5 MARTIGUES-PONTEAU - PONTEAU;EN EXPLOITATION;225kV;RTE;1;;;;;;;;
AERIEN;LAUNAL71TAUTE;LIAISON 400kV N0 1 LAUNAY - TAUTE;EN EXPLOITATION;400kV;RTE;2;LAUNAL72TAUTE;LIAISON 400kV N0 2 LAUNAY - TAUTE;;;;;;
AERIEN;PALUNL61SEPTE;LIAISON 225kV N0 1 PALUN (LA)-SEPTEMES;EN EXPLOITATION;225kV;RTE;2;PALUNL62SEPTE;LIAISON 225kV N0 2 PALUN (LA)-SEPTEMES;;;;;;
AERIEN;CHENEL61SENAR;LIAISON 225kV N0 1 CHENET-SENART;EN EXPLOITATION;225kV;RTE;2;CZTRYL61SENAR;LIAISON 225kV N0 1 COURTRY-SENART;;;;;;
AERIEN;BOUTRL61FAVAR;LIAISON 225kV N0 1 BOUTRE - FAVARY;EN EXPLOITATION;225kV;RTE;1;;;;;;;;
AERIEN;SAFE L61VIGY;LIAISON 225kV N0 1 S.A.F.E.-VIGY;EN EXPLOITATION;225kV;RTE;1;;;;;;;;
AERIEN;CHEVAL71GAVRE;LIAISON 400kV N0 1 CHEVALET - GAVRELLE;EN EXPLOITATION;400kV;RTE;2;CHEVAL72GAVRE;LIAISON 400kV N0 2 CHEVALET - GAVRELLE;;;;;;
AERIEN;.VICHL71BAIXA;LIAISON 400kV N0 1 VICH - BAIXAS;EN EXPLOITATION;400kV;RTE;2;M.BRUL51NENTI;LIAISON 150kV N0 1 MAS BRUNO - NENTILLA;;;;;;
AERIEN;HERS5L71LATEN;LIAISON 400kV N0 1 HERSE(LA) - LATENA;EN EXPLOITATION;400kV;RTE;2;LATENL71VLEVA;LIAISON 400kV N0 1 LATENA - VILLEVAUDE;;;;;;
AERIEN;WOESTL61ZWOES;LIAISON 225kV N0 1 GUARBECQUE - HOLQUE - WOESTYNE;EN EXPLOITATION;225kV;RTE;1;;;;;;;;
AERIEN;DANTOL61VERLH;LIAISON 225kV N0 1 DANTOU-VERLHAGUET;EN EXPLOITATION;225kV;RTE;1;;;;;;;;
AERIEN;H.PAUL61ZCUR5;LIAISON 225kV N0 1 CURTIL - GROSNE - HENRI-PAUL;EN EXPLOITATION;225kV;RTE;2;H.PAUL71SSV.O;LIAISON 400kV N0 1 HENRI-PAUL - ST-VULBAS-OUEST;;;;;;
AERIEN;CHAFFL71CPNIE;LIAISON 400kV N0 1 CHAFFARD (LE) - CHAMPAGNIER;EN EXPLOITATION;400kV;RTE;2;CHAFFL72CPNIE;LIAISON 400kV N0 2 CHAFFARD (LE) - CHAMPAGNIER;;;;;;
AERIEN;MORBRL71VLEVA;LIAISON 400kV N0 1 MORBRAS - VILLEVAUDE;EN EXPLOITATION;400kV;RTE;2;MORBRL72VLEVA;LIAISON 400kV N0 2 MORBRAS - VILLEVAUDE;;;;;;
AERIEN;BOCTOL71MORBR;LIAISON 400kV N0 1 BOCTOIS - MORBRAS;EN EXPLOITATION;400kV;RTE;2;BOCTOL72MORBR;LIAISON 400kV N0 2 BOCTOIS - MORBRAS;;;;;;
AERIEN;MAMBEL61SAONE;LIAISON 225kV N0 1 MAMBELIN - SAONE;EN EXPLOITATION;225kV;RTE;2;MAMBEL62PALEN;LIAISON 225kV N0 2 MAMBELIN-PALENTE;;;;;;
AERIEN;BREUIL61MOLE;LIAISON 225kV N0 1 BREUIL (LE)- MOLE (LA);EN EXPLOITATION;225kV;RTE;1;;;;;;;;
AERIEN;ISSOIL61LIGNA;LIAISON 225kV N0 1 ISSOIRE-LIGNAT;EN EXPLOITATION;225kV;RTE;2;AMBE5L31ISSOI;LIAISON 63kV N0 1 AMBERT-ISSOIRE;;;;;;
AERIEN;FLAMAL73MENUE;LIAISON 400kV N0 3 FLAMANVILLE - MENUEL DER TA2;EN EXPLOITATION;400kV;RTE;2;FLAMAL74MENUE;LIAISON 400kV N0 4 FLAMANVILLE - MENUEL;;;;;;
AERIEN;GATI5L71TABAR;LIAISON 400kV N0 1 GATINAIS - TABARDERIE;EN EXPLOITATION;400kV;RTE;2;GATI5L72TABAR;LIAISON 400kV N0 2 GATINAIS - TABARDERIE;;;;;;
AERIEN;MANOSL61SSTUL;LIAISON 225kV N0 1 MANOSQUE-STE-TULLE;EN EXPLOITATION;225kV;RTE;1;;;;;;;;
AERIEN;GRAFFL61MARCK;LIAISON 225kV N0 1 GRAFFENSTADEN-MARCKOLSHEIM;EN EXPLOITATION;225kV;RTE;2;MARCKL61SCHEE;LIAISON 225kV N0 1 MARCKOLSHEIM-SCHEER;;;;;;
AERIEN;EGUZOL63MOLE;LIAISON 225kV N0 3 EGUZON - MOLE (LA);EN EXPLOITATION;225kV;RTE;1;;;;;;;;
AERIEN;DOMLOL71OUDON;LIAISON 400kV N0 1 DOMLOUP - OUDON;EN EXPLOITATION;400kV;RTE;2;DOMLOL72OUDON;LIAISON 400kV N0 2 DOMLOUP - OUDON;;;;;;
AERIEN;BRENSL61ZMAR8;LIAISON 225kV N0 1 AOSTE - BRENS - MARNISE (LA);EN EXPLOITATION;225kV;RTE;1;;;;;;;;
AERIEN;BALARL61FLORE;LIAISON 225kV N0 1 BALARUC - FLORENSAC;EN EXPLOITATION;225kV;RTE;2;FLOREL61SSVIN;LIAISON 225kV N0 1 FLORENSAC - ST VINCENT;;;;;;
AERIEN;CHAINL61DAMBR;LIAISON 225kV N0 1 CHAINGY-DAMBRON;EN EXPLOITATION;225kV;RTE;1;;;;;;;;
AERIEN;H.BORL61ZLIES;LIAISON 225kV N0 1 CERGY - HAUTE-BORNE - LIESSE;EN EXPLOITATION;225kV;RTE;2;P.GASL61ZLIE5;LIAISON 225kV N0 1 CERGY - LIESSE - PLESSIS-GASSOT;;;;;;
AERIEN;B.EPIL61RAN.P;LIAISON 225kV N0 1 BELLE-EPINE-RANCE-POSTE;EN EXPLOITATION;225kV;RTE;1;;;;;;;;
AERIEN;BRUNNL61RHINA;LIAISON 225kV N0 1 BRUNNENWASSER-RHINAU;EN EXPLOITATION;225kV;RTE;1;;;;;;;;
AERIEN;CAZARL61LANNE;LIAISON 225kV N0 1 CAZARIL-LANNEMEZAN;EN EXPLOITATION;225kV;RTE;1;;;;;;;;
AERIEN;MARL6L62REICH;LIAISON 225kV N0 2 MARLENHEIM-REICHSTETT;EN EXPLOITATION;225kV;RTE;2;REICHL31TRUCH;LIAISON 63kV N0 1 REICHSTETT-TRUCHTERSHEIM;;;;;;
AERIEN;MARGEL61PRATC;LIAISON 225kV N0 1 MARGERIDE - PRATCLAUX;EN EXPLOITATION;225kV;RTE;1;;;;;;;;
AERIEN;MEZE5L61MUREA;LIAISON 225kV N0 1 MEZEROLLES - MUREAUX (LES);EN EXPLOITATION;225kV;RTE;2;MUREAL61NOURO;LIAISON 225kV N0 1 MUREAUX (LES) - NOUROTTES;;;;;;
AERIEN;CLERAL71CUBNE;LIAISON 400kV N0 1 CLERAC - CUBNEZAIS;EN EXPLOITATION;400kV;RTE;1;;;;;;;;
AERIEN;H.VINL61HANNA;LIAISON 225kV N0 1 HANNART-HAUT-VINAGE;EN EXPLOITATION;225kV;RTE;2;CROIXL41H.VIN;LIAISON 90kV N0 1 CROIX (LA) - HAUT-VINAGE;;;;;;
AERIEN;GAUDIL71ISSEL;LIAISON 400kV N0 1 GAUDIERE (LA) - ISSEL;EN EXPLOITATION;400kV;RTE;2;GAUDIL72ISSEL;LIAISON 400kV N0 2 LA GAUDIERE - ISSEL;;;;;;
AERIEN;BRAEKL61G.SYN;LIAISON 225kV N0 1 BRAEK-GRANDE-SYNTHE;EN EXPLOITATION;225kV;RTE;2;BRAEKL62G.SYN;LIAISON 225kV N0 2 BRAEK-GRANDE-SYNTHE;;;;;;
AERIEN;COUESL62COUES;LIAISON 225kV N0 2 COUESQUE - COUESQUE G2;EN EXPLOITATION;225kV;RTE;1;;;;;;;;
AERIEN;LUTTEL61THUR;LIAISON 225kV N0 1 LUTTERBACH-THUR (LA);EN EXPLOITATION;225kV;RTE;1;;;;;;;;
AERIEN;HAVR5L61P.SEP;LIAISON 225kV N0 1 HAVRE (LE) (POSTE) - PONT-SEPT;EN EXPLOITATION;225kV;RTE;2;HAVR5L62P.SEP;LIAISON 225kV N0 2 HAVRE (LE) (POSTE) - PONT-SEPT;;;;;;
AERIEN;CESTAL61MASQU;LIAISON 225kV N0 1 CESTAS - MASQUET;EN EXPLOITATION;225kV;RTE;1;;;;;;;;
AERIEN;DAMBRL71GATI5;LIAISON 400kV N0 1 DAMBRON - GATINAIS;EN EXPLOITATION;400kV;RTE;2;DAMBRL72GATI5;LIAISON 400kV N0 2 DAMBRON - GATINAIS;;;;;;
AERIEN;G.BANL61GIVOR;LIAISON 225kV N0 1 GIVORS-GIVORS-BANS;EN EXPLOITATION;225kV;RTE;1;;;;;;;;
AERIEN;BEZAUL75BLENO;LIAISON 400kV N0 5 BEZAUMONT - BLENOD;EN EXPLOITATION;400kV;RTE;1;;;;;;;;
AERIEN;EPIZOL61ZEPIZ;LIAISON 225kV N0 1 FRONCLES - EPIZON - MUREMONT;EN EXPLOITATION;225kV;RTE;1;;;;;;;;
AERIEN;ROMAIL62VLEVA;LIAISON 225kV N0 2 ROMAINVILLE-VILLEVAUDE;EN EXPLOITATION;225kV;RTE;1;;;;;;;;
AERIEN;COR.PL61PRINQ;LIAISON 225kV N0 1 CORDEMAIS-POSTE - PRINQUIAU;EN EXPLOITATION;225kV;RTE;1;;;;;;;;
AERIEN;GROSNL71VIELM;LIAISON 400kV N0 1 GROSNE - VIELMOULIN;EN EXPLOITATION;400kV;RTE;1;;;;;;;;
AERIEN;BERANL61BONNI;LIAISON 225kV N0 1 BERANVILLE-BONNIERES;EN EXPLOITATION;225kV;RTE;2;BONNIL41GROUX;LIAISON 90kV N0 1 BONNIERES-GROUX (LES);;;;;;
AERIEN;L.CE2L61ZTALA;LIAISON 225kV N0 1 BREUIL - LAVAL-DE-CERE - TALAMET;EN EXPLOITATION;225kV;RTE;1;;;;;;;;
AERIEN;VENDIL61ZBEU5;LIAISON 225kV N0 1 BEUVRY(LABOURSE) - MAZINGARBE - VENDIN;EN EXPLOITATION;225kV;RTE;1;;;;;;;;
AERIEN;LANEUL61SUIS5;LIAISON 225kV N0 1 LANEUVEVILLE-SUISSE;EN EXPLOITATION;225kV;RTE;2;LANEUL61ZSAU9;LIAISON 225kV N0 1 LANEUVEVILLE - SAULNOIS - ST-AVOLD;;;;;;
AERIEN;RANVIL61ZEMAL;LIAISON 225kV N0 1 EMALES(LES) - RANVILLE - TOURBE;EN EXPLOITATION;225kV;RTE;1;;;;;;;;
AERIEN;ALBERL61MALGO;LIAISON 225kV N0 1 ALBERTVILLE-MALGOVERT;EN EXPLOITATION;225kV;RTE;2;CONTAL61MALGO;LIAISON 225kV N0 1 CONTAMINE-MALGOVERT;;;;;;
AERIEN;GIVORL61MIONS;LIAISON 225kV N0 1 GIVORS - MIONS;EN EXPLOITATION;225kV;RTE;1;;;;;;;;
AERIEN;FIRM5L61JACQU;LIAISON 225kV N0 1 FIRMINY-JACQUARD;EN EXPLOITATION;225kV;RTE;2;BEC  L31SOLEI;RES. LIAISON 63kV N0 1  BEC (LE) - SOLEIL (LE);;;;;;
AERIEN;PERTAL61ROYE;LIAISON 225kV N0 1 PERTAIN-ROYE;EN EXPLOITATION;225kV;RTE;1;;;;;;;;
AERIEN;ISSELL72VERFE;LIAISON 400kV N0 2 ISSEL - VERFEIL;EN EXPLOITATION;400kV;RTE;1;;;;;;;;
AERIEN;HERBLL62ZHER7;LIAISON 225kV N0 2 CERGY - CORMEILLES - HERBLAY;EN EXPLOITATION;225kV;RTE;1;;;;;;;;
AERIEN;GOLBEL61ZGOLB;LIAISON 225kV N0 1 GOLBEY - JEUXEY - VINCEY;EN EXPLOITATION;225kV;RTE;1;;;;;;;;
AERIEN;GUERSL61SSNAZ;LIAISON 225kV N0 1 GUERSAC-ST-NAZAIRE;EN EXPLOITATION;225kV;RTE;2;GUERSL32SSNAZ;LIAISON 63kV N0 2 GUERSAC-ST-NAZAIRE;;;;;;
AERIEN;TAVELL74TRI.P;LIAISON 400kV N0 4 TAVEL - TRICASTIN-POSTE (LE);EN EXPLOITATION;400kV;RTE;2;TAVELL75TRI.P;LIAISON 400kV N0 5 TAVEL - TRICASTIN-POSTE (LE);;;;;;
AERIEN;CRENEL71VIELM;LIAISON 400kV N0 1 CRENEY - VIELMOULIN;EN EXPLOITATION;400kV;RTE;1;;;;;;;;
AERIEN;RANDEL62ZRAN6;LIAISON 225kV N0 2 ALBERTVILLE - LONGEFAN - RANDENS;EN EXPLOITATION;225kV;RTE;1;;;;;;;;
AERIEN;ESCAIL61NEOUL;LIAISON 225kV N0 1 ESCAILLON (L )-NEOULES;EN EXPLOITATION;225kV;RTE;1;;;;;;;;
AERIEN;ROYE L61ZB.ME;LIAISON 225kV N0 1 ROYE - VALESCOURT - BUS-LA-MESIERE;EN EXPLOITATION;225kV;RTE;1;;;;;;;;
AERIEN;ECHALL71P.COR;LIAISON 400kV N0 1 ECHALAS - PIVOZ-CORDIER;EN EXPLOITATION;400kV;RTE;2;ECHALL72P.COR;LIAISON 400kV N0 2 ECHALAS - PIVOZ CORDIER;;;;;;
AERIEN;BOLL5L61C.RHO;LIAISON 225kV N0 1 BOLLENE-CHATEAUNEUF-DU-RHONE;EN EXPLOITATION;225kV;RTE;1;;;;;;;;
AERIEN;CHAINL72VERGE;LIAISON 400kV N0 2 CHAINGY - VERGER;EN EXPLOITATION;400kV;RTE;1;;;;;;;;
AERIEN;I.NAPL61OTTMA;LIAISON 225kV N0 1 ILE-NAPOLEON-OTTMARSHEIM;EN EXPLOITATION;225kV;RTE;1;;;;;;;;
AERIEN;ELANCL61VERIN;LIAISON 225kV N0 1 ELANCOURT - VERINNERIE (LA);EN EXPLOITATION;225kV;RTE;1;;;;;;;;
AERIEN;LONNYL71MAZUR;LIAISON 400kV N0 1 LONNY - MAZURES;EN EXPLOITATION;400kV;RTE;2;LONNYL72MAZUR;LIAISON 400kV N0 2 LONNY - MAZURES;;;;;;
AERIEN;CHOLEL61RECOU;LIAISON 225kV N0 1 CHOLET - RECOUVRANCE;EN EXPLOITATION;225kV;RTE;1;;;;;;;;
AERIEN;ARGOEL71FRUGE;LIAISON 400kV N0 1 ARGOEUVES - FRUGES;EN EXPLOITATION;400kV;RTE;2;ARGOEL71MANDA;LIAISON 400kV N0 1 ARGOEUVES - MANDARINS;;;;;;
AERIEN;HAVR5L72ROUGE;LIAISON 400kV N0 2 HAVRE (LE) (POSTE) - ROUGEMONTIER;EN EXPLOITATION;400kV;RTE;1;;;;;;;;
AERIEN;SSROCL61VERTE;LIAISON 225kV N0 1 ST-ROCH - VERTEFEUILLE;EN EXPLOITATION;225kV;RTE;2;SSROCL62VERTE;LIAISON 225kV N0 2 ST-ROCH - VERTEFEUILLE;;;;;;
AERIEN;KEMBSL61SIERE;LIAISON 225kV N0 1 KEMBS-SIERENTZ;EN EXPLOITATION;225kV;RTE;1;;;;;;;;
AERIEN;ATTAQL61ECHIN;LIAISON 225kV N0 1 ATTAQUES (LES) - ECHINGHEN;EN EXPLOITATION;225kV;RTE;2;ECHINL61MANDA;LIAISON 225kV N0 1 ECHINGHEN-MANDARINS;;;;;;
AERIEN;MUREAL61NOURO;LIAISON 225kV N0 1 MUREAUX (LES) - NOUROTTES;EN EXPLOITATION;225kV;RTE;2;MEZE5L62NOURO;LIAISON 225kV N0 2 MEZEROLLES - NOUROTTES;;;;;;
AERIEN;E.BOTL61RABAT;LIAISON 225kV N0 1 ENCO-DE-BOTTE - RABATAU;EN EXPLOITATION;225kV;RTE;2;E.BOTL61RABAT;LIAISON 225kV N0 1 ENCO-DE-BOTTE - RABATAU;;;;;;
AERIEN;.CAMPL61ZMENT;LIAISON 225kV N0 1 CAMPOROSSO - MENTON - TRINITE-VICTOR;EN EXPLOITATION;225kV;RTE;1;;;;;;;;
AERIEN;NEOULL71TRANS;LIAISON 400kV N0 1 NEOULES - TRANS;EN EXPLOITATION;400kV;RTE;1;;;;;;;;
AERIEN;VLEJUL61VLERA;LIAISON 225kV N0 1 VILLEJUST-VILLERAS;EN EXPLOITATION;225kV;RTE;2;PALA5L31SSAU5;LIAISON 63kV N0 1 PALAISEAU-ST-AUBIN;;;;;;
AERIEN;ISSOIL61LIGNA;LIAISON 225kV N0 1 ISSOIRE-LIGNAT;EN EXPLOITATION;225kV;RTE;1;;;;;;;;
AERIEN;BEZAUL71MARL6;LIAISON 400kV N0 1 BEZAUMONT - MARLENHEIM;EN EXPLOITATION;400kV;RTE;2;BEZAUL72VIGY;LIAISON 400kV N0 2 BEZAUMONT - VIGY;;;;;;
AERIEN;DENNAL61WARAN;LIAISON 225kV N0 1 DENNA-WARANDE;EN EXPLOITATION;225kV;RTE;2;G.COLL61WARAN;LIAISON 225kV N0 1 GRAND COLOMBIER-WARANDE;;;;;;
AERIEN;GRAFFL61SPORE;LIAISON 225kV N0 1 GRAFFENSTADEN-SPORENINSEL;EN EXPLOITATION;225kV;RTE;2;GRAFFL61SPORE;LIAISON 225kV N0 1 GRAFFENSTADEN-SPORENINSEL;;;;;;
AERIEN;G.SYNL61ROZEB;LIAISON 225kV N0 1 GRANDE-SYNTHE-ROZEBOOM;EN EXPLOITATION;225kV;RTE;1;;;;;;;;
AERIEN;FOUSCL61TAMAR;LIAISON 225kV N0 1 FOUSCAIS - TAMAREAU;EN EXPLOITATION;225kV;RTE;2;FOUSCL62TAMAR;LIAISON 225kV N0 2 FOUSCAIS - TAMAREAU;;;;;;
AERIEN;PLAISL61ROMAI;LIAISON 225kV N0 1 PLAISANCE-ROMAINVILLE;EN EXPLOITATION;225kV;RTE;1;;;;;;;;
AERIEN;CLEONL61MANOI;LIAISON 225kV N0 1 CLEON-MANOIR;EN EXPLOITATION;225kV;RTE;2;MANOIL61SSBAI;LIAISON 225kV N0 1 MANOIR (LE)-ST-PIERRE-DE-BAILLEUL;;;;;;
AERIEN;ARGOEL73TERRI;LIAISON 400kV N0 3 ARGOEUVES - TERRIER;EN EXPLOITATION;400kV;RTE;2;TERRIL61V.SEP;LIAISON 225kV N0 1 TERRIER - VILLERS-SAINT-SEPULCRE;;;;;;
AERIEN;MORBRL61V.GEO;LIAISON 225kV N0 1 MORBRAS-VILLENEUVE-ST-GEORGES;EN EXPLOITATION;225kV;RTE;1;;;;;;;;
AERIEN;FLAMAL71MENUE;LIAISON 400kV N0 1 FLAMANVILLE - MENUEL;EN EXPLOITATION;400kV;RTE;1;;;;;;;;
AERIEN;COUDOL61ESCAI;LIAISON 225kV N0 1 COUDON (LE)-ESCAILLON (L );EN EXPLOITATION;225kV;RTE;1;;;;;;;;
AERIEN;CURTIL61ZCUR5;LIAISON 225kV N0 1 CURTIL - GROSNE - HENRI-PAUL;EN EXPLOITATION;225kV;RTE;1;;;;;;;;
AERIEN;.EICHL71MUHLB;LIAISON 400kV N0 1 EICHSTETTEN - MUHLBACH;EN EXPLOITATION;400kV;RTE;1;;;;;;;;
AERIEN;ARGOEL71CHEVA;LIAISON 400kV N0 1 ARGOEUVES - CHEVALET;EN EXPLOITATION;400kV;RTE;2;ARGOEL72CHEVA;LIAISON 400kV N0 2 ARGOEUVES - CHEVALET;;;;;;
AERIEN;GARCHL61SSELO;LIAISON 225kV N0 1 GARCHIZY-ST-ELOI;EN EXPLOITATION;225kV;RTE;1;;;;;;;;
AERIEN;CLEONL61G.COU;LIAISON 225kV N0 1 CLEON-GRAND-COURONNE;EN EXPLOITATION;225kV;RTE;2;CLEONL62G.COU;LIAISON 225kV N0 2 CLEON-GRAND-COURONNE;;;;;;
AERIEN;LONG6L62ZRAN6;LIAISON 225kV N0 2 ALBERTVILLE - LONGEFAN - RANDENS;EN EXPLOITATION;225kV;RTE;2;LONG6L21ZGLAN;LIAISON 45kV N0 1 GLANDON-LONGEFAN-ST-AVRE;;;;;;
AERIEN;NEOULL72TRANS;LIAISON 400kV N0 2 NEOULES - TRANS;EN EXPLOITATION;400kV;RTE;1;;;;;;;;
AERIEN;ALBERL61CONTA;LIAISON 225kV N0 1 ALBERTVILLE-CONTAMINE;EN EXPLOITATION;225kV;RTE;1;;;;;;;;
AERIEN;CHAN5L71VLERB;LIAISON 400kV N0 1 CHANCEAUX - VILLERBON;EN EXPLOITATION;400kV;RTE;2;PICOCL71VLERB;LIAISON 400kV N0 1 PICOCHERIE (LA) - VILLERBON;;;;;;
AERIEN;B.MONL61ZCBAU;LIAISON 225kV N0 1 BEAUMONT-MONTEUX - CHABRILLAN - CHAMBAUD;EN EXPLOITATION;225kV;RTE;1;;;;;;;;
AERIEN;BEZAUL61ZPELT;LIAISON 225kV N0 1 BEZAUMONT - PELTRE - VIGY;EN EXPLOITATION;225kV;RTE;1;;;;;;;;
AERIEN;ELANCL62SAULE;LIAISON 225kV N0 2 ELANCOURT-SAULES;EN EXPLOITATION;225kV;RTE;1;;;;;;;;
AERIEN;BRUNNL61MARCK;LIAISON 225kV N0 1 BRUNNENWASSER-MARCKOLSHEIM;EN EXPLOITATION;225kV;RTE;1;;;;;;;;
AERIEN;FEUILL61LAVER;LIAISON 225kV N0 1 FEUILLANE - LAVERA;EN EXPLOITATION;225kV;RTE;1;;;;;;;;
AERIEN;LAVERL61P.BOU;LIAISON 225kV N0 1 LAVERA-PORT-DE-BOUC;EN EXPLOITATION;225kV;RTE;1;;;;;;;;
AERIEN;SSJULL63VIGY;LIAISON 225kV N0 3 ST-JULIEN - VIGY;EN EXPLOITATION;225kV;RTE;2;SSJULL63VIGY;LIAISON 225kV N0 3 ST-JULIEN - VIGY;;;;;;
AERIEN;CHESNL71RENAR;LIAISON 400kV N0 1  CHESNOY (LE) - RENARDIERES (LES);EN EXPLOITATION;400kV;RTE;1;;;;;;;;
AERIEN;CORDEL61P.ESC;LIAISON 225kV N0 1 CORDEAC-PONT-ESCOFFIER;EN EXPLOITATION;225kV;RTE;1;;;;;;;;
AERIEN;PRATCL61SANSS;LIAISON 225kV N0 1 PRATCLAUX - SANSSAC (L EGLISE);EN EXPLOITATION;225kV;RTE;1;;;;;;;;
AERIEN;CROIXL61WEPPE;LIAISON 225kV N0 1 CROIX (LA) - WEPPES;EN EXPLOITATION;225kV;RTE;2;VERTEL61WEPPE;LIAISON 225kV N0 1 VERTEFEUILLE-WEPPES;;;;;;
AERIEN;H.BOUL61ZH.B5;LIAISON 225kV N0 1 ARGOEUVES - BLOCAUX - HORNOY-LE-BOURG;EN EXPLOITATION;225kV;RTE;1;;;;;;;;
AERIEN;B.MONL61VALE8;LIAISON 225kV N0 1 BEAUMONT-MONTEUX-VALENCE;EN EXPLOITATION;225kV;RTE;2;CHABRL61ZCBAU;LIAISON 225kV N0 1 BEAUMONT-MONTEUX - CHABRILLAN - CHAMBAUD;;;;;;
AERIEN;CORNIL71GEN.P;LIAISON 400kV N0 1 CORNIER - GENISSIAT-POSTE;EN EXPLOITATION;400kV;RTE;1;;;;;;;;
AERIEN;BXTO5L61L.CHA;LIAISON 225kV N0 1 BEAUTOR(POSTE) - LONG-CHAMP (LE);EN EXPLOITATION;225kV;RTE;2;BXTO5L61ZRUPR;LIAISON 225kV N0 1 BEAUTOR(POSTE) - RUPREUX - SOISSONS-NOTRE-DAME;;;;;;
AERIEN;P.HA5L61TREGU;LIAISON 225kV N0 1 PLAINE HAUTE-TREGUEUX;EN EXPLOITATION;225kV;RTE;1;;;;;;;;
AERIEN;P.HA5L62TREGU;LIAISON 225kV N0 2 PLAINE HAUTE-TREGUEUX;EN EXPLOITATION;225kV;RTE;1;;;;;;;;
AERIEN;CHOLEL61V.SEV;LIAISON 225kV N0 1 CHOLET - VAL DE SEVRE;EN EXPLOITATION;225kV;RTE;1;;;;;;;;
AERIEN;BEZONL61P.ROU;LIAISON 225kV N0 1 BEZON-POTEAU-ROUGE;EN EXPLOITATION;225kV;RTE;2;PLUVIL61PRINQ;LIAISON 225kV N0 1 PLUVIGNER - PRINQUIAU;;;;;;
AERIEN;G.SYNL61HOLQU;LIAISON 225kV N0 1 GRANDE-SYNTHE-HOLQUE;EN EXPLOITATION;225kV;RTE;1;;;;;;;;
AERIEN;BLOCAL61LIMEU;LIAISON 225kV N0 1 BLOCAUX - LIMEUX;EN EXPLOITATION;225kV;RTE;1;;;;;;;;
AERIEN;CHAFFL71G.ILE;LIAISON 400kV N0 1 CHAFFARD - GRANDE-ILE;EN EXPLOITATION;400kV;RTE;2;CHAFFL72G.ILE;LIAISON 400kV N0 2 CHAFFARD - GRANDE-ILE;;;;;;
AERIEN;ESTR6L61MAUBE;LIAISON 225kV N0 1 ESTREUX-MAUBEUGE;EN EXPLOITATION;225kV;RTE;2;MAUBEL61P.SAM;LIAISON 225kV N0 1 MAUBEUGE-PONT-SUR-SAMBRE;;;;;;
AERIEN;G.SYNL61WARAN;LIAISON 225kV N0 1 GRANDE-SYNTHE - WARANDE;EN EXPLOITATION;225kV;RTE;2;G.SYNL62WARAN;LIAISON 225kV N0 2 GRANDE-SYNTHE - WARANDE;;;;;;
AERIEN;LESQUL71VERFE;LIAISON 400kV N0 1 LESQUIVE - VERFEIL;EN EXPLOITATION;400kV;RTE;1;;;;;;;;
AERIEN;CPNIEL61GRISO;LIAISON 225kV N0 1 CHAMPAGNIER-GRISOLLES;EN EXPLOITATION;225kV;RTE;1;;;;;;;;
AERIEN;CIROLL71GATI5;LIAISON 400kV N0 1 CIROLLIERS - GATINAIS;EN EXPLOITATION;400kV;RTE;2;CIROLL72GATI5;LIAISON 400kV N0 2 CIROLLIERS - GATINAIS;;;;;;
AERIEN;CHESNL62CZTRY;LIAISON 225kV N0 2 CHESNOY (LE)-COURTRY;EN EXPLOITATION;225kV;RTE;2;CHESNL63CZTRY;LIAISON 225kV N0 3 CHESNOY (LE) - COURTRY;;;;;;
AERIEN;BXTO5L61L.CHA;LIAISON 225kV N0 1 BEAUTOR(POSTE) - LONG-CHAMP (LE);EN EXPLOITATION;225kV;RTE;1;;;;;;;;
AERIEN;T.SUPL71ZT.SU;LIAISON 400kV N0 1 PRIONNET - TAVEL - TORE SUPRA;EN EXPLOITATION;400kV;RTE;1;;;;;;;;
AERIEN;SIEREL61ZHIRS;LIAISON 225kV N0 1 ETUPES - HIRSINGUE - SIERENTZ;EN EXPLOITATION;225kV;RTE;1;;;;;;;;
AERIEN;P.GASL61ZBRI5;LIAISON 225kV N0 1 PLESSIS-GASSOT - SEINE - BRICHE (LA);EN EXPLOITATION;225kV;RTE;2;P.GASL62ZBRIC;LIAISON 225kV N0 2 PLESSIS-GASSOT - SEINE - BRICHE (LA);;;;;;
AERIEN;CHALOL61GROSN;LIAISON 225kV N0 1 CHALON-GROSNE;EN EXPLOITATION;225kV;RTE;2;CHALOL62GROSN;LIAISON 225kV N0 2 CHALON-GROSNE;;;;;;
AERIEN;SOLEIL62VOLVO;LIAISON 225kV N0 2 SOLEIL (LE) - VOLVON;EN EXPLOITATION;225kV;RTE;1;;;;;;;;
AERIEN;JACQUL61SOLEI;LIAISON 225kV N0 1 JACQUARD-SOLEIL (LE);EN EXPLOITATION;225kV;RTE;2;SOLEIL62VOLVO;LIAISON 225kV N0 2 SOLEIL (LE) - VOLVON;;;;;;
AERIEN;P.SIML61SSORE;LIAISON 225kV N0 1 PORTET-ST-SIMON-ST-ORENS;EN EXPLOITATION;225kV;RTE;1;;;;;;;;
AERIEN;BEZAUL61C.MET;LIAISON 225kV N0 1 BEZAUMONT-CROIX-DE-METZ;EN EXPLOITATION;225kV;RTE;1;;;;;;;;
AERIEN;AYVELL61LUMES;LIAISON 225kV N0 1 AYVELLES (LES)-LUMES;EN EXPLOITATION;225kV;RTE;1;;;;;;;;
AERIEN;MOUL8L62VLEJU;LIAISON 225kV N0 2 MOULINEAUX - VILLEJUST;EN EXPLOITATION;225kV;RTE;1;;;;;;;;
AERIEN;PERTAL61ZTRAN;LIAISON 225kV N0 1 MORCHIES - PERTAIN - TRANSLOY (LE);EN EXPLOITATION;225kV;RTE;1;;;;;;;;
AERIEN;GRANDL61PRATC;LIAISON 225kV N0 1 GRANDVAL - PRATCLAUX;EN EXPLOITATION;225kV;RTE;1;;;;;;;;
AERIEN;SSAVOL61ZSAR6;LIAISON 225kV N0 1 BERGHOLZ - SARREGUEMINES - ST-AVOLD;EN EXPLOITATION;225kV;RTE;1;;;;;;;;
AERIEN;B.CARL62LINGO;LIAISON 225kV N0 2 BROC-CARROS (LE)-LINGOSTIERE;EN EXPLOITATION;225kV;RTE;1;;;;;;;;
AERIEN;NOGENL61ORMES;LIAISON 225kV N0 1 NOGENTEL - ORMES;EN EXPLOITATION;225kV;RTE;2;ORMESL61VESLE;LIAISON 225kV N0 1 ORMES-VESLE;;;;;;
AERIEN;P.BORL61ZLAFI;LIAISON 225kV N0 1 BARJAC - PIED-DE-BORNE - LAFIGERE;EN EXPLOITATION;225kV;RTE;1;;;;;;;;
AERIEN;AVELIL72GAVRE;LIAISON 400kV N0 2 AVELIN - GAVRELLE;EN EXPLOITATION;400kV;RTE;1;;;;;;;;
AERIEN;MADE6L61ZMAD6;LIAISON 225kV N0 1 LA MADELEINE - LANEUVEVILLE - VINCEY;EN EXPLOITATION;225kV;RTE;1;;;;;;;;
AERIEN;RUMINL62ZRUMI;LIAISON 225kV N0 2 ATTAQUES (LES) - HOLQUE - RUMINGHEM;EN EXPLOITATION;225kV;RTE;1;;;;;;;;
AERIEN;MTGROL61MTPEZ;LIAISON 225kV N0 1 MONTGROS - MONTPEZAT;EN EXPLOITATION;225kV;RTE;1;;;;;;;;
AERIEN;CARISL61SEREI;LIAISON 225kV N0 1 CARISEY - SEREIN;EN EXPLOITATION;225kV;RTE;2;CARISL62SEREI;LIAISON 225kV N0 2 CARISEY - SEREIN;;;;;;
AERIEN;REALTL71TAVEL;LIAISON 400kV N0 1 REALTOR - TAVEL;EN EXPLOITATION;400kV;RTE;1;;;;;;;;
AERIEN;REALTL71TAVEL;LIAISON 400kV N0 1 REALTOR - TAVEL;EN EXPLOITATION;400kV;RTE;2;REALTL72TAVEL;LIAISON 400kV N0 2 REALTOR - TAVEL;;;;;;
AERIEN;PERTAL61ZC.OM;LIAISON 225kV N0 1 LATENA - PERTAIN - CRESSY-OMENCOURT;EN EXPLOITATION;225kV;RTE;1;;;;;;;;
AERIEN;MARL6L61REICH;LIAISON 225kV N0 1 MARLENHEIM-REICHSTETT;EN EXPLOITATION;225kV;RTE;2;MARL6L62REICH;LIAISON 225kV N0 2 MARLENHEIM-REICHSTETT;;;;;;
AERIEN;GOURJL61VERFE;LIAISON 225kV N0 1 GOURJADE - VERFEIL;EN EXPLOITATION;225kV;RTE;2;GOURJL61ZMIOL;LIAISON 225kV N0 1 GOURJADE - MIOLLES - ST-VICTOR;;;;;;
AERIEN;C.SEIL61ZC.SE;LIAISON 225kV N0 1 CHATILLON-SUR-SEINE - DARCEY - ROSIERES;EN EXPLOITATION;225kV;RTE;1;;;;;;;;
AERIEN;CZTRYL61PLISO;LIAISON 225kV N0 1 COURTRY-PLISON;EN EXPLOITATION;225kV;RTE;1;;;;;;;;
AERIEN;BXRE6L61CHAIN;LIAISON 225kV N0 1 BEAUREGARD(SAINT-LAURENT-NOUAN)-CHAINGY;EN EXPLOITATION;225kV;RTE;1;;;;;;;;
AERIEN;BREAUL61PRELE;LIAISON 225kV N0 1 BREAU - PRELES (LES);EN EXPLOITATION;225kV;RTE;1;;;;;;;;
AERIEN;DAMBRL62G.DEN;LIAISON 225kV N0 2 DAMBRON-GAULT-SAINT-DENIS;EN EXPLOITATION;225kV;RTE;2;DAMBRL62ZESPI;LIAISON 225kV N0 2 CHAUNAY - DAMBRON - ESPIERS (LES);;;;;;
AERIEN;G.COUL61VAUPA;LIAISON 225kV N0 1 GRAND-COURONNE-VAUPALIERE (LA);EN EXPLOITATION;225kV;RTE;2;G.COUL63VAUPA;LIAISON 225kV N0 3 GRAND-COURONNE - VAUPALIERE (LA);;;;;;
AERIEN;CABRIL61REALT;LIAISON 225kV N0 1 CABRIES-REALTOR;EN EXPLOITATION;225kV;RTE;1;;;;;;;;
AERIEN;COMPIL61MORU;LIAISON 225kV N0 1 COMPIEGNE-MORU;EN EXPLOITATION;225kV;RTE;2;MOIMOL61MORU;LIAISON 225kV N0 1 MOIMONT-MORU;;;;;;
AERIEN;E.BOTL61REALT;LIAISON 225kV N0 1 ENCO-DE-BOTTE-REALTOR;EN EXPLOITATION;225kV;RTE;2;REALTL61SEPTE;LIAISON 225kV N0 1 REALTOR-SEPTEMES;;;;;;
AERIEN;C.REGL61ZMAGN;LIAISON 225kV N0 1 CHAMPS-REGNAUD - CHAMPVANS - MAGNY(-SUR-TILLE);EN EXPLOITATION;225kV;RTE;2;C.REGL62VIELM;LIAISON 225kV N0 2 CHAMPS-REGNAUD-VIELMOULIN;;;;;;
AERIEN;FIRM5L61JACQU;LIAISON 225kV N0 1 FIRMINY-JACQUARD;EN EXPLOITATION;225kV;RTE;2;JACQUL61RIVIE;LIAISON 225kV N0 1 JACQUARD - RIVIERE (LA);;;;;;
AERIEN;L.CHAL61VEZIL;LIAISON 225kV N0 1 LONG- CHAMP (LE)- VEZILLY;EN EXPLOITATION;225kV;RTE;2;ORMESL61VEZIL;LIAISON 225kV N0 1 ORMES-VEZILLY;;;;;;
AERIEN;.VERBL61GEN.P;LIAISON 225kV N0 1 GENISSIAT-POSTE-VERBOIS;EN EXPLOITATION;225kV;RTE;2;.VERBL62GEN.P;LIAISON 225kV N0 2 GENISSIAT-POSTE - VERBOIS;;;;;;
AERIEN;.VERBL62GEN.P;LIAISON 225kV N0 2 GENISSIAT-POSTE - VERBOIS;EN EXPLOITATION;225kV;RTE;1;;;;;;;;
AERIEN;C.METL61VOID;LIAISON 225kV N0 1 CROIX-DE-METZ-VOID;EN EXPLOITATION;225kV;RTE;2;C.METL31CHOLO;LIAISON 63kV N0 1 CHOLOY-CROIX-DE-METZ;;;;;;
AERIEN;FALLOL62ZV.BE;LIAISON 225kV N0 2 FALLOU - PLESSIS-GASSOT - VILLIERS-LE-BEL;EN EXPLOITATION;225kV;RTE;1;;;;;;;;
AERIEN;GAUDIL61LIVIE;LIAISON 225kV N0 1 LA GAUDIERE - LIVIERE;EN EXPLOITATION;225kV;RTE;1;;;;;;;;
AERIEN;GAUDIL61LIVIE;LIAISON 225kV N0 1 LA GAUDIERE - LIVIERE;EN EXPLOITATION;225kV;RTE;2;GAUDIL61LIVIE;LIAISON 225kV N0 1 LA GAUDIERE - LIVIERE;;;;;;
AERIEN;E.BOTL61MAZAR;LIAISON 225kV N0 1 ENCO-DE-BOTTE-MAZARGUES;EN EXPLOITATION;225kV;RTE;1;;;;;;;;
AERIEN;PASSYL61PRESS;LIAISON 225kV N0 1 PASSY-PRESSY;EN EXPLOITATION;225kV;RTE;1;;;;;;;;
AERIEN;B.MONL61BXCHA;LIAISON 225kV N0 1 BEAUCHASTEL - BEAUMONT-MONTEUX;EN EXPLOITATION;225kV;RTE;1;;;;;;;;
AERIEN;TRIT5L61ZTRIT;LIAISON 225kV N0 1 GROS-CAILLOU - TRITH-ST-LEGER(PORT-ARTHUR LME) - TRITH-ST-LEGER(L.M.E.);EN EXPLOITATION;225kV;RTE;1;;;;;;;;
AERIEN;AVELIL71WEPPE;LIAISON 400kV N0 1 AVELIN - WEPPES;EN EXPLOITATION;400kV;RTE;1;;;;;;;;
AERIEN;BOLL5L61TRI.P;LIAISON 225kV N0 1 BOLLENE-TRICASTIN-POSTE (LE);EN EXPLOITATION;225kV;RTE;2;BOLL5L32TRICA;LIAISON 63kV N0 2 BOLLENE-TRICASTIN (LE);;;;;;
AERIEN;CHABRL61ZCBAU;LIAISON 225kV N0 1 BEAUMONT-MONTEUX - CHABRILLAN - CHAMBAUD;EN EXPLOITATION;225kV;RTE;2;VALE8L61ZMANG;LIAISON 225kV N0 1 ETOILE-SUR-RHONE - LOGIS-NEUF - VALENCE;;;;;;
AERIEN;MOTT5L61ROUGI;LIAISON 225kV N0 1 MOTTE (LA) (V.-LES-AVIGNON)-ROUGIER;EN EXPLOITATION;225kV;RTE;1;;;;;;;;
AERIEN;FROGEL61ZMER7;LIAISON 225kV N0 1 FROGES - GRANDE-ILE - MERCIERS (LES);EN EXPLOITATION;225kV;RTE;1;;;;;;;;
AERIEN;BRAUDL71PREGU;LIAISON 400kV N0 1 BRAUD - PREGUILLAC;EN EXPLOITATION;400kV;RTE;1;;;;;;;;
AERIEN;DURANL61REALT;LIAISON 225kV N0 1 DURANNE (LA)-REALTOR;EN EXPLOITATION;225kV;RTE;2;DURANL61REALT;LIAISON 225kV N0 1 DURANNE (LA)-REALTOR;;;;;;
AERIEN;T.DOML61VANDI;LIAISON 225kV N0 1 TROIS DOMAINES-VANDIERES;EN EXPLOITATION;225kV;RTE;1;;;;;;;;
AERIEN;LESQUL61VERLH;LIAISON 225kV N0 1 LESQUIVE-VERLHAGUET;EN EXPLOITATION;225kV;RTE;1;;;;;;;;
AERIEN;ARRIGL61CHEVI;LIAISON 225kV N0 1 ARRIGHI-CHEVILLY;EN EXPLOITATION;225kV;RTE;2;ARRIGL61V.GEO;LIAISON 225kV N0 1 ARRIGHI-VILLENEUVE-ST-GEORGES;;;;;;
AERIEN;MARL6L71VIGY;LIAISON 400kV N0 1 MARLENHEIM - VIGY;EN EXPLOITATION;400kV;RTE;2;BERGHL61MARL6;LIAISON 225kV N0 1 BERGHOLZ-MARLENHEIM;;;;;;
AERIEN;ALBERL71COCHE;LIAISON 400kV N0 1 ALBERTVILLE - COCHE (LA);EN EXPLOITATION;400kV;RTE;2;COCHEL71P.AND;LIAISON 400kV N0 1 COCHE (LA) - PRAZ-ST-ANDRE;;;;;;
AERIEN;G.SYNL62WARAN;LIAISON 225kV N0 2 GRANDE-SYNTHE - WARANDE;EN EXPLOITATION;225kV;RTE;1;;;;;;;;
AERIEN;CRUSEL61ZCRUS;LIAISON 225kV N0 1 CORNIER - CRUSEILLES - GENISSIAT-POSTE;EN EXPLOITATION;225kV;RTE;1;;;;;;;;
AERIEN;FLAMAL74MENUE;LIAISON 400kV N0 4 FLAMANVILLE - MENUEL;EN EXPLOITATION;400kV;RTE;1;;;;;;;;
AERIEN;BORT L62MOLE;LIAISON 225kV N0 2 BORT - MOLE (LA);EN EXPLOITATION;225kV;RTE;1;;;;;;;;
AERIEN;FLOIRL61PESSA;LIAISON 225kV N0 1 FLOIRAC EDF-PESSAC;EN EXPLOITATION;225kV;RTE;2;PESSAL32PTAC;LIAISON 63kV N0 2 PESSAC - PONTAC;;;;;;
AERIEN;CHAN5L71LARCA;LIAISON 400kV N0 1 CHANCEAUX - LARCAY;EN EXPLOITATION;400kV;RTE;2;CHAN5L72LARCA;LIAISON 400kV N0 2 CHANCEAUX - LARCAY;;;;;;
AERIEN;GRAV5L75WARAN;LIAISON 400kV N0 5 GRAVELINES (CENTRALE) - WARANDE;EN EXPLOITATION;400kV;RTE;1;;;;;;;;
AERIEN;T.VICL61ZMENT;LIAISON 225kV N0 1 CAMPOROSSO - MENTON - TRINITE-VICTOR;EN EXPLOITATION;225kV;RTE;1;;;;;;;;
AERIEN;BLAY5L61MQIS;LIAISON 225kV N0 1 BLAYAIS (POSTE AEROSOUTERRAIN) - MARQUIS (LE);EN EXPLOITATION;225kV;RTE;2;FLEACL61MQIS;LIAISON 225kV N0 1 FLEAC-MARQUIS (LE);;;;;;
AERIEN;MOULAL71VIGY;LIAISON 400kV N0 1 MOULAINE - VIGY;EN EXPLOITATION;400kV;RTE;2;MOULAL72VIGY;LIAISON 400kV N0 2 MOULAINE - VIGY;;;;;;
AERIEN;CONTAL61G.COE;LIAISON 225kV N0 1 CONTAMINE-GRAND-COEUR;EN EXPLOITATION;225kV;RTE;2;CONTAL31G.COE;LIAISON 63kV N0 1 CONTAMINE-GRAND-COEUR;;;;;;
AERIEN;GUERSL61ZPRIN;LIAISON 225kV N0 1 CORDEMAIS-POSTE - GUERSAC - THEIX;EN EXPLOITATION;225kV;RTE;1;;;;;;;;
AERIEN;CAPELL61H.VIE;LIAISON 225kV N0 1 CAPELLE (LA) - HERIE-LA-VIEVILLE;EN EXPLOITATION;225kV;RTE;1;;;;;;;;
AERIEN;AUBE L61BARQU;LIAISON 225kV N0 1 AUBE-BARQUET;EN EXPLOITATION;225kV;RTE;1;;;;;;;;
AERIEN;CERGYL61ZLIES;LIAISON 225kV N0 1 CERGY - HAUTE-BORNE - LIESSE;EN EXPLOITATION;225kV;RTE;1;;;;;;;;
AERIEN;COR.PL61PTCHA;LIAISON 225kV N0 1 CORDEMAIS-POSTE-PONTCHATEAU;EN EXPLOITATION;225kV;RTE;1;;;;;;;;
AERIEN;DAMERL61VESLE;LIAISON 225kV N0 1 DAMERY-VESLE;EN EXPLOITATION;225kV;RTE;1;;;;;;;;
AERIEN;CRUA5L61L.NEU;LIAISON 225kV N0 1 CRUAS (-MEYSSE) - LOGIS-NEUF;EN EXPLOITATION;225kV;RTE;1;;;;;;;;
AERIEN;CRUA5L61L.NEU;LIAISON 225kV N0 1 CRUAS (-MEYSSE) - LOGIS-NEUF;EN EXPLOITATION;225kV;RTE;2;CRUA5L62L.NEU;LIAISON 225kV N0 2 CRUAS (-MEYSSE)-LOGIS-NEUF;;;;;;
AERIEN;BASTIL61LANNE;LIAISON 225kV N0 1 BASTILLAC-LANNEMEZAN;EN EXPLOITATION;225kV;RTE;2;BASTIL31ZBIA7;LIAISON 63kV N0 1 BASTILLAC-BIACAVE-VIC EN BIGORRE;;;;;;
AERIEN;CREYSL71G.ILE;LIAISON 400kV N0 1 CREYS - GRANDE-ILE;EN EXPLOITATION;400kV;RTE;2;CREYSL72G.ILE;LIAISON 400kV N0 2 CREYS - GRANDE-ILE;;;;;;
AERIEN;CLOCHL61DECHY;LIAISON 225kV N0 1 CLOCHETTE (LA)-DECHY;EN EXPLOITATION;225kV;RTE;1;;;;;;;;
AERIEN;GERSTL61RHINA;LIAISON 225kV N0 1 GERSTHEIM-RHINAU;EN EXPLOITATION;225kV;RTE;1;;;;;;;;
AERIEN;M.SEIL71VIELM;LIAISON 400kV N0 1 MERY-SUR-SEINE - VIELMOULIN;EN EXPLOITATION;400kV;RTE;2;M.SEIL72VIELM;LIAISON 400kV N0 2 MERY-SUR-SEINE - VIELMOULIN;;;;;;
AERIEN;SARRYL61VIELM;LIAISON 225kV N0 1 SARRY-VIELMOULIN;EN EXPLOITATION;225kV;RTE;1;;;;;;;;
AERIEN;BREVIL61MALGO;LIAISON 225kV N0 1 BREVIERES (LES)-MALGOVERT;EN EXPLOITATION;225kV;RTE;2;BREVIL31ZVICL;LIAISON 63kV N0 1 BREVIERES (LES)-MALGOVERT-VICLAIRE;;;;;;
AERIEN;RQROUL61SSEST;LIAISON 225kV N0 1 ROQUEROUSSE-ST-ESTEVE;EN EXPLOITATION;225kV;RTE;1;;;;;;;;
AERIEN;TABARL61ZGIEN;LIAISON 225kV N0 1 GARCHIZY - GIEN - TABARDERIE;EN EXPLOITATION;225kV;RTE;1;;;;;;;;
AERIEN;CERGYL71MEZE5;LIAISON 400kV N0 1 CERGY - MEZEROLLES;EN EXPLOITATION;400kV;RTE;1;;;;;;;;
AERIEN;HOUDRL71VINCE;LIAISON 400kV N0 1 HOUDREVILLE - VINCEY;EN EXPLOITATION;400kV;RTE;2;MUHLBL71VINCE;LIAISON 400kV N0 1 MUHLBACH - VINCEY;;;;;;
AERIEN;DARSEL61RELA5;LIAISON 225kV N0 1 DARSE-RELAIS;EN EXPLOITATION;225kV;RTE;1;;;;;;;;
AERIEN;VALENL61ZQUAR;LIAISON 225kV N0 1 QUAREZ - THIERS (BRUAY-SUR-L'ESCAUT) - VALENCIENNES;EN EXPLOITATION;225kV;RTE;2;FAMARL61VALEN;RES. LIAISON 225kV N0 1 FAMARS - VALENCIENNES;;;;;;
AERIEN;S.DAML61ZRUPR;LIAISON 225kV N0 1 BEAUTOR(POSTE) - RUPREUX - SOISSONS-NOTRE-DAME;EN EXPLOITATION;225kV;RTE;1;;;;;;;;
AERIEN;P.SIML61SSORE;LIAISON 225kV N0 1 PORTET-ST-SIMON-ST-ORENS;EN EXPLOITATION;225kV;RTE;2;P.SIML62VERFE;LIAISON 225kV N0 2 PORTET-ST-SIMON-VERFEIL;;;;;;
AERIEN;MARL6L71VIGY;LIAISON 400kV N0 1 MARLENHEIM - VIGY;EN EXPLOITATION;400kV;RTE;2;SSAVOL71VIGY;LIAISON 400kV N0 1 ST-AVOLD - VIGY;;;;;;
AERIEN;MOIMOL61MORU;LIAISON 225kV N0 1 MOIMONT-MORU;EN EXPLOITATION;225kV;RTE;1;;;;;;;;
AERIEN;P.GASL64SEINE;LIAISON 225kV N0 4 PLESSIS-GASSOT - SEINE;EN EXPLOITATION;225kV;RTE;1;;;;;;;;
AERIEN;CHEV5L62ZKERL;LIAISON 225kV N0 2 CHEVIRE - CORDEMAIS-POSTE - MORIHAN;EN EXPLOITATION;225kV;RTE;1;;;;;;;;
AERIEN;ELANCL61ZMTJ5;LIAISON 225kV N0 1 ELANCOURT - VILLEJUST - MONTJAY;EN EXPLOITATION;225kV;RTE;2;SSAU5L61ZMTJA;LIAISON 225kV N0 1 ST-AUBIN - MONTJAY - VILLEJUST;;;;;;
AERIEN;ARMENL61WEPPE;LIAISON 225kV N0 1 ARMENTIERES - WEPPES;EN EXPLOITATION;225kV;RTE;1;;;;;;;;
AERIEN;MUHLBL71SCHEE;LIAISON 400kV N0 1 MUHLBACH - SCHEER;EN EXPLOITATION;400kV;RTE;1;;;;;;;;
AERIEN;CRENEL61FRONC;LIAISON 225kV N0 1 CRENEY - FRONCLES;EN EXPLOITATION;225kV;RTE;1;;;;;;;;
AERIEN;ECHALL62SOLEI;LIAISON 225kV N0 2 ECHALAS - SOLEIL (LE);EN EXPLOITATION;225kV;RTE;1;;;;;;;;
AERIEN;CIZE L61IZERN;LIAISON 225kV N0 1 CIZE - IZERNORE;EN EXPLOITATION;225kV;RTE;2;CIZE L31IZERN;LIAISON 63kV N0 1 CIZE-IZERNORE;;;;;;
AERIEN;BOLL5L61CROI6;LIAISON 225kV N0 1 BOLLENE-CROISIERE;EN EXPLOITATION;225kV;RTE;1;;;;;;;;
AERIEN;VICOGL61ZBXV6;LIAISON 225kV N0 1 AMIENS - AVESNES-LE-COMTE - VICOGNE (LA);EN EXPLOITATION;225kV;RTE;1;;;;;;;;
AERIEN;VINCEL61VITTE;LIAISON 225kV N0 1 VINCEY-VITTEL;EN EXPLOITATION;225kV;RTE;1;;;;;;;;
AERIEN;BATZEL61MARL6;LIAISON 225kV N0 1 BATZENDORF-MARLENHEIM;EN EXPLOITATION;225kV;RTE;1;;;;;;;;
AERIEN;COUDOL61GARD7;LIAISON 225kV N0 1 COUDON (LE)-GARDE (LA);EN EXPLOITATION;225kV;RTE;2;COUDOL62GARD7;LIAISON 225kV N0 2 COUDON (LE)-GARDE (LA);;;;;;
AERIEN;CBRY L71M.SEI;LIAISON 400kV N0 1 CHAMBRY - MERY-SUR-SEINE;EN EXPLOITATION;400kV;RTE;1;;;;;;;;
AERIEN;FLEACL61MQIS;LIAISON 225kV N0 1 FLEAC-MARQUIS (LE);EN EXPLOITATION;225kV;RTE;1;;;;;;;;
AERIEN;BOISSL61CUS.P;LIAISON 225kV N0 1 BOISSE (LA) - CUSSET-POSTE;EN EXPLOITATION;225kV;RTE;1;;;;;;;;
AERIEN;M.RADL61SANDO;LIAISON 225kV N0 1 MARAIS DE RADICATEL (LES) - SANDOUVILLE;EN EXPLOITATION;225kV;RTE;1;;;;;;;;
AERIEN;FLEACL61MTGUY;LIAISON 225kV N0 1 FLEAC-MONTGUYON;EN EXPLOITATION;225kV;RTE;1;;;;;;;;
AERIEN;GATI5L71TABAR;LIAISON 400kV N0 1 GATINAIS - TABARDERIE;EN EXPLOITATION;400kV;RTE;1;;;;;;;;
AERIEN;P.SIML62VERFE;LIAISON 225kV N0 2 PORTET-ST-SIMON-VERFEIL;EN EXPLOITATION;225kV;RTE;1;;;;;;;;
AERIEN;SSOREL61VERFE;LIAISON 225kV N0 1 ST-ORENS-VERFEIL;EN EXPLOITATION;225kV;RTE;1;;;;;;;;
AERIEN;.VICHL71BAIXA;LIAISON 400kV N0 1 VICH - BAIXAS;EN EXPLOITATION;400kV;RTE;2;.VICHL71BAIXA;LIAISON 400kV N0 1 VICH - BAIXAS;;;;;;
AERIEN;LANDEL61MARTY;LIAISON 225kV N0 1 LANDERNEAU-MARTYRE (LA);EN EXPLOITATION;225kV;RTE;1;;;;;;;;
AERIEN;GAMBSL61SELTZ;LIAISON 225kV N0 1 GAMBSHEIM-SELTZ;EN EXPLOITATION;225kV;RTE;2;BEINHL31SELTZ;LIAISON 63kV N0 1 BEINHEIM-SELTZ;;;;;;
AERIEN;MENUEL71TAUTE;LIAISON 400kV N0 1 MENUEL - TAUTE;EN EXPLOITATION;400kV;RTE;1;;;;;;;;
AERIEN;CHESNL71MORBR;LIAISON 400kV N0 1 CHESNOY (LE) - MORBRAS;EN EXPLOITATION;400kV;RTE;2;CHESNL72MORBR;LIAISON 400kV N0 2 CHESNOY (LE) - MORBRAS;;;;;;
AERIEN;CHESNL71MORBR;LIAISON 400kV N0 1 CHESNOY (LE) - MORBRAS;EN EXPLOITATION;400kV;RTE;1;;;;;;;;
AERIEN;LEGUEL61P.SIM;LIAISON 225kV N0 1 LEGUEVIN-PORTET-ST-SIMON;EN EXPLOITATION;225kV;RTE;2;P.SIML31SEYS5;LIAISON 63kV N0 1 PORTET-ST-SIMON-SEYSSES;;;;;;
AERIEN;CARRIL61VALES;LIAISON 225kV N0 1 CARRIERES - VALESCOURT;EN EXPLOITATION;225kV;RTE;1;;;;;;;;
AERIEN;SSESTL61SSTUL;LIAISON 225kV N0 1 ST-ESTEVE-STE-TULLE;EN EXPLOITATION;225kV;RTE;1;;;;;;;;
AERIEN;CARRIL61GOUVI;LIAISON 225kV N0 1 CARRIERES-GOUVIEUX;EN EXPLOITATION;225kV;RTE;2;CARRIL61ZB.FR;LIAISON 225kV N0 1  CARRIERES - PLESSIS-GASSOT - BELLOY-EN-FRANCE;;;;;;
AERIEN;TUILIL61ZSS11;LIAISON 225kV N0 1 CUBNEZAIS - SAINT-GERAUD-DE-CORPS - TUILIERES;EN EXPLOITATION;225kV;RTE;2;CAUDEL31TUILI;LIAISON 63kV N0 1 CAUDEAU-TUILIERES;;;;;;
AERIEN;DAMBRL72VERGE;LIAISON 400kV N0 2 DAMBRON - VERGER;EN EXPLOITATION;400kV;RTE;1;;;;;;;;
AERIEN;ARGIAL61MOUGU;LIAISON 225kV N0 1 ARGIA - MOUGUERRE;EN EXPLOITATION;225kV;RTE;1;;;;;;;;
AERIEN;PRUNIL61ZSSCO;LIAISON 225kV N0 1 CORDEAC - PRUNIERES - ST-PIERRE-COGNET;EN EXPLOITATION;225kV;RTE;1;;;;;;;;
AERIEN;SSCOGL61ZSSCO;LIAISON 225kV N0 1 CORDEAC - PRUNIERES - ST-PIERRE-COGNET;EN EXPLOITATION;225kV;RTE;1;;;;;;;;
AERIEN;ALBERL72BATHI;LIAISON 400kV N0 2 ALBERTVILLE - BATHIE (LA);EN EXPLOITATION;400kV;RTE;1;;;;;;;;
AERIEN;EGUZOL61MARMA;LIAISON 225kV N0 1 EGUZON-MARMAGNE;EN EXPLOITATION;225kV;RTE;1;;;;;;;;
AERIEN;ARGOEL71CHEVA;LIAISON 400kV N0 1 ARGOEUVES - CHEVALET;EN EXPLOITATION;400kV;RTE;1;;;;;;;;
AERIEN;B.TOLL71CERN;LIAISON 400kV N0 1 BOIS-TOLLOT - C.E.R.N.;EN EXPLOITATION;400kV;RTE;1;;;;;;;;
AERIEN;JEUXEL61ZGOLB;LIAISON 225kV N0 1 GOLBEY - JEUXEY - VINCEY;EN EXPLOITATION;225kV;RTE;1;;;;;;;;
AERIEN;SSJULL61VIGY;LIAISON 225kV N0 1 ST-JULIEN-VIGY;EN EXPLOITATION;225kV;RTE;1;;;;;;;;
AERIEN;BOCTOL72MORBR;LIAISON 400kV N0 2 BOCTOIS - MORBRAS;EN EXPLOITATION;400kV;RTE;1;;;;;;;;
AERIEN;E.BOTL61PALUN;LIAISON 225kV N0 1 ENCO-DE-BOTTE-PALUN (LA);EN EXPLOITATION;225kV;RTE;1;;;;;;;;
AERIEN;CONTAL61G.COE;LIAISON 225kV N0 1 CONTAMINE-GRAND-COEUR;EN EXPLOITATION;225kV;RTE;1;;;;;;;;
AERIEN;CONTAL61G.COE;LIAISON 225kV N0 1 CONTAMINE-GRAND-COEUR;EN EXPLOITATION;225kV;RTE;2;CONTAL61MALGO;LIAISON 225kV N0 1 CONTAMINE-MALGOVERT;;;;;;
AERIEN;TUILIL61ZSS11;LIAISON 225kV N0 1 CUBNEZAIS - SAINT-GERAUD-DE-CORPS - TUILIERES;EN EXPLOITATION;225kV;RTE;2;TUILIL61ZSS11;LIAISON 225kV N0 1 CUBNEZAIS - SAINT-GERAUD-DE-CORPS - TUILIERES;;;;;;
AERIEN;CONF5L61CPNIE;LIAISON 225kV N0 1 CHAMPAGNIER-CONFLUENT;EN EXPLOITATION;225kV;RTE;1;;;;;;;;
AERIEN;COQUAL61DRONN;LIAISON 225kV N0 1 COQUAINVILLIERS-DRONNIERE (LA);EN EXPLOITATION;225kV;RTE;2;COQUAL61TOURB;LIAISON 225kV N0 1 COQUAINVILLIERS-TOURBE;;;;;;
AERIEN;CZTRYL61SENAR;LIAISON 225kV N0 1 COURTRY-SENART;EN EXPLOITATION;225kV;RTE;2;MALECL61PLISO;LIAISON 225kV N0 1 MALECOT-PLISON;;;;;;
AERIEN;FOUTEL62G.SYN;LIAISON 225kV N0 2 FOUTEIN-GRANDE-SYNTHE;EN EXPLOITATION;225kV;RTE;1;;;;;;;;
AERIEN;CROIXL61VERTE;LIAISON 225kV N0 1 CROIX (LA) - VERTEFEUILLE;EN EXPLOITATION;225kV;RTE;2;CROIXL61WEPPE;LIAISON 225kV N0 1 CROIX (LA) - WEPPES;;;;;;
AERIEN;MIONSL62MOUCH;LIAISON 225kV N0 2 MIONS-MOUCHE (LA);EN EXPLOITATION;225kV;RTE;1;;;;;;;;
AERIEN;ARGOEL73TERRI;LIAISON 400kV N0 3 ARGOEUVES - TERRIER;EN EXPLOITATION;400kV;RTE;1;;;;;;;;
AERIEN;BONN6L61ORANG;LIAISON 225kV N0 1 BONNEAU-ORANGERIE (L);EN EXPLOITATION;225kV;RTE;1;;;;;;;;
AERIEN;PRRTTL61SEQUE;LIAISON 225kV N0 1 PIERRETTE (LA) - SEQUEDIN;EN EXPLOITATION;225kV;RTE;2;PRRTTL62SEQUE;LIAISON 225kV N0 2 PIERRETTE (LA) - SEQUEDIN;;;;;;
AERIEN;BAYETL72MARMA;LIAISON 400kV N0 2 BAYET - MARMAGNE;EN EXPLOITATION;400kV;RTE;1;;;;;;;;
AERIEN;JEUXEL61ZGOLB;LIAISON 225kV N0 1 GOLBEY - JEUXEY - VINCEY;EN EXPLOITATION;225kV;RTE;2;DOGNEL32VINCE;LIAISON 63kV N0 2 DOGNEVILLE-VINCEY;;;;;;
AERIEN;AVELIL62HELLE;LIAISON 225kV N0 2 AVELIN - HELLEMMES;EN EXPLOITATION;225kV;RTE;1;;;;;;;;
AERIEN;FLERSL61THIOT;LIAISON 225kV N0 1 FLERS-THIOT;EN EXPLOITATION;225kV;RTE;1;;;;;;;;
AERIEN;AMIENL61ZARGO;LIAISON 225kV N0 1 AMARGUE - AMIENS - ARGOEUVES;EN EXPLOITATION;225kV;RTE;1;;;;;;;;
AERIEN;BREUIL61ZTALA;LIAISON 225kV N0 1 BREUIL - LAVAL-DE-CERE - TALAMET;EN EXPLOITATION;225kV;RTE;1;;;;;;;;
AERIEN;COMPIL61LATEN;LIAISON 225kV N0 1 COMPIEGNE-LATENA;EN EXPLOITATION;225kV;RTE;1;;;;;;;;
AERIEN;ABLAIL61LATEN;LIAISON 225kV N0 1 ABLAINCOURT-LATENA;EN EXPLOITATION;225kV;RTE;2;LATENL61ZC.OM;LIAISON 225kV N0 1 LATENA - PERTAIN - CRESSY-OMENCOURT;;;;;;
AERIEN;EGUZOL71RUEYR;LIAISON 400kV N0 1 EGUZON - RUEYRES;EN EXPLOITATION;400kV;RTE;1;;;;;;;;
AERIEN;HOUDRL71LOGEL;LIAISON 400kV N0 1 HOUDREVILLE - LOGELBACH;EN EXPLOITATION;400kV;RTE;1;;;;;;;;
AERIEN;BARJAL61CROI6;LIAISON 225kV N0 1 BARJAC-CROISIERE;EN EXPLOITATION;225kV;RTE;1;;;;;;;;
AERIEN;EYBENL61ZLANC;LIAISON 225kV N0 1 EYBENS - FROGES - LANCEY;EN EXPLOITATION;225kV;RTE;1;;;;;;;;
AERIEN;H.VINL61HANNA;LIAISON 225kV N0 1 HANNART-HAUT-VINAGE;EN EXPLOITATION;225kV;RTE;2;H.VINL62HANNA;LIAISON 225kV N0 2 HANNART-HAUT-VINAGE;;;;;;
AERIEN;BOISSL61GEN.P;LIAISON 225kV N0 1 BOISSE (LA) - GENISSIAT-POSTE;EN EXPLOITATION;225kV;RTE;1;;;;;;;;
AERIEN;KEMBSL61OTTMA;LIAISON 225kV N0 1 KEMBS-OTTMARSHEIM;EN EXPLOITATION;225kV;RTE;1;;;;;;;;
AERIEN;CAZARL62LANNE;LIAISON 225kV N0 2 CAZARIL-LANNEMEZAN;EN EXPLOITATION;225kV;RTE;2;CAZARL63LANNE;LIAISON 225kV N0 3 CAZARIL - LANNEMEZAN;;;;;;
AERIEN;LANCEL61ZLANC;LIAISON 225kV N0 1 EYBENS - FROGES - LANCEY;EN EXPLOITATION;225kV;RTE;1;;;;;;;;
AERIEN;CHAFFL72G.ILE;LIAISON 400kV N0 2 CHAFFARD - GRANDE-ILE;EN EXPLOITATION;400kV;RTE;1;;;;;;;;
AERIEN;CHEVIL61VLEJU;LIAISON 225kV N0 1 CHEVILLY-VILLEJUST;EN EXPLOITATION;225kV;RTE;1;;;;;;;;
AERIEN;LUMESL61MOHON;LIAISON 225kV N0 1 LUMES-MOHON;EN EXPLOITATION;225kV;RTE;2;LEFORL31MOHON;RES. LIAISON 63kV N0 1  LEFORT - MOHON;;;;;;
AERIEN;GEN.PL61SERRI;LIAISON 225kV N0 1 GENISSIAT-POSTE - SERRIERES;EN EXPLOITATION;225kV;RTE;2;GEN.PL61SERRI;LIAISON 225kV N0 1 GENISSIAT-POSTE - SERRIERES;;;;;;
AERIEN;ARPENL61ZRIC5;LIAISON 225kV N0 1 ARPENTS (LES) - BONNIERES - RICHEBOURG;EN EXPLOITATION;225kV;RTE;2;ARPENL62ZRIC6;LIAISON 225kV N0 2 ARPENTS (LES) - MEZEROLLES - RICHEBOURG;;;;;;
AERIEN;AVELIL61EPINE;LIAISON 225kV N0 1 AVELIN - EPINETTE;EN EXPLOITATION;225kV;RTE;1;;;;;;;;
AERIEN;BREN5L61PELIS;LIAISON 225kV N0 1 BRENS - PELISSIER;EN EXPLOITATION;225kV;RTE;1;;;;;;;;
AERIEN;PESSAL61ZPARR;LIAISON 225kV N0 1 BRUGES - GARIES - PESSAC;EN EXPLOITATION;225kV;RTE;1;;;;;;;;
AERIEN;BERANL61BONNI;LIAISON 225kV N0 1 BERANVILLE-BONNIERES;EN EXPLOITATION;225kV;RTE;1;;;;;;;;
AERIEN;LANG6L62ZLAN8;LIAISON 225kV N0 2 LANGLOIS - MORBRAS - VILLEVAUDE;EN EXPLOITATION;225kV;RTE;1;;;;;;;;
AERIEN;GROSNL61ZCUR5;LIAISON 225kV N0 1 CURTIL - GROSNE - HENRI-PAUL;EN EXPLOITATION;225kV;RTE;1;;;;;;;;
AERIEN;P.GASL63SEINE;LIAISON 225kV N0 3 PLESSIS-GASSOT - SEINE;EN EXPLOITATION;225kV;RTE;1;;;;;;;;
AERIEN;CUBNEL61GREZI;LIAISON 225kV N0 1 CUBNEZAIS-GREZILLAC;EN EXPLOITATION;225kV;RTE;2;CUBNEL61GREZI;LIAISON 225kV N0 1 CUBNEZAIS-GREZILLAC;;;;;;
AERIEN;GARRIL61ZGARR;LIAISON 225kV N0 1 COUFFRAU - MONTAHUT - GARRIGOU;EN EXPLOITATION;225kV;RTE;1;;;;;;;;
AERIEN;COUFFL61ZGARR;LIAISON 225kV N0 1 COUFFRAU - MONTAHUT - GARRIGOU;EN EXPLOITATION;225kV;RTE;1;;;;;;;;
AERIEN;CIZE L61FLEYR;LIAISON 225kV N0 1 CIZE - FLEYRIAT;EN EXPLOITATION;225kV;RTE;1;;;;;;;;
AERIEN;MANOIL61SSBAI;LIAISON 225kV N0 1 MANOIR (LE)-ST-PIERRE-DE-BAILLEUL;EN EXPLOITATION;225kV;RTE;1;;;;;;;;
AERIEN;MTVARL61ZCP.M;LIAISON 225kV N0 1 MONT-VARIN - PERIZET (LE) - SETIER;EN EXPLOITATION;225kV;RTE;1;;;;;;;;
AERIEN;SETIEL61ZCP.M;LIAISON 225kV N0 1 MONT-VARIN - PERIZET (LE) - SETIER;EN EXPLOITATION;225kV;RTE;1;;;;;;;;
AERIEN;H.PAUL71SSV.O;LIAISON 400kV N0 1 HENRI-PAUL - ST-VULBAS-OUEST;EN EXPLOITATION;400kV;RTE;2;MACONL61ZJOUX;LIAISON 225kV N0 1 BOISSE (LA) - JOUX - MACON;;;;;;
AERIEN;CPNIEL61SABL5;LIAISON 225kV N0 1 CHAMPAGNIER-SABLES (LES);EN EXPLOITATION;225kV;RTE;2;SABL5L61ZSABL;LIAISON 225kV N0 1 CHAMPAGNIER - CORDEAC - SABLES (LES);;;;;;
AERIEN;BATHIL61G.COE;LIAISON 225kV N0 1 BATHIE (LA)-GRAND-COEUR;EN EXPLOITATION;225kV;RTE;2;CUDRAL31ZVER5;LIAISON 63kV N0 1 CUDRAZ-TOURS EN SAVOIE-VERNAYS (LES);;;;;;
AERIEN;VAUPAL61YAINV;LIAISON 225kV N0 1 VAUPALIERE (LA)-YAINVILLE;EN EXPLOITATION;225kV;RTE;1;;;;;;;;
AERIEN;G.SYNL61ZQ.EC;LIAISON 225kV N0 1 DUNES (LES) - GRANDE-SYNTHE - QUATRE-ECLUSES;EN EXPLOITATION;225kV;RTE;1;;;;;;;;
AERIEN;ALBERL71G.ILE;LIAISON 400kV N0 1 ALBERTVILLE - GRANDE-ILE;EN EXPLOITATION;400kV;RTE;2;ALBERL72G.ILE;LIAISON 400kV N0 2 ALBERTVILLE - GRANDE-ILE;;;;;;
AERIEN;COR.PL61GUERS;LIAISON 225kV N0 1 CORDEMAIS-POSTE-GUERSAC;EN EXPLOITATION;225kV;RTE;2;COR.PL61ZPRIN;LIAISON 225kV N0 1 CORDEMAIS-POSTE - GUERSAC - THEIX;;;;;;
AERIEN;ROSIEL61ZC.SE;LIAISON 225kV N0 1 CHATILLON-SUR-SEINE - DARCEY - ROSIERES;EN EXPLOITATION;225kV;RTE;1;;;;;;;;
AERIEN;ARGOEL72CHEVA;LIAISON 400kV N0 2 ARGOEUVES - CHEVALET;EN EXPLOITATION;400kV;RTE;1;;;;;;;;
AERIEN;DOMLOL71P.HA5;LIAISON 400kV N0 1 DOMLOUP - PLAINE HAUTE;EN EXPLOITATION;400kV;RTE;2;DOMLOL71P.HA5;LIAISON 400kV N0 1 DOMLOUP - PLAINE HAUTE;;;;;;
AERIEN;ENVALL61ISSOI;LIAISON 225kV N0 1 ENVAL-ISSOIRE;EN EXPLOITATION;225kV;RTE;1;;;;;;;;
AERIEN;VINCEL61ZGOLB;LIAISON 225kV N0 1 GOLBEY - JEUXEY - VINCEY;EN EXPLOITATION;225kV;RTE;2;DOGNEL32VINCE;LIAISON 63kV N0 2 DOGNEVILLE-VINCEY;;;;;;
AERIEN;GOLBEL61ZGOLB;LIAISON 225kV N0 1 GOLBEY - JEUXEY - VINCEY;EN EXPLOITATION;225kV;RTE;2;GOLBEL61ZGOLB;LIAISON 225kV N0 1 GOLBEY - JEUXEY - VINCEY;;;;;;
AERIEN;BRAUDL71MQIS;LIAISON 400kV N0 1 BRAUD - MARQUIS (LE);EN EXPLOITATION;400kV;RTE;2;BRAUDL72CUBNE;LIAISON 400kV N0 2 BRAUD - CUBNEZAIS;;;;;;
AERIEN;CALA5L71MARTY;LIAISON 400kV N0 1 CALAN - MARTYRE (LA);EN EXPLOITATION;400kV;RTE;1;;;;;;;;
AERIEN;DARCEL61ZC.SE;LIAISON 225kV N0 1 CHATILLON-SUR-SEINE - DARCEY - ROSIERES;EN EXPLOITATION;225kV;RTE;1;;;;;;;;
AERIEN;GUERSL61SSNAZ;LIAISON 225kV N0 1 GUERSAC-ST-NAZAIRE;EN EXPLOITATION;225kV;RTE;1;;;;;;;;
AERIEN;BOUTRL61ZPELA;LIAISON 225kV N0 1 BOUTRE - OLLIERES - PELADE;EN EXPLOITATION;225kV;RTE;1;;;;;;;;
AERIEN;LAVERL61PONTE;LIAISON 225kV N0 1 LAVERA - PONTEAU;EN EXPLOITATION;225kV;RTE;1;;;;;;;;
AERIEN;MORBRL62SONNE;LIAISON 225kV N0 2 MORBRAS-SONNETTES;EN EXPLOITATION;225kV;RTE;1;;;;;;;;
AERIEN;VLEJUL63ZV.OR;LIAISON 225kV N0 3 CHEVILLY - ULIS (LES) - VILLEJUST;EN EXPLOITATION;225kV;RTE;1;;;;;;;;
AERIEN;VLEJUL64ZMAS5;LIAISON 225kV N0 4 CHEVILLY - MASSY - VILLEJUST;EN EXPLOITATION;225kV;RTE;1;;;;;;;;
AERIEN;CPVANL61PYMON;LIAISON 225kV N0 1 CHAMPVANS-PYMONT;EN EXPLOITATION;225kV;RTE;2;PYMONL61VOUGL;LIAISON 225kV N0 1 PYMONT-VOUGLANS;;;;;;
AERIEN;GATI5L72TABAR;LIAISON 400kV N0 2 GATINAIS - TABARDERIE;EN EXPLOITATION;400kV;RTE;1;;;;;;;;
AERIEN;P.ANDL72ZP.AN;LIAISON 400kV N0 1 PRAZ ST ANDRE 1 - PRAZ ST ANDRE 2 - VILLARODIN;EN EXPLOITATION;400kV;RTE;1;;;;;;;;
AERIEN;EGUZOL61MTLUC;LIAISON 225kV N0 1 EGUZON - MONTLUCON;EN EXPLOITATION;225kV;RTE;1;;;;;;;;
AERIEN;AOSTEL61ZGREN;LIAISON 225kV N0 1 AOSTE - GRENAY - MIONS;EN EXPLOITATION;225kV;RTE;1;;;;;;;;
AERIEN;P.GASL73TERRI;LIAISON 400kV N0 3 PLESSIS-GASSOT - TERRIER;EN EXPLOITATION;400kV;RTE;1;;;;;;;;
AERIEN;BUSSUL61MAMBE;LIAISON 225kV N0 1 BUSSUREL - MAMBELIN;EN EXPLOITATION;225kV;RTE;2;MAMBEL61PUSY;LIAISON 225kV N0 1 MAMBELIN-PUSY;;;;;;
AERIEN;BOLL5L61TRI.P;LIAISON 225kV N0 1 BOLLENE-TRICASTIN-POSTE (LE);EN EXPLOITATION;225kV;RTE;1;;;;;;;;
AERIEN;.AUBAL61MOULA;LIAISON 225kV N0 1 AUBANGE - MOULAINE;EN EXPLOITATION;225kV;RTE;1;;;;;;;;
AERIEN;MOUISL61P.ORG;LIAISON 225kV N0 1 MOUISSONNES-PLAN-D ORGON;EN EXPLOITATION;225kV;RTE;1;;;;;;;;
AERIEN;QUINTL61ZQUI5;LIAISON 225kV N0 1 ARNAGE - CLAIRE-FONTAINE - QUINTES (LES);EN EXPLOITATION;225kV;RTE;1;;;;;;;;
AERIEN;QUINTL61ZAMIG;LIAISON 225kV N0 1 CLAIRE-FONTAINE - COMMERVEIL - QUINTES (LES);EN EXPLOITATION;225kV;RTE;2;QUINTL61ZQUI5;LIAISON 225kV N0 1 ARNAGE - CLAIRE-FONTAINE - QUINTES (LES);;;;;;
AERIEN;BOLL5L61TERRA;LIAISON 225kV N0 1 BOLLENE-TERRADOU;EN EXPLOITATION;225kV;RTE;1;;;;;;;;
AERIEN;P.GASL62ZBRIC;LIAISON 225kV N0 2 PLESSIS-GASSOT - SEINE - BRICHE (LA);EN EXPLOITATION;225kV;RTE;1;;;;;;;;
AERIEN;P.GASL74VLEVA;LIAISON 400kV N0 4 PLESSIS-GASSOT - VILLEVAUDE;EN EXPLOITATION;400kV;RTE;1;;;;;;;;
AERIEN;COR.PL61ZBAST;LIAISON 225kV N0 1 BRAINS - CHEVIRE - CORDEMAIS-POSTE;EN EXPLOITATION;225kV;RTE;1;;;;;;;;
AERIEN;LANDRL61MTOIS;LIAISON 225kV N0 1 LANDRES-MONTOIS;EN EXPLOITATION;225kV;RTE;1;;;;;;;;
AERIEN;Q.SEIL61TAMAR;LIAISON 225kV N0 1 QUATRE SEIGNEURS - TAMAREAU;EN EXPLOITATION;225kV;RTE;1;;;;;;;;
AERIEN;PRIMEL61SAUS5;LIAISON 225kV N0 1 PRIMEVERES-SAUSSET;EN EXPLOITATION;225kV;RTE;1;;;;;;;;
AERIEN;MAZURL72REVI5;LIAISON 400kV N0 2 MAZURES - REVIN;EN EXPLOITATION;400kV;RTE;1;;;;;;;;
AERIEN;DOBERL61RAN.P;LIAISON 225kV N0 1 DOBERIE - RANCE-POSTE;EN EXPLOITATION;225kV;RTE;1;;;;;;;;
AERIEN;CHEV5L61VERTO;LIAISON 225kV N0 1 CHEVIRE-VERTOU;EN EXPLOITATION;225kV;RTE;2;CHEV5L61ZDOUL;LIAISON 225kV N0 1 CHEVIRE - DOULON - ST-JOSEPH;;;;;;
AERIEN;CXSSEL61REVIG;LIAISON 225kV N0 1 CHAUSSEE (LA)-REVIGNY;EN EXPLOITATION;225kV;RTE;1;;;;;;;;
AERIEN;DAMBRL71YVE.O;LIAISON 400kV N0 1 DAMBRON - YVELINES-OUEST;EN EXPLOITATION;400kV;RTE;1;;;;;;;;
AERIEN;GONESL61P.GAS;LIAISON 225kV N0 1 GONESSE - PLESSIS-GASSOT;EN EXPLOITATION;225kV;RTE;1;;;;;;;;
AERIEN;PRELEL61SEREI;LIAISON 225kV N0 1 PRELES (LES)-SEREIN;EN EXPLOITATION;225kV;RTE;1;;;;;;;;
AERIEN;BOCTOL72M.SEI;LIAISON 400kV N0 2 BOCTOIS - MERY-SUR-SEINE;EN EXPLOITATION;400kV;RTE;1;;;;;;;;
AERIEN;B.EPIL62RENNE;LIAISON 225kV N0 2 BELLE-EPINE-RENNES;EN EXPLOITATION;225kV;RTE;1;;;;;;;;
AERIEN;EGUZOL71PLAUD;LIAISON 400kV N0 1 EGUZON - PLAUD;EN EXPLOITATION;400kV;RTE;1;;;;;;;;
AERIEN;GRAV5L76WARAN;LIAISON 400kV N0 6 GRAVELINES (CENTRALE) - WARANDE;EN EXPLOITATION;400kV;RTE;1;;;;;;;;
AERIEN;HOLQUL61LONG9;LIAISON 225kV N0 1 HOLQUE-LONGUENESSE;EN EXPLOITATION;225kV;RTE;1;;;;;;;;
AERIEN;CAZARL72MARSI;LIAISON 400kV N0 2 CAZARIL - MARSILLON;EN EXPLOITATION;400kV;RTE;1;;;;;;;;
AERIEN;ESTR6L61MAUBE;LIAISON 225kV N0 1 ESTREUX-MAUBEUGE;EN EXPLOITATION;225kV;RTE;1;;;;;;;;
AERIEN;BXTO5L61LATEN;LIAISON 225kV N0 1 BEAUTOR(POSTE)-LATENA;EN EXPLOITATION;225kV;RTE;1;;;;;;;;
AERIEN;CPNIEL61SABL5;LIAISON 225kV N0 1 CHAMPAGNIER-SABLES (LES);EN EXPLOITATION;225kV;RTE;1;;;;;;;;
AERIEN;LUTTEL62SIERE;LIAISON 225kV N0 2 LUTTERBACH-SIERENTZ;EN EXPLOITATION;225kV;RTE;1;;;;;;;;
AERIEN;OUDONL71TAUTE;LIAISON 400kV N0 1  OUDON - TAUTE;EN EXPLOITATION;400kV;RTE;2;OUDONL72TAUTE;LIAISON 400kV N0 2 OUDON - TAUTE;;;;;;
AERIEN;CHESNL71CIROL;LIAISON 400kV N0 1 CHESNOY (LE) - CIROLLIERS;EN EXPLOITATION;400kV;RTE;2;CHESNL72CIROL;LIAISON 400kV N0 2 CHESNOY (LE) - CIROLLIERS;;;;;;
AERIEN;.ACHEL71LONNY;LIAISON 400kV N0 1 ACHENE - LONNY;EN EXPLOITATION;400kV;RTE;2;CHOO2L72LONNY;LIAISON 400kV N0 2 CHOOZ B - LONNY;;;;;;
AERIEN;ANOULL61ETIVA;LIAISON 225kV N0 1 ANOULD-ETIVAL;EN EXPLOITATION;225kV;RTE;1;;;;;;;;
AERIEN;ARRIGL61CHEVI;LIAISON 225kV N0 1 ARRIGHI-CHEVILLY;EN EXPLOITATION;225kV;RTE;1;;;;;;;;
AERIEN;MARCKL61VOGEL;LIAISON 225kV N0 1 MARCKOLSHEIM-VOGELGRUN;EN EXPLOITATION;225kV;RTE;2;MARCKL62VOGEL;LIAISON 225kV N0 2 MARCKOLSHEIM-VOGELGRUN;;;;;;
AERIEN;FONT L61RIORG;LIAISON 225kV N0 1 FONT (LA)-RIORGES;EN EXPLOITATION;225kV;RTE;1;;;;;;;;
AERIEN;GAUDIL72TAMAR;LIAISON 400kV N0 2 LA GAUDIERE - TAMAREAU;EN EXPLOITATION;400kV;RTE;1;;;;;;;;
AERIEN;HAVR5L73ROUGE;LIAISON 400kV N0 3 HAVRE (LE) (POSTE) - ROUGEMONTIER;EN EXPLOITATION;400kV;RTE;1;;;;;;;;
AERIEN;BXLIEL61SIRMI;LIAISON 225kV N0 1 BEAULIEU-SIRMIERE;EN EXPLOITATION;225kV;RTE;2;BXLIEL41MARA7;LIAISON 90kV N0 1 BEAULIEU-MARANS;;;;;;
AERIEN;GRANZL61NIORT;LIAISON 225kV N0 1 GRANZAY-NIORT;EN EXPLOITATION;225kV;RTE;1;;;;;;;;
AERIEN;CHEVAL72WARAN;LIAISON 400kV N0 2 CHEVALET - WARANDE;EN EXPLOITATION;400kV;RTE;1;;;;;;;;
AERIEN;CHEVAL71WARAN;LIAISON 400kV N0 1 CHEVALET - WARANDE;EN EXPLOITATION;400kV;RTE;2;CHEVAL72WARAN;LIAISON 400kV N0 2 CHEVALET - WARANDE;;;;;;
AERIEN;H.VINL61WATTR;LIAISON 225kV N0 1 HAUT-VINAGE-WATTRELOS;EN EXPLOITATION;225kV;RTE;1;;;;;;;;
AERIEN;BOLL5L62CROI6;LIAISON 225kV N0 2 BOLLENE-CROISIERE;EN EXPLOITATION;225kV;RTE;1;;;;;;;;
AERIEN;JONQUL62SSCES;LIAISON 225kV N0 2 JONQUIERES-ST-CESAIRE;EN EXPLOITATION;225kV;RTE;1;;;;;;;;
AERIEN;STENAL61ZR.MA;LIAISON 225kV N0 1 LANDRES - STENAY - JAMETZ;EN EXPLOITATION;225kV;RTE;1;;;;;;;;
AERIEN;CORNIL61PRESS;LIAISON 225kV N0 1 CORNIER-PRESSY;EN EXPLOITATION;225kV;RTE;1;;;;;;;;
AERIEN;VLEVAL61ZORS6;LIAISON 225kV N0 1 MORBRAS - ORSONVILLE - VILLEVAUDE;EN EXPLOITATION;225kV;RTE;1;;;;;;;;
AERIEN;CARRIL61TERRI;LIAISON 225kV N0 1 CARRIERES-TERRIER;EN EXPLOITATION;225kV;RTE;1;;;;;;;;
AERIEN;BAYETL71GAUGL;LIAISON 400kV N0 1 BAYET - GAUGLIN;EN EXPLOITATION;400kV;RTE;2;BAYETL72SSELO;LIAISON 400kV N0 2 BAYET - ST-ELOI;;;;;;
AERIEN;CAEN L61DRONN;LIAISON 225kV N0 1 CAEN-DRONNIERE (LA);EN EXPLOITATION;225kV;RTE;1;;;;;;;;
AERIEN;CALA5L71COR.P;LIAISON 400kV N0 1 CALAN - CORDEMAIS-POSTE;EN EXPLOITATION;400kV;RTE;2;COR.PL72MARTY;LIAISON 400kV N0 2 CORDEMAIS-POSTE - MARTYRE (LA);;;;;;
AERIEN;BRENNL61ZCORO;LIAISON 225kV N0 1 BRENNILIS - PLAINE HAUTE - ROSPEZ;EN EXPLOITATION;225kV;RTE;1;;;;;;;;
AERIEN;BREUIL61ZSSG7;LIAISON 225kV N0 1 BREUIL (LE) - GATELLIER - GODIN;EN EXPLOITATION;225kV;RTE;1;;;;;;;;
AERIEN;MARTYL61SQUIV;LIAISON 225kV N0 1 MARTYRE (LA)-SQUIVIDAN;EN EXPLOITATION;225kV;RTE;2;SQUIVL62ZTREF;LIAISON 225kV N0 2 DIRINON - MARTYRE (LA) - SQUIVIDAN;;;;;;
AERIEN;BATZEL61MARL6;LIAISON 225kV N0 1 BATZENDORF-MARLENHEIM;EN EXPLOITATION;225kV;RTE;2;DETTWL31TRUCH;LIAISON 63kV N0 1 DETTWILLER-TRUCHTERSHEIM;;;;;;
AERIEN;AVELIL61VENDI;LIAISON 225kV N0 1 AVELIN-VENDIN;EN EXPLOITATION;225kV;RTE;1;;;;;;;;
AERIEN;ARMENL61WEPPE;LIAISON 225kV N0 1 ARMENTIERES - WEPPES;EN EXPLOITATION;225kV;RTE;2;ARMENL62WEPPE;LIAISON 225kV N0 2 ARMENTIERES - WEPPES;;;;;;
AERIEN;ROMAIL61VLEVA;LIAISON 225kV N0 1 ROMAINVILLE-VILLEVAUDE;EN EXPLOITATION;225kV;RTE;2;VLEVAL62ZAVR5;LIAISON 225kV N0 2 PLAISANCE - VILLEVAUDE - AVRON;;;;;;
AERIEN;SERRIL61SSV.E;LIAISON 225kV N0 1 SERRIERES-ST-VULBAS-EST;EN EXPLOITATION;225kV;RTE;1;;;;;;;;
AERIEN;CARRIL61MORU;LIAISON 225kV N0 1 CARRIERES-MORU;EN EXPLOITATION;225kV;RTE;2;MORU L31SSMAX;LIAISON 63kV N0 1 MORU-STE-MAXENCE;;;;;;
AERIEN;P.JERL61RATIE;LIAISON 225kV N0 1 PORT-JEROME-RATIER;EN EXPLOITATION;225kV;RTE;2;P.SEPL61RATIE;LIAISON 225kV N0 1 PONT-SEPT-RATIER;;;;;;
AERIEN;TAVELL74TRI.P;LIAISON 400kV N0 4 TAVEL - TRICASTIN-POSTE (LE);EN EXPLOITATION;400kV;RTE;1;;;;;;;;
AERIEN;SSAU5L61VLERA;LIAISON 225kV N0 1 ST-AUBIN-VILLERAS;EN EXPLOITATION;225kV;RTE;1;;;;;;;;
AERIEN;MASTAL61PERIZ;LIAISON 225kV N0 1 MASTAING-PERIZET (LE);EN EXPLOITATION;225kV;RTE;1;;;;;;;;
AERIEN;P.GASL62ZV.BE;LIAISON 225kV N0 2 FALLOU - PLESSIS-GASSOT - VILLIERS-LE-BEL;EN EXPLOITATION;225kV;RTE;1;;;;;;;;
AERIEN;ELANCL61SSAU5;LIAISON 225kV N0 1 ELANCOURT - ST-AUBIN;EN EXPLOITATION;225kV;RTE;2;SSAU5L61ZMTJA;LIAISON 225kV N0 1 ST-AUBIN - MONTJAY - VILLEJUST;;;;;;
AERIEN;JONQUL71TAVEL;LIAISON 400kV N0 1 JONQUIERES - TAVEL;EN EXPLOITATION;400kV;RTE;1;;;;;;;;
AERIEN;B.EPIL61DOMLO;LIAISON 225kV N0 1 BELLE-EPINE-DOMLOUP;EN EXPLOITATION;225kV;RTE;1;;;;;;;;
AERIEN;ALBERL61UGINE;LIAISON 225kV N0 1 ALBERTVILLE - UGINE (UGINE SAVOIE A UGINE)1;EN EXPLOITATION;225kV;RTE;1;;;;;;;;
AERIEN;BAYETL72RULHA;LIAISON 400kV N0 2 BAYET - RULHAT;EN EXPLOITATION;400kV;RTE;1;;;;;;;;
AERIEN;BZGUIL61MAMBE;LIAISON 225kV N0 1 BOURGUIGNON - MAMBELIN;EN EXPLOITATION;225kV;RTE;1;;;;;;;;
AERIEN;LANG6L61MORBR;LIAISON 225kV N0 1 LANGLOIS-MORBRAS;EN EXPLOITATION;225kV;RTE;1;;;;;;;;
AERIEN;AQUEDL62CHENE;LIAISON 225kV N0 2 AQUEDUCS (LES)-CHENET;EN EXPLOITATION;225kV;RTE;1;;;;;;;;
AERIEN;ARGOEL71FRUGE;LIAISON 400kV N0 1 ARGOEUVES - FRUGES;EN EXPLOITATION;400kV;RTE;1;;;;;;;;
AERIEN;RUEYRL61ZCOUE;LIAISON 225kV N0 1 GOLINHAC - RUEYRES - COUESQUE - LARDIT;EN EXPLOITATION;225kV;RTE;1;;;;;;;;
AERIEN;CREC6L62WEPPE;LIAISON 225kV N0 2 CRECHETS (LES)-WEPPES;EN EXPLOITATION;225kV;RTE;1;;;;;;;;
AERIEN;VLEVAL62ZGAL5;LIAISON 225kV N0 2 GALERES - PLAISANCE - VILLEVAUDE;EN EXPLOITATION;225kV;RTE;1;;;;;;;;
AERIEN;VLEVAL64ZGALE;LIAISON 225kV N0 4 GALERES - ROMAINVILLE - VILLEVAUDE;EN EXPLOITATION;225kV;RTE;1;;;;;;;;
AERIEN;FALLOL61TILLI;LIAISON 225kV N0 1 FALLOU-TILLIERS;EN EXPLOITATION;225kV;RTE;1;;;;;;;;
AERIEN;GAMPAL61MIONS;LIAISON 225kV N0 1 GAMPALOUP-MIONS;EN EXPLOITATION;225kV;RTE;1;;;;;;;;
AERIEN;DOMLOL61MORIH;LIAISON 225kV N0 1 DOMLOUP - MORIHAN;EN EXPLOITATION;225kV;RTE;1;;;;;;;;
AERIEN;.HERNL71ARGIA;LIAISON 400kV N0 1 ARGIA - HERNANI;EN EXPLOITATION;400kV;RTE;1;;;;;;;;
AERIEN;CHAV6L61GEN.P;LIAISON 225kV N0 1 CHAVANOD - GENISSIAT-POSTE;EN EXPLOITATION;225kV;RTE;2;SEYSSL31ZSEYS;LIAISON 63kV N0 1 ARLOD-GENISSIAT(PORTIQUE)-SEYSSEL;;;;;;
AERIEN;CHENEL61SENAR;LIAISON 225kV N0 1 CHENET-SENART;EN EXPLOITATION;225kV;RTE;1;;;;;;;;
AERIEN;LEGUEL61LESQU;LIAISON 225kV N0 1 LEGUEVIN-LESQUIVE;EN EXPLOITATION;225kV;RTE;2;LESQUL62VERLH;LIAISON 225kV N0 2 LESQUIVE-VERLHAGUET;;;;;;
AERIEN;CAPELL61P.SAM;LIAISON 225kV N0 1 CAPELLE (LA)-PONT-SUR-SAMBRE;EN EXPLOITATION;225kV;RTE;1;;;;;;;;
AERIEN;MAZURL73REVI5;LIAISON 400kV N0 3 MAZURES - REVIN;EN EXPLOITATION;400kV;RTE;1;;;;;;;;
AERIEN;MAZURL74REVI5;LIAISON 400kV N0 4 MAZURES - REVIN;EN EXPLOITATION;400kV;RTE;1;;;;;;;;
AERIEN;VERTEL61WEPPE;LIAISON 225kV N0 1 VERTEFEUILLE-WEPPES;EN EXPLOITATION;225kV;RTE;1;;;;;;;;
AERIEN;CROIXL61WEPPE;LIAISON 225kV N0 1 CROIX (LA) - WEPPES;EN EXPLOITATION;225kV;RTE;1;;;;;;;;
AERIEN;P.ROUL61PLUVI;LIAISON 225kV N0 1 PLUVIGNER - POTEAU-ROUGE;EN EXPLOITATION;225kV;RTE;1;;;;;;;;
AERIEN;TERR6L71TOURB;LIAISON 400kV N0 1 TERRETTE - TOURBE;EN EXPLOITATION;400kV;RTE;1;;;;;;;;
AERIEN;MTPELL61TAMAR;LIAISON 225kV N0 1 MONTPELLIER - TAMAREAU;EN EXPLOITATION;225kV;RTE;2;MTPELL63TAMAR;LIAISON 225kV N0 3 MONTPELLIER - TAMAREAU;;;;;;
AERIEN;CORNIL62GEN.P;LIAISON 225kV N0 2 CORNIER - GENISSIAT-POSTE;EN EXPLOITATION;225kV;RTE;1;;;;;;;;
AERIEN;DAMBRL72VLEJU;LIAISON 400kV N0 2 DAMBRON - VILLEJUST;EN EXPLOITATION;400kV;RTE;1;;;;;;;;
AERIEN;SSEA2L71VERGE;LIAISON 400kV N0 1 ST-LAURENT-DES-EAUX B - VERGER;EN EXPLOITATION;400kV;RTE;2;SSEA2L72VERGE;LIAISON 400kV N0 2 ST-LAURENT-DES-EAUX B - VERGER;;;;;;
AERIEN;BEC5 L62MQIS;LIAISON 225kV N0 2 BEC - MARQUIS (LE);EN EXPLOITATION;225kV;RTE;1;;;;;;;;
AERIEN;B.MONL61VALE8;LIAISON 225kV N0 1 BEAUMONT-MONTEUX-VALENCE;EN EXPLOITATION;225kV;RTE;1;;;;;;;;
AERIEN;CHASTL61ZDONZ;LIAISON 225kV N0 1 BREUIL - CHASTANG 1 - DONZENAC;EN EXPLOITATION;225kV;RTE;1;;;;;;;;
AERIEN;COULAL71CRUA5;LIAISON 400kV N0 1 COULANGE - CRUAS (-MEYSSE);EN EXPLOITATION;400kV;RTE;1;;;;;;;;
AERIEN;ALBERL61CHAV6;LIAISON 225kV N0 1 ALBERTVILLE-CHAVANOD;EN EXPLOITATION;225kV;RTE;1;;;;;;;;
AERIEN;CHESNL73TABAR;LIAISON 400kV N0 3 CHESNOY (LE) - TABARDERIE;EN EXPLOITATION;400kV;RTE;1;;;;;;;;
AERIEN;G.CAIL62VALEN;LIAISON 225kV N0 2 GROS-CAILLOU - VALENCIENNES;EN EXPLOITATION;225kV;RTE;2;G.CAIL61HORNA;RES. LIAISON 225kV N0 1  GROS-CAILLOU - HORNAING;;;;;;
AERIEN;MARMAL61PAUDY;LIAISON 225kV N0 1 MARMAGNE - PAUDY;EN EXPLOITATION;225kV;RTE;1;;;;;;;;
AERIEN;BEZONL61P.ROU;LIAISON 225kV N0 1 BEZON-POTEAU-ROUGE;EN EXPLOITATION;225kV;RTE;1;;;;;;;;
AERIEN;CHARPL71ECHAL;LIAISON 400kV N0 1 CHARPENAY - ECHALAS;EN EXPLOITATION;400kV;RTE;1;;;;;;;;
AERIEN;ECHALL61MADE5;LIAISON 225kV N0 1 ECHALAS - MADELEINE (LA)(CREUSOT LOIRE INDUSTRIE A RIVE-DE-GIERS);EN EXPLOITATION;225kV;RTE;1;;;;;;;;
AERIEN;LUMESL61STENA;LIAISON 225kV N0 1 LUMES-STENAY;EN EXPLOITATION;225kV;RTE;2;STENAL61ZR.MA;LIAISON 225kV N0 1 LANDRES - STENAY - JAMETZ;;;;;;
AERIEN;H.VINL62HANNA;LIAISON 225kV N0 2 HANNART-HAUT-VINAGE;EN EXPLOITATION;225kV;RTE;1;;;;;;;;
AERIEN;TAVELL61VIRAD;LIAISON 225kV N0 1 TAVEL-VIRADEL;EN EXPLOITATION;225kV;RTE;1;;;;;;;;
AERIEN;VINCEL61ZG.HA;LIAISON 225kV N0 1 MUREMONT - SAINTOIS - VINCEY;EN EXPLOITATION;225kV;RTE;2;VINCEL61ZMAD6;LIAISON 225kV N0 1 LA MADELEINE - LANEUVEVILLE - VINCEY;;;;;;
AERIEN;VINCEL61ZG.HA;LIAISON 225kV N0 1 MUREMONT - SAINTOIS - VINCEY;EN EXPLOITATION;225kV;RTE;1;;;;;;;;
AERIEN;CHESNL61NEMOU;LIAISON 225kV N0 1 CHESNOY (LE) - NEMOURS;EN EXPLOITATION;225kV;RTE;1;;;;;;;;
AERIEN;VLEVAL61ZAVRO;LIAISON 225kV N0 1 PLAISANCE - VILLEVAUDE - AVRON;EN EXPLOITATION;225kV;RTE;1;;;;;;;;
AERIEN;DECHYL61GAVRE;LIAISON 225kV N0 1 DECHY - GAVRELLE;EN EXPLOITATION;225kV;RTE;2;GAVREL62VENDI;LIAISON 225kV N0 2 GAVRELLE-VENDIN;;;;;;
AERIEN;GODINL61ZNEG5;LIAISON 225kV N0 1 GODIN - NEGREPELISSE - VERLHAGUET;EN EXPLOITATION;225kV;RTE;1;;;;;;;;
AERIEN;CHAFFL71P.COR;LIAISON 400kV N0 1 CHAFFARD (LE) - PIVOZ CORDIER;EN EXPLOITATION;400kV;RTE;1;;;;;;;;
AERIEN;ASTURL61DECHY;LIAISON 225kV N0 1 ASTURIES - DECHY;EN EXPLOITATION;225kV;RTE;1;;;;;;;;
AERIEN;CERGYL73TERRI;LIAISON 400kV N0 3 CERGY - TERRIER;EN EXPLOITATION;400kV;RTE;1;;;;;;;;
AERIEN;E.BOTL61RABAT;LIAISON 225kV N0 1 ENCO-DE-BOTTE - RABATAU;EN EXPLOITATION;225kV;RTE;1;;;;;;;;
AERIEN;CHAFFL72CPNIE;LIAISON 400kV N0 2 CHAFFARD (LE) - CHAMPAGNIER;EN EXPLOITATION;400kV;RTE;2;CHAFFL72CPNIE;LIAISON 400kV N0 2 CHAFFARD (LE) - CHAMPAGNIER;;;;;;
AERIEN;DARSEL61FEUIL;LIAISON 225kV N0 1 DARSE-FEUILLANE;EN EXPLOITATION;225kV;RTE;1;;;;;;;;
AERIEN;RASSUL61S.AIR;LIAISON 225kV N0 1 RASSUEN - SALON-BEL-AIR;EN EXPLOITATION;225kV;RTE;1;;;;;;;;
AERIEN;.AVELL71MASTA;LIAISON 400kV N0 1 AVELGEM - MASTAING;EN EXPLOITATION;400kV;RTE;2;AVELIL72MASTA;LIAISON 400kV N0 2 AVELIN - MASTAING;;;;;;
AERIEN;MTPELL62TAMAR;LIAISON 225kV N0 2 MONTPELLIER - TAMAREAU;EN EXPLOITATION;225kV;RTE;1;;;;;;;;
AERIEN;M.MA5L61MOULA;LIAISON 225kV N0 1 MT-SAINT-MARTIN - MOULAINE;EN EXPLOITATION;225kV;RTE;1;;;;;;;;
AERIEN;PLAISL61ROMAI;LIAISON 225kV N0 1 PLAISANCE-ROMAINVILLE;EN EXPLOITATION;225kV;RTE;3;ROMAIL64ZGALE;LIAISON 225kV N0 4 GALERES - ROMAINVILLE - VILLEVAUDE;PLAISL62ROMAI;RES. LIAISON 225kV N0 2  PLAISANCE - ROMAINVILLE;;;;
AERIEN;MAROLL61REVIG;LIAISON 225kV N0 1 MAROLLES - REVIGNY;EN EXPLOITATION;225kV;RTE;1;;;;;;;;
AERIEN;FLEACL61ROUMA;LIAISON 225kV N0 1 FLEAC - ROUMAGNOLLE;EN EXPLOITATION;225kV;RTE;1;;;;;;;;
AERIEN;TERR6L72TOURB;LIAISON 400kV N0 2 TERRETTE - TOURBE;EN EXPLOITATION;400kV;RTE;1;;;;;;;;
AERIEN;VLEJUL61ZROBI;LIAISON 225kV N0 1 CHATILLON (CLAMART) - ROBINSON - VILLEJUST;EN EXPLOITATION;225kV;RTE;1;;;;;;;;
AERIEN;AUBE L61MEZE5;LIAISON 225kV N0 1 AUBE-MEZEROLLES;EN EXPLOITATION;225kV;RTE;2;MEZE5L63PORCH;LIAISON 225kV N0 3 MEZEROLLES - PORCHEVILLE;;;;;;
AERIEN;CAZARL62LANNE;LIAISON 225kV N0 2 CAZARIL-LANNEMEZAN;EN EXPLOITATION;225kV;RTE;1;;;;;;;;
AERIEN;CARRIL61ZB.FR;LIAISON 225kV N0 1  CARRIERES - PLESSIS-GASSOT - BELLOY-EN-FRANCE;EN EXPLOITATION;225kV;RTE;2;GOUVIL61P.GAS;LIAISON 225kV N0 1 GOUVIEUX - PLESSIS-GASSOT;;;;;;
AERIEN;DANTOL61TUILI;LIAISON 225kV N0 1 DANTOU-TUILIERES;EN EXPLOITATION;225kV;RTE;2;CANCOL62DANTO;RES. LIAISON 225kV N0 2  CANCON - DANTOU;;;;;;
AERIEN;DANTOL61TUILI;LIAISON 225kV N0 1 DANTOU-TUILIERES;EN EXPLOITATION;225kV;RTE;1;;;;;;;;
AERIEN;DISTRL72JUMEA;LIAISON 400kV N0 2 DISTRE - JUMEAUX (LES);EN EXPLOITATION;400kV;RTE;1;;;;;;;;
AERIEN;GERSTL61STRAS;LIAISON 225kV N0 1 GERSTHEIM-STRASBOURG;EN EXPLOITATION;225kV;RTE;2;GERSTL31STRAS;LIAISON 63kV N0 1 GERSTHEIM-STRASBOURG;;;;;;
AERIEN;ALBERL62ZRAN6;LIAISON 225kV N0 2 ALBERTVILLE - LONGEFAN - RANDENS;EN EXPLOITATION;225kV;RTE;1;;;;;;;;
AERIEN;CHAN5L72LARCA;LIAISON 400kV N0 2 CHANCEAUX - LARCAY;EN EXPLOITATION;400kV;RTE;1;;;;;;;;
AERIEN;CHESNL63CZTRY;LIAISON 225kV N0 3 CHESNOY (LE) - COURTRY;EN EXPLOITATION;225kV;RTE;1;;;;;;;;
AERIEN;DRONNL62TOURB;LIAISON 225kV N0 2 DRONNIERE (LA)-TOURBE;EN EXPLOITATION;225kV;RTE;1;;;;;;;;
AERIEN;C.MERL61MOUGI;LIAISON 225kV N0 1 CAGNES-SUR-MER-MOUGINS;EN EXPLOITATION;225kV;RTE;1;;;;;;;;
AERIEN;ELANCL61MEZE5;LIAISON 225kV N0 1 ELANCOURT-MEZEROLLES;EN EXPLOITATION;225kV;RTE;1;;;;;;;;
AERIEN;RIVIEL61SANSS;LIAISON 225kV N0 1 RIVIERE (LA) - SANSSAC (L EGLISE);EN EXPLOITATION;225kV;RTE;2;RIVIEL61TREVA;LIAISON 225kV N0 1 RIVIERE (LA) - TREVAS;;;;;;
AERIEN;G.CAIL62VALEN;LIAISON 225kV N0 2 GROS-CAILLOU - VALENCIENNES;EN EXPLOITATION;225kV;RTE;1;;;;;;;;
AERIEN;BONN6L61VALDI;LIAISON 225kV N0 1 BONNEAU-VALDIVIENNE;EN EXPLOITATION;225kV;RTE;1;;;;;;;;
AERIEN;BARNAL72REMIS;LIAISON 400kV N0 2 BARNABOS - REMISE;EN EXPLOITATION;400kV;RTE;1;;;;;;;;
AERIEN;BARNAL71REMIS;LIAISON 400kV N0 1 BARNABOS - REMISE;EN EXPLOITATION;400kV;RTE;2;BARNAL72REMIS;LIAISON 400kV N0 2 BARNABOS - REMISE;;;;;;
AERIEN;WARANL61ZDUV5;LIAISON 225kV N0 1 BRODE - DUVIGNEAU - WARANDE;EN EXPLOITATION;225kV;RTE;1;;;;;;;;
AERIEN;CAIL5L61RABAT;LIAISON 225kV N0 1 CAILLOLS - RABATAU;EN EXPLOITATION;225kV;RTE;1;;;;;;;;
AERIEN;BRUGEL61ZPARR;LIAISON 225kV N0 1 BRUGES - GARIES - PESSAC;EN EXPLOITATION;225kV;RTE;1;;;;;;;;
AERIEN;CHAFFL74SSV.O;LIAISON 400kV N0 4 CHAFFARD - ST-VULBAS-OUEST;EN EXPLOITATION;400kV;RTE;1;;;;;;;;
AERIEN;ELANCL61ZMTJ5;LIAISON 225kV N0 1 ELANCOURT - VILLEJUST - MONTJAY;EN EXPLOITATION;225kV;RTE;1;;;;;;;;
AERIEN;VAIREL62VLEVA;LIAISON 225kV N0 2 VAIRES - VILLEVAUDE;EN EXPLOITATION;225kV;RTE;1;;;;;;;;
AERIEN;BOLL5L62TRI.P;LIAISON 225kV N0 2 BOLLENE-TRICASTIN-POSTE (LE);EN EXPLOITATION;225kV;RTE;1;;;;;;;;
AERIEN;BOSCHL61ROUGE;LIAISON 225kV N0 1 BOSCHERVILLE-ROUGEMONTIER;EN EXPLOITATION;225kV;RTE;1;;;;;;;;
AERIEN;CPNIEL71VAUJA;LIAISON 400kV N0 1 CHAMPAGNIER - VAUJANY;EN EXPLOITATION;400kV;RTE;1;;;;;;;;
AERIEN;CREYSL72G.ILE;LIAISON 400kV N0 2 CREYS - GRANDE-ILE;EN EXPLOITATION;400kV;RTE;1;;;;;;;;
AERIEN;CHAFFL72MIONS;LIAISON 400kV N0 2 CHAFFARD (LE) - MIONS;EN EXPLOITATION;400kV;RTE;1;;;;;;;;
AERIEN;BISC6L61JONQU;LIAISON 225kV N0 1 BISCARRAT-JONQUIERES;EN EXPLOITATION;225kV;RTE;1;;;;;;;;
AERIEN;BALARL61FLORE;LIAISON 225kV N0 1 BALARUC - FLORENSAC;EN EXPLOITATION;225kV;RTE;1;;;;;;;;
AERIEN;CATTEL74VIGY;LIAISON 400kV N0 4 CATTENOM - VIGY;EN EXPLOITATION;400kV;RTE;1;;;;;;;;
AERIEN;GRENAL61MIONS;LIAISON 225kV N0 1 GRENAY-MIONS;EN EXPLOITATION;225kV;RTE;1;;;;;;;;
AERIEN;CHAFFL72SSV.O;LIAISON 400kV N0 2 CHAFFARD (LE) - ST-VULBAS-OUEST;EN EXPLOITATION;400kV;RTE;1;;;;;;;;
AERIEN;BEZAUL61VANDI;LIAISON 225kV N0 1 BEZAUMONT-VANDIERES;EN EXPLOITATION;225kV;RTE;1;;;;;;;;
AERIEN;ROLAML61ZRIGO;LIAISON 225kV N0 1 PUSY - RIGOTTE (LA) - ROLAMPONT;EN EXPLOITATION;225kV;RTE;1;;;;;;;;
AERIEN;ASTONL61LAPAR;LIAISON 225kV N0 1 ASTON-LAPARAN;EN EXPLOITATION;225kV;RTE;1;;;;;;;;
AERIEN;CHOO2L71LONNY;LIAISON 400kV N0 1 CHOOZ B - LONNY;EN EXPLOITATION;400kV;RTE;2;CHOO5L62MAZUR;LIAISON 225kV N0 2 CHOOZ-MAZURES;;;;;;
AERIEN;CHOO2L72LONNY;LIAISON 400kV N0 2 CHOOZ B - LONNY;EN EXPLOITATION;400kV;RTE;2;CHOO5L61MAZUR;LIAISON 225kV N0 1 CHOOZ-MAZURES;;;;;;
AERIEN;CHAFFL71COULA;LIAISON 400kV N0 1 CHAFFARD (LE) - COULANGE;EN EXPLOITATION;400kV;RTE;2;B.MONL72COULA;LIAISON 400kV N0 2 BEAUMONT-MONTEUX - COULANGE;;;;;;
AERIEN;PESSAL61SAUCA;LIAISON 225kV N0 1 PESSAC-SAUCATS;EN EXPLOITATION;225kV;RTE;2;PESSAL62SAUCA;LIAISON 225kV N0 2 PESSAC-SAUCATS;;;;;;
AERIEN;CAPELL71LONNY;LIAISON 400kV N0 1 CAPELLE (LA) - LONNY;EN EXPLOITATION;400kV;RTE;1;;;;;;;;
AERIEN;COUESL61ZCOUE;LIAISON 225kV N0 1 GOLINHAC - RUEYRES - COUESQUE - LARDIT;EN EXPLOITATION;225kV;RTE;1;;;;;;;;
AERIEN;MOLIEL71OUDON;LIAISON 400kV N0 1 MOLIERE - OUDON;EN EXPLOITATION;400kV;RTE;2;OUDONL71QUINT;LIAISON 400kV N0 1 OUDON - QUINTES (LES);;;;;;
AERIEN;MEZE5L71YVE.O;LIAISON 400kV N0 1 MEZEROLLES - YVELINES-OUEST;EN EXPLOITATION;400kV;RTE;2;MEZE5L72VLEJU;LIAISON 400kV N0 2 MEZEROLLES - VILLEJUST;;;;;;
AERIEN;AVIGNL61CTAUR;LIAISON 225kV N0 1 AVIGNON (POSTE) - CHATEAURENARD;EN EXPLOITATION;225kV;RTE;2;CTAURL61ZVILA;LIAISON 225kV N0 1 CHATEAURENARD - MONTAGNETTE (LA) - ROQUEROUSSE;;;;;;
AERIEN;.ROMAL71B.TOL;LIAISON 400kV N0 1 BOIS-TOLLOT -  ROMANEL;EN EXPLOITATION;400kV;RTE;1;;;;;;;;
AERIEN;B.MONL61G.CO6;LIAISON 225kV N0 1 BEAUMONT-MONTEUX - GRAND-COURBIS;EN EXPLOITATION;225kV;RTE;2;CBAUDL61G.CO6;LIAISON 225kV N0 1 CHAMBAUD - GRAND-COURBIS;;;;;;
AERIEN;FEUILL61PONTE;LIAISON 225kV N0 1 FEUILLANE - PONTEAU;EN EXPLOITATION;225kV;RTE;3;LAVERL61PONTE;LIAISON 225kV N0 1 LAVERA - PONTEAU;FEUILL62PONTE;LIAISON 225kV N0 2 FEUILLANE - PONTEAU;;;;
AERIEN;MTAHUL61ZGARR;LIAISON 225kV N0 1 COUFFRAU - MONTAHUT - GARRIGOU;EN EXPLOITATION;225kV;RTE;1;;;;;;;;
AERIEN;SSJULL63VIGY;LIAISON 225kV N0 3 ST-JULIEN - VIGY;EN EXPLOITATION;225kV;RTE;1;;;;;;;;
AERIEN;PALUNL61SEPTE;LIAISON 225kV N0 1 PALUN (LA)-SEPTEMES;EN EXPLOITATION;225kV;RTE;1;;;;;;;;
AERIEN;EGUZOL61T.NO6;LIAISON 225kV N0 1 EGUZON-TERRES-NOIRES(RFF A VILLEFRANCHE SUR CHER );EN EXPLOITATION;225kV;RTE;1;;;;;;;;
AERIEN;AVALLL61J.VIL;LIAISON 225kV N0 1 AVALLON - JOUX-LA-VILLE;EN EXPLOITATION;225kV;RTE;1;;;;;;;;
AERIEN;CHEVAL72GAVRE;LIAISON 400kV N0 2 CHEVALET - GAVRELLE;EN EXPLOITATION;400kV;RTE;1;;;;;;;;
AERIEN;BRUGEL61ZPARR;LIAISON 225kV N0 1 BRUGES - GARIES - PESSAC;EN EXPLOITATION;225kV;RTE;2;MERIGL31PESSA;LIAISON 63kV N0 1 MERIGNAC-PESSAC;;;;;;
AERIEN;GRANDL61ZLANA;LIAISON 225kV N0 1 RUEYRES - GRANDVAL - LANAU;EN EXPLOITATION;225kV;RTE;1;;;;;;;;
AERIEN;G.CAIL61MASTA;LIAISON 225kV N0 1 GROS-CAILLOU-MASTAING;EN EXPLOITATION;225kV;RTE;1;;;;;;;;
AERIEN;P.VILL61ZP.V5;LIAISON 225kV N0 1 CRENEY - PONT-LA-VILLE - ROLAMPONT;EN EXPLOITATION;225kV;RTE;1;;;;;;;;
AERIEN;CUBNEL61MTGUY;LIAISON 225kV N0 1 CUBNEZAIS-MONTGUYON;EN EXPLOITATION;225kV;RTE;2;FLEACL61MTGUY;LIAISON 225kV N0 1 FLEAC-MONTGUYON;;;;;;
AERIEN;CPVANL61ZMAGN;LIAISON 225kV N0 1 CHAMPS-REGNAUD - CHAMPVANS - MAGNY(-SUR-TILLE);EN EXPLOITATION;225kV;RTE;1;;;;;;;;
AERIEN;MASSYL62VLEJU;LIAISON 225kV N0 2 MASSY-VILLEJUST;EN EXPLOITATION;225kV;RTE;1;;;;;;;;
AERIEN;FARRAL61GRANZ;LIAISON 225kV N0 1 FARRADIERE (LA)-GRANZAY;EN EXPLOITATION;225kV;RTE;2;GRANZL61ZGRA6;LIAISON 225kV N0 1 BEAULIEU - ROUMAGNOLLE - GRANZAY;;;;;;
AERIEN;AYVELL61LUMES;LIAISON 225kV N0 1 AYVELLES (LES)-LUMES;EN EXPLOITATION;225kV;RTE;2;LUMESL61MOHON;LIAISON 225kV N0 1 LUMES-MOHON;;;;;;
AERIEN;LAVERL61P.BOU;LIAISON 225kV N0 1 LAVERA-PORT-DE-BOUC;EN EXPLOITATION;225kV;RTE;2;P.BOUL31RASSU;LIAISON 63kV N0 1 PORT-DE-BOUC-RASSUEN;;;;;;
AERIEN;PATISL61V.SEP;LIAISON 225kV N0 1 PATIS - VILLERS-SAINT-SEPULCRE;EN EXPLOITATION;225kV;RTE;1;;;;;;;;
AERIEN;BAYETL61SEMIN;LIAISON 225kV N0 1 BAYET - SEMINAIRE;EN EXPLOITATION;225kV;RTE;2;CRESSL31SEMIN;LIAISON 63kV N0 1 CRESSANGES-SEMINAIRE;;;;;;
AERIEN;BOUTRL61SSTUL;LIAISON 225kV N0 1 BOUTRE-STE-TULLE;EN EXPLOITATION;225kV;RTE;1;;;;;;;;
AERIEN;CHAPOL61REVIG;LIAISON 225kV N0 1 CHAPON - REVIGNY;EN EXPLOITATION;225kV;RTE;1;;;;;;;;
AERIEN;MASQUL61ZBARP;LIAISON 225kV N0 1 MASQUET - SAUCATS - LE BARP;EN EXPLOITATION;225kV;RTE;2;MASQUL61ZBARP;LIAISON 225kV N0 1 MASQUET - SAUCATS - LE BARP;;;;;;
AERIEN;GANGEL61VIRAD;LIAISON 225kV N0 1 GANGES - VIRADEL;EN EXPLOITATION;225kV;RTE;1;;;;;;;;
AERIEN;B.TOLL71GEN.P;LIAISON 400kV N0 1 BOIS-TOLLOT - GENISSIAT-POSTE;EN EXPLOITATION;400kV;RTE;2;CORNIL71GEN.P;LIAISON 400kV N0 1 CORNIER - GENISSIAT-POSTE;;;;;;
AERIEN;MTGROL61PRATC;LIAISON 225kV N0 1 MONTGROS - PRATCLAUX;EN EXPLOITATION;225kV;RTE;1;;;;;;;;
AERIEN;CHESNL61ROUSS;LIAISON 225kV N0 1 CHESNOY (LE) - ROUSSON;EN EXPLOITATION;225kV;RTE;1;;;;;;;;
AERIEN;DENNAL61WARAN;LIAISON 225kV N0 1 DENNA-WARANDE;EN EXPLOITATION;225kV;RTE;2;WARANL61ZDUV5;LIAISON 225kV N0 1 BRODE - DUVIGNEAU - WARANDE;;;;;;
AERIEN;BREUIL61ZENCH;LIAISON 225kV N0 1 BREUIL - GATELLIER - ENCHANET;EN EXPLOITATION;225kV;RTE;1;;;;;;;;
AERIEN;BRENNL61P.CHR;LIAISON 225kV N0 1 BRENNILIS-PLEYBER CHRIST;EN EXPLOITATION;225kV;RTE;1;;;;;;;;
AERIEN;BOLL5L62PRRLA;LIAISON 225kV N0 2 BOLLENE - PIERRELATTE (COGEMA A PIERRELATTE) (225kV);EN EXPLOITATION;225kV;RTE;1;;;;;;;;
AERIEN;PLACHL61ZPLAC;LIAISON 225kV N0 1 DOUVRIN - LESTARQUIT - PLACHY (LE);EN EXPLOITATION;225kV;RTE;1;;;;;;;;
AERIEN;FESSEL61OTTMA;LIAISON 225kV N0 1 FESSENHEIM (CENTRALE HYDRAULIQUE)-OTTMARSHEIM;EN EXPLOITATION;225kV;RTE;1;;;;;;;;
AERIEN;B.CO6L61SORRU;LIAISON 225kV N0 1 BRAILLY-CORNEHOTTE - SORRUS;EN EXPLOITATION;225kV;RTE;2;ECHINL61SORRU;LIAISON 225kV N0 1 ECHINGHEN-SORRUS;;;;;;
AERIEN;CIROLL71VLEJU;LIAISON 400kV N0 1 CIROLLIERS - VILLEJUST;EN EXPLOITATION;400kV;RTE;2;CIROLL72VLEJU;LIAISON 400kV N0 2 CIROLLIERS - VILLEJUST;;;;;;
AERIEN;DAMBRL71YVE.O;LIAISON 400kV N0 1 DAMBRON - YVELINES-OUEST;EN EXPLOITATION;400kV;RTE;2;MEZE5L72VLEJU;LIAISON 400kV N0 2 MEZEROLLES - VILLEJUST;;;;;;
AERIEN;MUREML61ZEPIZ;LIAISON 225kV N0 1 FRONCLES - EPIZON - MUREMONT;EN EXPLOITATION;225kV;RTE;1;;;;;;;;
AERIEN;CHAFFL71P.COR;LIAISON 400kV N0 1 CHAFFARD (LE) - PIVOZ CORDIER;EN EXPLOITATION;400kV;RTE;2;CHAFFL72P.COR;LIAISON 400kV N0 2 CHAFFARD (LE) - PIVOZ CORDIER;;;;;;
AERIEN;AYRESL61GANGE;LIAISON 225kV N0 1 AYRES - GANGES;EN EXPLOITATION;225kV;RTE;1;;;;;;;;
AERIEN;VALENL61ZQUAR;LIAISON 225kV N0 1 QUAREZ - THIERS (BRUAY-SUR-L'ESCAUT) - VALENCIENNES;EN EXPLOITATION;225kV;RTE;2;FAMARL31THIER;LIAISON 63kV N0 1 FAMARS-THIERS;;;;;;
AERIEN;WARANL71WEPPE;LIAISON 400kV N0 1 WARANDE - WEPPES;EN EXPLOITATION;400kV;RTE;1;;;;;;;;
AERIEN;AUZATL61TARAS;LIAISON 225kV N0 1 AUZAT-TARASCON;EN EXPLOITATION;225kV;RTE;1;;;;;;;;
AERIEN;MAZURL71REVI5;LIAISON 400kV N0 1 MAZURES - REVIN;EN EXPLOITATION;400kV;RTE;2;MAZURL72REVI5;LIAISON 400kV N0 2 MAZURES - REVIN;;;;;;
AERIEN;VANDIL61VOID;LIAISON 225kV N0 1 VANDIERES - VOID;EN EXPLOITATION;225kV;RTE;1;;;;;;;;
AERIEN;DARSEL62RELA5;LIAISON 225kV N0 2 DARSE-RELAIS;EN EXPLOITATION;225kV;RTE;2;DARSEL62RELA5;LIAISON 225kV N0 2 DARSE-RELAIS;;;;;;
AERIEN;MARMAL71TABAR;LIAISON 400kV N0 1 MARMAGNE - TABARDERIE;EN EXPLOITATION;400kV;RTE;1;;;;;;;;
AERIEN;AUBETL61ROGNA;LIAISON 225kV N0 1 AUBETTE-ROGNAC;EN EXPLOITATION;225kV;RTE;2;AUBETL62ROGNA;LIAISON 225kV N0 2 AUBETTE-ROGNAC;;;;;;
AERIEN;GALERL62ZGAL5;LIAISON 225kV N0 2 GALERES - PLAISANCE - VILLEVAUDE;EN EXPLOITATION;225kV;RTE;1;;;;;;;;
AERIEN;BACALL61MQIS;LIAISON 225kV N0 1 BACALAN-MARQUIS (LE);EN EXPLOITATION;225kV;RTE;3;BASSEL31MQIS;LIAISON 63kV N0 1 BASSENS-MARQUIS (LE);MQIS L31ZBASS;LIAISON 63kV N0 1 BACALAN-MARQUIS-BASSENS;;;;
AERIEN;GIVORL62MIONS;LIAISON 225kV N0 2 GIVORS - MIONS;EN EXPLOITATION;225kV;RTE;1;;;;;;;;
AERIEN;MASQUL61ZBARP;LIAISON 225kV N0 1 MASQUET - SAUCATS - LE BARP;EN EXPLOITATION;225kV;RTE;1;;;;;;;;
AERIEN;P.SIML61TARAS;LIAISON 225kV N0 1 PORTET-ST-SIMON-TARASCON;EN EXPLOITATION;225kV;RTE;1;;;;;;;;
AERIEN;B.CARL61LINGO;LIAISON 225kV N0 1 BROC-CARROS (LE)-LINGOSTIERE;EN EXPLOITATION;225kV;RTE;1;;;;;;;;
AERIEN;HERBLL61ZHERB;LIAISON 225kV N0 1 CERGY - CORMEILLES - HERBLAY;EN EXPLOITATION;225kV;RTE;1;;;;;;;;
AERIEN;CSLL8L61SAUMA;LIAISON 225kV N0 1 CASTELLE (LA) - SAUMADE;EN EXPLOITATION;225kV;RTE;2;MTPELL61ZP.TR;LIAISON 225kV N0 1 MONTPELLIER - PONT TRINQUAT - ST CHRISTOL;;;;;;
AERIEN;G.PORL61G.SYN;LIAISON 225kV N0 1 GRAND-PORT - GRANDE-SYNTHE;EN EXPLOITATION;225kV;RTE;2;HOLQUL61WARAN;LIAISON 225kV N0 1 HOLQUE-WARANDE;;;;;;
AERIEN;BOISSL61CUS.P;LIAISON 225kV N0 1 BOISSE (LA) - CUSSET-POSTE;EN EXPLOITATION;225kV;RTE;2;BOISSL62CUS.P;LIAISON 225kV N0 2 BOISSE (LA) - CUSSET-POSTE;;;;;;
AERIEN;CORBIL61SSBA5;LIAISON 225kV N0 1 CORBIERE (LA)-ST-BARTHELEMY;EN EXPLOITATION;225kV;RTE;2;CORBIL41SSBA5;LIAISON 90kV N0 1 CORBIERE (LA)-ST-BARTHELEMY;;;;;;
AERIEN;GRIGNL61ZCOQU;LIAISON 225kV N0 1 AQUEDUCS (LES) - COQUIBUS - GRIGNY;EN EXPLOITATION;225kV;RTE;2;GRIGNL62ZCOQ5;LIAISON 225kV N0 2 AQUEDUCS (LES) - COQUIBUS - GRIGNY;;;;;;
AERIEN;SSELOL61VNOL;LIAISON 225kV N0 1 ST-ELOI-VIGNOL;EN EXPLOITATION;225kV;RTE;2;GARCHL31ZDOUD;LIAISON 63kV N0 1 CHARITE-SUR-LOIRE (LA)-DOUDOYE-GARCHIZY;;;;;;
AERIEN;LUMESL61STENA;LIAISON 225kV N0 1 LUMES-STENAY;EN EXPLOITATION;225kV;RTE;1;;;;;;;;
AERIEN;CHEV5L61ZDOUL;LIAISON 225kV N0 1 CHEVIRE - DOULON - ST-JOSEPH;EN EXPLOITATION;225kV;RTE;2;CARQ5L31ZBLOT;LIAISON 63kV N0 1 CARQUEFOU - LION D OR - BLOTTEREAU;;;;;;
AERIEN;TRANSL61ZGUE5;LIAISON 225kV N0 1 GUERACHE (LA) - PIQUAGE A GUERACHE (LA) - TRANS - VINS;EN EXPLOITATION;225kV;RTE;1;;;;;;;;
AERIEN;LIGNAL61RULHA;LIAISON 225kV N0 1 LIGNAT-RULHAT;EN EXPLOITATION;225kV;RTE;1;;;;;;;;
AERIEN;.RONDL71ALBER;LIAISON 400kV N0 1 ALBERTVILLE - RONDISSONE;EN EXPLOITATION;400kV;RTE;2;.RONDL72ALBER;LIAISON 400kV N0 2 ALBERTVILLE - RONDISSONE;;;;;;
AERIEN;JONQUL71TAVEL;LIAISON 400kV N0 1 JONQUIERES - TAVEL;EN EXPLOITATION;400kV;RTE;2;JONQUL72TAVEL;LIAISON 400kV N0 2 JONQUIERES - TAVEL;;;;;;
AERIEN;BOISSL61C.FO6;LIAISON 225kV N0 1 BOISSE (LA) - CAILLOUX-SUR-FONTAINE;EN EXPLOITATION;225kV;RTE;2;BOISSL31C.FO6;LIAISON 63kV N0 1 BOISSE (LA)-CAILLOUX-SUR-FONTAINE;;;;;;
AERIEN;CERGYL72TERRI;LIAISON 400kV N0 2 CERGY - TERRIER;EN EXPLOITATION;400kV;RTE;1;;;;;;;;
AERIEN;BATZEL61REICH;LIAISON 225kV N0 1 BATZENDORF-REICHSTETT;EN EXPLOITATION;225kV;RTE;2;MARL6L61REICH;LIAISON 225kV N0 1 MARLENHEIM-REICHSTETT;;;;;;
AERIEN;SEUILL71VESLE;LIAISON 400kV N0 1 SEUIL - VESLE;EN EXPLOITATION;400kV;RTE;1;;;;;;;;
AERIEN;PALUNL62SEPTE;LIAISON 225kV N0 2 PALUN (LA)-SEPTEMES;EN EXPLOITATION;225kV;RTE;1;;;;;;;;
AERIEN;ALBERL61BATHI;LIAISON 225kV N0 1 ALBERTVILLE-BATHIE (LA);EN EXPLOITATION;225kV;RTE;1;;;;;;;;
AERIEN;HAVR5L72ROUGE;LIAISON 400kV N0 2 HAVRE (LE) (POSTE) - ROUGEMONTIER;EN EXPLOITATION;400kV;RTE;2;HAVR5L73ROUGE;LIAISON 400kV N0 3 HAVRE (LE) (POSTE) - ROUGEMONTIER;;;;;;
AERIEN;BERG9L61CANTE;LIAISON 225kV N0 1 BERGE - CANTEGRIT;EN EXPLOITATION;225kV;RTE;2;CANTEL61MARSI;LIAISON 225kV N0 1CANTEGRIT- MARSILLON;;;;;;
AERIEN;COULAL71TRI.P;LIAISON 400kV N0 1 COULANGE - TRICASTIN-POSTE (LE);EN EXPLOITATION;400kV;RTE;4;COULAL72TRI.P;LIAISON 400kV N0 2 COULANGE - TRICASTIN-POSTE (LE);COULAL73TRI.P;LIAISON 400kV N0 3 COULANGE - TRICASTIN-POSTE (LE);TAVELL73TRI.P;LIAISON 400kV N0 3 TAVEL - TRICASTIN-POSTE (LE);;
AERIEN;LANEUL61SUIS5;LIAISON 225kV N0 1 LANEUVEVILLE-SUISSE;EN EXPLOITATION;225kV;RTE;2;SSAVOL61ZSAU9;LIAISON 225kV N0 1 LANEUVEVILLE - SAULNOIS - ST-AVOLD;;;;;;
AERIEN;SSROCL61VERTE;LIAISON 225kV N0 1 ST-ROCH - VERTEFEUILLE;EN EXPLOITATION;225kV;RTE;1;;;;;;;;
AERIEN;SARRYL61SEREI;LIAISON 225kV N0 1 SARRY-SEREIN;EN EXPLOITATION;225kV;RTE;2;SEREIL61TONNE;LIAISON 225kV N0 1 SEREIN-TONNERRE;;;;;;
AERIEN;P.ROUL61THEIX;LIAISON 225kV N0 1 POTEAU-ROUGE - THEIX;EN EXPLOITATION;225kV;RTE;1;;;;;;;;
AERIEN;CREYSL71SSV.O;LIAISON 400kV N0 1 CREYS - ST-VULBAS-OUEST;EN EXPLOITATION;400kV;RTE;2;CREYSL72SSV.O;LIAISON 400kV N0 2 CREYS - ST-VULBAS-OUEST;;;;;;
AERIEN;BOUTRL61SSTUL;LIAISON 225kV N0 1 BOUTRE-STE-TULLE;EN EXPLOITATION;225kV;RTE;2;ROUMOL51SSTUL;LIAISON 150kV N0 1 ROUMOULES - STE-TULLE;;;;;;
AERIEN;ANSERL61AVELI;LIAISON 225kV N0 1 ANSEREUILLES (LES) - AVELIN;EN EXPLOITATION;225kV;RTE;2;AVELIL61VENDI;LIAISON 225kV N0 1 AVELIN-VENDIN;;;;;;
AERIEN;GRAV5L61WARAN;LIAISON 225kV N0 1 GRAVELINES (CENTRALE)-WARANDE;EN EXPLOITATION;225kV;RTE;2;G.COLL62WARAN;LIAISON 225kV N0 2 GRAND COLOMBIER-WARANDE;;;;;;
AERIEN;LUMESL62MAZUR;LIAISON 225kV N0 2 LUMES-MAZURES;EN EXPLOITATION;225kV;RTE;1;;;;;;;;
AERIEN;VLEJUL62ZCAR6;LIAISON 225kV N0 2 CARRES(LES) - DAMBRON - VILLEJUST;EN EXPLOITATION;225kV;RTE;1;;;;;;;;
AERIEN;ROGNAL61SSCHA;LIAISON 225kV N0 1 ROGNAC-ST-CHAMAS;EN EXPLOITATION;225kV;RTE;1;;;;;;;;
AERIEN;NEOULL71TRANS;LIAISON 400kV N0 1 NEOULES - TRANS;EN EXPLOITATION;400kV;RTE;2;NEOULL72TRANS;LIAISON 400kV N0 2 NEOULES - TRANS;;;;;;
AERIEN;P.GASL61V.BEL;LIAISON 225kV N0 1 PLESSIS-GASSOT - VILLIERS-LE-BEL;EN EXPLOITATION;225kV;RTE;2;P.GASL63V.BEL;RES. LIAISON 225kV N0 3  PLESSIS-GASSOT - VILLIERS-LE-BEL;;;;;;
AERIEN;PARC L61QUINT;LIAISON 225kV N0 1 PARC (LE)-QUINTES (LES);EN EXPLOITATION;225kV;RTE;1;;;;;;;;
AERIEN;CAEN L61RANVI;LIAISON 225kV N0 1 CAEN-RANVILLE;EN EXPLOITATION;225kV;RTE;1;;;;;;;;
AERIEN;RICH5L61ZRIC5;LIAISON 225kV N0 1 ARPENTS (LES) - BONNIERES - RICHEBOURG;EN EXPLOITATION;225kV;RTE;2;RICH5L62ZRIC6;LIAISON 225kV N0 2 ARPENTS (LES) - MEZEROLLES - RICHEBOURG;;;;;;
AERIEN;LANDEL61LOSCO;LIAISON 225kV N0 1 LANDERNEAU-LOSCOAT;EN EXPLOITATION;225kV;RTE;1;;;;;;;;
AERIEN;EGUZOL71VALDI;LIAISON 400kV N0 1 EGUZON - VALDIVIENNE;EN EXPLOITATION;400kV;RTE;1;;;;;;;;
AERIEN;AUSSOL61P.AND;LIAISON 225kV N0 1 AUSSOIS-PRAZ-ST-ANDRE;EN EXPLOITATION;225kV;RTE;2;AUSSOL31BISSO;LIAISON 63kV N0 1 AUSSOIS-BISSORTE;;;;;;
AERIEN;SSJOSL61ZORVA;LIAISON 225kV N0 1 CORDEMAIS-POSTE - ST JOSEPH - ORVAULT;EN EXPLOITATION;225kV;RTE;2;CONRAL31SSJOS;LIAISON 63kV N0 1 CONRAIE (LA) - ST-JOSEPH;;;;;;
AERIEN;CPNIEL61MOIRA;LIAISON 225kV N0 1 CHAMPAGNIER-MOIRANS;EN EXPLOITATION;225kV;RTE;2;MIONSL61MOIRA;LIAISON 225kV N0 1 MIONS-MOIRANS;;;;;;
AERIEN;REMISL71TERRI;LIAISON 400kV N0 1 REMISE - TERRIER;EN EXPLOITATION;400kV;RTE;1;;;;;;;;
AERIEN;HOLQUL61ZWOES;LIAISON 225kV N0 1 GUARBECQUE - HOLQUE - WOESTYNE;EN EXPLOITATION;225kV;RTE;1;;;;;;;;
AERIEN;ANOULL61ZL.NO;LIAISON 225kV N0 1 ANOULD - LAC-NOIR - LOGELBACH;EN EXPLOITATION;225kV;RTE;1;;;;;;;;
AERIEN;BRAUDL71PREGU;LIAISON 400kV N0 1 BRAUD - PREGUILLAC;EN EXPLOITATION;400kV;RTE;2;BRAUDL72PREGU;LIAISON 400kV N0 2 BRAUD - PREGUILLAC;;;;;;
AERIEN;SOLEIL61VOLVO;LIAISON 225kV N0 1 SOLEIL (LE) - VOLVON;EN EXPLOITATION;225kV;RTE;2;SOLEIL62VOLVO;LIAISON 225kV N0 2 SOLEIL (LE) - VOLVON;;;;;;
AERIEN;LANEUL61ZMAD6;LIAISON 225kV N0 1 LA MADELEINE - LANEUVEVILLE - VINCEY;EN EXPLOITATION;225kV;RTE;1;;;;;;;;
AERIEN;BERGHL61ZSAR6;LIAISON 225kV N0 1 BERGHOLZ - SARREGUEMINES - ST-AVOLD;EN EXPLOITATION;225kV;RTE;1;;;;;;;;
AERIEN;LANG6L61MORBR;LIAISON 225kV N0 1 LANGLOIS-MORBRAS;EN EXPLOITATION;225kV;RTE;2;VLEVAL61ZORS6;LIAISON 225kV N0 1 MORBRAS - ORSONVILLE - VILLEVAUDE;;;;;;
AERIEN;BERCLL61ZBERC;LIAISON 225kV N0 1 ANSEREUILLES (LES) - BERCLAU - DOUVRIN;EN EXPLOITATION;225kV;RTE;1;;;;;;;;
AERIEN;DOUVRL61ZBERC;LIAISON 225kV N0 1 ANSEREUILLES (LES) - BERCLAU - DOUVRIN;EN EXPLOITATION;225kV;RTE;1;;;;;;;;
AERIEN;CAZARL71MARSI;LIAISON 400kV N0 1 CAZARIL - MARSILLON;EN EXPLOITATION;400kV;RTE;2;CAZARL72MARSI;LIAISON 400kV N0 2 CAZARIL - MARSILLON;;;;;;
AERIEN;MOTT5L61ROUGI;LIAISON 225kV N0 1 MOTTE (LA) (V.-LES-AVIGNON)-ROUGIER;EN EXPLOITATION;225kV;RTE;2;MOTT5L31ZCOLO;LIAISON 63kV N0 1 AVIGNON(POSTE)-COLOMB-MOTTE (LA) (V.-LES-AVIGNON);;;;;;
AERIEN;RICH5L62ZRIC6;LIAISON 225kV N0 2 ARPENTS (LES) - MEZEROLLES - RICHEBOURG;EN EXPLOITATION;225kV;RTE;1;;;;;;;;
AERIEN;RICH5L61ZRIC5;LIAISON 225kV N0 1 ARPENTS (LES) - BONNIERES - RICHEBOURG;EN EXPLOITATION;225kV;RTE;1;;;;;;;;
AERIEN;BEZAUL71MARL6;LIAISON 400kV N0 1 BEZAUMONT - MARLENHEIM;EN EXPLOITATION;400kV;RTE;2;MUHLBL71SCHEE;LIAISON 400kV N0 1 MUHLBACH - SCHEER;;;;;;
AERIEN;ARLODL61GEN.P;LIAISON 225kV N0 1 ARLOD-GENISSIAT-POSTE;EN EXPLOITATION;225kV;RTE;1;;;;;;;;
AERIEN;BARP L61SAUCA;LIAISON 225kV N0 1 BARP(LE)-SAUCAT;EN EXPLOITATION;225kV;RTE;2;SAUCAL61ZBARP;LIAISON 225kV N0 1 MASQUET - SAUCATS - LE BARP;;;;;;
AERIEN;BAYETL61BILLY;LIAISON 225kV N0 1 BAYET-BILLY;EN EXPLOITATION;225kV;RTE;1;;;;;;;;
AERIEN;CIZE L61FLEYR;LIAISON 225kV N0 1 CIZE - FLEYRIAT;EN EXPLOITATION;225kV;RTE;2;FLEYRL61VOUGL;LIAISON 225kV N0 1 FLEYRIAT-VOUGLANS;;;;;;
AERIEN;HOUDRL71N.MAI;LIAISON 400kV N0 1 HOUDREVILLE - NEUVES-MAISONS;EN EXPLOITATION;400kV;RTE;1;;;;;;;;
AERIEN;CRENEL71M.SEI;LIAISON 400kV N0 1 CRENEY - MERY-SUR-SEINE;EN EXPLOITATION;400kV;RTE;1;;;;;;;;
AERIEN;GIEN L61ZGLAC;LIAISON 225kV N0 1 GIEN - TABARDERIE - VILLEMANDEUR;EN EXPLOITATION;225kV;RTE;2;TABARL61ZGIEN;LIAISON 225kV N0 1 GARCHIZY - GIEN - TABARDERIE;;;;;;
AERIEN;P.SIML61PALAY;LIAISON 225kV N0 1 PORTET-ST-SIMON  - PALAYRE;EN EXPLOITATION;225kV;RTE;1;;;;;;;;
AERIEN;FLOREL61SSVIN;LIAISON 225kV N0 1 FLORENSAC - ST VINCENT;EN EXPLOITATION;225kV;RTE;1;;;;;;;;
AERIEN;G.PORL61G.SYN;LIAISON 225kV N0 1 GRAND-PORT - GRANDE-SYNTHE;EN EXPLOITATION;225kV;RTE;2;G.SYNL61HOLQU;LIAISON 225kV N0 1 GRANDE-SYNTHE-HOLQUE;;;;;;
AERIEN;MAGNYL61ZMAGN;LIAISON 225kV N0 1 CHAMPS-REGNAUD - CHAMPVANS - MAGNY(-SUR-TILLE);EN EXPLOITATION;225kV;RTE;1;;;;;;;;
AERIEN;GRAFFL61STRAS;LIAISON 225kV N0 1 GRAFFENSTADEN-STRASBOURG;EN EXPLOITATION;225kV;RTE;2;GRAFFL61STRAS;LIAISON 225kV N0 1 GRAFFENSTADEN-STRASBOURG;;;;;;
AERIEN;CPNIEL61GRISO;LIAISON 225kV N0 1 CHAMPAGNIER-GRISOLLES;EN EXPLOITATION;225kV;RTE;2;CPNIEL61S.PON;LIAISON 225kV N0 1 CHAMPAGNIER-SERRE-PONCON;;;;;;
AERIEN;GIEN L61ZGIEN;LIAISON 225kV N0 1 GARCHIZY - GIEN - TABARDERIE;EN EXPLOITATION;225kV;RTE;1;;;;;;;;
AERIEN;BUSSUL61ETUPE;LIAISON 225kV N0 1 BUSSUREL - ETUPES;EN EXPLOITATION;225kV;RTE;1;;;;;;;;
AERIEN;A.COML61MTCRO;LIAISON 225kV N0 1 AVESNES-LE-COMTE - MONTCROISETTE;EN EXPLOITATION;225kV;RTE;1;;;;;;;;
AERIEN;P.SIML61RIVEN;LIAISON 225kV N0 1 PORTET-ST-SIMON-RIVENEUVE;EN EXPLOITATION;225kV;RTE;2;BERATL31P.SIM;LIAISON 63kV N0 1 BERAT-PORTET-ST-SIMON;;;;;;
AERIEN;RQROUL61ZVILA;LIAISON 225kV N0 1 CHATEAURENARD - MONTAGNETTE (LA) - ROQUEROUSSE;EN EXPLOITATION;225kV;RTE;1;;;;;;;;
AERIEN;JACQUL61SOLEI;LIAISON 225kV N0 1 JACQUARD-SOLEIL (LE);EN EXPLOITATION;225kV;RTE;1;;;;;;;;
AERIEN;MTOISL61SSHUB;LIAISON 225kV N0 1 MONTOIS-ST-HUBERT;EN EXPLOITATION;225kV;RTE;1;;;;;;;;
AERIEN;H.PAUL71VIELM;LIAISON 400kV N0 1 HENRI-PAUL - VIELMOULIN;EN EXPLOITATION;400kV;RTE;2;H.PAUL71VIELM;LIAISON 400kV N0 1 HENRI-PAUL - VIELMOULIN;;;;;;
AERIEN;HAVR5L62P.SEP;LIAISON 225kV N0 2 HAVRE (LE) (POSTE) - PONT-SEPT;EN EXPLOITATION;225kV;RTE;1;;;;;;;;
AERIEN;GREZIL61ZFONC;LIAISON 225kV N0 1 GREZILLAC - GUPIE - SAUVETERRE-DE-GUYENNE;EN EXPLOITATION;225kV;RTE;1;;;;;;;;
AERIEN;EGUZOL61MAURE;LIAISON 225kV N0 1 EGUZON-MAUREIX (LE);EN EXPLOITATION;225kV;RTE;2;MAUREL61P.CHA;LIAISON 225kV N0 1 MAUREIX (LE) - PEYRAT-LE-CHATEAU;;;;;;
AERIEN;PLAISL61ZAVRO;LIAISON 225kV N0 1 PLAISANCE - VILLEVAUDE - AVRON;EN EXPLOITATION;225kV;RTE;1;;;;;;;;
AERIEN;TRAN5L61ZTRAN;LIAISON 225kV N0 1 MORCHIES - PERTAIN - TRANSLOY (LE);EN EXPLOITATION;225kV;RTE;1;;;;;;;;
AERIEN;LEGUEL61LESQU;LIAISON 225kV N0 1 LEGUEVIN-LESQUIVE;EN EXPLOITATION;225kV;RTE;1;;;;;;;;
AERIEN;LAVALL61ZBUTT;LIAISON 225kV N0 1 BUTTAVENT - FLERS - LAVAL;EN EXPLOITATION;225kV;RTE;1;;;;;;;;
AERIEN;B.CARL61LINGO;LIAISON 225kV N0 1 BROC-CARROS (LE)-LINGOSTIERE;EN EXPLOITATION;225kV;RTE;2;B.CARL62LINGO;LIAISON 225kV N0 2 BROC-CARROS (LE)-LINGOSTIERE;;;;;;
AERIEN;MIONSL61VENIS;LIAISON 225kV N0 1 MIONS-VENISSIEUX;EN EXPLOITATION;225kV;RTE;1;;;;;;;;
AERIEN;ALLINL61CORNI;LIAISON 225kV N0 1 ALLINGES-CORNIER;EN EXPLOITATION;225kV;RTE;2;CORNIL61ZALL7;LIAISON 225kV N0 1 ALLINGES - CORNIER - JUVIGNY;;;;;;
AERIEN;P.HA5L61ROSPE;LIAISON 225kV N0 1 PLAINE HAUTE-ROSPEZ;EN EXPLOITATION;225kV;RTE;2;P.HA5L61ZCORO;LIAISON 225kV N0 1 BRENNILIS - PLAINE HAUTE - ROSPEZ;;;;;;
AERIEN;ARDOIL62TAVEL;LIAISON 225kV N0 2 ARDOISE (L )-TAVEL;EN EXPLOITATION;225kV;RTE;1;;;;;;;;
AERIEN;BARNAL72PENL5;LIAISON 400kV N0 2 BARNABOS - PENLY (POSTE EVACUATION);EN EXPLOITATION;400kV;RTE;1;;;;;;;;
AERIEN;COMM7L61ZAMIG;LIAISON 225kV N0 1 CLAIRE-FONTAINE - COMMERVEIL - QUINTES (LES);EN EXPLOITATION;225kV;RTE;1;;;;;;;;
AERIEN;RIVENL61TARAS;LIAISON 225kV N0 1 RIVENEUVE-TARASCON;EN EXPLOITATION;225kV;RTE;1;;;;;;;;
AERIEN;MASSYL62VLEJU;LIAISON 225kV N0 2 MASSY-VILLEJUST;EN EXPLOITATION;225kV;RTE;3;MASSYL64ZMAS5;LIAISON 225kV N0 4 CHEVILLY - MASSY - VILLEJUST;MASSYL61VLEJU;RES. LIAISON 225kV N0 1  MASSY - VILLEJUST;;;;
AERIEN;LESCAL62MARSI;LIAISON 225kV N0 2 LESCAR-MARSILLON;EN EXPLOITATION;225kV;RTE;1;;;;;;;;
AERIEN;GROSNL61GUEUG;LIAISON 225kV N0 1 GROSNE-GUEUGNON;EN EXPLOITATION;225kV;RTE;2;GROSNL61MACON;LIAISON 225kV N0 1 GROSNE-MACON;;;;;;
AERIEN;SSEA2L71VERGE;LIAISON 400kV N0 1 ST-LAURENT-DES-EAUX B - VERGER;EN EXPLOITATION;400kV;RTE;1;;;;;;;;
AERIEN;CUBNEL71DONZA;LIAISON 400kV N0 1 CUBNEZAIS - DONZAC;EN EXPLOITATION;400kV;RTE;2;CUBNEL72DONZA;LIAISON 400kV N0 2 CUBNEZAIS - DONZAC;;;;;;
AERIEN;SSJOSL61ZDOUL;LIAISON 225kV N0 1 CHEVIRE - DOULON - ST-JOSEPH;EN EXPLOITATION;225kV;RTE;1;;;;;;;;
AERIEN;M.RADL61SANDO;LIAISON 225kV N0 1 MARAIS DE RADICATEL (LES) - SANDOUVILLE;EN EXPLOITATION;225kV;RTE;2;P.JERL61RATIE;LIAISON 225kV N0 1 PORT-JEROME-RATIER;;;;;;
AERIEN;CHEVIL63ZV.OR;LIAISON 225kV N0 3 CHEVILLY - ULIS (LES) - VILLEJUST;EN EXPLOITATION;225kV;RTE;2;VLEJUL64ZMAS5;LIAISON 225kV N0 4 CHEVILLY - MASSY - VILLEJUST;;;;;;
AERIEN;ARGOEL71LIMEU;LIAISON 400kV N0 1 ARGOEUVES - LIMEUX;EN EXPLOITATION;400kV;RTE;1;;;;;;;;
AERIEN;ARGOEL71LIMEU;LIAISON 400kV N0 1 ARGOEUVES - LIMEUX;EN EXPLOITATION;400kV;RTE;2;ARGOEL71PENL5;LIAISON 400kV N0 1 ARGOEUVES - PENLY (POSTE EVACUATION);;;;;;
AERIEN;CUBNEL72DONZA;LIAISON 400kV N0 2 CUBNEZAIS - DONZAC;EN EXPLOITATION;400kV;RTE;1;;;;;;;;
AERIEN;CABRIL61REALT;LIAISON 225kV N0 1 CABRIES-REALTOR;EN EXPLOITATION;225kV;RTE;2;CABRIL62REALT;LIAISON 225kV N0 2 CABRIES-REALTOR;;;;;;
AERIEN;ORMESL61SSBR5;LIAISON 225kV N0 1 ORMES-ST-BRICE;EN EXPLOITATION;225kV;RTE;2;ORMESL62SSBR5;LIAISON 225kV N0 2 ORMES-ST-BRICE;;;;;;
AERIEN;MARL6L71VIGY;LIAISON 400kV N0 1 MARLENHEIM - VIGY;EN EXPLOITATION;400kV;RTE;2;SSAVOL61ZSAR6;LIAISON 225kV N0 1 BERGHOLZ - SARREGUEMINES - ST-AVOLD;;;;;;
AERIEN;TABARL61ZGIEN;LIAISON 225kV N0 1 GARCHIZY - GIEN - TABARDERIE;EN EXPLOITATION;225kV;RTE;2;TABARL61ZGLAC;LIAISON 225kV N0 1 GIEN - TABARDERIE - VILLEMANDEUR;;;;;;
AERIEN;AVIGNL61MOTT5;LIAISON 225kV N0 1 AVIGNON(POSTE) - MOTTE (LA) (V.-LES-AVIGNON);EN EXPLOITATION;225kV;RTE;1;;;;;;;;
AERIEN;PELADL61ZPELA;LIAISON 225kV N0 1 BOUTRE - OLLIERES - PELADE;EN EXPLOITATION;225kV;RTE;1;;;;;;;;
AERIEN;SAIN5L61ZG.HA;LIAISON 225kV N0 1 MUREMONT - SAINTOIS - VINCEY;EN EXPLOITATION;225kV;RTE;1;;;;;;;;
AERIEN;BXRE6L61SSEA2;LIAISON 225kV N0 1 BEAUREGARD(SAINT-LAURENT-NOUAN)-ST-LAURENT-DES-EAUX B;EN EXPLOITATION;225kV;RTE;1;;;;;;;;
AERIEN;BIANCL61MOUGI;LIAISON 225kV N0 1 BIANCON-MOUGINS;EN EXPLOITATION;225kV;RTE;1;;;;;;;;
AERIEN;BIANCL61MOUGI;LIAISON 225kV N0 1 BIANCON-MOUGINS;EN EXPLOITATION;225kV;RTE;2;MOUGIL61P.GR5;LIAISON 225kV N0 1 MOUGINS-PLAN-DE-GRASSE;;;;;;
AERIEN;ECHALL61SOLEI;LIAISON 225kV N0 1 ECHALAS - SOLEIL (LE);EN EXPLOITATION;225kV;RTE;1;;;;;;;;
AERIEN;CORMEL63ZFRO6;LIAISON 225kV N0 3 CERGY - CORMEILLES - FROMAINVILLE;EN EXPLOITATION;225kV;RTE;2;CORMEL64ZFRO7;LIAISON 225kV N0 4 CERGY - CORMEILLES - FROMAINVILLE;;;;;;
AERIEN;BOLL5L61PRRLA;LIAISON 225kV N0 1 BOLLENE - PIERRELATTE (COGEMA A PIERRELATTE) (225kV);EN EXPLOITATION;225kV;RTE;1;;;;;;;;
AERIEN;GARCHL61ZGIEN;LIAISON 225kV N0 1 GARCHIZY - GIEN - TABARDERIE;EN EXPLOITATION;225kV;RTE;1;;;;;;;;
AERIEN;JOUX L61ZJOUX;LIAISON 225kV N0 1 BOISSE (LA) - JOUX - MACON;EN EXPLOITATION;225kV;RTE;1;;;;;;;;
AERIEN;C.REGL62VIELM;LIAISON 225kV N0 2 CHAMPS-REGNAUD-VIELMOULIN;EN EXPLOITATION;225kV;RTE;1;;;;;;;;
AERIEN;JACQUL61RIVIE;LIAISON 225kV N0 1 JACQUARD - RIVIERE (LA);EN EXPLOITATION;225kV;RTE;1;;;;;;;;
AERIEN;ARGOEL71TERRI;LIAISON 400kV N0 1 ARGOEUVES - TERRIER;EN EXPLOITATION;400kV;RTE;2;ARGOEL72TERRI;LIAISON 400kV N0 2 ARGOEUVES - TERRIER;;;;;;
AERIEN;L.CHAL61VEZIL;LIAISON 225kV N0 1 LONG- CHAMP (LE)- VEZILLY;EN EXPLOITATION;225kV;RTE;1;;;;;;;;
AERIEN;BOCTOL71M.SEI;LIAISON 400kV N0 1 BOCTOIS - MERY-SUR-SEINE;EN EXPLOITATION;400kV;RTE;2;BOCTOL72M.SEI;LIAISON 400kV N0 2 BOCTOIS - MERY-SUR-SEINE;;;;;;
AERIEN;B.VALL62ZB.VA;LIAISON 225kV N0 2 BEAUCHASTEL - BEAUMONT-MONTEUX - BOURG-LES-VALENCE;EN EXPLOITATION;225kV;RTE;1;;;;;;;;
AERIEN;BXLIEL61GRANZ;LIAISON 225kV N0 1 BEAULIEU-GRANZAY;EN EXPLOITATION;225kV;RTE;2;BXLIEL41MARA7;LIAISON 90kV N0 1 BEAULIEU-MARANS;;;;;;
AERIEN;CHALOL62GROSN;LIAISON 225kV N0 2 CHALON-GROSNE;EN EXPLOITATION;225kV;RTE;1;;;;;;;;
AERIEN;TRITHL61ZTRIT;LIAISON 225kV N0 1 GROS-CAILLOU - TRITH-ST-LEGER(PORT-ARTHUR LME) - TRITH-ST-LEGER(L.M.E.);EN EXPLOITATION;225kV;RTE;1;;;;;;;;
AERIEN;ORAISL61ZMEES;LIAISON 225kV N0 1 MEES (LES) - ORAISON - ST-AUBAN;EN EXPLOITATION;225kV;RTE;1;;;;;;;;
AERIEN;GIVORL61MIONS;LIAISON 225kV N0 1 GIVORS - MIONS;EN EXPLOITATION;225kV;RTE;2;GIVORL62MIONS;LIAISON 225kV N0 2 GIVORS - MIONS;;;;;;
AERIEN;HOURAL61MIEGE;LIAISON 225kV N0 1 HOURAT-MIEGEBAT;EN EXPLOITATION;225kV;RTE;1;;;;;;;;
AERIEN;MEZE5L61PORCH;LIAISON 225kV N0 1 MEZEROLLES- PORCHEVILLE;EN EXPLOITATION;225kV;RTE;2;MEZE5L62PORCH;LIAISON 225kV N0 2 MEZEROLLES- PORCHEVILLE;;;;;;
AERIEN;AQUEDL62ZCOQ5;LIAISON 225kV N0 2 AQUEDUCS (LES) - COQUIBUS - GRIGNY;EN EXPLOITATION;225kV;RTE;1;;;;;;;;
AERIEN;DARSEL62FEUIL;LIAISON 225kV N0 2 DARSE-FEUILLANE;EN EXPLOITATION;225kV;RTE;2;DARSEL62FEUIL;LIAISON 225kV N0 2 DARSE-FEUILLANE;;;;;;
AERIEN;CREC6L61WEPPE;LIAISON 225kV N0 1 CRECHETS (LES)-WEPPES;EN EXPLOITATION;225kV;RTE;2;CREC6L62WEPPE;LIAISON 225kV N0 2 CRECHETS (LES)-WEPPES;;;;;;
AERIEN;BARNAL72PALUE;LIAISON 400kV N0 2 BARNABOS - PALUEL;EN EXPLOITATION;400kV;RTE;1;;;;;;;;
AERIEN;DAMBRL61G.DEN;LIAISON 225kV N0 1 DAMBRON-GAULT-SAINT-DENIS;EN EXPLOITATION;225kV;RTE;1;;;;;;;;
AERIEN;BERGHL61MARL6;LIAISON 225kV N0 1 BERGHOLZ-MARLENHEIM;EN EXPLOITATION;225kV;RTE;1;;;;;;;;
AERIEN;ALBERL71M.LAN;LIAISON 400kV N0 1 ALBERTVILLE - MONTAGNY-LES-LANCHES;EN EXPLOITATION;400kV;RTE;2;ALBERL61CHAV6;LIAISON 225kV N0 1 ALBERTVILLE-CHAVANOD;;;;;;
AERIEN;ARRIGL61V.GEO;LIAISON 225kV N0 1 ARRIGHI-VILLENEUVE-ST-GEORGES;EN EXPLOITATION;225kV;RTE;1;;;;;;;;
AERIEN;BIANCL61MOUGI;LIAISON 225kV N0 1 BIANCON-MOUGINS;EN EXPLOITATION;225kV;RTE;2;BIANCL61P.GR5;LIAISON 225kV N0 1 BIANCON-PLAN-DE-GRASSE;;;;;;
AERIEN;G.SYNL61WARAN;LIAISON 225kV N0 1 GRANDE-SYNTHE - WARANDE;EN EXPLOITATION;225kV;RTE;1;;;;;;;;
AERIEN;PELTRL61ZPELT;LIAISON 225kV N0 1 BEZAUMONT - PELTRE - VIGY;EN EXPLOITATION;225kV;RTE;1;;;;;;;;
AERIEN;D.FRAL61LINGO;LIAISON 225kV N0 1 DIGUE-DES-FRANCAIS-LINGOSTIERE;EN EXPLOITATION;225kV;RTE;2;D.FRAL62LINGO;LIAISON 225kV N0 2 DIGUE-DES-FRANCAIS-LINGOSTIERE;;;;;;
AERIEN;DURANL61REALT;LIAISON 225kV N0 1 DURANNE (LA)-REALTOR;EN EXPLOITATION;225kV;RTE;2;DURANL61ROGNA;LIAISON 225kV N0 1 DURANNE (LA)-ROGNAC;;;;;;
AERIEN;COUCHL61CPVAN;LIAISON 225kV N0 1 COUCHEY-CHAMPVANS;EN EXPLOITATION;225kV;RTE;1;;;;;;;;
AERIEN;CORMEL62ZHER7;LIAISON 225kV N0 2 CERGY - CORMEILLES - HERBLAY;EN EXPLOITATION;225kV;RTE;1;;;;;;;;
AERIEN;PORCHL61PUISE;LIAISON 225kV N0 1 PORCHEVILLE-PUISEUX;EN EXPLOITATION;225kV;RTE;1;;;;;;;;
AERIEN;AVELIL61EPINE;LIAISON 225kV N0 1 AVELIN - EPINETTE;EN EXPLOITATION;225kV;RTE;2;AVELIL62EPINE;LIAISON 225kV N0 2 AVELIN - EPINETTE;;;;;;
AERIEN;BUIREL61P.SAM;LIAISON 225kV N0 1 BUIRE-PONT-SUR-SAMBRE;EN EXPLOITATION;225kV;RTE;2;CAPELL61H.VIE;LIAISON 225kV N0 1 CAPELLE (LA) - HERIE-LA-VIEVILLE;;;;;;
AERIEN;ORMESL61VESLE;LIAISON 225kV N0 1 ORMES-VESLE;EN EXPLOITATION;225kV;RTE;1;;;;;;;;
AERIEN;DOUVRL61PLACH;LIAISON 225kV N0 1 DOUVRIN - PLACHY (LE);EN EXPLOITATION;225kV;RTE;2;DOUVRL61ZPLAC;LIAISON 225kV N0 1 DOUVRIN - LESTARQUIT - PLACHY (LE);;;;;;
AERIEN;DOUVRL61PLACH;LIAISON 225kV N0 1 DOUVRIN - PLACHY (LE);EN EXPLOITATION;225kV;RTE;1;;;;;;;;
AERIEN;CROIXL62P.ME5;LIAISON 225kV N0 2 CROIX (LA) - PETIT-MENIN;EN EXPLOITATION;225kV;RTE;1;;;;;;;;
AERIEN;BXLIEL61GRANZ;LIAISON 225kV N0 1 BEAULIEU-GRANZAY;EN EXPLOITATION;225kV;RTE;2;GRANZL61NIORT;LIAISON 225kV N0 1 GRANZAY-NIORT;;;;;;
AERIEN;COUDOL62NEOUL;LIAISON 225kV N0 2 COUDON (LE)-NEOULES;EN EXPLOITATION;225kV;RTE;1;;;;;;;;
AERIEN;MEZE5L71TILL5;LIAISON 400kV N0 1 MEZEROLLES - TILLEUL;EN EXPLOITATION;400kV;RTE;1;;;;;;;;
AERIEN;PONTEL72REALT;LIAISON 400kV N0 2 PONTEAU - REALTOR;EN EXPLOITATION;400kV;RTE;2;PONTEL61REALT;LIAISON 225kV N0 1 PONTEAU - REALTOR;;;;;;
AERIEN;CLOCHL61DECHY;LIAISON 225kV N0 1 CLOCHETTE (LA)-DECHY;EN EXPLOITATION;225kV;RTE;2;CLOCHL62DECHY;LIAISON 225kV N0 2 CLOCHETTE (LA)-DECHY;;;;;;
AERIEN;MARSIL61PRAGN;LIAISON 225kV N0 1 MARSILLON - PRAGNERES;EN EXPLOITATION;225kV;RTE;1;;;;;;;;
AERIEN;CHOLEL62DISTR;LIAISON 225kV N0 2 CHOLET-DISTRE;EN EXPLOITATION;225kV;RTE;1;;;;;;;;
AERIEN;CHOLEL61MAUGE;LIAISON 225kV N0 1 CHOLET - MAUGES (LES);EN EXPLOITATION;225kV;RTE;1;;;;;;;;
AERIEN;CRENEL61FRONC;LIAISON 225kV N0 1 CRENEY - FRONCLES;EN EXPLOITATION;225kV;RTE;2;FRONCL61ZEPIZ;LIAISON 225kV N0 1 FRONCLES - EPIZON - MUREMONT;;;;;;
AERIEN;BLAUXL61ZBLAU;LIAISON 225kV N0 1 CURBANS - SISTERON - BLAUX;EN EXPLOITATION;225kV;RTE;1;;;;;;;;
AERIEN;GALERL64ZGALE;LIAISON 225kV N0 4 GALERES - ROMAINVILLE - VILLEVAUDE;EN EXPLOITATION;225kV;RTE;1;;;;;;;;
AERIEN;H.DIEL61VAUPA;LIAISON 225kV N0 1 HOTEL DIEU - VAUPALIERE (LA);EN EXPLOITATION;225kV;RTE;1;;;;;;;;
AERIEN;LINGOL61T.VIC;LIAISON 225kV N0 1 LINGOSTIERE-TRINITE-VICTOR;EN EXPLOITATION;225kV;RTE;1;;;;;;;;
AERIEN;.BIESL61PRAGN;LIAISON 225kV N0 1 BIESCAS - PRAGNERES;EN EXPLOITATION;225kV;RTE;1;;;;;;;;
AERIEN;CUBNEL71SAUCA;LIAISON 400kV N0 1 CUBNEZAIS - SAUCATS;EN EXPLOITATION;400kV;RTE;2;CUBNEL72SAUCA;LIAISON 400kV N0 2 CUBNEZAIS - SAUCATS;;;;;;
AERIEN;CUBNEL71SAUCA;LIAISON 400kV N0 1 CUBNEZAIS - SAUCATS;EN EXPLOITATION;400kV;RTE;1;;;;;;;;
AERIEN;GRANZL71PREGU;LIAISON 400kV N0 1 GRANZAY - PREGUILLAC;EN EXPLOITATION;400kV;RTE;2;GRANZL72PREGU;LIAISON 400kV N0 2 GRANZAY - PREGUILLAC;;;;;;
AERIEN;C.FONL61ZQUI5;LIAISON 225kV N0 1 ARNAGE - CLAIRE-FONTAINE - QUINTES (LES);EN EXPLOITATION;225kV;RTE;1;;;;;;;;
AERIEN;MARL6L71VIGY;LIAISON 400kV N0 1 MARLENHEIM - VIGY;EN EXPLOITATION;400kV;RTE;1;;;;;;;;
AERIEN;AVOI5L71DISTR;LIAISON 400kV N0 1 AVOINE(POSTE 400 kV) - DISTRE;EN EXPLOITATION;400kV;RTE;2;AVOI5L72DISTR;LIAISON 400kV N0 2 AVOINE(POSTE 400 kV) - DISTRE;;;;;;
AERIEN;.AVELL72AVELI;LIAISON 400kV N0 2 AVELGEM - AVELIN;EN EXPLOITATION;400kV;RTE;1;;;;;;;;
AERIEN;.AVELL71MASTA;LIAISON 400kV N0 1 AVELGEM - MASTAING;EN EXPLOITATION;400kV;RTE;2;.AVELL72AVELI;LIAISON 400kV N0 2 AVELGEM - AVELIN;;;;;;
AERIEN;ARRIGL62MORBR;LIAISON 225kV N0 2 ARRIGHI-MORBRAS;EN EXPLOITATION;225kV;RTE;1;;;;;;;;
AERIEN;SEREIL61TONNE;LIAISON 225kV N0 1 SEREIN-TONNERRE;EN EXPLOITATION;225kV;RTE;2;TONNEL61ZTONN;LIAISON 225kV N0 1 JOUX-LA-VILLE - SEREIN - TONNERRE;;;;;;
AERIEN;CPNOLL61GEN.P;LIAISON 225kV N0 1 CHAMPAGNOLE - GENISSIAT-POSTE;EN EXPLOITATION;225kV;RTE;1;;;;;;;;
AERIEN;FEUILL61SSCHA;LIAISON 225kV N0 1 FEUILLANE-ST-CHAMAS;EN EXPLOITATION;225kV;RTE;1;;;;;;;;
AERIEN;CIROLL61MALEC;LIAISON 225kV N0 1 CIROLLIERS-MALECOT;EN EXPLOITATION;225kV;RTE;1;;;;;;;;
AERIEN;CAEN L61DRONN;LIAISON 225kV N0 1 CAEN-DRONNIERE (LA);EN EXPLOITATION;225kV;RTE;2;CAEN L61DRONN;LIAISON 225kV N0 1 CAEN-DRONNIERE (LA);;;;;;
AERIEN;BXCAIL62JONQU;LIAISON 225kV N0 2 BEAUCAIRE(CENTRALE CNR)-JONQUIERES;EN EXPLOITATION;225kV;RTE;1;;;;;;;;
AERIEN;BARNAL71TERRI;LIAISON 400kV N0 1 BARNABOS - TERRIER;EN EXPLOITATION;400kV;RTE;1;;;;;;;;
AERIEN;RUEYRL61SARRA;LIAISON 225kV N0 1 RUEYRES - SARRANS;EN EXPLOITATION;225kV;RTE;2;RUEYRL61SARRA;LIAISON 225kV N0 1 RUEYRES - SARRANS;;;;;;
AERIEN;VLEVAL61ZAVRO;LIAISON 225kV N0 1 PLAISANCE - VILLEVAUDE - AVRON;EN EXPLOITATION;225kV;RTE;2;VLEVAL62ZAVR5;LIAISON 225kV N0 2 PLAISANCE - VILLEVAUDE - AVRON;;;;;;
AERIEN;CAZARL61JALIS;LIAISON 225kV N0 1 CAZARIL-JALIS;EN EXPLOITATION;225kV;RTE;2;JALISL61LESQU;LIAISON 225kV N0 1 JALIS-LESQUIVE;;;;;;
AERIEN;E.BOTL61FAVAR;LIAISON 225kV N0 1 ENCO-DE-BOTTE - FAVARY;EN EXPLOITATION;225kV;RTE;2;E.BOTL61REALT;LIAISON 225kV N0 1 ENCO-DE-BOTTE-REALTOR;;;;;;
AERIEN;RHENAL61VOGEL;LIAISON 225kV N0 1 RHENALU-VOGELGRUN;EN EXPLOITATION;225kV;RTE;1;;;;;;;;
AERIEN;GOURJL61VERFE;LIAISON 225kV N0 1 GOURJADE - VERFEIL;EN EXPLOITATION;225kV;RTE;2;P.SIML63VERFE;LIAISON 225kV N0 3 PORTET - ST-SIMON-VERFEIL;;;;;;
AERIEN;AUBE L61THIOT;LIAISON 225kV N0 1 AUBE-THIOT;EN EXPLOITATION;225kV;RTE;2;FLERSL61THIOT;LIAISON 225kV N0 1 FLERS-THIOT;;;;;;
AERIEN;GRAFFL61MARCK;LIAISON 225kV N0 1 GRAFFENSTADEN-MARCKOLSHEIM;EN EXPLOITATION;225kV;RTE;1;;;;;;;;
AERIEN;DOMLOL71OUDON;LIAISON 400kV N0 1 DOMLOUP - OUDON;EN EXPLOITATION;400kV;RTE;1;;;;;;;;
AERIEN;BAYETL71MARMA;LIAISON 400kV N0 1 BAYET - MARMAGNE;EN EXPLOITATION;400kV;RTE;1;;;;;;;;
AERIEN;MAMBEL61SAONE;LIAISON 225kV N0 1 MAMBELIN - SAONE;EN EXPLOITATION;225kV;RTE;1;;;;;;;;
AERIEN;GARCHL61ZGIEN;LIAISON 225kV N0 1 GARCHIZY - GIEN - TABARDERIE;EN EXPLOITATION;225kV;RTE;2;GARCHL31ZDOUD;LIAISON 63kV N0 1 CHARITE-SUR-LOIRE (LA)-DOUDOYE-GARCHIZY;;;;;;
AERIEN;FLERSL61LAUNA;LIAISON 225kV N0 1 FLERS-LAUNAY;EN EXPLOITATION;225kV;RTE;1;;;;;;;;
AERIEN;ROSPEL61ZCORO;LIAISON 225kV N0 1 BRENNILIS - PLAINE HAUTE - ROSPEZ;EN EXPLOITATION;225kV;RTE;1;;;;;;;;
AERIEN;BOISSL62CUS.P;LIAISON 225kV N0 2 BOISSE (LA) - CUSSET-POSTE;EN EXPLOITATION;225kV;RTE;1;;;;;;;;
AERIEN;CHAPEL61SSROU;LIAISON 225kV N0 1 CHAPELLE (LA) (CHAPELLE D ARBLAY)-ST-ETIENNE-DU-ROUVRAY;EN EXPLOITATION;225kV;RTE;1;;;;;;;;
AERIEN;CESTAL61PESSA;LIAISON 225kV N0 1 CESTAS - PESSAC;EN EXPLOITATION;225kV;RTE;2;GUITAL31PESSA;LIAISON 63kV N0 1 GUITAYNE-PESSAC;;;;;;
AERIEN;P.JERL61ROUGE;LIAISON 225kV N0 1 PORT-JEROME-ROUGEMONTIER;EN EXPLOITATION;225kV;RTE;2;P.JERL31ZVARE;RES. LIAISON 63kV N0 1  PORT-JEROME - PIQUAGE A HONFLEUR;;;;;;
AERIEN;BXTO5L61LATEN;LIAISON 225kV N0 1 BEAUTOR(POSTE)-LATENA;EN EXPLOITATION;225kV;RTE;2;BXTO5L62LATEN;LIAISON 225kV N0 2 BEAUTOR(POSTE)-LATENA;;;;;;
AERIEN;CABANL61DARSE;LIAISON 225kV N0 1 CABAN-DARSE;EN EXPLOITATION;225kV;RTE;2;CABANL62DARSE;LIAISON 225kV N0 2 CABAN-DARSE;;;;;;
AERIEN;NEOULL71REALT;LIAISON 400kV N0 1 NEOULES - REALTOR;EN EXPLOITATION;400kV;RTE;2;NEOULL72REALT;LIAISON 400kV N0 2 NEOULES - REALTOR;;;;;;
AERIEN;ALBERL71COCHE;LIAISON 400kV N0 1 ALBERTVILLE - COCHE (LA);EN EXPLOITATION;400kV;RTE;1;;;;;;;;
AERIEN;.SSTRL61CORNI;LIAISON 225kV N0 1 CORNIER-SAINT-TRIPHON;EN EXPLOITATION;225kV;RTE;1;;;;;;;;
AERIEN;AVELIL61CZRIE;LIAISON 225kV N0 1 AVELIN - COURRIERES;EN EXPLOITATION;225kV;RTE;1;;;;;;;;
AERIEN;SSAVOL71VIGY;LIAISON 400kV N0 1 ST-AVOLD - VIGY;EN EXPLOITATION;400kV;RTE;1;;;;;;;;
AERIEN;MENUEL72TAUTE;LIAISON 400kV N0 2 MENUEL - TAUTE;EN EXPLOITATION;400kV;RTE;1;;;;;;;;
AERIEN;MIONSL61MOUCH;LIAISON 225kV N0 1 MIONS-MOUCHE (LA);EN EXPLOITATION;225kV;RTE;2;MIONSL62VENIS;LIAISON 225kV N0 2 MIONS-VENISSIEUX;;;;;;
AERIEN;LONNYL71SEUIL;LIAISON 400kV N0 1 LONNY - SEUIL;EN EXPLOITATION;400kV;RTE;1;;;;;;;;
AERIEN;B.HAML61ZB.HA;LIAISON 225kV N0 1 BASSE HAM - ST-HUBERT - VIGY;EN EXPLOITATION;225kV;RTE;1;;;;;;;;
AERIEN;BEZAUL71MARL6;LIAISON 400kV N0 1 BEZAUMONT - MARLENHEIM;EN EXPLOITATION;400kV;RTE;1;;;;;;;;
AERIEN;CREYSL71SSV.O;LIAISON 400kV N0 1 CREYS - ST-VULBAS-OUEST;EN EXPLOITATION;400kV;RTE;1;;;;;;;;
AERIEN;MAMBEL61PALEN;LIAISON 225kV N0 1 MAMBELIN-PALENTE;EN EXPLOITATION;225kV;RTE;2;MAMBEL62PALEN;LIAISON 225kV N0 2 MAMBELIN-PALENTE;;;;;;
AERIEN;VLEJUL61ZLINA;LIAISON 225kV N0 1 LOGES (LES) - PETIT-BOIS (LE) - VILLEJUST;EN EXPLOITATION;225kV;RTE;1;;;;;;;;
AERIEN;BALARL61MTPEL;LIAISON 225kV N0 1 BALARUC - MONTPELLIER;EN EXPLOITATION;225kV;RTE;1;;;;;;;;
AERIEN;DOMLOL72LAUNA;LIAISON 400kV N0 2 DOMLOUP - LAUNAY;EN EXPLOITATION;400kV;RTE;1;;;;;;;;
AERIEN;SSJULL61VIGY;LIAISON 225kV N0 1 ST-JULIEN-VIGY;EN EXPLOITATION;225kV;RTE;2;SSJULL62VIGY;LIAISON 225kV N0 2 ST-JULIEN-VIGY;;;;;;
AERIEN;P.GASL61ZBRI5;LIAISON 225kV N0 1 PLESSIS-GASSOT - SEINE - BRICHE (LA);EN EXPLOITATION;225kV;RTE;1;;;;;;;;
AERIEN;P.SEPL61SAINN;LIAISON 225kV N0 1 PONT-SEPT-SAINNEVILLE;EN EXPLOITATION;225kV;RTE;1;;;;;;;;
AERIEN;P.ANDL61SAUS2;LIAISON 225kV N0 1 PRAZ-ST-ANDRE-SAUSSAZ II (LA);EN EXPLOITATION;225kV;RTE;1;;;;;;;;
AERIEN;ABLAIL61LATEN;LIAISON 225kV N0 1 ABLAINCOURT-LATENA;EN EXPLOITATION;225kV;RTE;2;PERTAL61ZC.OM;LIAISON 225kV N0 1 LATENA - PERTAIN - CRESSY-OMENCOURT;;;;;;
AERIEN;CHESNL61NEMOU;LIAISON 225kV N0 1 CHESNOY (LE) - NEMOURS;EN EXPLOITATION;225kV;RTE;2;NEMOUL61VLEMA;LIAISON 225kV N0 1 NEMOURS-VILLEMANDEUR;;;;;;
AERIEN;CLERAL71CUBNE;LIAISON 400kV N0 1 CLERAC - CUBNEZAIS;EN EXPLOITATION;400kV;RTE;2;CLERAL71PLAUD;LIAISON 400kV N0 1 CLERAC - PLAUD;;;;;;
AERIEN;CHARPL71SSV.O;LIAISON 400kV N0 1 CHARPENAY - ST-VULBAS-OUEST;EN EXPLOITATION;400kV;RTE;1;;;;;;;;
AERIEN;CROIXL61VERTE;LIAISON 225kV N0 1 CROIX (LA) - VERTEFEUILLE;EN EXPLOITATION;225kV;RTE;1;;;;;;;;
AERIEN;CHESNL71TABAR;LIAISON 400kV N0 1 CHESNOY (LE) - TABARDERIE;EN EXPLOITATION;400kV;RTE;1;;;;;;;;
AERIEN;RASSUL61S.AIR;LIAISON 225kV N0 1 RASSUEN - SALON-BEL-AIR;EN EXPLOITATION;225kV;RTE;2;P.BOUL31RASSU;LIAISON 63kV N0 1 PORT-DE-BOUC-RASSUEN;;;;;;
AERIEN;CREYSL72SSV.O;LIAISON 400kV N0 2 CREYS - ST-VULBAS-OUEST;EN EXPLOITATION;400kV;RTE;1;;;;;;;;
AERIEN;ANSERL61AVELI;LIAISON 225kV N0 1 ANSEREUILLES (LES) - AVELIN;EN EXPLOITATION;225kV;RTE;1;;;;;;;;
AERIEN;HELLEL61ZHEL5;LIAISON 225kV N0 1 AVELIN - HAUT-VINAGE - HELLEMMES;EN EXPLOITATION;225kV;RTE;2;AVELIL62HELLE;LIAISON 225kV N0 2 AVELIN - HELLEMMES;;;;;;
AERIEN;MORBRL62ZLAN8;LIAISON 225kV N0 2 LANGLOIS - MORBRAS - VILLEVAUDE;EN EXPLOITATION;225kV;RTE;1;;;;;;;;
AERIEN;MERCIL61ZMER7;LIAISON 225kV N0 1 FROGES - GRANDE-ILE - MERCIERS (LES);EN EXPLOITATION;225kV;RTE;1;;;;;;;;
AERIEN;MENTOL61ZMENT;LIAISON 225kV N0 1 CAMPOROSSO - MENTON - TRINITE-VICTOR;EN EXPLOITATION;225kV;RTE;1;;;;;;;;
AERIEN;BARJAL61CROI6;LIAISON 225kV N0 1 BARJAC-CROISIERE;EN EXPLOITATION;225kV;RTE;2;BOLL5L31ZSABR;LIAISON 63kV N0 1 BAGNOLS-SUR-CEZE - BOLLENE - SABRAN;;;;;;
AERIEN;CHENEL61SENAR;LIAISON 225kV N0 1 CHENET-SENART;EN EXPLOITATION;225kV;RTE;2;VLERSL31ZDAVI;LIAISON 63kV N0 1 AQUEDUCS (LES)-DAVID-VILLERS;;;;;;
AERIEN;COMMUL61H.PAU;LIAISON 225kV N0 1 COMMUNE-HENRI-PAUL;EN EXPLOITATION;225kV;RTE;1;;;;;;;;
AERIEN;MTPELL61ZP.TR;LIAISON 225kV N0 1 MONTPELLIER - PONT TRINQUAT - ST CHRISTOL;EN EXPLOITATION;225kV;RTE;1;;;;;;;;
AERIEN;SSNABL61ZSSNA;LIAISON 225kV N0 1 ETIVAL - ST-NABORD - VINCEY;EN EXPLOITATION;225kV;RTE;2;JEUXEL31SSNAB;LIAISON 63kV N0 1 JEUXEY-ST-NABORD;;;;;;
AERIEN;BXLIEL61GRANZ;LIAISON 225kV N0 1 BEAULIEU-GRANZAY;EN EXPLOITATION;225kV;RTE;1;;;;;;;;
AERIEN;ARENCL61SEPTE;LIAISON 225kV N0 1 ARENC - SEPTEMES;EN EXPLOITATION;225kV;RTE;1;;;;;;;;
AERIEN;RELE L62VANDI;LIAISON 225kV N0 2 RELE - VANDIERES;EN EXPLOITATION;225kV;RTE;1;;;;;;;;
AERIEN;VERGEL71VLERB;LIAISON 400kV N0 1 VERGER - VILLERBON;EN EXPLOITATION;400kV;RTE;1;;;;;;;;
AERIEN;COSSIL61MORBR;LIAISON 225kV N0 1 COSSIGNY-MORBRAS;EN EXPLOITATION;225kV;RTE;1;;;;;;;;
AERIEN;FEUILL61LAVER;LIAISON 225kV N0 1 FEUILLANE - LAVERA;EN EXPLOITATION;225kV;RTE;3;LAVERL61P.BOU;LIAISON 225kV N0 1 LAVERA-PORT-DE-BOUC;LAVERL31MRGUE;LIAISON 63kV N0 1 LAVERA-MARTIGUES;;;;
AERIEN;FEUILL61LAVER;LIAISON 225kV N0 1 FEUILLANE - LAVERA;EN EXPLOITATION;225kV;RTE;2;LAVERL61P.BOU;LIAISON 225kV N0 1 LAVERA-PORT-DE-BOUC;;;;;;
AERIEN;PRRTTL61VERTE;LIAISON 225kV N0 1 PIERRETTE (LA) - VERTEFEUILLE;EN EXPLOITATION;225kV;RTE;1;;;;;;;;
AERIEN;CREYSL71GEN.P;LIAISON 400kV N0 1 CREYS - GENISSIAT-POSTE;EN EXPLOITATION;400kV;RTE;3;CREYSL72GEN.P;LIAISON 400kV N0 2 CREYS - GENISSIAT-POSTE;BOISSL61GEN.P;LIAISON 225kV N0 1 BOISSE (LA) - GENISSIAT-POSTE;;;;
AERIEN;.AVELL71MASTA;LIAISON 400kV N0 1 AVELGEM - MASTAING;EN EXPLOITATION;400kV;RTE;1;;;;;;;;
AERIEN;BXCOUL61ZCOR6;LIAISON 225kV N0 1 BEAUCOUZE - CORBIERE (LA) - LAVAL;EN EXPLOITATION;225kV;RTE;1;;;;;;;;
AERIEN;CORDEL61ZSABL;LIAISON 225kV N0 1 CHAMPAGNIER - CORDEAC - SABLES (LES);EN EXPLOITATION;225kV;RTE;1;;;;;;;;
AERIEN;GRAFFL61STRAS;LIAISON 225kV N0 1 GRAFFENSTADEN-STRASBOURG;EN EXPLOITATION;225kV;RTE;1;;;;;;;;
AERIEN;GOLINL61ZLARD;LIAISON 225kV N0 1 GOLINHAC - RUEYRES - COUESQUE - LARDIT;EN EXPLOITATION;225kV;RTE;1;;;;;;;;
AERIEN;CLEONL62G.COU;LIAISON 225kV N0 2 CLEON-GRAND-COURONNE;EN EXPLOITATION;225kV;RTE;1;;;;;;;;
AERIEN;SSLAUL62ZSSL7;LIAISON 225kV N0 2 BELLE-EPINE - DOMLOUP - ST-LAURENT;EN EXPLOITATION;225kV;RTE;1;;;;;;;;
AERIEN;TAMARL71TAVEL;LIAISON 400kV N0 1 TAMAREAU - TAVEL;EN EXPLOITATION;400kV;RTE;1;;;;;;;;
AERIEN;CUBNEL72SAUCA;LIAISON 400kV N0 2 CUBNEZAIS - SAUCATS;EN EXPLOITATION;400kV;RTE;1;;;;;;;;
AERIEN;COULAL72TRI.P;LIAISON 400kV N0 2 COULANGE - TRICASTIN-POSTE (LE);EN EXPLOITATION;400kV;RTE;2;COULAL73TRI.P;LIAISON 400kV N0 3 COULANGE - TRICASTIN-POSTE (LE);;;;;;
AERIEN;ROUGEL71TOURB;LIAISON 400kV N0 1 ROUGEMONTIER - TOURBE;EN EXPLOITATION;400kV;RTE;1;;;;;;;;
AERIEN;.LAUFL71SIERE;LIAISON 400kV N0 1 LAUFENBOURG - SIERENTZ;EN EXPLOITATION;400kV;RTE;1;;;;;;;;
AERIEN;BAYETL61BILLY;LIAISON 225kV N0 1 BAYET-BILLY;EN EXPLOITATION;225kV;RTE;2;BILLYL61ZBILL;LIAISON 225kV N0 1 BAYET - BILLY - FONT (LA);;;;;;
AERIEN;BILLYL61ZBILL;LIAISON 225kV N0 1 BAYET - BILLY - FONT (LA);EN EXPLOITATION;225kV;RTE;1;;;;;;;;
AERIEN;COR.PL72DISTR;LIAISON 400kV N0 2 CORDEMAIS-POSTE - DISTRE;EN EXPLOITATION;400kV;RTE;1;;;;;;;;
AERIEN;CPNIEL61MOIRA;LIAISON 225kV N0 1 CHAMPAGNIER-MOIRANS;EN EXPLOITATION;225kV;RTE;2;CPNIEL61MOIRA;LIAISON 225kV N0 1 CHAMPAGNIER-MOIRANS;;;;;;
AERIEN;HOUDRL71M.SEI;LIAISON 400kV N0 1 HOUDREVILLE - MERY-SUR-SEINE;EN EXPLOITATION;400kV;RTE;1;;;;;;;;
AERIEN;CHAINL63DAMBR;LIAISON 225kV N0 3 CHAINGY - DAMBRON;EN EXPLOITATION;225kV;RTE;1;;;;;;;;
AERIEN;.ARKAL61ARGIA;LIAISON 225kV N0 1 ARGIA-ARKALE;EN EXPLOITATION;225kV;RTE;2;ARGIAL31PULUT;LIAISON 63kV N0 1 ARGIA-PULUTENIA;;;;;;
AERIEN;COULAL71P.COR;LIAISON 400kV N0 1 COULANGE - PIVOZ CORDIER;EN EXPLOITATION;400kV;RTE;2;COULAL72P.COR;LIAISON 400kV N0 2 COULANGE - PIVOZ CORDIER;;;;;;
AERIEN;FLAMEL62WEPPE;LIAISON 225kV N0 2 FLAMENGRIE-WEPPES;EN EXPLOITATION;225kV;RTE;1;;;;;;;;
AERIEN;BACALL61MQIS;LIAISON 225kV N0 1 BACALAN-MARQUIS (LE);EN EXPLOITATION;225kV;RTE;1;;;;;;;;
AERIEN;MUHLBL71VINCE;LIAISON 400kV N0 1 MUHLBACH - VINCEY;EN EXPLOITATION;400kV;RTE;1;;;;;;;;
AERIEN;GROSNL61MACON;LIAISON 225kV N0 1 GROSNE-MACON;EN EXPLOITATION;225kV;RTE;2;MACONL61ZJOUX;LIAISON 225kV N0 1 BOISSE (LA) - JOUX - MACON;;;;;;
AERIEN;ROM  L71VALDI;LIAISON 400kV N0 1 ROM - VALDIVIENNE;EN EXPLOITATION;400kV;RTE;2;GRANZL72VALDI;LIAISON 400kV N0 2 GRANZAY - VALDIVIENNE;;;;;;
AERIEN;CHAN5L71QUINT;LIAISON 400kV N0 1 CHANCEAUX - QUINTES (LES);EN EXPLOITATION;400kV;RTE;2;CHAN5L72QUINT;LIAISON 400kV N0 2 CHANCEAUX - QUINTES (LES);;;;;;
AERIEN;AOSTEL61ZGREN;LIAISON 225kV N0 1 AOSTE - GRENAY - MIONS;EN EXPLOITATION;225kV;RTE;2;AOSTEL31ZF.TO;LIAISON 63kV N0 1 AOSTE - ISLE D ABEAU - TOUR-DU-PIN (LA);;;;;;
AERIEN;BREUIL61P.CHA;LIAISON 225kV N0 1 BREUIL (LE) - PEYRAT-LE-CHATEAU;EN EXPLOITATION;225kV;RTE;1;;;;;;;;
AERIEN;BOISSL61ZJOUX;LIAISON 225kV N0 1 BOISSE (LA) - JOUX - MACON;EN EXPLOITATION;225kV;RTE;1;;;;;;;;
AERIEN;CHEY6L71G.ILE;LIAISON 400kV N0 1 CHEYLAS (LE) - GRANDE-ILE;EN EXPLOITATION;400kV;RTE;2;G.ILEL61ZMER7;LIAISON 225kV N0 1 FROGES - GRANDE-ILE - MERCIERS (LES);;;;;;
AERIEN;ISSELL71VERFE;LIAISON 400kV N0 1 ISSEL - VERFEIL;EN EXPLOITATION;400kV;RTE;2;ISSELL72VERFE;LIAISON 400kV N0 2 ISSEL - VERFEIL;;;;;;
AERIEN;ARRIGL61COLON;LIAISON 225kV N0 1 ARRIGHI-COLONIE;EN EXPLOITATION;225kV;RTE;1;;;;;;;;
AERIEN;AVRONL61ZAVRO;LIAISON 225kV N0 1 PLAISANCE - VILLEVAUDE - AVRON;EN EXPLOITATION;225kV;RTE;1;;;;;;;;
AERIEN;TOURBL61ZEMAL;LIAISON 225kV N0 1 EMALES(LES) - RANVILLE - TOURBE;EN EXPLOITATION;225kV;RTE;2;RANVIL61TOURB;RES. LIAISON 225kV N0 1  RANVILLE - TOURBE;;;;;;
AERIEN;COQUAL61TOURB;LIAISON 225kV N0 1 COQUAINVILLIERS-TOURBE;EN EXPLOITATION;225kV;RTE;2;TOURBL61ZEMAL;LIAISON 225kV N0 1 EMALES(LES) - RANVILLE - TOURBE;;;;;;
AERIEN;G.SYNL61Q.ECL;LIAISON 225kV N0 1 GRANDE-SYNTHE - QUATRE-ECLUSES;EN EXPLOITATION;225kV;RTE;1;;;;;;;;
AERIEN;THIERL61ZQUAR;LIAISON 225kV N0 1 QUAREZ - THIERS (BRUAY-SUR-L'ESCAUT) - VALENCIENNES;EN EXPLOITATION;225kV;RTE;1;;;;;;;;
AERIEN;TAMARL71TAVEL;LIAISON 400kV N0 1 TAMAREAU - TAVEL;EN EXPLOITATION;400kV;RTE;2;TAMARL72TAVEL;LIAISON 400kV N0 2 TAMAREAU - TAVEL;;;;;;
AERIEN;BOUTRL71P.ORG;LIAISON 400kV N0 1 BOUTRE - PLAN-D ORGON;EN EXPLOITATION;400kV;RTE;2;BOUTRL71PRION;LIAISON 400kV N0 1 BOUTRE - PRIONNET;;;;;;
AERIEN;GUEBWL61LOGEL;LIAISON 225kV N0 1 GUEBWILLER - LOGELBACH;EN EXPLOITATION;225kV;RTE;2;LOGELL61ZL.NO;LIAISON 225kV N0 1 ANOULD - LAC-NOIR - LOGELBACH;;;;;;
AERIEN;AYRESL61ZS.CU;LIAISON 225kV N0 1 AYRES - SALLES CURAN - ONET-LE-CHATEAU;EN EXPLOITATION;225kV;RTE;1;;;;;;;;
AERIEN;SSHUBL61ZH.TO;LIAISON 225kV N0 1 HAYANGE TOURNEBRIDE - LANDRES - ST-HUBERT;EN EXPLOITATION;225kV;RTE;1;;;;;;;;
AERIEN;BRAUDL73CUBNE;LIAISON 400kV N0 3 BRAUD - CUBNEZAIS;EN EXPLOITATION;400kV;RTE;2;BRAUDL74CUBNE;LIAISON 400kV N0 4 BRAUD - CUBNEZAIS;;;;;;
AERIEN;EGUZOL61MOUS5;LIAISON 225kV N0 1 EGUZON-MOUSSEAUX;EN EXPLOITATION;225kV;RTE;1;;;;;;;;
AERIEN;GRAFFL61STRAS;LIAISON 225kV N0 1 GRAFFENSTADEN-STRASBOURG;EN EXPLOITATION;225kV;RTE;2;ILLKIL31STRAS;LIAISON 63kV N0 1 ILLKIRCH-STRASBOURG;;;;;;
AERIEN;DECHYL61MASTA;LIAISON 225kV N0 1 DECHY-MASTAING;EN EXPLOITATION;225kV;RTE;1;;;;;;;;
AERIEN;C.ROUL61CHARP;LIAISON 225kV N0 1 CHARPENAY-CROIX-ROUSSE;EN EXPLOITATION;225kV;RTE;2;CHARPL61VAISE;LIAISON 225kV N0 1 CHARPENAY - VAISE;;;;;;
AERIEN;AQUEDL61CIROL;LIAISON 225kV N0 1 AQUEDUCS (LES)-CIROLLIERS;EN EXPLOITATION;225kV;RTE;1;;;;;;;;
AERIEN;AMARGL61ARGOE;LIAISON 225kV N0 1 AMARGUE-ARGOEUVES;EN EXPLOITATION;225kV;RTE;2;AMARGL61ZARGO;LIAISON 225kV N0 1 AMARGUE - AMIENS - ARGOEUVES;;;;;;
AERIEN;HERS5L71VLEVA;LIAISON 400kV N0 1 HERSE(LA) - VILLEVAUDE;EN EXPLOITATION;400kV;RTE;2;LATENL71VLEVA;LIAISON 400kV N0 1 LATENA - VILLEVAUDE;;;;;;
AERIEN;GEN.PL71VIELM;LIAISON 400kV N0 1 GENISSIAT-POSTE - VIELMOULIN;EN EXPLOITATION;400kV;RTE;2;GEN.PL72VIELM;LIAISON 400kV N0 2 GENISSIAT-POSTE - VIELMOULIN;;;;;;
AERIEN;CHAL7L61FESSE;LIAISON 225kV N0 1 CHALAMPE-FESSENHEIM(CENTRALE HYDRAULIQUE);EN EXPLOITATION;225kV;RTE;2;FESSEL61OTTMA;LIAISON 225kV N0 1 FESSENHEIM (CENTRALE HYDRAULIQUE)-OTTMARSHEIM;;;;;;
AERIEN;P.GASL71SAUS5;LIAISON 400kV N0 1 PLESSIS-GASSOT - SAUSSET;EN EXPLOITATION;400kV;RTE;1;;;;;;;;
AERIEN;BERG9L61MARSI;LIAISON 225kV N0 1 BERGE - MARSILLON;EN EXPLOITATION;225kV;RTE;2;CANTEL61MARSI;LIAISON 225kV N0 1CANTEGRIT- MARSILLON;;;;;;
AERIEN;JOUX L61MEUNI;LIAISON 225kV N0 1 JOUX - MEUNIERES (LES);EN EXPLOITATION;225kV;RTE;1;;;;;;;;
AERIEN;COR.PL66CORD5;LIAISON 225kV N0 6 (AUX1)CORDEMAIS-POSTE - CORDEMAIS (EDF);EN EXPLOITATION;225kV;RTE;1;;;;;;;;
AERIEN;BIANCL71TRANS;LIAISON 400kV N0 1 BIANCON - TRANS;EN EXPLOITATION;400kV;RTE;2;BIANCL72TRANS;LIAISON 400kV N0 2 BIANCON - TRANS;;;;;;
AERIEN;CHOO2L71LONNY;LIAISON 400kV N0 1 CHOOZ B - LONNY;EN EXPLOITATION;400kV;RTE;2;CHOO2L71LONNY;LIAISON 400kV N0 1 CHOOZ B - LONNY;;;;;;
AERIEN;WARANL71WEPPE;LIAISON 400kV N0 1 WARANDE - WEPPES;EN EXPLOITATION;400kV;RTE;2;AVELIL72WARAN;LIAISON 400kV N0 2 AVELIN - WARANDE;;;;;;
AERIEN;BARNAL72ROUGE;LIAISON 400kV N0 2 BARNABOS - ROUGEMONTIER;EN EXPLOITATION;400kV;RTE;1;;;;;;;;
AERIEN;HOLQUL61WARAN;LIAISON 225kV N0 1 HOLQUE-WARANDE;EN EXPLOITATION;225kV;RTE;1;;;;;;;;
AERIEN;GATELL61ZENCH;LIAISON 225kV N0 1 BREUIL - GATELLIER - ENCHANET;EN EXPLOITATION;225kV;RTE;1;;;;;;;;
AERIEN;GAMBSL61SELTZ;LIAISON 225kV N0 1 GAMBSHEIM-SELTZ;EN EXPLOITATION;225kV;RTE;2;ROESCL31ROHRW;LIAISON 63kV N0 1 ROESCHWOOG - ROHRWILLER;;;;;;
AERIEN;M.MORL61SAUS5;LIAISON 225kV N0 1 MITRY-MORY (E.D.F.)-SAUSSET;EN EXPLOITATION;225kV;RTE;2;M.MORL61VLEVA;LIAISON 225kV N0 1 MITRY-MORY (E.D.F.)-VILLEVAUDE;;;;;;
AERIEN;MEYZIL61MIONS;LIAISON 225kV N0 1 MEYZIEU - MIONS;EN EXPLOITATION;225kV;RTE;1;;;;;;;;
AERIEN;GRANZL61ZGRA6;LIAISON 225kV N0 1 BEAULIEU - ROUMAGNOLLE - GRANZAY;EN EXPLOITATION;225kV;RTE;1;;;;;;;;
AERIEN;B.CARL61T.VIC;LIAISON 225kV N0 1 BROC-CARROS (LE)-TRINITE-VICTOR;EN EXPLOITATION;225kV;RTE;2;B.CARL62T.VIC;LIAISON 225kV N0 2 BROC-CARROS (LE)-TRINITE-VICTOR;;;;;;
AERIEN;BXTO5L61H.VIE;LIAISON 225kV N0 1 BEAUTOR (POSTE) - HERIE-LA-VIEVILLE;EN EXPLOITATION;225kV;RTE;1;;;;;;;;
AERIEN;CAIL5L61E.BOT;LIAISON 225kV N0 1 CAILLOLS-ENCO-DE-BOTTE;EN EXPLOITATION;225kV;RTE;2;E.BOTL61RABAT;LIAISON 225kV N0 1 ENCO-DE-BOTTE - RABATAU;;;;;;
AERIEN;CHEV5L61RECOU;LIAISON 225kV N0 1 CHEVIRE - RECOUVRANCE;EN EXPLOITATION;225kV;RTE;2;CHOLEL61RECOU;LIAISON 225kV N0 1 CHOLET - RECOUVRANCE;;;;;;
AERIEN;DAMBRL61G.DEN;LIAISON 225kV N0 1 DAMBRON-GAULT-SAINT-DENIS;EN EXPLOITATION;225kV;RTE;2;DAMBRL62G.DEN;LIAISON 225kV N0 2 DAMBRON-GAULT-SAINT-DENIS;;;;;;
AERIEN;ARGOEL61ZH.B5;LIAISON 225kV N0 1 ARGOEUVES - BLOCAUX - HORNOY-LE-BOURG;EN EXPLOITATION;225kV;RTE;1;;;;;;;;
AERIEN;D.BURL61TABAR;LIAISON 225kV N0 1 (AUX1-2)DAMPIERRE-EN-BURLY-TABARDERIE;EN EXPLOITATION;225kV;RTE;2;D.BURL62TABAR;LIAISON 225kV N0 2 (AUX3-4)DAMPIERRE-EN-BURLY-TABARDERIE;;;;;;
AERIEN;C.METL61VOID;LIAISON 225kV N0 1 CROIX-DE-METZ-VOID;EN EXPLOITATION;225kV;RTE;2;VANDIL61VOID;LIAISON 225kV N0 1 VANDIERES - VOID;;;;;;
AERIEN;DARSEL62RELA5;LIAISON 225kV N0 2 DARSE-RELAIS;EN EXPLOITATION;225kV;RTE;1;;;;;;;;
AERIEN;MTCROL61VENDI;LIAISON 225kV N0 1 MONTCROISETTE - VENDIN;EN EXPLOITATION;225kV;RTE;1;;;;;;;;
AERIEN;G.SYNL61WESTH;LIAISON 225kV N0 1 GRANDE-SYNTHE -WESTHOUCK (COPENOR G.I.E.);EN EXPLOITATION;225kV;RTE;2;G.SYNL62WESTH;LIAISON 225kV N0 2 GRANDE-SYNTHE - WESTHOUCK(COPENOR G.I.E.);;;;;;
AERIEN;CHAV6L61GEN.P;LIAISON 225kV N0 1 CHAVANOD - GENISSIAT-POSTE;EN EXPLOITATION;225kV;RTE;2;M.LANL31VNERE;LIAISON 63kV N0 1 MONTAGNY-LES-LANCHES - VIGNERES;;;;;;
AERIEN;EGUZOL71VALDI;LIAISON 400kV N0 1 EGUZON - VALDIVIENNE;EN EXPLOITATION;400kV;RTE;2;EGUZOL72VALDI;LIAISON 400kV N0 2 EGUZON - VALDIVIENNE;;;;;;
AERIEN;MIONSL61VENIS;LIAISON 225kV N0 1 MIONS-VENISSIEUX;EN EXPLOITATION;225kV;RTE;2;VENISL61ZVENI;RES. LIAISON 225kV N0 1  VENISSIEUX - VENIS / MIONS MOUCH 2;;;;;;
AERIEN;PALENL61SAONE;LIAISON 225kV N0 1 PALENTE - SAONE;EN EXPLOITATION;225kV;RTE;2;PALENL31ZNOVI;LIAISON 63kV N0 1 NOVILLARS - PALENTE - PRES-DE-VAUX;;;;;;
AERIEN;GRANZL61SSFLO;LIAISON 225kV N0 1 GRANZAY-ST-FLORENT;EN EXPLOITATION;225kV;RTE;2;GRANZL62SSFLO;LIAISON 225kV N0 2 GRANZAY - ST-FLORENT;;;;;;
AERIEN;BARNAL71VAUPA;LIAISON 400kV N0 1 BARNABOS - VAUPALIERE (LA);EN EXPLOITATION;400kV;RTE;2;BARNAL72VAUPA;LIAISON 400kV N0 2 BARNABOS - VAUPALIERE (LA);;;;;;
AERIEN;PELISL61ZLACA;LIAISON 225kV N0 1 PELISSIER - REQUISTA - ST-VICTOR;EN EXPLOITATION;225kV;RTE;1;;;;;;;;
AERIEN;MIONSL61MOIRA;LIAISON 225kV N0 1 MIONS-MOIRANS;EN EXPLOITATION;225kV;RTE;2;MIONSL31VERCH;LIAISON 63kV N0 1 MIONS-VERCHERES (LES);;;;;;
AERIEN;ABLAIL61LATEN;LIAISON 225kV N0 1 ABLAINCOURT-LATENA;EN EXPLOITATION;225kV;RTE;2;ABLAIL62PERTA;LIAISON 225kV N0 2 ABLAINCOURT-PERTAIN;;;;;;
AERIEN;P.GASL71PENC5;LIAISON 400kV N0 1 PENCHARD - PLESSIS-GASSOT;EN EXPLOITATION;400kV;RTE;1;;;;;;;;
AERIEN;VIGY L61ZGAN5;LIAISON 225kV N0 1 AMNEVILLE - ST-HUBERT - VIGY;EN EXPLOITATION;225kV;RTE;1;;;;;;;;
AERIEN;H.BORL61P.GAS;LIAISON 225kV N0 1 HTE BORNE - PLESSIS-GASSOT;EN EXPLOITATION;225kV;RTE;2;P.GASL61ZLIE5;LIAISON 225kV N0 1 CERGY - LIESSE - PLESSIS-GASSOT;;;;;;
AERIEN;CHAN6L62REVIG;LIAISON 225kV N0 2 CHANCENAY-REVIGNY;EN EXPLOITATION;225kV;RTE;2;CHAN6L31REVIG;LIAISON 63kV N0 1 CHANCENAY - REVIGNY;;;;;;
AERIEN;COUDOL61NEOUL;LIAISON 225kV N0 1 COUDON (LE)-NEOULES;EN EXPLOITATION;225kV;RTE;1;;;;;;;;
AERIEN;MENUEL74TAUTE;LIAISON 400kV N0 4 MENUEL - TAUTE;EN EXPLOITATION;400kV;RTE;1;;;;;;;;
AERIEN;.AUBAL61MOULA;LIAISON 225kV N0 1 AUBANGE - MOULAINE;EN EXPLOITATION;225kV;RTE;2;M.MA5L61MOULA;LIAISON 225kV N0 1 MT-SAINT-MARTIN - MOULAINE;;;;;;
AERIEN;RELE L61VANDI;LIAISON 225kV N0 1 RELE-VANDIERES;EN EXPLOITATION;225kV;RTE;2;RELE L62VANDI;LIAISON 225kV N0 2 RELE - VANDIERES;;;;;;
AERIEN;B.MESL61ZB.ME;LIAISON 225kV N0 1 ROYE - VALESCOURT - BUS-LA-MESIERE;EN EXPLOITATION;225kV;RTE;1;;;;;;;;
AERIEN;B.CARL62T.VIC;LIAISON 225kV N0 2 BROC-CARROS (LE)-TRINITE-VICTOR;EN EXPLOITATION;225kV;RTE;1;;;;;;;;
AERIEN;LOSCOL61MARTY;LIAISON 225kV N0 1 LOSCOAT-MARTYRE (LA);EN EXPLOITATION;225kV;RTE;2;LANN6L32LOSCO;LIAISON 63kV N0 2 LANNILIS-LOSCOAT;;;;;;
AERIEN;M.RADL61P.JER;LIAISON 225kV N0 1 MARAIS DE RADICATEL (LES) - PORT-JEROME;EN EXPLOITATION;225kV;RTE;1;;;;;;;;
AERIEN;GEN.PL61ZCRUS;LIAISON 225kV N0 1 CORNIER - CRUSEILLES - GENISSIAT-POSTE;EN EXPLOITATION;225kV;RTE;2;CORNIL62GEN.P;LIAISON 225kV N0 2 CORNIER - GENISSIAT-POSTE;;;;;;
AERIEN;MALINL61RULHA;LIAISON 225kV N0 1 MALINTRAT-RULHAT;EN EXPLOITATION;225kV;RTE;1;;;;;;;;
AERIEN;C.FONL61ZAMIG;LIAISON 225kV N0 1 CLAIRE-FONTAINE - COMMERVEIL - QUINTES (LES);EN EXPLOITATION;225kV;RTE;1;;;;;;;;
AERIEN;C.FONL61ZAMIG;LIAISON 225kV N0 1 CLAIRE-FONTAINE - COMMERVEIL - QUINTES (LES);EN EXPLOITATION;225kV;RTE;2;C.FONL61ZQUI5;LIAISON 225kV N0 1 ARNAGE - CLAIRE-FONTAINE - QUINTES (LES);;;;;;
AERIEN;MIONSL61MOUCH;LIAISON 225kV N0 1 MIONS-MOUCHE (LA);EN EXPLOITATION;225kV;RTE;2;MIONSL62MOUCH;LIAISON 225kV N0 2 MIONS-MOUCHE (LA);;;;;;
AERIEN;PLAISL62ZGAL5;LIAISON 225kV N0 2 GALERES - PLAISANCE - VILLEVAUDE;EN EXPLOITATION;225kV;RTE;2;ROMAIL64ZGALE;LIAISON 225kV N0 4 GALERES - ROMAINVILLE - VILLEVAUDE;;;;;;
AERIEN;GRANZL71ROM;LIAISON 400kV N0 1 GRANZAY - ROM;EN EXPLOITATION;400kV;RTE;2;GRANZL72VALDI;LIAISON 400kV N0 2 GRANZAY - VALDIVIENNE;;;;;;
AERIEN;GIEN L61ZGLAC;LIAISON 225kV N0 1 GIEN - TABARDERIE - VILLEMANDEUR;EN EXPLOITATION;225kV;RTE;1;;;;;;;;
AERIEN;ROUGEL61YAINV;LIAISON 225kV N0 1 ROUGEMONTIER-YAINVILLE;EN EXPLOITATION;225kV;RTE;2;ROUGEL61VAUPA;RES. LIAISON 225kV N0 1  ROUGEMONTIER - VAUPALIERE (LA);;;;;;
AERIEN;GUARBL61ZWOES;LIAISON 225kV N0 1 GUARBECQUE - HOLQUE - WOESTYNE;EN EXPLOITATION;225kV;RTE;1;;;;;;;;
AERIEN;PALUNL62SEPTE;LIAISON 225kV N0 2 PALUN (LA)-SEPTEMES;EN EXPLOITATION;225kV;RTE;2;PALUNL31SEPTE;LIAISON 63kV N0 1 PALUN (LA)-SEPTEMES;;;;;;
AERIEN;SALIGL61ZSAL6;LIAISON 225kV N0 1 SALIGNAC - SISTERON - ST-AUBAN;EN EXPLOITATION;225kV;RTE;1;;;;;;;;
AERIEN;BAIXAL71GAUDI;LIAISON 400kV N0 1 BAIXAS - LA GAUDIERE;EN EXPLOITATION;400kV;RTE;1;;;;;;;;
AERIEN;A.LI6L61G.SYN;LIAISON 225kV N0 1 AIR-LIQUIDE(A GRANDE SYNTHE)-GRANDE-SYNTHE;EN EXPLOITATION;225kV;RTE;1;;;;;;;;
AERIEN;SSROCL62VERTE;LIAISON 225kV N0 2 ST-ROCH - VERTEFEUILLE;EN EXPLOITATION;225kV;RTE;1;;;;;;;;
AERIEN;P.GASL72TERRI;LIAISON 400kV N0 2 PLESSIS-GASSOT - TERRIER;EN EXPLOITATION;400kV;RTE;2;CERGYL73TERRI;LIAISON 400kV N0 3 CERGY - TERRIER;;;;;;
AERIEN;LESCAL61MARSI;LIAISON 225kV N0 1 LESCAR - MARSILLON;EN EXPLOITATION;225kV;RTE;1;;;;;;;;
AERIEN;.ENSDL71VIGY;LIAISON 400kV N0 1 ENSDORF - VIGY;EN EXPLOITATION;400kV;RTE;2;.ENSDL72VIGY;LIAISON 400kV N0 2 ENSDORF - VIGY;;;;;;
AERIEN;P.GASL74TERRI;LIAISON 400kV N0 4 PLESSIS-GASSOT - TERRIER;EN EXPLOITATION;400kV;RTE;1;;;;;;;;
AERIEN;ARGOEL71MANDA;LIAISON 400kV N0 1 ARGOEUVES - MANDARINS;EN EXPLOITATION;400kV;RTE;2;FRUGEL71MANDA;LIAISON 400kV N0 1 FRUGES - MANDARINS;;;;;;
AERIEN;MUHLBL72SIERE;LIAISON 400kV N0 2 MUHLBACH - SIERENTZ;EN EXPLOITATION;400kV;RTE;1;;;;;;;;
AERIEN;B.EPIL61DOMLO;LIAISON 225kV N0 1 BELLE-EPINE-DOMLOUP;EN EXPLOITATION;225kV;RTE;2;B.EPIL62ZSSL7;LIAISON 225kV N0 2 BELLE-EPINE - DOMLOUP - ST-LAURENT;;;;;;
AERIEN;LARDIL61ZLARD;LIAISON 225kV N0 1 GOLINHAC - RUEYRES - COUESQUE - LARDIT;EN EXPLOITATION;225kV;RTE;1;;;;;;;;
AERIEN;BOUDEL61C.RHO;LIAISON 225kV N0 1 BOUDEYRE-CHATEAUNEUF-DU-RHONE;EN EXPLOITATION;225kV;RTE;1;;;;;;;;
AERIEN;.BASSL71MAMBE;LIAISON 400kV N0 1 BASSECOURT - MAMBELIN;EN EXPLOITATION;400kV;RTE;1;;;;;;;;
AERIEN;FAMARL61G.CAI;LIAISON 225kV N0 1 FAMARS-GROS-CAILLOU;EN EXPLOITATION;225kV;RTE;1;;;;;;;;
AERIEN;CSLL8L61SAUMA;LIAISON 225kV N0 1 CASTELLE (LA) - SAUMADE;EN EXPLOITATION;225kV;RTE;1;;;;;;;;
AERIEN;P.GASL72TERRI;LIAISON 400kV N0 2 PLESSIS-GASSOT - TERRIER;EN EXPLOITATION;400kV;RTE;2;ARGOEL71P.GAS;RES. LIAISON 400kV N0 1  ARGOEUVES - PLESSIS-GASSOT;;;;;;
AERIEN;GEN.PL61IZERN;LIAISON 225kV N0 1 GENISSIAT-POSTE-IZERNORE;EN EXPLOITATION;225kV;RTE;2;GEN.PL61IZERN;LIAISON 225kV N0 1 GENISSIAT-POSTE-IZERNORE;;;;;;
AERIEN;L.CHAL61S.DAM;LIAISON 225kV N0 1 LONG-CHAMP (LE) - SOISSONS-NOTRE-DAME;EN EXPLOITATION;225kV;RTE;1;;;;;;;;
AERIEN;DAMBRL61ZSEMO;LIAISON 225kV N0 1 CARRES(LES) - DAMBRON - TIVERNON - VILLEJUST;EN EXPLOITATION;225kV;RTE;1;;;;;;;;
AERIEN;PASSYL61PRESS;LIAISON 225kV N0 1 PASSY-PRESSY;EN EXPLOITATION;225kV;RTE;2;PRESSL32VOUGY;LIAISON 63kV N0 2 PRESSY - VOUGY;;;;;;
AERIEN;A.LI6L61G.SYN;LIAISON 225kV N0 1 AIR-LIQUIDE(A GRANDE SYNTHE)-GRANDE-SYNTHE;EN EXPLOITATION;225kV;RTE;2;G.SYNL61ROZEB;LIAISON 225kV N0 1 GRANDE-SYNTHE-ROZEBOOM;;;;;;
AERIEN;BOISSL71MIONS;LIAISON 400kV N0 1 BOISSE (LA) - MIONS;EN EXPLOITATION;400kV;RTE;1;;;;;;;;
AERIEN;FOUSCL61TAMAR;LIAISON 225kV N0 1 FOUSCAIS - TAMAREAU;EN EXPLOITATION;225kV;RTE;1;;;;;;;;
AERIEN;BZGUIL61ETUPE;LIAISON 225kV N0 1 BOURGUIGNON - ETUPES;EN EXPLOITATION;225kV;RTE;1;;;;;;;;
AERIEN;LIMEUL71PENL5;LIAISON 400kV N0 1 LIMEUX - PENLY (POSTE EVACUATION);EN EXPLOITATION;400kV;RTE;1;;;;;;;;
AERIEN;CLEONL61MANOI;LIAISON 225kV N0 1 CLEON-MANOIR;EN EXPLOITATION;225kV;RTE;1;;;;;;;;
AERIEN;CARR5L61ZCARR;LIAISON 225kV N0 1 CARRES(LES) - DAMBRON - TIVERNON - VILLEJUST;EN EXPLOITATION;225kV;RTE;1;;;;;;;;
AERIEN;RICHEL61SSHUB;LIAISON 225kV N0 1 RICHEMONT-ST-HUBERT;EN EXPLOITATION;225kV;RTE;1;;;;;;;;
AERIEN;CIVAUL75VALDI;LIAISON 400kV N0 5 (AUX1) CIVAUX - VALDIVIENNE;EN EXPLOITATION;400kV;RTE;1;;;;;;;;
AERIEN;SSELOL61VNOL;LIAISON 225kV N0 1 ST-ELOI-VIGNOL;EN EXPLOITATION;225kV;RTE;2;GARCHL31SSELO;LIAISON 63kV N0 1 GARCHIZY-ST-ELOI;;;;;;
AERIEN;G.BA5L62ZG.BA;LIAISON 225kV N0 2 BOUTRE - GREOUX LES BAINS - STE-TULLE;EN EXPLOITATION;225kV;RTE;1;;;;;;;;
AERIEN;SSGCOL61ZSS11;LIAISON 225kV N0 1 CUBNEZAIS - SAINT-GERAUD-DE-CORPS - TUILIERES;EN EXPLOITATION;225kV;RTE;1;;;;;;;;
AERIEN;CUBNEL61ZSS11;LIAISON 225kV N0 1 CUBNEZAIS - SAINT-GERAUD-DE-CORPS - TUILIERES;EN EXPLOITATION;225kV;RTE;2;CUBNEL61ZSS11;LIAISON 225kV N0 1 CUBNEZAIS - SAINT-GERAUD-DE-CORPS - TUILIERES;;;;;;
AERIEN;BIANCL61P.GR5;LIAISON 225kV N0 1 BIANCON-PLAN-DE-GRASSE;EN EXPLOITATION;225kV;RTE;2;MOUGIL61P.GR5;LIAISON 225kV N0 1 MOUGINS-PLAN-DE-GRASSE;;;;;;
AERIEN;SSHUBL61ZGAN5;LIAISON 225kV N0 1 AMNEVILLE - ST-HUBERT - VIGY;EN EXPLOITATION;225kV;RTE;1;;;;;;;;
AERIEN;DUVIGL61ZDUV5;LIAISON 225kV N0 1 BRODE - DUVIGNEAU - FLANDRE MARITIME;EN EXPLOITATION;225kV;RTE;1;;;;;;;;
AERIEN;CHARPL71GREPI;LIAISON 400kV N0 1 CHARPENAY - GREPILLES;EN EXPLOITATION;400kV;RTE;1;;;;;;;;
AERIEN;CISSAL61MQIS;LIAISON 225kV N0 1 CISSAC-MARQUIS (LE);EN EXPLOITATION;225kV;RTE;1;;;;;;;;
AERIEN;ARRIGL61COLON;LIAISON 225kV N0 1 ARRIGHI-COLONIE;EN EXPLOITATION;225kV;RTE;2;ARRIGL61V.GEO;LIAISON 225kV N0 1 ARRIGHI-VILLENEUVE-ST-GEORGES;;;;;;
AERIEN;AVELIL71GAVRE;LIAISON 400kV N0 1 AVELIN - GAVRELLE;EN EXPLOITATION;400kV;RTE;2;AVELIL72GAVRE;LIAISON 400kV N0 2 AVELIN - GAVRELLE;;;;;;
AERIEN;CZRIEL61VENDI;LIAISON 225kV N0 1 COURRIERES - VENDIN;EN EXPLOITATION;225kV;RTE;1;;;;;;;;
AERIEN;G.COLL61WARAN;LIAISON 225kV N0 1 GRAND COLOMBIER-WARANDE;EN EXPLOITATION;225kV;RTE;1;;;;;;;;
AERIEN;BLOCAL61LIMEU;LIAISON 225kV N0 1 BLOCAUX - LIMEUX;EN EXPLOITATION;225kV;RTE;2;BLOCAL61ZH.B5;LIAISON 225kV N0 1 ARGOEUVES - BLOCAUX - HORNOY-LE-BOURG;;;;;;
AERIEN;CARRIL61MORU;LIAISON 225kV N0 1 CARRIERES-MORU;EN EXPLOITATION;225kV;RTE;2;BRENOL31SSMAX;LIAISON 63kV N0 1 BRENOUILLE-STE-MAXENCE;;;;;;
AERIEN;PENLYL72PENL5;LIAISON 400kV N0 2 PENLY (POSTE CENTRALE) - PENLY (POSTE EVACUATION);EN EXPLOITATION;400kV;RTE;1;;;;;;;;
AERIEN;ARLODL61GEN.P;LIAISON 225kV N0 1 ARLOD-GENISSIAT-POSTE;EN EXPLOITATION;225kV;RTE;2;ARLODL61GEN.P;LIAISON 225kV N0 1 ARLOD-GENISSIAT-POSTE;;;;;;
AERIEN;HOSPIL61ZMERE;LIAISON 225kV N0 1 HOSPITALET (L ) - MERENS - TARASCON;EN EXPLOITATION;225kV;RTE;1;;;;;;;;
AERIEN;VIGY L61ZPELT;LIAISON 225kV N0 1 BEZAUMONT - PELTRE - VIGY;EN EXPLOITATION;225kV;RTE;1;;;;;;;;
AERIEN;CPNOLL61FRASN;LIAISON 225kV N0 1 CHAMPAGNOLE - FRASNE;EN EXPLOITATION;225kV;RTE;1;;;;;;;;
AERIEN;B.MONL72COULA;LIAISON 400kV N0 2 BEAUMONT-MONTEUX - COULANGE;EN EXPLOITATION;400kV;RTE;1;;;;;;;;
AERIEN;PRATCL61TREVA;LIAISON 225kV N0 1 PRATCLAUX - TREVAS;EN EXPLOITATION;225kV;RTE;1;;;;;;;;
AERIEN;M.MORL61SAUS5;LIAISON 225kV N0 1 MITRY-MORY (E.D.F.)-SAUSSET;EN EXPLOITATION;225kV;RTE;1;;;;;;;;
AERIEN;CARRIL61VALES;LIAISON 225kV N0 1 CARRIERES - VALESCOURT;EN EXPLOITATION;225kV;RTE;2;VALESL61ZB.ME;LIAISON 225kV N0 1 ROYE - VALESCOURT - BUS-LA-MESIERE;;;;;;
AERIEN;BARNAL71TERRI;LIAISON 400kV N0 1 BARNABOS - TERRIER;EN EXPLOITATION;400kV;RTE;2;BARNAL72TERRI;LIAISON 400kV N0 2 BARNABOS - TERRIER;;;;;;
AERIEN;BRAUDL71MQIS;LIAISON 400kV N0 1 BRAUD - MARQUIS (LE);EN EXPLOITATION;400kV;RTE;2;CUBNEL72MQIS;LIAISON 400kV N0 2 CUBNEZAIS - MARQUIS (LE);;;;;;
AERIEN;ARRIGL61SSMR;LIAISON 225kV N0 1 ARRIGHI - ST-MAUR;EN EXPLOITATION;225kV;RTE;1;;;;;;;;
AERIEN;BUSSUL61ETUPE;LIAISON 225kV N0 1 BUSSUREL - ETUPES;EN EXPLOITATION;225kV;RTE;2;MAMBEL61PUSY;LIAISON 225kV N0 1 MAMBELIN-PUSY;;;;;;
AERIEN;LONG6L61V.MOU;LIAISON 225kV N0 1 LONGEFAN-VIEUX-MOULIN;EN EXPLOITATION;225kV;RTE;1;;;;;;;;
AERIEN;CHABRL61L.NEU;LIAISON 225kV N0 1 CHABRILLAN-LOGIS-NEUF;EN EXPLOITATION;225kV;RTE;2;L.NEUL61ZMANG;LIAISON 225kV N0 1 ETOILE-SUR-RHONE - LOGIS-NEUF - VALENCE;;;;;;
AERIEN;DOMLOL72OUDON;LIAISON 400kV N0 2 DOMLOUP - OUDON;EN EXPLOITATION;400kV;RTE;1;;;;;;;;
AERIEN;VLEJUL61ZMTJA;LIAISON 225kV N0 1 ST-AUBIN - MONTJAY - VILLEJUST;EN EXPLOITATION;225kV;RTE;2;VLEJUL61ZMTJ5;LIAISON 225kV N0 1 ELANCOURT - VILLEJUST - MONTJAY;;;;;;
AERIEN;ZCOUEL61ZLARD;LIAISON 225kV N0 1 GOLINHAC - RUEYRES - COUESQUE - LARDIT;EN EXPLOITATION;225kV;RTE;1;;;;;;;;
AERIEN;H.DIEL61VAUPA;LIAISON 225kV N0 1 HOTEL DIEU - VAUPALIERE (LA);EN EXPLOITATION;225kV;RTE;2;H.DIEL62VAUPA;LIAISON 225kV N0 2 HOTEL DIEU-VAUPALIERE (LA);;;;;;
AERIEN;MARNIL61ZMAR8;LIAISON 225kV N0 1 AOSTE - BRENS - MARNISE (LA);EN EXPLOITATION;225kV;RTE;1;;;;;;;;
AERIEN;DOUVRL61ZPLAC;LIAISON 225kV N0 1 DOUVRIN - LESTARQUIT - PLACHY (LE);EN EXPLOITATION;225kV;RTE;1;;;;;;;;
AERIEN;AQUEDL61ZCOQU;LIAISON 225kV N0 1 AQUEDUCS (LES) - COQUIBUS - GRIGNY;EN EXPLOITATION;225kV;RTE;1;;;;;;;;
AERIEN;FRASNL71GEN.P;LIAISON 400kV N0 1 FRASNE - GENISSIAT-POSTE;EN EXPLOITATION;400kV;RTE;1;;;;;;;;
AERIEN;COULAL74CRUA5;LIAISON 400kV N0 4 COULANGE - CRUAS (-MEYSSE);EN EXPLOITATION;400kV;RTE;1;;;;;;;;
AERIEN;COULAL73CRUA5;LIAISON 400kV N0 3 COULANGE - CRUAS (-MEYSSE);EN EXPLOITATION;400kV;RTE;2;COULAL74CRUA5;LIAISON 400kV N0 4 COULANGE - CRUAS (-MEYSSE);;;;;;
AERIEN;CERNAL61VESLE;LIAISON 225kV N0 1 CERNAY-VESLE;EN EXPLOITATION;225kV;RTE;1;;;;;;;;
AERIEN;MOIMOL61MORU;LIAISON 225kV N0 1 MOIMONT-MORU;EN EXPLOITATION;225kV;RTE;2;MOIMOL61P.GAS;LIAISON 225kV N0 1 MOIMONT - PLESSIS-GASSOT;;;;;;
AERIEN;BUTTAL61ZBUTT;LIAISON 225kV N0 1 BUTTAVENT - FLERS - LAVAL;EN EXPLOITATION;225kV;RTE;1;;;;;;;;
AERIEN;DONZEL61FEROU;LIAISON 225kV N0 1 DONZENAC-FEROUGE;EN EXPLOITATION;225kV;RTE;2;DONZEL61FEROU;LIAISON 225kV N0 1 DONZENAC-FEROUGE;;;;;;
AERIEN;FEUILL61ROCAD;LIAISON 225kV N0 1 FEUILLANE-ROCADE;EN EXPLOITATION;225kV;RTE;1;;;;;;;;
AERIEN;G.SYNL61Q.ECL;LIAISON 225kV N0 1 GRANDE-SYNTHE - QUATRE-ECLUSES;EN EXPLOITATION;225kV;RTE;2;G.SYNL61ZQ.EC;LIAISON 225kV N0 1 DUNES (LES) - GRANDE-SYNTHE - QUATRE-ECLUSES;;;;;;
AERIEN;MEZE5L61PORCH;LIAISON 225kV N0 1 MEZEROLLES- PORCHEVILLE;EN EXPLOITATION;225kV;RTE;1;;;;;;;;
AERIEN;COUBEL61MOISE;LIAISON 225kV N0 1 COUBERT-MOISENAY;EN EXPLOITATION;225kV;RTE;2;CZTRYL61MOISE;LIAISON 225kV N0 1 COURTRY - MOISENAY;;;;;;
AERIEN;DOMLOL71P.HA5;LIAISON 400kV N0 1 DOMLOUP - PLAINE HAUTE;EN EXPLOITATION;400kV;RTE;1;;;;;;;;
AERIEN;BISSYL61G.ILE;LIAISON 225kV N0 1 BISSY-GRANDE-ILE;EN EXPLOITATION;225kV;RTE;2;B.RONL31BISSY;LIAISON 63kV N0 1 BISSY-BUISSON ROND;;;;;;
AERIEN;P.ROSL61SSAVO;LIAISON 225kV N0 1 PETITE-ROSSELLE-ST-AVOLD;EN EXPLOITATION;225kV;RTE;1;;;;;;;;
AERIEN;VAIREL61VLEVA;LIAISON 225kV N0 1 VAIRES (-SUR-MARNE) - VILLEVAUDE;EN EXPLOITATION;225kV;RTE;2;VAIREL61VLEVA;LIAISON 225kV N0 1 VAIRES (-SUR-MARNE) - VILLEVAUDE;;;;;;
AERIEN;DARCEL61VIELM;LIAISON 225kV N0 1 DARCEY - VIELMOULIN;EN EXPLOITATION;225kV;RTE;1;;;;;;;;
AERIEN;.RONDL72ALBER;LIAISON 400kV N0 2 ALBERTVILLE - RONDISSONE;EN EXPLOITATION;400kV;RTE;1;;;;;;;;
AERIEN;COQUAL61ROUGE;LIAISON 225kV N0 1 COQUAINVILLIERS-ROUGEMONTIER;EN EXPLOITATION;225kV;RTE;1;;;;;;;;
AERIEN;CBAUDL61ZCBAU;LIAISON 225kV N0 1 BEAUMONT-MONTEUX - CHABRILLAN - CHAMBAUD;EN EXPLOITATION;225kV;RTE;1;;;;;;;;
AERIEN;P.ANDL61SAUS2;LIAISON 225kV N0 1 PRAZ-ST-ANDRE-SAUSSAZ II (LA);EN EXPLOITATION;225kV;RTE;2;P.ANDL61SAUS2;LIAISON 225kV N0 1 PRAZ-ST-ANDRE-SAUSSAZ II (LA);;;;;;
AERIEN;.BASSL71SIERE;LIAISON 400kV N0 1 BASSECOURT - SIERENTZ;EN EXPLOITATION;400kV;RTE;1;;;;;;;;
AERIEN;MTAG5L61ZVILA;LIAISON 225kV N0 1 CHATEAURENARD - MONTAGNETTE (LA) - ROQUEROUSSE;EN EXPLOITATION;225kV;RTE;1;;;;;;;;
AERIEN;PARC L61QUINT;LIAISON 225kV N0 1 PARC (LE)-QUINTES (LES);EN EXPLOITATION;225kV;RTE;2;PARC L62QUINT;LIAISON 225kV N0 2 PARC (LE)-QUINTES (LES);;;;;;
AERIEN;CXNAYL61ZJUST;LIAISON 225kV N0 1 CHAUNAY - DAMBRON - JUSTICE;EN EXPLOITATION;225kV;RTE;1;;;;;;;;
AERIEN;LAFIGL61ZLAFI;LIAISON 225kV N0 1 BARJAC - PIED-DE-BORNE - LAFIGERE;EN EXPLOITATION;225kV;RTE;1;;;;;;;;
AERIEN;SSAVOL61SUIS5;LIAISON 225kV N0 1 ST-AVOLD-SUISSE;EN EXPLOITATION;225kV;RTE;1;;;;;;;;
AERIEN;COULAL72TRI.P;LIAISON 400kV N0 2 COULANGE - TRICASTIN-POSTE (LE);EN EXPLOITATION;400kV;RTE;1;;;;;;;;
AERIEN;RECY L61ZCUPE;LIAISON 225kV N0 1 CUPERLY - RECY - VESLE;EN EXPLOITATION;225kV;RTE;1;;;;;;;;
AERIEN;LANEUL61SUIS5;LIAISON 225kV N0 1 LANEUVEVILLE-SUISSE;EN EXPLOITATION;225kV;RTE;1;;;;;;;;
AERIEN;.VICHL71BAIXA;LIAISON 400kV N0 1 VICH - BAIXAS;EN EXPLOITATION;400kV;RTE;1;;;;;;;;
AERIEN;MARTYL61SQUIV;LIAISON 225kV N0 1 MARTYRE (LA)-SQUIVIDAN;EN EXPLOITATION;225kV;RTE;2;MARTYL62ZTREF;LIAISON 225kV N0 2 DIRINON - MARTYRE (LA) - SQUIVIDAN;;;;;;
AERIEN;DAMBRL72GATI5;LIAISON 400kV N0 2 DAMBRON - GATINAIS;EN EXPLOITATION;400kV;RTE;1;;;;;;;;
AERIEN;ECHINL61MANDA;LIAISON 225kV N0 1 ECHINGHEN-MANDARINS;EN EXPLOITATION;225kV;RTE;2;MANDAL41MQISE;LIAISON 90kV N0 1 MANDARINS-MARQUISE;;;;;;
AERIEN;CHAL7L61FESSE;LIAISON 225kV N0 1 CHALAMPE-FESSENHEIM(CENTRALE HYDRAULIQUE);EN EXPLOITATION;225kV;RTE;1;;;;;;;;
AERIEN;P.ANDL61SAUS2;LIAISON 225kV N0 1 PRAZ-ST-ANDRE-SAUSSAZ II (LA);EN EXPLOITATION;225kV;RTE;2;BISSOL21SAUS2;LIAISON 45kV N0 1 BISSORTE-SAUSSAZ II (LA);;;;;;
AERIEN;MOUISL61TERRA;LIAISON 225kV N0 1 MOUISSONNES-TERRADOU;EN EXPLOITATION;225kV;RTE;1;;;;;;;;
AERIEN;CAZARL61JALIS;LIAISON 225kV N0 1 CAZARIL-JALIS;EN EXPLOITATION;225kV;RTE;1;;;;;;;;
AERIEN;MONDIL61ORANG;LIAISON 225kV N0 1 MONDION - ORANGERIE (L);EN EXPLOITATION;225kV;RTE;1;;;;;;;;
AERIEN;AUBUSL62MOLE;LIAISON 225kV N0 2 AUBUSSON - MOLE (LA);EN EXPLOITATION;225kV;RTE;1;;;;;;;;
AERIEN;CUBNEL61MTGUY;LIAISON 225kV N0 1 CUBNEZAIS-MONTGUYON;EN EXPLOITATION;225kV;RTE;2;CUBNEL61ZSS11;LIAISON 225kV N0 1 CUBNEZAIS - SAINT-GERAUD-DE-CORPS - TUILIERES;;;;;;
AERIEN;MAREGL61MOLE;LIAISON 225kV N0 1 MAREGES - MOLE (LA);EN EXPLOITATION;225kV;RTE;1;;;;;;;;
AERIEN;FOSSEL61ORSON;LIAISON 225kV N0 1 FOSSES (LES) - ORSONVILLE;EN EXPLOITATION;225kV;RTE;1;;;;;;;;
AERIEN;LANDRL61MTOIS;LIAISON 225kV N0 1 LANDRES-MONTOIS;EN EXPLOITATION;225kV;RTE;2;LANDRL61VIGY;LIAISON 225kV N0 1 LANDRES-VIGY;;;;;;
AERIEN;CROIXL61H.VIN;LIAISON 225kV N0 1 CROIX (LA) - HAUT-VINAGE;EN EXPLOITATION;225kV;RTE;2;CROIXL62H.VIN;LIAISON 225kV N0 2 CROIX (LA) - HAUT-VINAGE;;;;;;
AERIEN;.ENSDL61SSAVO;LIAISON 225kV N0 1 ENSDORF-ST-AVOLD;EN EXPLOITATION;225kV;RTE;1;;;;;;;;
AERIEN;CHEV5L61VERTO;LIAISON 225kV N0 1 CHEVIRE-VERTOU;EN EXPLOITATION;225kV;RTE;1;;;;;;;;
AERIEN;ECHINL61SORRU;LIAISON 225kV N0 1 ECHINGHEN-SORRUS;EN EXPLOITATION;225kV;RTE;1;;;;;;;;
AERIEN;B.CO6L61SORRU;LIAISON 225kV N0 1 BRAILLY-CORNEHOTTE - SORRUS;EN EXPLOITATION;225kV;RTE;1;;;;;;;;
AERIEN;OUDONL72TAUTE;LIAISON 400kV N0 2 OUDON - TAUTE;EN EXPLOITATION;400kV;RTE;1;;;;;;;;
AERIEN;ARGIEL61ETUPE;LIAISON 225kV N0 1 ARGIESANS-ETUPES;EN EXPLOITATION;225kV;RTE;1;;;;;;;;
AERIEN;BACALL61BRUGE;LIAISON 225kV N0 1 BACALAN-BRUGES;EN EXPLOITATION;225kV;RTE;1;;;;;;;;
AERIEN;AVRONL62ZAVR5;LIAISON 225kV N0 2 PLAISANCE - VILLEVAUDE - AVRON;EN EXPLOITATION;225kV;RTE;1;;;;;;;;
AERIEN;MARMAL61PAUDY;LIAISON 225kV N0 1 MARMAGNE - PAUDY;EN EXPLOITATION;225kV;RTE;2;MARMAL61PAUDY;LIAISON 225kV N0 1 MARMAGNE - PAUDY;;;;;;
AERIEN;CARRIL61MORU;LIAISON 225kV N0 1 CARRIERES-MORU;EN EXPLOITATION;225kV;RTE;1;;;;;;;;
AERIEN;PRELEL62SEREI;LIAISON 225kV N0 2 PRELES (LES)-SEREIN;EN EXPLOITATION;225kV;RTE;1;;;;;;;;
AERIEN;MOUCHL61OULLI;LIAISON 225kV N0 1 MOUCHE (LA)-OULLINS;EN EXPLOITATION;225kV;RTE;2;MOUCHL31OULLI;LIAISON 63kV N0 1 MOUCHE (LA)-OULLINS;;;;;;
AERIEN;BOCTOL71M.SEI;LIAISON 400kV N0 1 BOCTOIS - MERY-SUR-SEINE;EN EXPLOITATION;400kV;RTE;1;;;;;;;;
AERIEN;P.RHIL61STRAS;LIAISON 225kV N0 1 PORT-DU-RHIN-STRASBOURG;EN EXPLOITATION;225kV;RTE;1;;;;;;;;
AERIEN;ORMESL61VEZIL;LIAISON 225kV N0 1 ORMES-VEZILLY;EN EXPLOITATION;225kV;RTE;1;;;;;;;;
AERIEN;ALLINL61CORNI;LIAISON 225kV N0 1 ALLINGES-CORNIER;EN EXPLOITATION;225kV;RTE;1;;;;;;;;
AERIEN;G.PORL62WARAN;LIAISON 225kV N0 2 GRAND-PORT - WARANDE;EN EXPLOITATION;225kV;RTE;1;;;;;;;;
AERIEN;GRAV5L75WARAN;LIAISON 400kV N0 5 GRAVELINES (CENTRALE) - WARANDE;EN EXPLOITATION;400kV;RTE;2;GRAV5L76WARAN;LIAISON 400kV N0 6 GRAVELINES (CENTRALE) - WARANDE;;;;;;
AERIEN;H.TOUL61ZH.TO;LIAISON 225kV N0 1 HAYANGE TOURNEBRIDE - LANDRES - ST-HUBERT;EN EXPLOITATION;225kV;RTE;1;;;;;;;;
AERIEN;GRIM5L61TRANS;LIAISON 225kV N0 1 GRIMAUD - TRANS;EN EXPLOITATION;225kV;RTE;1;;;;;;;;
AERIEN;ECHALL61RIVIE;LIAISON 225kV N0 1 ECHALAS - RIVIERE (LA);EN EXPLOITATION;225kV;RTE;1;;;;;;;;
AERIEN;FEUILL61LAVER;LIAISON 225kV N0 1 FEUILLANE - LAVERA;EN EXPLOITATION;225kV;RTE;2;FEUILL61SSCHA;LIAISON 225kV N0 1 FEUILLANE-ST-CHAMAS;;;;;;
AERIEN;SABL5L61ZSABL;LIAISON 225kV N0 1 CHAMPAGNIER - CORDEAC - SABLES (LES);EN EXPLOITATION;225kV;RTE;1;;;;;;;;
AERIEN;SSVICL61ZMIOL;LIAISON 225kV N0 1 GOURJADE - MIOLLES - ST-VICTOR;EN EXPLOITATION;225kV;RTE;1;;;;;;;;
AERIEN;LANDRL61ZH.TO;LIAISON 225kV N0 1 HAYANGE TOURNEBRIDE - LANDRES - ST-HUBERT;EN EXPLOITATION;225kV;RTE;1;;;;;;;;
AERIEN;FESSEL61VOGEL;LIAISON 225kV N0 1 FESSENHEIM (CENTRALE HYDRAULIQUE)-VOGELGRUN;EN EXPLOITATION;225kV;RTE;1;;;;;;;;
AERIEN;DARBLL61G.COU;LIAISON 225kV N0 1 DARBLAY-GRAND-COURONNE;EN EXPLOITATION;225kV;RTE;1;;;;;;;;
AERIEN;AUBUSL61SSFEY;LIAISON 225kV N0 1 AUBUSSON - STE-FEYRE;EN EXPLOITATION;225kV;RTE;1;;;;;;;;
AERIEN;GENITL61VLEVA;LIAISON 225kV N0 1 GENITOY-VILLEVAUDE;EN EXPLOITATION;225kV;RTE;1;;;;;;;;
AERIEN;AYRESL61GODIN;LIAISON 225kV N0 1 AYRES - GODIN;EN EXPLOITATION;225kV;RTE;1;;;;;;;;
AERIEN;VAIREL61VLEVA;LIAISON 225kV N0 1 VAIRES (-SUR-MARNE) - VILLEVAUDE;EN EXPLOITATION;225kV;RTE;1;;;;;;;;
AERIEN;NEOULL71REALT;LIAISON 400kV N0 1 NEOULES - REALTOR;EN EXPLOITATION;400kV;RTE;1;;;;;;;;
AERIEN;SETIEL61ZCES6;LIAISON 225kV N0 1 BEAUTOR (POSTE) - SETIER - CESSIER (LE);EN EXPLOITATION;225kV;RTE;1;;;;;;;;
AERIEN;ESTR6L61FAMAR;LIAISON 225kV N0 1 ESTREUX-FAMARS;EN EXPLOITATION;225kV;RTE;1;;;;;;;;
AERIEN;PRESSL61VALLO;LIAISON 225kV N0 1 PRESSY - VALLORCINE;EN EXPLOITATION;225kV;RTE;1;;;;;;;;
AERIEN;GATI5L72GAUGL;LIAISON 400kV N0 2 GATINAIS - GAUGLIN;EN EXPLOITATION;400kV;RTE;1;;;;;;;;
AERIEN;CHEVIL61RUNGI;LIAISON 225kV N0 1 CHEVILLY-RUNGIS;EN EXPLOITATION;225kV;RTE;1;;;;;;;;
AERIEN;CHESNL71TABAR;LIAISON 400kV N0 1 CHESNOY (LE) - TABARDERIE;EN EXPLOITATION;400kV;RTE;2;MARMAL72TABAR;LIAISON 400kV N0 2 MARMAGNE - TABARDERIE;;;;;;
AERIEN;CHABOL61COR.P;LIAISON 225kV N0 1 CHABOSSIERE (LA)-CORDEMAIS-POSTE;EN EXPLOITATION;225kV;RTE;1;;;;;;;;
AERIEN;BONN6L62VALDI;LIAISON 225kV N0 2 BONNEAU-VALDIVIENNE;EN EXPLOITATION;225kV;RTE;1;;;;;;;;
AERIEN;ROCBAL61ZROCB;LIAISON 225kV N0 1 NEOULES - ROCBARON - VINS;EN EXPLOITATION;225kV;RTE;1;;;;;;;;
AERIEN;DISTRL71JUMEA;LIAISON 400kV N0 1 DISTRE - JUMEAUX (LES);EN EXPLOITATION;400kV;RTE;2;DISTRL72JUMEA;LIAISON 400kV N0 2 DISTRE - JUMEAUX (LES);;;;;;
AERIEN;E.BOTL61FAVAR;LIAISON 225kV N0 1 ENCO-DE-BOTTE - FAVARY;EN EXPLOITATION;225kV;RTE;1;;;;;;;;
AERIEN;CORBIL61ZCOR6;LIAISON 225kV N0 1 BEAUCOUZE - CORBIERE (LA) - LAVAL;EN EXPLOITATION;225kV;RTE;1;;;;;;;;
AERIEN;AOSTEL61BISSY;LIAISON 225kV N0 1 AOSTE-BISSY;EN EXPLOITATION;225kV;RTE;1;;;;;;;;
AERIEN;BEZAUL62VANDI;LIAISON 225kV N0 2 BEZAUMONT-VANDIERES;EN EXPLOITATION;225kV;RTE;1;;;;;;;;
AERIEN;GINESL61LESQU;LIAISON 225kV N0 1 GINESTOUS-LESQUIVE;EN EXPLOITATION;225kV;RTE;1;;;;;;;;
AERIEN;GINESL62LESQU;LIAISON 225kV N0 2 GINESTOUS-LESQUIVE;EN EXPLOITATION;225kV;RTE;1;;;;;;;;
AERIEN;PESSAL61SAUCA;LIAISON 225kV N0 1 PESSAC-SAUCATS;EN EXPLOITATION;225kV;RTE;1;;;;;;;;
AERIEN;C.RHOL61TRI.P;LIAISON 225kV N0 1 CHATEAUNEUF-DU-RHONE - TRICASTIN-POSTE (LE);EN EXPLOITATION;225kV;RTE;1;;;;;;;;
AERIEN;CANTEL61MARSI;LIAISON 225kV N0 1CANTEGRIT- MARSILLON;EN EXPLOITATION;225kV;RTE;1;;;;;;;;
AERIEN;BARNAL71VAUPA;LIAISON 400kV N0 1 BARNABOS - VAUPALIERE (LA);EN EXPLOITATION;400kV;RTE;1;;;;;;;;
AERIEN;P.JERL61RATIE;LIAISON 225kV N0 1 PORT-JEROME-RATIER;EN EXPLOITATION;225kV;RTE;1;;;;;;;;
AERIEN;AQUEDL61CHENE;LIAISON 225kV N0 1 AQUEDUCS (LES)-CHENET;EN EXPLOITATION;225kV;RTE;1;;;;;;;;
AERIEN;P.ANDL71S.BIS;LIAISON 400kV N0 1 PRAZ-ST-ANDRE - SUPER-BISSORTE;EN EXPLOITATION;400kV;RTE;1;;;;;;;;
AERIEN;DAMBRL62ZCAR6;LIAISON 225kV N0 2 CARRES(LES) - DAMBRON - VILLEJUST;EN EXPLOITATION;225kV;RTE;1;;;;;;;;
AERIEN;BXLIEL61SIRMI;LIAISON 225kV N0 1 BEAULIEU-SIRMIERE;EN EXPLOITATION;225kV;RTE;1;;;;;;;;
AERIEN;CZTRYL61SENAR;LIAISON 225kV N0 1 COURTRY-SENART;EN EXPLOITATION;225kV;RTE;1;;;;;;;;
AERIEN;CHAN5L71DISTR;LIAISON 400kV N0 1 CHANCEAUX - DISTRE;EN EXPLOITATION;400kV;RTE;2;DISTRL71PICOC;LIAISON 400kV N0 1 DISTRE - PICOCHERIE (LA);;;;;;
AERIEN;BXTO5L61ZRUPR;LIAISON 225kV N0 1 BEAUTOR(POSTE) - RUPREUX - SOISSONS-NOTRE-DAME;EN EXPLOITATION;225kV;RTE;2;L.CHAL31SOISS;LIAISON 63kV N0 1 LONG-CHAMP (LE) - SOISSONS-SAINT-PAUL;;;;;;
AERIEN;ABLAIL62PERTA;LIAISON 225kV N0 2 ABLAINCOURT-PERTAIN;EN EXPLOITATION;225kV;RTE;1;;;;;;;;
AERIEN;DURANL61REALT;LIAISON 225kV N0 1 DURANNE (LA)-REALTOR;EN EXPLOITATION;225kV;RTE;1;;;;;;;;
AERIEN;G.COUL61VAUPA;LIAISON 225kV N0 1 GRAND-COURONNE-VAUPALIERE (LA);EN EXPLOITATION;225kV;RTE;4;G.COUL62VAUPA;LIAISON 225kV N0 2 GRAND-COURONNE - VAUPALIERE (LA);G.COUL63VAUPA;LIAISON 225kV N0 3 GRAND-COURONNE - VAUPALIERE (LA);G.COUL41GANTE;LIAISON 90kV N0 1 GANTERIE-GRAND-COURONNE;;
AERIEN;GATI5L71GAUGL;LIAISON 400kV N0 1 GATINAIS - GAUGLIN;EN EXPLOITATION;400kV;RTE;1;;;;;;;;
AERIEN;AVOI5L71LARCA;LIAISON 400kV N0 1 AVOINE(POSTE 400 kV) - LARCAY;EN EXPLOITATION;400kV;RTE;1;;;;;;;;
AERIEN;G.SYNL61Q.ECL;LIAISON 225kV N0 1 GRANDE-SYNTHE - QUATRE-ECLUSES;EN EXPLOITATION;225kV;RTE;2;Q.ECLL61ZQ.EC;LIAISON 225kV N0 1 DUNES (LES) - GRANDE-SYNTHE - QUATRE-ECLUSES;;;;;;
AERIEN;Q.ECLL61ZQ.EC;LIAISON 225kV N0 1 DUNES (LES) - GRANDE-SYNTHE - QUATRE-ECLUSES;EN EXPLOITATION;225kV;RTE;1;;;;;;;;
AERIEN;E.BOTL61REALT;LIAISON 225kV N0 1 ENCO-DE-BOTTE-REALTOR;EN EXPLOITATION;225kV;RTE;1;;;;;;;;
AERIEN;BISSYL61G.ILE;LIAISON 225kV N0 1 BISSY-GRANDE-ILE;EN EXPLOITATION;225kV;RTE;1;;;;;;;;
AERIEN;JALISL61LESQU;LIAISON 225kV N0 1 JALIS-LESQUIVE;EN EXPLOITATION;225kV;RTE;1;;;;;;;;
AERIEN;MALINL62RULHA;LIAISON 225kV N0 2 MALINTRAT-RULHAT;EN EXPLOITATION;225kV;RTE;1;;;;;;;;
AERIEN;SAUS5L71VLEVA;LIAISON 400kV N0 1 SAUSSET - VILLEVAUDE;EN EXPLOITATION;400kV;RTE;1;;;;;;;;
AERIEN;CUBNEL61GREZI;LIAISON 225kV N0 1 CUBNEZAIS-GREZILLAC;EN EXPLOITATION;225kV;RTE;1;;;;;;;;
AERIEN;DAMBRL71VERGE;LIAISON 400kV N0 1 DAMBRON - VERGER;EN EXPLOITATION;400kV;RTE;1;;;;;;;;
AERIEN;FEUILL61PONTE;LIAISON 225kV N0 1 FEUILLANE - PONTEAU;EN EXPLOITATION;225kV;RTE;1;;;;;;;;
AERIEN;CPNIEL61EYBEN;LIAISON 225kV N0 1 CHAMPAGNIER-EYBENS;EN EXPLOITATION;225kV;RTE;2;CPNIEL62EYBEN;LIAISON 225kV N0 2 CHAMPAGNIER - EYBENS;;;;;;
AERIEN;CUBNEL61MQIS;LIAISON 225kV N0 1 CUBNEZAIS-MARQUIS (LE);EN EXPLOITATION;225kV;RTE;1;;;;;;;;
AERIEN;CHABRL61ZCBAU;LIAISON 225kV N0 1 BEAUMONT-MONTEUX - CHABRILLAN - CHAMBAUD;EN EXPLOITATION;225kV;RTE;1;;;;;;;;
AERIEN;.VERBL71B.TOL;LIAISON 400kV N0 1 BOIS-TOLLOT - VERBOIS;EN EXPLOITATION;400kV;RTE;2;.VAUXL61.VERB;LIAISON 225kV N0 1 VAUX (SUISSE)-VERBOIS;;;;;;
AERIEN;.VAUXL61.VERB;LIAISON 225kV N0 1 VAUX (SUISSE)-VERBOIS;EN EXPLOITATION;225kV;RTE;1;;;;;;;;
AERIEN;CHESNL72TABAR;LIAISON 400kV N0 2 CHESNOY (LE) - TABARDERIE;EN EXPLOITATION;400kV;RTE;2;CHESNL73TABAR;LIAISON 400kV N0 3 CHESNOY (LE) - TABARDERIE;;;;;;
AERIEN;CHESNL72CIROL;LIAISON 400kV N0 2 CHESNOY (LE) - CIROLLIERS;EN EXPLOITATION;400kV;RTE;1;;;;;;;;
AERIEN;CHOO5L61MAZUR;LIAISON 225kV N0 1 CHOOZ-MAZURES;EN EXPLOITATION;225kV;RTE;1;;;;;;;;
AERIEN;VERGEL72VLERB;LIAISON 400kV N0 2 VERGER - VILLERBON;EN EXPLOITATION;400kV;RTE;1;;;;;;;;
AERIEN;VINS L61ZGUE5;LIAISON 225kV N0 1 GUERACHE (LA) - PIQUAGE A GUERACHE (LA) - TRANS - VINS;EN EXPLOITATION;225kV;RTE;2;VINS L61ZROCB;LIAISON 225kV N0 1 NEOULES - ROCBARON - VINS;;;;;;
AERIEN;ELANCL61MEZE5;LIAISON 225kV N0 1 ELANCOURT-MEZEROLLES;EN EXPLOITATION;225kV;RTE;2;MEZE5L61VERIN;LIAISON 225kV N0 1 MEZEROLLES- VERINNERIE (LA);;;;;;
AERIEN;MARTYL61SQUIV;LIAISON 225kV N0 1 MARTYRE (LA)-SQUIVIDAN;EN EXPLOITATION;225kV;RTE;1;;;;;;;;
AERIEN;RUEYRL61SARRA;LIAISON 225kV N0 1 RUEYRES - SARRANS;EN EXPLOITATION;225kV;RTE;1;;;;;;;;
AERIEN;G.CAIL61ZTRIT;LIAISON 225kV N0 1 GROS-CAILLOU - TRITH-ST-LEGER(PORT-ARTHUR LME) - TRITH-ST-LEGER(L.M.E.);EN EXPLOITATION;225kV;RTE;1;;;;;;;;
AERIEN;VINCEL61ZMAD6;LIAISON 225kV N0 1 LA MADELEINE - LANEUVEVILLE - VINCEY;EN EXPLOITATION;225kV;RTE;1;;;;;;;;
AERIEN;PRINQL61PTCHA;LIAISON 225kV N0 1 PONTCHATEAU-PRINQUIAU;EN EXPLOITATION;225kV;RTE;1;;;;;;;;
AERIEN;AVELIL72MASTA;LIAISON 400kV N0 2 AVELIN - MASTAING;EN EXPLOITATION;400kV;RTE;1;;;;;;;;
AERIEN;TAUTEL72TERR6;LIAISON 400kV N0 2 TAUTE - TERRETTE;EN EXPLOITATION;400kV;RTE;1;;;;;;;;
AERIEN;CHAL7L61SIERE;LIAISON 225kV N0 1 CHALAMPE-SIERENTZ;EN EXPLOITATION;225kV;RTE;1;;;;;;;;
AERIEN;BEZAUL71VIGY;LIAISON 400kV N0 1 BEZAUMONT - VIGY;EN EXPLOITATION;400kV;RTE;1;;;;;;;;
AERIEN;ISSELL71VERFE;LIAISON 400kV N0 1 ISSEL - VERFEIL;EN EXPLOITATION;400kV;RTE;1;;;;;;;;
AERIEN;ROUGEL61YAINV;LIAISON 225kV N0 1 ROUGEMONTIER-YAINVILLE;EN EXPLOITATION;225kV;RTE;2;GANTEL41YAINV;LIAISON 90kV N0 1 GANTERIE-YAINVILLE;;;;;;
AERIEN;B.MONL61B.VAL;LIAISON 225kV N0 1 BEAUMONT-MONTEUX - BOURG-LES-VALENCE;EN EXPLOITATION;225kV;RTE;1;;;;;;;;
AERIEN;AUBE L61MEZE5;LIAISON 225kV N0 1 AUBE-MEZEROLLES;EN EXPLOITATION;225kV;RTE;1;;;;;;;;
AERIEN;BRAUDL73CUBNE;LIAISON 400kV N0 3 BRAUD - CUBNEZAIS;EN EXPLOITATION;400kV;RTE;1;;;;;;;;
AERIEN;BALMAL61VERFE;LIAISON 225kV N0 1 BALMA (POSTE)-VERFEIL;EN EXPLOITATION;225kV;RTE;1;;;;;;;;
AERIEN;HERS5L71VLEVA;LIAISON 400kV N0 1 HERSE(LA) - VILLEVAUDE;EN EXPLOITATION;400kV;RTE;1;;;;;;;;
AERIEN;ALBERL61LONG6;LIAISON 225kV N0 1 ALBERTVILLE-LONGEFAN;EN EXPLOITATION;225kV;RTE;1;;;;;;;;
AERIEN;CAZARL72VERFE;LIAISON 400kV N0 2 CAZARIL - VERFEIL;EN EXPLOITATION;400kV;RTE;1;;;;;;;;
AERIEN;CHESNL72M.SEI;LIAISON 400kV N0 2 CHESNOY (LE) - MERY-SUR-SEINE;EN EXPLOITATION;400kV;RTE;1;;;;;;;;
AERIEN;B.CARL71BIANC;LIAISON 400kV N0 1 BROC-CARROS (LE) - BIANCON;EN EXPLOITATION;400kV;RTE;1;;;;;;;;
AERIEN;HOUDRL71LOGEL;LIAISON 400kV N0 1 HOUDREVILLE - LOGELBACH;EN EXPLOITATION;400kV;RTE;2;MUHLBL71VINCE;LIAISON 400kV N0 1 MUHLBACH - VINCEY;;;;;;
AERIEN;AIRVAL61JUMEA;LIAISON 225kV N0 1 AIRVAULT-JUMEAUX (LES);EN EXPLOITATION;225kV;RTE;1;;;;;;;;
AERIEN;CIROLL61LOGES;LIAISON 225kV N0 1 CIROLLIERS-LOGES (LES);EN EXPLOITATION;225kV;RTE;2;CIROLL62LOGES;LIAISON 225kV N0 2 CIROLLIERS-LOGES (LES);;;;;;
AERIEN;CABANL62DARSE;LIAISON 225kV N0 2 CABAN-DARSE;EN EXPLOITATION;225kV;RTE;1;;;;;;;;
AERIEN;ROGNAL61RQROU;LIAISON 225kV N0 1 ROGNAC-ROQUEROUSSE;EN EXPLOITATION;225kV;RTE;1;;;;;;;;
AERIEN;CRENEL61MAROL;LIAISON 225kV N0 1 CRENEY - MAROLLES;EN EXPLOITATION;225kV;RTE;1;;;;;;;;
AERIEN;LUMESL61MAZUR;LIAISON 225kV N0 1 LUMES-MAZURES;EN EXPLOITATION;225kV;RTE;1;;;;;;;;
AERIEN;BOISSL61MEUNI;LIAISON 225kV N0 1 BOISSE (LA) - MEUNIERES (LES);EN EXPLOITATION;225kV;RTE;1;;;;;;;;
AERIEN;WARANL61ZDUV5;LIAISON 225kV N0 1 BRODE - DUVIGNEAU - WARANDE;EN EXPLOITATION;225kV;RTE;2;GRAV5L62WARAN;LIAISON 225kV N0 2 GRAVELINES (CENTRALE) - WARANDE;;;;;;
AERIEN;CHEV5L61ZDOUL;LIAISON 225kV N0 1 CHEVIRE - DOULON - ST-JOSEPH;EN EXPLOITATION;225kV;RTE;3;L.OR L31ZBLOT;LIAISON 63kV N0 1 CARQUEFOU - LION D OR - BLOTTEREAU;BLOTTL31L.OR;RES. LIAISON 63kV N0 1 BLOTTEREAU-LION D OR;;;;
AERIEN;BRUGEL61ZPARR;LIAISON 225kV N0 1 BRUGES - GARIES - PESSAC;EN EXPLOITATION;225kV;RTE;2;BRUGEL31MERIG;LIAISON 63kV N0 1 BRUGES-MERIGNAC;;;;;;
AERIEN;CERGYL61ZHERB;LIAISON 225kV N0 1 CERGY - CORMEILLES - HERBLAY;EN EXPLOITATION;225kV;RTE;1;;;;;;;;
AERIEN;CERGYL62ZHER7;LIAISON 225kV N0 2 CERGY - CORMEILLES - HERBLAY;EN EXPLOITATION;225kV;RTE;1;;;;;;;;
AERIEN;DONZAL71LESQU;LIAISON 400kV N0 1 DONZAC - LESQUIVE;EN EXPLOITATION;400kV;RTE;1;;;;;;;;
AERIEN;ELANCL61SSAU5;LIAISON 225kV N0 1 ELANCOURT - ST-AUBIN;EN EXPLOITATION;225kV;RTE;1;;;;;;;;
AERIEN;LAVEYL61P.BOR;LIAISON 225kV N0 1 LAVEYRUNE - PIED-DE-BORNE;EN EXPLOITATION;225kV;RTE;1;;;;;;;;
AERIEN;CHEVAL71LATEN;LIAISON 400kV N0 1 CHEVALET - LATENA;EN EXPLOITATION;400kV;RTE;1;;;;;;;;
AERIEN;VLEVAL62ZLAN8;LIAISON 225kV N0 2 LANGLOIS - MORBRAS - VILLEVAUDE;EN EXPLOITATION;225kV;RTE;1;;;;;;;;
AERIEN;GAMPAL61PAPIN;LIAISON 225kV N0 1 GAMPALOUP - PAPIN;EN EXPLOITATION;225kV;RTE;1;;;;;;;;
AERIEN;MERLAL61SOULL;LIAISON 225kV N0 1 MERLATIERE - SOULLANS;EN EXPLOITATION;225kV;RTE;1;;;;;;;;
AERIEN;GUEBWL61LOGEL;LIAISON 225kV N0 1 GUEBWILLER - LOGELBACH;EN EXPLOITATION;225kV;RTE;2;GUEBWL61VOGEL;LIAISON 225kV N0 1 GUEBWILLER - VOGELGRUN;;;;;;
AERIEN;CHAFFL71CPNIE;LIAISON 400kV N0 1 CHAFFARD (LE) - CHAMPAGNIER;EN EXPLOITATION;400kV;RTE;1;;;;;;;;
AERIEN;GUPIEL61ZFONC;LIAISON 225kV N0 1 GREZILLAC - GUPIE - SAUVETERRE-DE-GUYENNE;EN EXPLOITATION;225kV;RTE;1;;;;;;;;
AERIEN;FONT L61ZBILL;LIAISON 225kV N0 1 BAYET - BILLY - FONT (LA);EN EXPLOITATION;225kV;RTE;1;;;;;;;;
AERIEN;BRAUDL71MQIS;LIAISON 400kV N0 1 BRAUD - MARQUIS (LE);EN EXPLOITATION;400kV;RTE;1;;;;;;;;
AERIEN;ISSOIL61PRATC;LIAISON 225kV N0 1 ISSOIRE - PRATCLAUX;EN EXPLOITATION;225kV;RTE;1;;;;;;;;
AERIEN;CERGYL61PUISE;LIAISON 225kV N0 1 CERGY-PUISEUX;EN EXPLOITATION;225kV;RTE;1;;;;;;;;
AERIEN;AMARGL61ZARGO;LIAISON 225kV N0 1 AMARGUE - AMIENS - ARGOEUVES;EN EXPLOITATION;225kV;RTE;1;;;;;;;;
